season,season_type,week,game_id,game_key,game_date,home_team_id,home_team_abbr,visitor_team_id,visitor_team_abbr,side,rank,league_average_receiver_separation,esb_id,team_id,player_name,short_name,position,headshot,jersey_number,rec_yards,targets,receptions,touchdowns,reception_info_receptions,reception_info_targets,reception_info_touchdowns,reception_info_avg_separation,reception_info_avg_cushion,reception_info_avg_air_yards
2024,PRE,0,2024080151,59780,08/01/2024,0810,CHI,2120,HOU,home,1,2.9866993023508566,JOH137817,0810,Collin Johnson,C.Johnson,WR,https://static.www.nfl.com/image/private/{formatInstructions}/league/qrdshoxhulfgktsyghxg,80,56,6,3,2,3,6,2,2.5081368210831676,4.051666666666667,18.16
2024,PRE,0,2024080151,59780,08/01/2024,0810,CHI,2120,HOU,home,2,2.9866993023508566,SWE393041,0810,Tommy Sweeney,T.Sweeney,TE,https://static.www.nfl.com/image/private/{formatInstructions}/league/tw1tgrqwyiadl4kweuf6,47,47,3,3,1,3,3,1,5.397772480234874,5.7,11.283333333333337
2024,PRE,0,2024080151,59780,08/01/2024,0810,CHI,2120,HOU,home,3,2.9866993023508566,PET735981,0810,Dante Pettis,D.Pettis,WR,https://static.www.nfl.com/image/private/{formatInstructions}/league/j35nhxhisutf6pz38fzs,81,11,2,1,0,1,2,0,2.9592993053965038,3.67,14.799999999999997
2024,PRE,0,2024080151,59780,08/01/2024,0810,CHI,2120,HOU,home,4,2.9866993023508566,BAT104691,0810,Brenden Bates,B.Bates,TE,,87,47,2,2,0,2,2,0,3.3094663210768793,12.67,10.55
2024,PRE,0,2024080151,59780,08/01/2024,0810,CHI,2120,HOU,home,5,2.9866993023508566,SWA086661,0810,Freddie Swain,F.Swain,WR,https://static.www.nfl.com/image/private/{formatInstructions}/league/paillx42r0zfukevnrw6,86,5,2,2,0,2,2,0,3.2096259227240442,6.965,3.4799999999999986
2024,PRE,0,2024080151,59780,08/01/2024,0810,CHI,2120,HOU,visitor,1,2.9866993023508566,HUT304546,2120,Xavier Hutchinson,X.Hutchinson,WR,https://static.www.nfl.com/image/private/{formatInstructions}/league/tdpopgfwgepp8l8rivfz,19,56,6,5,0,5,6,0,4.0039887997065104,7.8,9.058333333333335
2024,PRE,0,2024080151,59780,08/01/2024,0810,CHI,2120,HOU,visitor,2,2.9866993023508566,SKO738004,2120,Ben Skowronek,B.Skowronek,WR,https://static.www.nfl.com/image/private/{formatInstructions}/league/og1iee9dsqaphhcnhajt,26,28,4,3,0,3,4,0,4.729957260220808,5.3149999999999995,7.477499999999998
2024,PRE,0,2024080151,59780,08/01/2024,0810,CHI,2120,HOU,visitor,3,2.9866993023508566,SIM809106,2120,Steven Sims,S.Sims,WR,https://static.www.nfl.com/image/upload/{formatInstructions}/league/lomie0vpvgt7kxel3rdr,82,20,3,1,0,1,3,0,2.3914211240866106,7.846666666666667,9.236666666666665
2024,PRE,0,2024080151,59780,08/01/2024,0810,CHI,2120,HOU,visitor,4,2.9866993023508566,STO763332,2120,Cade Stover,C.Stover,TE,,87,26,3,2,0,2,3,0,4.358628729770312,9.175,5.003333333333335
2024,PRE,0,2024080151,59780,08/01/2024,0810,CHI,2120,HOU,visitor,5,2.9866993023508566,QUI815277,2120,Teagan Quitoriano,T.Quitoriano,TE,https://static.www.nfl.com/image/private/{formatInstructions}/league/o4gnaivz9jlczc3ulvpg,84,21,2,2,1,2,2,1,3.955532208193201,6.91,4.469999999999995
2024,PRE,1,2024080851,59792,08/08/2024,3200,NE,0750,CAR,home,1,2.9866993023508566,BOU482823,3200,Kayshon Boutte,K.Boutte,WR,https://static.www.nfl.com/image/private/{formatInstructions}/league/nz6t7jhx6erszovbv1bd,80,53,6,3,0,3,6,0,2.3618612481061136,6.94,11.173333333333332
2024,PRE,1,2024080851,59792,08/08/2024,3200,NE,0750,CAR,home,2,2.9866993023508566,BAK232522,3200,Javon Baker,J.Baker,WR,,6,11,4,2,0,2,4,0,2.1233992898827636,8.2125,15.104999999999999
2024,PRE,1,2024080851,59792,08/08/2024,3200,NE,0750,CAR,home,3,2.9866993023508566,WIL034935,3200,Mitchell Wilcox,M.Wilcox,TE,https://static.www.nfl.com/image/private/{formatInstructions}/league/cxh2vsypwniukuheewu0,87,5,4,1,0,1,4,0,3.6031779363738226,3.3825,3.1549999999999994
2024,PRE,1,2024080851,59792,08/08/2024,3200,NE,0750,CAR,home,4,2.9866993023508566,POL136646,3200,Ja'Lynn Polk,J.Polk,WR,,1,14,3,3,0,3,3,0,2.2379162049353654,6.32,4.763333333333333
2024,PRE,1,2024080851,59792,08/08/2024,3200,NE,0750,CAR,home,5,2.9866993023508566,REA338982,3200,Jalen Reagor,J.Reagor,WR,https://static.www.nfl.com/image/private/{formatInstructions}/league/tei81ifva2dy9os89aat,83,3,2,1,0,1,2,0,1.9166934565016864,9.41,9.425000000000004
2024,PRE,1,2024080851,59792,08/08/2024,3200,NE,0750,CAR,visitor,1,2.9866993023508566,SMI829563,0750,Ihmir Smith-Marsette,I.Smith-Marsette,WR,https://static.www.nfl.com/image/private/{formatInstructions}/league/zwkymyn01hepugxnitac,11,24,6,4,0,4,6,0,4.168395260326826,6.808333333333334,3.2133333333333343
2024,PRE,1,2024080851,59792,08/08/2024,3200,NE,0750,CAR,visitor,2,2.9866993023508566,MAT569663,0750,Jordan Matthews,J.Matthews,TE,https://static.www.nfl.com/image/private/{formatInstructions}/league/lzmaxofoalitaiiuchm7,81,48,3,3,0,3,3,0,6.126259922814313,4.59,4.756666666666668
2024,PRE,1,2024080851,59792,08/08/2024,3200,NE,0750,CAR,visitor,3,2.9866993023508566,COK451291,0750,Jalen Coker,J.Coker,WR,,18,3,2,1,0,1,2,0,3.899134813680405,7.785,9.01
2024,PRE,1,2024080851,59792,08/08/2024,3200,NE,0750,CAR,visitor,4,2.9866993023508566,STR010557,0750,Mike Strachan,M.Strachan,WR,https://static.www.nfl.com/image/private/{formatInstructions}/league/f0eepzx0zweaaoch5xfj,86,0,2,0,0,0,2,0,2.010736588930465,10.614999999999998,5.0
2024,PRE,1,2024080851,59792,08/08/2024,3200,NE,0750,CAR,visitor,5,2.9866993023508566,HOL292467,0750,Jacob Hollister,J.Hollister,TE,https://static.www.nfl.com/image/private/{formatInstructions}/league/qdny7ap8ly1ozectd8zu,87,13,2,2,0,2,2,0,5.650894074403683,6.04,2.7449999999999974
2024,PRE,1,2024080852,59793,08/08/2024,3410,NYG,1540,DET,home,1,2.9866993023508566,JAC611082,3410,Tyree Jackson,T.Jackson,TE,https://static.www.nfl.com/image/private/{formatInstructions}/league/kv3usy5bsdwz0nvo7x0v,84,34,4,2,0,2,4,0,1.6871169502419914,6.265000000000001,9.287500000000003
2024,PRE,1,2024080852,59793,08/08/2024,3410,NYG,1540,DET,home,2,2.9866993023508566,FOR389868,3410,Bryce Ford-Wheaton,B.Ford-Wheaton,WR,https://static.www.nfl.com/image/private/{formatInstructions}/league/h2oherj71t9iiyld4jwc,6,6,2,1,0,1,2,0,1.6151950299562483,2.675,15.325
2024,PRE,1,2024080852,59793,08/08/2024,3410,NYG,1540,DET,home,3,2.9866993023508566,BEL680916,3410,Daniel Bellinger,D.Bellinger,TE,https://static.www.nfl.com/image/private/{formatInstructions}/league/wpwgb0plwhhqzlfl2j24,82,7,2,1,0,1,2,0,3.994181951536386,,1.7699999999999996
2024,PRE,1,2024080852,59793,08/08/2024,3410,NYG,1540,DET,home,4,2.9866993023508566,ROB365982,3410,Allen Robinson,A.Robinson,WR,https://static.www.nfl.com/image/private/{formatInstructions}/league/tucplhxtb3c626iekuzv,5,9,2,1,0,1,2,0,2.5910169966360845,2.125,12.469999999999999
2024,PRE,1,2024080852,59793,08/08/2024,3410,NYG,1540,DET,home,5,2.9866993023508566,HOD537222,3410,Isaiah Hodgins,I.Hodgins,WR,https://static.www.nfl.com/image/private/{formatInstructions}/league/ae9jnxdsftbmvgwgtnug,18,0,2,0,0,0,2,0,3.1553185246584317,2.0149999999999997,15.805
2024,PRE,1,2024080852,59793,08/08/2024,3410,NYG,1540,DET,visitor,1,2.9866993023508566,WIL319263,1540,Isaiah Williams,I.Williams,WR,,83,35,4,4,0,4,4,0,3.3337769858367934,7.036666666666666,3.9850000000000003
2024,PRE,1,2024080852,59793,08/08/2024,3410,NYG,1540,DET,visitor,2,2.9866993023508566,DAV499575,1540,Kaden Davis,K.Davis,WR,https://static.www.nfl.com/image/private/{formatInstructions}/league/qid40jgfmmber4mckman,88,5,4,1,0,1,4,0,2.4253532473118256,6.2125,12.967500000000003
2024,PRE,1,2024080852,59793,08/08/2024,3410,NYG,1540,DET,visitor,3,2.9866993023508566,ALE514921,1540,Maurice Alexander,M.Alexander,WR,https://static.www.nfl.com/image/private/{formatInstructions}/league/dsjgksgzq59hz8ltej25,1,6,3,1,0,1,3,0,0.8386685058413633,6.3933333333333335,10.446666666666665
2024,PRE,1,2024080852,59793,08/08/2024,3410,NYG,1540,DET,visitor,4,2.9866993023508566,FOU164323,1540,Daurice Fountain,D.Fountain,WR,https://static.www.nfl.com/image/private/{formatInstructions}/league/skzpmww7wb3pubcj0snl,12,0,3,0,0,0,3,0,0.7144971517736272,3.9600000000000004,11.343333333333334
2024,PRE,1,2024080852,59793,08/08/2024,3410,NYG,1540,DET,visitor,5,2.9866993023508566,GRE062049,1540,Antoine Green,A.Green,WR,https://static.www.nfl.com/image/private/{formatInstructions}/league/jqm5vlruy4my2loq3tl1,18,13,3,3,0,3,3,0,5.210311949335298,8.236666666666666,-0.21666666666666856
2024,PRE,1,2024080951,59782,08/09/2024,2700,MIA,0200,ATL,home,1,2.9866993023508566,MCG533065,2700,Kyric McGowan,K.McGowan,WR,https://static.www.nfl.com/image/private/{formatInstructions}/league/hv2z1fjhpmoxswyoncja,87,7,6,2,0,2,6,0,1.905035186331813,7.5680000000000005,8.51
2024,PRE,1,2024080951,59782,08/09/2024,2700,MIA,0200,ATL,home,2,2.9866993023508566,CON474977,2700,Tanner Conner,T.Conner,TE,https://static.www.nfl.com/image/private/{formatInstructions}/league/ozsvfs1hhqhlxlvg0cbk,80,70,4,3,0,3,4,0,2.9322233660588,9.1775,7.9125
2024,PRE,1,2024080951,59782,08/09/2024,2700,MIA,0200,ATL,home,3,2.9866993023508566,WAS519225,2700,Malik Washington,M.Washington,WR,,83,5,4,1,0,1,4,0,1.9652009057807398,8.77,16.285
2024,PRE,1,2024080951,59782,08/09/2024,2700,MIA,0200,ATL,home,4,2.9866993023508566,SAN203847,2700,Braylon Sanders,B.Sanders,WR,https://static.www.nfl.com/image/private/{formatInstructions}/league/nkmwdieb7qwtipigcktc,86,0,4,0,0,0,4,0,2.162415176871136,5.095,14.585
2024,PRE,1,2024080951,59782,08/09/2024,2700,MIA,0200,ATL,home,5,2.9866993023508566,BUR768752,2700,Je'Quan Burton,J.Burton,WR,,42,0,3,0,0,0,3,0,1.4269942734806904,7.423333333333333,11.40333333333333
2024,PRE,1,2024080951,59782,08/09/2024,2700,MIA,0200,ATL,visitor,1,2.9866993023508566,WAS075963,0200,Casey Washington,Cas.Washington,WR,https://static.www.nfl.com/image/upload/{formatInstructions}/league/g48maxudrttf6cbmvmfb,82,27,9,3,0,3,9,0,3.1345064888597793,5.083333333333333,13.356666666666666
2024,PRE,1,2024080951,59782,08/09/2024,2700,MIA,0200,ATL,visitor,2,2.9866993023508566,HIL654417,0200,OJ Hiliare,O.Hiliare,WR,,11,16,6,1,0,1,6,0,1.4733167766101636,4.836666666666667,14.706666666666669
2024,PRE,1,2024080951,59782,08/09/2024,2700,MIA,0200,ATL,visitor,3,2.9866993023508566,STO194925,0200,Austin Stogner,A.Stogner,TE,https://static.www.nfl.com/image/upload/{formatInstructions}/league/jgv2impu77olncdgd8gt,88,0,4,0,0,0,4,0,3.7017990410252493,7.41,2.5874999999999986
2024,PRE,1,2024080951,59782,08/09/2024,2700,MIA,0200,ATL,visitor,4,2.9866993023508566,BLA490972,0200,Chris Blair,C.Blair,WR,,19,45,3,2,0,2,3,0,2.053293940562746,2.5066666666666664,15.703333333333333
2024,PRE,1,2024080951,59782,08/09/2024,2700,MIA,0200,ATL,visitor,5,2.9866993023508566,DRU358601,0200,Dylan Drummond,D.Drummond,WR,https://static.www.nfl.com/image/private/{formatInstructions}/league/ccgnmd8kjaujdjqqdr7r,15,3,2,2,0,2,2,0,4.349069290321841,4.85,0.38000000000000256
2024,PRE,1,2024080952,59795,08/09/2024,3900,PIT,2120,HOU,home,1,2.9866993023508566,MIL546315,3900,Scott Miller,S.Miller,WR,https://static.www.nfl.com/image/private/{formatInstructions}/league/op0lagoypltubc9t61qu,13,47,4,3,0,3,4,0,2.5166288122255738,6.717499999999999,16.4325
2024,PRE,1,2024080952,59795,08/09/2024,3900,PIT,2120,HOU,home,2,2.9866993023508566,AUS738004,3900,Calvin Austin III,C.Austin,WR,https://static.www.nfl.com/image/private/{formatInstructions}/league/qlt6ztqcbu0uzad6aavt,19,49,3,2,0,2,3,0,9.297034661246945,7.083333333333333,16.659999999999997
2024,PRE,1,2024080952,59795,08/09/2024,3900,PIT,2120,HOU,home,3,2.9866993023508566,JEN268724,3900,Jaray Jenkins,J.Jenkins,WR,https://static.www.nfl.com/image/private/{formatInstructions}/league/c4g5olcnwiukctpyhpyu,21,22,2,2,0,2,2,0,2.555618925153387,8.615,5.1200000000000045
2024,PRE,1,2024080952,59795,08/09/2024,3900,PIT,2120,HOU,home,4,2.9866993023508566,HEY274236,3900,Connor Heyward,Co.Heyward,TE,https://static.www.nfl.com/image/private/{formatInstructions}/league/zulggzj8lfpvz1vozqto,83,4,2,2,1,2,2,1,2.6363212854757947,,0.259999999999998
2024,PRE,1,2024080952,59795,08/09/2024,3900,PIT,2120,HOU,home,5,2.9866993023508566,JEF436716,3900,Van Jefferson,V.Jefferson,WR,https://static.www.nfl.com/image/upload/{formatInstructions}/league/p7ymrzyadwaonjx8rsn0,11,20,2,1,0,1,2,0,1.2628833800321204,9.135,14.86
2024,PRE,1,2024080952,59795,08/09/2024,3900,PIT,2120,HOU,visitor,1,2.9866993023508566,STO763332,2120,Cade Stover,C.Stover,TE,https://static.www.nfl.com/image/upload/{formatInstructions}/league/iq5hlhbvwd4kzvfsmvbl,87,32,4,3,0,3,4,0,3.5063348807313908,6.3999999999999995,4.5075
2024,PRE,1,2024080952,59795,08/09/2024,3900,PIT,2120,HOU,visitor,2,2.9866993023508566,WOO561144,2120,Robert Woods,R.Woods,WR,https://static.www.nfl.com/image/upload/{formatInstructions}/league/lzhfb2g6vmjv3qi5bfwf,2,42,4,4,0,4,4,0,3.1567223068532577,7.5,5.26
2024,PRE,1,2024080952,59795,08/09/2024,3900,PIT,2120,HOU,visitor,3,2.9866993023508566,HUT304546,2120,Xavier Hutchinson,X.Hutchinson,WR,https://static.www.nfl.com/image/upload/{formatInstructions}/league/owvk9omepvoj2yendwvu,19,4,3,1,0,1,3,0,2.86795268406038,6.116666666666667,4.469999999999996
2024,PRE,1,2024080952,59795,08/09/2024,3900,PIT,2120,HOU,visitor,4,2.9866993023508566,JOH790030,2120,Johnny Johnson III,J.Johnson,WR,https://static.www.nfl.com/image/upload/{formatInstructions}/league/naghhsifnpr0okerf0cm,88,22,3,2,0,2,3,0,2.4296365631820733,7.676666666666666,4.403333333333339
2024,PRE,1,2024080952,59795,08/09/2024,3900,PIT,2120,HOU,visitor,5,2.9866993023508566,CEP422041,2120,Quintez Cephus,Q.Cephus,WR,https://static.www.nfl.com/image/private/{formatInstructions}/league/uzgkdl4kf200rcr5pdl2,81,18,3,3,0,3,3,0,3.5828565446413987,6.343333333333334,-1.2999999999999996
2024,PRE,1,2024080953,59783,08/09/2024,0325,BAL,3700,PHI,home,1,2.9866993023508566,WAD341130,0325,Dayton Wade,D.Wade,WR,,18,27,5,4,0,4,5,0,5.275173914487971,5.8075,1.656000000000001
2024,PRE,1,2024080953,59783,08/09/2024,0325,BAL,3700,PHI,home,2,2.9866993023508566,KIR706709,0325,Keith Kirkwood,K.Kirkwood,WR,https://static.www.nfl.com/image/private/{formatInstructions}/league/iedau8bt7wngc8mxfd9h,87,19,2,1,0,1,2,0,1.5590060936378678,6.6850000000000005,12.139999999999999
2024,PRE,1,2024080953,59783,08/09/2024,0325,BAL,3700,PHI,home,3,2.9866993023508566,WAL505238,0325,Tylan Wallace,T.Wallace,WR,https://static.www.nfl.com/image/private/{formatInstructions}/league/fjbkshypgeilqrcrljke,16,26,2,2,0,2,2,0,2.1282704033178867,4.984999999999999,11.584999999999999
2024,PRE,1,2024080953,59783,08/09/2024,0325,BAL,3700,PHI,home,4,2.9866993023508566,WAS393357,0325,Isaiah Washington,I.Washington,WR,,86,6,2,1,0,1,2,0,1.0436459096535495,6.06,13.604999999999997
2024,PRE,1,2024080953,59783,08/09/2024,0325,BAL,3700,PHI,home,5,2.9866993023508566,WAL125280,0325,Devontez Walker,D.Walker,WR,,81,0,2,0,0,0,2,0,2.441136333186601,5.4799999999999995,11.855
2024,PRE,1,2024080953,59783,08/09/2024,0325,BAL,3700,PHI,visitor,1,2.9866993023508566,HAR419165,3700,Jacob Harris,J.Harris,WR,https://static.www.nfl.com/image/private/{formatInstructions}/league/hgel1hrjct1tthmb4vtd,46,16,6,2,0,2,6,0,1.9970465006652995,5.180000000000001,9.886666666666665
2024,PRE,1,2024080953,59783,08/09/2024,0325,BAL,3700,PHI,visitor,2,2.9866993023508566,ROS616450,3700,John Ross,J.Ross,WR,https://static.www.nfl.com/image/private/{formatInstructions}/league/u6ysgs3kj738n662uehl,83,28,5,3,0,3,5,0,0.9591285738757159,4.082,14.933999999999997
2024,PRE,1,2024080953,59783,08/09/2024,0325,BAL,3700,PHI,visitor,3,2.9866993023508566,COV404041,3700,Britain Covey,B.Covey,WR,https://static.www.nfl.com/image/private/{formatInstructions}/league/ea4ouli5scyh7oqvsds3,18,25,4,4,0,4,4,0,3.4495906608965994,6.88,1.4149999999999991
2024,PRE,1,2024080953,59783,08/09/2024,0325,BAL,3700,PHI,visitor,4,2.9866993023508566,WIL733437,3700,Johnny Wilson,J.Wilson,WR,,89,7,3,1,0,1,3,0,2.533747308387736,4.486666666666666,6.3833333333333355
2024,PRE,1,2024080953,59783,08/09/2024,0325,BAL,3700,PHI,visitor,5,2.9866993023508566,OKW485869,3700,Albert Okwuegbunam,A.Okwuegbunam,TE,https://static.www.nfl.com/image/private/{formatInstructions}/league/xrv48ppj4qqfknjk6igk,85,6,3,1,0,1,3,0,1.5960879135832686,4.915,7.55
2024,PRE,1,2024081051,59794,08/10/2024,3430,NYJ,5110,WAS,home,1,2.9866993023508566,COR399318,3430,Malachi Corley,M.Corley,WR,,17,27,5,4,0,4,5,0,2.1348437563214397,3.9819999999999993,4.109999999999999
2024,PRE,1,2024081051,59794,08/10/2024,3430,NYJ,5110,WAS,home,2,2.9866993023508566,MCC821675,3430,Lance McCutcheon,L.McCutcheon,WR,https://static.www.nfl.com/image/private/{formatInstructions}/league/x4dlonpi6nfs2xzahgrr,85,0,3,0,0,0,3,0,1.0599776032344224,5.553333333333334,17.089999999999996
2024,PRE,1,2024081051,59794,08/10/2024,3430,NYJ,5110,WAS,home,3,2.9866993023508566,BRO826391,3430,Jason Brownlee,J.Brownlee,WR,https://static.www.nfl.com/image/private/{formatInstructions}/league/gjayvfan8adtasfe8xxq,16,12,2,1,1,1,2,1,0.6519688091369409,2.215,20.855
2024,PRE,1,2024081051,59794,08/10/2024,3430,NYJ,5110,WAS,home,4,2.9866993023508566,SMI082514,3430,Brandon Smith,B.Smith,WR,https://static.www.nfl.com/image/private/{formatInstructions}/league/gtxmio8zkn17hcwvuhcc,87,70,2,2,0,2,2,0,0.8197038448770078,2.045,32.32
2024,PRE,1,2024081051,59794,08/10/2024,3430,NYJ,5110,WAS,home,5,2.9866993023508566,KUN184573,3430,Zack Kuntz,Z.Kuntz,TE,https://static.www.nfl.com/image/private/{formatInstructions}/league/ihuzkdkpbrlyv9oihmbg,81,0,0,0,0,1,1,0,3.296922807710246,,5.530000000000001
2024,PRE,1,2024081051,59794,08/10/2024,3430,NYJ,5110,WAS,visitor,1,2.9866993023508566,ROS356691,5110,Marcus Rosemy-Jacksaint,M.Rosemy-Jacksaint,WR,,83,9,3,1,0,1,3,0,1.4536913397526225,5.566666666666667,14.23666666666667
2024,PRE,1,2024081051,59794,08/10/2024,3430,NYJ,5110,WAS,visitor,2,2.9866993023508566,SIN713776,5110,Ben Sinnott,B.Sinnott,TE,,82,57,3,3,0,3,3,0,3.8351028501671123,7.5,5.50333333333333
2024,PRE,1,2024081051,59794,08/10/2024,3430,NYJ,5110,WAS,visitor,3,2.9866993023508566,TRE689049,5110,Brycen Tremayne,B.Tremayne,WR,,89,16,3,1,0,1,3,0,1.185869055114641,2.5766666666666667,17.323333333333334
2024,PRE,1,2024081051,59794,08/10/2024,3430,NYJ,5110,WAS,visitor,4,2.9866993023508566,MCC038410,5110,Luke McCaffrey,L.McCaffrey,WR,,12,25,3,2,0,2,3,0,2.038004168090746,8.853333333333333,13.006666666666668
2024,PRE,1,2024081051,59794,08/10/2024,3430,NYJ,5110,WAS,visitor,5,2.9866993023508566,BRO408220,5110,Dyami Brown,D.Brown,WR,https://static.www.nfl.com/image/private/{formatInstructions}/league/bqy38ftosae4u9lnixjx,2,55,3,2,0,2,3,0,0.9084251375619096,4.086666666666667,18.753333333333337
2024,PRE,1,2024081052,59784,08/10/2024,0610,BUF,0810,CHI,home,1,2.9866993023508566,COL295571,0610,Keon Coleman,K.Coleman,WR,,0,8,3,1,0,1,3,0,1.8944988844408936,4.026666666666666,10.523333333333333
2024,PRE,1,2024081052,59784,08/10/2024,0610,BUF,0810,CHI,home,2,2.9866993023508566,SHA107427,0610,Khalil Shakir,K.Shakir,WR,https://static.www.nfl.com/image/private/{formatInstructions}/league/l1flqgo30hfowrdckdeu,10,28,3,3,0,3,3,0,3.6198671639110813,6.4750000000000005,4.596666666666667
2024,PRE,1,2024081052,59784,08/10/2024,0610,BUF,0810,CHI,home,3,2.9866993023508566,SAM633285,0610,Curtis Samuel,C.Samuel,WR,https://static.www.nfl.com/image/private/{formatInstructions}/league/r71vsqs2fg7bvbt1jvzd,1,23,2,2,0,2,2,0,4.07409622596154,4.859999999999999,2.29
2024,PRE,1,2024081052,59784,08/10/2024,0610,BUF,0810,CHI,home,4,2.9866993023508566,MOR489431,0610,Quintin Morris,Q.Morris,TE,https://static.www.nfl.com/image/private/{formatInstructions}/league/twhrvuemckggrhjkxdxj,85,0,2,0,0,0,2,0,2.827189754924869,6.3,17.695
2024,PRE,1,2024081052,59784,08/10/2024,0610,BUF,0810,CHI,home,5,2.9866993023508566,SHA521110,0610,Tyrell Shavers,T.Shavers,WR,https://static.www.nfl.com/image/private/{formatInstructions}/league/fo197eydepfvaibu7xsm,80,10,2,1,0,1,2,0,3.6568227286304245,6.27,12.055
2024,PRE,1,2024081052,59784,08/10/2024,0610,BUF,0810,CHI,visitor,1,2.9866993023508566,CAR177297,0810,Stephen Carlson,S.Carlson,TE,https://static.www.nfl.com/image/private/{formatInstructions}/league/e2rc5cshox75gjo3fqvu,88,18,4,3,0,3,4,0,4.106089625714934,12.45,5.265000000000001
2024,PRE,1,2024081052,59784,08/10/2024,0610,BUF,0810,CHI,visitor,2,2.9866993023508566,MOO272423,0810,DJ Moore,D.Moore,WR,https://static.www.nfl.com/image/private/{formatInstructions}/league/fuhd1intilojmnbx7wjq,2,27,3,2,0,2,3,0,2.8218607742650974,7.739999999999999,7.670000000000001
2024,PRE,1,2024081052,59784,08/10/2024,0610,BUF,0810,CHI,visitor,3,2.9866993023508566,PET735981,0810,Dante Pettis,D.Pettis,WR,https://static.www.nfl.com/image/private/{formatInstructions}/league/j35nhxhisutf6pz38fzs,81,34,3,1,0,1,3,0,2.3118218602496623,5.323333333333333,14.430000000000001
2024,PRE,1,2024081052,59784,08/10/2024,0610,BUF,0810,CHI,visitor,4,2.9866993023508566,KME200895,0810,Cole Kmet,C.Kmet,TE,https://static.www.nfl.com/image/private/{formatInstructions}/league/ruq1ttpmssyydj0hxwfn,85,26,2,1,0,1,2,0,2.3113616883500807,10.05,13.620000000000001
2024,PRE,1,2024081052,59784,08/10/2024,0610,BUF,0810,CHI,visitor,5,2.9866993023508566,SWE393041,0810,Tommy Sweeney,T.Sweeney,TE,https://static.www.nfl.com/image/private/{formatInstructions}/league/tw1tgrqwyiadl4kweuf6,47,29,2,2,0,2,2,0,1.7587259937297257,10.525,9.265
2024,PRE,1,2024081053,59791,08/10/2024,3000,MIN,2520,LV,home,1,2.9866993023508566,SHE566024,3000,Trent Sherfield,T.Sherfield,WR,https://static.www.nfl.com/image/private/{formatInstructions}/league/tbs4dvo8vdagznshsw7l,11,46,6,3,1,3,6,1,4.144314369262313,5.4375,7.381666666666665
2024,PRE,1,2024081053,59791,08/10/2024,3000,MIN,2520,LV,home,2,2.9866993023508566,THO387643,3000,Thayer Thomas,T.Thomas,WR,https://static.www.nfl.com/image/private/{formatInstructions}/league/z3kn7ffyzxx0qretptbz,89,24,5,3,0,3,5,0,3.553690374226764,7.006,7.152000000000003
2024,PRE,1,2024081053,59791,08/10/2024,3000,MIN,2520,LV,home,3,2.9866993023508566,JAC607133,3000,Trishton Jackson,Tr.Jackson,WR,https://static.www.nfl.com/image/private/{formatInstructions}/league/qgwdhz3eyjs5oigbliei,8,100,5,4,1,4,5,1,3.4092703236395296,6.102,18.630000000000003
2024,PRE,1,2024081053,59791,08/10/2024,3000,MIN,2520,LV,home,4,2.9866993023508566,HAR654593,3000,N'Keal Harry,N.Harry,WR,https://static.www.nfl.com/image/private/{formatInstructions}/league/rtyhxwhkwczkl1g0pcin,13,22,4,2,0,2,4,0,1.963173531275782,8.68,11.07
2024,PRE,1,2024081053,59791,08/10/2024,3000,MIN,2520,LV,home,5,2.9866993023508566,NAI067484,3000,Jalen Nailor,J.Nailor,WR,https://static.www.nfl.com/image/private/{formatInstructions}/league/qqlvvhrlbmmcpakjyxmd,83,63,4,3,0,3,4,0,4.6344116611667125,3.2699999999999996,15.079999999999998
2024,PRE,1,2024081053,59791,08/10/2024,3000,MIN,2520,LV,visitor,1,2.9866993023508566,TUC399910,2520,Tre Tucker,T.Tucker,WR,https://static.www.nfl.com/image/private/{formatInstructions}/league/cejxak0va2yakxbelazd,11,73,4,2,0,2,4,0,2.8976440873371625,4.5975,23.235000000000003
2024,PRE,1,2024081053,59791,08/10/2024,3000,MIN,2520,LV,visitor,2,2.9866993023508566,MEY171606,2520,Jakobi Meyers,J.Meyers,WR,https://static.www.nfl.com/image/private/{formatInstructions}/league/lhfd2xsufgep72sfkacg,16,45,3,3,0,3,3,0,4.606910603149816,5.093333333333334,11.476666666666668
2024,PRE,1,2024081053,59791,08/10/2024,3000,MIN,2520,LV,visitor,3,2.9866993023508566,BOW196560,2520,Brock Bowers,B.Bowers,TE,,89,25,2,2,0,2,2,0,8.30904704285672,8.37,3.0600000000000023
2024,PRE,1,2024081053,59791,08/10/2024,3000,MIN,2520,LV,visitor,4,2.9866993023508566,TUR283150,2520,DJ Turner,D.Turner,WR,https://static.www.nfl.com/image/private/{formatInstructions}/league/uq8plrpxajq8lzqhwbz9,19,23,2,2,1,2,2,1,6.481496455054064,3.315,8.129999999999999
2024,PRE,1,2024081053,59791,08/10/2024,3000,MIN,2520,LV,visitor,5,2.9866993023508566,WIL078257,2520,Kristian Wilkerson,K.Wilkerson,WR,https://static.www.nfl.com/image/private/{formatInstructions}/league/rjqqhcl2ih3wdmimyq21,83,-1,2,1,0,1,2,0,3.316436340400699,4.625,0.26000000000000156
2024,PRE,1,2024081054,59786,08/10/2024,1050,CLE,1800,GB,home,1,2.9866993023508566,THR048621,1050,Jamari Thrash,J.Thrash,WR,,80,43,5,3,0,3,4,0,3.4214900054197663,6.3025,13.2675
2024,PRE,1,2024081054,59786,08/10/2024,1050,CLE,1800,GB,home,2,2.9866993023508566,BRO245049,1050,Ahmarean Brown,A.Brown,WR,,87,26,4,2,0,2,4,0,2.2484334593682105,8.03,11.020000000000001
2024,PRE,1,2024081054,59786,08/10/2024,1050,CLE,1800,GB,home,3,2.9866993023508566,MIT781005,1050,Zaire Mitchell-Paden,Z.Mitchell-Paden,TE,https://static.www.nfl.com/image/private/{formatInstructions}/league/gns7kvjoeldrmabildao,83,20,3,3,0,3,3,0,4.268530105304138,5.489999999999999,1.6600000000000013
2024,PRE,1,2024081054,59786,08/10/2024,1050,CLE,1800,GB,home,4,2.9866993023508566,TIL377067,1050,Cedric Tillman,C.Tillman,WR,,19,3,2,1,0,1,2,0,4.1076505377374275,4.785,8.805000000000001
2024,PRE,1,2024081054,59786,08/10/2024,1050,CLE,1800,GB,home,5,2.9866993023508566,AKI501776,1050,Jordan Akins,J.Akins,TE,https://static.www.nfl.com/image/private/{formatInstructions}/league/fgkl9zfpy2yxrkxfge84,88,25,2,2,0,2,2,0,7.034280650888524,2.75,3.8200000000000003
2024,PRE,1,2024081054,59786,08/10/2024,1050,CLE,1800,GB,visitor,1,2.9866993023508566,DUB599865,1800,Grant DuBose,G.DuBose,WR,https://static.www.nfl.com/image/private/{formatInstructions}/league/cksqgzc6grsgxmjeqs7w,86,66,6,5,0,5,6,0,3.436834285336688,7.178333333333334,11.026666666666666
2024,PRE,1,2024081054,59786,08/10/2024,1050,CLE,1800,GB,visitor,2,2.9866993023508566,HEA759997,1800,Malik Heath,M.Heath,WR,https://static.www.nfl.com/image/private/{formatInstructions}/league/gfmcr5l4tnko4uno0t4h,18,22,4,2,0,2,4,0,3.0533093621075222,6.285,10.532499999999999
2024,PRE,1,2024081054,59786,08/10/2024,1050,CLE,1800,GB,visitor,3,2.9866993023508566,MEL575431,1800,Bo Melton,B.Melton,WR,https://static.www.nfl.com/image/private/{formatInstructions}/league/i2aek6ggpxy7esfxnrsu,80,12,4,1,0,1,4,0,2.6607829204315117,4.58,8.3275
2024,PRE,1,2024081054,59786,08/10/2024,1050,CLE,1800,GB,visitor,4,2.9866993023508566,WIL727176,1800,Joel Wilson,J.Wilson,TE,https://static.www.nfl.com/image/private/{formatInstructions}/league/zszwjlzvq2vxbmdesn5o,82,30,3,3,0,3,3,0,6.466666725710624,6.85,3.846666666666669
2024,PRE,1,2024081054,59786,08/10/2024,1050,CLE,1800,GB,visitor,5,2.9866993023508566,TOU392758,1800,Samori Toure,S.Toure,WR,https://static.www.nfl.com/image/private/{formatInstructions}/league/lmyw6ejclftg7pitgsl2,83,8,2,1,0,1,2,0,2.644975461763241,3.555,8.150000000000004
2024,PRE,1,2024081055,59785,08/10/2024,0920,CIN,4900,TB,home,1,2.9866993023508566,LAS663730,0920,Kwamie Lassiter II,K.Lassiter,WR,https://static.www.nfl.com/image/private/{formatInstructions}/league/emeqage9tq2mlpnlkzl9,18,14,6,3,0,3,6,0,2.619735985808738,4.632,12.323333333333332
2024,PRE,1,2024081055,59785,08/10/2024,0920,CIN,4900,TB,home,2,2.9866993023508566,BUR768791,0920,Jermaine Burton,J.Burton,WR,,81,82,4,3,1,3,4,1,1.1236531255917597,5.4925,23.6625
2024,PRE,1,2024081055,59785,08/10/2024,0920,CIN,4900,TB,home,3,2.9866993023508566,HUD753368,0920,Tanner Hudson,T.Hudson,TE,https://static.www.nfl.com/image/private/{formatInstructions}/league/dcrfuiyknwrwxsjsjf9q,87,16,5,3,0,3,4,0,2.382083078108732,4.8925,6.739999999999998
2024,PRE,1,2024081055,59785,08/10/2024,0920,CIN,4900,TB,home,4,2.9866993023508566,HIG387791,0920,Tee Higgins,T.Higgins,WR,https://static.www.nfl.com/image/private/{formatInstructions}/league/fkpf9urirrkqkln7d2n9,5,19,3,2,1,2,3,1,2.088420687663,8.476666666666667,17.81333333333333
2024,PRE,1,2024081055,59785,08/10/2024,0920,CIN,4900,TB,home,5,2.9866993023508566,JAC546306,0920,Shedrick Jackson,S.Jackson,WR,,12,3,3,1,0,1,3,0,1.7959770971692173,4.89,13.483333333333334
2024,PRE,1,2024081055,59785,08/10/2024,0920,CIN,4900,TB,visitor,1,2.9866993023508566,KNU159547,4900,Tanner Knue,T.Knue,WR,,80,29,5,2,0,2,5,0,2.233147561856725,5.982,10.879999999999999
2024,PRE,1,2024081055,59785,08/10/2024,0920,CIN,4900,TB,visitor,2,2.9866993023508566,MIL545030,4900,Ryan Miller,R.Miller,WR,,81,42,5,3,0,3,5,0,2.6166450893569086,4.202500000000001,11.298
2024,PRE,1,2024081055,59785,08/10/2024,0920,CIN,4900,TB,visitor,3,2.9866993023508566,CUL534924,4900,Devin Culp,D.Culp,TE,,82,6,4,1,0,1,4,0,1.6723747639001243,4.913333333333333,13.6625
2024,PRE,1,2024081055,59785,08/10/2024,0920,CIN,4900,TB,visitor,4,2.9866993023508566,THO480148,4900,Cody Thompson,C.Thompson,WR,https://static.www.nfl.com/image/private/{formatInstructions}/league/baz8xkdbflo0klompfqj,83,26,4,3,0,3,4,0,4.602518245034269,8.4125,3.754999999999999
2024,PRE,1,2024081055,59785,08/10/2024,0920,CIN,4900,TB,visitor,5,2.9866993023508566,JAR260842,4900,Rakim Jarrett,R.Jarrett,WR,https://static.www.nfl.com/image/private/{formatInstructions}/league/uyjdihox50b4uv85hoh4,18,35,2,2,0,2,2,0,1.1964116930920443,4.34,14.68
2024,PRE,1,2024081057,59796,08/10/2024,2100,TEN,4500,SF,visitor,1,2.9866993023508566,MAR735708,4500,Tay Martin,T.Martin,WR,https://static.www.nfl.com/image/private/{formatInstructions}/league/etcdhd5sqz4jlrfbw4q6,86,58,7,5,0,5,7,0,2.568999557109289,4.365714285714286,16.38
2024,PRE,1,2024081057,59796,08/10/2024,2100,TEN,4500,SF,visitor,2,2.9866993023508566,TAY758512,4500,Trent Taylor,T.Taylor,WR,https://static.www.nfl.com/image/upload/{formatInstructions}/league/wmb3t9vro76zykcac2tb,19,48,6,3,0,3,6,0,3.3461973395306273,5.640000000000001,8.870000000000001
2024,PRE,1,2024081057,59796,08/10/2024,2100,TEN,4500,SF,visitor,3,2.9866993023508566,BEL596505,4500,Ronnie Bell,R.Bell,WR,https://static.www.nfl.com/image/private/{formatInstructions}/league/cvkqabl5ygxgozuv4wfz,10,22,4,2,0,2,4,0,2.784137103684047,7.265,12.9625
2024,PRE,1,2024081057,59796,08/10/2024,2100,TEN,4500,SF,visitor,4,2.9866993023508566,LAT718773,4500,Cameron Latu,C.Latu,TE,https://static.www.nfl.com/image/private/{formatInstructions}/league/yg8sjdqp5ysoudutwd3p,81,12,2,2,0,2,2,0,3.4015817605382503,8.23,4.75
2024,PRE,1,2024081057,59796,08/10/2024,2100,TEN,4500,SF,visitor,5,2.9866993023508566,CON236839,4500,Chris Conley,C.Conley,WR,https://static.www.nfl.com/image/private/{formatInstructions}/league/wddhtkz5tmo47x5s3qnq,18,30,2,2,0,2,2,0,3.0123155412513176,7.84,14.410000000000004
2024,PRE,1,2024081058,59789,08/10/2024,4400,LAC,4600,SEA,home,1,2.9866993023508566,FEH556867,4400,Simi Fehoko,S.Fehoko,WR,https://static.www.nfl.com/image/private/{formatInstructions}/league/tdixulojbj0bb6dvinqk,87,33,4,3,0,3,4,0,5.23887774349432,8.15,7.972499999999997
2024,PRE,1,2024081058,59789,08/10/2024,4400,LAC,4600,SEA,home,2,2.9866993023508566,JOH341278,4400,Jaylen Johnson,J.Johnson,WR,,39,36,4,1,0,1,4,0,1.4851040744053898,8.0975,18.490000000000002
2024,PRE,1,2024081058,59789,08/10/2024,4400,LAC,4600,SEA,home,3,2.9866993023508566,CHA553392,4400,DJ Chark,D.Chark,WR,https://static.www.nfl.com/image/private/{formatInstructions}/league/bn5lxiv1cyyidlhkth84,9,0,3,0,0,0,3,0,1.2518713301675943,6.12,7.139999999999998
2024,PRE,1,2024081058,59789,08/10/2024,4400,LAC,4600,SEA,home,4,2.9866993023508566,SMA808525,4400,Stone Smartt,S.Smartt,TE,https://static.www.nfl.com/image/private/{formatInstructions}/league/lovcgush5dwvax5psh8q,84,18,3,2,0,2,3,0,2.248105220680769,4.7,3.7300000000000018
2024,PRE,1,2024081058,59789,08/10/2024,4400,LAC,4600,SEA,home,5,2.9866993023508566,RIC069213,4400,Brenden Rice,B.Rice,WR,,82,0,3,0,0,0,3,0,1.025497491506649,8.89,14.113333333333335
2024,PRE,1,2024081058,59789,08/10/2024,4400,LAC,4600,SEA,visitor,1,2.9866993023508566,BOB556112,4600,Jake Bobo,J.Bobo,WR,https://static.www.nfl.com/image/private/{formatInstructions}/league/fi2j6vdm7g2ojzftlzdn,19,7,4,1,0,1,4,0,1.554670230717929,7.4475,19.134999999999998
2024,PRE,1,2024081058,59789,08/10/2024,4400,LAC,4600,SEA,visitor,2,2.9866993023508566,WHI144160,4600,Cody White,C.White,WR,https://static.www.nfl.com/image/private/{formatInstructions}/league/xpv5qwbkx76dwlbcjybi,82,30,4,2,0,2,4,0,3.738824655624861,8.032499999999999,9.075
2024,PRE,1,2024081058,59789,08/10/2024,4400,LAC,4600,SEA,visitor,3,2.9866993023508566,YOU169842,4600,Dareke Young,D.Young,WR,https://static.www.nfl.com/image/private/{formatInstructions}/league/zb1ggkzhcshdcgguug3u,83,44,4,3,0,3,4,0,2.8306310557809535,7.4875,9.5625
2024,PRE,1,2024081058,59789,08/10/2024,4400,LAC,4600,SEA,visitor,4,2.9866993023508566,SHE458893,4600,Laviska Shenault Jr.,L.Shenault,WR,https://static.www.nfl.com/image/private/{formatInstructions}/league/yohlrvcnnibrtfsc15t5,81,31,3,2,0,2,3,0,3.8930268001333936,7.036666666666666,0.8033333333333346
2024,PRE,1,2024081058,59789,08/10/2024,4400,LAC,4600,SEA,visitor,5,2.9866993023508566,RUS383114,4600,Brady Russell,B.Russell,TE,https://static.www.nfl.com/image/private/{formatInstructions}/league/s7aysnmjjwgyjdxxkt8a,38,25,3,3,1,3,3,1,3.8131877338866276,5.1000000000000005,4.453333333333333
2024,PRE,1,2024081059,59781,08/10/2024,3800,ARI,3300,NO,home,1,2.9866993023508566,PAL661865,3800,Tejhaun Palmer,T.Palmer,WR,https://static.www.nfl.com/image/upload/{formatInstructions}/league/rnqs1ijwasyyw2revnaf,83,13,6,1,0,1,6,0,1.1874243899409755,3.714,18.066666666666666
2024,PRE,1,2024081059,59781,08/10/2024,3800,ARI,3300,NO,home,2,2.9866993023508566,CHI740772,3800,Dan Chisena,D.Chisena,WR,https://static.www.nfl.com/image/upload/{formatInstructions}/league/dwiqdrtc7vgrvngxoiix,17,63,5,5,0,5,5,0,2.5639157112910005,3.6525,7.354000000000001
2024,PRE,1,2024081059,59781,08/10/2024,3800,ARI,3300,NO,home,3,2.9866993023508566,PAS035497,3800,Zach Pascal,Z.Pascal,WR,https://static.www.nfl.com/image/upload/{formatInstructions}/league/pfhgz8ofqgoubhnuqtme,0,22,4,1,0,1,4,0,1.0168514939542845,2.725,10.287499999999998
2024,PRE,1,2024081059,59781,08/10/2024,3800,ARI,3300,NO,home,4,2.9866993023508566,WEA802270,3800,Xavier Weaver,X.Weaver,WR,https://static.www.nfl.com/image/upload/{formatInstructions}/league/mlxngk3mmyapuuad7fi6,30,12,4,2,0,2,4,0,2.1675388997024254,3.8850000000000002,12.47
2024,PRE,1,2024081059,59781,08/10/2024,3800,ARI,3300,NO,home,5,2.9866993023508566,SEI577844,3800,Bernhard Seikovits,B.Seikovits,TE,,80,1,3,1,0,1,3,0,1.5354876765730856,5.005,7.146666666666666
2024,PRE,1,2024081059,59781,08/10/2024,3800,ARI,3300,NO,visitor,1,2.9866993023508566,PER532468,3300,A.T. Perry,A.Perry,WR,https://static.www.nfl.com/image/private/{formatInstructions}/league/hmlejtujw0krefd40edq,17,85,4,4,0,4,4,0,2.2370707605963784,4.16,19.6175
2024,PRE,1,2024081059,59781,08/10/2024,3800,ARI,3300,NO,visitor,2,2.9866993023508566,NAC564972,3300,Samson Nacua,S.Nacua,WR,https://static.www.nfl.com/image/private/{formatInstructions}/league/avdsedoumnhpjqznlusu,89,19,4,2,0,2,4,0,1.747984949192056,3.855,10.847499999999998
2024,PRE,1,2024081059,59781,08/10/2024,3800,ARI,3300,NO,visitor,3,2.9866993023508566,OLA659325,3300,Chris Olave,C.Olave,WR,https://static.www.nfl.com/image/private/{formatInstructions}/league/vtfhbyz1ofg6cgxxulw4,12,10,4,1,0,1,4,0,1.2437995097810752,5.7225,14.215000000000002
2024,PRE,1,2024081059,59781,08/10/2024,3800,ARI,3300,NO,visitor,4,2.9866993023508566,MOR226706,3300,Stanley Morgan,S.Morgan,WR,https://static.www.nfl.com/image/private/{formatInstructions}/league/jzkx5cgnjnzgi7eutmbe,14,13,4,1,0,1,4,0,1.6011888133864656,5.8675,14.067499999999999
2024,PRE,1,2024081059,59781,08/10/2024,3800,ARI,3300,NO,visitor,5,2.9866993023508566,HOL105366,3300,Dallin Holker,D.Holker,TE,,85,24,3,3,0,3,3,0,3.954060726968816,3.926666666666667,3.0799999999999996
2024,PRE,1,2024081151,59787,08/11/2024,2200,IND,1400,DEN,home,1,2.9866993023508566,MON498910,2200,D.J. Montgomery,D.Montgomery,WR,https://static.www.nfl.com/image/upload/{formatInstructions}/league/s8equqk2rmgcwyf8bkup,2,45,4,2,0,2,4,0,1.7729737960441878,6.62,11.204999999999998
2024,PRE,1,2024081151,59787,08/11/2024,2200,IND,1400,DEN,home,2,2.9866993023508566,GRA367521,2200,Kylen Granson,K.Granson,TE,https://static.www.nfl.com/image/upload/{formatInstructions}/league/rydvwc7sqwucvx14s8b4,83,6,2,1,0,1,2,0,2.4005468455636816,3.9,8.745000000000001
2024,PRE,1,2024081151,59787,08/11/2024,2200,IND,1400,DEN,home,3,2.9866993023508566,TRE425415,2200,Laquon Treadwell,L.Treadwell,WR,https://static.www.nfl.com/image/private/{formatInstructions}/league/k5zobcutuqqnd1cxqplo,7,16,2,1,1,1,2,1,3.3475293665245376,5.074999999999999,13.585
2024,PRE,1,2024081151,59787,08/11/2024,2200,IND,1400,DEN,home,4,2.9866993023508566,MIT056120,2200,Adonai Mitchell,A.Mitchell,WR,https://static.www.nfl.com/image/upload/{formatInstructions}/league/fztxucnxhoxep6utluyc,10,11,2,1,0,1,2,0,1.4158967715320625,6.085,7.765000000000001
2024,PRE,1,2024081151,59787,08/11/2024,2200,IND,1400,DEN,home,5,2.9866993023508566,MAL454836,2200,Will Mallory,W.Mallory,TE,https://static.www.nfl.com/image/upload/{formatInstructions}/league/rxeygxqtsnqqzgmjl71g,86,31,2,2,0,2,2,0,2.081529338749033,3.1399999999999997,12.875
2024,PRE,1,2024081151,59787,08/11/2024,2200,IND,1400,DEN,visitor,1,2.9866993023508566,KRU507134,1400,Lucas Krull,L.Krull,TE,https://static.www.nfl.com/image/private/{formatInstructions}/league/niufw8s1tipithktexj4,85,31,4,4,0,4,4,0,5.450952364439635,9.84,2.9975000000000005
2024,PRE,1,2024081151,59787,08/11/2024,2200,IND,1400,DEN,visitor,2,2.9866993023508566,HUM534685,1400,Lil'Jordan Humphrey,L.Humphrey,WR,https://static.www.nfl.com/image/private/{formatInstructions}/league/r58pqj96qunak08kld9u,17,9,3,2,0,2,3,0,1.9804583717474014,4.873333333333334,7.596666666666664
2024,PRE,1,2024081151,59787,08/11/2024,2200,IND,1400,DEN,visitor,3,2.9866993023508566,VEL175757,1400,Devaughn Vele,D.Vele,WR,,81,8,3,1,0,1,3,0,3.219442319612463,6.43,11.023333333333332
2024,PRE,1,2024081151,59787,08/11/2024,2200,IND,1400,DEN,visitor,4,2.9866993023508566,KAM773224,1400,Hunter Kampmoyer,H.Kampmoyer,TE,https://static.www.nfl.com/image/private/{formatInstructions}/league/hux34syot653s48zpiwk,84,29,3,3,0,3,3,0,4.307873246248921,5.593333333333334,3.1966666666666677
2024,PRE,1,2024081151,59787,08/11/2024,2200,IND,1400,DEN,visitor,5,2.9866993023508566,MIM654774,1400,Marvin Mims Jr.,M.Mims,WR,https://static.www.nfl.com/image/private/{formatInstructions}/league/meis0ywx3bddqc2tiiks,19,17,3,2,1,2,3,1,1.5181036895885356,5.933333333333334,14.573333333333332
2024,PRE,1,2024081152,59790,08/11/2024,2510,LA,1200,DAL,home,1,2.9866993023508566,WHI807684,2510,Jordan Whittington,J.Whittington,WR,https://static.www.nfl.com/image/upload/{formatInstructions}/league/x5j7yvx4iheje5vw4tek,88,74,9,6,0,6,9,0,2.185280359962789,8.24,7.805555555555555
2024,PRE,1,2024081152,59790,08/11/2024,2510,LA,1200,DAL,home,2,2.9866993023508566,WIG686964,2510,Sam Wiglusz,S.Wiglusz,WR,,3,36,8,3,0,2,7,0,1.7554067436951084,5.278333333333333,13.402857142857142
2024,PRE,1,2024081152,59790,08/11/2024,2510,LA,1200,DAL,home,3,2.9866993023508566,SMI826503,2510,Xavier Smith,X.Smith,WR,https://static.www.nfl.com/image/upload/{formatInstructions}/league/gbzbvyg2rlzrno7urryj,19,22,4,4,0,4,4,0,2.2219632132021028,7.965,4.409999999999999
2024,PRE,1,2024081152,59790,08/11/2024,2510,LA,1200,DAL,home,4,2.9866993023508566,STO504262,2510,Drake Stoops,D.Stoops,WR,https://static.www.nfl.com/image/upload/{formatInstructions}/league/zt0upkhtkzkehmm2qcpl,6,27,4,3,0,3,4,0,3.417066723615201,4.82,2.9575000000000014
2024,PRE,1,2024081152,59790,08/11/2024,2510,LA,1200,DAL,home,5,2.9866993023508566,FOR521589,2510,Miller Forristall,M.Forristall,TE,https://static.www.nfl.com/image/upload/{formatInstructions}/league/fewy6chb5ajeb0bgb1ou,82,20,3,3,1,3,3,1,5.025814298164648,8.52,5.773333333333333
2024,PRE,1,2024081152,59790,08/11/2024,2510,LA,1200,DAL,visitor,1,2.9866993023508566,CRO340100,1200,Jalen Moreno-Cropper,J.Moreno-Cropper,WR,https://static.www.nfl.com/image/private/{formatInstructions}/league/hh07f0ovwibo0dyk0z20,16,26,6,4,0,4,6,0,4.177382970593707,7.124,6.594999999999999
2024,PRE,1,2024081152,59790,08/11/2024,2510,LA,1200,DAL,visitor,2,2.9866993023508566,BUR406293,1200,Deontay Burnett,D.Burnett,WR,https://static.www.nfl.com/image/private/{formatInstructions}/league/iyteeepnw4u0hssvjzxe,6,23,5,2,0,2,5,0,1.7526480792842474,7.054,13.662
2024,PRE,1,2024081152,59790,08/11/2024,2510,LA,1200,DAL,visitor,3,2.9866993023508566,FLO245061,1200,Ryan Flournoy,R.Flournoy,WR,,18,8,3,2,0,2,3,0,2.644527051442205,5.8133333333333335,3.953333333333332
2024,PRE,1,2024081152,59790,08/11/2024,2510,LA,1200,DAL,visitor,4,2.9866993023508566,MCM268811,1200,Racey McMath,R.McMath,WR,https://static.www.nfl.com/image/private/{formatInstructions}/league/zst4jrejdem1sizbyywz,80,0,3,0,0,0,3,0,2.6184104243806177,8.24,4.13333333333333
2024,PRE,1,2024081152,59790,08/11/2024,2510,LA,1200,DAL,visitor,5,2.9866993023508566,JOH088709,1200,Cam Johnson,C.Johnson,WR,,14,10,3,2,0,2,3,0,1.806575699610985,9.683333333333332,15.600000000000001
2024,PRE,2,2024081551,59809,08/15/2024,3200,NE,3700,PHI,home,1,2.9866993023508566,BOU482823,3200,Kayshon Boutte,K.Boutte,WR,https://static.www.nfl.com/image/private/{formatInstructions}/league/nz6t7jhx6erszovbv1bd,80,23,4,3,0,3,4,0,2.5582644938115875,6.275,9.432500000000001
2024,PRE,2,2024081551,59809,08/15/2024,3200,NE,3700,PHI,home,2,2.9866993023508566,WAL525966,3200,David Wallis,D.Wallis,WR,,30,16,4,2,0,2,4,0,2.568988064593148,5.5475,11.572500000000002
2024,PRE,2,2024081551,59809,08/15/2024,3200,NE,3700,PHI,home,3,2.9866993023508566,BAK232522,3200,Javon Baker,J.Baker,WR,https://static.www.nfl.com/image/upload/{formatInstructions}/league/k9junpcjhuulnixdqnqn,6,12,4,1,0,1,4,0,1.4406378321705295,4.6525,21.5275
2024,PRE,2,2024081551,59809,08/15/2024,3200,NE,3700,PHI,home,4,2.9866993023508566,POL136646,3200,Ja'Lynn Polk,J.Polk,WR,,1,6,3,2,0,2,3,0,4.620231885879309,6.28,14.55666666666667
2024,PRE,2,2024081551,59809,08/15/2024,3200,NE,3700,PHI,home,5,2.9866993023508566,HOO570770,3200,Austin Hooper,A.Hooper,TE,https://static.www.nfl.com/image/private/{formatInstructions}/league/jp2z8s6pcanbitupycwc,81,9,3,1,0,1,3,0,2.5349652972458547,4.6000000000000005,12.823333333333332
2024,PRE,2,2024081551,59809,08/15/2024,3200,NE,3700,PHI,visitor,1,2.9866993023508566,NGA634187,3700,Joseph Ngata,J.Ngata,WR,https://static.www.nfl.com/image/upload/{formatInstructions}/league/gudtx0xooxkdfyprz0ma,86,88,5,5,0,5,5,0,1.7733185715047994,6.203999999999999,15.283999999999997
2024,PRE,2,2024081551,59809,08/15/2024,3200,NE,3700,PHI,visitor,2,2.9866993023508566,JEN184122,3700,E.J. Jenkins,E.Jenkins,TE,https://static.www.nfl.com/image/upload/{formatInstructions}/league/utbs1f78kfxb51b6asit,84,47,5,5,0,5,5,0,2.824161802931056,8.314,6.134
2024,PRE,2,2024081551,59809,08/15/2024,3200,NE,3700,PHI,visitor,3,2.9866993023508566,WAT302971,3700,Austin Watkins Jr.,A.Watkins,WR,https://static.www.nfl.com/image/upload/{formatInstructions}/league/ih6pmdquwbfdl8jq5o8u,41,28,4,3,0,3,4,0,2.8584860067233144,7.035,6.587499999999999
2024,PRE,2,2024081551,59809,08/15/2024,3200,NE,3700,PHI,visitor,4,2.9866993023508566,HAR419165,3700,Jacob Harris,J.Harris,WR,https://static.www.nfl.com/image/upload/{formatInstructions}/league/hqfvp6k11llxeostdvey,46,5,3,1,0,1,3,0,2.1340807332170217,5.763333333333333,8.26
2024,PRE,2,2024081551,59809,08/15/2024,3200,NE,3700,PHI,visitor,5,2.9866993023508566,ROS616450,3700,John Ross,J.Ross,WR,https://static.www.nfl.com/image/upload/{formatInstructions}/league/olf4tixsulbplr0hkas5,83,9,2,1,0,1,2,0,0.9356119901143513,2.025,18.189999999999998
2024,PRE,2,2024081751,59797,08/17/2024,0325,BAL,0200,ATL,home,1,2.9866993023508566,WAD341130,0325,Dayton Wade,D.Wade,WR,https://static.www.nfl.com/image/upload/{formatInstructions}/league/jcebht4rbsgbwm5ujhxz,18,67,4,2,1,2,4,1,1.9025310885256652,7.987499999999999,18.532500000000002
2024,PRE,2,2024081751,59797,08/17/2024,0325,BAL,0200,ATL,home,2,2.9866993023508566,CUN537512,0325,Malik Cunningham,M.Cunningham,WR,https://static.www.nfl.com/image/upload/{formatInstructions}/league/vsuygoylrwmk6ng440jf,12,28,3,3,0,3,3,0,2.3643876039230567,5.3933333333333335,2.423333333333332
2024,PRE,2,2024081751,59797,08/17/2024,0325,BAL,0200,ATL,home,3,2.9866993023508566,MIL140090,0325,Anthony Miller,A.Miller,WR,https://static.www.nfl.com/image/private/{formatInstructions}/league/t7d2vuwwmbpasriplvg6,5,16,3,3,0,3,3,0,1.4644025167998969,7.176666666666667,5.473333333333336
2024,PRE,2,2024081751,59797,08/17/2024,0325,BAL,0200,ATL,home,4,2.9866993023508566,ISM055951,0325,Qadir Ismail,Q.Ismail,WR,https://static.www.nfl.com/image/upload/{formatInstructions}/league/v7jmzl6qmffkuurt9pe8,83,8,3,3,0,3,3,0,2.1952947316995615,10.59,2.3500000000000014
2024,PRE,2,2024081751,59797,08/17/2024,0325,BAL,0200,ATL,home,5,2.9866993023508566,SHA420301,0325,Riley Sharp,R.Sharp,TE,https://static.www.nfl.com/image/upload/{formatInstructions}/league/g34j18nq1vaw20ylievt,84,15,2,1,0,1,2,0,5.428662708981372,5.199999999999999,8.225000000000001
2024,PRE,2,2024081751,59797,08/17/2024,0325,BAL,0200,ATL,visitor,1,2.9866993023508566,MAT566254,0200,Jesse Matthews,Je.Matthews,WR,https://static.www.nfl.com/image/private/{formatInstructions}/league/nayrtsss6wqolfzqth64,86,38,8,5,0,5,8,0,2.7380808920987585,7.237500000000001,6.775000000000001
2024,PRE,2,2024081751,59797,08/17/2024,0325,BAL,0200,ATL,visitor,2,2.9866993023508566,WAS075963,0200,Casey Washington,Cas.Washington,WR,https://static.www.nfl.com/image/upload/{formatInstructions}/league/iprpih0l2lfosxoik7j3,82,0,6,0,0,0,6,0,1.677920695377148,4.408333333333334,11.964999999999998
2024,PRE,2,2024081751,59797,08/17/2024,0325,BAL,0200,ATL,visitor,3,2.9866993023508566,BLA490972,0200,Chris Blair,C.Blair,WR,https://static.www.nfl.com/image/upload/{formatInstructions}/league/kmm35wgunwdsmrywpatc,19,91,5,4,0,4,5,0,5.600975451229791,6.407500000000001,14.136000000000001
2024,PRE,2,2024081751,59797,08/17/2024,0325,BAL,0200,ATL,visitor,4,2.9866993023508566,FIT782415,0200,John FitzPatrick,J.FitzPatrick,TE,https://static.www.nfl.com/image/upload/{formatInstructions}/league/fdkx2tdfluku61uxwfno,87,14,5,3,0,3,5,0,4.295877775977148,7.753333333333333,4.159999999999997
2024,PRE,2,2024081751,59797,08/17/2024,0325,BAL,0200,ATL,visitor,5,2.9866993023508566,DRU358601,0200,Dylan Drummond,D.Drummond,WR,https://static.www.nfl.com/image/private/{formatInstructions}/league/ccgnmd8kjaujdjqqdr7r,15,14,3,3,0,3,3,0,5.393193767349925,9.74,-0.5633333333333326
2024,PRE,2,2024081752,59799,08/17/2024,0810,CHI,0920,CIN,home,1,2.9866993023508566,EVE166115,0810,Gerald Everett,G.Everett,TE,https://static.www.nfl.com/image/upload/{formatInstructions}/league/aayw74rhaupmfnnikzak,14,10,4,2,0,2,4,0,2.1318420768080273,6.1,6.797499999999996
2024,PRE,2,2024081752,59799,08/17/2024,0810,CHI,0920,CIN,home,2,2.9866993023508566,ODU426541,0810,Rome Odunze,R.Odunze,WR,https://static.www.nfl.com/image/upload/{formatInstructions}/league/labs8tstecnehvzfmrs5,15,45,2,1,0,1,2,0,4.451221316655657,4.005,27.434999999999995
2024,PRE,2,2024081752,59799,08/17/2024,0810,CHI,0920,CIN,home,3,2.9866993023508566,SCO719390,0810,Tyler Scott,T.Scott,WR,https://static.www.nfl.com/image/upload/{formatInstructions}/league/atxk3cex3cedv7drflrw,10,17,1,1,0,0,1,0,0.5980802621722271,6.53,46.269999999999996
2024,PRE,2,2024081752,59799,08/17/2024,0810,CHI,0920,CIN,home,4,2.9866993023508566,MOO272423,0810,DJ Moore,D.Moore,WR,https://static.www.nfl.com/image/upload/{formatInstructions}/league/hqb9xnzm9brx79zl6wve,2,0,1,0,0,0,1,0,0.4341658669218456,1.48,7.709999999999994
2024,PRE,2,2024081752,59799,08/17/2024,0810,CHI,0920,CIN,home,5,2.9866993023508566,ALL532966,0810,Keenan Allen,K.Allen,WR,https://static.www.nfl.com/image/upload/{formatInstructions}/league/lngo1onvkcqjnq7ozkuu,13,0,1,0,0,0,1,0,1.0381233067415365,4.52,4.510000000000005
2024,PRE,2,2024081752,59799,08/17/2024,0810,CHI,0920,CIN,visitor,1,2.9866993023508566,LAS663730,0920,Kwamie Lassiter II,K.Lassiter,WR,https://static.www.nfl.com/image/private/{formatInstructions}/league/emeqage9tq2mlpnlkzl9,18,33,7,5,0,5,7,0,4.414734925081573,6.991428571428571,4.1414285714285715
2024,PRE,2,2024081752,59799,08/17/2024,0810,CHI,0920,CIN,visitor,2,2.9866993023508566,BUR070856,0920,Cole Burgess,C.Burgess,WR,https://static.www.nfl.com/image/upload/{formatInstructions}/league/hfsbctwnmvaxcftyflvg,17,19,4,2,0,2,4,0,2.241246519985211,7.705,10.089999999999996
2024,PRE,2,2024081752,59799,08/17/2024,0810,CHI,0920,CIN,visitor,3,2.9866993023508566,JAC546306,0920,Shedrick Jackson,S.Jackson,WR,https://static.www.nfl.com/image/upload/{formatInstructions}/league/zh0yhuppve8b4dsgsix9,12,10,3,2,0,2,3,0,1.5326605115642267,8.083333333333334,8.313333333333334
2024,PRE,2,2024081752,59799,08/17/2024,0810,CHI,0920,CIN,visitor,4,2.9866993023508566,HUD753368,0920,Tanner Hudson,T.Hudson,TE,https://static.www.nfl.com/image/upload/{formatInstructions}/league/fbtxfvqvgv0al8msbr1e,87,16,2,2,0,2,2,0,2.6184765038140743,6.22,2.575000000000001
2024,PRE,2,2024081752,59799,08/17/2024,0810,CHI,0920,CIN,visitor,5,2.9866993023508566,ALL004828,0920,Erick All,E.All,TE,https://static.www.nfl.com/image/upload/{formatInstructions}/league/ifkhcxze7lnxkpzjvsmk,83,5,2,1,0,1,2,0,3.6804440603608857,4.46,1.9499999999999993
2024,PRE,2,2024081753,59802,08/17/2024,2120,HOU,3410,NYG,home,1,2.9866993023508566,MET373452,2120,John Metchie III,J.Metchie,WR,https://static.www.nfl.com/image/upload/{formatInstructions}/league/zf0d6hiyqnmtst0vwdpv,8,68,7,6,1,6,7,1,2.4133799024286517,8.461666666666668,10.614285714285714
2024,PRE,2,2024081753,59802,08/17/2024,2120,HOU,3410,NYG,home,2,2.9866993023508566,SCH647271,2120,Dalton Schultz,D.Schultz,TE,https://static.www.nfl.com/image/upload/{formatInstructions}/league/ooatvpu1knzypdmjljo9,86,39,4,3,0,3,4,0,4.2524226476666,2.4233333333333333,9.735
2024,PRE,2,2024081753,59802,08/17/2024,2120,HOU,3410,NYG,home,3,2.9866993023508566,HUT304546,2120,Xavier Hutchinson,X.Hutchinson,WR,https://static.www.nfl.com/image/upload/{formatInstructions}/league/vlxzxhej5ffelkxrqf4g,19,20,4,2,0,2,4,0,2.415662031721205,2.32,13.384999999999998
2024,PRE,2,2024081753,59802,08/17/2024,2120,HOU,3410,NYG,home,4,2.9866993023508566,CEP422041,2120,Quintez Cephus,Q.Cephus,WR,https://static.www.nfl.com/image/private/{formatInstructions}/league/uzgkdl4kf200rcr5pdl2,81,0,2,0,0,0,2,0,1.647891720701764,8.115,35.445
2024,PRE,2,2024081753,59802,08/17/2024,2120,HOU,3410,NYG,home,5,2.9866993023508566,JOR035760,2120,Brevin Jordan,B.Jordan,TE,https://static.www.nfl.com/image/upload/{formatInstructions}/league/sw6kge0me7ei8opbvfjq,9,16,2,2,0,2,2,0,3.4198964978921467,5.015,1.754999999999999
2024,PRE,2,2024081753,59802,08/17/2024,2120,HOU,3410,NYG,visitor,1,2.9866993023508566,NAB400459,3410,Malik Nabers,M.Nabers,WR,https://static.www.nfl.com/image/upload/{formatInstructions}/league/w3edoyyuomqlovvp9ixc,9,54,6,4,0,4,6,0,1.4432984452444242,6.609999999999999,13.561666666666667
2024,PRE,2,2024081753,59802,08/17/2024,2120,HOU,3410,NYG,visitor,2,2.9866993023508566,HOD537222,3410,Isaiah Hodgins,I.Hodgins,WR,https://static.www.nfl.com/image/upload/{formatInstructions}/league/gc1gaxelm41o1luldpek,18,14,4,2,0,2,4,0,1.60314611323574,2.7475,6.535
2024,PRE,2,2024081753,59802,08/17/2024,2120,HOU,3410,NYG,visitor,3,2.9866993023508566,SLA500077,3410,Darius Slayton,D.Slayton,WR,https://static.www.nfl.com/image/upload/{formatInstructions}/league/zhm6evj813ucss03ndlx,86,59,3,3,0,3,3,0,2.5509672641336874,4.276666666666666,17.33
2024,PRE,2,2024081753,59802,08/17/2024,2120,HOU,3410,NYG,visitor,4,2.9866993023508566,ROB365982,3410,Allen Robinson,A.Robinson,WR,https://static.www.nfl.com/image/upload/{formatInstructions}/league/aiao6fueniqtyjlove7w,5,10,2,1,0,1,2,0,1.1264762887908777,9.05,5.654999999999998
2024,PRE,2,2024081753,59802,08/17/2024,2120,HOU,3410,NYG,visitor,5,2.9866993023508566,STO341471,3410,Jack Stoll,J.Stoll,TE,https://static.www.nfl.com/image/upload/{formatInstructions}/league/mgdfot0jqtcby1zfnu79,89,15,2,2,0,2,2,0,1.8722223674027862,,5.789999999999999
2024,PRE,2,2024081754,59805,08/17/2024,2310,KC,1540,DET,home,1,2.9866993023508566,RIC152916,2310,Rashee Rice,R.Rice,WR,https://static.www.nfl.com/image/private/{formatInstructions}/league/zjgi60dvmj5ogvanp201,4,35,5,4,0,4,5,0,3.6429028974256275,4.015,2.716000000000001
2024,PRE,2,2024081754,59805,08/17/2024,2310,KC,1540,DET,home,2,2.9866993023508566,WAT441238,2310,Justin Watson,Ju.Watson,WR,https://static.www.nfl.com/image/private/{formatInstructions}/league/vr9tayyujt23takv3hv3,84,20,1,1,0,1,1,0,6.762285116733843,,11.430000000000007
2024,PRE,2,2024081754,59805,08/17/2024,2310,KC,1540,DET,home,3,2.9866993023508566,KEL012458,2310,Travis Kelce,T.Kelce,TE,https://static.www.nfl.com/image/upload/{formatInstructions}/league/ilk4qbxxs6mt3v9zfvtg,87,8,1,1,0,1,1,0,3.7626852113882725,5.28,2.5400000000000063
2024,PRE,2,2024081754,59805,08/17/2024,2310,KC,1540,DET,visitor,1,2.9866993023508566,WIL319263,1540,Isaiah Williams,I.Williams,WR,https://static.www.nfl.com/image/upload/{formatInstructions}/league/yoarwrtz1qrxlek5ou8j,83,71,8,6,0,6,8,0,4.436798721293978,5.0928571428571425,3.6200000000000014
2024,PRE,2,2024081754,59805,08/17/2024,2310,KC,1540,DET,visitor,2,2.9866993023508566,DAV499575,1540,Kaden Davis,K.Davis,WR,https://static.www.nfl.com/image/upload/{formatInstructions}/league/aveoatyyeky8drvbqutd,88,64,7,2,1,2,7,1,2.901836237121352,3.608571428571429,9.932857142857143
2024,PRE,2,2024081754,59805,08/17/2024,2310,KC,1540,DET,visitor,3,2.9866993023508566,KEN614625,1540,Tom Kennedy,T.Kennedy,WR,https://static.www.nfl.com/image/upload/{formatInstructions}/league/i4s3x6uwpru9p2czwode,85,31,5,3,0,3,5,0,2.796358721170118,5.4239999999999995,7.352000000000004
2024,PRE,2,2024081754,59805,08/17/2024,2310,KC,1540,DET,visitor,4,2.9866993023508566,PEO604060,1540,Donovan Peoples-Jones,D.Peoples-Jones,WR,https://static.www.nfl.com/image/upload/{formatInstructions}/league/sgfgvm2myyrntnmiqojk,19,5,4,1,0,1,4,0,1.763694116718244,2.4125,10.997500000000002
2024,PRE,2,2024081754,59805,08/17/2024,2310,KC,1540,DET,visitor,5,2.9866993023508566,MIT332595,1540,James Mitchell,J.Mitchell,TE,https://static.www.nfl.com/image/upload/{formatInstructions}/league/dyvnmhl4xyjius0frjnu,82,13,1,1,0,1,1,0,3.7845078940332533,5.0,6.539999999999999
2024,PRE,2,2024081755,59800,08/17/2024,1050,CLE,3000,MIN,home,1,2.9866993023508566,THR048621,1050,Jamari Thrash,J.Thrash,WR,https://static.www.nfl.com/image/upload/{formatInstructions}/league/khjue5xlvlhzha9znbl3,80,25,5,3,0,3,5,0,2.445952348269778,5.09,4.023999999999999
2024,PRE,2,2024081755,59800,08/17/2024,1050,CLE,3000,MIN,home,2,2.9866993023508566,RIC034905,1050,Giovanni Ricci,G.Ricci,TE,https://static.www.nfl.com/image/upload/{formatInstructions}/league/bkm7rkwyqydrxenk3bbw,44,32,4,4,0,4,4,0,3.068512879987883,6.3075,5.5925
2024,PRE,2,2024081755,59800,08/17/2024,1050,CLE,3000,MIN,home,3,2.9866993023508566,MIT781005,1050,Zaire Mitchell-Paden,Z.Mitchell-Paden,TE,https://static.www.nfl.com/image/upload/{formatInstructions}/league/br9winej4eaype9m6hnz,83,59,4,4,0,4,4,0,3.598392651939153,7.805,8.5875
2024,PRE,2,2024081755,59800,08/17/2024,1050,CLE,3000,MIN,home,4,2.9866993023508566,DAR261346,1050,Jaelon Darden,J.Darden,WR,https://static.www.nfl.com/image/private/{formatInstructions}/league/tbuhqtdjd0h3kejsgxln,16,21,4,2,0,2,4,0,2.255324153397913,3.9875,10.440000000000001
2024,PRE,2,2024081755,59800,08/17/2024,1050,CLE,3000,MIN,home,5,2.9866993023508566,WEL130588,1050,Treyton Welch,T.Welch,TE,,82,26,3,2,0,2,3,0,4.891708533995653,7.423333333333333,4.226666666666664
2024,PRE,2,2024081755,59800,08/17/2024,1050,CLE,3000,MIN,visitor,1,2.9866993023508566,SHE566024,3000,Trent Sherfield,T.Sherfield,WR,https://static.www.nfl.com/image/upload/{formatInstructions}/league/esdvav44ezzmwbwe1rju,11,23,4,1,0,1,4,0,2.5621635481155884,6.3475,9.519999999999998
2024,PRE,2,2024081755,59800,08/17/2024,1050,CLE,3000,MIN,visitor,2,2.9866993023508566,JAC607133,3000,Trishton Jackson,Tr.Jackson,WR,https://static.www.nfl.com/image/upload/{formatInstructions}/league/nbns2mugslnthvdesbsn,8,39,4,3,1,3,4,1,3.137089468845053,5.985,14.205
2024,PRE,2,2024081755,59800,08/17/2024,1050,CLE,3000,MIN,visitor,3,2.9866993023508566,MUS093892,3000,Nick Muse,N.Muse,TE,https://static.www.nfl.com/image/upload/{formatInstructions}/league/hajfiwgmzhnkh4k2mcgh,34,19,3,3,0,3,3,0,3.223194774213713,7.8066666666666675,4.313333333333333
2024,PRE,2,2024081755,59800,08/17/2024,1050,CLE,3000,MIN,visitor,4,2.9866993023508566,POW179215,3000,Brandon Powell,B.Powell,WR,https://static.www.nfl.com/image/upload/{formatInstructions}/league/kpggzzkazhxoq4e77xho,4,19,2,2,0,2,2,0,4.76571341698112,4.38,5.359999999999999
2024,PRE,2,2024081755,59800,08/17/2024,1050,CLE,3000,MIN,visitor,5,2.9866993023508566,JON463280,3000,Jeshaun Jones,J.Jones,WR,https://static.www.nfl.com/image/upload/{formatInstructions}/league/djpz2vnzz0gwkkxpiywh,82,71,2,1,1,1,2,1,3.7745307598373956,5.82,18.485
2024,PRE,2,2024081756,59798,08/17/2024,0750,CAR,3430,NYJ,home,1,2.9866993023508566,MAR482288,0750,Terrace Marshall Jr.,T.Marshall,WR,https://static.www.nfl.com/image/private/{formatInstructions}/league/wyzlucfowqdntj6nkh7m,88,14,3,2,0,2,3,0,1.3134843662394105,4.12,10.806666666666667
2024,PRE,2,2024081756,59798,08/17/2024,0750,CAR,3430,NYJ,home,2,2.9866993023508566,SMI829563,0750,Ihmir Smith-Marsette,I.Smith-Marsette,WR,https://static.www.nfl.com/image/private/{formatInstructions}/league/zwkymyn01hepugxnitac,11,8,3,3,0,3,3,0,3.6050847228926597,9.636666666666665,-0.05999999999999991
2024,PRE,2,2024081756,59798,08/17/2024,0750,CAR,3430,NYJ,home,3,2.9866993023508566,COK451291,0750,Jalen Coker,J.Coker,WR,https://static.www.nfl.com/image/upload/{formatInstructions}/league/wk9xewrixauh09f71pqh,18,13,3,1,0,1,3,0,3.152158491551509,4.66,17.203333333333333
2024,PRE,2,2024081756,59798,08/17/2024,0750,CAR,3430,NYJ,home,4,2.9866993023508566,SAN343203,0750,Ja'Tavion Sanders,J.Sanders,TE,,85,22,2,2,0,2,2,0,7.802842315409492,1.93,4.520000000000003
2024,PRE,2,2024081756,59798,08/17/2024,0750,CAR,3430,NYJ,home,5,2.9866993023508566,MOO249444,0750,David Moore,D.Moore,WR,https://static.www.nfl.com/image/private/{formatInstructions}/league/mysdmg1kkmxc6cywb1jh,83,0,2,0,0,0,2,0,0.975878271855662,5.795,19.179999999999996
2024,PRE,2,2024081756,59798,08/17/2024,0750,CAR,3430,NYJ,visitor,1,2.9866993023508566,BRO826391,3430,Jason Brownlee,J.Brownlee,WR,https://static.www.nfl.com/image/private/{formatInstructions}/league/gjayvfan8adtasfe8xxq,16,6,5,1,0,1,5,0,1.9859861941371377,7.348000000000001,12.030000000000001
2024,PRE,2,2024081756,59798,08/17/2024,0750,CAR,3430,NYJ,visitor,2,2.9866993023508566,SEF088990,3430,Lincoln Sefcik,L.Sefcik,TE,,47,0,3,0,0,0,3,0,1.8161578098085913,9.636666666666667,4.533333333333334
2024,PRE,2,2024081756,59798,08/17/2024,0750,CAR,3430,NYJ,visitor,3,2.9866993023508566,KUN184573,3430,Zack Kuntz,Z.Kuntz,TE,https://static.www.nfl.com/image/private/{formatInstructions}/league/ihuzkdkpbrlyv9oihmbg,81,0,2,0,0,0,2,0,2.162087205163213,2.2,12.780000000000001
2024,PRE,2,2024081756,59798,08/17/2024,0750,CAR,3430,NYJ,visitor,4,2.9866993023508566,MCC821675,3430,Lance McCutcheon,L.McCutcheon,WR,https://static.www.nfl.com/image/private/{formatInstructions}/league/x4dlonpi6nfs2xzahgrr,85,25,2,2,0,2,2,0,6.682567550596058,7.04,9.465
2024,PRE,2,2024081756,59798,08/17/2024,0750,CAR,3430,NYJ,visitor,5,2.9866993023508566,COR399318,3430,Malachi Corley,M.Corley,WR,,17,10,2,2,0,2,2,0,4.473705768580354,5.3149999999999995,0.5549999999999962
2024,PRE,2,2024081757,59803,08/17/2024,2200,IND,3800,ARI,home,1,2.9866993023508566,TRE425415,2200,Laquon Treadwell,L.Treadwell,WR,https://static.www.nfl.com/image/private/{formatInstructions}/league/k5zobcutuqqnd1cxqplo,7,72,7,7,0,7,7,0,2.368156381641787,5.994285714285715,7.431428571428573
2024,PRE,2,2024081757,59803,08/17/2024,2200,IND,3800,ARI,home,2,2.9866993023508566,TOM677561,2200,Eric Tomlinson,E.Tomlinson,TE,https://static.www.nfl.com/image/upload/{formatInstructions}/league/t8tpgts9nlhw4uaqcb7x,49,24,3,2,0,2,3,0,2.9763446773727904,3.1166666666666667,6.9799999999999995
2024,PRE,2,2024081757,59803,08/17/2024,2200,IND,3800,ARI,home,3,2.9866993023508566,WIN164177,2200,Juwann Winfree,J.Winfree,WR,https://static.www.nfl.com/image/upload/{formatInstructions}/league/pawxwuphiobdd7voouwl,9,13,3,2,0,2,3,0,0.8561268744619143,5.383333333333333,18.296666666666667
2024,PRE,2,2024081757,59803,08/17/2024,2200,IND,3800,ARI,home,4,2.9866993023508566,MON498910,2200,D.J. Montgomery,D.Montgomery,WR,https://static.www.nfl.com/image/upload/{formatInstructions}/league/s8equqk2rmgcwyf8bkup,2,6,3,1,0,1,3,0,0.5489071357259321,7.72,18.19
2024,PRE,2,2024081757,59803,08/17/2024,2200,IND,3800,ARI,home,5,2.9866993023508566,SLY426541,2200,Derek Slywka,D.Slywka,WR,https://static.www.nfl.com/image/upload/{formatInstructions}/league/z5sxh8omgzhds8cdnmzu,13,27,3,2,0,2,3,0,1.6724708545797549,2.483333333333333,13.853333333333337
2024,PRE,2,2024081757,59803,08/17/2024,2200,IND,3800,ARI,visitor,1,2.9866993023508566,BAC133180,3800,Andre Baccellia,A.Baccellia,WR,https://static.www.nfl.com/image/upload/{formatInstructions}/league/mwpbqdgupuwdvweolfyv,82,27,4,2,0,2,4,0,1.4583591202522763,5.423333333333335,5.8575
2024,PRE,2,2024081757,59803,08/17/2024,2200,IND,3800,ARI,visitor,2,2.9866993023508566,WEA802270,3800,Xavier Weaver,X.Weaver,WR,https://static.www.nfl.com/image/upload/{formatInstructions}/league/m2tuzam94o1qm46kwmxo,30,27,3,2,0,2,3,0,1.9949095321293175,6.989999999999999,22.709999999999997
2024,PRE,2,2024081757,59803,08/17/2024,2200,IND,3800,ARI,visitor,3,2.9866993023508566,PAL661865,3800,Tejhaun Palmer,T.Palmer,WR,https://static.www.nfl.com/image/upload/{formatInstructions}/league/rnqs1ijwasyyw2revnaf,83,15,2,1,0,1,2,0,1.3843233414877423,7.7700000000000005,13.195
2024,PRE,2,2024081757,59803,08/17/2024,2200,IND,3800,ARI,visitor,4,2.9866993023508566,MOO226734,3800,Chris Moore,C.Moore,WR,https://static.www.nfl.com/image/upload/{formatInstructions}/league/dzzwxblkzpxnauo9iwhi,10,16,2,1,0,1,2,0,3.5862704872933344,3.535,7.949999999999999
2024,PRE,2,2024081757,59803,08/17/2024,2200,IND,3800,ARI,visitor,5,2.9866993023508566,PAS035497,3800,Zach Pascal,Z.Pascal,WR,https://static.www.nfl.com/image/upload/{formatInstructions}/league/pfhgz8ofqgoubhnuqtme,0,18,2,2,0,2,2,0,2.536038605366565,4.015000000000001,5.184999999999999
2024,PRE,2,2024081758,59808,08/17/2024,2700,MIA,5110,WAS,home,1,2.9866993023508566,EZU415291,2700,Erik Ezukanma,E.Ezukanma,WR,https://static.www.nfl.com/image/upload/{formatInstructions}/league/qnq5b80lyd9wjidek81f,18,65,7,5,0,5,7,0,2.8761945934192283,4.708571428571429,9.20142857142857
2024,PRE,2,2024081758,59808,08/17/2024,2700,MIA,5110,WAS,home,2,2.9866993023508566,SAN203847,2700,Braylon Sanders,B.Sanders,WR,https://static.www.nfl.com/image/upload/{formatInstructions}/league/gmfwtnng8jnsnjrhexvx,86,17,6,2,0,2,6,0,2.5638290675029896,5.31,14.978333333333333
2024,PRE,2,2024081758,59808,08/17/2024,2700,MIA,5110,WAS,home,3,2.9866993023508566,SMI443054,2700,Jonnu Smith,J.Smith,TE,https://static.www.nfl.com/image/upload/{formatInstructions}/league/p8uldtljkzb6sile3wgx,9,23,4,4,0,4,4,0,3.536341806086927,12.16,0.06999999999999673
2024,PRE,2,2024081758,59808,08/17/2024,2700,MIA,5110,WAS,home,4,2.9866993023508566,BUR768752,2700,Je'Quan Burton,J.Burton,WR,https://static.www.nfl.com/image/upload/{formatInstructions}/league/aofhuenbblohfyptt4pi,42,5,3,2,0,2,3,0,4.5342084904293625,9.26,0.7933333333333342
2024,PRE,2,2024081758,59808,08/17/2024,2700,MIA,5110,WAS,home,5,2.9866993023508566,RUC033222,2700,Hayden Rucci,H.Rucci,TE,https://static.www.nfl.com/image/upload/{formatInstructions}/league/tmmjxdwbsnvtcsmi8we2,49,13,2,2,0,2,2,0,2.3449214110085563,5.05,5.205000000000002
2024,PRE,2,2024081758,59808,08/17/2024,2700,MIA,5110,WAS,visitor,1,2.9866993023508566,TIN524900,5110,Mitchell Tinsley,M.Tinsley,WR,https://static.www.nfl.com/image/upload/{formatInstructions}/league/w6rv7ndjeseespdbpx5u,18,8,6,2,0,2,6,0,3.0556905023818763,3.536666666666667,12.17
2024,PRE,2,2024081758,59808,08/17/2024,2700,MIA,5110,WAS,visitor,2,2.9866993023508566,DAV262137,5110,Davion Davis,D.Davis,WR,https://static.www.nfl.com/image/private/{formatInstructions}/league/sqsasalphgxytdferwds,84,20,6,4,0,4,6,0,4.653727513680366,5.696000000000001,8.749999999999998
2024,PRE,2,2024081758,59808,08/17/2024,2700,MIA,5110,WAS,visitor,3,2.9866993023508566,ZAC133180,5110,Olamide Zaccheaus,O.Zaccheaus,WR,https://static.www.nfl.com/image/upload/{formatInstructions}/league/hcmdnfgnnvcp0qbktpxd,14,9,4,2,0,2,4,0,3.173636125915581,8.219999999999999,7.584999999999997
2024,PRE,2,2024081758,59808,08/17/2024,2700,MIA,5110,WAS,visitor,4,2.9866993023508566,BRO408220,5110,Dyami Brown,D.Brown,WR,https://static.www.nfl.com/image/upload/{formatInstructions}/league/mibh7ud59ygmzm19ivac,2,19,3,3,0,3,3,0,2.469480047174619,6.093333333333334,3.4266666666666645
2024,PRE,2,2024081758,59808,08/17/2024,2700,MIA,5110,WAS,visitor,5,2.9866993023508566,MCL278328,5110,Terry McLaurin,T.McLaurin,WR,https://static.www.nfl.com/image/upload/{formatInstructions}/league/wokz1etv1wj1vhbmvxgs,17,27,3,2,0,2,3,0,1.605330941755023,1.9100000000000001,11.329999999999998
2024,PRE,2,2024081759,59810,08/17/2024,3900,PIT,0610,BUF,home,1,2.9866993023508566,JEF436716,3900,Van Jefferson,V.Jefferson,WR,https://static.www.nfl.com/image/upload/{formatInstructions}/league/v2vkt9htky3xawu8yskx,11,19,4,3,0,3,4,0,3.680040248512427,8.195,6.452499999999999
2024,PRE,2,2024081759,59810,08/17/2024,3900,PIT,0610,BUF,home,2,2.9866993023508566,MIL546315,3900,Scott Miller,S.Miller,WR,https://static.www.nfl.com/image/upload/{formatInstructions}/league/v5fxl6tig8qarofg0lo1,13,18,3,3,0,3,3,0,4.08940326574294,8.06,5.3933333333333335
2024,PRE,2,2024081759,59810,08/17/2024,3900,PIT,0610,BUF,home,3,2.9866993023508566,HEY274236,3900,Connor Heyward,Co.Heyward,TE,https://static.www.nfl.com/image/upload/{formatInstructions}/league/b9bnasge2v2dtctdtqnf,83,20,3,2,0,2,3,0,3.193049945623965,4.005000000000001,4.873333333333332
2024,PRE,2,2024081759,59810,08/17/2024,3900,PIT,0610,BUF,home,4,2.9866993023508566,PIC576156,3900,George Pickens,G.Pickens,WR,https://static.www.nfl.com/image/upload/{formatInstructions}/league/klxzcb6p7ekngcognpiy,14,4,2,1,0,1,2,0,2.013949600381589,7.565,18.025000000000002
2024,PRE,2,2024081759,59810,08/17/2024,3900,PIT,0610,BUF,home,5,2.9866993023508566,FIT767415,3900,Dez Fitzpatrick,D.Fitzpatrick,WR,https://static.www.nfl.com/image/upload/{formatInstructions}/league/silczg7a6hqw57vjea7j,82,32,2,2,0,2,2,0,5.710574225292191,5.525,15.450000000000003
2024,PRE,2,2024081759,59810,08/17/2024,3900,PIT,0610,BUF,visitor,1,2.9866993023508566,MOR489431,0610,Quintin Morris,Q.Morris,TE,https://static.www.nfl.com/image/upload/{formatInstructions}/league/ftrqrbuqecl9yhcqrcmw,85,20,4,2,0,2,4,0,1.7795351880090404,3.25,9.935
2024,PRE,2,2024081759,59810,08/17/2024,3900,PIT,0610,BUF,visitor,2,2.9866993023508566,COL295571,0610,Keon Coleman,K.Coleman,WR,https://static.www.nfl.com/image/upload/{formatInstructions}/league/ipwpdgb0cm3xy3d8zu1l,0,12,3,1,0,1,3,0,3.584276084931202,4.576666666666667,4.136666666666664
2024,PRE,2,2024081759,59810,08/17/2024,3900,PIT,0610,BUF,visitor,3,2.9866993023508566,HOL280459,0610,Mack Hollins,M.Hollins,WR,https://static.www.nfl.com/image/upload/{formatInstructions}/league/xchw7quzjszgrm6psbyg,13,7,2,2,0,2,2,0,1.944495196506931,8.545,2.9499999999999957
2024,PRE,2,2024081759,59810,08/17/2024,3900,PIT,0610,BUF,visitor,4,2.9866993023508566,KNO490795,0610,Dawson Knox,D.Knox,TE,https://static.www.nfl.com/image/upload/{formatInstructions}/league/uazfj5l5vzow2oyfa1s6,88,9,1,1,0,1,1,0,3.2336047996005917,2.22,6.859999999999999
2024,PRE,2,2024081759,59810,08/17/2024,3900,PIT,0610,BUF,visitor,5,2.9866993023508566,VAL142116,0610,Marquez Valdes-Scantling,M.Valdes-Scantling,WR,https://static.www.nfl.com/image/upload/{formatInstructions}/league/voutjbaunuwmyp6ywy5n,81,8,1,1,0,1,1,0,2.0308865059377426,6.41,5.579999999999998
2024,PRE,2,2024081760,59811,08/17/2024,2100,TEN,4600,SEA,home,1,2.9866993023508566,OLI201080,2100,Bryce Oliver,B.Oliver,WR,https://static.www.nfl.com/image/upload/{formatInstructions}/league/njv8cbvhuobk2fe6uslj,80,22,6,3,0,3,6,0,2.3605777469831453,5.4750000000000005,9.906666666666666
2024,PRE,2,2024081760,59811,08/17/2024,2100,TEN,4600,SEA,home,2,2.9866993023508566,KIN802869,2100,Mason Kinsey,M.Kinsey,WR,https://static.www.nfl.com/image/upload/{formatInstructions}/league/qeddbi4d2hfqtyhsiogr,12,29,5,2,0,2,5,0,2.294142363158149,4.044,10.16
2024,PRE,2,2024081760,59811,08/17/2024,2100,TEN,4600,SEA,home,3,2.9866993023508566,WES567220,2100,Nick Westbrook-Ikhine,N.Westbrook-Ikhine,WR,https://static.www.nfl.com/image/upload/{formatInstructions}/league/rt9ic9wzwl2pevlxt1nd,15,20,4,2,1,2,4,1,2.9663078756542,5.7275,7.322500000000002
2024,PRE,2,2024081760,59811,08/17/2024,2100,TEN,4600,SEA,home,4,2.9866993023508566,JAC241006,2100,Jha'Quan Jackson,J.Jackson,WR,https://static.www.nfl.com/image/upload/{formatInstructions}/league/np27wd9ahscnln2fsjwg,19,57,4,4,0,4,4,0,2.5418215398975894,4.705,10.3925
2024,PRE,2,2024081760,59811,08/17/2024,2100,TEN,4600,SEA,home,5,2.9866993023508566,MAR796418,2100,David Martin-Robinson,D.Martin-Robinson,TE,https://static.www.nfl.com/image/upload/{formatInstructions}/league/ijqnto6waarhbqizteg0,88,38,4,3,0,3,4,0,2.8446907002217796,9.344999999999999,9.270000000000001
2024,PRE,2,2024081760,59811,08/17/2024,2100,TEN,4600,SEA,visitor,1,2.9866993023508566,WIN619459,4600,Easop Winston,E.Winston,WR,https://static.www.nfl.com/image/upload/{formatInstructions}/league/qjqlxbgva6thln9lj9n5,13,47,4,3,1,3,4,1,2.58890381365422,4.003333333333333,16.25
2024,PRE,2,2024081760,59811,08/17/2024,2100,TEN,4600,SEA,visitor,2,2.9866993023508566,WHI144160,4600,Cody White,C.White,WR,https://static.www.nfl.com/image/upload/{formatInstructions}/league/japxwwyjwag4j7kxy9pm,82,33,3,1,0,1,3,0,1.4892635272342252,3.13,12.99
2024,PRE,2,2024081760,59811,08/17/2024,2100,TEN,4600,SEA,visitor,3,2.9866993023508566,RUS383114,4600,Brady Russell,B.Russell,TE,https://static.www.nfl.com/image/upload/{formatInstructions}/league/c0zfejvjisinfjqhkaza,38,22,3,2,0,2,3,0,5.120527126058152,6.326666666666667,10.350000000000003
2024,PRE,2,2024081760,59811,08/17/2024,2100,TEN,4600,SEA,visitor,4,2.9866993023508566,BOB556112,4600,Jake Bobo,J.Bobo,WR,https://static.www.nfl.com/image/upload/{formatInstructions}/league/vf5wazbhc3u7x7vjhojq,19,14,3,1,0,1,3,0,2.918966204869438,3.953333333333333,12.236666666666666
2024,PRE,2,2024081760,59811,08/17/2024,2100,TEN,4600,SEA,visitor,5,2.9866993023508566,SHE458893,4600,Laviska Shenault Jr.,L.Shenault,WR,https://static.www.nfl.com/image/upload/{formatInstructions}/league/o3cfpcor86ghjwyn8icp,81,27,3,3,0,3,3,0,5.462692704618836,7.635,3.1099999999999994
2024,PRE,2,2024081761,59807,08/17/2024,4400,LAC,2510,LA,home,1,2.9866993023508566,FEH556867,4400,Simi Fehoko,S.Fehoko,WR,https://static.www.nfl.com/image/upload/{formatInstructions}/league/fcso2vvp9tgqjm30qmuq,87,52,3,2,0,2,3,0,3.9594331083236605,7.616666666666667,12.229999999999999
2024,PRE,2,2024081761,59807,08/17/2024,4400,LAC,2510,LA,home,2,2.9866993023508566,JOH341278,4400,Jaylen Johnson,J.Johnson,WR,https://static.www.nfl.com/image/upload/{formatInstructions}/league/uzgjtijq5nb5lgc1vp1p,39,17,2,2,0,2,2,0,2.9772766777504702,6.605,5.285
2024,PRE,2,2024081761,59807,08/17/2024,4400,LAC,2510,LA,home,3,2.9866993023508566,RIC069213,4400,Brenden Rice,B.Rice,WR,https://static.www.nfl.com/image/upload/{formatInstructions}/league/rqes1zyyxghvgmfd3jtt,82,0,2,0,0,0,2,0,2.7035288452997195,8.16,4.120000000000001
2024,PRE,2,2024081761,59807,08/17/2024,4400,LAC,2510,LA,home,4,2.9866993023508566,GIL285780,4400,Jaelen Gill,J.Gill,WR,,40,9,2,2,0,2,2,0,1.7098570590067412,8.739999999999998,5.180000000000003
2024,PRE,2,2024081761,59807,08/17/2024,4400,LAC,2510,LA,home,5,2.9866993023508566,JOH139638,4400,Cornelius Johnson,C.Johnson,WR,https://static.www.nfl.com/image/upload/{formatInstructions}/league/bqap7vsczl8d5mweawca,86,0,2,0,0,0,2,0,2.3547424287111762,5.135,13.479999999999999
2024,PRE,2,2024081761,59807,08/17/2024,4400,LAC,2510,LA,visitor,1,2.9866993023508566,SMI826503,2510,Xavier Smith,X.Smith,WR,https://static.www.nfl.com/image/upload/{formatInstructions}/league/gbzbvyg2rlzrno7urryj,19,45,8,5,0,5,8,0,2.395118752509864,5.76,10.4675
2024,PRE,2,2024081761,59807,08/17/2024,4400,LAC,2510,LA,visitor,2,2.9866993023508566,WHI807684,2510,Jordan Whittington,J.Whittington,WR,https://static.www.nfl.com/image/upload/{formatInstructions}/league/x5j7yvx4iheje5vw4tek,88,52,8,5,0,5,8,0,3.3091796301291554,7.822500000000001,6.937499999999998
2024,PRE,2,2024081761,59807,08/17/2024,4400,LAC,2510,LA,visitor,3,2.9866993023508566,ALL098299,2510,Davis Allen,D.Allen,TE,https://static.www.nfl.com/image/upload/{formatInstructions}/league/ihbec16pwn2ki5woyr4m,87,13,4,2,0,2,4,0,1.9419764805778676,3.0375,4.725
2024,PRE,2,2024081761,59807,08/17/2024,4400,LAC,2510,LA,visitor,4,2.9866993023508566,JOH711094,2510,Tyler Johnson,T.Johnson,WR,https://static.www.nfl.com/image/upload/{formatInstructions}/league/vktiajeyqc8s9s6mjws7,18,19,4,1,0,1,4,0,1.9020748017443185,6.397499999999999,11.4725
2024,PRE,2,2024081761,59807,08/17/2024,4400,LAC,2510,LA,visitor,5,2.9866993023508566,LON317078,2510,Hunter Long,H.Long,TE,https://static.www.nfl.com/image/upload/{formatInstructions}/league/zfovepcmlr4bkmm96wgp,84,0,2,0,0,0,2,0,0.7544188867824311,3.05,4.080000000000002
2024,PRE,2,2024081762,59804,08/17/2024,2250,JAX,4900,TB,home,1,2.9866993023508566,TRA262930,2250,Austin Trammell,A.Trammell,WR,https://static.www.nfl.com/image/private/{formatInstructions}/league/inbfgnluexokrvwjrccv,86,75,5,4,0,4,5,0,4.227595848835385,6.886,9.354000000000001
2024,PRE,2,2024081762,59804,08/17/2024,2250,JAX,4900,TB,home,2,2.9866993023508566,WAS604325,2250,Parker Washington,P.Washington,WR,https://static.www.nfl.com/image/private/{formatInstructions}/league/pukz1x5ysxkhvsmcttdm,11,38,3,3,1,3,3,1,3.3432099146310463,7.849999999999999,11.14
2024,PRE,2,2024081762,59804,08/17/2024,2250,JAX,4900,TB,home,3,2.9866993023508566,EAS778272,2250,Brevin Easton,B.Easton,WR,https://static.www.nfl.com/image/upload/{formatInstructions}/league/mqflhmweyuraymytzylu,80,33,2,2,1,2,2,1,4.890070841783662,7.95,13.024999999999999
2024,PRE,2,2024081762,59804,08/17/2024,2250,JAX,4900,TB,home,4,2.9866993023508566,COO304211,2250,Elijah Cooks,E.Cooks,WR,https://static.www.nfl.com/image/private/{formatInstructions}/league/kvlvozf6pxeesdqepx0l,14,0,2,0,0,0,2,0,4.249620245068046,8.965,19.064999999999998
2024,PRE,2,2024081762,59804,08/17/2024,2250,JAX,4900,TB,home,5,2.9866993023508566,SCA795287,2250,Joseph Scates,J.Scates,WR,,84,14,1,1,0,1,1,0,1.9535096621209778,9.17,14.229999999999997
2024,PRE,2,2024081762,59804,08/17/2024,2250,JAX,4900,TB,visitor,1,2.9866993023508566,KNU159547,4900,Tanner Knue,T.Knue,WR,https://static.www.nfl.com/image/upload/{formatInstructions}/league/hrlfe7abmfw5fixpoict,80,33,6,5,0,5,6,0,2.593711460987031,6.656666666666666,4.386666666666668
2024,PRE,2,2024081762,59804,08/17/2024,2250,JAX,4900,TB,visitor,2,2.9866993023508566,THO480148,4900,Cody Thompson,C.Thompson,WR,https://static.www.nfl.com/image/upload/{formatInstructions}/league/dghmeq55sg0rb1ppakkr,83,66,6,5,1,5,6,1,1.6132259762097902,3.4683333333333333,9.883333333333333
2024,PRE,2,2024081762,59804,08/17/2024,2250,JAX,4900,TB,visitor,3,2.9866993023508566,CAN562944,4900,Sal Cannella,S.Cannella,TE,,49,16,5,2,0,2,5,0,3.625395645768632,4.093333333333333,6.273999999999999
2024,PRE,2,2024081762,59804,08/17/2024,2250,JAX,4900,TB,visitor,4,2.9866993023508566,CUL534924,4900,Devin Culp,D.Culp,TE,https://static.www.nfl.com/image/upload/{formatInstructions}/league/enm1dlbdrxtiwev6pjvi,82,18,3,2,0,2,3,0,5.948873473236572,4.34,2.770000000000001
2024,PRE,2,2024081762,59804,08/17/2024,2250,JAX,4900,TB,visitor,5,2.9866993023508566,MIL545030,4900,Ryan Miller,R.Miller,WR,https://static.www.nfl.com/image/upload/{formatInstructions}/league/maywscb6waflzzuaesew,81,4,3,1,0,1,3,0,2.059513230355508,5.656666666666666,7.946666666666666
2024,PRE,2,2024081763,59806,08/17/2024,2520,LV,1200,DAL,home,1,2.9866993023508566,TUC399910,2520,Tre Tucker,T.Tucker,WR,https://static.www.nfl.com/image/upload/{formatInstructions}/league/soebzcfwhgnjffwqv1ox,11,66,6,3,0,3,6,0,2.372833905254005,5.748333333333334,23.041666666666668
2024,PRE,2,2024081763,59806,08/17/2024,2520,LV,1200,DAL,home,2,2.9866993023508566,TUR283150,2520,DJ Turner,D.Turner,WR,https://static.www.nfl.com/image/upload/{formatInstructions}/league/os5eurhh1y45sixa8phl,19,31,6,5,0,5,6,0,3.3973276874339917,6.502000000000001,1.931666666666666
2024,PRE,2,2024081763,59806,08/17/2024,2520,LV,1200,DAL,home,3,2.9866993023508566,BRY363372,2520,Harrison Bryant,H.Bryant,TE,https://static.www.nfl.com/image/upload/{formatInstructions}/league/jjarmcwkadvr7tynkpuj,84,15,5,3,1,3,5,1,2.5116344378726003,8.19,4.258000000000002
2024,PRE,2,2024081763,59806,08/17/2024,2520,LV,1200,DAL,home,4,2.9866993023508566,KEY703688,2520,Ramel Keyton,R.Keyton,WR,https://static.www.nfl.com/image/upload/{formatInstructions}/league/cqzhnef7pkr3bkmuwo5q,82,8,5,1,0,1,5,0,1.007646931766251,6.925999999999999,9.494000000000002
2024,PRE,2,2024081763,59806,08/17/2024,2520,LV,1200,DAL,home,5,2.9866993023508566,WIL078257,2520,Kristian Wilkerson,K.Wilkerson,WR,https://static.www.nfl.com/image/upload/{formatInstructions}/league/zhuu9xuvbxiy5xyofwxl,83,35,5,3,0,3,5,0,2.5960540101638103,8.66,9.971999999999998
2024,PRE,2,2024081763,59806,08/17/2024,2520,LV,1200,DAL,visitor,1,2.9866993023508566,FLO245061,1200,Ryan Flournoy,R.Flournoy,WR,https://static.www.nfl.com/image/upload/{formatInstructions}/league/yq2tbkoz2anbit6zc8ms,18,23,6,4,1,4,6,1,2.518355828780276,6.083333333333333,5.6000000000000005
2024,PRE,2,2024081763,59806,08/17/2024,2520,LV,1200,DAL,visitor,2,2.9866993023508566,MCM268811,1200,Racey McMath,R.McMath,WR,https://static.www.nfl.com/image/upload/{formatInstructions}/league/la1xkdczi8xr1exdwnvh,80,54,3,3,0,3,3,0,3.5750480627981083,8.543333333333335,13.770000000000001
2024,PRE,2,2024081763,59806,08/17/2024,2520,LV,1200,DAL,visitor,3,2.9866993023508566,SCH471986,1200,Luke Schoonmaker,L.Schoonmaker,TE,https://static.www.nfl.com/image/upload/{formatInstructions}/league/fd4exg1hqzlm9sk6ruu6,86,13,3,2,0,2,3,0,3.140584982547449,7.675000000000001,1.4166666666666654
2024,PRE,2,2024081763,59806,08/17/2024,2520,LV,1200,DAL,visitor,4,2.9866993023508566,HAR206185,1200,Kelvin Harmon,K.Harmon,WR,https://static.www.nfl.com/image/private/{formatInstructions}/league/rceh0cdpriesl8my3rqu,84,18,2,2,0,2,2,0,4.180432477832294,5.01,2.2150000000000034
2024,PRE,2,2024081763,59806,08/17/2024,2520,LV,1200,DAL,visitor,5,2.9866993023508566,STE477384,1200,John Stephens Jr.,J.Stephens,WR,https://static.www.nfl.com/image/upload/{formatInstructions}/league/yebo1loefsk3wxujc1it,81,16,2,2,0,2,2,0,11.236783909201204,,2.040000000000001
2024,PRE,2,2024081851,59801,08/18/2024,1400,DEN,1800,GB,home,1,2.9866993023508566,PAT283375,1400,Tim Patrick,T.Patrick,WR,https://static.www.nfl.com/image/upload/{formatInstructions}/league/ub7mmdqtfzxnq9edsa2h,12,30,4,4,1,4,4,1,4.751066376204946,5.055,5.510000000000002
2024,PRE,2,2024081851,59801,08/18/2024,1400,DEN,1800,GB,home,2,2.9866993023508566,KRU507134,1400,Lucas Krull,L.Krull,TE,https://static.www.nfl.com/image/upload/{formatInstructions}/league/v3rdtydz7dh4s5oyzejs,85,6,3,2,0,2,3,0,2.5231622817681987,3.39,7.87
2024,PRE,2,2024081851,59801,08/18/2024,1400,DEN,1800,GB,home,3,2.9866993023508566,DUL269681,1400,Greg Dulcich,G.Dulcich,TE,https://static.www.nfl.com/image/upload/{formatInstructions}/league/tt3eyuomt5onokrqstsl,80,27,2,2,0,2,2,0,5.827805604657591,,4.734999999999999
2024,PRE,2,2024081851,59801,08/18/2024,1400,DEN,1800,GB,home,4,2.9866993023508566,JOH078015,1400,Brandon Johnson,B.Johnson,WR,https://static.www.nfl.com/image/upload/{formatInstructions}/league/xavpngyzpbeccwfj9az8,89,0,2,0,0,0,2,0,4.422353202358206,5.5200000000000005,5.229999999999997
2024,PRE,2,2024081851,59801,08/18/2024,1400,DEN,1800,GB,home,5,2.9866993023508566,TRA447732,1400,Adam Trautman,A.Trautman,TE,https://static.www.nfl.com/image/upload/{formatInstructions}/league/qvqigum2qjhil0z3er2c,82,8,2,1,0,1,2,0,5.589599885300758,4.135,2.3200000000000003
2024,PRE,2,2024081851,59801,08/18/2024,1400,DEN,1800,GB,visitor,1,2.9866993023508566,HEA759997,1800,Malik Heath,M.Heath,WR,https://static.www.nfl.com/image/upload/{formatInstructions}/league/xbhxvulvdrkbz5svka5f,18,22,6,3,0,3,6,0,1.8360187200365272,5.915,17.330000000000002
2024,PRE,2,2024081851,59801,08/18/2024,1400,DEN,1800,GB,visitor,2,2.9866993023508566,MEL575431,1800,Bo Melton,B.Melton,WR,https://static.www.nfl.com/image/upload/{formatInstructions}/league/bhmhwurwugjmymgjforf,80,10,3,2,0,2,3,0,2.4972036667997775,6.163333333333334,12.860000000000001
2024,PRE,2,2024081851,59801,08/18/2024,1400,DEN,1800,GB,visitor,3,2.9866993023508566,TOU392758,1800,Samori Toure,S.Toure,WR,https://static.www.nfl.com/image/upload/{formatInstructions}/league/yx9yumbyi6ukuypcnydp,83,17,2,2,0,2,2,0,5.586059638963788,8.41,1.7650000000000006
2024,PRE,2,2024081851,59801,08/18/2024,1400,DEN,1800,GB,visitor,4,2.9866993023508566,WIL727176,1800,Joel Wilson,J.Wilson,TE,https://static.www.nfl.com/image/upload/{formatInstructions}/league/fz5tdntupdomuto4wx1f,82,4,2,1,0,1,2,0,3.0299786041984467,7.395,7.6200000000000045
2024,PRE,2,2024081851,59801,08/18/2024,1400,DEN,1800,GB,visitor,5,2.9866993023508566,WAY424121,1800,Jalen Wayne,J.Wayne,WR,,2,8,2,1,0,1,2,0,2.9523656358464425,4.56,3.6699999999999946
2024,PRE,2,2024081852,59812,08/18/2024,4500,SF,3300,NO,home,1,2.9866993023508566,BEL596505,4500,Ronnie Bell,R.Bell,WR,https://static.www.nfl.com/image/upload/{formatInstructions}/league/agn76jfaaawk5usur8oh,10,15,7,2,0,2,7,0,1.5896225685577046,5.92,12.498571428571427
2024,PRE,2,2024081852,59812,08/18/2024,4500,SF,3300,NO,home,2,2.9866993023508566,LAT718773,4500,Cameron Latu,C.Latu,TE,https://static.www.nfl.com/image/upload/{formatInstructions}/league/fn5v3lvxwh23crp0ltqn,81,30,5,3,0,3,5,0,2.6640233414285714,9.575000000000001,10.544
2024,PRE,2,2024081852,59812,08/18/2024,4500,SF,3300,NO,home,3,2.9866993023508566,TAY758512,4500,Trent Taylor,T.Taylor,WR,https://static.www.nfl.com/image/upload/{formatInstructions}/league/vtuh6trohr5x60eysy87,19,12,5,2,0,2,5,0,1.9352205021104545,4.492500000000001,9.76
2024,PRE,2,2024081852,59812,08/18/2024,4500,SF,3300,NO,home,4,2.9866993023508566,COW532087,4500,Jacob Cowing,J.Cowing,WR,https://static.www.nfl.com/image/upload/{formatInstructions}/league/q8luttpmauwatynr9iti,83,51,5,4,0,4,5,0,2.2572880140594975,7.286000000000001,9.236
2024,PRE,2,2024081852,59812,08/18/2024,4500,SF,3300,NO,home,5,2.9866993023508566,MAR735708,4500,Tay Martin,T.Martin,WR,https://static.www.nfl.com/image/upload/{formatInstructions}/league/bbmsut8vjbfsdwbof5pr,86,17,3,2,0,2,3,0,2.0919530926760475,8.04,11.753333333333332
2024,PRE,2,2024081852,59812,08/18/2024,4500,SF,3300,NO,visitor,1,2.9866993023508566,PER532468,3300,A.T. Perry,A.Perry,WR,https://static.www.nfl.com/image/private/{formatInstructions}/league/hmlejtujw0krefd40edq,17,24,6,2,0,2,6,0,1.746048438899517,4.701666666666667,13.628333333333332
2024,PRE,2,2024081852,59812,08/18/2024,4500,SF,3300,NO,visitor,2,2.9866993023508566,OLA659325,3300,Chris Olave,C.Olave,WR,https://static.www.nfl.com/image/upload/{formatInstructions}/league/riiwbow7zphqmomiazph,12,26,4,3,0,3,4,0,2.3599877968661356,5.74,7.9350000000000005
2024,PRE,2,2024081852,59812,08/18/2024,4500,SF,3300,NO,visitor,3,2.9866993023508566,FAI339781,3300,Mason Fairchild,M.Fairchild,TE,,82,31,3,3,0,3,3,0,4.4746971120725005,7.760000000000001,6.693333333333331
2024,PRE,2,2024081852,59812,08/18/2024,4500,SF,3300,NO,visitor,4,2.9866993023508566,AUS749254,3300,Kevin Austin Jr.,K.Austin,WR,https://static.www.nfl.com/image/private/{formatInstructions}/league/megr5e3icf1gikqjxocz,81,12,3,1,0,1,3,0,3.97095906457796,2.295,12.196666666666664
2024,PRE,2,2024081852,59812,08/18/2024,4500,SF,3300,NO,visitor,5,2.9866993023508566,WIL656498,3300,Ced Wilson,C.Wilson,WR,https://static.www.nfl.com/image/upload/{formatInstructions}/league/vuolr6nwwbrwwc5ldt7f,11,5,2,1,0,1,2,0,2.305601983701638,6.255,7.869999999999999
2024,PRE,3,2024082251,59813,08/22/2024,0920,CIN,2200,IND,home,1,2.9866993023508566,BUR768791,0920,Jermaine Burton,J.Burton,WR,https://static.www.nfl.com/image/upload/{formatInstructions}/league/ifbhq7ghxf2mcvhzuxsz,81,56,5,4,1,4,5,1,1.4069389048953602,2.7375000000000003,16.348
2024,PRE,3,2024082251,59813,08/22/2024,0920,CIN,2200,IND,home,2,2.9866993023508566,JAC546306,0920,Shedrick Jackson,S.Jackson,WR,https://static.www.nfl.com/image/upload/{formatInstructions}/league/zh0yhuppve8b4dsgsix9,12,8,2,1,0,1,2,0,0.844562251074503,1.845,13.91
2024,PRE,3,2024082251,59813,08/22/2024,0920,CIN,2200,IND,home,3,2.9866993023508566,ALL004828,0920,Erick All,E.All,TE,https://static.www.nfl.com/image/upload/{formatInstructions}/league/ifkhcxze7lnxkpzjvsmk,83,10,1,1,0,1,1,0,4.780062761094247,4.64,-4.189999999999998
2024,PRE,3,2024082251,59813,08/22/2024,0920,CIN,2200,IND,home,4,2.9866993023508566,JON160287,0920,Charlie Jones,C.Jones,WR,https://static.www.nfl.com/image/upload/{formatInstructions}/league/tbncr0bm5daiafdei8i8,15,3,1,1,0,1,1,0,3.330165161069342,4.3,0.240000000000002
2024,PRE,3,2024082251,59813,08/22/2024,0920,CIN,2200,IND,visitor,1,2.9866993023508566,GOU228729,2200,Anthony Gould,A.Gould,WR,https://static.www.nfl.com/image/upload/{formatInstructions}/league/dnpsavsditrxjiqobxst,6,25,5,4,0,4,5,0,3.3127402013125233,4.29,1.431999999999999
2024,PRE,3,2024082251,59813,08/22/2024,0920,CIN,2200,IND,visitor,2,2.9866993023508566,MIT056120,2200,Adonai Mitchell,A.Mitchell,WR,https://static.www.nfl.com/image/upload/{formatInstructions}/league/fztxucnxhoxep6utluyc,10,18,4,2,1,2,4,1,4.180055031516518,3.7933333333333334,6.792499999999999
2024,PRE,3,2024082251,59813,08/22/2024,0920,CIN,2200,IND,visitor,3,2.9866993023508566,DUL521764,2200,Ashton Dulin,A.Dulin,WR,https://static.www.nfl.com/image/upload/{formatInstructions}/league/so1vzml0sxv84xoyyr2n,16,11,4,1,0,1,4,0,1.5868675343933953,5.7775,15.5725
2024,PRE,3,2024082251,59813,08/22/2024,0920,CIN,2200,IND,visitor,4,2.9866993023508566,GRA367521,2200,Kylen Granson,K.Granson,TE,https://static.www.nfl.com/image/upload/{formatInstructions}/league/rydvwc7sqwucvx14s8b4,83,17,3,2,0,2,3,0,1.252077644222767,9.113333333333333,6.1866666666666665
2024,PRE,3,2024082251,59813,08/22/2024,0920,CIN,2200,IND,visitor,5,2.9866993023508566,PIT228050,2200,Michael Pittman,M.Pittman,WR,https://static.www.nfl.com/image/private/{formatInstructions}/league/wnymcombo2plamteihiy,11,12,2,1,0,1,2,0,2.8703607663731017,5.74,10.479999999999997
2024,PRE,3,2024082252,59820,08/22/2024,2310,KC,0810,CHI,home,1,2.9866993023508566,HAR069520,2310,Mecole Hardman,M.Hardman,WR,https://static.www.nfl.com/image/upload/{formatInstructions}/league/cfbjutuygqg7imy0qwpt,17,6,4,1,0,1,4,0,1.3436749502665304,9.935,14.957500000000003
2024,PRE,3,2024082252,59820,08/22/2024,2310,KC,0810,CHI,home,2,2.9866993023508566,TON593115,2310,Kadarius Toney,K.Toney,WR,https://static.www.nfl.com/image/private/{formatInstructions}/league/sptr6q2brsttjjg4zkov,19,26,3,2,0,2,3,0,3.7685600844366074,6.163333333333334,17.939999999999998
2024,PRE,3,2024082252,59820,08/22/2024,2310,KC,0810,CHI,home,3,2.9866993023508566,REM240921,2310,Nikko Remigio,N.Remigio,WR,https://static.www.nfl.com/image/private/{formatInstructions}/league/zyfiv72fmfh3unajdnu0,81,1,3,2,0,2,3,0,2.686431848730157,6.69,-1.6933333333333351
2024,PRE,3,2024082252,59820,08/22/2024,2310,KC,0810,CHI,home,4,2.9866993023508566,SHE162216,2310,Kyle Sheets,K.Sheets,WR,,29,0,2,0,0,0,2,0,0.8717342589693795,3.585,6.25
2024,PRE,3,2024082252,59820,08/22/2024,2310,KC,0810,CHI,home,5,2.9866993023508566,WIL054234,2310,Jared Wiley,J.Wiley,TE,https://static.www.nfl.com/image/upload/{formatInstructions}/league/f9bhzz8fogzta1qkg9ms,12,3,2,1,0,1,2,0,2.1464011610972724,8.72,3.679999999999996
2024,PRE,3,2024082252,59820,08/22/2024,2310,KC,0810,CHI,visitor,1,2.9866993023508566,SCO719390,0810,Tyler Scott,T.Scott,WR,https://static.www.nfl.com/image/upload/{formatInstructions}/league/atxk3cex3cedv7drflrw,10,99,9,6,0,6,9,0,3.1479944440747136,6.721111111111111,9.983333333333333
2024,PRE,3,2024082252,59820,08/22/2024,2310,KC,0810,CHI,visitor,2,2.9866993023508566,WEB776382,0810,Nsimba Webster,N.Webster,WR,https://static.www.nfl.com/image/upload/{formatInstructions}/league/ufvxs5eu8ltqoeaogyoo,83,68,4,3,0,3,4,0,2.9059685995721094,3.25,16.775
2024,PRE,3,2024082252,59820,08/22/2024,2310,KC,0810,CHI,visitor,3,2.9866993023508566,SWE393041,0810,Tommy Sweeney,T.Sweeney,TE,https://static.www.nfl.com/image/upload/{formatInstructions}/league/ixhp102leeriycsx1pkl,47,11,3,3,1,3,3,1,6.032774551754109,3.765,3.0133333333333336
2024,PRE,3,2024082252,59820,08/22/2024,2310,KC,0810,CHI,visitor,4,2.9866993023508566,JAC266326,0810,John Jackson,J.Jackson,WR,https://static.www.nfl.com/image/upload/{formatInstructions}/league/smfwhvyidtzd6jpgskjb,26,9,3,2,0,2,3,0,1.7159103435294616,6.753333333333333,5.5299999999999985
2024,PRE,3,2024082252,59820,08/22/2024,2310,KC,0810,CHI,visitor,5,2.9866993023508566,BAT104691,0810,Brenden Bates,B.Bates,TE,https://static.www.nfl.com/image/upload/{formatInstructions}/league/lxstc7cv6dtrynz8kfjn,87,14,3,2,0,2,3,0,1.9837954562322926,6.423333333333335,8.6
2024,PRE,3,2024082351,59814,08/23/2024,0200,ATL,2250,JAX,home,1,2.9866993023508566,WAS075963,0200,Casey Washington,Cas.Washington,WR,https://static.www.nfl.com/image/upload/{formatInstructions}/league/iprpih0l2lfosxoik7j3,82,31,6,2,0,2,6,0,1.189328877662635,5.293333333333334,16.521666666666665
2024,PRE,3,2024082351,59814,08/23/2024,0200,ATL,2250,JAX,home,2,2.9866993023508566,BLA490972,0200,Chris Blair,C.Blair,WR,https://static.www.nfl.com/image/upload/{formatInstructions}/league/kmm35wgunwdsmrywpatc,19,18,4,2,0,2,4,0,1.5189702223743238,2.6425,4.2775
2024,PRE,3,2024082351,59814,08/23/2024,0200,ATL,2250,JAX,home,3,2.9866993023508566,FIT782415,0200,John FitzPatrick,J.FitzPatrick,TE,https://static.www.nfl.com/image/upload/{formatInstructions}/league/fdkx2tdfluku61uxwfno,87,9,3,1,0,1,3,0,4.293403183304206,7.82,2.0733333333333306
2024,PRE,3,2024082351,59814,08/23/2024,0200,ATL,2250,JAX,home,4,2.9866993023508566,MAT566254,0200,Jesse Matthews,Je.Matthews,WR,https://static.www.nfl.com/image/private/{formatInstructions}/league/nayrtsss6wqolfzqth64,86,4,2,1,0,1,2,0,6.515804714637289,10.73,1.4600000000000009
2024,PRE,3,2024082351,59814,08/23/2024,0200,ATL,2250,JAX,home,5,2.9866993023508566,DRU358601,0200,Dylan Drummond,D.Drummond,WR,https://static.www.nfl.com/image/private/{formatInstructions}/league/ccgnmd8kjaujdjqqdr7r,81,5,2,1,0,1,2,0,1.39216279777217,7.53,6.164999999999999
2024,PRE,3,2024082351,59814,08/23/2024,0200,ATL,2250,JAX,visitor,1,2.9866993023508566,WAS604325,2250,Parker Washington,P.Washington,WR,https://static.www.nfl.com/image/private/{formatInstructions}/league/pukz1x5ysxkhvsmcttdm,11,35,5,4,0,4,5,0,2.8430905023793756,7.772,10.27
2024,PRE,3,2024082351,59814,08/23/2024,0200,ATL,2250,JAX,visitor,2,2.9866993023508566,ENG726325,2250,Evan Engram,E.Engram,TE,https://static.www.nfl.com/image/private/{formatInstructions}/league/adr65rbw956sxntlph8a,17,28,4,4,2,4,4,2,3.6969117306566335,4.506666666666667,6.447499999999999
2024,PRE,3,2024082351,59814,08/23/2024,0200,ATL,2250,JAX,visitor,3,2.9866993023508566,DEG703400,2250,Josiah Deguara,J.Deguara,TE,https://static.www.nfl.com/image/upload/{formatInstructions}/league/ppvzbuhwwaus50k2xyr2,81,0,2,0,0,0,2,0,0.6407875652420542,8.24,12.780000000000001
2024,PRE,3,2024082351,59814,08/23/2024,0200,ATL,2250,JAX,visitor,4,2.9866993023508566,COO304211,2250,Elijah Cooks,E.Cooks,WR,https://static.www.nfl.com/image/private/{formatInstructions}/league/kvlvozf6pxeesdqepx0l,14,23,2,2,1,2,2,1,2.6435604850602554,3.3049999999999997,10.64
2024,PRE,3,2024082351,59814,08/23/2024,0200,ATL,2250,JAX,visitor,5,2.9866993023508566,DAV329675,2250,Gabe Davis,G.Davis,WR,https://static.www.nfl.com/image/upload/{formatInstructions}/league/rlmgjtfct5qjtbwcjqg6,0,0,2,0,0,0,2,0,0.7834000809241151,6.74,15.030000000000001
2024,PRE,3,2024082352,59826,08/23/2024,4900,TB,2700,MIA,home,1,2.9866993023508566,THO480148,4900,Cody Thompson,C.Thompson,WR,https://static.www.nfl.com/image/upload/{formatInstructions}/league/dghmeq55sg0rb1ppakkr,83,45,8,7,0,7,8,0,4.152505240809241,4.1899999999999995,6.0425
2024,PRE,3,2024082352,59826,08/23/2024,4900,TB,2700,MIA,home,2,2.9866993023508566,JOH398825,4900,Kameron Johnson,K.Johnson,WR,https://static.www.nfl.com/image/upload/{formatInstructions}/league/uyzrnfwbeejfzkclndvx,9,12,5,3,0,3,5,0,1.834926584488447,7.434,5.4279999999999955
2024,PRE,3,2024082352,59826,08/23/2024,4900,TB,2700,MIA,home,3,2.9866993023508566,MIL545030,4900,Ryan Miller,R.Miller,WR,https://static.www.nfl.com/image/upload/{formatInstructions}/league/maywscb6waflzzuaesew,81,10,4,1,1,1,4,1,0.9996043743621483,2.1475,19.2325
2024,PRE,3,2024082352,59826,08/23/2024,4900,TB,2700,MIA,home,4,2.9866993023508566,KNU159547,4900,Tanner Knue,T.Knue,WR,https://static.www.nfl.com/image/upload/{formatInstructions}/league/hrlfe7abmfw5fixpoict,80,24,2,2,1,2,2,1,2.7124984137759,3.325,13.079999999999998
2024,PRE,3,2024082352,59826,08/23/2024,4900,TB,2700,MIA,home,5,2.9866993023508566,MCM472299,4900,Jalen McMillan,J.McMillan,WR,https://static.www.nfl.com/image/upload/{formatInstructions}/league/zdxkyl8gy4dqiq6evfzp,15,28,1,1,0,1,1,0,1.1321660655575179,2.02,24.46
2024,PRE,3,2024082352,59826,08/23/2024,4900,TB,2700,MIA,visitor,1,2.9866993023508566,RUC033222,2700,Hayden Rucci,H.Rucci,TE,https://static.www.nfl.com/image/upload/{formatInstructions}/league/tmmjxdwbsnvtcsmi8we2,49,44,6,5,1,5,6,1,4.203090208030408,6.72,6.633333333333334
2024,PRE,3,2024082352,59826,08/23/2024,4900,TB,2700,MIA,visitor,2,2.9866993023508566,MCG533065,2700,Kyric McGowan,K.McGowan,WR,https://static.www.nfl.com/image/private/{formatInstructions}/league/hv2z1fjhpmoxswyoncja,87,18,5,3,1,3,5,1,2.7133631973837185,3.5739999999999994,8.12
2024,PRE,3,2024082352,59826,08/23/2024,4900,TB,2700,MIA,visitor,3,2.9866993023508566,BUR768752,2700,Je'Quan Burton,J.Burton,WR,https://static.www.nfl.com/image/upload/{formatInstructions}/league/aofhuenbblohfyptt4pi,42,0,4,0,0,0,4,0,2.489758732159948,6.2700000000000005,11.2425
2024,PRE,3,2024082352,59826,08/23/2024,4900,TB,2700,MIA,visitor,4,2.9866993023508566,SCH747837,2700,Anthony Schwartz,A.Schwartz,WR,https://static.www.nfl.com/image/upload/{formatInstructions}/league/wqrxhwwlgpjkb6w8edgo,84,24,2,2,0,2,2,0,5.0533021969876994,3.775,8.125
2024,PRE,3,2024082352,59826,08/23/2024,4900,TB,2700,MIA,visitor,5,2.9866993023508566,HAR185673,2700,Mike Harley Jr.,M.Harley,WR,https://static.www.nfl.com/image/private/{formatInstructions}/league/wch4fatbyhylrgfkgcw7,4,39,2,2,0,2,2,0,3.6906414911706307,10.65,18.665
2024,PRE,3,2024082353,59821,08/23/2024,2520,LV,4500,SF,home,1,2.9866993023508566,WIL078257,2520,Kristian Wilkerson,K.Wilkerson,WR,https://static.www.nfl.com/image/upload/{formatInstructions}/league/zhuu9xuvbxiy5xyofwxl,83,35,6,3,1,3,6,1,1.6216932024995099,4.903333333333333,8.356666666666667
2024,PRE,3,2024082353,59821,08/23/2024,2520,LV,4500,SF,home,2,2.9866993023508566,GUY706299,2520,Jalen Guyton,J.Guyton,WR,https://static.www.nfl.com/image/upload/{formatInstructions}/league/a6j9njysh2lwdjblxvxw,4,19,4,3,0,3,4,0,3.1883987380367143,5.7924999999999995,8.715000000000002
2024,PRE,3,2024082353,59821,08/23/2024,2520,LV,4500,SF,home,3,2.9866993023508566,FOT207645,2520,Cole Fotheringham,C.Fotheringham,TE,https://static.www.nfl.com/image/upload/{formatInstructions}/league/gsfxvb4mlk0sje5y52fe,85,15,2,1,0,1,2,0,0.7158981262587747,7.45,8.855
2024,PRE,3,2024082353,59821,08/23/2024,2520,LV,4500,SF,home,4,2.9866993023508566,BAC323004,2520,Alex Bachman,A.Bachman,WR,https://static.www.nfl.com/image/upload/{formatInstructions}/league/cwpp03jqrvyacbjbzkxb,33,7,2,1,0,1,2,0,3.543318337947463,4.76,1.4050000000000011
2024,PRE,3,2024082353,59821,08/23/2024,2520,LV,4500,SF,visitor,1,2.9866993023508566,KIT388290,4500,George Kittle,G.Kittle,TE,https://static.www.nfl.com/image/upload/{formatInstructions}/league/ivkrikewqqdllzvano8h,85,34,4,3,0,3,4,0,3.561207629949423,7.3125,6.762500000000001
2024,PRE,3,2024082353,59821,08/23/2024,2520,LV,4500,SF,visitor,2,2.9866993023508566,SAM636097,4500,Deebo Samuel Sr.,D.Samuel,WR,https://static.www.nfl.com/image/upload/{formatInstructions}/league/shqoqpjwwoiexzy6cmgb,1,32,3,2,0,2,3,0,1.701454677621441,3.83,9.1
2024,PRE,3,2024082353,59821,08/23/2024,2520,LV,4500,SF,visitor,3,2.9866993023508566,WIL597331,4500,Brayden Willis,B.Willis,TE,https://static.www.nfl.com/image/upload/{formatInstructions}/league/pz1nzzfellquco7nk65e,9,20,2,2,0,2,2,0,4.934656593876249,6.74,7.335000000000001
2024,PRE,3,2024082353,59821,08/23/2024,2520,LV,4500,SF,visitor,4,2.9866993023508566,CON236839,4500,Chris Conley,C.Conley,WR,https://static.www.nfl.com/image/upload/{formatInstructions}/league/mr4h7vx02uwpr7xlfk6y,18,15,1,1,0,1,1,0,4.847617971746534,1.4,10.649999999999999
2024,PRE,3,2024082451,59815,08/24/2024,0610,BUF,0750,CAR,home,1,2.9866993023508566,DAV104903,0610,Zach Davidson,Z.Davidson,TE,https://static.www.nfl.com/image/upload/{formatInstructions}/league/cxvetoci2tfigdcu27bf,84,23,4,4,0,4,4,0,3.732655881861821,11.49,3.0150000000000023
2024,PRE,3,2024082451,59815,08/24/2024,0610,BUF,0750,CAR,home,2,2.9866993023508566,SHA521110,0610,Tyrell Shavers,T.Shavers,WR,https://static.www.nfl.com/image/upload/{formatInstructions}/league/c9suapwpslnrvoz3ckry,80,15,4,2,0,2,4,0,3.259952748877394,8.365,9.602500000000001
2024,PRE,3,2024082451,59815,08/24/2024,0610,BUF,0750,CAR,home,3,2.9866993023508566,CAI129929,0610,Deon Cain,D.Cain,WR,https://static.www.nfl.com/image/private/{formatInstructions}/league/kuyclflobsosjqnyk7u0,14,28,3,3,0,3,3,0,6.6345739270060236,8.233333333333333,-2.046666666666669
2024,PRE,3,2024082451,59815,08/24/2024,0610,BUF,0750,CAR,home,4,2.9866993023508566,HAM386186,0610,KJ Hamler,K.Hamler,WR,https://static.www.nfl.com/image/upload/{formatInstructions}/league/tft1e8s4emxmx2697duf,19,11,3,3,1,3,3,0,5.516029029855428,10.85,-1.4866666666666692
2024,PRE,3,2024082451,59815,08/24/2024,0610,BUF,0750,CAR,home,5,2.9866993023508566,SHO651252,0610,Justin Shorter,J.Shorter,WR,https://static.www.nfl.com/image/upload/{formatInstructions}/league/ex0ji1bs0dgvsjpy0pxx,18,15,3,2,0,2,3,0,2.6660755277717207,9.906666666666668,7.6433333333333335
2024,PRE,3,2024082451,59815,08/24/2024,0610,BUF,0750,CAR,visitor,1,2.9866993023508566,MAR482288,0750,Terrace Marshall Jr.,T.Marshall,WR,https://static.www.nfl.com/image/private/{formatInstructions}/league/wyzlucfowqdntj6nkh7m,88,39,5,3,1,3,5,1,2.218814957062972,4.223999999999999,15.718
2024,PRE,3,2024082451,59815,08/24/2024,0610,BUF,0750,CAR,visitor,2,2.9866993023508566,MAT569663,0750,Jordan Matthews,J.Matthews,TE,https://static.www.nfl.com/image/private/{formatInstructions}/league/lzmaxofoalitaiiuchm7,81,21,3,3,1,3,3,1,6.426033503459981,8.920000000000002,4.560000000000003
2024,PRE,3,2024082451,59815,08/24/2024,0610,BUF,0750,CAR,visitor,3,2.9866993023508566,COK451291,0750,Jalen Coker,J.Coker,WR,https://static.www.nfl.com/image/upload/{formatInstructions}/league/wk9xewrixauh09f71pqh,18,55,3,3,1,3,3,1,2.399685474975427,5.81,15.956666666666665
2024,PRE,3,2024082451,59815,08/24/2024,0610,BUF,0750,CAR,visitor,4,2.9866993023508566,MOO249444,0750,David Moore,D.Moore,WR,https://static.www.nfl.com/image/private/{formatInstructions}/league/mysdmg1kkmxc6cywb1jh,83,28,3,2,0,2,3,0,4.636926522528902,6.156666666666667,14.463333333333333
2024,PRE,3,2024082451,59815,08/24/2024,0610,BUF,0750,CAR,visitor,5,2.9866993023508566,HOR532134,0750,Jesper Horsted,J.Horsted,TE,https://static.www.nfl.com/image/private/{formatInstructions}/league/mqbodeysdvvvuhkctewa,84,63,2,2,0,2,2,0,3.313225717757529,3.39,20.225
2024,PRE,3,2024082452,59817,08/24/2024,1540,DET,3900,PIT,home,1,2.9866993023508566,ZYL604524,1540,Shane Zylstra,S.Zylstra,TE,https://static.www.nfl.com/image/private/{formatInstructions}/league/e6np1mvcmbxp76d7lbqy,84,29,5,4,0,4,5,0,2.618518416045938,5.564,1.154
2024,PRE,3,2024082452,59817,08/24/2024,1540,DET,3900,PIT,home,2,2.9866993023508566,ALE514921,1540,Maurice Alexander,M.Alexander,WR,https://static.www.nfl.com/image/upload/{formatInstructions}/league/blof2b3roi1ts5zwwqkz,1,60,4,4,0,4,4,0,2.6262189349594176,8.5125,11.167499999999999
2024,PRE,3,2024082452,59817,08/24/2024,1540,DET,3900,PIT,home,3,2.9866993023508566,PEO604060,1540,Donovan Peoples-Jones,D.Peoples-Jones,WR,https://static.www.nfl.com/image/upload/{formatInstructions}/league/sgfgvm2myyrntnmiqojk,19,0,3,0,0,0,3,0,1.9168897201804451,9.280000000000001,6.403333333333336
2024,PRE,3,2024082452,59817,08/24/2024,1540,DET,3900,PIT,home,4,2.9866993023508566,WIL319263,1540,Isaiah Williams,I.Williams,WR,https://static.www.nfl.com/image/upload/{formatInstructions}/league/yoarwrtz1qrxlek5ou8j,83,17,2,1,0,1,2,0,2.6026917110080747,6.720000000000001,10.2
2024,PRE,3,2024082452,59817,08/24/2024,1540,DET,3900,PIT,home,5,2.9866993023508566,CAL396255,1540,Jalon Calhoun,J.Calhoun,WR,https://static.www.nfl.com/image/upload/{formatInstructions}/league/c7lspf3iz8ig78wtelvg,80,37,2,2,0,2,2,0,2.4353411268182845,8.065000000000001,16.545
2024,PRE,3,2024082452,59817,08/24/2024,1540,DET,3900,PIT,visitor,1,2.9866993023508566,MIL546315,3900,Scott Miller,S.Miller,WR,https://static.www.nfl.com/image/upload/{formatInstructions}/league/v5fxl6tig8qarofg0lo1,13,9,3,2,0,2,3,0,2.9720780394050714,8.969999999999999,5.833333333333336
2024,PRE,3,2024082452,59817,08/24/2024,1540,DET,3900,PIT,visitor,2,2.9866993023508566,PIC576156,3900,George Pickens,G.Pickens,WR,https://static.www.nfl.com/image/upload/{formatInstructions}/league/klxzcb6p7ekngcognpiy,14,26,2,2,0,2,2,0,3.2416926205055887,2.47,8.419999999999998
2024,PRE,3,2024082452,59817,08/24/2024,1540,DET,3900,PIT,visitor,3,2.9866993023508566,JEN268724,3900,Jaray Jenkins,J.Jenkins,WR,https://static.www.nfl.com/image/upload/{formatInstructions}/league/t19n4wsw2pmqindq91rt,21,17,2,1,0,1,2,0,1.4673412259089604,2.565,19.950000000000003
2024,PRE,3,2024082452,59817,08/24/2024,1540,DET,3900,PIT,visitor,4,2.9866993023508566,JEF436716,3900,Van Jefferson,V.Jefferson,WR,https://static.www.nfl.com/image/upload/{formatInstructions}/league/v2vkt9htky3xawu8yskx,11,18,2,2,0,2,2,0,4.614697344251132,5.3549999999999995,7.149999999999999
2024,PRE,3,2024082452,59817,08/24/2024,1540,DET,3900,PIT,visitor,5,2.9866993023508566,FIT767415,3900,Dez Fitzpatrick,D.Fitzpatrick,WR,https://static.www.nfl.com/image/upload/{formatInstructions}/league/silczg7a6hqw57vjea7j,82,64,2,2,0,2,2,0,1.3522901659093558,2.605,15.93
2024,PRE,3,2024082453,59818,08/24/2024,1800,GB,0325,BAL,home,1,2.9866993023508566,HEA759997,1800,Malik Heath,M.Heath,WR,https://static.www.nfl.com/image/upload/{formatInstructions}/league/xbhxvulvdrkbz5svka5f,18,39,5,4,1,4,5,1,2.6627394820128973,6.617999999999999,7.188000000000001
2024,PRE,3,2024082453,59818,08/24/2024,1800,GB,0325,BAL,home,2,2.9866993023508566,STA439541,1800,Dimitri Stanley,D.Stanley,WR,https://static.www.nfl.com/image/upload/{formatInstructions}/league/k92lz7r8vuhoqbq3bt22,19,7,3,2,0,2,3,0,4.65257008177773,8.056666666666667,1.5033333333333314
2024,PRE,3,2024082453,59818,08/24/2024,1800,GB,0325,BAL,home,3,2.9866993023508566,MEL575431,1800,Bo Melton,B.Melton,WR,https://static.www.nfl.com/image/upload/{formatInstructions}/league/bhmhwurwugjmymgjforf,80,18,2,1,1,1,2,1,0.9331859684567055,4.78,13.850000000000001
2024,PRE,3,2024082453,59818,08/24/2024,1800,GB,0325,BAL,home,4,2.9866993023508566,PEA467194,1800,Henry Pearson,H.Pearson,TE,https://static.www.nfl.com/image/private/{formatInstructions}/league/nwuhn6inss8ksuvqtrrc,44,4,1,1,0,1,1,0,2.5050349298961874,,2.8100000000000023
2024,PRE,3,2024082453,59818,08/24/2024,1800,GB,0325,BAL,home,5,2.9866993023508566,SIM655854,1800,Ben Sims,B.Sims,TE,https://static.www.nfl.com/image/upload/{formatInstructions}/league/mfl9febpyc8nk2abxcf2,89,0,1,0,0,0,1,0,2.8900173009862766,3.46,1.5999999999999943
2024,PRE,3,2024082453,59818,08/24/2024,1800,GB,0325,BAL,visitor,1,2.9866993023508566,ISM055951,0325,Qadir Ismail,Q.Ismail,WR,https://static.www.nfl.com/image/upload/{formatInstructions}/league/v7jmzl6qmffkuurt9pe8,83,5,4,1,0,1,4,0,4.149662519406613,5.503333333333334,6.585
2024,PRE,3,2024082453,59818,08/24/2024,1800,GB,0325,BAL,visitor,2,2.9866993023508566,WAD341130,0325,Dayton Wade,D.Wade,WR,https://static.www.nfl.com/image/upload/{formatInstructions}/league/jcebht4rbsgbwm5ujhxz,18,5,3,1,0,1,3,0,2.8303957822056947,5.496666666666666,15.783333333333331
2024,PRE,3,2024082453,59818,08/24/2024,1800,GB,0325,BAL,visitor,3,2.9866993023508566,KOL030762,0325,Charlie Kolar,C.Kolar,TE,https://static.www.nfl.com/image/upload/{formatInstructions}/league/n7duzqver13movvgcint,88,14,3,2,0,2,3,0,3.5724088987433618,2.985,2.43333333333333
2024,PRE,3,2024082453,59818,08/24/2024,1800,GB,0325,BAL,visitor,4,2.9866993023508566,WAL125280,0325,Devontez Walker,D.Walker,WR,https://static.www.nfl.com/image/upload/{formatInstructions}/league/jsgddyppttajr7czq18x,81,4,2,1,0,1,2,0,1.7617813775630902,4.475,13.085
2024,PRE,3,2024082453,59818,08/24/2024,1800,GB,0325,BAL,visitor,5,2.9866993023508566,SHA420301,0325,Riley Sharp,R.Sharp,TE,https://static.www.nfl.com/image/upload/{formatInstructions}/league/g34j18nq1vaw20ylievt,84,0,1,1,0,1,1,0,8.48425011418216,,-1.9299999999999997
2024,PRE,3,2024082454,59819,08/24/2024,2120,HOU,2510,LA,home,1,2.9866993023508566,HUT304546,2120,Xavier Hutchinson,X.Hutchinson,WR,https://static.www.nfl.com/image/upload/{formatInstructions}/league/vlxzxhej5ffelkxrqf4g,19,34,7,4,0,4,7,0,3.244326640738837,6.352857142857142,11.04857142857143
2024,PRE,3,2024082454,59819,08/24/2024,2120,HOU,2510,LA,home,2,2.9866993023508566,CEP422041,2120,Quintez Cephus,Q.Cephus,WR,https://static.www.nfl.com/image/private/{formatInstructions}/league/uzgkdl4kf200rcr5pdl2,81,22,5,3,0,3,5,0,1.8544337522111385,8.05,11.114
2024,PRE,3,2024082454,59819,08/24/2024,2120,HOU,2510,LA,home,3,2.9866993023508566,MET373452,2120,John Metchie III,J.Metchie,WR,https://static.www.nfl.com/image/upload/{formatInstructions}/league/zf0d6hiyqnmtst0vwdpv,8,21,3,2,0,2,3,0,4.611437731831301,10.25,12.076666666666666
2024,PRE,3,2024082454,59819,08/24/2024,2120,HOU,2510,LA,home,4,2.9866993023508566,SIM809106,2120,Steven Sims,S.Sims,WR,https://static.www.nfl.com/image/upload/{formatInstructions}/league/rsehft6639kzvqezebqf,82,9,3,1,0,1,3,0,1.3565340173625928,9.086666666666666,10.729999999999999
2024,PRE,3,2024082454,59819,08/24/2024,2120,HOU,2510,LA,home,5,2.9866993023508566,JOH790030,2120,Johnny Johnson III,J.Johnson,WR,https://static.www.nfl.com/image/upload/{formatInstructions}/league/u2syumzxevvv6bfkuttf,88,28,2,2,1,2,2,1,2.7320740404370603,9.835,9.330000000000002
2024,PRE,3,2024082454,59819,08/24/2024,2120,HOU,2510,LA,visitor,1,2.9866993023508566,SMI826503,2510,Xavier Smith,X.Smith,WR,https://static.www.nfl.com/image/upload/{formatInstructions}/league/gbzbvyg2rlzrno7urryj,19,34,5,4,0,4,5,0,2.5361352248146845,4.804,5.884000000000002
2024,PRE,3,2024082454,59819,08/24/2024,2120,HOU,2510,LA,visitor,2,2.9866993023508566,STO504262,2510,Drake Stoops,D.Stoops,WR,https://static.www.nfl.com/image/upload/{formatInstructions}/league/zt0upkhtkzkehmm2qcpl,6,28,3,3,0,3,3,0,3.0749675895084536,6.1866666666666665,7.456666666666668
2024,PRE,3,2024082454,59819,08/24/2024,2120,HOU,2510,LA,visitor,3,2.9866993023508566,FOR521589,2510,Miller Forristall,M.Forristall,TE,https://static.www.nfl.com/image/upload/{formatInstructions}/league/fewy6chb5ajeb0bgb1ou,82,10,3,2,0,2,3,0,3.331075588355276,7.765000000000001,3.2600000000000002
2024,PRE,3,2024082454,59819,08/24/2024,2120,HOU,2510,LA,visitor,4,2.9866993023508566,WIG686964,2510,Sam Wiglusz,S.Wiglusz,WR,,3,0,3,0,0,0,3,0,1.2282460257412902,3.6199999999999997,14.39333333333333
2024,PRE,3,2024082455,59824,08/24/2024,3700,PHI,3000,MIN,home,1,2.9866993023508566,SMI024570,3700,Ainias Smith,A.Smith,WR,https://static.www.nfl.com/image/upload/{formatInstructions}/league/curtawk9bzyg88w5jrg8,82,36,9,6,0,6,9,0,3.8162139598741103,5.698571428571428,4.398888888888886
2024,PRE,3,2024082455,59824,08/24/2024,3700,PHI,3000,MIN,home,2,2.9866993023508566,JEN184122,3700,E.J. Jenkins,E.Jenkins,TE,https://static.www.nfl.com/image/upload/{formatInstructions}/league/utbs1f78kfxb51b6asit,84,15,5,3,0,3,5,0,1.8847476417689049,7.845,7.952000000000001
2024,PRE,3,2024082455,59824,08/24/2024,3700,PHI,3000,MIN,home,3,2.9866993023508566,ROG119107,3700,Armani Rogers,A.Rogers,TE,https://static.www.nfl.com/image/upload/{formatInstructions}/league/g6lmbmhaju4jkhkcbk8u,47,24,4,2,0,2,4,0,1.8313293946743159,10.543333333333335,9.640000000000002
2024,PRE,3,2024082455,59824,08/24/2024,3700,PHI,3000,MIN,home,4,2.9866993023508566,HEB519112,3700,Griffin Hebert,G.Hebert,WR,https://static.www.nfl.com/image/private/{formatInstructions}/league/bjjcunahj65huhawit5t,48,48,3,3,0,3,3,0,0.9867595569052726,3.11,9.846666666666664
2024,PRE,3,2024082455,59824,08/24/2024,3700,PHI,3000,MIN,home,5,2.9866993023508566,CAM230411,3700,Parris Campbell,P.Campbell,WR,https://static.www.nfl.com/image/upload/{formatInstructions}/league/zesqmghc8zchkvhsv9jb,80,34,2,2,0,2,2,0,6.5454799915217725,8.585,7.369999999999997
2024,PRE,3,2024082455,59824,08/24/2024,3700,PHI,3000,MIN,visitor,1,2.9866993023508566,JON463280,3000,Jeshaun Jones,J.Jones,WR,https://static.www.nfl.com/image/upload/{formatInstructions}/league/djpz2vnzz0gwkkxpiywh,82,19,7,4,0,4,7,0,2.2597602505273944,5.418333333333334,5.561428571428572
2024,PRE,3,2024082455,59824,08/24/2024,3700,PHI,3000,MIN,visitor,2,2.9866993023508566,JAC371276,3000,Lucky Jackson,L.Jackson,WR,https://static.www.nfl.com/image/upload/{formatInstructions}/league/wlqua1sexo8klhtqn55g,81,53,6,4,0,4,6,0,3.0376525692978382,5.319999999999999,13.646666666666667
2024,PRE,3,2024082455,59824,08/24/2024,3700,PHI,3000,MIN,visitor,3,2.9866993023508566,HAL406415,3000,Justin Hall,Ju.Hall,WR,https://static.www.nfl.com/image/private/{formatInstructions}/league/h5vesumpp5vrsnuqznkg,49,24,5,2,1,2,5,1,2.6129440545254474,6.756666666666667,4.697999999999999
2024,PRE,3,2024082455,59824,08/24/2024,3700,PHI,3000,MIN,visitor,4,2.9866993023508566,SHE566024,3000,Trent Sherfield,T.Sherfield,WR,https://static.www.nfl.com/image/upload/{formatInstructions}/league/esdvav44ezzmwbwe1rju,11,20,3,3,0,3,3,0,5.5546798448779375,8.61,5.139999999999998
2024,PRE,3,2024082455,59824,08/24/2024,3700,PHI,3000,MIN,visitor,5,2.9866993023508566,JAC607133,3000,Trishton Jackson,Tr.Jackson,WR,https://static.www.nfl.com/image/upload/{formatInstructions}/league/nbns2mugslnthvdesbsn,8,15,2,2,1,2,2,1,3.114434571252822,8.254999999999999,6.1499999999999995
2024,PRE,3,2024082456,59816,08/24/2024,1200,DAL,4400,LAC,home,1,2.9866993023508566,JOH088709,1200,Cam Johnson,C.Johnson,WR,https://static.www.nfl.com/image/upload/{formatInstructions}/league/ouhws4p8rsdfafopohy7,14,22,8,4,0,4,8,0,3.238483353313698,7.225,9.2375
2024,PRE,3,2024082456,59816,08/24/2024,1200,DAL,4400,LAC,home,2,2.9866993023508566,BUR406293,1200,Deontay Burnett,D.Burnett,WR,https://static.www.nfl.com/image/private/{formatInstructions}/league/iyteeepnw4u0hssvjzxe,6,40,6,3,0,3,6,0,2.6828577422156488,7.373333333333334,13.709999999999999
2024,PRE,3,2024082456,59816,08/24/2024,1200,DAL,4400,LAC,home,3,2.9866993023508566,SPA500688,1200,Brevyn Spann-Ford,B.Spann-Ford,TE,https://static.www.nfl.com/image/upload/{formatInstructions}/league/bn9b4pb8om6w3escvitt,47,28,4,3,0,3,4,0,2.7415639125938362,4.59,4.425
2024,PRE,3,2024082456,59816,08/24/2024,1200,DAL,4400,LAC,home,4,2.9866993023508566,JOH711246,1200,Tyron Johnson,T.Johnson,WR,https://static.www.nfl.com/image/private/{formatInstructions}/league/vrm7fxgx1p0cdabbo7ce,13,33,3,2,0,2,3,0,2.7835471826014646,8.336666666666666,15.116666666666667
2024,PRE,3,2024082456,59816,08/24/2024,1200,DAL,4400,LAC,home,5,2.9866993023508566,SCH471986,1200,Luke Schoonmaker,L.Schoonmaker,TE,https://static.www.nfl.com/image/upload/{formatInstructions}/league/fd4exg1hqzlm9sk6ruu6,86,14,3,2,0,2,3,0,3.769298521478385,5.983333333333333,4.263333333333331
2024,PRE,3,2024082456,59816,08/24/2024,1200,DAL,4400,LAC,visitor,1,2.9866993023508566,JOH139638,4400,Cornelius Johnson,C.Johnson,WR,https://static.www.nfl.com/image/upload/{formatInstructions}/league/bqap7vsczl8d5mweawca,86,34,7,3,0,3,7,0,2.3645369742357256,6.211428571428572,13.702857142857143
2024,PRE,3,2024082456,59816,08/24/2024,1200,DAL,4400,LAC,visitor,2,2.9866993023508566,RIC069213,4400,Brenden Rice,B.Rice,WR,https://static.www.nfl.com/image/upload/{formatInstructions}/league/rqes1zyyxghvgmfd3jtt,82,11,7,1,0,1,7,0,1.6186710551042758,3.8657142857142857,16.38857142857143
2024,PRE,3,2024082456,59816,08/24/2024,1200,DAL,4400,LAC,visitor,3,2.9866993023508566,GIL285780,4400,Jaelen Gill,J.Gill,WR,,40,18,3,1,0,1,3,0,2.083320395679129,4.58,16.419999999999998
2024,PRE,3,2024082456,59816,08/24/2024,1200,DAL,4400,LAC,visitor,4,2.9866993023508566,FEH556867,4400,Simi Fehoko,S.Fehoko,WR,https://static.www.nfl.com/image/upload/{formatInstructions}/league/fcso2vvp9tgqjm30qmuq,87,85,2,2,1,2,2,1,2.487926253705785,8.48,22.409999999999997
2024,PRE,3,2024082456,59816,08/24/2024,1200,DAL,4400,LAC,visitor,5,2.9866993023508566,JOH341278,4400,Jaylen Johnson,J.Johnson,WR,https://static.www.nfl.com/image/upload/{formatInstructions}/league/uzgjtijq5nb5lgc1vp1p,39,0,2,0,0,0,2,0,2.677198333115024,5.375,13.0
2024,PRE,3,2024082457,59823,08/24/2024,3430,NYJ,3410,NYG,home,1,2.9866993023508566,BRO826391,3430,Jason Brownlee,J.Brownlee,WR,https://static.www.nfl.com/image/private/{formatInstructions}/league/gjayvfan8adtasfe8xxq,16,29,5,3,0,3,5,0,3.304098459712313,4.83,13.407999999999998
2024,PRE,3,2024082457,59823,08/24/2024,3430,NYJ,3410,NYG,home,2,2.9866993023508566,COR399318,3430,Malachi Corley,M.Corley,WR,,17,5,3,1,0,1,3,0,1.8485771833456799,7.456666666666667,9.959999999999999
2024,PRE,3,2024082457,59823,08/24/2024,3430,NYJ,3410,NYG,home,3,2.9866993023508566,MCC821675,3430,Lance McCutcheon,L.McCutcheon,WR,https://static.www.nfl.com/image/private/{formatInstructions}/league/x4dlonpi6nfs2xzahgrr,85,0,2,0,0,0,2,0,1.216781131347454,5.845000000000001,18.61
2024,PRE,3,2024082457,59823,08/24/2024,3430,NYJ,3410,NYG,home,4,2.9866993023508566,WIN574621,3430,Isaiah Winstead,I.Winstead,WR,,31,0,2,0,0,0,2,0,2.256911385649099,5.66,3.9750000000000014
2024,PRE,3,2024082457,59823,08/24/2024,3430,NYJ,3410,NYG,home,5,2.9866993023508566,KUN184573,3430,Zack Kuntz,Z.Kuntz,TE,https://static.www.nfl.com/image/private/{formatInstructions}/league/ihuzkdkpbrlyv9oihmbg,81,9,2,1,0,1,2,0,2.179696695576213,3.96,13.759999999999998
2024,PRE,3,2024082457,59823,08/24/2024,3430,NYJ,3410,NYG,visitor,1,2.9866993023508566,JIL559722,3410,John Jiles,J.Jiles,WR,,0,21,5,1,0,1,5,0,1.747939145872726,4.446,10.306
2024,PRE,3,2024082457,59823,08/24/2024,3430,NYJ,3410,NYG,visitor,2,2.9866993023508566,ASA586825,3410,Ayir Asante,A.Asante,WR,https://static.www.nfl.com/image/upload/{formatInstructions}/league/az2zn3pxbdlmo56kxune,19,0,3,1,0,1,3,0,2.6962318302593253,7.306666666666666,1.283333333333336
2024,PRE,3,2024082457,59823,08/24/2024,3430,NYJ,3410,NYG,visitor,3,2.9866993023508566,BOY619498,3410,Miles Boykin,M.Boykin,WR,https://static.www.nfl.com/image/upload/{formatInstructions}/league/ep7wtssc82hxzjjdiijt,81,24,3,2,0,2,3,0,2.836059517958429,8.003333333333332,17.3
2024,PRE,3,2024082457,59823,08/24/2024,3430,NYJ,3410,NYG,visitor,4,2.9866993023508566,STO341471,3410,Jack Stoll,J.Stoll,TE,https://static.www.nfl.com/image/upload/{formatInstructions}/league/mgdfot0jqtcby1zfnu79,89,24,3,2,0,2,3,0,4.732568356982554,5.6,5.493333333333333
2024,PRE,3,2024082457,59823,08/24/2024,3430,NYJ,3410,NYG,visitor,5,2.9866993023508566,HOD537222,3410,Isaiah Hodgins,I.Hodgins,WR,https://static.www.nfl.com/image/upload/{formatInstructions}/league/gc1gaxelm41o1luldpek,18,3,2,1,0,1,2,0,1.791258750853651,6.45,8.895
2024,PRE,3,2024082458,59825,08/24/2024,4600,SEA,1050,CLE,home,1,2.9866993023508566,WIN619459,4600,Easop Winston,E.Winston,WR,https://static.www.nfl.com/image/upload/{formatInstructions}/league/qjqlxbgva6thln9lj9n5,13,21,4,3,0,3,4,0,2.152683182268167,6.172499999999999,6.884999999999998
2024,PRE,3,2024082458,59825,08/24/2024,4600,SEA,1050,CLE,home,2,2.9866993023508566,ESK561172,4600,D'Wayne Eskridge,D.Eskridge,WR,https://static.www.nfl.com/image/private/{formatInstructions}/league/lwg4cpbjcdcgoru2emht,1,19,3,3,0,3,3,0,4.134091408393578,6.363333333333333,2.4033333333333338
2024,PRE,3,2024082458,59825,08/24/2024,4600,SEA,1050,CLE,home,3,2.9866993023508566,SHE458893,4600,Laviska Shenault Jr.,L.Shenault,WR,https://static.www.nfl.com/image/upload/{formatInstructions}/league/o3cfpcor86ghjwyn8icp,81,18,3,2,0,2,3,0,4.552507693832168,5.053333333333334,2.486666666666667
2024,PRE,3,2024082458,59825,08/24/2024,4600,SEA,1050,CLE,home,4,2.9866993023508566,MET363377,4600,DK Metcalf,D.Metcalf,WR,https://static.www.nfl.com/image/upload/{formatInstructions}/league/ezpzdcvzlu5ga4uv6oas,14,21,2,1,1,1,2,1,2.76641021144964,5.495,18.03
2024,PRE,3,2024082458,59825,08/24/2024,4600,SEA,1050,CLE,home,5,2.9866993023508566,SMI829636,4600,Jaxon Smith-Njigba,J.Smith-Njigba,WR,https://static.www.nfl.com/image/upload/{formatInstructions}/league/lfroslgx4bo5p641flvg,11,32,2,2,0,2,2,0,0.9150595195921609,3.83,13.665000000000001
2024,PRE,3,2024082458,59825,08/24/2024,4600,SEA,1050,CLE,visitor,1,2.9866993023508566,WOO545683,1050,Mike Woods,M.Woods,WR,https://static.www.nfl.com/image/private/{formatInstructions}/league/qlps63mn8jfsvqgf7cub,81,53,9,5,2,5,9,2,2.300017074080044,6.645714285714285,10.822222222222223
2024,PRE,3,2024082458,59825,08/24/2024,4600,SEA,1050,CLE,visitor,2,2.9866993023508566,WEL130588,1050,Treyton Welch,T.Welch,TE,,82,27,6,5,0,5,6,0,2.9998312069612525,5.816666666666666,2.3266666666666667
2024,PRE,3,2024082458,59825,08/24/2024,4600,SEA,1050,CLE,visitor,3,2.9866993023508566,THR048621,1050,Jamari Thrash,J.Thrash,WR,https://static.www.nfl.com/image/upload/{formatInstructions}/league/khjue5xlvlhzha9znbl3,80,73,6,4,1,4,6,1,4.598271394039338,8.414,13.890000000000002
2024,PRE,3,2024082458,59825,08/24/2024,4600,SEA,1050,CLE,visitor,4,2.9866993023508566,TIL377067,1050,Cedric Tillman,C.Tillman,WR,,19,52,5,4,0,4,5,0,2.1190022082972346,4.6925,9.391999999999998
2024,PRE,3,2024082458,59825,08/24/2024,4600,SEA,1050,CLE,visitor,5,2.9866993023508566,PRO085796,1050,James Proche,J.Proche,WR,https://static.www.nfl.com/image/upload/{formatInstructions}/league/me4h87meacls1jjh0cug,11,26,5,5,1,5,5,1,3.6566359447056875,6.05,3.570000000000003
2024,PRE,3,2024082551,59822,08/25/2024,3300,NO,2100,TEN,home,1,2.9866993023508566,STB563610,3300,Equanimeous St. Brown,E.St. Brown,WR,https://static.www.nfl.com/image/upload/{formatInstructions}/league/yqojuedjvxtydgd9tgpr,13,40,4,3,1,3,4,1,2.046904487187855,5.205,15.585
2024,PRE,3,2024082551,59822,08/25/2024,3300,NO,2100,TEN,home,2,2.9866993023508566,PER532468,3300,A.T. Perry,A.Perry,WR,https://static.www.nfl.com/image/private/{formatInstructions}/league/hmlejtujw0krefd40edq,17,67,4,2,0,2,4,0,3.3943492133660205,2.325,19.6075
2024,PRE,3,2024082551,59822,08/25/2024,3300,NO,2100,TEN,home,3,2.9866993023508566,MEA763692,3300,Bub Means,B.Means,WR,https://static.www.nfl.com/image/upload/{formatInstructions}/league/zo2ojijv5b6bhy2fcjyk,16,17,3,2,0,2,3,0,2.1779780614311304,3.69,7.743333333333333
2024,PRE,3,2024082551,59822,08/25/2024,3300,NO,2100,TEN,home,4,2.9866993023508566,MOR226706,3300,Stanley Morgan,S.Morgan,WR,https://static.www.nfl.com/image/upload/{formatInstructions}/league/wxgibmduh5kodwlvbgct,14,34,3,3,0,3,3,0,3.34751207864255,3.9699999999999998,7.526666666666666
2024,PRE,3,2024082551,59822,08/25/2024,3300,NO,2100,TEN,home,5,2.9866993023508566,FAI339781,3300,Mason Fairchild,M.Fairchild,TE,,82,0,2,0,0,0,2,0,1.452831849116766,3.97,10.93
2024,PRE,3,2024082551,59822,08/25/2024,3300,NO,2100,TEN,visitor,1,2.9866993023508566,MAR796418,2100,David Martin-Robinson,D.Martin-Robinson,TE,https://static.www.nfl.com/image/upload/{formatInstructions}/league/ijqnto6waarhbqizteg0,88,45,4,4,0,4,4,0,4.705451370552812,4.656666666666667,6.102500000000001
2024,PRE,3,2024082551,59822,08/25/2024,3300,NO,2100,TEN,visitor,2,2.9866993023508566,RID652384,2100,Calvin Ridley,C.Ridley,WR,https://static.www.nfl.com/image/private/{formatInstructions}/league/jnknuowszoqaywqoopy7,0,39,3,2,0,2,3,0,4.199050777844834,3.103333333333333,17.596666666666664
2024,PRE,3,2024082551,59822,08/25/2024,3300,NO,2100,TEN,visitor,3,2.9866993023508566,OLI201080,2100,Bryce Oliver,B.Oliver,WR,https://static.www.nfl.com/image/upload/{formatInstructions}/league/njv8cbvhuobk2fe6uslj,80,52,3,3,2,3,3,2,0.9132793517204923,2.16,13.936666666666666
2024,PRE,3,2024082551,59822,08/25/2024,3300,NO,2100,TEN,visitor,4,2.9866993023508566,VAN643509,2100,Nick Vannett,N.Vannett,TE,https://static.www.nfl.com/image/upload/{formatInstructions}/league/srrlkx2mydsb8gfco6fp,84,30,2,2,0,2,2,0,8.175223670802513,6.76,0.17999999999999972
2024,PRE,3,2024082551,59822,08/25/2024,3300,NO,2100,TEN,visitor,5,2.9866993023508566,ODU200895,2100,Thomas Odukoya,T.Odukoya,TE,https://static.www.nfl.com/image/upload/{formatInstructions}/league/q1orevkdiqpclldhtauj,89,10,2,1,0,1,2,0,2.4198063509114736,5.29,8.110000000000003
2024,PRE,3,2024082552,59827,08/25/2024,1400,DEN,3800,ARI,home,1,2.9866993023508566,KRU507134,1400,Lucas Krull,L.Krull,TE,https://static.www.nfl.com/image/upload/{formatInstructions}/league/v3rdtydz7dh4s5oyzejs,85,10,3,1,0,1,3,0,5.0749725098252485,3.51,-1.2100000000000009
2024,PRE,3,2024082552,59827,08/25/2024,1400,DEN,3800,ARI,home,2,2.9866993023508566,BAN237409,1400,Michael Bandy,M.Bandy,WR,https://static.www.nfl.com/image/upload/{formatInstructions}/league/cb7hbygb010pkihgqg1t,83,26,3,2,0,2,3,0,2.289980488295519,4.25,6.096666666666668
2024,PRE,3,2024082552,59827,08/25/2024,1400,DEN,3800,ARI,home,3,2.9866993023508566,DOR488199,1400,Phillip Dorsett,P.Dorsett,WR,https://static.www.nfl.com/image/upload/{formatInstructions}/league/nwsw01lcnmb5bdcc8glp,13,0,3,0,0,0,3,0,2.120936352748005,5.386666666666667,12.26
2024,PRE,3,2024082552,59827,08/25/2024,1400,DEN,3800,ARI,home,4,2.9866993023508566,SIL605330,1400,David Sills,D.Sills,WR,https://static.www.nfl.com/image/upload/{formatInstructions}/league/jksxoph459fmi1w8bhmb,87,38,2,2,0,2,2,0,5.4596873229215195,8.165000000000001,14.825000000000003
2024,PRE,3,2024082552,59827,08/25/2024,1400,DEN,3800,ARI,home,5,2.9866993023508566,ADK346075,1400,Nate Adkins,N.Adkins,TE,https://static.www.nfl.com/image/upload/{formatInstructions}/league/zbvo4oy4twbharwpmsqv,45,20,2,2,1,2,2,1,5.520093683548302,7.97,10.809999999999995
2024,PRE,3,2024082552,59827,08/25/2024,1400,DEN,3800,ARI,visitor,1,2.9866993023508566,WHI639076,3800,Blake Whiteheart,B.Whiteheart,TE,https://static.www.nfl.com/image/upload/{formatInstructions}/league/kv23rcjxqgjemn56fdmm,89,35,6,4,0,4,6,0,3.998076507287806,3.543333333333333,3.7883333333333318
2024,PRE,3,2024082552,59827,08/25/2024,1400,DEN,3800,ARI,visitor,2,2.9866993023508566,PAL661865,3800,Tejhaun Palmer,T.Palmer,WR,https://static.www.nfl.com/image/upload/{formatInstructions}/league/rnqs1ijwasyyw2revnaf,83,23,6,2,0,2,6,0,2.4457336668475653,6.948333333333333,11.066666666666665
2024,PRE,3,2024082552,59827,08/25/2024,1400,DEN,3800,ARI,visitor,3,2.9866993023508566,WEA802270,3800,Xavier Weaver,X.Weaver,WR,https://static.www.nfl.com/image/upload/{formatInstructions}/league/m2tuzam94o1qm46kwmxo,30,56,4,2,0,2,4,0,2.350597341522004,7.279999999999999,21.939999999999998
2024,PRE,3,2024082552,59827,08/25/2024,1400,DEN,3800,ARI,visitor,4,2.9866993023508566,BAC133180,3800,Andre Baccellia,A.Baccellia,WR,https://static.www.nfl.com/image/upload/{formatInstructions}/league/mwpbqdgupuwdvweolfyv,82,31,4,3,0,3,4,0,3.0466657651734543,7.1225000000000005,7.007499999999999
2024,PRE,3,2024082552,59827,08/25/2024,1400,DEN,3800,ARI,visitor,5,2.9866993023508566,BAL305182,3800,Daylen Baldwin,D.Baldwin,WR,https://static.www.nfl.com/image/private/{formatInstructions}/league/azk4fbf1r56sykzhjcku,86,14,3,1,0,1,3,0,1.3307735458907348,5.8500000000000005,15.683333333333332
2024,PRE,3,2024082553,59828,08/25/2024,5110,WAS,3200,NE,home,1,2.9866993023508566,ROS356691,5110,Marcus Rosemy-Jacksaint,M.Rosemy-Jacksaint,WR,https://static.www.nfl.com/image/upload/{formatInstructions}/league/u7wkuzhfmsqlkv3xnryq,83,35,6,4,0,4,6,0,1.5923971898947002,5.011666666666666,13.11
2024,PRE,3,2024082553,59828,08/25/2024,5110,WAS,3200,NE,home,2,2.9866993023508566,TIN524900,5110,Mitchell Tinsley,M.Tinsley,WR,https://static.www.nfl.com/image/upload/{formatInstructions}/league/w6rv7ndjeseespdbpx5u,18,37,5,4,0,4,5,0,3.3080499017308456,4.226,8.28
2024,PRE,3,2024082553,59828,08/25/2024,5110,WAS,3200,NE,home,3,2.9866993023508566,PRI547217,5110,Byron Pringle,B.Pringle,WR,https://static.www.nfl.com/image/private/{formatInstructions}/league/qgwipkdsunodvqlumsmp,13,10,4,1,0,1,4,0,1.6144715026233698,7.2575,16.03
2024,PRE,3,2024082553,59828,08/25/2024,5110,WAS,3200,NE,home,4,2.9866993023508566,TRE689049,5110,Brycen Tremayne,B.Tremayne,WR,,89,-3,3,1,0,1,3,0,3.0047320396583728,7.986666666666667,4.43333333333333
2024,PRE,3,2024082553,59828,08/25/2024,5110,WAS,3200,NE,home,5,2.9866993023508566,TUR239242,5110,Cole Turner,C.Turner,TE,https://static.www.nfl.com/image/upload/{formatInstructions}/league/etikvhuu6qxktyrwthid,85,25,3,1,0,1,3,0,2.0005411909252686,4.0,12.290000000000001
2024,PRE,3,2024082553,59828,08/25/2024,5110,WAS,3200,NE,visitor,1,2.9866993023508566,BAK232522,3200,Javon Baker,J.Baker,WR,https://static.www.nfl.com/image/upload/{formatInstructions}/league/k9junpcjhuulnixdqnqn,6,33,7,2,0,2,7,0,2.2446963770543613,4.777142857142857,16.124285714285712
2024,PRE,3,2024082553,59828,08/25/2024,5110,WAS,3200,NE,visitor,2,2.9866993023508566,DOU259552,3200,Demario Douglas,D.Douglas,WR,https://static.www.nfl.com/image/private/{formatInstructions}/league/svnh61ottqtfmcqvnbj3,3,14,4,3,0,3,4,0,4.257697312634225,8.19,3.1875
2024,PRE,3,2024082553,59828,08/25/2024,5110,WAS,3200,NE,visitor,3,2.9866993023508566,OSB109755,3200,K.J. Osborn,K.Osborn,WR,https://static.www.nfl.com/image/private/{formatInstructions}/league/rbgsvh08nmm29gaiw7pr,2,17,4,2,0,2,4,0,2.3530193562329433,7.71,16.905
2024,PRE,3,2024082553,59828,08/25/2024,5110,WAS,3200,NE,visitor,4,2.9866993023508566,POL136646,3200,Ja'Lynn Polk,J.Polk,WR,,1,33,3,2,0,2,3,0,1.7530251836590314,5.316666666666666,11.146666666666667
2024,PRE,3,2024082553,59828,08/25/2024,5110,WAS,3200,NE,visitor,5,2.9866993023508566,BEL377608,3200,Jaheim Bell,J.Bell,TE,,88,22,3,2,0,2,3,0,1.9528225069436944,2.21,6.343333333333334
2024,REG,1,2024090500,59508,09/05/2024,2310,KC,0325,BAL,home,1,2.9866993023508566,RIC152916,2310,Rashee Rice,R.Rice,WR,https://static.www.nfl.com/image/private/{formatInstructions}/league/zjgi60dvmj5ogvanp201,4,103,9,7,0,7,9,0,3.290941418378036,5.521428571428571,4.495555555555555
2024,REG,1,2024090500,59508,09/05/2024,2310,KC,0325,BAL,home,2,2.9866993023508566,KEL012458,2310,Travis Kelce,T.Kelce,TE,https://static.www.nfl.com/image/upload/{formatInstructions}/league/ilk4qbxxs6mt3v9zfvtg,87,34,4,3,0,3,4,0,3.699892335585855,6.4025,6.4174999999999995
2024,REG,1,2024090500,59508,09/05/2024,2310,KC,0325,BAL,home,3,2.9866993023508566,GRA757316,2310,Noah Gray,N.Gray,TE,https://static.www.nfl.com/image/upload/{formatInstructions}/league/erihh0eiq4m76k2ejvax,83,37,3,3,0,3,3,0,2.3534890203163505,2.9050000000000002,6.946666666666669
2024,REG,1,2024090500,59508,09/05/2024,2310,KC,0325,BAL,home,4,2.9866993023508566,WOR741496,2310,Xavier Worthy,X.Worthy,WR,https://static.www.nfl.com/image/upload/{formatInstructions}/league/fvzbx5gpiqkogglyoo1w,1,47,3,2,1,2,3,1,3.4821326618620048,6.260000000000001,13.363333333333335
2024,REG,1,2024090500,59508,09/05/2024,2310,KC,0325,BAL,home,5,2.9866993023508566,SMI829709,2310,JuJu Smith-Schuster,J.Smith-Schuster,WR,https://static.www.nfl.com/image/private/{formatInstructions}/league/ypoituliieghtndjrzaz,9,0,1,0,0,0,1,0,1.4115239990875115,5.77,12.65
2024,REG,1,2024090500,59508,09/05/2024,2310,KC,0325,BAL,visitor,1,2.9866993023508566,LIK088990,0325,Isaiah Likely,I.Likely,TE,https://static.www.nfl.com/image/upload/{formatInstructions}/league/xmikfnklnpjmzjhbjrur,80,111,12,9,1,9,12,1,5.008181460874578,7.369090909090909,9.411666666666667
2024,REG,1,2024090500,59508,09/05/2024,2310,KC,0325,BAL,visitor,2,2.9866993023508566,FLO577002,0325,Zay Flowers,Z.Flowers,WR,https://static.www.nfl.com/image/upload/{formatInstructions}/league/oidhqwg0fjvanyk57nc1,4,37,10,6,0,6,10,0,4.1672963512301235,7.088571428571429,5.772
2024,REG,1,2024090500,59508,09/05/2024,2310,KC,0325,BAL,visitor,3,2.9866993023508566,BAT103884,0325,Rashod Bateman,R.Bateman,WR,https://static.www.nfl.com/image/upload/{formatInstructions}/league/jkcapzvd65fxivefjv8l,7,53,5,2,0,2,5,0,3.132087812684437,2.492,24.108
2024,REG,1,2024090500,59508,09/05/2024,2310,KC,0325,BAL,visitor,4,2.9866993023508566,AND701433,0325,Mark Andrews,M.Andrews,TE,https://static.www.nfl.com/image/upload/{formatInstructions}/league/y5maejm3puruskwc344y,89,14,2,2,0,2,2,0,3.080061658768339,2.76,5.245000000000001
2024,REG,1,2024090500,59508,09/05/2024,2310,KC,0325,BAL,visitor,5,2.9866993023508566,AGH474619,0325,Nelson Agholor,N.Agholor,WR,https://static.www.nfl.com/image/upload/{formatInstructions}/league/wyxfkarcjgqdz3pl8nnr,15,6,1,1,0,1,1,0,5.126646077115129,3.86,7.3700000000000045
2024,REG,1,2024090600,59509,09/06/2024,3700,PHI,1800,GB,home,1,2.9866993023508566,BRO413223,3700,A.J. Brown,A.Brown,WR,https://static.www.nfl.com/image/private/{formatInstructions}/league/a014sgzctarbvhwb35lw,11,119,10,5,1,5,10,1,2.0261445675719427,6.238999999999999,11.139999999999997
2024,REG,1,2024090600,59509,09/06/2024,3700,PHI,1800,GB,home,2,2.9866993023508566,SMI206016,3700,DeVonta Smith,D.Smith,WR,https://static.www.nfl.com/image/upload/{formatInstructions}/league/bmdflwy52nsk7zpnfhwb,6,84,8,7,0,7,8,0,3.581476911434413,7.44875,7.926249999999999
2024,REG,1,2024090600,59509,09/06/2024,3700,PHI,1800,GB,home,3,2.9866993023508566,GOE595520,3700,Dallas Goedert,D.Goedert,TE,https://static.www.nfl.com/image/upload/{formatInstructions}/league/wfj54vhw1zxwwb3vdi61,88,31,5,4,0,4,5,0,5.420265708301519,6.625,1.0039999999999991
2024,REG,1,2024090600,59509,09/06/2024,3700,PHI,1800,GB,home,4,2.9866993023508566,CAL069215,3700,Grant Calcaterra,G.Calcaterra,TE,https://static.www.nfl.com/image/upload/{formatInstructions}/league/vxl0kathuej280k01d2r,81,11,1,1,0,1,1,0,8.216690331270858,,5.140000000000001
2024,REG,1,2024090600,59509,09/06/2024,3700,PHI,1800,GB,home,5,2.9866993023508566,DOT282798,3700,Jahan Dotson,J.Dotson,WR,https://static.www.nfl.com/image/upload/{formatInstructions}/league/o1ndhqsvh5aygj4kdg5c,83,0,1,0,0,0,1,0,0.7338937252763488,7.02,0.20000000000000284
2024,REG,1,2024090600,59509,09/06/2024,3700,PHI,1800,GB,visitor,1,2.9866993023508566,DOU043165,1800,Romeo Doubs,R.Doubs,WR,https://static.www.nfl.com/image/upload/{formatInstructions}/league/dyulbddqbqshoqdxgo63,87,50,7,4,0,4,7,0,2.430808612098047,7.852857142857142,9.76
2024,REG,1,2024090600,59509,09/06/2024,3700,PHI,1800,GB,visitor,2,2.9866993023508566,REE263142,1800,Jayden Reed,J.Reed,WR,https://static.www.nfl.com/image/upload/{formatInstructions}/league/blh2tfg9qjthqo2g6ot4,11,138,6,4,1,4,6,1,5.316873520594945,7.356,16.85166666666667
2024,REG,1,2024090600,59509,09/06/2024,3700,PHI,1800,GB,visitor,3,2.9866993023508566,WAT316591,1800,Christian Watson,C.Watson,WR,https://static.www.nfl.com/image/upload/{formatInstructions}/league/qenktpex0mep8er8dzxj,9,13,5,3,1,3,5,1,2.407059398757008,7.580000000000001,12.898000000000001
2024,REG,1,2024090600,59509,09/06/2024,3700,PHI,1800,GB,visitor,4,2.9866993023508566,KRA144054,1800,Tucker Kraft,T.Kraft,TE,https://static.www.nfl.com/image/upload/{formatInstructions}/league/klrmgekdzx1ywjjmixp7,85,37,3,2,0,2,3,0,3.4025506434966135,5.056666666666667,3.3133333333333304
2024,REG,1,2024090600,59509,09/06/2024,3700,PHI,1800,GB,visitor,5,2.9866993023508566,WIC622867,1800,Dontayvion Wicks,D.Wicks,WR,https://static.www.nfl.com/image/upload/{formatInstructions}/league/ghsev2bmz8kvhm8dsbey,13,0,3,0,0,0,3,0,3.8145643894185883,7.530000000000001,12.39333333333333
2024,REG,1,2024090800,59510,09/08/2024,0200,ATL,3900,PIT,home,1,2.9866993023508566,MCC417118,0200,Ray-Ray McCloud,R.McCloud,WR,https://static.www.nfl.com/image/upload/{formatInstructions}/league/nvwn3sdihyyd2itjt7vy,34,52,7,4,0,4,7,0,3.011694447054063,7.526666666666666,9.754285714285713
2024,REG,1,2024090800,59510,09/08/2024,0200,ATL,3900,PIT,home,2,2.9866993023508566,MOO076900,0200,Darnell Mooney,D.Mooney,WR,https://static.www.nfl.com/image/upload/{formatInstructions}/league/c1ixyspw0eshl3a2qrly,1,15,3,1,0,1,3,0,1.8836117574163993,6.816666666666666,13.023333333333332
2024,REG,1,2024090800,59510,09/08/2024,0200,ATL,3900,PIT,home,3,2.9866993023508566,LON013463,0200,Drake London,D.London,WR,https://static.www.nfl.com/image/upload/{formatInstructions}/league/wikjazqtt3uunjufgqrf,5,15,3,2,0,2,3,0,1.756699370841196,5.43,8.64
2024,REG,1,2024090800,59510,09/08/2024,0200,ATL,3900,PIT,home,4,2.9866993023508566,PIT516805,0200,Kyle Pitts,K.Pitts,TE,https://static.www.nfl.com/image/upload/{formatInstructions}/league/t8ymqyhvv8i1r80jyhy2,8,26,3,3,1,3,3,1,3.2228939892650796,3.215,9.13
2024,REG,1,2024090800,59510,09/08/2024,0200,ATL,3900,PIT,home,5,2.9866993023508566,WOE138430,0200,Charlie Woerner,C.Woerner,TE,https://static.www.nfl.com/image/upload/{formatInstructions}/league/hllqdtlyjbs2gbdgn6lj,89,4,2,1,0,1,2,0,3.1867779788352664,2.865,2.4349999999999987
2024,REG,1,2024090800,59510,09/08/2024,0200,ATL,3900,PIT,visitor,1,2.9866993023508566,PIC576156,3900,George Pickens,G.Pickens,WR,https://static.www.nfl.com/image/upload/{formatInstructions}/league/klxzcb6p7ekngcognpiy,14,85,7,6,0,6,7,0,2.6658923878487095,7.03,13.632857142857144
2024,REG,1,2024090800,59510,09/08/2024,0200,ATL,3900,PIT,visitor,2,2.9866993023508566,FRE439769,3900,Pat Freiermuth,P.Freiermuth,TE,https://static.www.nfl.com/image/upload/{formatInstructions}/league/sozfjyy3bmntjv8tmqah,88,27,4,4,0,4,4,0,3.77904084217612,6.330000000000001,2.932500000000001
2024,REG,1,2024090800,59510,09/08/2024,0200,ATL,3900,PIT,visitor,3,2.9866993023508566,AUS738004,3900,Calvin Austin III,C.Austin,WR,https://static.www.nfl.com/image/private/{formatInstructions}/league/qlt6ztqcbu0uzad6aavt,19,7,2,1,0,1,2,0,1.486238708040545,9.305,5.710000000000001
2024,REG,1,2024090800,59510,09/08/2024,0200,ATL,3900,PIT,visitor,4,2.9866993023508566,JEF436716,3900,Van Jefferson,V.Jefferson,WR,https://static.www.nfl.com/image/upload/{formatInstructions}/league/v2vkt9htky3xawu8yskx,11,1,2,1,0,1,2,0,7.282795455177893,6.83,0.16999999999999815
2024,REG,1,2024090800,59510,09/08/2024,0200,ATL,3900,PIT,visitor,5,2.9866993023508566,PRU720361,3900,MyCole Pruitt,M.Pruitt,TE,https://static.www.nfl.com/image/upload/{formatInstructions}/league/jazo8egu5luwyxxcpjh8,81,9,2,1,0,1,2,0,3.233428463216975,9.28,5.189999999999998
2024,REG,1,2024090801,59511,09/08/2024,0610,BUF,3800,ARI,home,1,2.9866993023508566,COL295571,0610,Keon Coleman,K.Coleman,WR,https://static.www.nfl.com/image/upload/{formatInstructions}/league/ipwpdgb0cm3xy3d8zu1l,0,51,5,4,0,4,5,0,2.6630234289428696,4.834,9.528
2024,REG,1,2024090801,59511,09/08/2024,0610,BUF,3800,ARI,home,2,2.9866993023508566,SHA107427,0610,Khalil Shakir,K.Shakir,WR,https://static.www.nfl.com/image/upload/{formatInstructions}/league/ch2yarhiobqlvr9ls2yw,10,42,3,3,1,3,3,1,5.209248023512679,6.41,3.616666666666665
2024,REG,1,2024090801,59511,09/08/2024,0610,BUF,3800,ARI,home,3,2.9866993023508566,SAM633285,0610,Curtis Samuel,C.Samuel,WR,https://static.www.nfl.com/image/upload/{formatInstructions}/league/mq62ulflifrpjrcyknbj,1,15,2,2,0,2,2,0,5.543740556505266,6.715,1.1300000000000026
2024,REG,1,2024090801,59511,09/08/2024,0610,BUF,3800,ARI,home,4,2.9866993023508566,VAL142116,0610,Marquez Valdes-Scantling,M.Valdes-Scantling,WR,https://static.www.nfl.com/image/upload/{formatInstructions}/league/voutjbaunuwmyp6ywy5n,15,19,2,1,0,1,2,0,3.3738000466629,7.875,26.944999999999997
2024,REG,1,2024090801,59511,09/08/2024,0610,BUF,3800,ARI,home,5,2.9866993023508566,KNO490795,0610,Dawson Knox,D.Knox,TE,https://static.www.nfl.com/image/upload/{formatInstructions}/league/uazfj5l5vzow2oyfa1s6,88,23,2,1,0,1,2,0,1.9057669287233812,5.375,9.834999999999997
2024,REG,1,2024090801,59511,09/08/2024,0610,BUF,3800,ARI,visitor,1,2.9866993023508566,MCB743360,3800,Trey McBride,T.McBride,TE,https://static.www.nfl.com/image/upload/{formatInstructions}/league/hfdgljgi9gfaskomdl1h,85,30,9,5,0,5,9,0,2.761309114202844,6.858750000000001,8.33111111111111
2024,REG,1,2024090801,59511,09/08/2024,0610,BUF,3800,ARI,visitor,2,2.9866993023508566,DOR793727,3800,Greg Dortch,G.Dortch,WR,https://static.www.nfl.com/image/upload/{formatInstructions}/league/gkog6lrht3rnktwiberj,4,47,8,6,0,6,8,0,2.961068881132821,6.094285714285715,7.368750000000001
2024,REG,1,2024090801,59511,09/08/2024,0610,BUF,3800,ARI,visitor,3,2.9866993023508566,HAR648677,3800,Marvin Harrison Jr.,M.Harrison,WR,https://static.www.nfl.com/image/upload/{formatInstructions}/league/o6hg5zeofmxvzjjpo2sf,18,4,3,1,0,1,3,0,3.0550140885181527,4.02,10.24
2024,REG,1,2024090801,59511,09/08/2024,0610,BUF,3800,ARI,visitor,4,2.9866993023508566,WIL752419,3800,Michael Wilson,Mi.Wilson,WR,https://static.www.nfl.com/image/upload/{formatInstructions}/league/spsbduvpqe21tgkwhvbc,14,5,2,1,1,1,2,1,2.2530843034536456,4.885,14.345000000000002
2024,REG,1,2024090801,59511,09/08/2024,0610,BUF,3800,ARI,visitor,5,2.9866993023508566,HIG138430,3800,Elijah Higgins,E.Higgins,TE,https://static.www.nfl.com/image/upload/{formatInstructions}/league/sodpdh4uhbhzjxbnmao1,84,12,2,2,0,2,2,0,4.314668085397002,4.140000000000001,1.399999999999995
2024,REG,1,2024090802,59512,09/08/2024,0810,CHI,2100,TEN,home,1,2.9866993023508566,ALL532966,0810,Keenan Allen,K.Allen,WR,https://static.www.nfl.com/image/upload/{formatInstructions}/league/lngo1onvkcqjnq7ozkuu,13,29,11,4,0,4,11,0,2.7100130910263527,6.27,10.996363636363636
2024,REG,1,2024090802,59512,09/08/2024,0810,CHI,2100,TEN,home,2,2.9866993023508566,MOO272423,0810,DJ Moore,D.Moore,WR,https://static.www.nfl.com/image/upload/{formatInstructions}/league/hqb9xnzm9brx79zl6wve,2,36,8,5,0,5,8,0,2.34225899776826,4.74,6.70875
2024,REG,1,2024090802,59512,09/08/2024,0810,CHI,2100,TEN,home,3,2.9866993023508566,ODU426541,0810,Rome Odunze,R.Odunze,WR,https://static.www.nfl.com/image/upload/{formatInstructions}/league/labs8tstecnehvzfmrs5,15,11,4,1,0,1,4,0,3.1867059486361153,4.069999999999999,5.8675
2024,REG,1,2024090802,59512,09/08/2024,0810,CHI,2100,TEN,home,4,2.9866993023508566,CAR641798,0810,DeAndre Carter,D.Carter,WR,https://static.www.nfl.com/image/private/{formatInstructions}/league/mh4cvggohuakwwhobzrk,11,6,2,1,0,1,2,0,2.470015984066077,5.22,18.310000000000002
2024,REG,1,2024090802,59512,09/08/2024,0810,CHI,2100,TEN,home,5,2.9866993023508566,JON826251,0810,Velus Jones Jr.,V.Jones,WR,https://static.www.nfl.com/image/private/{formatInstructions}/league/gb06eaw6prinklkdkv2d,12,8,1,1,0,1,1,0,8.388235809751663,,-5.150000000000006
2024,REG,1,2024090802,59512,09/08/2024,0810,CHI,2100,TEN,visitor,1,2.9866993023508566,RID652384,2100,Calvin Ridley,C.Ridley,WR,https://static.www.nfl.com/image/private/{formatInstructions}/league/jnknuowszoqaywqoopy7,0,50,7,3,0,3,7,0,2.344080427915075,6.467142857142856,21.330000000000002
2024,REG,1,2024090802,59512,09/08/2024,0810,CHI,2100,TEN,visitor,2,2.9866993023508566,BOY378353,2100,Tyler Boyd,T.Boyd,WR,https://static.www.nfl.com/image/upload/{formatInstructions}/league/ttifog0hjxprlhkagugu,83,18,5,3,0,3,5,0,2.38385434224624,6.338,7.562
2024,REG,1,2024090802,59512,09/08/2024,0810,CHI,2100,TEN,visitor,3,2.9866993023508566,VAN643509,2100,Nick Vannett,N.Vannett,TE,https://static.www.nfl.com/image/upload/{formatInstructions}/league/srrlkx2mydsb8gfco6fp,84,11,2,2,0,2,2,0,6.14406150747417,1.4700000000000002,0.2749999999999986
2024,REG,1,2024090802,59512,09/08/2024,0810,CHI,2100,TEN,visitor,4,2.9866993023508566,OKO283611,2100,Chig Okonkwo,C.Okonkwo,TE,https://static.www.nfl.com/image/upload/{formatInstructions}/league/ut2gqeq2lowknrro0wlu,85,15,2,2,1,2,2,1,2.7325484295429034,2.57,11.42
2024,REG,1,2024090802,59512,09/08/2024,0810,CHI,2100,TEN,visitor,5,2.9866993023508566,BUR321327,2100,Treylon Burks,T.Burks,WR,https://static.www.nfl.com/image/upload/{formatInstructions}/league/xinnrxloao8wvyps7e3m,16,2,2,1,0,1,2,0,2.278948486861146,3.785,3.0700000000000003
2024,REG,1,2024090803,59513,09/08/2024,0920,CIN,3200,NE,home,1,2.9866993023508566,IOS307886,0920,Andrei Iosivas,A.Iosivas,WR,https://static.www.nfl.com/image/upload/{formatInstructions}/league/pgbqgzrxmbnmpcnkhsya,80,26,6,3,0,3,6,0,2.3550492763023674,6.914999999999999,7.926666666666666
2024,REG,1,2024090803,59513,09/08/2024,0920,CIN,3200,NE,home,2,2.9866993023508566,CHA694469,0920,Ja'Marr Chase,J.Chase,WR,https://static.www.nfl.com/image/upload/{formatInstructions}/league/qkcb3qt2fhasfgtfuprd,1,62,6,6,0,6,6,0,4.429102123186631,6.034000000000001,6.368333333333333
2024,REG,1,2024090803,59513,09/08/2024,0920,CIN,3200,NE,home,3,2.9866993023508566,GES490798,0920,Mike Gesicki,M.Gesicki,TE,https://static.www.nfl.com/image/upload/{formatInstructions}/league/zabpknonv9ozmkyw4qqt,88,18,4,3,0,3,4,0,2.4632803585082517,6.52,8.86
2024,REG,1,2024090803,59513,09/08/2024,0920,CIN,3200,NE,home,4,2.9866993023508566,HUD753368,0920,Tanner Hudson,T.Hudson,TE,https://static.www.nfl.com/image/upload/{formatInstructions}/league/fbtxfvqvgv0al8msbr1e,87,18,3,2,0,2,3,0,2.665846177442051,3.6933333333333334,3.3599999999999994
2024,REG,1,2024090803,59513,09/08/2024,0920,CIN,3200,NE,home,5,2.9866993023508566,IRW629310,0920,Trenton Irwin,T.Irwin,WR,https://static.www.nfl.com/image/upload/{formatInstructions}/league/q6yiyvs3vlibz7w0wa9b,16,6,2,1,0,1,2,0,3.3843246273325125,7.3500000000000005,13.920000000000002
2024,REG,1,2024090803,59513,09/08/2024,0920,CIN,3200,NE,visitor,1,2.9866993023508566,OSB109755,3200,K.J. Osborn,K.Osborn,WR,https://static.www.nfl.com/image/private/{formatInstructions}/league/rbgsvh08nmm29gaiw7pr,2,21,6,3,0,3,6,0,2.1715029917468756,4.958,4.428333333333331
2024,REG,1,2024090803,59513,09/08/2024,0920,CIN,3200,NE,visitor,2,2.9866993023508566,HOO570770,3200,Austin Hooper,A.Hooper,TE,https://static.www.nfl.com/image/private/{formatInstructions}/league/jp2z8s6pcanbitupycwc,81,31,4,2,0,2,4,0,3.19010118013845,8.28,6.42
2024,REG,1,2024090803,59513,09/08/2024,0920,CIN,3200,NE,visitor,3,2.9866993023508566,DOU259552,3200,Demario Douglas,D.Douglas,WR,https://static.www.nfl.com/image/private/{formatInstructions}/league/svnh61ottqtfmcqvnbj3,3,12,3,2,0,2,3,0,5.377458874139332,2.9133333333333336,7.446666666666668
2024,REG,1,2024090803,59513,09/08/2024,0920,CIN,3200,NE,visitor,4,2.9866993023508566,THO797153,3200,Tyquan Thornton,T.Thornton,WR,https://static.www.nfl.com/image/private/{formatInstructions}/league/p1kulrgf4v2grethuefi,11,27,3,2,0,2,3,0,3.387004951414824,3.733333333333334,17.12333333333333
2024,REG,1,2024090803,59513,09/08/2024,0920,CIN,3200,NE,visitor,5,2.9866993023508566,HEN617052,3200,Hunter Henry,H.Henry,TE,https://static.www.nfl.com/image/private/{formatInstructions}/league/sdjob9akppefyo7py5tj,85,18,3,2,0,2,3,0,3.21010013324922,7.026666666666666,10.336666666666666
2024,REG,1,2024090804,59514,09/08/2024,2200,IND,2120,HOU,home,1,2.9866993023508566,PIT228050,2200,Michael Pittman,M.Pittman,WR,https://static.www.nfl.com/image/private/{formatInstructions}/league/wnymcombo2plamteihiy,11,31,8,4,0,4,8,0,1.94633571424654,8.1525,9.472499999999998
2024,REG,1,2024090804,59514,09/08/2024,2200,IND,2120,HOU,home,2,2.9866993023508566,MIT056120,2200,Adonai Mitchell,A.Mitchell,WR,https://static.www.nfl.com/image/upload/{formatInstructions}/league/fztxucnxhoxep6utluyc,10,2,5,1,0,1,5,0,3.1592405100156085,8.47,17.212
2024,REG,1,2024090804,59514,09/08/2024,2200,IND,2120,HOU,home,3,2.9866993023508566,PIE185673,2200,Alec Pierce,A.Pierce,WR,https://static.www.nfl.com/image/upload/{formatInstructions}/league/hvtcpccoigf9cghzkxcg,14,125,3,3,1,3,3,1,2.467918880788327,7.483333333333334,38.29
2024,REG,1,2024090804,59514,09/08/2024,2200,IND,2120,HOU,home,4,2.9866993023508566,DUL521764,2200,Ashton Dulin,A.Dulin,WR,https://static.www.nfl.com/image/upload/{formatInstructions}/league/so1vzml0sxv84xoyyr2n,16,54,1,1,1,1,1,1,2.5343243675583427,,18.159999999999997
2024,REG,1,2024090804,59514,09/08/2024,2200,IND,2120,HOU,home,5,2.9866993023508566,ALI177980,2200,Mo Alie-Cox,M.Alie-Cox,TE,https://static.www.nfl.com/image/upload/{formatInstructions}/league/f4orwwthvtcyd3vfqjvs,81,0,1,0,0,0,1,0,0.6907966415668229,4.71,8.650000000000006
2024,REG,1,2024090804,59514,09/08/2024,2200,IND,2120,HOU,visitor,1,2.9866993023508566,COL654119,2120,Nico Collins,N.Collins,WR,https://static.www.nfl.com/image/upload/{formatInstructions}/league/q7c9aq8rpremfygslmya,12,117,8,6,0,6,8,0,1.8682709708877585,6.30625,15.823749999999999
2024,REG,1,2024090804,59514,09/08/2024,2200,IND,2120,HOU,visitor,2,2.9866993023508566,DEL440817,2120,Tank Dell,T.Dell,WR,https://static.www.nfl.com/image/upload/{formatInstructions}/league/tqxgovzlhxj0jnwkcvtq,3,40,7,3,0,3,7,0,2.593566628828454,8.961428571428572,16.072857142857142
2024,REG,1,2024090804,59514,09/08/2024,2200,IND,2120,HOU,visitor,3,2.9866993023508566,DIG218895,2120,Stefon Diggs,S.Diggs,WR,https://static.www.nfl.com/image/upload/{formatInstructions}/league/to2qwuffjnjlouctglsl,1,33,6,6,2,6,6,2,3.645639894928133,7.69,1.586666666666667
2024,REG,1,2024090804,59514,09/08/2024,2200,IND,2120,HOU,visitor,4,2.9866993023508566,SCH647271,2120,Dalton Schultz,D.Schultz,TE,https://static.www.nfl.com/image/upload/{formatInstructions}/league/ooatvpu1knzypdmjljo9,86,16,3,3,0,3,3,0,3.0797025643427545,8.54,3.7233333333333385
2024,REG,1,2024090804,59514,09/08/2024,2200,IND,2120,HOU,visitor,5,2.9866993023508566,JOR035760,2120,Brevin Jordan,B.Jordan,TE,https://static.www.nfl.com/image/upload/{formatInstructions}/league/sw6kge0me7ei8opbvfjq,9,3,2,1,0,1,2,0,5.642600927285137,3.51,-2.035
2024,REG,1,2024090805,59515,09/08/2024,2700,MIA,2250,JAX,home,1,2.9866993023508566,HIL628694,2700,Tyreek Hill,T.Hill,WR,https://static.www.nfl.com/image/upload/{formatInstructions}/league/gdwjlpbkenmnsibawkht,10,130,12,7,1,7,12,1,3.696642852625381,5.246666666666666,11.274166666666668
2024,REG,1,2024090805,59515,09/08/2024,2700,MIA,2250,JAX,home,2,2.9866993023508566,WAD088683,2700,Jaylen Waddle,J.Waddle,WR,https://static.www.nfl.com/image/private/{formatInstructions}/league/qjsz2h6shbdnksctzeka,17,109,5,5,0,5,5,0,2.873320552964898,3.7560000000000002,13.536000000000001
2024,REG,1,2024090805,59515,09/08/2024,2700,MIA,2250,JAX,home,3,2.9866993023508566,SMY283236,2700,Durham Smythe,D.Smythe,TE,https://static.www.nfl.com/image/upload/{formatInstructions}/league/twxkgrnpjotgyhwawfsv,81,0,3,0,0,0,3,0,1.3881580462748497,5.213333333333334,5.256666666666668
2024,REG,1,2024090805,59515,09/08/2024,2700,MIA,2250,JAX,home,4,2.9866993023508566,BER456050,2700,Braxton Berrios,B.Berrios,WR,https://static.www.nfl.com/image/upload/{formatInstructions}/league/yvzkjvb0ieeszxribqc9,0,0,2,0,0,0,2,0,0.9139494212835575,2.91,6.955000000000002
2024,REG,1,2024090805,59515,09/08/2024,2700,MIA,2250,JAX,home,5,2.9866993023508566,SMI443054,2700,Jonnu Smith,J.Smith,TE,https://static.www.nfl.com/image/upload/{formatInstructions}/league/p8uldtljkzb6sile3wgx,9,7,2,1,0,1,2,0,5.03870284266948,7.654999999999999,0.9100000000000037
2024,REG,1,2024090805,59515,09/08/2024,2700,MIA,2250,JAX,visitor,1,2.9866993023508566,KIR257918,2250,Christian Kirk,C.Kirk,WR,https://static.www.nfl.com/image/private/{formatInstructions}/league/ersmmtjmjlpsy9lmjvde,13,30,4,1,0,1,4,0,3.546290720575218,4.223333333333334,12.470000000000002
2024,REG,1,2024090805,59515,09/08/2024,2700,MIA,2250,JAX,visitor,2,2.9866993023508566,ENG726325,2250,Evan Engram,E.Engram,TE,https://static.www.nfl.com/image/private/{formatInstructions}/league/adr65rbw956sxntlph8a,17,5,4,1,0,1,4,0,2.3689703635090353,9.263333333333334,7.182499999999999
2024,REG,1,2024090805,59515,09/08/2024,2700,MIA,2250,JAX,visitor,3,2.9866993023508566,THO419793,2250,Brian Thomas Jr.,B.Thomas,WR,https://static.www.nfl.com/image/upload/{formatInstructions}/league/gsz15iz0ppibhslzzgch,7,47,4,4,1,4,4,1,3.348223384892595,8.015,11.997500000000002
2024,REG,1,2024090805,59515,09/08/2024,2700,MIA,2250,JAX,visitor,4,2.9866993023508566,DAV329675,2250,Gabe Davis,G.Davis,WR,https://static.www.nfl.com/image/upload/{formatInstructions}/league/rlmgjtfct5qjtbwcjqg6,0,62,3,3,0,3,3,0,4.0655064008086415,4.773333333333333,15.996666666666668
2024,REG,1,2024090805,59515,09/08/2024,2700,MIA,2250,JAX,visitor,5,2.9866993023508566,WAS604325,2250,Parker Washington,P.Washington,WR,https://static.www.nfl.com/image/private/{formatInstructions}/league/pukz1x5ysxkhvsmcttdm,11,3,1,1,0,1,1,0,4.969798788683494,7.75,-1.5799999999999983
2024,REG,1,2024090806,59516,09/08/2024,3300,NO,0750,CAR,home,1,2.9866993023508566,SHA089447,3300,Rashid Shaheed,R.Shaheed,WR,https://static.www.nfl.com/image/upload/{formatInstructions}/league/mnaref4vwyau8mbsp0ri,22,73,5,3,1,3,5,1,3.589928980778211,8.1425,18.947999999999997
2024,REG,1,2024090806,59516,09/08/2024,3300,NO,0750,CAR,home,2,2.9866993023508566,MOR096402,3300,Foster Moreau,F.Moreau,TE,https://static.www.nfl.com/image/upload/{formatInstructions}/league/hfcik9okcbwsbhgoaljy,87,43,4,4,1,4,4,1,3.4015742994127716,3.9699999999999998,10.989999999999998
2024,REG,1,2024090806,59516,09/08/2024,3300,NO,0750,CAR,home,3,2.9866993023508566,JOH398789,3300,Juwan Johnson,J.Johnson,TE,https://static.www.nfl.com/image/upload/{formatInstructions}/league/pdsl9w3agc9uvjqpq1jy,83,26,3,2,1,2,3,1,1.6954804245680295,6.926666666666667,15.190000000000003
2024,REG,1,2024090806,59516,09/08/2024,3300,NO,0750,CAR,home,4,2.9866993023508566,HIL609597,3300,Taysom Hill,T.Hill,TE,https://static.www.nfl.com/image/upload/{formatInstructions}/league/q8itjlocg5do60qat4l3,7,1,2,1,0,1,2,0,1.8027803796312152,9.22,14.18
2024,REG,1,2024090806,59516,09/08/2024,3300,NO,0750,CAR,home,5,2.9866993023508566,OLA659325,3300,Chris Olave,C.Olave,WR,https://static.www.nfl.com/image/upload/{formatInstructions}/league/riiwbow7zphqmomiazph,12,11,2,2,0,2,2,0,2.893498818416999,8.505,6.629999999999999
2024,REG,1,2024090806,59516,09/08/2024,3300,NO,0750,CAR,visitor,1,2.9866993023508566,LEG145351,0750,Xavier Legette,X.Legette,WR,https://static.www.nfl.com/image/upload/{formatInstructions}/league/a3etuvp3kqtwmtkioq8g,17,35,7,4,0,4,7,0,1.7572359421222856,7.132857142857143,16.447142857142858
2024,REG,1,2024090806,59516,09/08/2024,3300,NO,0750,CAR,visitor,2,2.9866993023508566,JOH000017,0750,Diontae Johnson,Dio.Johnson,WR,https://static.www.nfl.com/image/upload/{formatInstructions}/league/syk5xhvwikwmbaplpm8k,5,19,6,2,0,2,6,0,2.5754164872888805,3.4316666666666666,8.94
2024,REG,1,2024090806,59516,09/08/2024,3300,NO,0750,CAR,visitor,3,2.9866993023508566,MIN170999,0750,Jonathan Mingo,J.Mingo,WR,https://static.www.nfl.com/image/private/{formatInstructions}/league/ie1yo3orpq0mqemptnko,15,40,5,2,0,2,5,0,3.3190880643569116,5.7299999999999995,7.626000000000002
2024,REG,1,2024090806,59516,09/08/2024,3300,NO,0750,CAR,visitor,4,2.9866993023508566,THI510348,0750,Adam Thielen,A.Thielen,WR,https://static.www.nfl.com/image/private/{formatInstructions}/league/kmldtl8p9h7h5dzvkwsw,19,49,4,3,0,3,4,0,3.4391593695009286,6.525,14.260000000000002
2024,REG,1,2024090806,59516,09/08/2024,3300,NO,0750,CAR,visitor,5,2.9866993023508566,MOO249444,0750,David Moore,D.Moore,WR,https://static.www.nfl.com/image/private/{formatInstructions}/league/mysdmg1kkmxc6cywb1jh,83,14,3,1,0,1,3,0,5.544423046902782,8.023333333333333,9.576666666666668
2024,REG,1,2024090807,59517,09/08/2024,3410,NYG,3000,MIN,home,1,2.9866993023508566,ROB717726,3410,Wan'Dale Robinson,W.Robinson,WR,https://static.www.nfl.com/image/upload/{formatInstructions}/league/z94hnehk9vgmvtad6sgi,17,44,12,6,0,6,12,0,3.62825719862801,9.16111111111111,4.841666666666666
2024,REG,1,2024090807,59517,09/08/2024,3410,NYG,3000,MIN,home,2,2.9866993023508566,NAB400459,3410,Malik Nabers,M.Nabers,WR,https://static.www.nfl.com/image/upload/{formatInstructions}/league/w3edoyyuomqlovvp9ixc,1,66,7,5,0,5,7,0,3.8539147069224233,5.421666666666667,6.6242857142857146
2024,REG,1,2024090807,59517,09/08/2024,3410,NYG,3000,MIN,home,3,2.9866993023508566,SLA500077,3410,Darius Slayton,D.Slayton,WR,https://static.www.nfl.com/image/upload/{formatInstructions}/league/zhm6evj813ucss03ndlx,86,26,4,3,0,3,4,0,2.838073432018305,6.302499999999999,8.7775
2024,REG,1,2024090807,59517,09/08/2024,3410,NYG,3000,MIN,home,4,2.9866993023508566,JOH679524,3410,Theo Johnson,T.Johnson,TE,https://static.www.nfl.com/image/upload/{formatInstructions}/league/gljwzcxubvoqjxwnakze,84,18,4,1,0,1,4,0,4.933753147520044,7.396666666666666,7.097500000000002
2024,REG,1,2024090807,59517,09/08/2024,3410,NYG,3000,MIN,home,5,2.9866993023508566,HYA420916,3410,Jalin Hyatt,J.Hyatt,WR,https://static.www.nfl.com/image/private/{formatInstructions}/league/ibftqfglvcqaipfdnr4f,13,0,1,0,0,0,1,0,6.292217415188385,2.5,14.04
2024,REG,1,2024090807,59517,09/08/2024,3410,NYG,3000,MIN,visitor,1,2.9866993023508566,JEF269287,3000,Justin Jefferson,J.Jefferson,WR,https://static.www.nfl.com/image/upload/{formatInstructions}/league/vrftbpzwk6qmv0zjcysg,18,59,6,4,1,4,6,1,3.076438790939379,5.078333333333333,10.214999999999998
2024,REG,1,2024090807,59517,09/08/2024,3410,NYG,3000,MIN,visitor,2,2.9866993023508566,ADD491056,3000,Jordan Addison,J.Addison,WR,https://static.www.nfl.com/image/upload/{formatInstructions}/league/tmyckmignrvy8truccwm,3,35,4,3,0,3,4,0,1.837977732775727,7.12,11.887500000000001
2024,REG,1,2024090807,59517,09/08/2024,3410,NYG,3000,MIN,visitor,3,2.9866993023508566,MUN312153,3000,Johnny Mundt,J.Mundt,TE,https://static.www.nfl.com/image/upload/{formatInstructions}/league/ievumbznrtys9b2esphz,86,15,3,2,0,2,3,0,6.513202504825525,8.133333333333333,3.7866666666666666
2024,REG,1,2024090807,59517,09/08/2024,3410,NYG,3000,MIN,visitor,4,2.9866993023508566,OLI524360,3000,Josh Oliver,J.Oliver,TE,https://static.www.nfl.com/image/private/{formatInstructions}/league/pwd3muzyjclgjlwwtdah,84,27,2,2,0,2,2,0,3.6372906372269265,5.19,11.585
2024,REG,1,2024090807,59517,09/08/2024,3410,NYG,3000,MIN,visitor,5,2.9866993023508566,NAI067484,3000,Jalen Nailor,J.Nailor,WR,https://static.www.nfl.com/image/upload/{formatInstructions}/league/fe9b3l4fz6n02gbr5zbt,83,21,1,1,1,1,1,1,1.8033579788827292,6.9,21.739999999999995
2024,REG,1,2024090808,59518,09/08/2024,4400,LAC,2520,LV,home,1,2.9866993023508566,MCC512833,4400,Ladd McConkey,L.McConkey,WR,https://static.www.nfl.com/image/upload/{formatInstructions}/league/wcx39ialovvxxnvs2bke,15,39,7,5,1,5,7,1,3.0302191262684532,5.372857142857143,6.187142857142857
2024,REG,1,2024090808,59518,09/08/2024,4400,LAC,2520,LV,home,2,2.9866993023508566,JOH823261,4400,Quentin Johnston,Q.Johnston,WR,https://static.www.nfl.com/image/upload/{formatInstructions}/league/jbxlvsbokf9qdqtet1qr,1,38,5,3,0,3,5,0,3.304888481566588,7.9399999999999995,10.123999999999999
2024,REG,1,2024090808,59518,09/08/2024,4400,LAC,2520,LV,home,3,2.9866993023508566,PAL451625,4400,Josh Palmer,J.Palmer,WR,https://static.www.nfl.com/image/upload/{formatInstructions}/league/dexbsmmldvsqtr83or5l,5,15,4,2,0,2,4,0,2.7469151348573786,7.0375,11.044999999999998
2024,REG,1,2024090808,59518,09/08/2024,4400,LAC,2520,LV,home,4,2.9866993023508566,HUR495014,4400,Hayden Hurst,H.Hurst,TE,https://static.www.nfl.com/image/upload/{formatInstructions}/league/qxvkvmi2fphxjqyb21nv,88,33,3,2,0,2,3,0,3.7982730332547003,9.2,12.736666666666665
2024,REG,1,2024090808,59518,09/08/2024,4400,LAC,2520,LV,home,5,2.9866993023508566,DIS743152,4400,Will Dissly,W.Dissly,TE,https://static.www.nfl.com/image/upload/{formatInstructions}/league/opdpeoconvviwkufolxr,81,13,1,1,0,1,1,0,9.011681308168859,7.43,1.3400000000000034
2024,REG,1,2024090808,59518,09/08/2024,4400,LAC,2520,LV,visitor,1,2.9866993023508566,BOW196560,2520,Brock Bowers,B.Bowers,TE,https://static.www.nfl.com/image/upload/{formatInstructions}/league/mjy86xh8munoiur4hejf,89,58,8,6,0,6,8,0,3.746331222213984,5.114,4.653749999999999
2024,REG,1,2024090808,59518,09/08/2024,4400,LAC,2520,LV,visitor,2,2.9866993023508566,ADA218591,2520,Davante Adams,D.Adams,WR,https://static.www.nfl.com/image/upload/{formatInstructions}/league/ghny3c3lzro28anpepnr,17,59,6,5,0,5,6,0,4.3947984840600665,6.463333333333334,10.248333333333333
2024,REG,1,2024090808,59518,09/08/2024,4400,LAC,2520,LV,visitor,3,2.9866993023508566,MEY171606,2520,Jakobi Meyers,J.Meyers,WR,https://static.www.nfl.com/image/upload/{formatInstructions}/league/p1abjttm5pu8gev0gwea,16,61,3,3,0,3,3,0,4.9498004200924335,7.704999999999999,13.246666666666668
2024,REG,1,2024090808,59518,09/08/2024,4400,LAC,2520,LV,visitor,4,2.9866993023508566,TUC399910,2520,Tre Tucker,T.Tucker,WR,https://static.www.nfl.com/image/upload/{formatInstructions}/league/soebzcfwhgnjffwqv1ox,11,22,3,2,0,2,3,0,3.478971740457501,6.083333333333333,7.2033333333333305
2024,REG,1,2024090808,59518,09/08/2024,4400,LAC,2520,LV,visitor,5,2.9866993023508566,MAY330676,2520,Michael Mayer,M.Mayer,TE,https://static.www.nfl.com/image/upload/{formatInstructions}/league/rmc4igjgu5za2va8rfe1,87,3,3,2,0,2,3,0,2.305709976095647,2.75,1.370000000000002
2024,REG,1,2024090809,59519,09/08/2024,4600,SEA,1400,DEN,home,1,2.9866993023508566,LOC420915,4600,Tyler Lockett,T.Lockett,WR,https://static.www.nfl.com/image/upload/{formatInstructions}/league/yz9p4pfwr0iyakhnwj4z,16,77,7,6,0,6,7,0,3.5678114816017517,5.421428571428572,9.501428571428571
2024,REG,1,2024090809,59519,09/08/2024,4600,SEA,1400,DEN,home,2,2.9866993023508566,MET363377,4600,DK Metcalf,D.Metcalf,WR,https://static.www.nfl.com/image/upload/{formatInstructions}/league/ezpzdcvzlu5ga4uv6oas,14,29,4,3,0,3,4,0,1.097859427502226,4.545,13.094999999999999
2024,REG,1,2024090809,59519,09/08/2024,4600,SEA,1400,DEN,home,3,2.9866993023508566,FAN405165,4600,Noah Fant,N.Fant,TE,https://static.www.nfl.com/image/private/{formatInstructions}/league/w1gqasldrg3jumzdqjvy,87,11,4,2,0,2,4,0,3.2706494819041447,6.1825,5.667500000000002
2024,REG,1,2024090809,59519,09/08/2024,4600,SEA,1400,DEN,home,4,2.9866993023508566,SMI829636,4600,Jaxon Smith-Njigba,J.Smith-Njigba,WR,https://static.www.nfl.com/image/upload/{formatInstructions}/league/lfroslgx4bo5p641flvg,11,19,2,2,0,2,2,0,3.8154046147870493,12.25,3.25
2024,REG,1,2024090809,59519,09/08/2024,4600,SEA,1400,DEN,home,5,2.9866993023508566,SHE458893,4600,Laviska Shenault Jr.,L.Shenault,WR,https://static.www.nfl.com/image/upload/{formatInstructions}/league/o3cfpcor86ghjwyn8icp,1,0,1,1,0,1,1,0,5.273423935167749,10.14,-3.010000000000005
2024,REG,1,2024090809,59519,09/08/2024,4600,SEA,1400,DEN,visitor,1,2.9866993023508566,SUT333526,1400,Courtland Sutton,C.Sutton,WR,https://static.www.nfl.com/image/upload/{formatInstructions}/league/qts95gbd6hv65s9eiseq,14,38,12,4,0,4,12,0,2.4825879839331284,5.708333333333333,13.339166666666666
2024,REG,1,2024090809,59519,09/08/2024,4600,SEA,1400,DEN,visitor,2,2.9866993023508566,REY398905,1400,Josh Reynolds,J.Reynolds,WR,https://static.www.nfl.com/image/upload/{formatInstructions}/league/ifukozhqlo1728h3gjnp,11,45,8,5,0,5,8,0,2.1473220286968018,5.585,8.38
2024,REG,1,2024090809,59519,09/08/2024,4600,SEA,1400,DEN,visitor,3,2.9866993023508566,VEL175757,1400,Devaughn Vele,D.Vele,WR,https://static.www.nfl.com/image/upload/{formatInstructions}/league/f2lz4vsh2daurrwdamzv,17,39,8,8,0,8,8,0,4.350083257645863,6.255714285714285,2.058749999999999
2024,REG,1,2024090809,59519,09/08/2024,4600,SEA,1400,DEN,visitor,4,2.9866993023508566,DUL269681,1400,Greg Dulcich,G.Dulcich,TE,https://static.www.nfl.com/image/upload/{formatInstructions}/league/tt3eyuomt5onokrqstsl,80,12,3,2,0,2,3,0,3.921359602940925,6.005000000000001,2.503333333333335
2024,REG,1,2024090809,59519,09/08/2024,4600,SEA,1400,DEN,visitor,5,2.9866993023508566,HUM534685,1400,Lil'Jordan Humphrey,L.Humphrey,WR,https://static.www.nfl.com/image/upload/{formatInstructions}/league/yjmyfuozafxd7zwf3mlr,84,0,1,0,0,0,1,0,1.5768639763784313,,5.549999999999997
2024,REG,1,2024090810,59520,09/08/2024,1050,CLE,1200,DAL,home,1,2.9866993023508566,COO487703,1050,Amari Cooper,A.Cooper,WR,https://static.www.nfl.com/image/private/{formatInstructions}/league/zibbxjtein7gpu5zgcj4,2,16,9,2,0,2,9,0,2.6250042091372023,7.768888888888889,19.45777777777778
2024,REG,1,2024090810,59520,09/08/2024,1050,CLE,1200,DAL,home,2,2.9866993023508566,JEU415291,1050,Jerry Jeudy,J.Jeudy,WR,https://static.www.nfl.com/image/upload/{formatInstructions}/league/szca1v9butuqkjs7ekpm,3,25,8,3,1,3,8,1,2.179658751291914,7.714285714285714,14.742500000000001
2024,REG,1,2024090810,59520,09/08/2024,1050,CLE,1200,DAL,home,3,2.9866993023508566,MOO279723,1050,Elijah Moore,E.Moore,WR,https://static.www.nfl.com/image/private/{formatInstructions}/league/bhwvzckfhhcqhb7zdqyj,8,9,6,3,0,3,6,0,4.180084979905732,7.166666666666667,3.758333333333333
2024,REG,1,2024090810,59520,09/08/2024,1050,CLE,1200,DAL,home,4,2.9866993023508566,NJO355964,1050,David Njoku,D.Njoku,TE,https://static.www.nfl.com/image/private/{formatInstructions}/league/ilvxwdllivrvwbuj69cm,85,44,5,4,0,4,5,0,5.954396829513489,6.535,3.674000000000001
2024,REG,1,2024090810,59520,09/08/2024,1050,CLE,1200,DAL,home,5,2.9866993023508566,AKI501776,1050,Jordan Akins,J.Akins,TE,https://static.www.nfl.com/image/private/{formatInstructions}/league/fgkl9zfpy2yxrkxfge84,88,27,4,3,0,3,4,0,6.334074185004932,4.5,5.717499999999998
2024,REG,1,2024090810,59520,09/08/2024,1050,CLE,1200,DAL,visitor,1,2.9866993023508566,LAM138457,1200,CeeDee Lamb,C.Lamb,WR,https://static.www.nfl.com/image/upload/{formatInstructions}/league/tfuj9njqdw2dovkwhryc,88,61,10,5,0,5,10,0,1.5653724137759815,3.5344444444444445,10.000000000000002
2024,REG,1,2024090810,59520,09/08/2024,1050,CLE,1200,DAL,visitor,2,2.9866993023508566,COO299382,1200,Brandin Cooks,B.Cooks,WR,https://static.www.nfl.com/image/upload/{formatInstructions}/league/pjoksfxpbba4hevwpuop,3,40,7,4,1,4,7,1,4.268855194542746,6.851428571428571,11.198571428571427
2024,REG,1,2024090810,59520,09/08/2024,1050,CLE,1200,DAL,visitor,3,2.9866993023508566,FER146119,1200,Jake Ferguson,J.Ferguson,TE,https://static.www.nfl.com/image/upload/{formatInstructions}/league/rwxrfhejpngq0avhb8qg,87,15,5,3,0,3,5,0,4.076531360884603,5.65,6.186
2024,REG,1,2024090810,59520,09/08/2024,1050,CLE,1200,DAL,visitor,4,2.9866993023508566,TOL148914,1200,Jalen Tolbert,J.Tolbert,WR,https://static.www.nfl.com/image/upload/{formatInstructions}/league/cek1m1cbly5rfmmmjpcc,1,12,2,1,0,1,2,0,3.950207170288978,7.140000000000001,8.155000000000001
2024,REG,1,2024090810,59520,09/08/2024,1050,CLE,1200,DAL,visitor,5,2.9866993023508566,TUR785436,1200,KaVontae Turpin,K.Turpin,WR,https://static.www.nfl.com/image/upload/{formatInstructions}/league/lwkox2bvc6k3hqmidf4q,9,0,1,0,0,0,1,0,2.308354392202379,3.41,13.670000000000002
2024,REG,1,2024090811,59521,09/08/2024,4900,TB,5110,WAS,home,1,2.9866993023508566,GOD549393,4900,Chris Godwin,C.Godwin,WR,https://static.www.nfl.com/image/upload/{formatInstructions}/league/al7b3dzqhysgve7l5lke,14,83,8,8,1,8,8,1,3.781206594279061,6.739999999999999,4.37875
2024,REG,1,2024090811,59521,09/08/2024,4900,TB,5110,WAS,home,2,2.9866993023508566,EVA534309,4900,Mike Evans,M.Evans,WR,https://static.www.nfl.com/image/upload/{formatInstructions}/league/vfsaie1uiokfczwv9p4d,13,61,6,5,2,5,6,2,2.257651688219459,5.383333333333333,13.311666666666667
2024,REG,1,2024090811,59521,09/08/2024,4900,TB,5110,WAS,home,3,2.9866993023508566,MCM472299,4900,Jalen McMillan,J.McMillan,WR,https://static.www.nfl.com/image/upload/{formatInstructions}/league/zdxkyl8gy4dqiq6evfzp,15,32,3,1,1,1,3,1,3.4686521586736805,5.3933333333333335,17.013333333333332
2024,REG,1,2024090811,59521,09/08/2024,4900,TB,5110,WAS,home,4,2.9866993023508566,PAL683280,4900,Trey Palmer,T.Palmer,WR,https://static.www.nfl.com/image/upload/{formatInstructions}/league/zv0wdsdctgf2zw2ctumy,10,19,2,1,0,1,2,0,3.4395905377083014,7.115,13.075
2024,REG,1,2024090811,59521,09/08/2024,4900,TB,5110,WAS,home,5,2.9866993023508566,OTT712400,4900,Cade Otton,C.Otton,TE,https://static.www.nfl.com/image/upload/{formatInstructions}/league/mljam77kst1wlqd5y91v,88,5,2,1,0,1,2,0,1.7379693655549309,5.535,2.0799999999999983
2024,REG,1,2024090811,59521,09/08/2024,4900,TB,5110,WAS,visitor,1,2.9866993023508566,MCL278328,5110,Terry McLaurin,T.McLaurin,WR,https://static.www.nfl.com/image/upload/{formatInstructions}/league/wokz1etv1wj1vhbmvxgs,17,17,4,2,0,2,4,0,2.8726149955716376,5.1925,19.612499999999997
2024,REG,1,2024090811,59521,09/08/2024,4900,TB,5110,WAS,visitor,2,2.9866993023508566,ERT800920,5110,Zach Ertz,Z.Ertz,TE,https://static.www.nfl.com/image/upload/{formatInstructions}/league/xktmmeumuoglbuam75iz,86,28,4,3,0,3,4,0,3.67986608885961,5.656666666666666,7.012499999999999
2024,REG,1,2024090811,59521,09/08/2024,4900,TB,5110,WAS,visitor,3,2.9866993023508566,MCC038410,5110,Luke McCaffrey,L.McCaffrey,WR,https://static.www.nfl.com/image/upload/{formatInstructions}/league/iqzscuxu9lxjfhoyxsjg,12,18,3,3,0,3,3,0,3.8779706158269107,7.97,-0.5199999999999996
2024,REG,1,2024090811,59521,09/08/2024,4900,TB,5110,WAS,visitor,4,2.9866993023508566,ZAC133180,5110,Olamide Zaccheaus,O.Zaccheaus,WR,https://static.www.nfl.com/image/upload/{formatInstructions}/league/hcmdnfgnnvcp0qbktpxd,14,15,3,1,0,1,3,0,2.647991080949987,5.396666666666667,9.783333333333333
2024,REG,1,2024090811,59521,09/08/2024,4900,TB,5110,WAS,visitor,5,2.9866993023508566,BAT109191,5110,John Bates,J.Bates,TE,https://static.www.nfl.com/image/upload/{formatInstructions}/league/edpnkleev10rpzfgjakv,87,0,1,0,0,0,1,0,7.601789263061693,12.91,-2.230000000000004
2024,REG,1,2024090812,59522,09/08/2024,1540,DET,2510,LA,home,1,2.9866993023508566,WIL344909,1540,Jameson Williams,J.Williams,WR,https://static.www.nfl.com/image/upload/{formatInstructions}/league/kt6xzcnjbe9affdfsayt,9,121,9,5,1,5,9,1,3.6456474210915246,5.417777777777777,14.400000000000002
2024,REG,1,2024090812,59522,09/08/2024,1540,DET,2510,LA,home,2,2.9866993023508566,STB415291,1540,Amon-Ra St. Brown,A.St. Brown,WR,https://static.www.nfl.com/image/upload/{formatInstructions}/league/jmfuamqblg8jag0stpnq,14,13,6,3,0,3,6,0,2.5816172505926915,5.614,4.555
2024,REG,1,2024090812,59522,09/08/2024,1540,DET,2510,LA,home,3,2.9866993023508566,LAP640235,1540,Sam LaPorta,S.LaPorta,TE,https://static.www.nfl.com/image/upload/{formatInstructions}/league/ucw8cfj5t5nwkx670wzu,87,45,5,4,0,4,5,0,3.642335615657062,4.24,7.420000000000002
2024,REG,1,2024090812,59522,09/08/2024,1540,DET,2510,LA,home,4,2.9866993023508566,WRI121125,1540,Brock Wright,B.Wright,TE,https://static.www.nfl.com/image/upload/{formatInstructions}/league/irowew9hgqaa9vcd8fri,89,2,1,1,0,1,1,0,2.678245694479878,2.89,0.6899999999999995
2024,REG,1,2024090812,59522,09/08/2024,1540,DET,2510,LA,visitor,1,2.9866993023508566,KUP534597,2510,Cooper Kupp,C.Kupp,WR,https://static.www.nfl.com/image/upload/{formatInstructions}/league/sq7zwzcgrajuk0hwwph2,10,110,21,14,0,14,21,1,3.1459456045309095,6.991578947368422,7.463809523809524
2024,REG,1,2024090812,59522,09/08/2024,1540,DET,2510,LA,visitor,2,2.9866993023508566,ROB399065,2510,Demarcus Robinson,D.Robinson,WR,https://static.www.nfl.com/image/upload/{formatInstructions}/league/lakf0xue1qqb7ed4p6ge,15,42,7,4,0,4,7,0,2.522201983637937,3.7514285714285713,11.61857142857143
2024,REG,1,2024090812,59522,09/08/2024,1540,DET,2510,LA,visitor,3,2.9866993023508566,JOH711094,2510,Tyler Johnson,T.Johnson,WR,https://static.www.nfl.com/image/upload/{formatInstructions}/league/vktiajeyqc8s9s6mjws7,18,79,7,5,0,5,7,0,2.6686185391090094,4.274285714285714,5.314285714285715
2024,REG,1,2024090812,59522,09/08/2024,1540,DET,2510,LA,visitor,4,2.9866993023508566,PAR483746,2510,Colby Parkinson,C.Parkinson,TE,https://static.www.nfl.com/image/upload/{formatInstructions}/league/crjyx8tutyzn8bomqbdc,86,47,5,4,0,4,5,0,4.14193343500243,10.06,2.3200000000000003
2024,REG,1,2024090812,59522,09/08/2024,1540,DET,2510,LA,visitor,5,2.9866993023508566,NAC559347,2510,Puka Nacua,P.Nacua,WR,https://static.www.nfl.com/image/upload/{formatInstructions}/league/i1pmrhua5gpvwgsqphxa,17,35,4,4,0,4,4,0,5.380377294121937,5.23,3.7549999999999955
2024,REG,1,2024090900,59523,09/09/2024,4500,SF,3430,NYJ,home,1,2.9866993023508566,SAM636097,4500,Deebo Samuel Sr.,D.Samuel,WR,https://static.www.nfl.com/image/upload/{formatInstructions}/league/shqoqpjwwoiexzy6cmgb,1,54,9,5,1,5,9,0,1.8441731413139095,6.11625,6.95777777777778
2024,REG,1,2024090900,59523,09/09/2024,4500,SF,3430,NYJ,home,2,2.9866993023508566,AIY189231,4500,Brandon Aiyuk,B.Aiyuk,WR,https://static.www.nfl.com/image/upload/{formatInstructions}/league/qnfyhqxbppevv28hd3rx,11,28,5,2,0,2,5,0,1.6384376761035835,3.2979999999999996,14.648000000000001
2024,REG,1,2024090900,59523,09/09/2024,4500,SF,3430,NYJ,home,3,2.9866993023508566,JEN497457,4500,Jauan Jennings,J.Jennings,WR,https://static.www.nfl.com/image/upload/{formatInstructions}/league/fqyzagb57zrtegmw69eb,15,64,5,5,0,5,5,0,3.195031926051777,4.695,11.15
2024,REG,1,2024090900,59523,09/09/2024,4500,SF,3430,NYJ,home,4,2.9866993023508566,KIT388290,4500,George Kittle,G.Kittle,TE,https://static.www.nfl.com/image/upload/{formatInstructions}/league/ivkrikewqqdllzvano8h,85,40,5,4,0,4,5,0,4.295388100281359,4.157500000000001,4.952
2024,REG,1,2024090900,59523,09/09/2024,4500,SF,3430,NYJ,home,5,2.9866993023508566,SAU025752,4500,Eric Saubert,E.Saubert,TE,https://static.www.nfl.com/image/upload/{formatInstructions}/league/pxcadtlbynaz2qbffpei,82,0,1,0,0,0,1,0,0.9050966799187816,3.03,21.51
2024,REG,1,2024090900,59523,09/09/2024,4500,SF,3430,NYJ,visitor,1,2.9866993023508566,WIL691962,3430,Garrett Wilson,G.Wilson,WR,https://static.www.nfl.com/image/private/{formatInstructions}/league/llgosx4tokddwnyrgvbx,5,60,11,6,0,6,11,0,4.30489637911961,6.429090909090909,7.276363636363637
2024,REG,1,2024090900,59523,09/09/2024,4500,SF,3430,NYJ,visitor,2,2.9866993023508566,LAZ043714,3430,Allen Lazard,A.Lazard,WR,https://static.www.nfl.com/image/private/{formatInstructions}/league/blrzk3bfnpneuyhsqiqg,10,89,9,6,2,6,9,2,1.638815851205302,4.9255555555555555,10.202222222222224
2024,REG,1,2024090900,59523,09/09/2024,4500,SF,3430,NYJ,visitor,3,2.9866993023508566,CON185250,3430,Tyler Conklin,T.Conklin,TE,https://static.www.nfl.com/image/upload/{formatInstructions}/league/chajhumpfogd8effewe6,83,6,2,1,0,1,2,0,2.036036493983345,6.64,2.8249999999999993
2024,REG,2,2024091200,59524,09/12/2024,2700,MIA,0610,BUF,home,1,2.9866993023508566,SMI443054,2700,Jonnu Smith,J.Smith,TE,https://static.www.nfl.com/image/upload/{formatInstructions}/league/p8uldtljkzb6sile3wgx,9,53,7,6,0,6,7,0,3.851367008830927,9.087499999999999,4.307142857142857
2024,REG,2,2024091200,59524,09/12/2024,2700,MIA,0610,BUF,home,2,2.9866993023508566,HIL628694,2700,Tyreek Hill,T.Hill,WR,https://static.www.nfl.com/image/upload/{formatInstructions}/league/gdwjlpbkenmnsibawkht,10,24,6,3,0,3,6,0,4.080918224355796,6.14,12.266666666666667
2024,REG,2,2024091200,59524,09/12/2024,2700,MIA,0610,BUF,home,3,2.9866993023508566,AND460305,2700,Robbie Chosen,R.Chosen,WR,https://static.www.nfl.com/image/private/{formatInstructions}/league/hkcncqfwusv19fah3mbt,84,5,4,1,0,1,4,0,2.56773931286038,5.7375,11.8875
2024,REG,2,2024091200,59524,09/12/2024,2700,MIA,0610,BUF,home,4,2.9866993023508566,WAD088683,2700,Jaylen Waddle,J.Waddle,WR,https://static.www.nfl.com/image/private/{formatInstructions}/league/qjsz2h6shbdnksctzeka,17,41,4,4,0,4,4,0,4.675313943693951,4.615,6.495000000000001
2024,REG,2,2024091200,59524,09/12/2024,2700,MIA,0610,BUF,home,5,2.9866993023508566,DUB599865,2700,Grant DuBose,G.DuBose,WR,https://static.www.nfl.com/image/upload/{formatInstructions}/league/pn2skj2e8lojstlgfyps,88,13,3,1,0,1,3,0,1.4173134242959582,4.323333333333333,17.15666666666667
2024,REG,2,2024091200,59524,09/12/2024,2700,MIA,0610,BUF,visitor,1,2.9866993023508566,SHA107427,0610,Khalil Shakir,K.Shakir,WR,https://static.www.nfl.com/image/upload/{formatInstructions}/league/ch2yarhiobqlvr9ls2yw,10,54,5,5,0,5,5,0,3.740035398992429,6.562,8.361999999999998
2024,REG,2,2024091200,59524,09/12/2024,2700,MIA,0610,BUF,visitor,2,2.9866993023508566,KIN069130,0610,Dalton Kincaid,D.Kincaid,TE,https://static.www.nfl.com/image/upload/{formatInstructions}/league/rsimqxdfwlb1n9qd4w3g,86,33,4,4,0,4,4,0,4.851110090767973,7.16,-1.7850000000000001
2024,REG,2,2024091200,59524,09/12/2024,2700,MIA,0610,BUF,visitor,3,2.9866993023508566,SAM633285,0610,Curtis Samuel,C.Samuel,WR,https://static.www.nfl.com/image/upload/{formatInstructions}/league/mq62ulflifrpjrcyknbj,1,3,2,1,0,1,2,0,2.2486697944570224,5.595,10.695000000000004
2024,REG,2,2024091200,59524,09/12/2024,2700,MIA,0610,BUF,visitor,4,2.9866993023508566,HOL280459,0610,Mack Hollins,M.Hollins,WR,https://static.www.nfl.com/image/upload/{formatInstructions}/league/xchw7quzjszgrm6psbyg,13,0,1,0,0,0,1,0,2.2680828909014776,2.34,8.159999999999997
2024,REG,2,2024091200,59524,09/12/2024,2700,MIA,0610,BUF,visitor,5,2.9866993023508566,VAL142116,0610,Marquez Valdes-Scantling,M.Valdes-Scantling,WR,https://static.www.nfl.com/image/upload/{formatInstructions}/league/voutjbaunuwmyp6ywy5n,15,0,1,0,0,0,1,0,1.0324727599312262,8.85,27.42
2024,REG,2,2024091500,59525,09/15/2024,0325,BAL,2520,LV,home,1,2.9866993023508566,FLO577002,0325,Zay Flowers,Z.Flowers,WR,https://static.www.nfl.com/image/upload/{formatInstructions}/league/oidhqwg0fjvanyk57nc1,4,91,11,7,1,7,11,1,4.579558713782421,7.927777777777777,10.27818181818182
2024,REG,2,2024091500,59525,09/15/2024,0325,BAL,2520,LV,home,2,2.9866993023508566,AND701433,0325,Mark Andrews,M.Andrews,TE,https://static.www.nfl.com/image/upload/{formatInstructions}/league/y5maejm3puruskwc344y,89,51,5,4,0,4,5,0,3.8560412127775883,4.744999999999999,11.799999999999999
2024,REG,2,2024091500,59525,09/15/2024,0325,BAL,2520,LV,home,3,2.9866993023508566,BAT103884,0325,Rashod Bateman,R.Bateman,WR,https://static.www.nfl.com/image/upload/{formatInstructions}/league/jkcapzvd65fxivefjv8l,7,40,4,3,0,3,4,0,2.114053029501137,7.395,10.5575
2024,REG,2,2024091500,59525,09/15/2024,0325,BAL,2520,LV,home,4,2.9866993023508566,LIK088990,0325,Isaiah Likely,I.Likely,TE,https://static.www.nfl.com/image/upload/{formatInstructions}/league/xmikfnklnpjmzjhbjrur,80,26,3,2,0,2,3,0,4.161691673236164,7.420000000000001,7.636666666666666
2024,REG,2,2024091500,59525,09/15/2024,0325,BAL,2520,LV,home,5,2.9866993023508566,AGH474619,0325,Nelson Agholor,N.Agholor,WR,https://static.www.nfl.com/image/upload/{formatInstructions}/league/wyxfkarcjgqdz3pl8nnr,15,13,3,1,0,1,3,0,2.916255732630615,4.6499999999999995,17.256666666666664
2024,REG,2,2024091500,59525,09/15/2024,0325,BAL,2520,LV,visitor,1,2.9866993023508566,ADA218591,2520,Davante Adams,D.Adams,WR,https://static.www.nfl.com/image/upload/{formatInstructions}/league/ghny3c3lzro28anpepnr,17,110,12,9,1,9,12,1,3.028523686969969,4.911818181818182,11.85666666666667
2024,REG,2,2024091500,59525,09/15/2024,0325,BAL,2520,LV,visitor,2,2.9866993023508566,BOW196560,2520,Brock Bowers,B.Bowers,TE,https://static.www.nfl.com/image/upload/{formatInstructions}/league/mjy86xh8munoiur4hejf,89,98,9,9,0,9,9,0,4.028900743893497,8.01625,6.3966666666666665
2024,REG,2,2024091500,59525,09/15/2024,0325,BAL,2520,LV,visitor,3,2.9866993023508566,MEY171606,2520,Jakobi Meyers,J.Meyers,WR,https://static.www.nfl.com/image/upload/{formatInstructions}/league/p1abjttm5pu8gev0gwea,16,29,5,4,0,4,5,0,2.2231135846574266,5.608,6.9300000000000015
2024,REG,2,2024091500,59525,09/15/2024,0325,BAL,2520,LV,visitor,4,2.9866993023508566,TUC399910,2520,Tre Tucker,T.Tucker,WR,https://static.www.nfl.com/image/upload/{formatInstructions}/league/soebzcfwhgnjffwqv1ox,11,13,2,2,0,2,2,0,4.73006092055155,10.725,-2.8599999999999994
2024,REG,2,2024091500,59525,09/15/2024,0325,BAL,2520,LV,visitor,5,2.9866993023508566,BRY363372,2520,Harrison Bryant,H.Bryant,TE,https://static.www.nfl.com/image/upload/{formatInstructions}/league/jjarmcwkadvr7tynkpuj,84,0,1,0,0,0,1,0,1.910183237283795,13.45,20.29
2024,REG,2,2024091501,59526,09/15/2024,0750,CAR,4400,LAC,home,1,2.9866993023508566,JOH000017,0750,Diontae Johnson,Dio.Johnson,WR,https://static.www.nfl.com/image/upload/{formatInstructions}/league/syk5xhvwikwmbaplpm8k,5,15,6,3,0,3,6,0,2.579061885400017,5.423333333333333,6.326666666666665
2024,REG,2,2024091501,59526,09/15/2024,0750,CAR,4400,LAC,home,2,2.9866993023508566,TRE718453,0750,Tommy Tremble,T.Tremble,TE,https://static.www.nfl.com/image/private/{formatInstructions}/league/s1t4b3y1pq7n3oxlgqjh,82,23,4,3,0,3,4,0,3.433769297440291,5.343333333333334,3.7624999999999975
2024,REG,2,2024091501,59526,09/15/2024,0750,CAR,4400,LAC,home,3,2.9866993023508566,THI510348,0750,Adam Thielen,A.Thielen,WR,https://static.www.nfl.com/image/private/{formatInstructions}/league/kmldtl8p9h7h5dzvkwsw,19,20,3,2,0,2,3,0,3.1168091085326384,5.6066666666666665,5.320000000000003
2024,REG,2,2024091501,59526,09/15/2024,0750,CAR,4400,LAC,home,4,2.9866993023508566,SAN343203,0750,Ja'Tavion Sanders,J.Sanders,TE,https://static.www.nfl.com/image/upload/{formatInstructions}/league/egisbinbqmttmub4po1g,0,8,2,2,0,2,2,0,5.495493144205393,8.09,1.5549999999999997
2024,REG,2,2024091501,59526,09/15/2024,0750,CAR,4400,LAC,home,5,2.9866993023508566,MIN170999,0750,Jonathan Mingo,J.Mingo,WR,https://static.www.nfl.com/image/private/{formatInstructions}/league/ie1yo3orpq0mqemptnko,15,1,2,1,0,1,2,0,1.8240866229705692,9.745000000000001,3.4299999999999997
2024,REG,2,2024091501,59526,09/15/2024,0750,CAR,4400,LAC,visitor,1,2.9866993023508566,JOH823261,4400,Quentin Johnston,Q.Johnston,WR,https://static.www.nfl.com/image/upload/{formatInstructions}/league/jbxlvsbokf9qdqtet1qr,1,51,6,5,2,5,6,2,3.1362304308825952,6.291666666666667,11.806666666666667
2024,REG,2,2024091501,59526,09/15/2024,0750,CAR,4400,LAC,visitor,2,2.9866993023508566,MCC512833,4400,Ladd McConkey,L.McConkey,WR,https://static.www.nfl.com/image/upload/{formatInstructions}/league/wcx39ialovvxxnvs2bke,15,26,4,2,0,2,4,0,1.3357935445212266,9.084999999999999,12.3325
2024,REG,2,2024091501,59526,09/15/2024,0750,CAR,4400,LAC,visitor,3,2.9866993023508566,DIS743152,4400,Will Dissly,W.Dissly,TE,https://static.www.nfl.com/image/upload/{formatInstructions}/league/opdpeoconvviwkufolxr,81,29,3,3,0,3,3,0,1.9948215139996233,6.46,4.709999999999998
2024,REG,2,2024091501,59526,09/15/2024,0750,CAR,4400,LAC,visitor,4,2.9866993023508566,PAL451625,4400,Josh Palmer,J.Palmer,WR,https://static.www.nfl.com/image/upload/{formatInstructions}/league/dexbsmmldvsqtr83or5l,5,19,2,2,0,2,2,0,5.25695823089108,9.0,3.230000000000004
2024,REG,2,2024091501,59526,09/15/2024,0750,CAR,4400,LAC,visitor,5,2.9866993023508566,HUR495014,4400,Hayden Hurst,H.Hurst,TE,https://static.www.nfl.com/image/upload/{formatInstructions}/league/qxvkvmi2fphxjqyb21nv,88,5,2,1,0,1,2,0,4.405926797441347,7.265,2.5649999999999977
2024,REG,2,2024091502,59527,09/15/2024,1200,DAL,3300,NO,home,1,2.9866993023508566,TOL148914,1200,Jalen Tolbert,J.Tolbert,WR,https://static.www.nfl.com/image/upload/{formatInstructions}/league/cek1m1cbly5rfmmmjpcc,1,82,9,6,0,6,9,0,2.693243895897981,5.786666666666666,12.403333333333332
2024,REG,2,2024091502,59527,09/15/2024,1200,DAL,3300,NO,home,2,2.9866993023508566,LAM138457,1200,CeeDee Lamb,C.Lamb,WR,https://static.www.nfl.com/image/upload/{formatInstructions}/league/tfuj9njqdw2dovkwhryc,88,90,7,4,1,4,7,1,2.256769089736878,3.6342857142857143,13.679999999999998
2024,REG,2,2024091502,59527,09/15/2024,1200,DAL,3300,NO,home,3,2.9866993023508566,SCH471986,1200,Luke Schoonmaker,L.Schoonmaker,TE,https://static.www.nfl.com/image/upload/{formatInstructions}/league/fd4exg1hqzlm9sk6ruu6,86,43,6,6,0,6,6,0,3.338106852843612,8.855,2.121666666666666
2024,REG,2,2024091502,59527,09/15/2024,1200,DAL,3300,NO,home,4,2.9866993023508566,TUR785436,1200,KaVontae Turpin,K.Turpin,WR,https://static.www.nfl.com/image/upload/{formatInstructions}/league/lwkox2bvc6k3hqmidf4q,9,4,4,2,0,2,4,0,3.132375356402456,8.245000000000001,2.759999999999998
2024,REG,2,2024091502,59527,09/15/2024,1200,DAL,3300,NO,home,5,2.9866993023508566,BRO124672,1200,Jalen Brooks,J.Brooks,WR,https://static.www.nfl.com/image/upload/{formatInstructions}/league/jdwbrmypfsotpdw86w6u,83,10,3,1,0,1,3,0,1.0572879090045695,7.883333333333333,21.526666666666667
2024,REG,2,2024091502,59527,09/15/2024,1200,DAL,3300,NO,visitor,1,2.9866993023508566,OLA659325,3300,Chris Olave,C.Olave,WR,https://static.www.nfl.com/image/upload/{formatInstructions}/league/riiwbow7zphqmomiazph,12,81,6,4,0,4,6,0,2.438232301783638,8.053333333333333,12.553333333333333
2024,REG,2,2024091502,59527,09/15/2024,1200,DAL,3300,NO,visitor,2,2.9866993023508566,SHA089447,3300,Rashid Shaheed,R.Shaheed,WR,https://static.www.nfl.com/image/upload/{formatInstructions}/league/mnaref4vwyau8mbsp0ri,22,96,4,4,1,4,4,1,3.8007626462915223,5.08,14.880000000000003
2024,REG,2,2024091502,59527,09/15/2024,1200,DAL,3300,NO,visitor,3,2.9866993023508566,HIL609597,3300,Taysom Hill,T.Hill,TE,https://static.www.nfl.com/image/upload/{formatInstructions}/league/q8itjlocg5do60qat4l3,7,1,1,1,0,1,1,0,2.337905045120518,,-0.9799999999999969
2024,REG,2,2024091503,59528,09/15/2024,1540,DET,4900,TB,home,1,2.9866993023508566,STB415291,1540,Amon-Ra St. Brown,A.St. Brown,WR,https://static.www.nfl.com/image/upload/{formatInstructions}/league/jmfuamqblg8jag0stpnq,14,119,18,11,0,11,18,0,2.397721005495506,6.665625,9.462777777777779
2024,REG,2,2024091503,59528,09/15/2024,1540,DET,4900,TB,home,2,2.9866993023508566,WIL344909,1540,Jameson Williams,J.Williams,WR,https://static.www.nfl.com/image/upload/{formatInstructions}/league/kt6xzcnjbe9affdfsayt,9,79,11,5,0,5,11,0,2.169216461904069,8.39090909090909,12.05818181818182
2024,REG,2,2024091503,59528,09/15/2024,1540,DET,4900,TB,home,3,2.9866993023508566,PAT283375,1540,Tim Patrick,T.Patrick,WR,https://static.www.nfl.com/image/upload/{formatInstructions}/league/ub7mmdqtfzxnq9edsa2h,17,12,4,2,0,2,4,0,4.284331143934638,6.470000000000001,10.764999999999999
2024,REG,2,2024091503,59528,09/15/2024,1540,DET,4900,TB,home,4,2.9866993023508566,RAY748263,1540,Kalif Raymond,K.Raymond,WR,https://static.www.nfl.com/image/upload/{formatInstructions}/league/hogsyuf9rqnzydmhbsht,11,27,4,3,0,3,4,0,2.7108806738810225,6.86,5.455000000000002
2024,REG,2,2024091503,59528,09/15/2024,1540,DET,4900,TB,home,5,2.9866993023508566,LAP640235,1540,Sam LaPorta,S.LaPorta,TE,https://static.www.nfl.com/image/upload/{formatInstructions}/league/ucw8cfj5t5nwkx670wzu,87,13,3,2,0,2,3,0,3.322549160833493,7.61,4.4333333333333345
2024,REG,2,2024091503,59528,09/15/2024,1540,DET,4900,TB,visitor,1,2.9866993023508566,GOD549393,4900,Chris Godwin,C.Godwin,WR,https://static.www.nfl.com/image/upload/{formatInstructions}/league/al7b3dzqhysgve7l5lke,14,117,8,7,1,7,8,1,3.6272691363351988,6.047499999999999,9.23
2024,REG,2,2024091503,59528,09/15/2024,1540,DET,4900,TB,visitor,2,2.9866993023508566,EVA534309,4900,Mike Evans,M.Evans,WR,https://static.www.nfl.com/image/upload/{formatInstructions}/league/vfsaie1uiokfczwv9p4d,13,42,6,3,0,3,6,0,2.6588506359622395,3.1183333333333336,7.681666666666668
2024,REG,2,2024091503,59528,09/15/2024,1540,DET,4900,TB,visitor,3,2.9866993023508566,MCM472299,4900,Jalen McMillan,J.McMillan,WR,https://static.www.nfl.com/image/upload/{formatInstructions}/league/zdxkyl8gy4dqiq6evfzp,15,21,2,1,0,1,2,0,4.274643312123347,3.26,17.925000000000004
2024,REG,2,2024091503,59528,09/15/2024,1540,DET,4900,TB,visitor,4,2.9866993023508566,OTT712400,4900,Cade Otton,C.Otton,TE,https://static.www.nfl.com/image/upload/{formatInstructions}/league/mljam77kst1wlqd5y91v,88,0,2,0,0,0,2,0,2.316048138768521,5.220000000000001,0.3500000000000001
2024,REG,2,2024091504,59529,09/15/2024,1800,GB,2200,IND,home,1,2.9866993023508566,WIC622867,1800,Dontayvion Wicks,D.Wicks,WR,https://static.www.nfl.com/image/upload/{formatInstructions}/league/ghsev2bmz8kvhm8dsbey,13,26,4,3,1,3,4,1,3.0881464850207023,7.086666666666666,8.047499999999998
2024,REG,2,2024091504,59529,09/15/2024,1800,GB,2200,IND,home,2,2.9866993023508566,DOU043165,1800,Romeo Doubs,R.Doubs,WR,https://static.www.nfl.com/image/upload/{formatInstructions}/league/dyulbddqbqshoqdxgo63,87,62,3,3,0,3,3,0,3.2535581477392213,6.3,16.933333333333334
2024,REG,2,2024091504,59529,09/15/2024,1800,GB,2200,IND,home,3,2.9866993023508566,KRA144054,1800,Tucker Kraft,T.Kraft,TE,https://static.www.nfl.com/image/upload/{formatInstructions}/league/klrmgekdzx1ywjjmixp7,85,16,2,2,0,2,2,0,5.246747956768358,4.54,-0.24499999999999744
2024,REG,2,2024091504,59529,09/15/2024,1800,GB,2200,IND,home,4,2.9866993023508566,REE263142,1800,Jayden Reed,J.Reed,WR,https://static.www.nfl.com/image/upload/{formatInstructions}/league/blh2tfg9qjthqo2g6ot4,11,9,2,2,0,2,2,0,4.112017348417515,12.32,-1.9549999999999983
2024,REG,2,2024091504,59529,09/15/2024,1800,GB,2200,IND,home,5,2.9866993023508566,MUS097324,1800,Luke Musgrave,L.Musgrave,TE,https://static.www.nfl.com/image/upload/{formatInstructions}/league/mn9nugrtq8kb8sysrvne,88,6,1,1,0,1,1,0,3.639848897962661,5.27,-1.1599999999999966
2024,REG,2,2024091504,59529,09/15/2024,1800,GB,2200,IND,visitor,1,2.9866993023508566,PIE185673,2200,Alec Pierce,A.Pierce,WR,https://static.www.nfl.com/image/upload/{formatInstructions}/league/hvtcpccoigf9cghzkxcg,14,56,7,5,1,5,7,1,3.433635030375357,7.01,15.262857142857143
2024,REG,2,2024091504,59529,09/15/2024,1800,GB,2200,IND,visitor,2,2.9866993023508566,PIT228050,2200,Michael Pittman,M.Pittman,WR,https://static.www.nfl.com/image/private/{formatInstructions}/league/wnymcombo2plamteihiy,11,21,7,3,0,3,7,0,2.0048658791783405,5.098333333333334,12.004285714285711
2024,REG,2,2024091504,59529,09/15/2024,1800,GB,2200,IND,visitor,3,2.9866993023508566,MIT056120,2200,Adonai Mitchell,A.Mitchell,WR,https://static.www.nfl.com/image/upload/{formatInstructions}/league/fztxucnxhoxep6utluyc,10,30,4,1,0,1,4,0,2.7286701100198565,4.083333333333333,19.192500000000003
2024,REG,2,2024091504,59529,09/15/2024,1800,GB,2200,IND,visitor,4,2.9866993023508566,OGL659589,2200,Andrew Ogletree,A.Ogletree,TE,https://static.www.nfl.com/image/upload/{formatInstructions}/league/xrp8dougs6jb0denyorz,85,12,2,1,0,1,2,0,3.404537913925779,8.86,10.979999999999997
2024,REG,2,2024091504,59529,09/15/2024,1800,GB,2200,IND,visitor,5,2.9866993023508566,DUL521764,2200,Ashton Dulin,A.Dulin,WR,https://static.www.nfl.com/image/upload/{formatInstructions}/league/so1vzml0sxv84xoyyr2n,16,13,2,1,0,1,2,0,4.932835321571323,5.99,9.115000000000002
2024,REG,2,2024091505,59530,09/15/2024,2250,JAX,1050,CLE,home,1,2.9866993023508566,DAV329675,2250,Gabe Davis,G.Davis,WR,https://static.www.nfl.com/image/upload/{formatInstructions}/league/rlmgjtfct5qjtbwcjqg6,0,43,7,3,0,3,7,0,2.723877850022524,6.3428571428571425,14.165714285714285
2024,REG,2,2024091505,59530,09/15/2024,2250,JAX,1050,CLE,home,2,2.9866993023508566,STR188631,2250,Brenton Strange,B.Strange,TE,https://static.www.nfl.com/image/private/{formatInstructions}/league/trfk78mrfsafnbatyx2x,85,65,6,3,0,3,6,0,2.346146781749723,6.428,13.450000000000001
2024,REG,2,2024091505,59530,09/15/2024,2250,JAX,1050,CLE,home,3,2.9866993023508566,THO419793,2250,Brian Thomas Jr.,B.Thomas,WR,https://static.www.nfl.com/image/upload/{formatInstructions}/league/gsz15iz0ppibhslzzgch,7,94,4,2,0,2,4,0,3.0732443427415297,9.72,19.784999999999997
2024,REG,2,2024091505,59530,09/15/2024,2250,JAX,1050,CLE,home,4,2.9866993023508566,KIR257918,2250,Christian Kirk,C.Kirk,WR,https://static.www.nfl.com/image/private/{formatInstructions}/league/ersmmtjmjlpsy9lmjvde,13,-1,3,1,0,1,3,0,1.9848453991629231,8.335,23.416666666666668
2024,REG,2,2024091505,59530,09/15/2024,2250,JAX,1050,CLE,home,5,2.9866993023508566,FAR615740,2250,Luke Farrell,L.Farrell,TE,https://static.www.nfl.com/image/upload/{formatInstructions}/league/f2z7wpmx7ngtxcqqedla,89,13,2,2,0,2,2,0,6.421968481615465,6.744999999999999,3.1850000000000023
2024,REG,2,2024091505,59530,09/15/2024,2250,JAX,1050,CLE,visitor,1,2.9866993023508566,COO487703,1050,Amari Cooper,A.Cooper,WR,https://static.www.nfl.com/image/private/{formatInstructions}/league/zibbxjtein7gpu5zgcj4,2,11,8,3,0,3,8,0,2.733677291533954,4.17625,8.39875
2024,REG,2,2024091505,59530,09/15/2024,2250,JAX,1050,CLE,visitor,2,2.9866993023508566,MOO279723,1050,Elijah Moore,E.Moore,WR,https://static.www.nfl.com/image/private/{formatInstructions}/league/bhwvzckfhhcqhb7zdqyj,8,44,8,6,0,6,8,0,2.5426416702269865,8.115714285714287,4.233750000000001
2024,REG,2,2024091505,59530,09/15/2024,2250,JAX,1050,CLE,visitor,3,2.9866993023508566,JEU415291,1050,Jerry Jeudy,J.Jeudy,WR,https://static.www.nfl.com/image/upload/{formatInstructions}/league/szca1v9butuqkjs7ekpm,3,73,6,5,0,5,6,0,1.9911997985919248,4.5633333333333335,11.183333333333332
2024,REG,2,2024091505,59530,09/15/2024,2250,JAX,1050,CLE,visitor,4,2.9866993023508566,BEL269820,1050,David Bell,D.Bell,WR,https://static.www.nfl.com/image/private/{formatInstructions}/league/otv2kkn3lxonp9z43bdj,18,27,3,3,0,3,3,0,1.9445846597784542,5.760000000000001,5.849999999999999
2024,REG,2,2024091505,59530,09/15/2024,2250,JAX,1050,CLE,visitor,5,2.9866993023508566,TIL377067,1050,Cedric Tillman,C.Tillman,WR,https://static.www.nfl.com/image/upload/{formatInstructions}/league/fp371fgk45btt01uvucq,19,2,2,1,0,1,2,0,5.542081063272107,6.5200000000000005,4.725000000000001
2024,REG,2,2024091506,59531,09/15/2024,3000,MIN,4500,SF,home,1,2.9866993023508566,JEF269287,3000,Justin Jefferson,J.Jefferson,WR,https://static.www.nfl.com/image/upload/{formatInstructions}/league/vrftbpzwk6qmv0zjcysg,18,133,7,4,1,4,7,1,2.9926667625029255,5.545714285714285,15.952857142857141
2024,REG,2,2024091506,59531,09/15/2024,3000,MIN,4500,SF,home,2,2.9866993023508566,NAI067484,3000,Jalen Nailor,J.Nailor,WR,https://static.www.nfl.com/image/upload/{formatInstructions}/league/fe9b3l4fz6n02gbr5zbt,83,54,4,3,1,3,4,1,4.055590153086134,4.0024999999999995,15.595
2024,REG,2,2024091506,59531,09/15/2024,3000,MIN,4500,SF,home,3,2.9866993023508566,MUN312153,3000,Johnny Mundt,J.Mundt,TE,https://static.www.nfl.com/image/upload/{formatInstructions}/league/ievumbznrtys9b2esphz,86,12,3,2,0,2,3,0,5.0559156595312595,6.08,2.836666666666666
2024,REG,2,2024091506,59531,09/15/2024,3000,MIN,4500,SF,home,4,2.9866993023508566,POW179215,3000,Brandon Powell,B.Powell,WR,https://static.www.nfl.com/image/upload/{formatInstructions}/league/kpggzzkazhxoq4e77xho,4,16,2,2,0,2,2,0,3.8194097483269984,5.115,6.109999999999999
2024,REG,2,2024091506,59531,09/15/2024,3000,MIN,4500,SF,home,5,2.9866993023508566,SHE566024,3000,Trent Sherfield,T.Sherfield,WR,https://static.www.nfl.com/image/upload/{formatInstructions}/league/esdvav44ezzmwbwe1rju,11,17,2,1,0,1,2,0,10.877187767350803,4.995,8.750000000000002
2024,REG,2,2024091506,59531,09/15/2024,3000,MIN,4500,SF,visitor,1,2.9866993023508566,SAM636097,4500,Deebo Samuel Sr.,D.Samuel,WR,https://static.www.nfl.com/image/upload/{formatInstructions}/league/shqoqpjwwoiexzy6cmgb,1,110,10,8,0,8,10,0,3.044789678638039,6.742222222222222,10.607999999999999
2024,REG,2,2024091506,59531,09/15/2024,3000,MIN,4500,SF,visitor,2,2.9866993023508566,KIT388290,4500,George Kittle,G.Kittle,TE,https://static.www.nfl.com/image/upload/{formatInstructions}/league/ivkrikewqqdllzvano8h,85,76,8,7,1,7,8,1,3.914297618131289,4.1899999999999995,6.68375
2024,REG,2,2024091506,59531,09/15/2024,3000,MIN,4500,SF,visitor,3,2.9866993023508566,AIY189231,4500,Brandon Aiyuk,B.Aiyuk,WR,https://static.www.nfl.com/image/upload/{formatInstructions}/league/qnfyhqxbppevv28hd3rx,11,43,5,4,0,4,5,0,2.205098984282448,6.3759999999999994,10.323999999999998
2024,REG,2,2024091506,59531,09/15/2024,3000,MIN,4500,SF,visitor,4,2.9866993023508566,JEN497457,4500,Jauan Jennings,J.Jennings,WR,https://static.www.nfl.com/image/upload/{formatInstructions}/league/fqyzagb57zrtegmw69eb,15,37,4,2,0,2,4,0,1.637926870072529,4.655,15.114999999999998
2024,REG,2,2024091506,59531,09/15/2024,3000,MIN,4500,SF,visitor,5,2.9866993023508566,SAU025752,4500,Eric Saubert,E.Saubert,TE,https://static.www.nfl.com/image/upload/{formatInstructions}/league/pxcadtlbynaz2qbffpei,82,26,2,2,0,2,2,0,6.215964129694707,1.68,7.780000000000001
2024,REG,2,2024091507,59532,09/15/2024,3200,NE,4600,SEA,home,1,2.9866993023508566,HEN617052,3200,Hunter Henry,H.Henry,TE,https://static.www.nfl.com/image/private/{formatInstructions}/league/sdjob9akppefyo7py5tj,85,109,12,8,0,8,12,0,3.286823754914972,5.075714285714286,6.555833333333332
2024,REG,2,2024091507,59532,09/15/2024,3200,NE,4600,SEA,home,2,2.9866993023508566,POL136646,3200,Ja'Lynn Polk,J.Polk,WR,https://static.www.nfl.com/image/upload/{formatInstructions}/league/jladubt1cwxq46uslmu9,1,12,3,2,1,2,3,1,1.5338088780559227,2.973333333333333,11.736666666666666
2024,REG,2,2024091507,59532,09/15/2024,3200,NE,4600,SEA,home,3,2.9866993023508566,OSB109755,3200,K.J. Osborn,K.Osborn,WR,https://static.www.nfl.com/image/private/{formatInstructions}/league/rbgsvh08nmm29gaiw7pr,2,7,2,1,0,1,2,0,1.1305328154099006,4.915000000000001,6.210000000000004
2024,REG,2,2024091507,59532,09/15/2024,3200,NE,4600,SEA,home,4,2.9866993023508566,HOO570770,3200,Austin Hooper,A.Hooper,TE,https://static.www.nfl.com/image/upload/{formatInstructions}/league/hj0ybtjspne3t1cso961,81,5,1,1,0,1,1,0,2.724720169118287,3.03,3.4000000000000057
2024,REG,2,2024091507,59532,09/15/2024,3200,NE,4600,SEA,visitor,1,2.9866993023508566,SMI829636,4600,Jaxon Smith-Njigba,J.Smith-Njigba,WR,https://static.www.nfl.com/image/upload/{formatInstructions}/league/lfroslgx4bo5p641flvg,11,117,16,12,0,12,16,0,2.9245365510084773,5.8,10.325
2024,REG,2,2024091507,59532,09/15/2024,3200,NE,4600,SEA,visitor,2,2.9866993023508566,MET363377,4600,DK Metcalf,D.Metcalf,WR,https://static.www.nfl.com/image/upload/{formatInstructions}/league/ezpzdcvzlu5ga4uv6oas,14,129,14,10,1,10,14,1,3.8651782101923833,6.793333333333333,11.251428571428573
2024,REG,2,2024091507,59532,09/15/2024,3200,NE,4600,SEA,visitor,3,2.9866993023508566,FAN405165,4600,Noah Fant,N.Fant,TE,https://static.www.nfl.com/image/private/{formatInstructions}/league/w1gqasldrg3jumzdqjvy,87,14,3,1,0,1,3,0,3.2598362631472715,4.34,5.256666666666665
2024,REG,2,2024091507,59532,09/15/2024,3200,NE,4600,SEA,visitor,4,2.9866993023508566,BOB556112,4600,Jake Bobo,J.Bobo,WR,https://static.www.nfl.com/image/upload/{formatInstructions}/league/vf5wazbhc3u7x7vjhojq,19,15,2,2,0,2,2,0,4.048202288952934,2.3,4.745000000000001
2024,REG,2,2024091507,59532,09/15/2024,3200,NE,4600,SEA,visitor,5,2.9866993023508566,LOC420915,4600,Tyler Lockett,T.Lockett,WR,https://static.www.nfl.com/image/upload/{formatInstructions}/league/yz9p4pfwr0iyakhnwj4z,16,15,2,2,0,2,2,0,3.2488677187960473,8.04,4.385000000000002
2024,REG,2,2024091508,59533,09/15/2024,2100,TEN,3430,NYJ,home,1,2.9866993023508566,RID652384,2100,Calvin Ridley,C.Ridley,WR,https://static.www.nfl.com/image/upload/{formatInstructions}/league/tmeij0cfgylmurfybs74,0,77,6,4,1,4,6,1,2.124382524405009,5.076666666666667,24.55
2024,REG,2,2024091508,59533,09/15/2024,2100,TEN,3430,NYJ,home,2,2.9866993023508566,BOY378353,2100,Tyler Boyd,T.Boyd,WR,https://static.www.nfl.com/image/upload/{formatInstructions}/league/ttifog0hjxprlhkagugu,83,26,5,2,0,2,5,0,1.0871655012176595,6.01,9.946
2024,REG,2,2024091508,59533,09/15/2024,2100,TEN,3430,NYJ,home,3,2.9866993023508566,OKO283611,2100,Chig Okonkwo,C.Okonkwo,TE,https://static.www.nfl.com/image/upload/{formatInstructions}/league/ut2gqeq2lowknrro0wlu,85,16,3,3,0,3,3,0,5.838278552112434,3.2,0.4933333333333347
2024,REG,2,2024091508,59533,09/15/2024,2100,TEN,3430,NYJ,home,4,2.9866993023508566,HOP161500,2100,DeAndre Hopkins,D.Hopkins,WR,https://static.www.nfl.com/image/upload/{formatInstructions}/league/mcoovpx81ao3cdn0igbj,10,9,2,1,0,1,2,0,1.3070663015363724,1.73,11.38
2024,REG,2,2024091508,59533,09/15/2024,2100,TEN,3430,NYJ,home,5,2.9866993023508566,WHY207645,2100,Josh Whyle,J.Whyle,TE,https://static.www.nfl.com/image/upload/{formatInstructions}/league/ccstvnbjzprcpb2j9xnb,81,13,2,2,0,2,2,0,5.179455660856763,3.0149999999999997,1.4849999999999994
2024,REG,2,2024091508,59533,09/15/2024,2100,TEN,3430,NYJ,visitor,1,2.9866993023508566,WIL691962,3430,Garrett Wilson,G.Wilson,WR,https://static.www.nfl.com/image/private/{formatInstructions}/league/llgosx4tokddwnyrgvbx,5,57,6,4,0,4,6,0,1.8415374782516827,4.4366666666666665,8.308333333333335
2024,REG,2,2024091508,59533,09/15/2024,2100,TEN,3430,NYJ,visitor,2,2.9866993023508566,LAZ043714,3430,Allen Lazard,A.Lazard,WR,https://static.www.nfl.com/image/private/{formatInstructions}/league/blrzk3bfnpneuyhsqiqg,10,11,4,2,0,2,4,0,2.688977939133962,5.34,12.222500000000002
2024,REG,2,2024091508,59533,09/15/2024,2100,TEN,3430,NYJ,visitor,3,2.9866993023508566,RUC675714,3430,Jeremy Ruckert,J.Ruckert,TE,https://static.www.nfl.com/image/private/{formatInstructions}/league/w6bf97vbqitoyo5o7xaa,89,0,3,0,0,0,3,0,3.6455659545404404,9.976666666666667,5.033333333333334
2024,REG,2,2024091508,59533,09/15/2024,2100,TEN,3430,NYJ,visitor,4,2.9866993023508566,CON185250,3430,Tyler Conklin,T.Conklin,TE,https://static.www.nfl.com/image/upload/{formatInstructions}/league/chajhumpfogd8effewe6,83,10,2,1,0,1,2,0,5.128711536214604,8.76,1.0450000000000017
2024,REG,2,2024091508,59533,09/15/2024,2100,TEN,3430,NYJ,visitor,5,2.9866993023508566,WIL000009,3430,Mike Williams,M.Williams,WR,https://static.www.nfl.com/image/upload/{formatInstructions}/league/g38aikrr9weo8h1xpehu,18,19,1,1,0,1,1,0,0.420475920832578,2.68,15.060000000000002
2024,REG,2,2024091509,59534,09/15/2024,5110,WAS,3410,NYG,home,1,2.9866993023508566,MCL278328,5110,Terry McLaurin,T.McLaurin,WR,https://static.www.nfl.com/image/upload/{formatInstructions}/league/wokz1etv1wj1vhbmvxgs,17,22,8,6,0,6,8,0,3.164411250666215,7.234999999999999,3.938749999999999
2024,REG,2,2024091509,59534,09/15/2024,5110,WAS,3410,NYG,home,2,2.9866993023508566,BRO408220,5110,Dyami Brown,D.Brown,WR,https://static.www.nfl.com/image/upload/{formatInstructions}/league/mibh7ud59ygmzm19ivac,2,17,4,2,0,2,4,0,3.721732171329834,6.9575,6.847500000000001
2024,REG,2,2024091509,59534,09/15/2024,5110,WAS,3410,NYG,home,3,2.9866993023508566,ERT800920,5110,Zach Ertz,Z.Ertz,TE,https://static.www.nfl.com/image/upload/{formatInstructions}/league/xktmmeumuoglbuam75iz,86,62,4,4,0,4,4,0,4.022385633206759,8.45,11.554999999999996
2024,REG,2,2024091509,59534,09/15/2024,5110,WAS,3410,NYG,home,4,2.9866993023508566,ZAC133180,5110,Olamide Zaccheaus,O.Zaccheaus,WR,https://static.www.nfl.com/image/upload/{formatInstructions}/league/hcmdnfgnnvcp0qbktpxd,14,14,3,3,0,3,3,0,6.801405671466388,10.11,-2.073333333333333
2024,REG,2,2024091509,59534,09/15/2024,5110,WAS,3410,NYG,home,5,2.9866993023508566,BRO567406,5110,Noah Brown,N.Brown,WR,https://static.www.nfl.com/image/upload/{formatInstructions}/league/nv6ix0p8965yiugsuhwh,85,56,3,3,0,3,3,0,2.913370038817428,8.79,12.413333333333332
2024,REG,2,2024091509,59534,09/15/2024,5110,WAS,3410,NYG,visitor,1,2.9866993023508566,NAB400459,3410,Malik Nabers,M.Nabers,WR,https://static.www.nfl.com/image/upload/{formatInstructions}/league/w3edoyyuomqlovvp9ixc,1,127,18,10,1,10,18,1,3.111444544462286,6.1,10.955555555555556
2024,REG,2,2024091509,59534,09/15/2024,5110,WAS,3410,NYG,visitor,2,2.9866993023508566,ROB717726,3410,Wan'Dale Robinson,W.Robinson,WR,https://static.www.nfl.com/image/upload/{formatInstructions}/league/z94hnehk9vgmvtad6sgi,17,18,4,2,1,2,4,1,2.4797148705074905,8.326666666666666,6.4
2024,REG,2,2024091509,59534,09/15/2024,5110,WAS,3410,NYG,visitor,3,2.9866993023508566,SLA500077,3410,Darius Slayton,D.Slayton,WR,https://static.www.nfl.com/image/upload/{formatInstructions}/league/zhm6evj813ucss03ndlx,86,33,4,3,0,3,4,0,2.1896216214699873,8.395,12.184999999999999
2024,REG,2,2024091510,59535,09/15/2024,3800,ARI,2510,LA,home,1,2.9866993023508566,HAR648677,3800,Marvin Harrison Jr.,M.Harrison,WR,https://static.www.nfl.com/image/upload/{formatInstructions}/league/o6hg5zeofmxvzjjpo2sf,18,130,8,4,2,4,8,2,1.5848920479397333,4.845,19.25125
2024,REG,2,2024091510,59535,09/15/2024,3800,ARI,2510,LA,home,2,2.9866993023508566,MCB743360,3800,Trey McBride,T.McBride,TE,https://static.www.nfl.com/image/upload/{formatInstructions}/league/hfdgljgi9gfaskomdl1h,85,67,6,6,0,6,6,0,3.599118805016263,4.71,5.003333333333333
2024,REG,2,2024091510,59535,09/15/2024,3800,ARI,2510,LA,home,3,2.9866993023508566,DOR793727,3800,Greg Dortch,G.Dortch,WR,https://static.www.nfl.com/image/upload/{formatInstructions}/league/gkog6lrht3rnktwiberj,4,11,2,2,0,2,2,0,4.473798319318038,9.9,-0.10999999999999943
2024,REG,2,2024091510,59535,09/15/2024,3800,ARI,2510,LA,home,4,2.9866993023508566,WIL752419,3800,Michael Wilson,Mi.Wilson,WR,https://static.www.nfl.com/image/upload/{formatInstructions}/league/spsbduvpqe21tgkwhvbc,14,31,2,2,0,2,2,0,2.837586013041383,2.1799999999999997,11.470000000000002
2024,REG,2,2024091510,59535,09/15/2024,3800,ARI,2510,LA,home,5,2.9866993023508566,HIG138430,3800,Elijah Higgins,E.Higgins,TE,https://static.www.nfl.com/image/upload/{formatInstructions}/league/sodpdh4uhbhzjxbnmao1,84,18,1,1,1,1,1,1,1.0636728820459802,2.12,25.81
2024,REG,2,2024091510,59535,09/15/2024,3800,ARI,2510,LA,visitor,1,2.9866993023508566,KUP534597,2510,Cooper Kupp,C.Kupp,WR,https://static.www.nfl.com/image/upload/{formatInstructions}/league/sq7zwzcgrajuk0hwwph2,10,37,6,4,0,4,6,0,3.4452977607234256,6.495,6.356666666666665
2024,REG,2,2024091510,59535,09/15/2024,3800,ARI,2510,LA,visitor,2,2.9866993023508566,ROB399065,2510,Demarcus Robinson,D.Robinson,WR,https://static.www.nfl.com/image/upload/{formatInstructions}/league/lakf0xue1qqb7ed4p6ge,15,50,4,2,0,2,4,0,2.4180261379577623,4.535,16.400000000000002
2024,REG,2,2024091510,59535,09/15/2024,3800,ARI,2510,LA,visitor,3,2.9866993023508566,ATW460468,2510,Tutu Atwell,T.Atwell,WR,https://static.www.nfl.com/image/upload/{formatInstructions}/league/hpvbp9pn7ifbh62nde0n,5,48,4,3,0,3,4,0,5.375010346364156,6.915,14.5125
2024,REG,2,2024091510,59535,09/15/2024,3800,ARI,2510,LA,visitor,4,2.9866993023508566,JOH711094,2510,Tyler Johnson,T.Johnson,WR,https://static.www.nfl.com/image/upload/{formatInstructions}/league/vktiajeyqc8s9s6mjws7,18,20,3,2,0,2,3,0,3.534026844841518,4.553333333333334,7.296666666666667
2024,REG,2,2024091510,59535,09/15/2024,3800,ARI,2510,LA,visitor,5,2.9866993023508566,PAR483746,2510,Colby Parkinson,C.Parkinson,TE,https://static.www.nfl.com/image/upload/{formatInstructions}/league/crjyx8tutyzn8bomqbdc,86,12,2,1,0,1,2,0,2.4468058103372883,6.74,7.724999999999998
2024,REG,2,2024091511,59536,09/15/2024,1400,DEN,3900,PIT,home,1,2.9866993023508566,DUL269681,1400,Greg Dulcich,G.Dulcich,TE,https://static.www.nfl.com/image/upload/{formatInstructions}/league/tt3eyuomt5onokrqstsl,80,16,8,3,0,3,8,0,3.373464460169787,4.531428571428572,6.83625
2024,REG,2,2024091511,59536,09/15/2024,1400,DEN,3900,PIT,home,2,2.9866993023508566,REY398905,1400,Josh Reynolds,J.Reynolds,WR,https://static.www.nfl.com/image/upload/{formatInstructions}/league/ifukozhqlo1728h3gjnp,11,93,5,4,0,4,5,0,3.477719048494874,7.715999999999999,15.417999999999997
2024,REG,2,2024091511,59536,09/15/2024,1400,DEN,3900,PIT,home,3,2.9866993023508566,HUM534685,1400,Lil'Jordan Humphrey,L.Humphrey,WR,https://static.www.nfl.com/image/upload/{formatInstructions}/league/yjmyfuozafxd7zwf3mlr,84,50,5,4,0,4,5,0,3.2306652950402004,6.268000000000001,4.993999999999998
2024,REG,2,2024091511,59536,09/15/2024,1400,DEN,3900,PIT,home,4,2.9866993023508566,SUT333526,1400,Courtland Sutton,C.Sutton,WR,https://static.www.nfl.com/image/upload/{formatInstructions}/league/qts95gbd6hv65s9eiseq,14,26,4,1,0,1,4,0,2.6198475686517706,4.37,12.575
2024,REG,2,2024091511,59536,09/15/2024,1400,DEN,3900,PIT,home,5,2.9866993023508566,MIM654774,1400,Marvin Mims Jr.,M.Mims,WR,https://static.www.nfl.com/image/upload/{formatInstructions}/league/trvilnckw7nprw1gkghl,19,10,2,1,0,1,2,0,4.6503914383207885,7.325,26.624999999999996
2024,REG,2,2024091511,59536,09/15/2024,1400,DEN,3900,PIT,visitor,1,2.9866993023508566,PIC576156,3900,George Pickens,G.Pickens,WR,https://static.www.nfl.com/image/upload/{formatInstructions}/league/klxzcb6p7ekngcognpiy,14,29,4,2,0,2,4,0,2.731303087876957,5.755,10.292500000000004
2024,REG,2,2024091511,59536,09/15/2024,1400,DEN,3900,PIT,visitor,2,2.9866993023508566,FRE439769,3900,Pat Freiermuth,P.Freiermuth,TE,https://static.www.nfl.com/image/upload/{formatInstructions}/league/sozfjyy3bmntjv8tmqah,88,39,4,4,0,4,4,0,3.7003294624597425,5.433333333333334,6.422500000000001
2024,REG,2,2024091511,59536,09/15/2024,1400,DEN,3900,PIT,visitor,3,2.9866993023508566,JEF436716,3900,Van Jefferson,V.Jefferson,WR,https://static.www.nfl.com/image/upload/{formatInstructions}/league/v2vkt9htky3xawu8yskx,11,14,3,2,0,2,3,0,2.616567745556837,5.783333333333334,11.956666666666669
2024,REG,2,2024091511,59536,09/15/2024,1400,DEN,3900,PIT,visitor,4,2.9866993023508566,AUS738004,3900,Calvin Austin III,C.Austin,WR,https://static.www.nfl.com/image/private/{formatInstructions}/league/qlt6ztqcbu0uzad6aavt,19,6,2,1,0,1,2,0,1.6545580536578437,7.140000000000001,11.260000000000002
2024,REG,2,2024091511,59536,09/15/2024,1400,DEN,3900,PIT,visitor,5,2.9866993023508566,WAS185860,3900,Darnell Washington,D.Washington,TE,https://static.www.nfl.com/image/upload/{formatInstructions}/league/i6bxioxqzrc9hepszyjf,80,5,1,1,1,1,1,1,1.3685028315644876,4.67,8.659999999999997
2024,REG,2,2024091512,59537,09/15/2024,2310,KC,0920,CIN,home,1,2.9866993023508566,RIC152916,2310,Rashee Rice,R.Rice,WR,https://static.www.nfl.com/image/private/{formatInstructions}/league/zjgi60dvmj5ogvanp201,4,75,6,5,1,5,6,1,4.988209915541,4.5975,7.129999999999998
2024,REG,2,2024091512,59537,09/15/2024,2310,KC,0920,CIN,home,2,2.9866993023508566,WOR741496,2310,Xavier Worthy,X.Worthy,WR,https://static.www.nfl.com/image/upload/{formatInstructions}/league/fvzbx5gpiqkogglyoo1w,1,17,4,2,0,2,4,0,3.1615516547956903,3.61,5.417499999999997
2024,REG,2,2024091512,59537,09/15/2024,2310,KC,0920,CIN,home,3,2.9866993023508566,KEL012458,2310,Travis Kelce,T.Kelce,TE,https://static.www.nfl.com/image/upload/{formatInstructions}/league/ilk4qbxxs6mt3v9zfvtg,87,5,3,1,0,1,3,0,3.83458792961306,6.300000000000001,8.51
2024,REG,2,2024091512,59537,09/15/2024,2310,KC,0920,CIN,home,4,2.9866993023508566,WAT441238,2310,Justin Watson,Ju.Watson,WR,https://static.www.nfl.com/image/private/{formatInstructions}/league/vr9tayyujt23takv3hv3,84,22,2,2,0,2,2,0,7.359192067347614,6.945,6.175000000000001
2024,REG,2,2024091512,59537,09/15/2024,2310,KC,0920,CIN,home,5,2.9866993023508566,WIL054234,2310,Jared Wiley,J.Wiley,TE,https://static.www.nfl.com/image/upload/{formatInstructions}/league/f9bhzz8fogzta1qkg9ms,12,7,1,1,0,1,1,0,1.7664653973401219,9.0,4.579999999999998
2024,REG,2,2024091512,59537,09/15/2024,2310,KC,0920,CIN,visitor,1,2.9866993023508566,GES490798,0920,Mike Gesicki,M.Gesicki,TE,https://static.www.nfl.com/image/upload/{formatInstructions}/league/zabpknonv9ozmkyw4qqt,88,91,9,7,0,7,9,0,3.0921483918896464,5.035555555555556,6.544444444444443
2024,REG,2,2024091512,59537,09/15/2024,2310,KC,0920,CIN,visitor,2,2.9866993023508566,IRW629310,0920,Trenton Irwin,T.Irwin,WR,https://static.www.nfl.com/image/upload/{formatInstructions}/league/q6yiyvs3vlibz7w0wa9b,16,5,6,1,0,1,6,0,1.3311338231338177,5.623333333333334,8.86833333333333
2024,REG,2,2024091512,59537,09/15/2024,2310,KC,0920,CIN,visitor,3,2.9866993023508566,CHA694469,0920,Ja'Marr Chase,J.Chase,WR,https://static.www.nfl.com/image/upload/{formatInstructions}/league/qkcb3qt2fhasfgtfuprd,1,35,5,4,0,4,5,0,3.6486157300640003,6.545999999999999,5.01
2024,REG,2,2024091512,59537,09/15/2024,2310,KC,0920,CIN,visitor,4,2.9866993023508566,IOS307886,0920,Andrei Iosivas,A.Iosivas,WR,https://static.www.nfl.com/image/upload/{formatInstructions}/league/pgbqgzrxmbnmpcnkhsya,80,7,4,2,2,2,4,2,3.3979823827409965,3.295,7.934999999999999
2024,REG,2,2024091512,59537,09/15/2024,2310,KC,0920,CIN,visitor,5,2.9866993023508566,ALL004828,0920,Erick All,E.All,TE,https://static.www.nfl.com/image/upload/{formatInstructions}/league/ifkhcxze7lnxkpzjvsmk,83,32,4,4,0,4,4,0,3.2474229274108524,3.75,4.317500000000002
2024,REG,2,2024091513,59538,09/15/2024,2120,HOU,0810,CHI,home,1,2.9866993023508566,COL654119,2120,Nico Collins,N.Collins,WR,https://static.www.nfl.com/image/upload/{formatInstructions}/league/q7c9aq8rpremfygslmya,12,135,10,8,1,8,10,1,3.298452126168557,5.0889999999999995,11.066999999999998
2024,REG,2,2024091513,59538,09/15/2024,2120,HOU,0810,CHI,home,2,2.9866993023508566,DIG218895,2120,Stefon Diggs,S.Diggs,WR,https://static.www.nfl.com/image/upload/{formatInstructions}/league/to2qwuffjnjlouctglsl,1,37,6,4,0,4,6,0,2.5381041729275133,4.446,9.07
2024,REG,2,2024091513,59538,09/15/2024,2120,HOU,0810,CHI,home,3,2.9866993023508566,DEL440817,2120,Tank Dell,T.Dell,WR,https://static.www.nfl.com/image/upload/{formatInstructions}/league/tqxgovzlhxj0jnwkcvtq,3,-3,4,1,0,1,4,0,3.9106189895765593,6.36,9.84
2024,REG,2,2024091513,59538,09/15/2024,2120,HOU,0810,CHI,home,4,2.9866993023508566,SCH647271,2120,Dalton Schultz,D.Schultz,TE,https://static.www.nfl.com/image/upload/{formatInstructions}/league/ooatvpu1knzypdmjljo9,86,21,3,2,0,2,3,0,3.2271899442527374,9.469999999999999,8.233333333333333
2024,REG,2,2024091513,59538,09/15/2024,2120,HOU,0810,CHI,home,5,2.9866993023508566,HUT304546,2120,Xavier Hutchinson,X.Hutchinson,WR,https://static.www.nfl.com/image/upload/{formatInstructions}/league/vlxzxhej5ffelkxrqf4g,19,0,1,0,0,0,1,0,1.525549081478537,8.24,3.229999999999997
2024,REG,2,2024091513,59538,09/15/2024,2120,HOU,0810,CHI,visitor,1,2.9866993023508566,MOO272423,0810,DJ Moore,D.Moore,WR,https://static.www.nfl.com/image/upload/{formatInstructions}/league/hqb9xnzm9brx79zl6wve,2,53,10,6,0,6,10,0,3.0996460198612494,5.501111111111111,9.857
2024,REG,2,2024091513,59538,09/15/2024,2120,HOU,0810,CHI,visitor,2,2.9866993023508566,KME200895,0810,Cole Kmet,C.Kmet,TE,https://static.www.nfl.com/image/upload/{formatInstructions}/league/fdxpctcmwjupassg9g9d,85,27,5,4,0,4,5,0,4.2178875567533165,10.483333333333334,7.954000000000001
2024,REG,2,2024091513,59538,09/15/2024,2120,HOU,0810,CHI,visitor,3,2.9866993023508566,ODU426541,0810,Rome Odunze,R.Odunze,WR,https://static.www.nfl.com/image/upload/{formatInstructions}/league/labs8tstecnehvzfmrs5,15,33,5,2,0,2,5,0,2.303267253590639,7.882,13.940000000000001
2024,REG,2,2024091513,59538,09/15/2024,2120,HOU,0810,CHI,visitor,4,2.9866993023508566,CAR641798,0810,DeAndre Carter,D.Carter,WR,https://static.www.nfl.com/image/private/{formatInstructions}/league/mh4cvggohuakwwhobzrk,11,32,4,3,0,3,4,0,2.6801917262687893,8.17,11.245000000000001
2024,REG,2,2024091513,59538,09/15/2024,2120,HOU,0810,CHI,visitor,5,2.9866993023508566,EVE166115,0810,Gerald Everett,G.Everett,TE,https://static.www.nfl.com/image/upload/{formatInstructions}/league/aayw74rhaupmfnnikzak,14,1,3,2,0,2,3,0,4.002528122371878,9.78,-0.01666666666666809
2024,REG,2,2024091600,59539,09/16/2024,3700,PHI,0200,ATL,home,1,2.9866993023508566,SMI206016,3700,DeVonta Smith,D.Smith,WR,https://static.www.nfl.com/image/upload/{formatInstructions}/league/bmdflwy52nsk7zpnfhwb,6,76,10,7,1,7,10,1,1.831492492542527,8.405555555555555,11.996999999999998
2024,REG,2,2024091600,59539,09/16/2024,3700,PHI,0200,ATL,home,2,2.9866993023508566,COV404041,3700,Britain Covey,B.Covey,WR,https://static.www.nfl.com/image/upload/{formatInstructions}/league/zxyoxfakwak4h9eiv5mu,18,23,6,6,0,6,6,0,3.8277019688823963,7.1816666666666675,1.663333333333334
2024,REG,2,2024091600,59539,09/16/2024,3700,PHI,0200,ATL,home,3,2.9866993023508566,GOE595520,3700,Dallas Goedert,D.Goedert,TE,https://static.www.nfl.com/image/upload/{formatInstructions}/league/wfj54vhw1zxwwb3vdi61,88,38,4,3,0,3,4,0,2.528469806902649,5.3566666666666665,8.8975
2024,REG,2,2024091600,59539,09/16/2024,3700,PHI,0200,ATL,home,4,2.9866993023508566,CAL069215,3700,Grant Calcaterra,G.Calcaterra,TE,https://static.www.nfl.com/image/upload/{formatInstructions}/league/vxl0kathuej280k01d2r,81,19,2,2,0,2,2,0,2.6177804165921374,6.895,6.68
2024,REG,2,2024091600,59539,09/16/2024,3700,PHI,0200,ATL,home,5,2.9866993023508566,DOT282798,3700,Jahan Dotson,J.Dotson,WR,https://static.www.nfl.com/image/upload/{formatInstructions}/league/myxhp9oqtcv1peactbhv,83,6,1,1,0,1,1,0,9.460301263701908,12.74,-5.399999999999999
2024,REG,2,2024091600,59539,09/16/2024,3700,PHI,0200,ATL,visitor,1,2.9866993023508566,LON013463,0200,Drake London,D.London,WR,https://static.www.nfl.com/image/upload/{formatInstructions}/league/wikjazqtt3uunjufgqrf,5,54,7,6,1,6,7,1,3.2959648093489755,8.55,7.6485714285714295
2024,REG,2,2024091600,59539,09/16/2024,3700,PHI,0200,ATL,visitor,2,2.9866993023508566,MOO076900,0200,Darnell Mooney,D.Mooney,WR,https://static.www.nfl.com/image/upload/{formatInstructions}/league/c1ixyspw0eshl3a2qrly,1,88,7,3,1,3,7,1,2.153026798511872,7.373333333333332,17.324285714285715
2024,REG,2,2024091600,59539,09/16/2024,3700,PHI,0200,ATL,visitor,3,2.9866993023508566,MCC417118,0200,Ray-Ray McCloud,R.McCloud,WR,https://static.www.nfl.com/image/upload/{formatInstructions}/league/nvwn3sdihyyd2itjt7vy,34,42,5,3,0,3,5,0,2.37106468333591,8.175,12.66
2024,REG,2,2024091600,59539,09/16/2024,3700,PHI,0200,ATL,visitor,4,2.9866993023508566,PIT516805,0200,Kyle Pitts,K.Pitts,TE,https://static.www.nfl.com/image/upload/{formatInstructions}/league/t8ymqyhvv8i1r80jyhy2,8,20,4,3,0,3,4,0,3.0901241602670027,4.01,4.035000000000002
2024,REG,3,2024091900,59540,09/19/2024,3430,NYJ,3200,NE,home,1,2.9866993023508566,WIL691962,3430,Garrett Wilson,G.Wilson,WR,https://static.www.nfl.com/image/private/{formatInstructions}/league/llgosx4tokddwnyrgvbx,5,33,9,5,1,5,9,1,2.170584595056065,3.8722222222222222,8.413333333333334
2024,REG,3,2024091900,59540,09/19/2024,3430,NYJ,3200,NE,home,2,2.9866993023508566,CON185250,3430,Tyler Conklin,T.Conklin,TE,https://static.www.nfl.com/image/upload/{formatInstructions}/league/chajhumpfogd8effewe6,83,93,6,5,0,5,6,0,4.054426417232894,5.0,10.691666666666665
2024,REG,3,2024091900,59540,09/19/2024,3430,NYJ,3200,NE,home,3,2.9866993023508566,WIL000009,3430,Mike Williams,M.Williams,WR,https://static.www.nfl.com/image/upload/{formatInstructions}/league/g38aikrr9weo8h1xpehu,18,34,4,3,0,3,4,0,0.9109434607140968,3.6574999999999998,9.644999999999998
2024,REG,3,2024091900,59540,09/19/2024,3430,NYJ,3200,NE,home,4,2.9866993023508566,LAZ043714,3430,Allen Lazard,A.Lazard,WR,https://static.www.nfl.com/image/private/{formatInstructions}/league/blrzk3bfnpneuyhsqiqg,10,48,3,3,1,3,3,1,4.39410198323652,6.669999999999999,2.4666666666666686
2024,REG,3,2024091900,59540,09/19/2024,3430,NYJ,3200,NE,home,5,2.9866993023508566,GIP576222,3430,Xavier Gipson,X.Gipson,WR,https://static.www.nfl.com/image/private/{formatInstructions}/league/tqo7wkjetkgupevxfvnv,82,16,2,2,0,2,2,0,3.1333897921071148,5.369999999999999,0.9100000000000001
2024,REG,3,2024091900,59540,09/19/2024,3430,NYJ,3200,NE,visitor,1,2.9866993023508566,DOU259552,3200,Demario Douglas,D.Douglas,WR,https://static.www.nfl.com/image/private/{formatInstructions}/league/svnh61ottqtfmcqvnbj3,3,69,9,7,0,7,9,0,3.9182659050654696,6.045,5.645555555555556
2024,REG,3,2024091900,59540,09/19/2024,3430,NYJ,3200,NE,visitor,2,2.9866993023508566,HOO570770,3200,Austin Hooper,A.Hooper,TE,https://static.www.nfl.com/image/upload/{formatInstructions}/league/hj0ybtjspne3t1cso961,81,19,4,1,0,1,4,0,2.3875959598874315,5.953333333333333,5.677500000000002
2024,REG,3,2024091900,59540,09/19/2024,3430,NYJ,3200,NE,visitor,3,2.9866993023508566,HEN617052,3200,Hunter Henry,H.Henry,TE,https://static.www.nfl.com/image/private/{formatInstructions}/league/sdjob9akppefyo7py5tj,85,9,3,2,0,2,3,0,2.8809416946928663,8.184999999999999,1.9266666666666694
2024,REG,3,2024091900,59540,09/19/2024,3430,NYJ,3200,NE,visitor,4,2.9866993023508566,BOU482823,3200,Kayshon Boutte,K.Boutte,WR,https://static.www.nfl.com/image/private/{formatInstructions}/league/nz6t7jhx6erszovbv1bd,9,2,2,1,0,1,2,0,1.6047642316171953,2.2,4.050000000000001
2024,REG,3,2024091900,59540,09/19/2024,3430,NYJ,3200,NE,visitor,5,2.9866993023508566,POL136646,3200,Ja'Lynn Polk,J.Polk,WR,https://static.www.nfl.com/image/upload/{formatInstructions}/league/jladubt1cwxq46uslmu9,1,13,2,2,0,2,2,0,3.0952285245365974,4.005,5.440000000000001
2024,REG,3,2024092200,59541,09/22/2024,1050,CLE,3410,NYG,home,1,2.9866993023508566,COO487703,1050,Amari Cooper,A.Cooper,WR,https://static.www.nfl.com/image/private/{formatInstructions}/league/zibbxjtein7gpu5zgcj4,2,86,12,7,2,7,12,2,2.633187465918018,6.297499999999999,10.050833333333335
2024,REG,3,2024092200,59541,09/22/2024,1050,CLE,3410,NYG,home,2,2.9866993023508566,JEU415291,1050,Jerry Jeudy,J.Jeudy,WR,https://static.www.nfl.com/image/upload/{formatInstructions}/league/szca1v9butuqkjs7ekpm,3,27,7,4,0,4,7,0,2.8304921101159244,6.465,9.319999999999999
2024,REG,3,2024092200,59541,09/22/2024,1050,CLE,3410,NYG,home,3,2.9866993023508566,AKI501776,1050,Jordan Akins,J.Akins,TE,https://static.www.nfl.com/image/private/{formatInstructions}/league/fgkl9zfpy2yxrkxfge84,88,29,7,4,0,4,7,0,3.3692269255325704,3.733333333333333,4.465714285714286
2024,REG,3,2024092200,59541,09/22/2024,1050,CLE,3410,NYG,home,4,2.9866993023508566,MOO279723,1050,Elijah Moore,E.Moore,WR,https://static.www.nfl.com/image/private/{formatInstructions}/league/bhwvzckfhhcqhb7zdqyj,8,17,3,2,0,2,3,0,6.643717514605776,7.6866666666666665,8.41
2024,REG,3,2024092200,59541,09/22/2024,1050,CLE,3410,NYG,home,5,2.9866993023508566,TIL377067,1050,Cedric Tillman,C.Tillman,WR,https://static.www.nfl.com/image/upload/{formatInstructions}/league/fp371fgk45btt01uvucq,19,4,2,1,0,1,2,0,1.4025262314159712,4.085,7.024999999999999
2024,REG,3,2024092200,59541,09/22/2024,1050,CLE,3410,NYG,visitor,1,2.9866993023508566,NAB400459,3410,Malik Nabers,M.Nabers,WR,https://static.www.nfl.com/image/upload/{formatInstructions}/league/w3edoyyuomqlovvp9ixc,1,78,12,8,2,8,12,2,2.2437398179272554,4.601666666666667,10.576666666666666
2024,REG,3,2024092200,59541,09/22/2024,1050,CLE,3410,NYG,visitor,2,2.9866993023508566,ROB717726,3410,Wan'Dale Robinson,W.Robinson,WR,https://static.www.nfl.com/image/upload/{formatInstructions}/league/z94hnehk9vgmvtad6sgi,17,61,8,7,0,7,8,0,3.299508171113077,6.6375,2.317499999999999
2024,REG,3,2024092200,59541,09/22/2024,1050,CLE,3410,NYG,visitor,3,2.9866993023508566,JOH679524,3410,Theo Johnson,T.Johnson,TE,https://static.www.nfl.com/image/upload/{formatInstructions}/league/gljwzcxubvoqjxwnakze,84,13,3,1,0,1,3,0,2.8473516580982463,4.663333333333334,8.883333333333331
2024,REG,3,2024092200,59541,09/22/2024,1050,CLE,3410,NYG,visitor,4,2.9866993023508566,SLA500077,3410,Darius Slayton,D.Slayton,WR,https://static.www.nfl.com/image/upload/{formatInstructions}/league/zhm6evj813ucss03ndlx,86,7,2,1,0,1,2,0,3.5192489592946314,6.319999999999999,6.695
2024,REG,3,2024092200,59541,09/22/2024,1050,CLE,3410,NYG,visitor,5,2.9866993023508566,BEL680916,3410,Daniel Bellinger,D.Bellinger,TE,https://static.www.nfl.com/image/upload/{formatInstructions}/league/f9xmqszyicfahxrcqevp,82,17,1,1,0,1,1,0,1.8808774548066653,5.39,15.32
2024,REG,3,2024092201,59542,09/22/2024,2200,IND,0810,CHI,home,1,2.9866993023508566,DOW686145,2200,Josh Downs,J.Downs,WR,https://static.www.nfl.com/image/upload/{formatInstructions}/league/zue2xxvfrignllqlhagu,1,22,5,3,0,3,5,0,3.841232425004187,6.776000000000001,1.7540000000000007
2024,REG,3,2024092201,59542,09/22/2024,2200,IND,0810,CHI,home,2,2.9866993023508566,PIT228050,2200,Michael Pittman,M.Pittman,WR,https://static.www.nfl.com/image/private/{formatInstructions}/league/wnymcombo2plamteihiy,11,36,5,4,0,4,5,0,3.4378695004214883,8.658,8.156
2024,REG,3,2024092201,59542,09/22/2024,2200,IND,0810,CHI,home,3,2.9866993023508566,PIE185673,2200,Alec Pierce,A.Pierce,WR,https://static.www.nfl.com/image/upload/{formatInstructions}/league/hvtcpccoigf9cghzkxcg,14,44,2,1,0,1,2,0,3.234787726394215,4.18,24.14
2024,REG,3,2024092201,59542,09/22/2024,2200,IND,0810,CHI,home,4,2.9866993023508566,GRA367521,2200,Kylen Granson,K.Granson,TE,https://static.www.nfl.com/image/upload/{formatInstructions}/league/rydvwc7sqwucvx14s8b4,83,40,1,1,0,1,1,0,11.079999999999997,6.45,15.439999999999998
2024,REG,3,2024092201,59542,09/22/2024,2200,IND,0810,CHI,home,5,2.9866993023508566,MIT056120,2200,Adonai Mitchell,A.Mitchell,WR,https://static.www.nfl.com/image/upload/{formatInstructions}/league/fztxucnxhoxep6utluyc,10,0,1,0,0,0,1,0,1.1027692415006862,5.5,37.75
2024,REG,3,2024092201,59542,09/22/2024,2200,IND,0810,CHI,visitor,1,2.9866993023508566,KME200895,0810,Cole Kmet,C.Kmet,TE,https://static.www.nfl.com/image/upload/{formatInstructions}/league/fdxpctcmwjupassg9g9d,85,97,11,10,1,10,11,1,4.624842304953017,7.85375,7.800000000000001
2024,REG,3,2024092201,59542,09/22/2024,2200,IND,0810,CHI,visitor,2,2.9866993023508566,ODU426541,0810,Rome Odunze,R.Odunze,WR,https://static.www.nfl.com/image/upload/{formatInstructions}/league/labs8tstecnehvzfmrs5,15,112,11,6,1,6,11,1,2.299804108220716,4.707,21.327272727272728
2024,REG,3,2024092201,59542,09/22/2024,2200,IND,0810,CHI,visitor,3,2.9866993023508566,MOO272423,0810,DJ Moore,D.Moore,WR,https://static.www.nfl.com/image/upload/{formatInstructions}/league/hqb9xnzm9brx79zl6wve,2,78,10,8,0,8,10,0,3.1335048854135037,6.733333333333333,8.422
2024,REG,3,2024092201,59542,09/22/2024,2200,IND,0810,CHI,visitor,4,2.9866993023508566,CAR641798,0810,DeAndre Carter,D.Carter,WR,https://static.www.nfl.com/image/private/{formatInstructions}/league/mh4cvggohuakwwhobzrk,11,22,6,3,0,3,6,0,3.331825358932827,6.011666666666667,10.616666666666667
2024,REG,3,2024092201,59542,09/22/2024,2200,IND,0810,CHI,visitor,5,2.9866993023508566,EVE166115,0810,Gerald Everett,G.Everett,TE,https://static.www.nfl.com/image/upload/{formatInstructions}/league/aayw74rhaupmfnnikzak,14,0,1,0,0,0,1,0,0.2193171219946122,4.88,18.03
2024,REG,3,2024092202,59543,09/22/2024,3000,MIN,2120,HOU,home,1,2.9866993023508566,JEF269287,3000,Justin Jefferson,J.Jefferson,WR,https://static.www.nfl.com/image/upload/{formatInstructions}/league/vrftbpzwk6qmv0zjcysg,18,81,8,6,1,6,8,1,4.486576736834007,7.11,9.815
2024,REG,3,2024092202,59543,09/22/2024,3000,MIN,2120,HOU,home,2,2.9866993023508566,NAI067484,3000,Jalen Nailor,J.Nailor,WR,https://static.www.nfl.com/image/upload/{formatInstructions}/league/fe9b3l4fz6n02gbr5zbt,83,31,4,3,1,3,4,1,4.756248678222214,8.97,9.704999999999997
2024,REG,3,2024092202,59543,09/22/2024,3000,MIN,2120,HOU,home,3,2.9866993023508566,MUN312153,3000,Johnny Mundt,J.Mundt,TE,https://static.www.nfl.com/image/upload/{formatInstructions}/league/ievumbznrtys9b2esphz,86,2,3,1,1,1,3,1,0.9453125345519093,4.919999999999999,5.666666666666667
2024,REG,3,2024092202,59543,09/22/2024,3000,MIN,2120,HOU,home,4,2.9866993023508566,POW179215,3000,Brandon Powell,B.Powell,WR,https://static.www.nfl.com/image/upload/{formatInstructions}/league/kpggzzkazhxoq4e77xho,4,13,2,1,0,1,2,0,3.6539625526216746,4.26,11.825000000000003
2024,REG,3,2024092202,59543,09/22/2024,3000,MIN,2120,HOU,home,5,2.9866993023508566,SHE566024,3000,Trent Sherfield,T.Sherfield,WR,https://static.www.nfl.com/image/upload/{formatInstructions}/league/esdvav44ezzmwbwe1rju,11,8,1,1,0,1,1,0,4.262030032742613,10.05,5.18
2024,REG,3,2024092202,59543,09/22/2024,3000,MIN,2120,HOU,visitor,1,2.9866993023508566,DIG218895,2120,Stefon Diggs,S.Diggs,WR,https://static.www.nfl.com/image/upload/{formatInstructions}/league/to2qwuffjnjlouctglsl,1,94,12,10,0,10,12,0,2.983241188889856,7.4025,7.490833333333335
2024,REG,3,2024092202,59543,09/22/2024,3000,MIN,2120,HOU,visitor,2,2.9866993023508566,COL654119,2120,Nico Collins,N.Collins,WR,https://static.www.nfl.com/image/upload/{formatInstructions}/league/q7c9aq8rpremfygslmya,12,86,10,4,0,4,10,0,3.8170123808860494,6.110000000000001,13.504
2024,REG,3,2024092202,59543,09/22/2024,3000,MIN,2120,HOU,visitor,3,2.9866993023508566,DEL440817,2120,Tank Dell,T.Dell,WR,https://static.www.nfl.com/image/upload/{formatInstructions}/league/tqxgovzlhxj0jnwkcvtq,3,62,6,5,0,5,6,0,4.024430073006813,8.071666666666667,7.689999999999999
2024,REG,3,2024092202,59543,09/22/2024,3000,MIN,2120,HOU,visitor,4,2.9866993023508566,SCH647271,2120,Dalton Schultz,D.Schultz,TE,https://static.www.nfl.com/image/upload/{formatInstructions}/league/ooatvpu1knzypdmjljo9,86,11,5,2,0,2,5,0,2.4027239050292226,3.9766666666666666,8.662
2024,REG,3,2024092202,59543,09/22/2024,3000,MIN,2120,HOU,visitor,5,2.9866993023508566,WOO561144,2120,Robert Woods,R.Woods,WR,https://static.www.nfl.com/image/upload/{formatInstructions}/league/ydjg5fylwkf5aaxiul6v,2,18,2,2,0,2,2,0,5.336814854449605,6.965,-0.8450000000000024
2024,REG,3,2024092203,59544,09/22/2024,3300,NO,3700,PHI,home,1,2.9866993023508566,OLA659325,3300,Chris Olave,C.Olave,WR,https://static.www.nfl.com/image/upload/{formatInstructions}/league/riiwbow7zphqmomiazph,12,86,6,6,1,6,6,1,3.382540323730161,7.908000000000001,13.166666666666666
2024,REG,3,2024092203,59544,09/22/2024,3300,NO,3700,PHI,home,2,2.9866993023508566,SHA089447,3300,Rashid Shaheed,R.Shaheed,WR,https://static.www.nfl.com/image/upload/{formatInstructions}/league/mnaref4vwyau8mbsp0ri,22,0,5,0,0,0,5,0,1.0561663931587786,6.657500000000001,21.726
2024,REG,3,2024092203,59544,09/22/2024,3300,NO,3700,PHI,home,3,2.9866993023508566,TIP628557,3300,Mason Tipton,M.Tipton,WR,https://static.www.nfl.com/image/upload/{formatInstructions}/league/ldzn20eu15intdsolw9i,84,11,3,2,0,2,3,0,5.194383302797658,8.395,3.4133333333333318
2024,REG,3,2024092203,59544,09/22/2024,3300,NO,3700,PHI,home,4,2.9866993023508566,MOR096402,3300,Foster Moreau,F.Moreau,TE,https://static.www.nfl.com/image/upload/{formatInstructions}/league/hfcik9okcbwsbhgoaljy,87,2,2,1,0,1,2,0,5.226455933348952,5.84,3.5199999999999996
2024,REG,3,2024092203,59544,09/22/2024,3300,NO,3700,PHI,home,5,2.9866993023508566,WIL656498,3300,Cedrick Wilson Jr.,C.Wilson,WR,https://static.www.nfl.com/image/upload/{formatInstructions}/league/vuolr6nwwbrwwc5ldt7f,11,3,1,1,0,1,1,0,4.920162598939187,7.88,-6.890000000000001
2024,REG,3,2024092203,59544,09/22/2024,3300,NO,3700,PHI,visitor,1,2.9866993023508566,GOE595520,3700,Dallas Goedert,D.Goedert,TE,https://static.www.nfl.com/image/upload/{formatInstructions}/league/wfj54vhw1zxwwb3vdi61,88,170,11,10,0,10,11,0,3.190400378712708,5.7875,6.34090909090909
2024,REG,3,2024092203,59544,09/22/2024,3300,NO,3700,PHI,visitor,2,2.9866993023508566,SMI206016,3700,DeVonta Smith,D.Smith,WR,https://static.www.nfl.com/image/upload/{formatInstructions}/league/bmdflwy52nsk7zpnfhwb,6,79,10,7,0,7,10,0,2.5975800035185976,4.914,13.411000000000001
2024,REG,3,2024092203,59544,09/22/2024,3300,NO,3700,PHI,visitor,3,2.9866993023508566,DOT282798,3700,Jahan Dotson,J.Dotson,WR,https://static.www.nfl.com/image/upload/{formatInstructions}/league/myxhp9oqtcv1peactbhv,83,8,3,2,0,2,3,0,3.2344350936319324,9.450000000000001,10.29
2024,REG,3,2024092203,59544,09/22/2024,3300,NO,3700,PHI,visitor,4,2.9866993023508566,CAM230411,3700,Parris Campbell,P.Campbell,WR,https://static.www.nfl.com/image/upload/{formatInstructions}/league/zesqmghc8zchkvhsv9jb,80,13,2,2,0,2,2,0,4.45744195942967,6.83,6.039999999999999
2024,REG,3,2024092203,59544,09/22/2024,3300,NO,3700,PHI,visitor,5,2.9866993023508566,WIL733437,3700,Johnny Wilson,J.Wilson,WR,https://static.www.nfl.com/image/upload/{formatInstructions}/league/cj13ngp4tjmi9621trrk,89,9,2,1,0,1,2,0,2.683507909878642,2.5,10.97
2024,REG,3,2024092204,59545,09/22/2024,3900,PIT,4400,LAC,home,1,2.9866993023508566,PIC576156,3900,George Pickens,G.Pickens,WR,https://static.www.nfl.com/image/upload/{formatInstructions}/league/klxzcb6p7ekngcognpiy,14,57,7,5,0,5,7,0,2.6107682538975516,5.323333333333333,10.342857142857143
2024,REG,3,2024092204,59545,09/22/2024,3900,PIT,4400,LAC,home,2,2.9866993023508566,AUS738004,3900,Calvin Austin III,C.Austin,WR,https://static.www.nfl.com/image/private/{formatInstructions}/league/qlt6ztqcbu0uzad6aavt,19,95,5,4,1,4,5,1,2.6620301689054706,6.803999999999999,11.574000000000002
2024,REG,3,2024092204,59545,09/22/2024,3900,PIT,4400,LAC,home,3,2.9866993023508566,FRE439769,3900,Pat Freiermuth,P.Freiermuth,TE,https://static.www.nfl.com/image/upload/{formatInstructions}/league/sozfjyy3bmntjv8tmqah,88,33,5,4,0,4,5,0,3.5204475104433874,7.91,4.160000000000002
2024,REG,3,2024092204,59545,09/22/2024,3900,PIT,4400,LAC,home,4,2.9866993023508566,MIL546315,3900,Scott Miller,S.Miller,WR,https://static.www.nfl.com/image/upload/{formatInstructions}/league/v5fxl6tig8qarofg0lo1,13,31,2,2,0,2,2,0,3.1632849020767813,5.82,3.8999999999999986
2024,REG,3,2024092204,59545,09/22/2024,3900,PIT,4400,LAC,home,5,2.9866993023508566,HEY274236,3900,Connor Heyward,Co.Heyward,TE,https://static.www.nfl.com/image/upload/{formatInstructions}/league/b9bnasge2v2dtctdtqnf,83,2,1,1,0,1,1,0,4.2449970553582235,,0.480000000000004
2024,REG,3,2024092204,59545,09/22/2024,3900,PIT,4400,LAC,visitor,1,2.9866993023508566,MCC512833,4400,Ladd McConkey,L.McConkey,WR,https://static.www.nfl.com/image/upload/{formatInstructions}/league/wcx39ialovvxxnvs2bke,15,44,6,3,0,3,6,0,2.159907514241914,4.528333333333333,10.478333333333333
2024,REG,3,2024092204,59545,09/22/2024,3900,PIT,4400,LAC,visitor,2,2.9866993023508566,DIS743152,4400,Will Dissly,W.Dissly,TE,https://static.www.nfl.com/image/upload/{formatInstructions}/league/opdpeoconvviwkufolxr,81,19,3,3,0,3,3,0,5.433811004996564,3.0566666666666666,1.3466666666666651
2024,REG,3,2024092204,59545,09/22/2024,3900,PIT,4400,LAC,visitor,3,2.9866993023508566,FEH556867,4400,Simi Fehoko,S.Fehoko,WR,https://static.www.nfl.com/image/upload/{formatInstructions}/league/fcso2vvp9tgqjm30qmuq,87,17,3,1,0,1,3,0,2.8362406529611643,8.14,13.833333333333334
2024,REG,3,2024092204,59545,09/22/2024,3900,PIT,4400,LAC,visitor,4,2.9866993023508566,JOH823261,4400,Quentin Johnston,Q.Johnston,WR,https://static.www.nfl.com/image/upload/{formatInstructions}/league/jbxlvsbokf9qdqtet1qr,1,44,2,2,1,2,2,1,7.193481496261002,7.15,11.260000000000002
2024,REG,3,2024092204,59545,09/22/2024,3900,PIT,4400,LAC,visitor,5,2.9866993023508566,HUR495014,4400,Hayden Hurst,H.Hurst,TE,https://static.www.nfl.com/image/upload/{formatInstructions}/league/qxvkvmi2fphxjqyb21nv,88,15,2,2,0,2,2,0,5.619198686497926,2.5500000000000003,3.184999999999995
2024,REG,3,2024092205,59546,09/22/2024,4900,TB,1400,DEN,home,1,2.9866993023508566,GOD549393,4900,Chris Godwin,C.Godwin,WR,https://static.www.nfl.com/image/upload/{formatInstructions}/league/al7b3dzqhysgve7l5lke,14,53,9,6,1,6,9,1,2.293945497575239,5.7025,7.211111111111112
2024,REG,3,2024092205,59546,09/22/2024,4900,TB,1400,DEN,home,2,2.9866993023508566,OTT712400,4900,Cade Otton,C.Otton,TE,https://static.www.nfl.com/image/upload/{formatInstructions}/league/mljam77kst1wlqd5y91v,88,47,8,7,0,7,8,0,2.7732135993080584,4.957142857142857,3.8687499999999995
2024,REG,3,2024092205,59546,09/22/2024,4900,TB,1400,DEN,home,3,2.9866993023508566,EVA534309,4900,Mike Evans,M.Evans,WR,https://static.www.nfl.com/image/upload/{formatInstructions}/league/vfsaie1uiokfczwv9p4d,13,17,3,2,0,2,3,0,3.8700234536634,5.406666666666666,10.703333333333333
2024,REG,3,2024092205,59546,09/22/2024,4900,TB,1400,DEN,home,4,2.9866993023508566,DUR344537,4900,Payne Durham,P.Durham,TE,https://static.www.nfl.com/image/upload/{formatInstructions}/league/vrdqb2si9rpshhy51liq,87,8,1,1,0,1,1,0,7.3324006982706615,3.2,0.75
2024,REG,3,2024092205,59546,09/22/2024,4900,TB,1400,DEN,home,5,2.9866993023508566,PAL683280,4900,Trey Palmer,T.Palmer,WR,https://static.www.nfl.com/image/upload/{formatInstructions}/league/zv0wdsdctgf2zw2ctumy,10,0,1,0,0,0,1,0,0.6363961030678968,9.31,5.640000000000001
2024,REG,3,2024092205,59546,09/22/2024,4900,TB,1400,DEN,visitor,1,2.9866993023508566,SUT333526,1400,Courtland Sutton,C.Sutton,WR,https://static.www.nfl.com/image/upload/{formatInstructions}/league/qts95gbd6hv65s9eiseq,14,68,11,7,0,7,11,0,1.7997908954035167,6.13909090909091,10.143636363636363
2024,REG,3,2024092205,59546,09/22/2024,4900,TB,1400,DEN,visitor,2,2.9866993023508566,HUM534685,1400,Lil'Jordan Humphrey,L.Humphrey,WR,https://static.www.nfl.com/image/upload/{formatInstructions}/league/yjmyfuozafxd7zwf3mlr,84,37,8,6,0,6,8,0,3.410138866095601,7.9375,5.10125
2024,REG,3,2024092205,59546,09/22/2024,4900,TB,1400,DEN,visitor,3,2.9866993023508566,FRA545210,1400,Troy Franklin,T.Franklin,WR,https://static.www.nfl.com/image/upload/{formatInstructions}/league/w429urxwxc8sw4bsbvxz,16,11,5,2,0,2,5,0,3.5989880260480063,9.376,9.143999999999998
2024,REG,3,2024092205,59546,09/22/2024,4900,TB,1400,DEN,visitor,4,2.9866993023508566,REY398905,1400,Josh Reynolds,J.Reynolds,WR,https://static.www.nfl.com/image/upload/{formatInstructions}/league/ifukozhqlo1728h3gjnp,11,36,2,2,0,2,2,0,2.293724448888601,3.4000000000000004,13.265
2024,REG,3,2024092205,59546,09/22/2024,4900,TB,1400,DEN,visitor,5,2.9866993023508566,TRA447732,1400,Adam Trautman,A.Trautman,TE,https://static.www.nfl.com/image/upload/{formatInstructions}/league/qvqigum2qjhil0z3er2c,82,13,1,1,0,1,1,0,8.964039268097837,,2.5900000000000034
2024,REG,3,2024092206,59547,09/22/2024,2100,TEN,1800,GB,home,1,2.9866993023508566,HOP161500,2100,DeAndre Hopkins,D.Hopkins,WR,https://static.www.nfl.com/image/upload/{formatInstructions}/league/mcoovpx81ao3cdn0igbj,10,73,7,6,1,6,7,1,3.096340362527049,5.752857142857144,9.844285714285716
2024,REG,3,2024092206,59547,09/22/2024,2100,TEN,1800,GB,home,2,2.9866993023508566,WHY207645,2100,Josh Whyle,J.Whyle,TE,https://static.www.nfl.com/image/upload/{formatInstructions}/league/ccstvnbjzprcpb2j9xnb,81,43,5,4,0,4,5,0,4.765518808286294,7.236,6.204000000000001
2024,REG,3,2024092206,59547,09/22/2024,2100,TEN,1800,GB,home,3,2.9866993023508566,BOY378353,2100,Tyler Boyd,T.Boyd,WR,https://static.www.nfl.com/image/upload/{formatInstructions}/league/ttifog0hjxprlhkagugu,83,33,4,3,0,3,4,0,5.106340285555602,7.945,4.922499999999999
2024,REG,3,2024092206,59547,09/22/2024,2100,TEN,1800,GB,home,4,2.9866993023508566,RID652384,2100,Calvin Ridley,C.Ridley,WR,https://static.www.nfl.com/image/upload/{formatInstructions}/league/tmeij0cfgylmurfybs74,0,9,3,1,0,1,3,0,4.273647476303811,7.253333333333333,15.97333333333333
2024,REG,3,2024092206,59547,09/22/2024,2100,TEN,1800,GB,home,5,2.9866993023508566,BUR321327,2100,Treylon Burks,T.Burks,WR,https://static.www.nfl.com/image/upload/{formatInstructions}/league/xinnrxloao8wvyps7e3m,16,9,3,1,0,1,3,0,3.3543791779347103,4.173333333333333,19.093333333333334
2024,REG,3,2024092206,59547,09/22/2024,2100,TEN,1800,GB,visitor,1,2.9866993023508566,REE263142,1800,Jayden Reed,J.Reed,WR,https://static.www.nfl.com/image/upload/{formatInstructions}/league/blh2tfg9qjthqo2g6ot4,11,50,6,4,0,4,6,0,4.369467767053358,8.918,-1.2766666666666666
2024,REG,3,2024092206,59547,09/22/2024,2100,TEN,1800,GB,visitor,2,2.9866993023508566,KRA144054,1800,Tucker Kraft,T.Kraft,TE,https://static.www.nfl.com/image/upload/{formatInstructions}/league/klrmgekdzx1ywjjmixp7,85,24,3,2,0,2,3,0,2.124451055978274,2.8033333333333332,2.193333333333333
2024,REG,3,2024092206,59547,09/22/2024,2100,TEN,1800,GB,visitor,3,2.9866993023508566,WAT316591,1800,Christian Watson,C.Watson,WR,https://static.www.nfl.com/image/upload/{formatInstructions}/league/qenktpex0mep8er8dzxj,9,67,2,2,0,2,2,0,2.2908703415938962,4.85,21.465000000000003
2024,REG,3,2024092206,59547,09/22/2024,2100,TEN,1800,GB,visitor,4,2.9866993023508566,DOU043165,1800,Romeo Doubs,R.Doubs,WR,https://static.www.nfl.com/image/upload/{formatInstructions}/league/dyulbddqbqshoqdxgo63,87,18,2,1,0,1,2,0,1.5220551501259594,6.295,25.89
2024,REG,3,2024092206,59547,09/22/2024,2100,TEN,1800,GB,visitor,5,2.9866993023508566,WIC622867,1800,Dontayvion Wicks,D.Wicks,WR,https://static.www.nfl.com/image/upload/{formatInstructions}/league/ghsev2bmz8kvhm8dsbey,13,0,2,0,0,0,2,0,1.9879103381510221,5.445,19.475
2024,REG,3,2024092207,59548,09/22/2024,2520,LV,0750,CAR,home,1,2.9866993023508566,TUC399910,2520,Tre Tucker,T.Tucker,WR,https://static.www.nfl.com/image/upload/{formatInstructions}/league/soebzcfwhgnjffwqv1ox,11,96,9,7,1,7,9,1,3.4498343471572017,8.126666666666667,12.305555555555555
2024,REG,3,2024092207,59548,09/22/2024,2520,LV,0750,CAR,home,2,2.9866993023508566,ADA218591,2520,Davante Adams,D.Adams,WR,https://static.www.nfl.com/image/upload/{formatInstructions}/league/ghny3c3lzro28anpepnr,17,40,9,4,0,4,9,0,2.2869790519351536,8.11,7.923333333333334
2024,REG,3,2024092207,59548,09/22/2024,2520,LV,0750,CAR,home,3,2.9866993023508566,MEY171606,2520,Jakobi Meyers,J.Meyers,WR,https://static.www.nfl.com/image/upload/{formatInstructions}/league/p1abjttm5pu8gev0gwea,16,62,9,7,1,7,9,1,2.655471722667968,9.755555555555555,9.697777777777778
2024,REG,3,2024092207,59548,09/22/2024,2520,LV,0750,CAR,home,4,2.9866993023508566,BOW196560,2520,Brock Bowers,B.Bowers,TE,https://static.www.nfl.com/image/upload/{formatInstructions}/league/mjy86xh8munoiur4hejf,89,41,4,3,0,3,4,0,5.9406979527566595,6.87,5.5325
2024,REG,3,2024092207,59548,09/22/2024,2520,LV,0750,CAR,home,5,2.9866993023508566,MAY330676,2520,Michael Mayer,M.Mayer,TE,https://static.www.nfl.com/image/upload/{formatInstructions}/league/rmc4igjgu5za2va8rfe1,87,7,3,1,0,1,3,0,3.1231887212726317,8.88,6.443333333333335
2024,REG,3,2024092207,59548,09/22/2024,2520,LV,0750,CAR,visitor,1,2.9866993023508566,JOH000017,0750,Diontae Johnson,Di.Johnson,WR,https://static.www.nfl.com/image/upload/{formatInstructions}/league/syk5xhvwikwmbaplpm8k,5,122,14,8,1,8,14,1,2.720931599216872,5.160714285714286,10.155714285714286
2024,REG,3,2024092207,59548,09/22/2024,2520,LV,0750,CAR,visitor,2,2.9866993023508566,THI510348,0750,Adam Thielen,A.Thielen,WR,https://static.www.nfl.com/image/private/{formatInstructions}/league/kmldtl8p9h7h5dzvkwsw,19,40,5,3,1,3,5,1,3.3070957713435876,5.504,8.512000000000004
2024,REG,3,2024092207,59548,09/22/2024,2520,LV,0750,CAR,visitor,3,2.9866993023508566,MIN170999,0750,Jonathan Mingo,J.Mingo,WR,https://static.www.nfl.com/image/private/{formatInstructions}/league/ie1yo3orpq0mqemptnko,15,18,4,3,0,3,4,0,3.3297223629072987,8.195,4.129999999999999
2024,REG,3,2024092207,59548,09/22/2024,2520,LV,0750,CAR,visitor,4,2.9866993023508566,LEG145351,0750,Xavier Legette,X.Legette,WR,https://static.www.nfl.com/image/upload/{formatInstructions}/league/a3etuvp3kqtwmtkioq8g,17,42,3,2,0,2,3,0,4.2855543742174,10.485,6.193333333333332
2024,REG,3,2024092207,59548,09/22/2024,2520,LV,0750,CAR,visitor,5,2.9866993023508566,TRE718453,0750,Tommy Tremble,T.Tremble,TE,https://static.www.nfl.com/image/private/{formatInstructions}/league/s1t4b3y1pq7n3oxlgqjh,82,29,3,3,0,3,3,0,1.7934696752636674,2.46,7.593333333333335
2024,REG,3,2024092208,59549,09/22/2024,4600,SEA,2700,MIA,home,1,2.9866993023508566,LOC420915,4600,Tyler Lockett,T.Lockett,WR,https://static.www.nfl.com/image/upload/{formatInstructions}/league/yz9p4pfwr0iyakhnwj4z,16,46,8,5,0,5,8,0,3.1811155951242265,6.983750000000001,8.162500000000001
2024,REG,3,2024092208,59549,09/22/2024,4600,SEA,2700,MIA,home,2,2.9866993023508566,FAN405165,4600,Noah Fant,N.Fant,TE,https://static.www.nfl.com/image/private/{formatInstructions}/league/w1gqasldrg3jumzdqjvy,87,60,6,6,0,6,6,0,3.6599653759866,5.3100000000000005,5.415000000000003
2024,REG,3,2024092208,59549,09/22/2024,4600,SEA,2700,MIA,home,3,2.9866993023508566,MET363377,4600,DK Metcalf,D.Metcalf,WR,https://static.www.nfl.com/image/upload/{formatInstructions}/league/ezpzdcvzlu5ga4uv6oas,14,104,6,4,1,4,6,1,2.7873136064321833,6.995,14.898333333333335
2024,REG,3,2024092208,59549,09/22/2024,4600,SEA,2700,MIA,home,4,2.9866993023508566,SMI829636,4600,Jaxon Smith-Njigba,J.Smith-Njigba,WR,https://static.www.nfl.com/image/upload/{formatInstructions}/league/lfroslgx4bo5p641flvg,11,39,3,3,0,3,3,0,3.5939746821793537,6.305,4.536666666666666
2024,REG,3,2024092208,59549,09/22/2024,4600,SEA,2700,MIA,home,5,2.9866993023508566,BAR235889,4600,AJ Barner,A.Barner,TE,https://static.www.nfl.com/image/upload/{formatInstructions}/league/msnzbeyjoemcas9dm8vt,88,13,3,3,0,3,3,0,4.096650359258956,6.413333333333334,1.1233333333333348
2024,REG,3,2024092208,59549,09/22/2024,4600,SEA,2700,MIA,visitor,1,2.9866993023508566,WAD088683,2700,Jaylen Waddle,J.Waddle,WR,https://static.www.nfl.com/image/private/{formatInstructions}/league/qjsz2h6shbdnksctzeka,17,26,5,4,0,4,5,0,3.5612839043618267,5.604,1.9839999999999975
2024,REG,3,2024092208,59549,09/22/2024,4600,SEA,2700,MIA,visitor,2,2.9866993023508566,HIL628694,2700,Tyreek Hill,T.Hill,WR,https://static.www.nfl.com/image/upload/{formatInstructions}/league/gdwjlpbkenmnsibawkht,10,40,5,3,0,3,5,0,3.3631656035917197,5.758,6.684000000000002
2024,REG,3,2024092208,59549,09/22/2024,4600,SEA,2700,MIA,visitor,3,2.9866993023508566,SMI443054,2700,Jonnu Smith,J.Smith,TE,https://static.www.nfl.com/image/upload/{formatInstructions}/league/p8uldtljkzb6sile3wgx,9,18,3,2,0,2,3,0,2.4433704846351505,8.280000000000001,4.4333333333333345
2024,REG,3,2024092208,59549,09/22/2024,4600,SEA,2700,MIA,visitor,4,2.9866993023508566,EZU415291,2700,Erik Ezukanma,E.Ezukanma,WR,https://static.www.nfl.com/image/upload/{formatInstructions}/league/qnq5b80lyd9wjidek81f,84,0,2,0,0,0,2,0,1.1332909924634402,5.355,31.85
2024,REG,3,2024092208,59549,09/22/2024,4600,SEA,2700,MIA,visitor,5,2.9866993023508566,CON474977,2700,Tanner Conner,T.Conner,TE,https://static.www.nfl.com/image/upload/{formatInstructions}/league/rlnlxf3p7ubbwmpx3coa,80,1,2,1,0,1,2,0,2.3718370190488542,2.9299999999999997,18.79
2024,REG,3,2024092209,59550,09/22/2024,3800,ARI,1540,DET,home,1,2.9866993023508566,HAR648677,3800,Marvin Harrison Jr.,M.Harrison,WR,https://static.www.nfl.com/image/upload/{formatInstructions}/league/o6hg5zeofmxvzjjpo2sf,18,64,11,5,1,5,11,1,1.397722066874719,4.484545454545455,16.65818181818182
2024,REG,3,2024092209,59550,09/22/2024,3800,ARI,1540,DET,home,2,2.9866993023508566,WIL752419,3800,Michael Wilson,Mi.Wilson,WR,https://static.www.nfl.com/image/upload/{formatInstructions}/league/spsbduvpqe21tgkwhvbc,14,64,9,8,0,8,9,0,2.2706239304307254,5.625,7.4433333333333325
2024,REG,3,2024092209,59550,09/22/2024,3800,ARI,1540,DET,home,3,2.9866993023508566,DOR793727,3800,Greg Dortch,G.Dortch,WR,https://static.www.nfl.com/image/upload/{formatInstructions}/league/gkog6lrht3rnktwiberj,4,35,6,3,0,3,6,0,2.5397082570320157,7.751666666666666,12.828333333333333
2024,REG,3,2024092209,59550,09/22/2024,3800,ARI,1540,DET,home,4,2.9866993023508566,MCB743360,3800,Trey McBride,T.McBride,TE,https://static.www.nfl.com/image/upload/{formatInstructions}/league/hfdgljgi9gfaskomdl1h,85,25,6,3,0,3,6,0,2.1454017622267094,6.296,11.286666666666667
2024,REG,3,2024092209,59550,09/22/2024,3800,ARI,1540,DET,home,5,2.9866993023508566,HIG138430,3800,Elijah Higgins,E.Higgins,TE,https://static.www.nfl.com/image/upload/{formatInstructions}/league/sodpdh4uhbhzjxbnmao1,84,11,1,1,0,1,1,0,10.380173408956134,9.54,1.7999999999999972
2024,REG,3,2024092209,59550,09/22/2024,3800,ARI,1540,DET,visitor,1,2.9866993023508566,STB415291,1540,Amon-Ra St. Brown,A.St. Brown,WR,https://static.www.nfl.com/image/upload/{formatInstructions}/league/jmfuamqblg8jag0stpnq,14,75,8,7,1,7,8,1,2.3360821895600687,4.721428571428571,7.605
2024,REG,3,2024092209,59550,09/22/2024,3800,ARI,1540,DET,visitor,2,2.9866993023508566,WRI121125,1540,Brock Wright,B.Wright,TE,https://static.www.nfl.com/image/upload/{formatInstructions}/league/irowew9hgqaa9vcd8fri,89,34,5,4,0,4,5,0,4.655979975150499,4.3025,4.718000000000001
2024,REG,3,2024092209,59550,09/22/2024,3800,ARI,1540,DET,visitor,3,2.9866993023508566,WIL344909,1540,Jameson Williams,J.Williams,WR,https://static.www.nfl.com/image/upload/{formatInstructions}/league/kt6xzcnjbe9affdfsayt,9,9,3,1,0,1,3,0,4.81291859344671,6.566666666666666,20.233333333333338
2024,REG,3,2024092209,59550,09/22/2024,3800,ARI,1540,DET,visitor,4,2.9866993023508566,LAP640235,1540,Sam LaPorta,S.LaPorta,TE,https://static.www.nfl.com/image/upload/{formatInstructions}/league/ucw8cfj5t5nwkx670wzu,87,36,2,2,0,2,2,0,5.359034336600045,4.84,12.529999999999998
2024,REG,3,2024092209,59550,09/22/2024,3800,ARI,1540,DET,visitor,5,2.9866993023508566,PAT283375,1540,Tim Patrick,T.Patrick,WR,https://static.www.nfl.com/image/upload/{formatInstructions}/league/ub7mmdqtfzxnq9edsa2h,17,8,1,1,0,1,1,0,3.7982364328724976,2.51,7.119999999999997
2024,REG,3,2024092210,59551,09/22/2024,1200,DAL,0325,BAL,home,1,2.9866993023508566,FER146119,1200,Jake Ferguson,J.Ferguson,TE,https://static.www.nfl.com/image/upload/{formatInstructions}/league/rwxrfhejpngq0avhb8qg,87,95,11,6,0,6,11,0,3.00812611489704,4.777142857142857,7.197272727272725
2024,REG,3,2024092210,59551,09/22/2024,1200,DAL,0325,BAL,home,2,2.9866993023508566,LAM138457,1200,CeeDee Lamb,C.Lamb,WR,https://static.www.nfl.com/image/upload/{formatInstructions}/league/tfuj9njqdw2dovkwhryc,88,67,7,4,0,4,7,0,2.1028621118266146,3.3233333333333337,9.485714285714286
2024,REG,3,2024092210,59551,09/22/2024,1200,DAL,0325,BAL,home,3,2.9866993023508566,COO299382,1200,Brandin Cooks,B.Cooks,WR,https://static.www.nfl.com/image/upload/{formatInstructions}/league/pjoksfxpbba4hevwpuop,3,16,6,2,0,2,6,0,0.8596554705452993,2.616,18.281666666666666
2024,REG,3,2024092210,59551,09/22/2024,1200,DAL,0325,BAL,home,4,2.9866993023508566,TOL148914,1200,Jalen Tolbert,J.Tolbert,WR,https://static.www.nfl.com/image/upload/{formatInstructions}/league/cek1m1cbly5rfmmmjpcc,1,42,5,3,1,3,5,1,2.0550477708822954,4.5200000000000005,19.964000000000002
2024,REG,3,2024092210,59551,09/22/2024,1200,DAL,0325,BAL,home,5,2.9866993023508566,BRO124672,1200,Jalen Brooks,J.Brooks,WR,https://static.www.nfl.com/image/upload/{formatInstructions}/league/jdwbrmypfsotpdw86w6u,83,24,3,1,0,1,3,0,1.160898842297937,4.19,5.763333333333333
2024,REG,3,2024092210,59551,09/22/2024,1200,DAL,0325,BAL,visitor,1,2.9866993023508566,BAT103884,0325,Rashod Bateman,R.Bateman,WR,https://static.www.nfl.com/image/upload/{formatInstructions}/league/jkcapzvd65fxivefjv8l,7,28,4,3,1,3,4,1,4.263550740763497,7.796666666666667,8.614999999999998
2024,REG,3,2024092210,59551,09/22/2024,1200,DAL,0325,BAL,visitor,2,2.9866993023508566,FLO577002,0325,Zay Flowers,Z.Flowers,WR,https://static.www.nfl.com/image/upload/{formatInstructions}/league/oidhqwg0fjvanyk57nc1,4,20,4,3,0,3,4,0,4.203342181633963,7.41,0.5224999999999991
2024,REG,3,2024092210,59551,09/22/2024,1200,DAL,0325,BAL,visitor,3,2.9866993023508566,AND701433,0325,Mark Andrews,M.Andrews,TE,https://static.www.nfl.com/image/upload/{formatInstructions}/league/y5maejm3puruskwc344y,89,0,1,0,0,0,1,0,3.7301474501687046,3.87,5.930000000000007
2024,REG,3,2024092210,59551,09/22/2024,1200,DAL,0325,BAL,visitor,4,2.9866993023508566,LIK088990,0325,Isaiah Likely,I.Likely,TE,https://static.www.nfl.com/image/upload/{formatInstructions}/league/xmikfnklnpjmzjhbjrur,80,4,1,1,0,1,1,0,3.6620349534104686,2.13,3.3799999999999955
2024,REG,3,2024092210,59551,09/22/2024,1200,DAL,0325,BAL,visitor,5,2.9866993023508566,AGH474619,0325,Nelson Agholor,N.Agholor,WR,https://static.www.nfl.com/image/upload/{formatInstructions}/league/wyxfkarcjgqdz3pl8nnr,15,56,1,1,0,1,1,0,3.516887828748598,8.69,5.399999999999999
2024,REG,3,2024092211,59552,09/22/2024,2510,LA,4500,SF,home,1,2.9866993023508566,ATW460468,2510,Tutu Atwell,T.Atwell,WR,https://static.www.nfl.com/image/upload/{formatInstructions}/league/hpvbp9pn7ifbh62nde0n,5,93,5,4,0,4,5,0,1.8166033415476772,8.422,16.068000000000005
2024,REG,3,2024092211,59552,09/22/2024,2510,LA,4500,SF,home,2,2.9866993023508566,PAR483746,2510,Colby Parkinson,C.Parkinson,TE,https://static.www.nfl.com/image/upload/{formatInstructions}/league/crjyx8tutyzn8bomqbdc,86,21,5,3,0,3,5,0,2.7490797840815073,6.9925,5.7120000000000015
2024,REG,3,2024092211,59552,09/22/2024,2510,LA,4500,SF,home,3,2.9866993023508566,ROB399065,2510,Demarcus Robinson,D.Robinson,WR,https://static.www.nfl.com/image/upload/{formatInstructions}/league/lakf0xue1qqb7ed4p6ge,15,32,4,1,0,1,4,0,3.205006728103301,7.6025,25.964999999999996
2024,REG,3,2024092211,59552,09/22/2024,2510,LA,4500,SF,home,4,2.9866993023508566,JOH711094,2510,Tyler Johnson,T.Johnson,WR,https://static.www.nfl.com/image/upload/{formatInstructions}/league/vktiajeyqc8s9s6mjws7,18,20,4,3,0,3,4,0,3.1143268078605733,3.7975000000000003,5.8475
2024,REG,3,2024092211,59552,09/22/2024,2510,LA,4500,SF,home,5,2.9866993023508566,WHI807684,2510,Jordan Whittington,J.Whittington,WR,https://static.www.nfl.com/image/upload/{formatInstructions}/league/x5j7yvx4iheje5vw4tek,88,28,3,3,0,3,3,0,4.881881052141629,5.699999999999999,1.5433333333333341
2024,REG,3,2024092211,59552,09/22/2024,2510,LA,4500,SF,visitor,1,2.9866993023508566,JEN497457,4500,Jauan Jennings,J.Jennings,WR,https://static.www.nfl.com/image/upload/{formatInstructions}/league/fqyzagb57zrtegmw69eb,15,175,12,11,3,11,12,3,2.4452691617415048,5.176666666666667,13.185
2024,REG,3,2024092211,59552,09/22/2024,2510,LA,4500,SF,visitor,2,2.9866993023508566,AIY189231,4500,Brandon Aiyuk,B.Aiyuk,WR,https://static.www.nfl.com/image/upload/{formatInstructions}/league/qnfyhqxbppevv28hd3rx,11,48,10,5,0,5,10,0,2.291592683610795,6.598999999999999,9.66
2024,REG,3,2024092211,59552,09/22/2024,2510,LA,4500,SF,visitor,3,2.9866993023508566,BEL596505,4500,Ronnie Bell,R.Bell,WR,https://static.www.nfl.com/image/upload/{formatInstructions}/league/agn76jfaaawk5usur8oh,10,12,3,1,0,1,3,0,3.6853506780074663,3.4800000000000004,15.806666666666663
2024,REG,3,2024092211,59552,09/22/2024,2510,LA,4500,SF,visitor,4,2.9866993023508566,SAU025752,4500,Eric Saubert,E.Saubert,TE,https://static.www.nfl.com/image/upload/{formatInstructions}/league/pxcadtlbynaz2qbffpei,82,41,2,2,0,2,2,0,4.777293056074866,2.69,10.495000000000001
2024,REG,3,2024092212,59553,09/22/2024,0200,ATL,2310,KC,home,1,2.9866993023508566,LON013463,0200,Drake London,D.London,WR,https://static.www.nfl.com/image/upload/{formatInstructions}/league/wikjazqtt3uunjufgqrf,5,67,9,6,1,6,9,1,3.849438060865469,4.147777777777778,9.205555555555556
2024,REG,3,2024092212,59553,09/22/2024,0200,ATL,2310,KC,home,2,2.9866993023508566,MOO076900,0200,Darnell Mooney,D.Mooney,WR,https://static.www.nfl.com/image/upload/{formatInstructions}/league/c1ixyspw0eshl3a2qrly,1,66,8,8,0,8,8,0,5.314397241544788,8.103333333333333,2.61625
2024,REG,3,2024092212,59553,09/22/2024,0200,ATL,2310,KC,home,3,2.9866993023508566,PIT516805,0200,Kyle Pitts,K.Pitts,TE,https://static.www.nfl.com/image/upload/{formatInstructions}/league/t8ymqyhvv8i1r80jyhy2,8,59,5,2,0,2,5,0,1.4192406510144229,5.2375,15.889999999999997
2024,REG,3,2024092212,59553,09/22/2024,0200,ATL,2310,KC,home,4,2.9866993023508566,MCC417118,0200,Ray-Ray McCloud,R.McCloud,WR,https://static.www.nfl.com/image/upload/{formatInstructions}/league/nvwn3sdihyyd2itjt7vy,34,17,3,2,0,2,3,0,3.2053848353702334,8.295,4.283333333333331
2024,REG,3,2024092212,59553,09/22/2024,0200,ATL,2310,KC,visitor,1,2.9866993023508566,RIC152916,2310,Rashee Rice,R.Rice,WR,https://static.www.nfl.com/image/private/{formatInstructions}/league/zjgi60dvmj5ogvanp201,4,110,14,12,1,12,14,1,4.430922617890077,8.578333333333333,3.5635714285714295
2024,REG,3,2024092212,59553,09/22/2024,0200,ATL,2310,KC,visitor,2,2.9866993023508566,KEL012458,2310,Travis Kelce,T.Kelce,TE,https://static.www.nfl.com/image/upload/{formatInstructions}/league/ilk4qbxxs6mt3v9zfvtg,87,30,5,4,0,4,5,0,3.209338197877379,5.510000000000001,4.611999999999999
2024,REG,3,2024092212,59553,09/22/2024,0200,ATL,2310,KC,visitor,3,2.9866993023508566,WOR741496,2310,Xavier Worthy,X.Worthy,WR,https://static.www.nfl.com/image/upload/{formatInstructions}/league/fvzbx5gpiqkogglyoo1w,1,17,4,2,0,2,4,0,4.571484541172488,9.365,10.007499999999999
2024,REG,3,2024092212,59553,09/22/2024,0200,ATL,2310,KC,visitor,4,2.9866993023508566,SMI829709,2310,JuJu Smith-Schuster,J.Smith-Schuster,WR,https://static.www.nfl.com/image/private/{formatInstructions}/league/ypoituliieghtndjrzaz,9,17,3,2,1,2,3,1,3.3305004602327597,7.54,4.083333333333333
2024,REG,3,2024092212,59553,09/22/2024,0200,ATL,2310,KC,visitor,5,2.9866993023508566,WAT441238,2310,Justin Watson,Ju.Watson,WR,https://static.www.nfl.com/image/private/{formatInstructions}/league/vr9tayyujt23takv3hv3,84,13,2,1,0,1,2,0,4.388546063741515,7.859999999999999,14.615000000000002
2024,REG,3,2024092300,59554,09/23/2024,0610,BUF,2250,JAX,home,1,2.9866993023508566,SHA107427,0610,Khalil Shakir,K.Shakir,WR,https://static.www.nfl.com/image/upload/{formatInstructions}/league/ch2yarhiobqlvr9ls2yw,10,72,6,6,1,6,6,1,4.802992906380665,8.794,-0.9533333333333331
2024,REG,3,2024092300,59554,09/23/2024,0610,BUF,2250,JAX,home,2,2.9866993023508566,KIN069130,0610,Dalton Kincaid,D.Kincaid,TE,https://static.www.nfl.com/image/upload/{formatInstructions}/league/rsimqxdfwlb1n9qd4w3g,86,41,5,3,1,3,5,1,4.00673229356953,6.0975,12.098000000000003
2024,REG,3,2024092300,59554,09/23/2024,0610,BUF,2250,JAX,home,3,2.9866993023508566,SAM633285,0610,Curtis Samuel,C.Samuel,WR,https://static.www.nfl.com/image/upload/{formatInstructions}/league/mq62ulflifrpjrcyknbj,1,22,3,3,0,3,3,0,6.047629144909902,11.565000000000001,-0.5900000000000011
2024,REG,3,2024092300,59554,09/23/2024,0610,BUF,2250,JAX,home,4,2.9866993023508566,KNO490795,0610,Dawson Knox,D.Knox,TE,https://static.www.nfl.com/image/upload/{formatInstructions}/league/uazfj5l5vzow2oyfa1s6,88,7,2,1,0,1,2,0,1.5087450427949998,4.3149999999999995,4.795000000000002
2024,REG,3,2024092300,59554,09/23/2024,0610,BUF,2250,JAX,home,5,2.9866993023508566,HOL280459,0610,Mack Hollins,M.Hollins,WR,https://static.www.nfl.com/image/upload/{formatInstructions}/league/xchw7quzjszgrm6psbyg,13,16,2,1,0,1,2,0,2.27143156509844,4.390000000000001,17.68
2024,REG,3,2024092300,59554,09/23/2024,0610,BUF,2250,JAX,visitor,1,2.9866993023508566,KIR257918,2250,Christian Kirk,C.Kirk,WR,https://static.www.nfl.com/image/private/{formatInstructions}/league/ersmmtjmjlpsy9lmjvde,13,79,10,8,0,8,10,0,3.217024091408322,6.607142857142857,7.330999999999999
2024,REG,3,2024092300,59554,09/23/2024,0610,BUF,2250,JAX,visitor,2,2.9866993023508566,THO419793,2250,Brian Thomas Jr.,B.Thomas,WR,https://static.www.nfl.com/image/upload/{formatInstructions}/league/gsz15iz0ppibhslzzgch,7,48,9,5,0,5,9,0,4.147917322049561,7.956666666666667,7.612222222222221
2024,REG,3,2024092300,59554,09/23/2024,0610,BUF,2250,JAX,visitor,3,2.9866993023508566,DAV329675,2250,Gabe Davis,G.Davis,WR,https://static.www.nfl.com/image/upload/{formatInstructions}/league/rlmgjtfct5qjtbwcjqg6,0,18,6,2,0,2,6,0,1.7543115489168937,6.482000000000001,11.376666666666665
2024,REG,3,2024092300,59554,09/23/2024,0610,BUF,2250,JAX,visitor,4,2.9866993023508566,STR188631,2250,Brenton Strange,B.Strange,TE,https://static.www.nfl.com/image/private/{formatInstructions}/league/trfk78mrfsafnbatyx2x,85,12,5,2,1,2,5,1,3.8406724646017323,6.6625,8.928
2024,REG,3,2024092300,59554,09/23/2024,0610,BUF,2250,JAX,visitor,5,2.9866993023508566,WAS604325,2250,Parker Washington,P.Washington,WR,https://static.www.nfl.com/image/private/{formatInstructions}/league/pukz1x5ysxkhvsmcttdm,11,18,3,2,0,2,3,0,2.805664247651358,6.409999999999999,10.459999999999999
2024,REG,3,2024092301,59555,09/23/2024,0920,CIN,5110,WAS,home,1,2.9866993023508566,IOS307886,0920,Andrei Iosivas,A.Iosivas,WR,https://static.www.nfl.com/image/upload/{formatInstructions}/league/pgbqgzrxmbnmpcnkhsya,80,52,7,5,1,5,7,1,3.2036989615480316,3.285,8.50857142857143
2024,REG,3,2024092301,59555,09/23/2024,0920,CIN,5110,WAS,home,2,2.9866993023508566,CHA694469,0920,Ja'Marr Chase,J.Chase,WR,https://static.www.nfl.com/image/upload/{formatInstructions}/league/qkcb3qt2fhasfgtfuprd,1,118,7,6,2,6,7,2,4.043028715386683,8.709999999999999,12.244285714285713
2024,REG,3,2024092301,59555,09/23/2024,0920,CIN,5110,WAS,home,3,2.9866993023508566,HIG387791,0920,Tee Higgins,T.Higgins,WR,https://static.www.nfl.com/image/upload/{formatInstructions}/league/swqgkrdmjecz3vumrex5,5,39,6,3,0,3,6,0,2.584027048613873,6.858333333333333,11.894999999999998
2024,REG,3,2024092301,59555,09/23/2024,0920,CIN,5110,WAS,home,4,2.9866993023508566,GES490798,0920,Mike Gesicki,M.Gesicki,TE,https://static.www.nfl.com/image/upload/{formatInstructions}/league/zabpknonv9ozmkyw4qqt,88,47,5,4,0,4,5,0,4.148530459436406,4.3725000000000005,8.806
2024,REG,3,2024092301,59555,09/23/2024,0920,CIN,5110,WAS,home,5,2.9866993023508566,ALL004828,0920,Erick All,E.All,TE,https://static.www.nfl.com/image/upload/{formatInstructions}/league/ifkhcxze7lnxkpzjvsmk,83,22,4,4,0,4,4,0,4.893580294583515,6.153333333333333,1.5449999999999982
2024,REG,3,2024092301,59555,09/23/2024,0920,CIN,5110,WAS,visitor,1,2.9866993023508566,MCL278328,5110,Terry McLaurin,T.McLaurin,WR,https://static.www.nfl.com/image/upload/{formatInstructions}/league/wokz1etv1wj1vhbmvxgs,17,100,6,4,1,4,6,1,3.065712941612638,6.88,24.333333333333332
2024,REG,3,2024092301,59555,09/23/2024,0920,CIN,5110,WAS,visitor,2,2.9866993023508566,ERT800920,5110,Zach Ertz,Z.Ertz,TE,https://static.www.nfl.com/image/upload/{formatInstructions}/league/xktmmeumuoglbuam75iz,86,38,5,5,0,5,5,0,4.654961069338649,8.325999999999999,6.4319999999999995
2024,REG,3,2024092301,59555,09/23/2024,0920,CIN,5110,WAS,visitor,3,2.9866993023508566,MCC038410,5110,Luke McCaffrey,L.McCaffrey,WR,https://static.www.nfl.com/image/upload/{formatInstructions}/league/iqzscuxu9lxjfhoyxsjg,12,44,3,3,0,3,3,0,2.8716406256771947,6.203333333333333,8.966666666666663
2024,REG,3,2024092301,59555,09/23/2024,0920,CIN,5110,WAS,visitor,4,2.9866993023508566,BRO567406,5110,Noah Brown,N.Brown,WR,https://static.www.nfl.com/image/upload/{formatInstructions}/league/nv6ix0p8965yiugsuhwh,85,29,3,3,0,3,3,0,4.206210630040942,5.1433333333333335,6.316666666666667
2024,REG,3,2024092301,59555,09/23/2024,0920,CIN,5110,WAS,visitor,5,2.9866993023508566,BRO408220,5110,Dyami Brown,D.Brown,WR,https://static.www.nfl.com/image/upload/{formatInstructions}/league/mibh7ud59ygmzm19ivac,2,16,2,2,0,2,2,0,6.147709556584751,8.495,-2.2300000000000004
2024,REG,4,2024092600,59556,09/26/2024,3410,NYG,1200,DAL,home,1,2.9866993023508566,NAB400459,3410,Malik Nabers,M.Nabers,WR,https://static.www.nfl.com/image/upload/{formatInstructions}/league/w3edoyyuomqlovvp9ixc,1,115,15,12,0,12,15,0,3.3222612588773854,6.451428571428571,10.203333333333331
2024,REG,4,2024092600,59556,09/26/2024,3410,NYG,1200,DAL,home,2,2.9866993023508566,ROB717726,3410,Wan'Dale Robinson,W.Robinson,WR,https://static.www.nfl.com/image/upload/{formatInstructions}/league/z94hnehk9vgmvtad6sgi,17,71,14,11,0,11,14,0,3.2212351348000823,8.137777777777778,5.067857142857144
2024,REG,4,2024092600,59556,09/26/2024,3410,NYG,1200,DAL,home,3,2.9866993023508566,SLA500077,3410,Darius Slayton,D.Slayton,WR,https://static.www.nfl.com/image/upload/{formatInstructions}/league/zhm6evj813ucss03ndlx,86,56,5,3,0,3,5,0,1.323573331941731,7.151999999999999,18.386000000000003
2024,REG,4,2024092600,59556,09/26/2024,3410,NYG,1200,DAL,home,4,2.9866993023508566,HYA420916,3410,Jalin Hyatt,J.Hyatt,WR,https://static.www.nfl.com/image/private/{formatInstructions}/league/ibftqfglvcqaipfdnr4f,13,0,1,0,0,0,1,0,0.9314504817756005,9.75,51.43
2024,REG,4,2024092600,59556,09/26/2024,3410,NYG,1200,DAL,home,5,2.9866993023508566,JOH679524,3410,Theo Johnson,T.Johnson,TE,https://static.www.nfl.com/image/upload/{formatInstructions}/league/gljwzcxubvoqjxwnakze,84,6,1,1,0,1,1,0,3.663468302032928,7.11,5.079999999999998
2024,REG,4,2024092600,59556,09/26/2024,3410,NYG,1200,DAL,visitor,1,2.9866993023508566,LAM138457,1200,CeeDee Lamb,C.Lamb,WR,https://static.www.nfl.com/image/upload/{formatInstructions}/league/tfuj9njqdw2dovkwhryc,88,98,8,7,0,7,8,1,2.4534161134742436,4.958,6.32875
2024,REG,4,2024092600,59556,09/26/2024,3410,NYG,1200,DAL,visitor,2,2.9866993023508566,FER146119,1200,Jake Ferguson,J.Ferguson,TE,https://static.www.nfl.com/image/upload/{formatInstructions}/league/rwxrfhejpngq0avhb8qg,87,49,7,7,0,7,7,0,3.4357712805769722,4.172,2.97857142857143
2024,REG,4,2024092600,59556,09/26/2024,3410,NYG,1200,DAL,visitor,3,2.9866993023508566,COO299382,1200,Brandin Cooks,B.Cooks,WR,https://static.www.nfl.com/image/upload/{formatInstructions}/league/pjoksfxpbba4hevwpuop,3,16,4,1,0,1,4,0,0.5304709632890638,6.720000000000001,10.517499999999998
2024,REG,4,2024092600,59556,09/26/2024,3410,NYG,1200,DAL,visitor,4,2.9866993023508566,TOL148914,1200,Jalen Tolbert,J.Tolbert,WR,https://static.www.nfl.com/image/upload/{formatInstructions}/league/cek1m1cbly5rfmmmjpcc,1,24,3,3,0,3,3,0,2.1870310948296683,5.703333333333333,6.866666666666667
2024,REG,4,2024092900,59557,09/29/2024,0200,ATL,3300,NO,home,1,2.9866993023508566,LON013463,0200,Drake London,D.London,WR,https://static.www.nfl.com/image/upload/{formatInstructions}/league/wikjazqtt3uunjufgqrf,5,64,12,6,0,6,12,0,1.975442779327284,6.044545454545454,12.791666666666666
2024,REG,4,2024092900,59557,09/29/2024,0200,ATL,3300,NO,home,2,2.9866993023508566,MCC417118,0200,Ray-Ray McCloud,R.McCloud,WR,https://static.www.nfl.com/image/upload/{formatInstructions}/league/nvwn3sdihyyd2itjt7vy,34,52,7,6,0,6,7,0,3.4352724060852204,7.897142857142858,5.4557142857142855
2024,REG,4,2024092900,59557,09/29/2024,0200,ATL,3300,NO,home,3,2.9866993023508566,MOO076900,0200,Darnell Mooney,D.Mooney,WR,https://static.www.nfl.com/image/upload/{formatInstructions}/league/c1ixyspw0eshl3a2qrly,1,56,6,3,0,3,6,0,1.7069055376724265,6.0633333333333335,18.874999999999996
2024,REG,4,2024092900,59557,09/29/2024,0200,ATL,3300,NO,home,4,2.9866993023508566,PIT516805,0200,Kyle Pitts,K.Pitts,TE,https://static.www.nfl.com/image/upload/{formatInstructions}/league/t8ymqyhvv8i1r80jyhy2,8,0,3,0,0,0,3,0,1.0749618343827052,8.13,6.603333333333332
2024,REG,4,2024092900,59557,09/29/2024,0200,ATL,3300,NO,visitor,1,2.9866993023508566,SHA089447,3300,Rashid Shaheed,R.Shaheed,WR,https://static.www.nfl.com/image/upload/{formatInstructions}/league/mnaref4vwyau8mbsp0ri,22,83,11,8,0,8,11,0,3.953846621907202,6.726999999999999,10.68
2024,REG,4,2024092900,59557,09/29/2024,0200,ATL,3300,NO,visitor,2,2.9866993023508566,OLA659325,3300,Chris Olave,C.Olave,WR,https://static.www.nfl.com/image/upload/{formatInstructions}/league/riiwbow7zphqmomiazph,12,87,10,8,0,8,10,0,3.002915897390096,6.606999999999999,7.8
2024,REG,4,2024092900,59557,09/29/2024,0200,ATL,3300,NO,visitor,3,2.9866993023508566,JOH398789,3300,Juwan Johnson,J.Johnson,TE,https://static.www.nfl.com/image/upload/{formatInstructions}/league/pdsl9w3agc9uvjqpq1jy,83,13,3,2,0,2,3,0,9.533374452090998,5.043333333333334,1.2399999999999995
2024,REG,4,2024092900,59557,09/29/2024,0200,ATL,3300,NO,visitor,4,2.9866993023508566,TIP628557,3300,Mason Tipton,M.Tipton,WR,https://static.www.nfl.com/image/upload/{formatInstructions}/league/ldzn20eu15intdsolw9i,84,6,1,1,0,1,1,0,1.2030793822520565,9.93,3.5400000000000063
2024,REG,4,2024092901,59558,09/29/2024,0750,CAR,0920,CIN,home,1,2.9866993023508566,JOH000017,0750,Diontae Johnson,Di.Johnson,WR,https://static.www.nfl.com/image/upload/{formatInstructions}/league/syk5xhvwikwmbaplpm8k,5,83,13,7,1,7,13,1,1.849978623830285,4.763076923076923,13.11153846153846
2024,REG,4,2024092901,59558,09/29/2024,0750,CAR,0920,CIN,home,2,2.9866993023508566,LEG145351,0750,Xavier Legette,X.Legette,WR,https://static.www.nfl.com/image/upload/{formatInstructions}/league/a3etuvp3kqtwmtkioq8g,17,66,10,6,1,6,10,1,3.052073404174495,5.678,9.016
2024,REG,4,2024092901,59558,09/29/2024,0750,CAR,0920,CIN,home,3,2.9866993023508566,MIN170999,0750,Jonathan Mingo,J.Mingo,WR,https://static.www.nfl.com/image/private/{formatInstructions}/league/ie1yo3orpq0mqemptnko,15,24,5,3,0,3,5,0,4.0182048503860095,3.6675,2.700000000000003
2024,REG,4,2024092901,59558,09/29/2024,0750,CAR,0920,CIN,home,4,2.9866993023508566,SAN343203,0750,Ja'Tavion Sanders,J.Sanders,TE,https://static.www.nfl.com/image/upload/{formatInstructions}/league/egisbinbqmttmub4po1g,0,16,2,2,0,2,2,0,6.637339446526747,8.58,0.384999999999998
2024,REG,4,2024092901,59558,09/29/2024,0750,CAR,0920,CIN,home,5,2.9866993023508566,COK451291,0750,Jalen Coker,J.Coker,WR,https://static.www.nfl.com/image/upload/{formatInstructions}/league/wk9xewrixauh09f71pqh,18,0,1,0,0,0,1,0,1.0377379245262248,2.64,29.14
2024,REG,4,2024092901,59558,09/29/2024,0750,CAR,0920,CIN,visitor,1,2.9866993023508566,HIG387791,0920,Tee Higgins,T.Higgins,WR,https://static.www.nfl.com/image/upload/{formatInstructions}/league/swqgkrdmjecz3vumrex5,5,60,10,6,0,6,10,0,2.5224647427900035,7.835000000000001,10.315000000000001
2024,REG,4,2024092901,59558,09/29/2024,0750,CAR,0920,CIN,visitor,2,2.9866993023508566,CHA694469,0920,Ja'Marr Chase,J.Chase,WR,https://static.www.nfl.com/image/upload/{formatInstructions}/league/qkcb3qt2fhasfgtfuprd,1,85,6,3,1,3,6,1,3.0750262557678147,4.843333333333333,9.718333333333334
2024,REG,4,2024092901,59558,09/29/2024,0750,CAR,0920,CIN,visitor,3,2.9866993023508566,ALL004828,0920,Erick All,E.All,TE,https://static.www.nfl.com/image/upload/{formatInstructions}/league/ifkhcxze7lnxkpzjvsmk,83,28,4,4,0,4,4,0,5.28034428749747,5.8566666666666665,0.6725000000000012
2024,REG,4,2024092901,59558,09/29/2024,0750,CAR,0920,CIN,visitor,4,2.9866993023508566,IOS307886,0920,Andrei Iosivas,A.Iosivas,WR,https://static.www.nfl.com/image/upload/{formatInstructions}/league/pgbqgzrxmbnmpcnkhsya,80,29,1,1,0,1,1,0,0.9972462083156747,1.68,23.33
2024,REG,4,2024092901,59558,09/29/2024,0750,CAR,0920,CIN,visitor,5,2.9866993023508566,SAM093961,0920,Drew Sample,D.Sample,TE,https://static.www.nfl.com/image/upload/{formatInstructions}/league/xufsbdqfujdqnrnozhg4,89,0,1,1,0,1,1,0,2.8402816761722733,5.42,-1.6499999999999986
2024,REG,4,2024092902,59559,09/29/2024,0810,CHI,2510,LA,home,1,2.9866993023508566,MOO272423,0810,DJ Moore,D.Moore,WR,https://static.www.nfl.com/image/upload/{formatInstructions}/league/hqb9xnzm9brx79zl6wve,2,22,6,3,1,3,6,1,2.6060935346768677,6.131666666666667,14.513333333333334
2024,REG,4,2024092902,59559,09/29/2024,0810,CHI,2510,LA,home,2,2.9866993023508566,ODU426541,0810,Rome Odunze,R.Odunze,WR,https://static.www.nfl.com/image/upload/{formatInstructions}/league/labs8tstecnehvzfmrs5,15,10,3,1,0,1,3,0,3.408807297466153,6.960000000000001,17.11
2024,REG,4,2024092902,59559,09/29/2024,0810,CHI,2510,LA,home,3,2.9866993023508566,ALL532966,0810,Keenan Allen,K.Allen,WR,https://static.www.nfl.com/image/upload/{formatInstructions}/league/lngo1onvkcqjnq7ozkuu,13,19,3,3,0,3,3,0,3.3509849739724937,6.876666666666666,2.3333333333333335
2024,REG,4,2024092902,59559,09/29/2024,0810,CHI,2510,LA,home,4,2.9866993023508566,KME200895,0810,Cole Kmet,C.Kmet,TE,https://static.www.nfl.com/image/upload/{formatInstructions}/league/fdxpctcmwjupassg9g9d,85,34,3,3,0,3,3,0,3.358773502656757,3.43,6.95
2024,REG,4,2024092902,59559,09/29/2024,0810,CHI,2510,LA,visitor,1,2.9866993023508566,WHI807684,2510,Jordan Whittington,J.Whittington,WR,https://static.www.nfl.com/image/upload/{formatInstructions}/league/x5j7yvx4iheje5vw4tek,88,62,8,6,0,6,8,0,3.6848343149588003,6.371666666666667,7.114999999999998
2024,REG,4,2024092902,59559,09/29/2024,0810,CHI,2510,LA,visitor,2,2.9866993023508566,PAR483746,2510,Colby Parkinson,C.Parkinson,TE,https://static.www.nfl.com/image/upload/{formatInstructions}/league/crjyx8tutyzn8bomqbdc,86,33,7,4,0,4,7,0,4.399864203963291,7.779999999999999,4.338571428571429
2024,REG,4,2024092902,59559,09/29/2024,0810,CHI,2510,LA,visitor,3,2.9866993023508566,ATW460468,2510,Tutu Atwell,T.Atwell,WR,https://static.www.nfl.com/image/upload/{formatInstructions}/league/hpvbp9pn7ifbh62nde0n,5,82,6,4,0,4,6,0,4.028570700651949,9.215,12.813333333333334
2024,REG,4,2024092902,59559,09/29/2024,0810,CHI,2510,LA,visitor,4,2.9866993023508566,ROB399065,2510,Demarcus Robinson,D.Robinson,WR,https://static.www.nfl.com/image/upload/{formatInstructions}/league/lakf0xue1qqb7ed4p6ge,15,37,3,2,0,2,3,0,2.7375618107575352,6.973333333333334,17.05
2024,REG,4,2024092902,59559,09/29/2024,0810,CHI,2510,LA,visitor,5,2.9866993023508566,JOH711094,2510,Tyler Johnson,T.Johnson,WR,https://static.www.nfl.com/image/upload/{formatInstructions}/league/vktiajeyqc8s9s6mjws7,18,0,1,0,0,0,1,0,2.9496101437308626,6.97,4.900000000000006
2024,REG,4,2024092903,59560,09/29/2024,1800,GB,3000,MIN,home,1,2.9866993023508566,WIC622867,1800,Dontayvion Wicks,D.Wicks,WR,https://static.www.nfl.com/image/upload/{formatInstructions}/league/ghsev2bmz8kvhm8dsbey,13,78,13,5,2,5,13,2,3.8846912935143334,6.607692307692307,16.14769230769231
2024,REG,4,2024092903,59560,09/29/2024,1800,GB,3000,MIN,home,2,2.9866993023508566,KRA144054,1800,Tucker Kraft,T.Kraft,TE,https://static.www.nfl.com/image/upload/{formatInstructions}/league/klrmgekdzx1ywjjmixp7,85,53,9,6,1,6,9,1,5.5691729954333375,7.125,5.582222222222222
2024,REG,4,2024092903,59560,09/29/2024,1800,GB,3000,MIN,home,3,2.9866993023508566,DOU043165,1800,Romeo Doubs,R.Doubs,WR,https://static.www.nfl.com/image/upload/{formatInstructions}/league/dyulbddqbqshoqdxgo63,87,39,8,4,0,4,8,0,1.8041119103766161,6.675000000000001,11.717500000000001
2024,REG,4,2024092903,59560,09/29/2024,1800,GB,3000,MIN,home,4,2.9866993023508566,REE263142,1800,Jayden Reed,J.Reed,WR,https://static.www.nfl.com/image/upload/{formatInstructions}/league/blh2tfg9qjthqo2g6ot4,11,139,8,7,0,7,8,1,4.149479719342998,5.028571428571429,10.0675
2024,REG,4,2024092903,59560,09/29/2024,1800,GB,3000,MIN,home,5,2.9866993023508566,MEL575431,1800,Bo Melton,B.Melton,WR,https://static.www.nfl.com/image/upload/{formatInstructions}/league/bhmhwurwugjmymgjforf,80,28,3,1,0,1,3,0,2.52450733301465,6.97,32.88333333333333
2024,REG,4,2024092903,59560,09/29/2024,1800,GB,3000,MIN,visitor,1,2.9866993023508566,JEF269287,3000,Justin Jefferson,J.Jefferson,WR,https://static.www.nfl.com/image/upload/{formatInstructions}/league/vrftbpzwk6qmv0zjcysg,18,85,8,6,1,6,8,1,3.1430986788940607,4.9575000000000005,12.67625
2024,REG,4,2024092903,59560,09/29/2024,1800,GB,3000,MIN,visitor,2,2.9866993023508566,ADD491056,3000,Jordan Addison,J.Addison,WR,https://static.www.nfl.com/image/upload/{formatInstructions}/league/tmyckmignrvy8truccwm,3,72,4,3,1,3,4,1,3.204492172371061,6.3725000000000005,20.02
2024,REG,4,2024092903,59560,09/29/2024,1800,GB,3000,MIN,visitor,3,2.9866993023508566,NAI067484,3000,Jalen Nailor,J.Nailor,WR,https://static.www.nfl.com/image/upload/{formatInstructions}/league/fe9b3l4fz6n02gbr5zbt,83,31,2,1,0,1,2,0,3.0005007635305225,5.2299999999999995,12.305
2024,REG,4,2024092903,59560,09/29/2024,1800,GB,3000,MIN,visitor,4,2.9866993023508566,POW179215,3000,Brandon Powell,B.Powell,WR,https://static.www.nfl.com/image/upload/{formatInstructions}/league/kpggzzkazhxoq4e77xho,4,0,2,0,0,0,2,0,2.5446243529782477,3.05,15.600000000000001
2024,REG,4,2024092903,59560,09/29/2024,1800,GB,3000,MIN,visitor,5,2.9866993023508566,MUN312153,3000,Johnny Mundt,J.Mundt,TE,https://static.www.nfl.com/image/upload/{formatInstructions}/league/ievumbznrtys9b2esphz,86,15,2,2,0,2,2,0,4.207845672942273,,3.960000000000001
2024,REG,4,2024092904,59561,09/29/2024,2120,HOU,2250,JAX,home,1,2.9866993023508566,COL654119,2120,Nico Collins,N.Collins,WR,https://static.www.nfl.com/image/upload/{formatInstructions}/league/q7c9aq8rpremfygslmya,12,151,15,12,1,12,15,1,3.4219018104733547,4.943571428571429,10.256666666666666
2024,REG,4,2024092904,59561,09/29/2024,2120,HOU,2250,JAX,home,2,2.9866993023508566,DIG218895,2120,Stefon Diggs,S.Diggs,WR,https://static.www.nfl.com/image/upload/{formatInstructions}/league/to2qwuffjnjlouctglsl,1,69,9,5,0,5,9,0,3.5722437855249813,6.085555555555555,7.267777777777777
2024,REG,4,2024092904,59561,09/29/2024,2120,HOU,2250,JAX,home,3,2.9866993023508566,SCH647271,2120,Dalton Schultz,D.Schultz,TE,https://static.www.nfl.com/image/upload/{formatInstructions}/league/ooatvpu1knzypdmjljo9,86,34,5,3,0,3,5,0,3.679148608759489,7.46,7.606
2024,REG,4,2024092904,59561,09/29/2024,2120,HOU,2250,JAX,home,4,2.9866993023508566,WOO561144,2120,Robert Woods,R.Woods,WR,https://static.www.nfl.com/image/upload/{formatInstructions}/league/ydjg5fylwkf5aaxiul6v,2,10,3,1,0,1,3,0,1.9556083800783342,7.536666666666666,12.420000000000002
2024,REG,4,2024092904,59561,09/29/2024,2120,HOU,2250,JAX,home,5,2.9866993023508566,MET373452,2120,John Metchie III,J.Metchie,WR,https://static.www.nfl.com/image/upload/{formatInstructions}/league/zf0d6hiyqnmtst0vwdpv,8,7,1,1,0,1,1,0,4.523052066912338,7.59,-3.3799999999999955
2024,REG,4,2024092904,59561,09/29/2024,2120,HOU,2250,JAX,visitor,1,2.9866993023508566,KIR257918,2250,Christian Kirk,C.Kirk,WR,https://static.www.nfl.com/image/private/{formatInstructions}/league/ersmmtjmjlpsy9lmjvde,13,61,12,7,1,7,12,1,2.3800790744390032,6.073636363636364,14.167500000000002
2024,REG,4,2024092904,59561,09/29/2024,2120,HOU,2250,JAX,visitor,2,2.9866993023508566,THO419793,2250,Brian Thomas Jr.,B.Thomas,WR,https://static.www.nfl.com/image/upload/{formatInstructions}/league/gsz15iz0ppibhslzzgch,7,86,9,6,1,6,9,1,2.419843725835424,4.891111111111111,14.745555555555557
2024,REG,4,2024092904,59561,09/29/2024,2120,HOU,2250,JAX,visitor,3,2.9866993023508566,DAV329675,2250,Gabe Davis,G.Davis,WR,https://static.www.nfl.com/image/upload/{formatInstructions}/league/rlmgjtfct5qjtbwcjqg6,0,-2,5,1,0,1,5,0,2.83677403274947,8.7,14.613999999999999
2024,REG,4,2024092904,59561,09/29/2024,2120,HOU,2250,JAX,visitor,4,2.9866993023508566,STR188631,2250,Brenton Strange,B.Strange,TE,https://static.www.nfl.com/image/private/{formatInstructions}/league/trfk78mrfsafnbatyx2x,85,19,3,3,0,3,3,0,2.3136640079518345,7.900000000000001,3.603333333333334
2024,REG,4,2024092904,59561,09/29/2024,2120,HOU,2250,JAX,visitor,5,2.9866993023508566,FAR615740,2250,Luke Farrell,L.Farrell,TE,https://static.www.nfl.com/image/upload/{formatInstructions}/league/f2z7wpmx7ngtxcqqedla,89,0,1,0,0,0,1,0,1.6983815825661797,,3.520000000000003
2024,REG,4,2024092905,59562,09/29/2024,2200,IND,3900,PIT,home,1,2.9866993023508566,DOW686145,2200,Josh Downs,J.Downs,WR,https://static.www.nfl.com/image/upload/{formatInstructions}/league/zue2xxvfrignllqlhagu,1,82,9,8,1,8,9,1,2.32991049603485,6.446666666666667,5.93111111111111
2024,REG,4,2024092905,59562,09/29/2024,2200,IND,3900,PIT,home,2,2.9866993023508566,PIT228050,2200,Michael Pittman,M.Pittman,WR,https://static.www.nfl.com/image/private/{formatInstructions}/league/wnymcombo2plamteihiy,11,113,9,6,0,6,9,0,2.407424343497765,7.262222222222222,12.955555555555556
2024,REG,4,2024092905,59562,09/29/2024,2200,IND,3900,PIT,home,3,2.9866993023508566,MIT056120,2200,Adonai Mitchell,A.Mitchell,WR,https://static.www.nfl.com/image/upload/{formatInstructions}/league/fztxucnxhoxep6utluyc,10,0,3,0,0,0,3,0,2.3493520318282215,6.510000000000001,22.929999999999996
2024,REG,4,2024092905,59562,09/29/2024,2200,IND,3900,PIT,home,4,2.9866993023508566,PIE185673,2200,Alec Pierce,A.Pierce,WR,https://static.www.nfl.com/image/upload/{formatInstructions}/league/hvtcpccoigf9cghzkxcg,14,9,2,1,0,1,2,0,1.1551439930587728,8.989999999999998,29.64
2024,REG,4,2024092905,59562,09/29/2024,2200,IND,3900,PIT,home,5,2.9866993023508566,OGL659589,2200,Andrew Ogletree,A.Ogletree,TE,https://static.www.nfl.com/image/upload/{formatInstructions}/league/xrp8dougs6jb0denyorz,85,15,1,1,1,1,1,1,8.987480180784818,2.44,5.209999999999994
2024,REG,4,2024092905,59562,09/29/2024,2200,IND,3900,PIT,visitor,1,2.9866993023508566,PIC576156,3900,George Pickens,G.Pickens,WR,https://static.www.nfl.com/image/upload/{formatInstructions}/league/klxzcb6p7ekngcognpiy,14,113,11,7,0,7,11,0,1.6389073060044892,5.631818181818182,13.615454545454543
2024,REG,4,2024092905,59562,09/29/2024,2200,IND,3900,PIT,visitor,2,2.9866993023508566,FRE439769,3900,Pat Freiermuth,P.Freiermuth,TE,https://static.www.nfl.com/image/upload/{formatInstructions}/league/sozfjyy3bmntjv8tmqah,88,57,7,5,1,5,7,1,2.9430565909110853,9.2,6.401428571428574
2024,REG,4,2024092905,59562,09/29/2024,2200,IND,3900,PIT,visitor,3,2.9866993023508566,JEF436716,3900,Van Jefferson,V.Jefferson,WR,https://static.www.nfl.com/image/upload/{formatInstructions}/league/v2vkt9htky3xawu8yskx,11,21,3,2,0,2,3,0,3.577910514893872,8.486666666666666,10.43666666666667
2024,REG,4,2024092905,59562,09/29/2024,2200,IND,3900,PIT,visitor,4,2.9866993023508566,WAS185860,3900,Darnell Washington,D.Washington,TE,https://static.www.nfl.com/image/upload/{formatInstructions}/league/i6bxioxqzrc9hepszyjf,80,31,2,2,0,2,2,0,6.07814949779573,,2.0050000000000026
2024,REG,4,2024092905,59562,09/29/2024,2200,IND,3900,PIT,visitor,5,2.9866993023508566,AUS738004,3900,Calvin Austin III,C.Austin,WR,https://static.www.nfl.com/image/private/{formatInstructions}/league/qlt6ztqcbu0uzad6aavt,19,17,1,1,0,1,1,0,3.291883959072679,5.27,14.350000000000001
2024,REG,4,2024092906,59563,09/29/2024,3430,NYJ,1400,DEN,home,1,2.9866993023508566,WIL691962,3430,Garrett Wilson,G.Wilson,WR,https://static.www.nfl.com/image/private/{formatInstructions}/league/llgosx4tokddwnyrgvbx,5,41,8,5,0,5,8,0,2.664306454915333,6.2,6.04125
2024,REG,4,2024092906,59563,09/29/2024,3430,NYJ,1400,DEN,home,2,2.9866993023508566,LAZ043714,3430,Allen Lazard,A.Lazard,WR,https://static.www.nfl.com/image/private/{formatInstructions}/league/blrzk3bfnpneuyhsqiqg,10,58,8,5,0,5,8,0,2.928584814312767,5.748571428571429,5.9174999999999995
2024,REG,4,2024092906,59563,09/29/2024,3430,NYJ,1400,DEN,home,3,2.9866993023508566,CON185250,3430,Tyler Conklin,T.Conklin,TE,https://static.www.nfl.com/image/upload/{formatInstructions}/league/chajhumpfogd8effewe6,83,17,8,4,0,4,8,0,2.4180715095414422,4.7787500000000005,7.40375
2024,REG,4,2024092906,59563,09/29/2024,3430,NYJ,1400,DEN,home,4,2.9866993023508566,WIL000009,3430,Mike Williams,M.Williams,WR,https://static.www.nfl.com/image/upload/{formatInstructions}/league/g38aikrr9weo8h1xpehu,18,67,5,4,0,4,5,0,3.241816675707335,5.3725000000000005,14.447999999999999
2024,REG,4,2024092906,59563,09/29/2024,3430,NYJ,1400,DEN,home,5,2.9866993023508566,GIP576222,3430,Xavier Gipson,X.Gipson,WR,https://static.www.nfl.com/image/private/{formatInstructions}/league/tqo7wkjetkgupevxfvnv,82,6,4,1,0,1,4,0,1.9888567925287175,4.6225,11.544999999999998
2024,REG,4,2024092906,59563,09/29/2024,3430,NYJ,1400,DEN,visitor,1,2.9866993023508566,SUT333526,1400,Courtland Sutton,C.Sutton,WR,https://static.www.nfl.com/image/upload/{formatInstructions}/league/qts95gbd6hv65s9eiseq,14,60,9,3,1,3,9,1,3.5368944919843166,6.04111111111111,16.55333333333333
2024,REG,4,2024092906,59563,09/29/2024,3430,NYJ,1400,DEN,visitor,2,2.9866993023508566,FRA545210,1400,Troy Franklin,T.Franklin,WR,https://static.www.nfl.com/image/upload/{formatInstructions}/league/w429urxwxc8sw4bsbvxz,16,-2,4,2,0,2,4,0,1.282592266549017,6.0775,14.309999999999999
2024,REG,4,2024092906,59563,09/29/2024,3430,NYJ,1400,DEN,visitor,3,2.9866993023508566,REY398905,1400,Josh Reynolds,J.Reynolds,WR,https://static.www.nfl.com/image/upload/{formatInstructions}/league/ifukozhqlo1728h3gjnp,11,0,2,0,0,0,2,0,0.9166855023925184,3.215,8.469999999999999
2024,REG,4,2024092906,59563,09/29/2024,3430,NYJ,1400,DEN,visitor,4,2.9866993023508566,DUL269681,1400,Greg Dulcich,G.Dulcich,TE,https://static.www.nfl.com/image/upload/{formatInstructions}/league/tt3eyuomt5onokrqstsl,80,0,1,0,0,0,1,0,1.3354025610279454,,2.490000000000002
2024,REG,4,2024092906,59563,09/29/2024,3430,NYJ,1400,DEN,visitor,5,2.9866993023508566,ADK346075,1400,Nate Adkins,N.Adkins,TE,https://static.www.nfl.com/image/upload/{formatInstructions}/league/zbvo4oy4twbharwpmsqv,45,0,1,1,0,1,1,0,3.0170183957012924,7.48,-0.5699999999999932
2024,REG,4,2024092907,59564,09/29/2024,4900,TB,3700,PHI,home,1,2.9866993023508566,EVA534309,4900,Mike Evans,M.Evans,WR,https://static.www.nfl.com/image/upload/{formatInstructions}/league/vfsaie1uiokfczwv9p4d,13,94,14,8,1,8,14,1,2.865244043968221,6.809285714285714,10.926428571428572
2024,REG,4,2024092907,59564,09/29/2024,4900,TB,3700,PHI,home,2,2.9866993023508566,GOD549393,4900,Chris Godwin,C.Godwin,WR,https://static.www.nfl.com/image/upload/{formatInstructions}/league/al7b3dzqhysgve7l5lke,14,69,9,6,0,6,9,0,2.7808614972342194,6.358888888888889,3.7366666666666664
2024,REG,4,2024092907,59564,09/29/2024,4900,TB,3700,PHI,home,3,2.9866993023508566,OTT712400,4900,Cade Otton,C.Otton,TE,https://static.www.nfl.com/image/upload/{formatInstructions}/league/mljam77kst1wlqd5y91v,88,52,9,6,0,6,9,0,2.928150572569953,5.721666666666667,4.676666666666667
2024,REG,4,2024092907,59564,09/29/2024,4900,TB,3700,PHI,home,4,2.9866993023508566,SHE495754,4900,Sterling Shepard,S.Shepard,WR,https://static.www.nfl.com/image/upload/{formatInstructions}/league/dphqvpkeselgrselrvma,17,51,5,3,0,3,5,0,2.1970370683452627,8.66,15.813999999999998
2024,REG,4,2024092907,59564,09/29/2024,4900,TB,3700,PHI,home,5,2.9866993023508566,PAL683280,4900,Trey Palmer,T.Palmer,WR,https://static.www.nfl.com/image/upload/{formatInstructions}/league/zv0wdsdctgf2zw2ctumy,10,26,3,3,1,3,3,1,6.126922316160848,2.28,2.4066666666666667
2024,REG,4,2024092907,59564,09/29/2024,4900,TB,3700,PHI,visitor,1,2.9866993023508566,GOE595520,3700,Dallas Goedert,D.Goedert,TE,https://static.www.nfl.com/image/upload/{formatInstructions}/league/wfj54vhw1zxwwb3vdi61,88,62,8,7,0,7,8,0,3.0852985835699283,7.026666666666666,8.066249999999998
2024,REG,4,2024092907,59564,09/29/2024,4900,TB,3700,PHI,visitor,2,2.9866993023508566,DOT282798,3700,Jahan Dotson,J.Dotson,WR,https://static.www.nfl.com/image/upload/{formatInstructions}/league/myxhp9oqtcv1peactbhv,83,11,4,2,0,2,4,0,3.798107597701272,8.03,7.877500000000001
2024,REG,4,2024092907,59564,09/29/2024,4900,TB,3700,PHI,visitor,3,2.9866993023508566,CAM230411,3700,Parris Campbell,P.Campbell,WR,https://static.www.nfl.com/image/upload/{formatInstructions}/league/zesqmghc8zchkvhsv9jb,80,17,4,4,1,4,4,1,3.733669932430406,5.2525,4.5150000000000015
2024,REG,4,2024092907,59564,09/29/2024,4900,TB,3700,PHI,visitor,4,2.9866993023508566,WIL733437,3700,Johnny Wilson,J.Wilson,WR,https://static.www.nfl.com/image/upload/{formatInstructions}/league/cj13ngp4tjmi9621trrk,89,0,2,0,0,0,2,0,1.0974912718338476,8.015,8.085
2024,REG,4,2024092907,59564,09/29/2024,4900,TB,3700,PHI,visitor,5,2.9866993023508566,CAL069215,3700,Grant Calcaterra,G.Calcaterra,TE,https://static.www.nfl.com/image/upload/{formatInstructions}/league/vxl0kathuej280k01d2r,81,26,2,1,0,1,2,0,4.0672758631898125,5.12,17.93
2024,REG,4,2024092908,59565,09/29/2024,3800,ARI,5110,WAS,home,1,2.9866993023508566,WIL752419,3800,Michael Wilson,Mi.Wilson,WR,https://static.www.nfl.com/image/upload/{formatInstructions}/league/spsbduvpqe21tgkwhvbc,14,38,7,3,0,3,7,0,1.8829309344374219,6.805714285714286,12.05142857142857
2024,REG,4,2024092908,59565,09/29/2024,3800,ARI,5110,WAS,home,2,2.9866993023508566,HAR648677,3800,Marvin Harrison Jr.,M.Harrison,WR,https://static.www.nfl.com/image/upload/{formatInstructions}/league/o6hg5zeofmxvzjjpo2sf,18,45,6,5,1,5,6,1,3.207351048988823,7.125,7.986666666666667
2024,REG,4,2024092908,59565,09/29/2024,3800,ARI,5110,WAS,home,3,2.9866993023508566,DOR793727,3800,Greg Dortch,G.Dortch,WR,https://static.www.nfl.com/image/upload/{formatInstructions}/league/gkog6lrht3rnktwiberj,4,38,4,4,0,4,4,0,4.661490171607971,8.2775,3.0275
2024,REG,4,2024092908,59565,09/29/2024,3800,ARI,5110,WAS,home,4,2.9866993023508566,HIG138430,3800,Elijah Higgins,E.Higgins,TE,https://static.www.nfl.com/image/upload/{formatInstructions}/league/sodpdh4uhbhzjxbnmao1,84,12,3,2,0,2,3,0,3.439015395783892,7.795,1.5533333333333321
2024,REG,4,2024092908,59565,09/29/2024,3800,ARI,5110,WAS,visitor,1,2.9866993023508566,MCL278328,5110,Terry McLaurin,T.McLaurin,WR,https://static.www.nfl.com/image/upload/{formatInstructions}/league/wokz1etv1wj1vhbmvxgs,17,52,10,7,1,7,10,1,2.5317532465374737,6.515000000000001,11.001999999999999
2024,REG,4,2024092908,59565,09/29/2024,3800,ARI,5110,WAS,visitor,2,2.9866993023508566,ZAC133180,5110,Olamide Zaccheaus,O.Zaccheaus,WR,https://static.www.nfl.com/image/upload/{formatInstructions}/league/hcmdnfgnnvcp0qbktpxd,14,85,6,6,0,6,6,0,4.184475533263961,7.322,3.155000000000001
2024,REG,4,2024092908,59565,09/29/2024,3800,ARI,5110,WAS,visitor,3,2.9866993023508566,BRO567406,5110,Noah Brown,N.Brown,WR,https://static.www.nfl.com/image/upload/{formatInstructions}/league/nv6ix0p8965yiugsuhwh,85,26,4,3,0,3,4,0,3.06548987709518,7.609999999999999,7.392499999999998
2024,REG,4,2024092908,59565,09/29/2024,3800,ARI,5110,WAS,visitor,4,2.9866993023508566,ERT800920,5110,Zach Ertz,Z.Ertz,TE,https://static.www.nfl.com/image/upload/{formatInstructions}/league/xktmmeumuoglbuam75iz,86,22,3,3,0,3,3,0,7.896993964716105,2.8800000000000003,4.853333333333334
2024,REG,4,2024092908,59565,09/29/2024,3800,ARI,5110,WAS,visitor,5,2.9866993023508566,MCC038410,5110,Luke McCaffrey,L.McCaffrey,WR,https://static.www.nfl.com/image/upload/{formatInstructions}/league/iqzscuxu9lxjfhoyxsjg,12,17,1,1,0,1,1,0,2.4613207836444237,3.09,12.560000000000002
2024,REG,4,2024092909,59566,09/29/2024,4500,SF,3200,NE,home,1,2.9866993023508566,JEN497457,4500,Jauan Jennings,J.Jennings,WR,https://static.www.nfl.com/image/upload/{formatInstructions}/league/fqyzagb57zrtegmw69eb,15,88,6,3,0,3,6,0,1.505566810023981,4.66,15.551666666666668
2024,REG,4,2024092909,59566,09/29/2024,4500,SF,3200,NE,home,2,2.9866993023508566,AIY189231,4500,Brandon Aiyuk,B.Aiyuk,WR,https://static.www.nfl.com/image/upload/{formatInstructions}/league/qnfyhqxbppevv28hd3rx,11,48,5,2,0,2,5,0,1.9448346209930356,2.3600000000000003,17.678000000000004
2024,REG,4,2024092909,59566,09/29/2024,4500,SF,3200,NE,home,3,2.9866993023508566,SAM636097,4500,Deebo Samuel Sr.,D.Samuel,WR,https://static.www.nfl.com/image/upload/{formatInstructions}/league/shqoqpjwwoiexzy6cmgb,1,58,5,3,0,3,5,0,2.401441356845955,4.11,12.313999999999998
2024,REG,4,2024092909,59566,09/29/2024,4500,SF,3200,NE,home,4,2.9866993023508566,KIT388290,4500,George Kittle,G.Kittle,TE,https://static.www.nfl.com/image/upload/{formatInstructions}/league/ivkrikewqqdllzvano8h,85,45,4,4,1,4,4,1,2.6180611939070073,6.533333333333334,11.2225
2024,REG,4,2024092909,59566,09/29/2024,4500,SF,3200,NE,home,5,2.9866993023508566,CON236839,4500,Chris Conley,C.Conley,WR,https://static.www.nfl.com/image/upload/{formatInstructions}/league/mr4h7vx02uwpr7xlfk6y,18,0,2,0,0,0,2,0,1.4231453411848765,4.5,27.994999999999997
2024,REG,4,2024092909,59566,09/29/2024,4500,SF,3200,NE,visitor,1,2.9866993023508566,POL136646,3200,Ja'Lynn Polk,J.Polk,WR,https://static.www.nfl.com/image/upload/{formatInstructions}/league/jladubt1cwxq46uslmu9,1,30,7,3,0,3,7,0,1.4217614534120595,4.101428571428571,15.030000000000001
2024,REG,4,2024092909,59566,09/29/2024,4500,SF,3200,NE,visitor,2,2.9866993023508566,OSB109755,3200,K.J. Osborn,K.Osborn,WR,https://static.www.nfl.com/image/private/{formatInstructions}/league/rbgsvh08nmm29gaiw7pr,2,3,5,1,0,1,5,0,0.6863792551943152,4.728,4.534000000000001
2024,REG,4,2024092909,59566,09/29/2024,4500,SF,3200,NE,visitor,3,2.9866993023508566,DOU259552,3200,Demario Douglas,D.Douglas,WR,https://static.www.nfl.com/image/private/{formatInstructions}/league/svnh61ottqtfmcqvnbj3,3,13,3,3,0,3,3,0,4.072282578986744,10.093333333333334,2.2833333333333337
2024,REG,4,2024092909,59566,09/29/2024,4500,SF,3200,NE,visitor,4,2.9866993023508566,HEN617052,3200,Hunter Henry,H.Henry,TE,https://static.www.nfl.com/image/private/{formatInstructions}/league/sdjob9akppefyo7py5tj,85,12,3,2,0,2,3,0,1.7215338790774013,,6.079999999999998
2024,REG,4,2024092909,59566,09/29/2024,4500,SF,3200,NE,visitor,5,2.9866993023508566,HOO570770,3200,Austin Hooper,A.Hooper,TE,https://static.www.nfl.com/image/upload/{formatInstructions}/league/hj0ybtjspne3t1cso961,81,13,2,2,1,2,2,1,4.112125099746395,4.98,3.085000000000001
2024,REG,4,2024092910,59567,09/29/2024,4400,LAC,2310,KC,home,1,2.9866993023508566,MCC512833,4400,Ladd McConkey,L.McConkey,WR,https://static.www.nfl.com/image/upload/{formatInstructions}/league/wcx39ialovvxxnvs2bke,15,67,7,5,1,5,7,1,2.822092964930736,5.2250000000000005,7.861428571428569
2024,REG,4,2024092910,59567,09/29/2024,4400,LAC,2310,KC,home,2,2.9866993023508566,JOH823261,4400,Quentin Johnston,Q.Johnston,WR,https://static.www.nfl.com/image/upload/{formatInstructions}/league/jbxlvsbokf9qdqtet1qr,1,9,5,1,0,1,5,0,1.0478682776462962,3.4259999999999997,15.927999999999997
2024,REG,4,2024092910,59567,09/29/2024,4400,LAC,2310,KC,home,3,2.9866993023508566,PAL451625,4400,Josh Palmer,J.Palmer,WR,https://static.www.nfl.com/image/upload/{formatInstructions}/league/dexbsmmldvsqtr83or5l,5,36,4,3,0,3,4,0,3.7458301590504,6.422499999999999,8.635000000000002
2024,REG,4,2024092910,59567,09/29/2024,4400,LAC,2310,KC,home,4,2.9866993023508566,DIS743152,4400,Will Dissly,W.Dissly,TE,https://static.www.nfl.com/image/upload/{formatInstructions}/league/opdpeoconvviwkufolxr,81,24,3,2,0,2,3,0,3.829678397882565,9.765,-0.5100000000000028
2024,REG,4,2024092910,59567,09/29/2024,4400,LAC,2310,KC,home,5,2.9866993023508566,HUR495014,4400,Hayden Hurst,H.Hurst,TE,https://static.www.nfl.com/image/upload/{formatInstructions}/league/qxvkvmi2fphxjqyb21nv,88,6,3,1,0,1,3,0,2.8309671792783146,6.316666666666667,3.2266666666666652
2024,REG,4,2024092910,59567,09/29/2024,4400,LAC,2310,KC,visitor,1,2.9866993023508566,KEL012458,2310,Travis Kelce,T.Kelce,TE,https://static.www.nfl.com/image/upload/{formatInstructions}/league/ilk4qbxxs6mt3v9zfvtg,87,89,9,7,0,7,9,0,2.4251084120209034,4.848,8.277777777777779
2024,REG,4,2024092910,59567,09/29/2024,4400,LAC,2310,KC,visitor,2,2.9866993023508566,GRA757316,2310,Noah Gray,N.Gray,TE,https://static.www.nfl.com/image/upload/{formatInstructions}/league/erihh0eiq4m76k2ejvax,83,40,4,4,0,4,4,0,5.110579106983039,6.7275,5.177499999999998
2024,REG,4,2024092910,59567,09/29/2024,4400,LAC,2310,KC,visitor,3,2.9866993023508566,WOR741496,2310,Xavier Worthy,X.Worthy,WR,https://static.www.nfl.com/image/upload/{formatInstructions}/league/fvzbx5gpiqkogglyoo1w,1,73,4,3,1,3,4,1,3.737428818993603,7.555,14.112499999999999
2024,REG,4,2024092910,59567,09/29/2024,4400,LAC,2310,KC,visitor,4,2.9866993023508566,WAT441238,2310,Justin Watson,Ju.Watson,WR,https://static.www.nfl.com/image/private/{formatInstructions}/league/vr9tayyujt23takv3hv3,84,27,3,2,0,2,3,0,4.319180867423145,6.023333333333333,8.346666666666666
2024,REG,4,2024092910,59567,09/29/2024,4400,LAC,2310,KC,visitor,5,2.9866993023508566,MOO678505,2310,Skyy Moore,S.Moore,WR,https://static.www.nfl.com/image/private/{formatInstructions}/league/wpiovviem9uugfacqkxy,24,0,2,0,0,0,2,0,1.0795443315506252,9.77,4.84
2024,REG,4,2024092911,59568,09/29/2024,2520,LV,1050,CLE,home,1,2.9866993023508566,MEY171606,2520,Jakobi Meyers,J.Meyers,WR,https://static.www.nfl.com/image/upload/{formatInstructions}/league/p1abjttm5pu8gev0gwea,16,49,10,5,0,5,10,0,2.64735879527323,4.633,9.536999999999999
2024,REG,4,2024092911,59568,09/29/2024,2520,LV,1050,CLE,home,2,2.9866993023508566,TUC399910,2520,Tre Tucker,T.Tucker,WR,https://static.www.nfl.com/image/upload/{formatInstructions}/league/soebzcfwhgnjffwqv1ox,11,41,6,5,0,5,6,0,4.4004026713847475,7.05,5.6499999999999995
2024,REG,4,2024092911,59568,09/29/2024,2520,LV,1050,CLE,home,3,2.9866993023508566,BOW196560,2520,Brock Bowers,B.Bowers,TE,https://static.www.nfl.com/image/upload/{formatInstructions}/league/mjy86xh8munoiur4hejf,89,19,3,2,0,2,3,0,10.031531976495792,8.136666666666667,5.656666666666666
2024,REG,4,2024092911,59568,09/29/2024,2520,LV,1050,CLE,home,4,2.9866993023508566,BRY363372,2520,Harrison Bryant,H.Bryant,TE,https://static.www.nfl.com/image/upload/{formatInstructions}/league/jjarmcwkadvr7tynkpuj,84,21,2,2,0,2,2,0,4.643371119314773,6.415,1.2799999999999976
2024,REG,4,2024092911,59568,09/29/2024,2520,LV,1050,CLE,home,5,2.9866993023508566,TUR283150,2520,DJ Turner,D.Turner,WR,https://static.www.nfl.com/image/upload/{formatInstructions}/league/os5eurhh1y45sixa8phl,19,0,1,0,0,0,1,0,1.259364919314492,3.17,38.21
2024,REG,4,2024092911,59568,09/29/2024,2520,LV,1050,CLE,visitor,1,2.9866993023508566,JEU415291,1050,Jerry Jeudy,J.Jeudy,WR,https://static.www.nfl.com/image/upload/{formatInstructions}/league/szca1v9butuqkjs7ekpm,3,72,9,6,0,6,9,0,2.2108089586151567,5.417777777777777,10.595555555555556
2024,REG,4,2024092911,59568,09/29/2024,2520,LV,1050,CLE,visitor,2,2.9866993023508566,COO487703,1050,Amari Cooper,A.Cooper,WR,https://static.www.nfl.com/image/private/{formatInstructions}/league/zibbxjtein7gpu5zgcj4,2,35,8,4,0,4,8,0,3.1579172553512462,5.22625,10.881249999999998
2024,REG,4,2024092911,59568,09/29/2024,2520,LV,1050,CLE,visitor,3,2.9866993023508566,WHI639076,1050,Blake Whiteheart,B.Whiteheart,TE,https://static.www.nfl.com/image/upload/{formatInstructions}/league/kv23rcjxqgjemn56fdmm,86,13,3,3,1,3,3,1,4.218494904109954,6.426666666666667,4.133333333333334
2024,REG,4,2024092911,59568,09/29/2024,2520,LV,1050,CLE,visitor,4,2.9866993023508566,AKI501776,1050,Jordan Akins,J.Akins,TE,https://static.www.nfl.com/image/private/{formatInstructions}/league/fgkl9zfpy2yxrkxfge84,88,10,2,1,0,1,2,0,5.77000741731573,8.495000000000001,3.8950000000000014
2024,REG,4,2024092911,59568,09/29/2024,2520,LV,1050,CLE,visitor,5,2.9866993023508566,PRO085796,1050,James Proche,J.Proche,WR,https://static.www.nfl.com/image/upload/{formatInstructions}/league/me4h87meacls1jjh0cug,11,3,1,1,0,1,1,0,2.3181242417092363,7.04,-1.4500000000000028
2024,REG,4,2024092912,59569,09/29/2024,0325,BAL,0610,BUF,home,1,2.9866993023508566,AGH474619,0325,Nelson Agholor,N.Agholor,WR,https://static.www.nfl.com/image/upload/{formatInstructions}/league/wyxfkarcjgqdz3pl8nnr,15,10,3,2,0,2,3,0,2.6063072354103545,6.136666666666667,9.08333333333333
2024,REG,4,2024092912,59569,09/29/2024,0325,BAL,0610,BUF,home,2,2.9866993023508566,LIK088990,0325,Isaiah Likely,I.Likely,TE,https://static.www.nfl.com/image/upload/{formatInstructions}/league/xmikfnklnpjmzjhbjrur,80,26,2,1,0,1,2,0,2.084249970209811,3.45,14.420000000000002
2024,REG,4,2024092912,59569,09/29/2024,0325,BAL,0610,BUF,home,3,2.9866993023508566,FLO577002,0325,Zay Flowers,Z.Flowers,WR,https://static.www.nfl.com/image/upload/{formatInstructions}/league/oidhqwg0fjvanyk57nc1,4,10,2,1,0,1,2,0,3.9676327855699487,7.32,11.294999999999995
2024,REG,4,2024092912,59569,09/29/2024,0325,BAL,0610,BUF,home,4,2.9866993023508566,AND701433,0325,Mark Andrews,M.Andrews,TE,https://static.www.nfl.com/image/upload/{formatInstructions}/league/y5maejm3puruskwc344y,89,0,1,0,0,0,1,0,7.076849581558165,1.83,9.689999999999998
2024,REG,4,2024092912,59569,09/29/2024,0325,BAL,0610,BUF,home,5,2.9866993023508566,BAT103884,0325,Rashod Bateman,R.Bateman,WR,https://static.www.nfl.com/image/upload/{formatInstructions}/league/jkcapzvd65fxivefjv8l,7,23,1,1,0,1,1,0,7.235979546681981,3.41,20.689999999999998
2024,REG,4,2024092912,59569,09/29/2024,0325,BAL,0610,BUF,visitor,1,2.9866993023508566,KIN069130,0610,Dalton Kincaid,D.Kincaid,TE,https://static.www.nfl.com/image/upload/{formatInstructions}/league/rsimqxdfwlb1n9qd4w3g,86,47,7,5,0,5,7,0,3.1078382960523205,8.161999999999999,6.542857142857143
2024,REG,4,2024092912,59569,09/29/2024,0325,BAL,0610,BUF,visitor,2,2.9866993023508566,HOL280459,0610,Mack Hollins,M.Hollins,WR,https://static.www.nfl.com/image/upload/{formatInstructions}/league/xchw7quzjszgrm6psbyg,13,5,6,1,0,1,6,0,1.6458006245733785,5.265,11.648333333333332
2024,REG,4,2024092912,59569,09/29/2024,0325,BAL,0610,BUF,visitor,3,2.9866993023508566,SHA107427,0610,Khalil Shakir,K.Shakir,WR,https://static.www.nfl.com/image/upload/{formatInstructions}/league/ch2yarhiobqlvr9ls2yw,10,62,5,4,0,4,5,0,3.8638273429945804,5.3975,9.158
2024,REG,4,2024092912,59569,09/29/2024,0325,BAL,0610,BUF,visitor,4,2.9866993023508566,COL295571,0610,Keon Coleman,K.Coleman,WR,https://static.www.nfl.com/image/upload/{formatInstructions}/league/ipwpdgb0cm3xy3d8zu1l,0,51,4,3,0,3,4,0,1.7919120695651423,4.515,18.464999999999996
2024,REG,4,2024092912,59569,09/29/2024,0325,BAL,0610,BUF,visitor,5,2.9866993023508566,SAM633285,0610,Curtis Samuel,C.Samuel,WR,https://static.www.nfl.com/image/upload/{formatInstructions}/league/mq62ulflifrpjrcyknbj,1,8,2,2,0,2,2,0,2.0048153485515616,3.2,3.3000000000000007
2024,REG,4,2024093000,59570,09/30/2024,2700,MIA,2100,TEN,home,1,2.9866993023508566,HIL628694,2700,Tyreek Hill,T.Hill,WR,https://static.www.nfl.com/image/upload/{formatInstructions}/league/gdwjlpbkenmnsibawkht,10,23,7,4,0,4,7,0,2.8964542273322507,5.25,17.99142857142857
2024,REG,4,2024093000,59570,09/30/2024,2700,MIA,2100,TEN,home,2,2.9866993023508566,WAD088683,2700,Jaylen Waddle,J.Waddle,WR,https://static.www.nfl.com/image/private/{formatInstructions}/league/qjsz2h6shbdnksctzeka,17,36,6,4,0,4,6,0,4.87916064737968,4.656666666666666,5.316666666666666
2024,REG,4,2024093000,59570,09/30/2024,2700,MIA,2100,TEN,home,3,2.9866993023508566,CON474977,2700,Tanner Conner,T.Conner,TE,https://static.www.nfl.com/image/upload/{formatInstructions}/league/rlnlxf3p7ubbwmpx3coa,80,15,2,2,0,2,2,0,3.471403204155879,7.04,4.634999999999998
2024,REG,4,2024093000,59570,09/30/2024,2700,MIA,2100,TEN,home,4,2.9866993023508566,SMI443054,2700,Jonnu Smith,J.Smith,TE,https://static.www.nfl.com/image/upload/{formatInstructions}/league/p8uldtljkzb6sile3wgx,9,0,1,0,0,0,1,0,5.235656596836736,3.07,-5.6299999999999955
2024,REG,4,2024093000,59570,09/30/2024,2700,MIA,2100,TEN,home,5,2.9866993023508566,WAS519225,2700,Malik Washington,M.Washington,WR,https://static.www.nfl.com/image/upload/{formatInstructions}/league/mlnnipvmbl92w7mmr1pa,83,8,1,1,0,1,1,0,1.6858528998699733,5.7,4.909999999999997
2024,REG,4,2024093000,59570,09/30/2024,2700,MIA,2100,TEN,visitor,1,2.9866993023508566,HOP161500,2100,DeAndre Hopkins,D.Hopkins,WR,https://static.www.nfl.com/image/upload/{formatInstructions}/league/mcoovpx81ao3cdn0igbj,10,31,4,2,0,2,4,0,3.433735333149761,3.9749999999999996,11.215000000000002
2024,REG,4,2024093000,59570,09/30/2024,2700,MIA,2100,TEN,visitor,2,2.9866993023508566,RID652384,2100,Calvin Ridley,C.Ridley,WR,https://static.www.nfl.com/image/upload/{formatInstructions}/league/tmeij0cfgylmurfybs74,0,5,3,1,0,1,3,0,4.826338881892789,9.985,1.8666666666666647
2024,REG,4,2024093000,59570,09/30/2024,2700,MIA,2100,TEN,visitor,3,2.9866993023508566,OKO283611,2100,Chig Okonkwo,C.Okonkwo,TE,https://static.www.nfl.com/image/upload/{formatInstructions}/league/ut2gqeq2lowknrro0wlu,85,5,3,1,0,1,3,0,2.2545414580841547,3.8433333333333333,5.71
2024,REG,4,2024093000,59570,09/30/2024,2700,MIA,2100,TEN,visitor,4,2.9866993023508566,BOY378353,2100,Tyler Boyd,T.Boyd,WR,https://static.www.nfl.com/image/upload/{formatInstructions}/league/ttifog0hjxprlhkagugu,83,31,2,2,0,2,2,0,4.401947718797712,5.88,9.7
2024,REG,4,2024093000,59570,09/30/2024,2700,MIA,2100,TEN,visitor,5,2.9866993023508566,BUR321327,2100,Treylon Burks,T.Burks,WR,https://static.www.nfl.com/image/upload/{formatInstructions}/league/xinnrxloao8wvyps7e3m,16,13,1,1,0,1,1,0,1.1597413504743206,8.72,12.040000000000006
2024,REG,4,2024093001,59571,09/30/2024,1540,DET,4600,SEA,home,1,2.9866993023508566,STB415291,1540,Amon-Ra St. Brown,A.St. Brown,WR,https://static.www.nfl.com/image/upload/{formatInstructions}/league/jmfuamqblg8jag0stpnq,14,45,6,6,1,6,6,1,4.539666049245612,9.216666666666667,5.376666666666665
2024,REG,4,2024093001,59571,09/30/2024,1540,DET,4600,SEA,home,2,2.9866993023508566,LAP640235,1540,Sam LaPorta,S.LaPorta,TE,https://static.www.nfl.com/image/upload/{formatInstructions}/league/ucw8cfj5t5nwkx670wzu,87,53,4,4,0,4,4,0,4.725615842718234,8.715,-1.5975000000000001
2024,REG,4,2024093001,59571,09/30/2024,1540,DET,4600,SEA,home,3,2.9866993023508566,WRI121125,1540,Brock Wright,B.Wright,TE,https://static.www.nfl.com/image/upload/{formatInstructions}/league/irowew9hgqaa9vcd8fri,89,13,2,2,0,2,2,0,3.930950444384903,2.15,2.8149999999999995
2024,REG,4,2024093001,59571,09/30/2024,1540,DET,4600,SEA,home,4,2.9866993023508566,WIL344909,1540,Jameson Williams,J.Williams,WR,https://static.www.nfl.com/image/upload/{formatInstructions}/league/kt6xzcnjbe9affdfsayt,9,80,2,2,1,2,2,1,2.9695147492800946,5.4399999999999995,13.020000000000003
2024,REG,4,2024093001,59571,09/30/2024,1540,DET,4600,SEA,home,5,2.9866993023508566,PAT283375,1540,Tim Patrick,T.Patrick,WR,https://static.www.nfl.com/image/upload/{formatInstructions}/league/ub7mmdqtfzxnq9edsa2h,17,52,2,2,0,2,2,0,3.3517919626109682,2.3,10.844999999999999
2024,REG,4,2024093001,59571,09/30/2024,1540,DET,4600,SEA,visitor,1,2.9866993023508566,SMI829636,4600,Jaxon Smith-Njigba,J.Smith-Njigba,WR,https://static.www.nfl.com/image/upload/{formatInstructions}/league/lfroslgx4bo5p641flvg,11,51,12,8,0,8,12,0,2.8514882567068383,6.745833333333334,6.915
2024,REG,4,2024093001,59571,09/30/2024,1540,DET,4600,SEA,visitor,2,2.9866993023508566,MET363377,4600,DK Metcalf,D.Metcalf,WR,https://static.www.nfl.com/image/upload/{formatInstructions}/league/ezpzdcvzlu5ga4uv6oas,14,104,12,7,0,7,12,0,3.399365373902278,6.8075,11.786666666666667
2024,REG,4,2024093001,59571,09/30/2024,1540,DET,4600,SEA,visitor,3,2.9866993023508566,LOC420915,4600,Tyler Lockett,T.Lockett,WR,https://static.www.nfl.com/image/upload/{formatInstructions}/league/yz9p4pfwr0iyakhnwj4z,16,61,9,5,0,5,9,0,2.0483014287768224,6.025,7.684444444444444
2024,REG,4,2024093001,59571,09/30/2024,1540,DET,4600,SEA,visitor,4,2.9866993023508566,BOB556112,4600,Jake Bobo,J.Bobo,WR,https://static.www.nfl.com/image/upload/{formatInstructions}/league/vf5wazbhc3u7x7vjhojq,19,30,3,3,0,3,3,0,3.02211508103503,5.283333333333333,7.476666666666669
2024,REG,4,2024093001,59571,09/30/2024,1540,DET,4600,SEA,visitor,5,2.9866993023508566,BRO579945,4600,Pharaoh Brown,P.Brown,TE,https://static.www.nfl.com/image/upload/{formatInstructions}/league/ab0kbxsmasznlccuezcq,86,3,2,1,0,1,2,0,4.283728795482574,,2.5
2024,REG,5,2024100300,59572,10/03/2024,0200,ATL,4900,TB,home,1,2.9866993023508566,MOO076900,0200,Darnell Mooney,D.Mooney,WR,https://static.www.nfl.com/image/upload/{formatInstructions}/league/c1ixyspw0eshl3a2qrly,1,105,16,9,2,9,16,2,3.1921572877786764,6.325333333333333,11.979375000000001
2024,REG,5,2024100300,59572,10/03/2024,0200,ATL,4900,TB,home,2,2.9866993023508566,LON013463,0200,Drake London,D.London,WR,https://static.www.nfl.com/image/upload/{formatInstructions}/league/wikjazqtt3uunjufgqrf,5,154,13,12,1,12,13,1,2.416868114964161,6.822307692307692,8.755384615384616
2024,REG,5,2024100300,59572,10/03/2024,0200,ATL,4900,TB,home,3,2.9866993023508566,MCC417118,0200,Ray-Ray McCloud,R.McCloud,WR,https://static.www.nfl.com/image/upload/{formatInstructions}/league/nvwn3sdihyyd2itjt7vy,34,66,9,6,0,6,9,0,3.3148114583381827,8.321250000000001,7.079999999999999
2024,REG,5,2024100300,59572,10/03/2024,0200,ATL,4900,TB,home,4,2.9866993023508566,PIT516805,0200,Kyle Pitts,K.Pitts,TE,https://static.www.nfl.com/image/upload/{formatInstructions}/league/t8ymqyhvv8i1r80jyhy2,8,88,8,7,0,7,8,0,5.012383588071936,5.536666666666666,5.89125
2024,REG,5,2024100300,59572,10/03/2024,0200,ATL,4900,TB,home,5,2.9866993023508566,HOD250493,0200,KhaDarel Hodge,K.Hodge,WR,https://static.www.nfl.com/image/upload/{formatInstructions}/league/h3r6hfokmtgtxz8mljho,12,67,2,2,1,2,2,1,2.941996428137317,5.965,10.459999999999997
2024,REG,5,2024100300,59572,10/03/2024,0200,ATL,4900,TB,visitor,1,2.9866993023508566,EVA534309,4900,Mike Evans,M.Evans,WR,https://static.www.nfl.com/image/upload/{formatInstructions}/league/vfsaie1uiokfczwv9p4d,13,62,7,5,2,5,7,2,3.3748936810926446,7.058571428571429,10.107142857142858
2024,REG,5,2024100300,59572,10/03/2024,0200,ATL,4900,TB,visitor,2,2.9866993023508566,GOD549393,4900,Chris Godwin,C.Godwin,WR,https://static.www.nfl.com/image/upload/{formatInstructions}/league/al7b3dzqhysgve7l5lke,14,64,6,5,0,5,6,0,4.594731826022736,7.315,5.236666666666668
2024,REG,5,2024100300,59572,10/03/2024,0200,ATL,4900,TB,visitor,3,2.9866993023508566,OTT712400,4900,Cade Otton,C.Otton,TE,https://static.www.nfl.com/image/upload/{formatInstructions}/league/mljam77kst1wlqd5y91v,88,44,4,3,0,3,4,0,3.6190506124198523,2.865,2.294999999999999
2024,REG,5,2024100300,59572,10/03/2024,0200,ATL,4900,TB,visitor,4,2.9866993023508566,SHE495754,4900,Sterling Shepard,S.Shepard,WR,https://static.www.nfl.com/image/upload/{formatInstructions}/league/dphqvpkeselgrselrvma,17,4,2,1,1,1,2,1,0.9710229292571333,3.71,25.23
2024,REG,5,2024100600,59573,10/06/2024,3000,MIN,3430,NYJ,home,1,2.9866993023508566,JEF269287,3000,Justin Jefferson,J.Jefferson,WR,https://static.www.nfl.com/image/upload/{formatInstructions}/league/vrftbpzwk6qmv0zjcysg,18,92,14,6,0,6,14,0,1.8889577192716918,4.832142857142856,15.202142857142857
2024,REG,5,2024100600,59573,10/06/2024,3000,MIN,3430,NYJ,home,2,2.9866993023508566,ADD491056,3000,Jordan Addison,J.Addison,WR,https://static.www.nfl.com/image/upload/{formatInstructions}/league/tmyckmignrvy8truccwm,3,36,8,3,0,3,8,0,3.0293197866968615,5.25,17.99125
2024,REG,5,2024100600,59573,10/06/2024,3000,MIN,3430,NYJ,home,3,2.9866993023508566,MUN312153,3000,Johnny Mundt,J.Mundt,TE,https://static.www.nfl.com/image/upload/{formatInstructions}/league/ievumbznrtys9b2esphz,86,31,2,2,0,2,2,0,6.165819339630067,7.56,9.499999999999996
2024,REG,5,2024100600,59573,10/06/2024,3000,MIN,3430,NYJ,visitor,1,2.9866993023508566,WIL691962,3430,Garrett Wilson,G.Wilson,WR,https://static.www.nfl.com/image/private/{formatInstructions}/league/llgosx4tokddwnyrgvbx,5,101,23,13,1,13,23,1,3.627457937794881,5.1075,8.40695652173913
2024,REG,5,2024100600,59573,10/06/2024,3000,MIN,3430,NYJ,visitor,2,2.9866993023508566,CON185250,3430,Tyler Conklin,T.Conklin,TE,https://static.www.nfl.com/image/upload/{formatInstructions}/league/chajhumpfogd8effewe6,83,55,9,6,0,6,9,0,4.99969178545199,6.307142857142857,4.663333333333332
2024,REG,5,2024100600,59573,10/06/2024,3000,MIN,3430,NYJ,visitor,3,2.9866993023508566,LAZ043714,3430,Allen Lazard,A.Lazard,WR,https://static.www.nfl.com/image/private/{formatInstructions}/league/blrzk3bfnpneuyhsqiqg,10,34,9,4,1,4,9,1,2.0334433293514267,6.23375,10.639999999999999
2024,REG,5,2024100600,59573,10/06/2024,3000,MIN,3430,NYJ,visitor,4,2.9866993023508566,WIL000009,3430,Mike Williams,M.Williams,WR,https://static.www.nfl.com/image/upload/{formatInstructions}/league/g38aikrr9weo8h1xpehu,18,25,4,2,0,2,4,0,2.2033734721908966,3.655,11.67
2024,REG,5,2024100601,59574,10/06/2024,0810,CHI,0750,CAR,home,1,2.9866993023508566,MOO272423,0810,DJ Moore,D.Moore,WR,https://static.www.nfl.com/image/upload/{formatInstructions}/league/hqb9xnzm9brx79zl6wve,2,105,8,5,2,5,8,2,4.862333152707454,6.2457142857142856,12.036250000000004
2024,REG,5,2024100601,59574,10/06/2024,0810,CHI,0750,CAR,home,2,2.9866993023508566,ODU426541,0810,Rome Odunze,R.Odunze,WR,https://static.www.nfl.com/image/upload/{formatInstructions}/league/labs8tstecnehvzfmrs5,15,40,6,5,0,5,6,0,4.6260975551274806,7.7,5.243333333333333
2024,REG,5,2024100601,59574,10/06/2024,0810,CHI,0750,CAR,home,3,2.9866993023508566,ALL532966,0810,Keenan Allen,K.Allen,WR,https://static.www.nfl.com/image/upload/{formatInstructions}/league/lngo1onvkcqjnq7ozkuu,13,33,6,3,0,3,6,0,2.662647204514695,9.358333333333334,8.541666666666666
2024,REG,5,2024100601,59574,10/06/2024,0810,CHI,0750,CAR,home,4,2.9866993023508566,KME200895,0810,Cole Kmet,C.Kmet,TE,https://static.www.nfl.com/image/upload/{formatInstructions}/league/fdxpctcmwjupassg9g9d,85,57,4,3,0,3,4,0,3.6183146824539407,5.555,8.457499999999998
2024,REG,5,2024100601,59574,10/06/2024,0810,CHI,0750,CAR,home,5,2.9866993023508566,EVE166115,0810,Gerald Everett,G.Everett,TE,https://static.www.nfl.com/image/upload/{formatInstructions}/league/aayw74rhaupmfnnikzak,14,22,2,2,0,2,2,0,5.459553276495029,8.53,1.9600000000000009
2024,REG,5,2024100601,59574,10/06/2024,0810,CHI,0750,CAR,visitor,1,2.9866993023508566,JOH000017,0750,Diontae Johnson,Di.Johnson,WR,https://static.www.nfl.com/image/upload/{formatInstructions}/league/syk5xhvwikwmbaplpm8k,5,23,6,3,0,3,6,0,4.2625112844200155,5.216666666666667,9.9
2024,REG,5,2024100601,59574,10/06/2024,0810,CHI,0750,CAR,visitor,2,2.9866993023508566,SAN343203,0750,Ja'Tavion Sanders,J.Sanders,TE,https://static.www.nfl.com/image/upload/{formatInstructions}/league/egisbinbqmttmub4po1g,0,13,5,3,0,3,5,0,5.109684300681568,6.776666666666666,1.666000000000001
2024,REG,5,2024100601,59574,10/06/2024,0810,CHI,0750,CAR,visitor,3,2.9866993023508566,MIN170999,0750,Jonathan Mingo,J.Mingo,WR,https://static.www.nfl.com/image/private/{formatInstructions}/league/ie1yo3orpq0mqemptnko,15,37,5,2,0,2,5,0,3.847661235879239,7.977499999999999,19.256
2024,REG,5,2024100601,59574,10/06/2024,0810,CHI,0750,CAR,visitor,4,2.9866993023508566,COK451291,0750,Jalen Coker,J.Coker,WR,https://static.www.nfl.com/image/upload/{formatInstructions}/league/wk9xewrixauh09f71pqh,18,68,4,4,0,4,4,0,2.384075420807741,4.827500000000001,9.325000000000001
2024,REG,5,2024100601,59574,10/06/2024,0810,CHI,0750,CAR,visitor,5,2.9866993023508566,MOO249444,0750,David Moore,D.Moore,WR,https://static.www.nfl.com/image/upload/{formatInstructions}/league/i2esmsczxxoq7pzvg6yf,83,13,3,2,0,2,3,0,3.0583704522708195,6.036666666666666,4.469999999999996
2024,REG,5,2024100602,59575,10/06/2024,0920,CIN,0325,BAL,home,1,2.9866993023508566,HIG387791,0920,Tee Higgins,T.Higgins,WR,https://static.www.nfl.com/image/upload/{formatInstructions}/league/swqgkrdmjecz3vumrex5,5,83,14,9,2,9,14,2,1.8483509100147677,5.4192857142857145,10.059285714285712
2024,REG,5,2024100602,59575,10/06/2024,0920,CIN,0325,BAL,home,2,2.9866993023508566,CHA694469,0920,Ja'Marr Chase,J.Chase,WR,https://static.www.nfl.com/image/upload/{formatInstructions}/league/qkcb3qt2fhasfgtfuprd,1,193,12,10,2,10,12,2,2.281006696027797,4.778181818181818,9.114166666666666
2024,REG,5,2024100602,59575,10/06/2024,0920,CIN,0325,BAL,home,3,2.9866993023508566,GES490798,0920,Mike Gesicki,M.Gesicki,TE,https://static.www.nfl.com/image/upload/{formatInstructions}/league/zabpknonv9ozmkyw4qqt,88,31,2,2,0,2,2,0,1.606062068035707,2.88,13.870000000000001
2024,REG,5,2024100602,59575,10/06/2024,0920,CIN,0325,BAL,home,4,2.9866993023508566,IOS307886,0920,Andrei Iosivas,A.Iosivas,WR,https://static.www.nfl.com/image/upload/{formatInstructions}/league/pgbqgzrxmbnmpcnkhsya,80,39,2,1,0,1,2,0,1.3923197294307554,10.004999999999999,22.775
2024,REG,5,2024100602,59575,10/06/2024,0920,CIN,0325,BAL,home,5,2.9866993023508566,ALL004828,0920,Erick All,E.All,TE,https://static.www.nfl.com/image/upload/{formatInstructions}/league/ifkhcxze7lnxkpzjvsmk,83,10,2,2,0,2,2,0,6.703753386614167,2.885,0.5849999999999973
2024,REG,5,2024100602,59575,10/06/2024,0920,CIN,0325,BAL,visitor,1,2.9866993023508566,FLO577002,0325,Zay Flowers,Z.Flowers,WR,https://static.www.nfl.com/image/upload/{formatInstructions}/league/oidhqwg0fjvanyk57nc1,4,111,12,7,0,7,12,0,4.5626928150659705,7.774166666666667,11.36166666666667
2024,REG,5,2024100602,59575,10/06/2024,0920,CIN,0325,BAL,visitor,2,2.9866993023508566,BAT103884,0325,Rashod Bateman,R.Bateman,WR,https://static.www.nfl.com/image/upload/{formatInstructions}/league/jkcapzvd65fxivefjv8l,7,58,8,4,1,4,8,1,5.071083837759307,7.99625,11.01125
2024,REG,5,2024100602,59575,10/06/2024,0920,CIN,0325,BAL,visitor,3,2.9866993023508566,AND701433,0325,Mark Andrews,M.Andrews,TE,https://static.www.nfl.com/image/upload/{formatInstructions}/league/y5maejm3puruskwc344y,89,55,5,4,0,4,5,0,5.121825558570679,6.590000000000001,9.169999999999998
2024,REG,5,2024100602,59575,10/06/2024,0920,CIN,0325,BAL,visitor,4,2.9866993023508566,AGH474619,0325,Nelson Agholor,N.Agholor,WR,https://static.www.nfl.com/image/upload/{formatInstructions}/league/wyxfkarcjgqdz3pl8nnr,15,4,4,1,0,1,4,0,3.0370346033185722,6.0024999999999995,12.182500000000001
2024,REG,5,2024100602,59575,10/06/2024,0920,CIN,0325,BAL,visitor,5,2.9866993023508566,KOL030762,0325,Charlie Kolar,C.Kolar,TE,https://static.www.nfl.com/image/upload/{formatInstructions}/league/n7duzqver13movvgcint,88,64,4,3,1,3,4,1,2.240950860683183,6.925,9.594999999999999
2024,REG,5,2024100603,59576,10/06/2024,2120,HOU,0610,BUF,home,1,2.9866993023508566,DIG218895,2120,Stefon Diggs,S.Diggs,WR,https://static.www.nfl.com/image/upload/{formatInstructions}/league/to2qwuffjnjlouctglsl,1,82,8,6,0,6,8,0,2.327111903752605,7.22875,7.25625
2024,REG,5,2024100603,59576,10/06/2024,2120,HOU,0610,BUF,home,2,2.9866993023508566,SCH647271,2120,Dalton Schultz,D.Schultz,TE,https://static.www.nfl.com/image/upload/{formatInstructions}/league/ooatvpu1knzypdmjljo9,86,34,6,4,0,4,6,0,3.778026430574433,5.213333333333334,6.491666666666668
2024,REG,5,2024100603,59576,10/06/2024,2120,HOU,0610,BUF,home,3,2.9866993023508566,DEL440817,2120,Tank Dell,T.Dell,WR,https://static.www.nfl.com/image/upload/{formatInstructions}/league/tqxgovzlhxj0jnwkcvtq,3,38,4,4,0,4,4,0,3.3620908931319713,4.9625,4.797500000000001
2024,REG,5,2024100603,59576,10/06/2024,2120,HOU,0610,BUF,home,4,2.9866993023508566,HUT304546,2120,Xavier Hutchinson,X.Hutchinson,WR,https://static.www.nfl.com/image/upload/{formatInstructions}/league/vlxzxhej5ffelkxrqf4g,19,31,3,2,0,2,3,0,6.556815610287122,8.335,8.426666666666664
2024,REG,5,2024100603,59576,10/06/2024,2120,HOU,0610,BUF,home,5,2.9866993023508566,STO763332,2120,Cade Stover,C.Stover,TE,https://static.www.nfl.com/image/upload/{formatInstructions}/league/ehruudekjzjney5dircm,87,6,2,2,0,2,2,0,4.7784921145242,7.25,1.6899999999999977
2024,REG,5,2024100603,59576,10/06/2024,2120,HOU,0610,BUF,visitor,1,2.9866993023508566,HOL280459,0610,Mack Hollins,M.Hollins,WR,https://static.www.nfl.com/image/upload/{formatInstructions}/league/xchw7quzjszgrm6psbyg,13,27,6,2,0,2,6,0,4.513013259353351,5.371666666666666,20.326666666666664
2024,REG,5,2024100603,59576,10/06/2024,2120,HOU,0610,BUF,visitor,2,2.9866993023508566,KIN069130,0610,Dalton Kincaid,D.Kincaid,TE,https://static.www.nfl.com/image/upload/{formatInstructions}/league/rsimqxdfwlb1n9qd4w3g,86,34,6,2,0,2,6,0,3.444389316866559,3.5759999999999996,16.641666666666666
2024,REG,5,2024100603,59576,10/06/2024,2120,HOU,0610,BUF,visitor,3,2.9866993023508566,COL295571,0610,Keon Coleman,K.Coleman,WR,https://static.www.nfl.com/image/upload/{formatInstructions}/league/ipwpdgb0cm3xy3d8zu1l,0,49,5,1,1,1,5,1,1.5645269547747689,5.6,15.09
2024,REG,5,2024100603,59576,10/06/2024,2120,HOU,0610,BUF,visitor,4,2.9866993023508566,SAM633285,0610,Curtis Samuel,C.Samuel,WR,https://static.www.nfl.com/image/upload/{formatInstructions}/league/mq62ulflifrpjrcyknbj,1,0,4,1,0,1,4,0,5.00280007059688,7.137499999999999,7.0725
2024,REG,5,2024100603,59576,10/06/2024,2120,HOU,0610,BUF,visitor,5,2.9866993023508566,VAL142116,0610,Marquez Valdes-Scantling,M.Valdes-Scantling,WR,https://static.www.nfl.com/image/upload/{formatInstructions}/league/voutjbaunuwmyp6ywy5n,15,0,3,0,0,0,3,0,0.8281922623923057,4.336666666666667,9.683333333333335
2024,REG,5,2024100604,59577,10/06/2024,2250,JAX,2200,IND,home,1,2.9866993023508566,THO419793,2250,Brian Thomas Jr.,B.Thomas,WR,https://static.www.nfl.com/image/upload/{formatInstructions}/league/gsz15iz0ppibhslzzgch,7,122,8,5,1,5,8,1,2.2157889696044584,6.181428571428571,12.79625
2024,REG,5,2024100604,59577,10/06/2024,2250,JAX,2200,IND,home,2,2.9866993023508566,KIR257918,2250,Christian Kirk,C.Kirk,WR,https://static.www.nfl.com/image/private/{formatInstructions}/league/ersmmtjmjlpsy9lmjvde,13,88,4,4,0,4,4,0,3.8846764829381404,9.3925,15.5175
2024,REG,5,2024100604,59577,10/06/2024,2250,JAX,2200,IND,home,3,2.9866993023508566,STR188631,2250,Brenton Strange,B.Strange,TE,https://static.www.nfl.com/image/private/{formatInstructions}/league/trfk78mrfsafnbatyx2x,85,24,4,4,1,4,4,1,2.814817107990823,5.6,5.157500000000002
2024,REG,5,2024100604,59577,10/06/2024,2250,JAX,2200,IND,home,4,2.9866993023508566,DAV329675,2250,Gabe Davis,G.Davis,WR,https://static.www.nfl.com/image/upload/{formatInstructions}/league/rlmgjtfct5qjtbwcjqg6,0,38,4,3,0,3,4,0,2.7992580008678756,8.31,10.790000000000001
2024,REG,5,2024100604,59577,10/06/2024,2250,JAX,2200,IND,home,5,2.9866993023508566,FAR615740,2250,Luke Farrell,L.Farrell,TE,https://static.www.nfl.com/image/upload/{formatInstructions}/league/f2z7wpmx7ngtxcqqedla,89,17,2,2,0,2,2,0,2.2046803633311263,9.34,4.624999999999999
2024,REG,5,2024100604,59577,10/06/2024,2250,JAX,2200,IND,visitor,1,2.9866993023508566,DOW686145,2200,Josh Downs,J.Downs,WR,https://static.www.nfl.com/image/upload/{formatInstructions}/league/zue2xxvfrignllqlhagu,1,69,12,9,0,9,12,0,2.32444315489668,6.077,6.691666666666667
2024,REG,5,2024100604,59577,10/06/2024,2250,JAX,2200,IND,visitor,2,2.9866993023508566,PIT228050,2200,Michael Pittman,M.Pittman,WR,https://static.www.nfl.com/image/private/{formatInstructions}/league/wnymcombo2plamteihiy,11,37,8,5,1,5,8,1,2.0960561264013067,5.965714285714285,5.647500000000001
2024,REG,5,2024100604,59577,10/06/2024,2250,JAX,2200,IND,visitor,3,2.9866993023508566,MIT056120,2200,Adonai Mitchell,A.Mitchell,WR,https://static.www.nfl.com/image/upload/{formatInstructions}/league/fztxucnxhoxep6utluyc,10,38,7,4,0,4,7,0,3.6692682592948094,5.325714285714286,10.025714285714287
2024,REG,5,2024100604,59577,10/06/2024,2250,JAX,2200,IND,visitor,4,2.9866993023508566,ALI177980,2200,Mo Alie-Cox,M.Alie-Cox,TE,https://static.www.nfl.com/image/upload/{formatInstructions}/league/f4orwwthvtcyd3vfqjvs,81,37,4,2,1,2,4,1,2.21087981346991,4.705,14.13
2024,REG,5,2024100604,59577,10/06/2024,2250,JAX,2200,IND,visitor,5,2.9866993023508566,PIE185673,2200,Alec Pierce,A.Pierce,WR,https://static.www.nfl.com/image/upload/{formatInstructions}/league/hvtcpccoigf9cghzkxcg,14,134,3,3,1,3,3,1,1.972490439444768,2.44,31.896666666666665
2024,REG,5,2024100605,59578,10/06/2024,3200,NE,2700,MIA,home,1,2.9866993023508566,DOU259552,3200,Demario Douglas,D.Douglas,WR,https://static.www.nfl.com/image/private/{formatInstructions}/league/svnh61ottqtfmcqvnbj3,3,59,9,6,0,6,9,0,3.713719555967724,8.642857142857142,9.154444444444445
2024,REG,5,2024100605,59578,10/06/2024,3200,NE,2700,MIA,home,2,2.9866993023508566,POL136646,3200,Ja'Lynn Polk,J.Polk,WR,https://static.www.nfl.com/image/upload/{formatInstructions}/league/jladubt1cwxq46uslmu9,1,13,6,1,0,1,6,0,2.016753910932451,7.0683333333333325,15.426666666666668
2024,REG,5,2024100605,59578,10/06/2024,3200,NE,2700,MIA,home,3,2.9866993023508566,HEN617052,3200,Hunter Henry,H.Henry,TE,https://static.www.nfl.com/image/private/{formatInstructions}/league/sdjob9akppefyo7py5tj,85,32,4,2,0,2,4,0,1.4166577886477087,6.1274999999999995,14.31
2024,REG,5,2024100605,59578,10/06/2024,3200,NE,2700,MIA,home,4,2.9866993023508566,HOO570770,3200,Austin Hooper,A.Hooper,TE,https://static.www.nfl.com/image/upload/{formatInstructions}/league/hj0ybtjspne3t1cso961,81,9,3,1,0,1,3,0,2.4947522340052606,6.1433333333333335,11.426666666666664
2024,REG,5,2024100605,59578,10/06/2024,3200,NE,2700,MIA,home,5,2.9866993023508566,BOU482823,3200,Kayshon Boutte,K.Boutte,WR,https://static.www.nfl.com/image/private/{formatInstructions}/league/nz6t7jhx6erszovbv1bd,9,34,2,2,0,2,2,0,3.4128541343351273,3.1350000000000002,16.589999999999996
2024,REG,5,2024100605,59578,10/06/2024,3200,NE,2700,MIA,visitor,1,2.9866993023508566,HIL628694,2700,Tyreek Hill,T.Hill,WR,https://static.www.nfl.com/image/upload/{formatInstructions}/league/gdwjlpbkenmnsibawkht,10,69,10,6,0,6,10,0,2.9542088698815094,7.268000000000001,13.378
2024,REG,5,2024100605,59578,10/06/2024,3200,NE,2700,MIA,visitor,2,2.9866993023508566,SMI443054,2700,Jonnu Smith,J.Smith,TE,https://static.www.nfl.com/image/upload/{formatInstructions}/league/p8uldtljkzb6sile3wgx,9,62,8,5,0,5,8,0,3.602396211186014,3.9066666666666663,7.6362499999999995
2024,REG,5,2024100605,59578,10/06/2024,3200,NE,2700,MIA,visitor,3,2.9866993023508566,WAD088683,2700,Jaylen Waddle,J.Waddle,WR,https://static.www.nfl.com/image/private/{formatInstructions}/league/qjsz2h6shbdnksctzeka,17,46,8,4,0,4,8,0,2.9819074792254083,5.44,9.820000000000004
2024,REG,5,2024100605,59578,10/06/2024,3200,NE,2700,MIA,visitor,4,2.9866993023508566,BEC573252,2700,Odell Beckham Jr.,O.Beckham,WR,https://static.www.nfl.com/image/upload/{formatInstructions}/league/ffmalg3wr7lwnsz59i7v,3,0,1,0,0,0,1,0,1.2425779653607203,6.99,8.659999999999997
2024,REG,5,2024100605,59578,10/06/2024,3200,NE,2700,MIA,visitor,5,2.9866993023508566,SMY283236,2700,Durham Smythe,D.Smythe,TE,https://static.www.nfl.com/image/upload/{formatInstructions}/league/twxkgrnpjotgyhwawfsv,81,0,1,0,0,0,1,0,0.4438468204234434,,22.76
2024,REG,5,2024100606,59579,10/06/2024,5110,WAS,1050,CLE,home,1,2.9866993023508566,ERT800920,5110,Zach Ertz,Z.Ertz,TE,https://static.www.nfl.com/image/upload/{formatInstructions}/league/xktmmeumuoglbuam75iz,86,10,8,2,0,2,8,0,3.0780150677013567,5.694285714285714,8.41
2024,REG,5,2024100606,59579,10/06/2024,5110,WAS,1050,CLE,home,2,2.9866993023508566,MCL278328,5110,Terry McLaurin,T.McLaurin,WR,https://static.www.nfl.com/image/upload/{formatInstructions}/league/wokz1etv1wj1vhbmvxgs,17,112,8,4,0,4,8,0,2.1502159379912893,4.6850000000000005,21.346249999999998
2024,REG,5,2024100606,59579,10/06/2024,5110,WAS,1050,CLE,home,3,2.9866993023508566,ZAC133180,5110,Olamide Zaccheaus,O.Zaccheaus,WR,https://static.www.nfl.com/image/upload/{formatInstructions}/league/hcmdnfgnnvcp0qbktpxd,14,10,3,1,0,1,3,0,3.101491495417818,2.29,5.043333333333332
2024,REG,5,2024100606,59579,10/06/2024,5110,WAS,1050,CLE,home,4,2.9866993023508566,MCC038410,5110,Luke McCaffrey,L.McCaffrey,WR,https://static.www.nfl.com/image/upload/{formatInstructions}/league/iqzscuxu9lxjfhoyxsjg,12,19,3,3,0,3,3,0,2.4476472561125076,3.216666666666667,3.220000000000001
2024,REG,5,2024100606,59579,10/06/2024,5110,WAS,1050,CLE,home,5,2.9866993023508566,BRO408220,5110,Dyami Brown,D.Brown,WR,https://static.www.nfl.com/image/upload/{formatInstructions}/league/mibh7ud59ygmzm19ivac,2,57,2,2,1,2,2,1,1.7362581227376326,5.115,25.835
2024,REG,5,2024100606,59579,10/06/2024,5110,WAS,1050,CLE,visitor,1,2.9866993023508566,COO487703,1050,Amari Cooper,A.Cooper,WR,https://static.www.nfl.com/image/private/{formatInstructions}/league/zibbxjtein7gpu5zgcj4,2,60,10,4,0,4,10,0,2.1695580128397616,7.609999999999999,16.626
2024,REG,5,2024100606,59579,10/06/2024,5110,WAS,1050,CLE,visitor,2,2.9866993023508566,MOO279723,1050,Elijah Moore,E.Moore,WR,https://static.www.nfl.com/image/private/{formatInstructions}/league/bhwvzckfhhcqhb7zdqyj,8,11,4,3,0,3,4,0,3.4473159984589596,4.85,1.4824999999999982
2024,REG,5,2024100606,59579,10/06/2024,5110,WAS,1050,CLE,visitor,3,2.9866993023508566,NJO355964,1050,David Njoku,D.Njoku,TE,https://static.www.nfl.com/image/private/{formatInstructions}/league/ilvxwdllivrvwbuj69cm,85,14,3,1,0,1,3,0,2.5421019817092834,6.404999999999999,10.050000000000002
2024,REG,5,2024100606,59579,10/06/2024,5110,WAS,1050,CLE,visitor,4,2.9866993023508566,AKI501776,1050,Jordan Akins,J.Akins,TE,https://static.www.nfl.com/image/private/{formatInstructions}/league/fgkl9zfpy2yxrkxfge84,88,22,3,3,1,3,3,1,4.512018636501533,6.109999999999999,6.963333333333334
2024,REG,5,2024100606,59579,10/06/2024,5110,WAS,1050,CLE,visitor,5,2.9866993023508566,JEU415291,1050,Jerry Jeudy,J.Jeudy,WR,https://static.www.nfl.com/image/upload/{formatInstructions}/league/szca1v9butuqkjs7ekpm,3,16,3,1,0,1,3,0,2.0036380936285823,7.123333333333334,14.336666666666668
2024,REG,5,2024100607,59580,10/06/2024,1400,DEN,2520,LV,home,1,2.9866993023508566,SUT333526,1400,Courtland Sutton,C.Sutton,WR,https://static.www.nfl.com/image/upload/{formatInstructions}/league/qts95gbd6hv65s9eiseq,14,32,5,2,0,2,5,0,1.984513584521619,5.856,13.494
2024,REG,5,2024100607,59580,10/06/2024,1400,DEN,2520,LV,home,2,2.9866993023508566,REY398905,1400,Josh Reynolds,J.Reynolds,WR,https://static.www.nfl.com/image/upload/{formatInstructions}/league/ifukozhqlo1728h3gjnp,11,9,2,1,1,1,2,1,1.0201947194315046,5.654999999999999,11.495000000000005
2024,REG,5,2024100607,59580,10/06/2024,1400,DEN,2520,LV,home,3,2.9866993023508566,FRA545210,1400,Troy Franklin,T.Franklin,WR,https://static.www.nfl.com/image/upload/{formatInstructions}/league/w429urxwxc8sw4bsbvxz,16,20,2,1,0,1,2,0,4.977903145157618,8.57,32.870000000000005
2024,REG,5,2024100607,59580,10/06/2024,1400,DEN,2520,LV,home,4,2.9866993023508566,HUM534685,1400,Lil'Jordan Humphrey,L.Humphrey,WR,https://static.www.nfl.com/image/upload/{formatInstructions}/league/yjmyfuozafxd7zwf3mlr,84,48,2,2,0,2,2,0,4.6094539788674265,4.56,8.345000000000002
2024,REG,5,2024100607,59580,10/06/2024,1400,DEN,2520,LV,home,5,2.9866993023508566,KRU507134,1400,Lucas Krull,L.Krull,TE,https://static.www.nfl.com/image/upload/{formatInstructions}/league/v3rdtydz7dh4s5oyzejs,85,5,1,1,0,1,1,0,7.619776899621145,5.26,0.3299999999999983
2024,REG,5,2024100607,59580,10/06/2024,1400,DEN,2520,LV,visitor,1,2.9866993023508566,BOW196560,2520,Brock Bowers,B.Bowers,TE,https://static.www.nfl.com/image/upload/{formatInstructions}/league/mjy86xh8munoiur4hejf,89,97,12,8,1,8,12,1,2.708967415879329,5.206666666666667,5.758333333333334
2024,REG,5,2024100607,59580,10/06/2024,1400,DEN,2520,LV,visitor,2,2.9866993023508566,MEY171606,2520,Jakobi Meyers,J.Meyers,WR,https://static.www.nfl.com/image/upload/{formatInstructions}/league/p1abjttm5pu8gev0gwea,16,72,9,6,0,6,9,0,1.9762982613015774,5.222222222222222,10.004444444444445
2024,REG,5,2024100607,59580,10/06/2024,1400,DEN,2520,LV,visitor,3,2.9866993023508566,TUC399910,2520,Tre Tucker,T.Tucker,WR,https://static.www.nfl.com/image/upload/{formatInstructions}/league/soebzcfwhgnjffwqv1ox,11,18,5,2,0,2,5,0,1.3339573212906264,5.84,17.754
2024,REG,5,2024100607,59580,10/06/2024,1400,DEN,2520,LV,visitor,4,2.9866993023508566,TUR283150,2520,DJ Turner,D.Turner,WR,https://static.www.nfl.com/image/upload/{formatInstructions}/league/os5eurhh1y45sixa8phl,19,12,4,1,0,1,4,0,2.2798251061841306,3.235,14.232500000000002
2024,REG,5,2024100608,59581,10/06/2024,4500,SF,3800,ARI,home,1,2.9866993023508566,KIT388290,4500,George Kittle,G.Kittle,TE,https://static.www.nfl.com/image/upload/{formatInstructions}/league/ivkrikewqqdllzvano8h,85,64,12,8,1,8,12,1,3.366163043692882,3.6255555555555556,6.401666666666666
2024,REG,5,2024100608,59581,10/06/2024,4500,SF,3800,ARI,home,2,2.9866993023508566,AIY189231,4500,Brandon Aiyuk,B.Aiyuk,WR,https://static.www.nfl.com/image/upload/{formatInstructions}/league/qnfyhqxbppevv28hd3rx,11,147,12,8,0,8,12,0,3.0969408558253786,4.8758333333333335,13.295000000000002
2024,REG,5,2024100608,59581,10/06/2024,4500,SF,3800,ARI,home,3,2.9866993023508566,JEN497457,4500,Jauan Jennings,J.Jennings,WR,https://static.www.nfl.com/image/upload/{formatInstructions}/league/fqyzagb57zrtegmw69eb,15,13,4,1,0,1,4,0,1.2992038675333148,4.9325,12.885
2024,REG,5,2024100608,59581,10/06/2024,4500,SF,3800,ARI,home,4,2.9866993023508566,SAM636097,4500,Deebo Samuel Sr.,D.Samuel,WR,https://static.www.nfl.com/image/upload/{formatInstructions}/league/shqoqpjwwoiexzy6cmgb,1,11,3,1,0,1,3,0,1.05894690882631,3.6466666666666665,7.00666666666667
2024,REG,5,2024100608,59581,10/06/2024,4500,SF,3800,ARI,visitor,1,2.9866993023508566,MCB743360,3800,Trey McBride,T.McBride,TE,https://static.www.nfl.com/image/upload/{formatInstructions}/league/hfdgljgi9gfaskomdl1h,85,53,9,6,0,6,9,0,3.5275602966662287,5.486,6.235555555555558
2024,REG,5,2024100608,59581,10/06/2024,4500,SF,3800,ARI,visitor,2,2.9866993023508566,HAR648677,3800,Marvin Harrison Jr.,M.Harrison,WR,https://static.www.nfl.com/image/upload/{formatInstructions}/league/o6hg5zeofmxvzjjpo2sf,18,36,7,2,0,2,7,0,1.4456424486255894,5.748571428571429,12.564285714285715
2024,REG,5,2024100608,59581,10/06/2024,4500,SF,3800,ARI,visitor,3,2.9866993023508566,WIL752419,3800,Michael Wilson,Mi.Wilson,WR,https://static.www.nfl.com/image/upload/{formatInstructions}/league/spsbduvpqe21tgkwhvbc,14,78,6,5,0,5,6,0,4.200078096041843,5.951666666666667,15.115
2024,REG,5,2024100608,59581,10/06/2024,4500,SF,3800,ARI,visitor,4,2.9866993023508566,DOR793727,3800,Greg Dortch,G.Dortch,WR,https://static.www.nfl.com/image/upload/{formatInstructions}/league/gkog6lrht3rnktwiberj,4,7,2,1,0,1,2,0,4.531459626847881,8.16,-2.2550000000000026
2024,REG,5,2024100608,59581,10/06/2024,4500,SF,3800,ARI,visitor,5,2.9866993023508566,REI577302,3800,Tip Reiman,T.Reiman,TE,https://static.www.nfl.com/image/upload/{formatInstructions}/league/grt6fspk8dlqbuzcrq7m,87,5,1,1,0,1,1,0,7.440268812348113,5.6,1.3599999999999994
2024,REG,5,2024100609,59582,10/06/2024,2510,LA,1800,GB,home,1,2.9866993023508566,PAR483746,2510,Colby Parkinson,C.Parkinson,TE,https://static.www.nfl.com/image/upload/{formatInstructions}/league/crjyx8tutyzn8bomqbdc,86,52,13,7,0,7,13,0,2.6926277055010455,9.072222222222223,7.198461538461539
2024,REG,5,2024100609,59582,10/06/2024,2510,LA,1800,GB,home,2,2.9866993023508566,ATW460468,2510,Tutu Atwell,T.Atwell,WR,https://static.www.nfl.com/image/upload/{formatInstructions}/league/hpvbp9pn7ifbh62nde0n,5,58,10,6,0,6,10,0,3.554006339841397,8.758888888888889,12.572
2024,REG,5,2024100609,59582,10/06/2024,2510,LA,1800,GB,home,3,2.9866993023508566,WHI807684,2510,Jordan Whittington,J.Whittington,WR,https://static.www.nfl.com/image/upload/{formatInstructions}/league/x5j7yvx4iheje5vw4tek,88,89,10,7,0,7,10,0,4.876489196199462,5.427777777777778,7.695
2024,REG,5,2024100609,59582,10/06/2024,2510,LA,1800,GB,home,4,2.9866993023508566,ROB399065,2510,Demarcus Robinson,D.Robinson,WR,https://static.www.nfl.com/image/upload/{formatInstructions}/league/lakf0xue1qqb7ed4p6ge,15,28,5,3,1,3,5,1,1.9116900678196345,4.0920000000000005,14.920000000000002
2024,REG,5,2024100609,59582,10/06/2024,2510,LA,1800,GB,home,5,2.9866993023508566,LON317078,2510,Hunter Long,H.Long,TE,https://static.www.nfl.com/image/upload/{formatInstructions}/league/zfovepcmlr4bkmm96wgp,84,16,2,2,0,2,2,0,4.384485663440929,10.13,3.7799999999999976
2024,REG,5,2024100609,59582,10/06/2024,2510,LA,1800,GB,visitor,1,2.9866993023508566,WIC622867,1800,Dontayvion Wicks,D.Wicks,WR,https://static.www.nfl.com/image/upload/{formatInstructions}/league/ghsev2bmz8kvhm8dsbey,13,20,7,2,0,2,7,0,3.3179341633701935,7.5600000000000005,13.21142857142857
2024,REG,5,2024100609,59582,10/06/2024,2510,LA,1800,GB,visitor,2,2.9866993023508566,REE263142,1800,Jayden Reed,J.Reed,WR,https://static.www.nfl.com/image/upload/{formatInstructions}/league/blh2tfg9qjthqo2g6ot4,11,78,6,4,0,4,6,0,2.9255554468998657,7.4925,11.815000000000003
2024,REG,5,2024100609,59582,10/06/2024,2510,LA,1800,GB,visitor,3,2.9866993023508566,KRA144054,1800,Tucker Kraft,T.Kraft,TE,https://static.www.nfl.com/image/upload/{formatInstructions}/league/klrmgekdzx1ywjjmixp7,85,88,5,4,2,4,5,2,5.937576162318939,3.536,5.178000000000002
2024,REG,5,2024100609,59582,10/06/2024,2510,LA,1800,GB,visitor,4,2.9866993023508566,HEA759997,1800,Malik Heath,M.Heath,WR,https://static.www.nfl.com/image/upload/{formatInstructions}/league/xbhxvulvdrkbz5svka5f,18,14,3,2,0,2,3,0,1.6784460281219158,6.623333333333332,6.223333333333332
2024,REG,5,2024100609,59582,10/06/2024,2510,LA,1800,GB,visitor,5,2.9866993023508566,MEL575431,1800,Bo Melton,B.Melton,WR,https://static.www.nfl.com/image/upload/{formatInstructions}/league/bhmhwurwugjmymgjforf,80,12,2,1,0,1,2,0,1.386795601946398,7.13,7.555000000000003
2024,REG,5,2024100610,59583,10/06/2024,4600,SEA,3410,NYG,home,1,2.9866993023508566,MET363377,4600,DK Metcalf,D.Metcalf,WR,https://static.www.nfl.com/image/upload/{formatInstructions}/league/ezpzdcvzlu5ga4uv6oas,14,55,7,4,0,4,7,0,2.8438653705480514,7.337142857142857,8.895714285714286
2024,REG,5,2024100610,59583,10/06/2024,4600,SEA,3410,NYG,home,2,2.9866993023508566,SMI829636,4600,Jaxon Smith-Njigba,J.Smith-Njigba,WR,https://static.www.nfl.com/image/upload/{formatInstructions}/league/lfroslgx4bo5p641flvg,11,31,7,4,1,4,7,1,4.153184947917455,5.997142857142856,3.808571428571432
2024,REG,5,2024100610,59583,10/06/2024,4600,SEA,3410,NYG,home,3,2.9866993023508566,LOC420915,4600,Tyler Lockett,T.Lockett,WR,https://static.www.nfl.com/image/upload/{formatInstructions}/league/yz9p4pfwr0iyakhnwj4z,16,75,6,4,0,4,6,0,2.0710652360281734,6.528333333333333,15.418333333333331
2024,REG,5,2024100610,59583,10/06/2024,4600,SEA,3410,NYG,home,4,2.9866993023508566,FAN405165,4600,Noah Fant,N.Fant,TE,https://static.www.nfl.com/image/private/{formatInstructions}/league/w1gqasldrg3jumzdqjvy,87,24,3,3,0,3,3,0,3.6488071111432987,7.395,4.006666666666664
2024,REG,5,2024100610,59583,10/06/2024,4600,SEA,3410,NYG,home,5,2.9866993023508566,BOB556112,4600,Jake Bobo,J.Bobo,WR,https://static.www.nfl.com/image/upload/{formatInstructions}/league/vf5wazbhc3u7x7vjhojq,19,3,1,1,0,1,1,0,3.5815220228277287,8.51,2.210000000000001
2024,REG,5,2024100610,59583,10/06/2024,4600,SEA,3410,NYG,visitor,1,2.9866993023508566,SLA500077,3410,Darius Slayton,D.Slayton,WR,https://static.www.nfl.com/image/upload/{formatInstructions}/league/zhm6evj813ucss03ndlx,86,122,11,8,1,8,11,1,2.5636537433003608,3.236363636363636,10.333636363636362
2024,REG,5,2024100610,59583,10/06/2024,4600,SEA,3410,NYG,visitor,2,2.9866993023508566,ROB717726,3410,Wan'Dale Robinson,W.Robinson,WR,https://static.www.nfl.com/image/upload/{formatInstructions}/league/z94hnehk9vgmvtad6sgi,17,36,9,6,1,6,9,1,2.7246552950225444,5.581666666666667,4.193333333333334
2024,REG,5,2024100610,59583,10/06/2024,4600,SEA,3410,NYG,visitor,3,2.9866993023508566,JOH679524,3410,Theo Johnson,T.Johnson,TE,https://static.www.nfl.com/image/upload/{formatInstructions}/league/gljwzcxubvoqjxwnakze,84,48,5,5,0,5,5,0,4.049446860467023,4.42,3.9640000000000013
2024,REG,5,2024100611,59584,10/06/2024,3900,PIT,1200,DAL,home,1,2.9866993023508566,PIC576156,3900,George Pickens,G.Pickens,WR,https://static.www.nfl.com/image/upload/{formatInstructions}/league/klxzcb6p7ekngcognpiy,14,26,7,3,0,3,7,0,4.025180542372857,5.8116666666666665,9.585714285714287
2024,REG,5,2024100611,59584,10/06/2024,3900,PIT,1200,DAL,home,2,2.9866993023508566,JEF436716,3900,Van Jefferson,V.Jefferson,WR,https://static.www.nfl.com/image/upload/{formatInstructions}/league/v2vkt9htky3xawu8yskx,11,26,5,3,0,3,5,0,2.0620171655805377,6.303333333333334,15.852
2024,REG,5,2024100611,59584,10/06/2024,3900,PIT,1200,DAL,home,3,2.9866993023508566,HEY274236,3900,Connor Heyward,Co.Heyward,TE,https://static.www.nfl.com/image/upload/{formatInstructions}/league/b9bnasge2v2dtctdtqnf,83,23,4,2,1,2,4,1,4.990737278188636,5.23,11.495
2024,REG,5,2024100611,59584,10/06/2024,3900,PIT,1200,DAL,home,4,2.9866993023508566,FRE439769,3900,Pat Freiermuth,P.Freiermuth,TE,https://static.www.nfl.com/image/upload/{formatInstructions}/league/sozfjyy3bmntjv8tmqah,88,22,3,3,1,3,3,1,1.939986922447007,5.256666666666667,3.849999999999999
2024,REG,5,2024100611,59584,10/06/2024,3900,PIT,1200,DAL,home,5,2.9866993023508566,WAS185860,3900,Darnell Washington,D.Washington,TE,https://static.www.nfl.com/image/upload/{formatInstructions}/league/i6bxioxqzrc9hepszyjf,80,5,2,1,0,1,2,0,1.9218419370028186,4.795,12.610000000000007
2024,REG,5,2024100611,59584,10/06/2024,3900,PIT,1200,DAL,visitor,1,2.9866993023508566,TOL148914,1200,Jalen Tolbert,J.Tolbert,WR,https://static.www.nfl.com/image/upload/{formatInstructions}/league/cek1m1cbly5rfmmmjpcc,1,87,10,7,1,7,10,1,2.596383087343959,6.590999999999999,11.738
2024,REG,5,2024100611,59584,10/06/2024,3900,PIT,1200,DAL,visitor,2,2.9866993023508566,LAM138457,1200,CeeDee Lamb,C.Lamb,WR,https://static.www.nfl.com/image/upload/{formatInstructions}/league/tfuj9njqdw2dovkwhryc,88,62,9,5,0,5,9,0,3.2039143101499263,6.418888888888889,8.134444444444446
2024,REG,5,2024100611,59584,10/06/2024,3900,PIT,1200,DAL,visitor,3,2.9866993023508566,FER146119,1200,Jake Ferguson,J.Ferguson,TE,https://static.www.nfl.com/image/upload/{formatInstructions}/league/rwxrfhejpngq0avhb8qg,87,70,7,6,0,6,7,0,2.9261249116178463,6.2316666666666665,3.7142857142857144
2024,REG,5,2024100611,59584,10/06/2024,3900,PIT,1200,DAL,visitor,4,2.9866993023508566,TUR785436,1200,KaVontae Turpin,K.Turpin,WR,https://static.www.nfl.com/image/upload/{formatInstructions}/league/lwkox2bvc6k3hqmidf4q,9,50,5,4,0,4,5,0,4.636629496298452,9.966666666666667,2.8579999999999997
2024,REG,5,2024100611,59584,10/06/2024,3900,PIT,1200,DAL,visitor,5,2.9866993023508566,SPA500688,1200,Brevyn Spann-Ford,B.Spann-Ford,TE,https://static.www.nfl.com/image/upload/{formatInstructions}/league/bn9b4pb8om6w3escvitt,89,20,3,2,0,2,3,0,5.365774483424843,8.350000000000001,7.456666666666668
2024,REG,5,2024100700,59585,10/07/2024,2310,KC,3300,NO,home,1,2.9866993023508566,KEL012458,2310,Travis Kelce,T.Kelce,TE,https://static.www.nfl.com/image/upload/{formatInstructions}/league/ilk4qbxxs6mt3v9zfvtg,87,70,10,9,0,9,10,0,5.094167500263109,6.6085714285714285,5.468999999999999
2024,REG,5,2024100700,59585,10/07/2024,2310,KC,3300,NO,home,2,2.9866993023508566,SMI829709,2310,JuJu Smith-Schuster,J.Smith-Schuster,WR,https://static.www.nfl.com/image/upload/{formatInstructions}/league/l0hsr6xsbsagzygcqhci,9,130,8,7,0,7,8,0,3.9689926607128307,5.67125,6.1812499999999995
2024,REG,5,2024100700,59585,10/07/2024,2310,KC,3300,NO,home,3,2.9866993023508566,WOR741496,2310,Xavier Worthy,X.Worthy,WR,https://static.www.nfl.com/image/upload/{formatInstructions}/league/fvzbx5gpiqkogglyoo1w,1,25,6,3,0,3,6,0,4.73485204356554,7.405,6.499999999999997
2024,REG,5,2024100700,59585,10/07/2024,2310,KC,3300,NO,home,4,2.9866993023508566,HAR069520,2310,Mecole Hardman,M.Hardman,WR,https://static.www.nfl.com/image/upload/{formatInstructions}/league/cfbjutuygqg7imy0qwpt,17,33,4,4,0,4,4,0,5.535775003113942,10.52,-2.642500000000002
2024,REG,5,2024100700,59585,10/07/2024,2310,KC,3300,NO,home,5,2.9866993023508566,GRA757316,2310,Noah Gray,N.Gray,TE,https://static.www.nfl.com/image/upload/{formatInstructions}/league/erihh0eiq4m76k2ejvax,83,29,2,2,0,2,2,0,5.603959661932382,3.92,4.399999999999999
2024,REG,5,2024100700,59585,10/07/2024,2310,KC,3300,NO,visitor,1,2.9866993023508566,SHA089447,3300,Rashid Shaheed,R.Shaheed,WR,https://static.www.nfl.com/image/upload/{formatInstructions}/league/mnaref4vwyau8mbsp0ri,22,86,9,4,1,4,9,1,2.68217926426025,2.985714285714286,22.23777777777778
2024,REG,5,2024100700,59585,10/07/2024,2310,KC,3300,NO,visitor,2,2.9866993023508566,JOH398789,3300,Juwan Johnson,J.Johnson,TE,https://static.www.nfl.com/image/upload/{formatInstructions}/league/pdsl9w3agc9uvjqpq1jy,83,31,5,5,0,5,5,0,3.491459086915813,6.4275,3.906
2024,REG,5,2024100700,59585,10/07/2024,2310,KC,3300,NO,visitor,3,2.9866993023508566,TIP628557,3300,Mason Tipton,M.Tipton,WR,https://static.www.nfl.com/image/upload/{formatInstructions}/league/ldzn20eu15intdsolw9i,84,2,4,1,0,1,4,0,2.966543420761335,4.2425,24.94
2024,REG,5,2024100700,59585,10/07/2024,2310,KC,3300,NO,visitor,4,2.9866993023508566,OLA659325,3300,Chris Olave,C.Olave,WR,https://static.www.nfl.com/image/upload/{formatInstructions}/league/riiwbow7zphqmomiazph,12,10,4,2,0,2,4,0,1.235448921586011,4.65,10.995
2024,REG,5,2024100700,59585,10/07/2024,2310,KC,3300,NO,visitor,5,2.9866993023508566,MOR096402,3300,Foster Moreau,F.Moreau,TE,https://static.www.nfl.com/image/upload/{formatInstructions}/league/hfcik9okcbwsbhgoaljy,87,13,2,2,1,2,2,1,2.0240379479697075,6.59,6.375
2024,REG,6,2024101000,59586,10/10/2024,4600,SEA,4500,SF,home,1,2.9866993023508566,MET363377,4600,DK Metcalf,D.Metcalf,WR,https://static.www.nfl.com/image/upload/{formatInstructions}/league/ezpzdcvzlu5ga4uv6oas,14,48,11,3,0,3,11,0,1.4305423193253004,4.405454545454545,16.44181818181818
2024,REG,6,2024101000,59586,10/10/2024,4600,SEA,4500,SF,home,2,2.9866993023508566,SMI829636,4600,Jaxon Smith-Njigba,J.Smith-Njigba,WR,https://static.www.nfl.com/image/upload/{formatInstructions}/league/lfroslgx4bo5p641flvg,11,53,9,5,0,5,9,0,3.0828926638934506,5.396249999999999,10.437777777777779
2024,REG,6,2024101000,59586,10/10/2024,4600,SEA,4500,SF,home,3,2.9866993023508566,LOC420915,4600,Tyler Lockett,T.Lockett,WR,https://static.www.nfl.com/image/upload/{formatInstructions}/league/yz9p4pfwr0iyakhnwj4z,16,65,8,4,1,4,8,1,2.3915299033453383,5.4375,11.99625
2024,REG,6,2024101000,59586,10/10/2024,4600,SEA,4500,SF,home,4,2.9866993023508566,FAN405165,4600,Noah Fant,N.Fant,TE,https://static.www.nfl.com/image/private/{formatInstructions}/league/w1gqasldrg3jumzdqjvy,87,63,6,6,0,6,6,0,7.072126905118967,4.903333333333333,4.503333333333334
2024,REG,6,2024101000,59586,10/10/2024,4600,SEA,4500,SF,home,5,2.9866993023508566,BOB556112,4600,Jake Bobo,J.Bobo,WR,https://static.www.nfl.com/image/upload/{formatInstructions}/league/vf5wazbhc3u7x7vjhojq,19,18,4,2,0,2,4,0,2.634411589803917,7.6075,12.297500000000001
2024,REG,6,2024101000,59586,10/10/2024,4600,SEA,4500,SF,visitor,1,2.9866993023508566,KIT388290,4500,George Kittle,G.Kittle,TE,https://static.www.nfl.com/image/upload/{formatInstructions}/league/ivkrikewqqdllzvano8h,85,58,6,5,2,5,6,2,2.585753404221132,7.468333333333334,8.285000000000002
2024,REG,6,2024101000,59586,10/10/2024,4600,SEA,4500,SF,visitor,2,2.9866993023508566,JEN497457,4500,Jauan Jennings,J.Jennings,WR,https://static.www.nfl.com/image/upload/{formatInstructions}/league/fqyzagb57zrtegmw69eb,15,27,5,3,0,3,5,0,2.8525665250525023,5.432,5.652000000000002
2024,REG,6,2024101000,59586,10/10/2024,4600,SEA,4500,SF,visitor,3,2.9866993023508566,SAM636097,4500,Deebo Samuel Sr.,D.Samuel,WR,https://static.www.nfl.com/image/upload/{formatInstructions}/league/shqoqpjwwoiexzy6cmgb,1,102,5,3,1,3,5,1,3.138251309141928,4.208,8.232000000000003
2024,REG,6,2024101000,59586,10/10/2024,4600,SEA,4500,SF,visitor,4,2.9866993023508566,AIY189231,4500,Brandon Aiyuk,B.Aiyuk,WR,https://static.www.nfl.com/image/upload/{formatInstructions}/league/qnfyhqxbppevv28hd3rx,11,37,4,2,0,2,4,0,1.9291105495985934,5.8475,14.87
2024,REG,6,2024101300,59587,10/13/2024,0810,CHI,2250,JAX,home,1,2.9866993023508566,KME200895,0810,Cole Kmet,C.Kmet,TE,https://static.www.nfl.com/image/upload/{formatInstructions}/league/fdxpctcmwjupassg9g9d,85,70,5,5,2,5,5,2,6.536853109718884,6.1933333333333325,5.8740000000000006
2024,REG,6,2024101300,59587,10/13/2024,0810,CHI,2250,JAX,home,2,2.9866993023508566,MOO272423,0810,DJ Moore,D.Moore,WR,https://static.www.nfl.com/image/upload/{formatInstructions}/league/hqb9xnzm9brx79zl6wve,2,20,5,4,0,4,5,0,3.06504679219868,5.2299999999999995,7.346000000000001
2024,REG,6,2024101300,59587,10/13/2024,0810,CHI,2250,JAX,home,3,2.9866993023508566,ALL532966,0810,Keenan Allen,K.Allen,WR,https://static.www.nfl.com/image/upload/{formatInstructions}/league/lngo1onvkcqjnq7ozkuu,13,41,5,5,2,5,5,2,1.1042660148017203,2.935,7.8
2024,REG,6,2024101300,59587,10/13/2024,0810,CHI,2250,JAX,home,4,2.9866993023508566,ODU426541,0810,Rome Odunze,R.Odunze,WR,https://static.www.nfl.com/image/upload/{formatInstructions}/league/labs8tstecnehvzfmrs5,15,40,2,2,0,2,2,0,3.469271036265259,4.9,13.799999999999997
2024,REG,6,2024101300,59587,10/13/2024,0810,CHI,2250,JAX,home,5,2.9866993023508566,LEW492053,0810,Marcedes Lewis,M.Lewis,TE,https://static.www.nfl.com/image/private/{formatInstructions}/league/ppq07tipygpftz5csipx,84,2,1,1,0,1,1,0,3.435258360007293,8.07,0.7700000000000031
2024,REG,6,2024101300,59587,10/13/2024,0810,CHI,2250,JAX,visitor,1,2.9866993023508566,ENG726325,2250,Evan Engram,E.Engram,TE,https://static.www.nfl.com/image/upload/{formatInstructions}/league/sea0atk2feif4n75dvq8,17,102,10,10,0,10,10,0,4.247728068093322,9.181666666666667,4.899999999999999
2024,REG,6,2024101300,59587,10/13/2024,0810,CHI,2250,JAX,visitor,2,2.9866993023508566,DAV329675,2250,Gabe Davis,G.Davis,WR,https://static.www.nfl.com/image/upload/{formatInstructions}/league/rlmgjtfct5qjtbwcjqg6,0,45,8,5,2,5,8,2,2.3446362154719615,5.73625,12.84
2024,REG,6,2024101300,59587,10/13/2024,0810,CHI,2250,JAX,visitor,3,2.9866993023508566,KIR257918,2250,Christian Kirk,C.Kirk,WR,https://static.www.nfl.com/image/private/{formatInstructions}/league/ersmmtjmjlpsy9lmjvde,13,39,6,3,0,3,6,0,3.0380175581255586,6.656000000000001,10.66
2024,REG,6,2024101300,59587,10/13/2024,0810,CHI,2250,JAX,visitor,4,2.9866993023508566,THO419793,2250,Brian Thomas Jr.,B.Thomas,WR,https://static.www.nfl.com/image/upload/{formatInstructions}/league/gsz15iz0ppibhslzzgch,7,27,6,3,0,3,6,0,2.425269584686189,6.8,11.931666666666667
2024,REG,6,2024101300,59587,10/13/2024,0810,CHI,2250,JAX,visitor,5,2.9866993023508566,STR188631,2250,Brenton Strange,B.Strange,TE,https://static.www.nfl.com/image/private/{formatInstructions}/league/trfk78mrfsafnbatyx2x,85,11,2,1,0,1,2,0,3.283475777783093,5.085,10.430000000000001
2024,REG,6,2024101301,59588,10/13/2024,0325,BAL,5110,WAS,home,1,2.9866993023508566,FLO577002,0325,Zay Flowers,Z.Flowers,WR,https://static.www.nfl.com/image/upload/{formatInstructions}/league/oidhqwg0fjvanyk57nc1,4,132,9,9,0,9,9,0,3.197348150177271,6.851111111111111,5.176666666666669
2024,REG,6,2024101301,59588,10/13/2024,0325,BAL,5110,WAS,home,2,2.9866993023508566,AND701433,0325,Mark Andrews,M.Andrews,TE,https://static.www.nfl.com/image/upload/{formatInstructions}/league/y5maejm3puruskwc344y,89,66,4,3,1,3,4,1,4.692019431758039,5.53,14.82
2024,REG,6,2024101301,59588,10/13/2024,0325,BAL,5110,WAS,home,3,2.9866993023508566,LIK088990,0325,Isaiah Likely,I.Likely,TE,https://static.www.nfl.com/image/upload/{formatInstructions}/league/xmikfnklnpjmzjhbjrur,80,27,4,2,0,2,4,0,2.284490567711307,7.305,13.495
2024,REG,6,2024101301,59588,10/13/2024,0325,BAL,5110,WAS,home,4,2.9866993023508566,BAT103884,0325,Rashod Bateman,R.Bateman,WR,https://static.www.nfl.com/image/upload/{formatInstructions}/league/jkcapzvd65fxivefjv8l,7,71,4,4,0,4,4,0,4.495953648519711,4.135,13.735000000000001
2024,REG,6,2024101301,59588,10/13/2024,0325,BAL,5110,WAS,home,5,2.9866993023508566,AGH474619,0325,Nelson Agholor,N.Agholor,WR,https://static.www.nfl.com/image/upload/{formatInstructions}/league/wyxfkarcjgqdz3pl8nnr,15,25,3,1,0,1,3,0,2.722344489929314,5.97,15.113333333333335
2024,REG,6,2024101301,59588,10/13/2024,0325,BAL,5110,WAS,visitor,1,2.9866993023508566,BRO567406,5110,Noah Brown,N.Brown,WR,https://static.www.nfl.com/image/upload/{formatInstructions}/league/nv6ix0p8965yiugsuhwh,85,58,8,4,0,4,8,0,1.6022547291077898,5.651249999999999,12.649999999999999
2024,REG,6,2024101301,59588,10/13/2024,0325,BAL,5110,WAS,visitor,2,2.9866993023508566,MCL278328,5110,Terry McLaurin,T.McLaurin,WR,https://static.www.nfl.com/image/upload/{formatInstructions}/league/wokz1etv1wj1vhbmvxgs,17,53,7,6,2,6,7,2,1.6423286783957494,3.9914285714285715,13.297142857142859
2024,REG,6,2024101301,59588,10/13/2024,0325,BAL,5110,WAS,visitor,3,2.9866993023508566,ZAC133180,5110,Olamide Zaccheaus,O.Zaccheaus,WR,https://static.www.nfl.com/image/upload/{formatInstructions}/league/hcmdnfgnnvcp0qbktpxd,14,27,6,4,0,4,6,0,4.8142872309667935,9.687999999999999,5.463333333333334
2024,REG,6,2024101301,59588,10/13/2024,0325,BAL,5110,WAS,visitor,4,2.9866993023508566,ERT800920,5110,Zach Ertz,Z.Ertz,TE,https://static.www.nfl.com/image/upload/{formatInstructions}/league/xktmmeumuoglbuam75iz,86,68,5,4,0,4,5,0,4.149762843942974,8.129999999999999,9.996
2024,REG,6,2024101301,59588,10/13/2024,0325,BAL,5110,WAS,visitor,5,2.9866993023508566,MCC038410,5110,Luke McCaffrey,L.McCaffrey,WR,https://static.www.nfl.com/image/upload/{formatInstructions}/league/iqzscuxu9lxjfhoyxsjg,12,5,1,1,0,1,1,0,0.48373546489791325,6.58,5.289999999999999
2024,REG,6,2024101302,59589,10/13/2024,1800,GB,3800,ARI,home,1,2.9866993023508566,REE263142,1800,Jayden Reed,J.Reed,WR,https://static.www.nfl.com/image/upload/{formatInstructions}/league/blh2tfg9qjthqo2g6ot4,11,28,6,6,1,6,6,1,6.444220693686268,7.960000000000001,-1.9466666666666643
2024,REG,6,2024101302,59589,10/13/2024,1800,GB,3800,ARI,home,2,2.9866993023508566,WAT316591,1800,Christian Watson,C.Watson,WR,https://static.www.nfl.com/image/upload/{formatInstructions}/league/qenktpex0mep8er8dzxj,9,68,4,3,1,3,4,1,2.979664031588956,6.7775,17.9325
2024,REG,6,2024101302,59589,10/13/2024,1800,GB,3800,ARI,home,3,2.9866993023508566,DOU043165,1800,Romeo Doubs,R.Doubs,WR,https://static.www.nfl.com/image/upload/{formatInstructions}/league/dyulbddqbqshoqdxgo63,87,49,4,3,2,3,4,2,1.5274650240084606,3.5749999999999997,13.629999999999999
2024,REG,6,2024101302,59589,10/13/2024,1800,GB,3800,ARI,home,4,2.9866993023508566,KRA144054,1800,Tucker Kraft,T.Kraft,TE,https://static.www.nfl.com/image/upload/{formatInstructions}/league/klrmgekdzx1ywjjmixp7,85,13,4,2,0,2,4,0,2.2468165466648986,5.0475,4.65
2024,REG,6,2024101302,59589,10/13/2024,1800,GB,3800,ARI,home,5,2.9866993023508566,WIC622867,1800,Dontayvion Wicks,D.Wicks,WR,https://static.www.nfl.com/image/upload/{formatInstructions}/league/ghsev2bmz8kvhm8dsbey,13,9,3,1,0,1,3,0,2.492874213508472,7.6499999999999995,14.689999999999998
2024,REG,6,2024101302,59589,10/13/2024,1800,GB,3800,ARI,visitor,1,2.9866993023508566,MCB743360,3800,Trey McBride,T.McBride,TE,https://static.www.nfl.com/image/upload/{formatInstructions}/league/hfdgljgi9gfaskomdl1h,85,96,8,8,0,8,8,0,4.391294453680583,6.8575,7.859999999999999
2024,REG,6,2024101302,59589,10/13/2024,1800,GB,3800,ARI,visitor,2,2.9866993023508566,DOR793727,3800,Greg Dortch,G.Dortch,WR,https://static.www.nfl.com/image/upload/{formatInstructions}/league/gkog6lrht3rnktwiberj,4,36,5,3,0,3,5,0,4.611816411496492,6.166,3.4219999999999997
2024,REG,6,2024101302,59589,10/13/2024,1800,GB,3800,ARI,visitor,3,2.9866993023508566,WIL752419,3800,Michael Wilson,Mi.Wilson,WR,https://static.www.nfl.com/image/upload/{formatInstructions}/league/spsbduvpqe21tgkwhvbc,14,21,4,2,1,2,4,1,1.7516589340367061,6.025,11.8725
2024,REG,6,2024101302,59589,10/13/2024,1800,GB,3800,ARI,visitor,4,2.9866993023508566,HAR648677,3800,Marvin Harrison Jr.,M.Harrison,WR,https://static.www.nfl.com/image/upload/{formatInstructions}/league/o6hg5zeofmxvzjjpo2sf,18,0,2,0,0,0,2,0,0.6229349629880693,2.04,4.5500000000000025
2024,REG,6,2024101302,59589,10/13/2024,1800,GB,3800,ARI,visitor,5,2.9866993023508566,WEA802270,3800,Xavier Weaver,X.Weaver,WR,https://static.www.nfl.com/image/upload/{formatInstructions}/league/m2tuzam94o1qm46kwmxo,89,0,1,0,0,0,1,0,0.3200000000000074,4.6,21.17
2024,REG,6,2024101303,59590,10/13/2024,3200,NE,2120,HOU,home,1,2.9866993023508566,DOU259552,3200,Demario Douglas,D.Douglas,WR,https://static.www.nfl.com/image/private/{formatInstructions}/league/svnh61ottqtfmcqvnbj3,3,92,9,6,1,6,9,1,2.720316181073331,4.487777777777778,7.699999999999998
2024,REG,6,2024101303,59590,10/13/2024,3200,NE,2120,HOU,home,2,2.9866993023508566,HEN617052,3200,Hunter Henry,H.Henry,TE,https://static.www.nfl.com/image/private/{formatInstructions}/league/sdjob9akppefyo7py5tj,85,41,5,3,1,3,5,1,3.5025874128737136,9.995000000000001,6.789999999999999
2024,REG,6,2024101303,59590,10/13/2024,3200,NE,2120,HOU,home,3,2.9866993023508566,POL136646,3200,Ja'Lynn Polk,J.Polk,WR,https://static.www.nfl.com/image/upload/{formatInstructions}/league/jladubt1cwxq46uslmu9,1,4,4,1,0,1,4,0,1.767165369273131,5.865,10.369999999999997
2024,REG,6,2024101303,59590,10/13/2024,3200,NE,2120,HOU,home,4,2.9866993023508566,BOU482823,3200,Kayshon Boutte,K.Boutte,WR,https://static.www.nfl.com/image/private/{formatInstructions}/league/nz6t7jhx6erszovbv1bd,9,59,3,3,1,3,3,1,0.8297671136666255,3.936666666666666,18.74
2024,REG,6,2024101303,59590,10/13/2024,3200,NE,2120,HOU,home,5,2.9866993023508566,BOU434790,3200,Kendrick Bourne,K.Bourne,WR,https://static.www.nfl.com/image/private/{formatInstructions}/league/vrovcaqql9p6xsycko83,84,9,2,2,0,2,2,0,4.722592858176839,7.015000000000001,0.509999999999998
2024,REG,6,2024101303,59590,10/13/2024,3200,NE,2120,HOU,visitor,1,2.9866993023508566,DEL440817,2120,Tank Dell,T.Dell,WR,https://static.www.nfl.com/image/upload/{formatInstructions}/league/tqxgovzlhxj0jnwkcvtq,3,57,9,7,1,7,9,1,2.49300500925285,6.676666666666666,7.877777777777778
2024,REG,6,2024101303,59590,10/13/2024,3200,NE,2120,HOU,visitor,2,2.9866993023508566,SCH647271,2120,Dalton Schultz,D.Schultz,TE,https://static.www.nfl.com/image/upload/{formatInstructions}/league/ooatvpu1knzypdmjljo9,86,27,8,4,0,4,8,0,3.120580961532741,7.95,7.6625000000000005
2024,REG,6,2024101303,59590,10/13/2024,3200,NE,2120,HOU,visitor,3,2.9866993023508566,DIG218895,2120,Stefon Diggs,S.Diggs,WR,https://static.www.nfl.com/image/upload/{formatInstructions}/league/to2qwuffjnjlouctglsl,1,77,7,6,1,6,7,1,3.078331685827427,7.670000000000001,14.618571428571428
2024,REG,6,2024101303,59590,10/13/2024,3200,NE,2120,HOU,visitor,4,2.9866993023508566,HUT304546,2120,Xavier Hutchinson,X.Hutchinson,WR,https://static.www.nfl.com/image/upload/{formatInstructions}/league/vlxzxhej5ffelkxrqf4g,19,0,2,0,0,0,2,0,3.9719293621147473,5.835,5.265000000000001
2024,REG,6,2024101303,59590,10/13/2024,3200,NE,2120,HOU,visitor,5,2.9866993023508566,STO763332,2120,Cade Stover,C.Stover,TE,https://static.www.nfl.com/image/upload/{formatInstructions}/league/ehruudekjzjney5dircm,87,0,1,0,0,0,1,0,2.462600251766411,8.48,6.430000000000007
2024,REG,6,2024101304,59591,10/13/2024,3300,NO,4900,TB,home,1,2.9866993023508566,MEA763692,3300,Bub Means,B.Means,WR,https://static.www.nfl.com/image/upload/{formatInstructions}/league/zo2ojijv5b6bhy2fcjyk,16,45,8,5,1,5,8,1,2.768590179151122,5.46,9.416250000000002
2024,REG,6,2024101304,59591,10/13/2024,3300,NO,4900,TB,home,2,2.9866993023508566,SHA089447,3300,Rashid Shaheed,R.Shaheed,WR,https://static.www.nfl.com/image/upload/{formatInstructions}/league/mnaref4vwyau8mbsp0ri,22,11,7,1,0,1,7,0,2.3277261116591066,6.425714285714286,17.97142857142857
2024,REG,6,2024101304,59591,10/13/2024,3300,NO,4900,TB,home,3,2.9866993023508566,JOH398789,3300,Juwan Johnson,J.Johnson,TE,https://static.www.nfl.com/image/upload/{formatInstructions}/league/pdsl9w3agc9uvjqpq1jy,83,48,3,3,0,3,3,0,4.050266529512972,6.983333333333334,10.679999999999998
2024,REG,6,2024101304,59591,10/13/2024,3300,NO,4900,TB,home,4,2.9866993023508566,WIL656498,3300,Cedrick Wilson Jr.,C.Wilson,WR,https://static.www.nfl.com/image/upload/{formatInstructions}/league/vuolr6nwwbrwwc5ldt7f,11,28,3,2,0,2,3,0,4.800757230292832,6.083333333333333,8.860000000000001
2024,REG,6,2024101304,59591,10/13/2024,3300,NO,4900,TB,home,5,2.9866993023508566,MOR096402,3300,Foster Moreau,F.Moreau,TE,https://static.www.nfl.com/image/upload/{formatInstructions}/league/hfcik9okcbwsbhgoaljy,87,54,2,2,0,2,2,0,5.873398533712059,4.4,15.034999999999997
2024,REG,6,2024101304,59591,10/13/2024,3300,NO,4900,TB,visitor,1,2.9866993023508566,GOD549393,4900,Chris Godwin,C.Godwin,WR,https://static.www.nfl.com/image/upload/{formatInstructions}/league/al7b3dzqhysgve7l5lke,14,125,13,11,2,11,13,2,3.5347964070370077,7.550000000000001,3.520769230769232
2024,REG,6,2024101304,59591,10/13/2024,3300,NO,4900,TB,visitor,2,2.9866993023508566,OTT712400,4900,Cade Otton,C.Otton,TE,https://static.www.nfl.com/image/upload/{formatInstructions}/league/mljam77kst1wlqd5y91v,88,15,6,2,1,2,6,1,2.9115094986881886,8.5725,7.2299999999999995
2024,REG,6,2024101304,59591,10/13/2024,3300,NO,4900,TB,visitor,3,2.9866993023508566,EVA534309,4900,Mike Evans,M.Evans,WR,https://static.www.nfl.com/image/upload/{formatInstructions}/league/vfsaie1uiokfczwv9p4d,13,34,6,2,0,2,6,0,1.4736273563518687,6.63,14.033333333333333
2024,REG,6,2024101304,59591,10/13/2024,3300,NO,4900,TB,visitor,4,2.9866993023508566,SHE495754,4900,Sterling Shepard,S.Shepard,WR,https://static.www.nfl.com/image/upload/{formatInstructions}/league/dphqvpkeselgrselrvma,17,23,4,3,0,3,4,0,3.685198070131135,5.4625,6.2624999999999975
2024,REG,6,2024101304,59591,10/13/2024,3300,NO,4900,TB,visitor,5,2.9866993023508566,MIL545030,4900,Ryan Miller,R.Miller,WR,https://static.www.nfl.com/image/upload/{formatInstructions}/league/maywscb6waflzzuaesew,81,39,1,1,0,1,1,0,7.097330484062299,8.24,0.7399999999999949
2024,REG,6,2024101305,59592,10/13/2024,3700,PHI,1050,CLE,home,1,2.9866993023508566,BRO413223,3700,A.J. Brown,A.Brown,WR,https://static.www.nfl.com/image/private/{formatInstructions}/league/a014sgzctarbvhwb35lw,11,116,9,6,1,6,9,1,1.2650514209110326,3.1555555555555554,15.926666666666668
2024,REG,6,2024101305,59592,10/13/2024,3700,PHI,1050,CLE,home,2,2.9866993023508566,CAL069215,3700,Grant Calcaterra,G.Calcaterra,TE,https://static.www.nfl.com/image/upload/{formatInstructions}/league/vxl0kathuej280k01d2r,81,67,4,4,0,4,4,0,5.324892090336995,4.7475000000000005,5.545000000000002
2024,REG,6,2024101305,59592,10/13/2024,3700,PHI,1050,CLE,home,3,2.9866993023508566,SMI206016,3700,DeVonta Smith,D.Smith,WR,https://static.www.nfl.com/image/upload/{formatInstructions}/league/bmdflwy52nsk7zpnfhwb,6,64,4,3,1,3,4,1,4.9234729088923475,4.8975,7.66
2024,REG,6,2024101305,59592,10/13/2024,3700,PHI,1050,CLE,home,4,2.9866993023508566,DOT282798,3700,Jahan Dotson,J.Dotson,WR,https://static.www.nfl.com/image/upload/{formatInstructions}/league/myxhp9oqtcv1peactbhv,83,10,3,1,0,1,3,0,3.0694080370255326,4.84,15.566666666666668
2024,REG,6,2024101305,59592,10/13/2024,3700,PHI,1050,CLE,home,5,2.9866993023508566,GOE595520,3700,Dallas Goedert,D.Goedert,TE,https://static.www.nfl.com/image/upload/{formatInstructions}/league/wfj54vhw1zxwwb3vdi61,88,0,1,0,0,0,1,0,0.6435060217278469,8.34,12.219999999999999
2024,REG,6,2024101305,59592,10/13/2024,3700,PHI,1050,CLE,visitor,1,2.9866993023508566,NJO355964,1050,David Njoku,D.Njoku,TE,https://static.www.nfl.com/image/private/{formatInstructions}/league/ilvxwdllivrvwbuj69cm,85,31,7,5,0,5,7,0,3.0208786541399015,6.558333333333334,2.1442857142857146
2024,REG,6,2024101305,59592,10/13/2024,3700,PHI,1050,CLE,visitor,2,2.9866993023508566,COO487703,1050,Amari Cooper,A.Cooper,WR,https://static.www.nfl.com/image/private/{formatInstructions}/league/zibbxjtein7gpu5zgcj4,2,42,6,4,0,4,6,0,3.5221690722979724,5.430000000000001,5.994999999999998
2024,REG,6,2024101305,59592,10/13/2024,3700,PHI,1050,CLE,visitor,3,2.9866993023508566,JEU415291,1050,Jerry Jeudy,J.Jeudy,WR,https://static.www.nfl.com/image/upload/{formatInstructions}/league/szca1v9butuqkjs7ekpm,3,35,3,1,0,1,3,0,4.9248492465167075,4.166666666666667,25.52333333333333
2024,REG,6,2024101305,59592,10/13/2024,3700,PHI,1050,CLE,visitor,4,2.9866993023508566,DAR261346,1050,Jaelon Darden,J.Darden,WR,https://static.www.nfl.com/image/private/{formatInstructions}/league/tbuhqtdjd0h3kejsgxln,16,6,1,1,0,1,1,0,4.123360280159861,2.57,-2.269999999999996
2024,REG,6,2024101305,59592,10/13/2024,3700,PHI,1050,CLE,visitor,5,2.9866993023508566,MOO279723,1050,Elijah Moore,E.Moore,WR,https://static.www.nfl.com/image/private/{formatInstructions}/league/bhwvzckfhhcqhb7zdqyj,8,3,1,1,0,1,1,0,2.0437710243566896,,-0.39000000000000057
2024,REG,6,2024101306,59593,10/13/2024,2100,TEN,2200,IND,home,1,2.9866993023508566,RID652384,2100,Calvin Ridley,C.Ridley,WR,https://static.www.nfl.com/image/upload/{formatInstructions}/league/tmeij0cfgylmurfybs74,0,0,8,0,0,0,8,0,1.3843460492664135,6.75375,18.05375
2024,REG,6,2024101306,59593,10/13/2024,2100,TEN,2200,IND,home,2,2.9866993023508566,HOP161500,2100,DeAndre Hopkins,D.Hopkins,WR,https://static.www.nfl.com/image/upload/{formatInstructions}/league/mcoovpx81ao3cdn0igbj,10,54,6,4,0,4,6,0,3.7584682179847735,6.236000000000001,13.186666666666667
2024,REG,6,2024101306,59593,10/13/2024,2100,TEN,2200,IND,home,3,2.9866993023508566,BOY378353,2100,Tyler Boyd,T.Boyd,WR,https://static.www.nfl.com/image/upload/{formatInstructions}/league/ttifog0hjxprlhkagugu,83,19,3,3,0,3,3,0,4.099589636902063,3.99,0.28000000000000114
2024,REG,6,2024101306,59593,10/13/2024,2100,TEN,2200,IND,home,4,2.9866993023508566,OKO283611,2100,Chig Okonkwo,C.Okonkwo,TE,https://static.www.nfl.com/image/upload/{formatInstructions}/league/ut2gqeq2lowknrro0wlu,85,6,3,3,0,3,3,0,2.9091159372376842,9.969999999999999,-0.6466666666666683
2024,REG,6,2024101306,59593,10/13/2024,2100,TEN,2200,IND,home,5,2.9866993023508566,WES567220,2100,Nick Westbrook-Ikhine,N.Westbrook-Ikhine,WR,https://static.www.nfl.com/image/upload/{formatInstructions}/league/rt9ic9wzwl2pevlxt1nd,15,9,2,1,1,1,2,1,2.5635893256979463,7.355,11.940000000000005
2024,REG,6,2024101306,59593,10/13/2024,2100,TEN,2200,IND,visitor,1,2.9866993023508566,DOW686145,2200,Josh Downs,J.Downs,WR,https://static.www.nfl.com/image/upload/{formatInstructions}/league/zue2xxvfrignllqlhagu,1,66,9,7,0,7,9,1,3.7193268343713024,2.313333333333333,3.217777777777777
2024,REG,6,2024101306,59593,10/13/2024,2100,TEN,2200,IND,visitor,2,2.9866993023508566,PIT228050,2200,Michael Pittman,M.Pittman,WR,https://static.www.nfl.com/image/private/{formatInstructions}/league/wnymcombo2plamteihiy,11,35,5,3,1,3,5,1,2.323488370742255,5.384,9.516000000000002
2024,REG,6,2024101306,59593,10/13/2024,2100,TEN,2200,IND,visitor,3,2.9866993023508566,MIT056120,2200,Adonai Mitchell,A.Mitchell,WR,https://static.www.nfl.com/image/upload/{formatInstructions}/league/fztxucnxhoxep6utluyc,10,9,4,2,0,2,4,0,2.7250281040668836,3.07,7.487500000000001
2024,REG,6,2024101306,59593,10/13/2024,2100,TEN,2200,IND,visitor,4,2.9866993023508566,PIE185673,2200,Alec Pierce,A.Pierce,WR,https://static.www.nfl.com/image/upload/{formatInstructions}/league/hvtcpccoigf9cghzkxcg,14,0,4,0,0,0,4,0,2.208462435685386,4.93,25.5925
2024,REG,6,2024101306,59593,10/13/2024,2100,TEN,2200,IND,visitor,5,2.9866993023508566,ALI177980,2200,Mo Alie-Cox,M.Alie-Cox,TE,https://static.www.nfl.com/image/upload/{formatInstructions}/league/f4orwwthvtcyd3vfqjvs,81,41,4,4,0,4,4,0,5.001461253210399,7.493333333333333,5.652499999999998
2024,REG,6,2024101307,59594,10/13/2024,1400,DEN,4400,LAC,home,1,2.9866993023508566,VEL175757,1400,Devaughn Vele,D.Vele,WR,https://static.www.nfl.com/image/upload/{formatInstructions}/league/f2lz4vsh2daurrwdamzv,17,78,6,4,0,4,6,0,2.981641049804041,5.991666666666667,11.341666666666669
2024,REG,6,2024101307,59594,10/13/2024,1400,DEN,4400,LAC,home,2,2.9866993023508566,SUT333526,1400,Courtland Sutton,C.Sutton,WR,https://static.www.nfl.com/image/upload/{formatInstructions}/league/qts95gbd6hv65s9eiseq,14,53,6,4,1,4,6,1,2.7461391307926775,8.483333333333333,15.090000000000002
2024,REG,6,2024101307,59594,10/13/2024,1400,DEN,4400,LAC,home,3,2.9866993023508566,KRU507134,1400,Lucas Krull,L.Krull,TE,https://static.www.nfl.com/image/upload/{formatInstructions}/league/v3rdtydz7dh4s5oyzejs,85,11,4,2,0,2,4,0,2.2795264624624036,5.7,2.5625000000000018
2024,REG,6,2024101307,59594,10/13/2024,1400,DEN,4400,LAC,home,4,2.9866993023508566,FRA545210,1400,Troy Franklin,T.Franklin,WR,https://static.www.nfl.com/image/upload/{formatInstructions}/league/w429urxwxc8sw4bsbvxz,16,31,3,2,1,2,3,1,3.010209868276844,6.333333333333333,15.58
2024,REG,6,2024101307,59594,10/13/2024,1400,DEN,4400,LAC,home,5,2.9866993023508566,MIM654774,1400,Marvin Mims Jr.,M.Mims,WR,https://static.www.nfl.com/image/upload/{formatInstructions}/league/trvilnckw7nprw1gkghl,19,0,3,0,0,0,3,0,1.264638616533304,6.720000000000001,35.77
2024,REG,6,2024101307,59594,10/13/2024,1400,DEN,4400,LAC,visitor,1,2.9866993023508566,MCC512833,4400,Ladd McConkey,L.McConkey,WR,https://static.www.nfl.com/image/upload/{formatInstructions}/league/wcx39ialovvxxnvs2bke,15,43,8,4,0,4,8,0,2.5828102350132007,5.945714285714286,11.942499999999999
2024,REG,6,2024101307,59594,10/13/2024,1400,DEN,4400,LAC,visitor,2,2.9866993023508566,DIS743152,4400,Will Dissly,W.Dissly,TE,https://static.www.nfl.com/image/upload/{formatInstructions}/league/opdpeoconvviwkufolxr,81,26,5,4,0,4,5,0,2.003351759988764,4.163333333333333,1.195999999999998
2024,REG,6,2024101307,59594,10/13/2024,1400,DEN,4400,LAC,visitor,3,2.9866993023508566,JOH823261,4400,Quentin Johnston,Q.Johnston,WR,https://static.www.nfl.com/image/upload/{formatInstructions}/league/jbxlvsbokf9qdqtet1qr,1,22,4,3,0,3,4,0,2.8260810625021335,7.130000000000001,0.8324999999999996
2024,REG,6,2024101307,59594,10/13/2024,1400,DEN,4400,LAC,visitor,4,2.9866993023508566,FEH556867,4400,Simi Fehoko,S.Fehoko,WR,https://static.www.nfl.com/image/upload/{formatInstructions}/league/fcso2vvp9tgqjm30qmuq,87,44,4,2,0,2,4,0,0.9871768821473601,2.7875,18.245000000000005
2024,REG,6,2024101307,59594,10/13/2024,1400,DEN,4400,LAC,visitor,5,2.9866993023508566,PAL451625,4400,Josh Palmer,J.Palmer,WR,https://static.www.nfl.com/image/upload/{formatInstructions}/league/dexbsmmldvsqtr83or5l,5,38,3,2,0,2,3,0,2.8803516669450864,6.286666666666666,11.436666666666667
2024,REG,6,2024101308,59595,10/13/2024,2520,LV,3900,PIT,home,1,2.9866993023508566,BOW196560,2520,Brock Bowers,B.Bowers,TE,https://static.www.nfl.com/image/upload/{formatInstructions}/league/mjy86xh8munoiur4hejf,89,71,10,9,0,9,10,0,3.071118217911814,6.1370000000000005,4.5520000000000005
2024,REG,6,2024101308,59595,10/13/2024,2520,LV,3900,PIT,home,2,2.9866993023508566,BRY363372,2520,Harrison Bryant,H.Bryant,TE,https://static.www.nfl.com/image/upload/{formatInstructions}/league/jjarmcwkadvr7tynkpuj,84,24,5,3,0,3,5,0,3.922222768666818,5.025,3.2960000000000007
2024,REG,6,2024101308,59595,10/13/2024,2520,LV,3900,PIT,home,3,2.9866993023508566,TUR283150,2520,DJ Turner,D.Turner,WR,https://static.www.nfl.com/image/upload/{formatInstructions}/league/os5eurhh1y45sixa8phl,19,37,4,2,0,2,4,0,2.801625730412419,7.882499999999999,10.7275
2024,REG,6,2024101308,59595,10/13/2024,2520,LV,3900,PIT,home,4,2.9866993023508566,WIL078257,2520,Kristian Wilkerson,K.Wilkerson,WR,https://static.www.nfl.com/image/upload/{formatInstructions}/league/zhuu9xuvbxiy5xyofwxl,83,18,3,2,1,2,3,1,3.236754209237404,4.7733333333333325,5.546666666666664
2024,REG,6,2024101308,59595,10/13/2024,2520,LV,3900,PIT,home,5,2.9866993023508566,BAC323004,2520,Alex Bachman,A.Bachman,WR,https://static.www.nfl.com/image/upload/{formatInstructions}/league/cwpp03jqrvyacbjbzkxb,81,31,3,3,0,3,3,0,2.6629230295869792,7.34,6.726666666666667
2024,REG,6,2024101308,59595,10/13/2024,2520,LV,3900,PIT,visitor,1,2.9866993023508566,PIC576156,3900,George Pickens,G.Pickens,WR,https://static.www.nfl.com/image/upload/{formatInstructions}/league/klxzcb6p7ekngcognpiy,14,53,8,3,0,3,8,0,2.144865780233425,6.17875,14.94875
2024,REG,6,2024101308,59595,10/13/2024,2520,LV,3900,PIT,visitor,2,2.9866993023508566,AUS738004,3900,Calvin Austin III,C.Austin,WR,https://static.www.nfl.com/image/private/{formatInstructions}/league/qlt6ztqcbu0uzad6aavt,19,36,5,2,0,2,5,0,1.6796075897299556,7.4125,13.662
2024,REG,6,2024101308,59595,10/13/2024,2520,LV,3900,PIT,visitor,3,2.9866993023508566,FRE439769,3900,Pat Freiermuth,P.Freiermuth,TE,https://static.www.nfl.com/image/upload/{formatInstructions}/league/sozfjyy3bmntjv8tmqah,88,16,3,2,0,2,3,0,3.568873629594281,9.4,6.603333333333334
2024,REG,6,2024101308,59595,10/13/2024,2520,LV,3900,PIT,visitor,4,2.9866993023508566,HEY274236,3900,Connor Heyward,Co.Heyward,TE,https://static.www.nfl.com/image/upload/{formatInstructions}/league/b9bnasge2v2dtctdtqnf,83,4,1,1,0,1,1,0,7.813693108895437,6.82,1.9200000000000017
2024,REG,6,2024101308,59595,10/13/2024,2520,LV,3900,PIT,visitor,5,2.9866993023508566,WAS185860,3900,Darnell Washington,D.Washington,TE,https://static.www.nfl.com/image/upload/{formatInstructions}/league/i6bxioxqzrc9hepszyjf,80,9,1,1,0,1,1,0,7.580303424006189,10.45,2.1400000000000006
2024,REG,6,2024101309,59596,10/13/2024,0750,CAR,0200,ATL,home,1,2.9866993023508566,JOH000017,0750,Diontae Johnson,Di.Johnson,WR,https://static.www.nfl.com/image/upload/{formatInstructions}/league/syk5xhvwikwmbaplpm8k,5,78,10,6,1,6,10,1,2.019327698739512,6.462222222222222,9.720000000000002
2024,REG,6,2024101309,59596,10/13/2024,0750,CAR,0200,ATL,home,2,2.9866993023508566,SAN343203,0750,Ja'Tavion Sanders,J.Sanders,TE,https://static.www.nfl.com/image/upload/{formatInstructions}/league/egisbinbqmttmub4po1g,0,49,7,5,0,5,7,0,5.364158543845763,6.557499999999999,5.9628571428571435
2024,REG,6,2024101309,59596,10/13/2024,0750,CAR,0200,ATL,home,3,2.9866993023508566,LEG145351,0750,Xavier Legette,X.Legette,WR,https://static.www.nfl.com/image/upload/{formatInstructions}/league/a3etuvp3kqtwmtkioq8g,17,23,4,3,1,3,4,1,1.5898105878943163,8.675,16.36
2024,REG,6,2024101309,59596,10/13/2024,0750,CAR,0200,ATL,home,4,2.9866993023508566,COK451291,0750,Jalen Coker,J.Coker,WR,https://static.www.nfl.com/image/upload/{formatInstructions}/league/wk9xewrixauh09f71pqh,18,30,3,3,0,3,3,0,4.333969185639339,7.743333333333333,8.543333333333335
2024,REG,6,2024101309,59596,10/13/2024,0750,CAR,0200,ATL,home,5,2.9866993023508566,THO197015,0750,Ian Thomas,I.Thomas,TE,https://static.www.nfl.com/image/upload/{formatInstructions}/league/qrcffo16hdkcvxuvjppy,80,0,3,0,0,0,3,0,3.2228272907887168,4.16,7.543333333333332
2024,REG,6,2024101309,59596,10/13/2024,0750,CAR,0200,ATL,visitor,1,2.9866993023508566,LON013463,0200,Drake London,D.London,WR,https://static.www.nfl.com/image/upload/{formatInstructions}/league/wikjazqtt3uunjufgqrf,5,74,10,6,1,6,10,1,2.363274587269317,6.7457142857142856,8.781
2024,REG,6,2024101309,59596,10/13/2024,0750,CAR,0200,ATL,visitor,2,2.9866993023508566,PIT516805,0200,Kyle Pitts,K.Pitts,TE,https://static.www.nfl.com/image/upload/{formatInstructions}/league/t8ymqyhvv8i1r80jyhy2,8,70,5,3,0,3,5,0,3.4744295921776343,3.758,9.633999999999999
2024,REG,6,2024101309,59596,10/13/2024,0750,CAR,0200,ATL,visitor,3,2.9866993023508566,MOO076900,0200,Darnell Mooney,D.Mooney,WR,https://static.www.nfl.com/image/upload/{formatInstructions}/league/c1ixyspw0eshl3a2qrly,1,38,5,3,0,3,5,0,6.054879696068296,8.195,6.7620000000000005
2024,REG,6,2024101309,59596,10/13/2024,0750,CAR,0200,ATL,visitor,4,2.9866993023508566,MCC417118,0200,Ray-Ray McCloud,R.McCloud,WR,https://static.www.nfl.com/image/upload/{formatInstructions}/league/nvwn3sdihyyd2itjt7vy,34,30,4,3,0,3,4,0,0.9100876069668691,9.826666666666666,8.5
2024,REG,6,2024101310,59597,10/13/2024,1200,DAL,1540,DET,home,1,2.9866993023508566,LAM138457,1200,CeeDee Lamb,C.Lamb,WR,https://static.www.nfl.com/image/upload/{formatInstructions}/league/tfuj9njqdw2dovkwhryc,88,89,14,7,0,7,14,0,3.0244569070894656,4.890769230769231,8.644285714285713
2024,REG,6,2024101310,59597,10/13/2024,1200,DAL,1540,DET,home,2,2.9866993023508566,TUR785436,1200,KaVontae Turpin,K.Turpin,WR,https://static.www.nfl.com/image/upload/{formatInstructions}/league/lwkox2bvc6k3hqmidf4q,9,24,7,4,0,4,7,0,2.6106937510913113,4.933333333333333,7.314285714285715
2024,REG,6,2024101310,59597,10/13/2024,1200,DAL,1540,DET,home,3,2.9866993023508566,BRO124672,1200,Jalen Brooks,J.Brooks,WR,https://static.www.nfl.com/image/upload/{formatInstructions}/league/jdwbrmypfsotpdw86w6u,83,15,6,1,0,1,6,0,1.8192083573448816,3.748333333333333,9.57
2024,REG,6,2024101310,59597,10/13/2024,1200,DAL,1540,DET,home,4,2.9866993023508566,TOL148914,1200,Jalen Tolbert,J.Tolbert,WR,https://static.www.nfl.com/image/upload/{formatInstructions}/league/cek1m1cbly5rfmmmjpcc,1,43,5,4,0,4,5,0,2.1621914645602507,4.886000000000001,14.252
2024,REG,6,2024101310,59597,10/13/2024,1200,DAL,1540,DET,home,5,2.9866993023508566,FER146119,1200,Jake Ferguson,J.Ferguson,TE,https://static.www.nfl.com/image/upload/{formatInstructions}/league/lbvrn1ibwszd6tzgh6o1,87,11,4,3,0,3,4,0,3.255223531600712,7.5,6.767500000000002
2024,REG,6,2024101310,59597,10/13/2024,1200,DAL,1540,DET,visitor,1,2.9866993023508566,RAY748263,1540,Kalif Raymond,K.Raymond,WR,https://static.www.nfl.com/image/upload/{formatInstructions}/league/hogsyuf9rqnzydmhbsht,11,73,6,4,0,4,6,0,5.242689445933329,7.863333333333333,10.273333333333335
2024,REG,6,2024101310,59597,10/13/2024,1200,DAL,1540,DET,visitor,2,2.9866993023508566,STB415291,1540,Amon-Ra St. Brown,A.St. Brown,WR,https://static.www.nfl.com/image/upload/{formatInstructions}/league/jmfuamqblg8jag0stpnq,14,37,4,4,1,4,4,1,4.018134169898871,6.515,4.985
2024,REG,6,2024101310,59597,10/13/2024,1200,DAL,1540,DET,visitor,3,2.9866993023508566,WIL344909,1540,Jameson Williams,J.Williams,WR,https://static.www.nfl.com/image/upload/{formatInstructions}/league/kt6xzcnjbe9affdfsayt,9,76,4,3,1,3,4,1,2.968057108078482,4.013333333333333,15.575000000000001
2024,REG,6,2024101310,59597,10/13/2024,1200,DAL,1540,DET,visitor,4,2.9866993023508566,PAT283375,1540,Tim Patrick,T.Patrick,WR,https://static.www.nfl.com/image/upload/{formatInstructions}/league/tsbe7jbwmgzby45hnb3j,17,68,3,3,0,3,3,0,3.6723485784429477,5.170000000000001,19.333333333333332
2024,REG,6,2024101310,59597,10/13/2024,1200,DAL,1540,DET,visitor,5,2.9866993023508566,WRI121125,1540,Brock Wright,B.Wright,TE,https://static.www.nfl.com/image/upload/{formatInstructions}/league/irowew9hgqaa9vcd8fri,89,0,1,0,0,0,1,0,2.8602797066021353,5.82,19.189999999999998
2024,REG,6,2024101311,59598,10/13/2024,3410,NYG,0920,CIN,home,1,2.9866993023508566,SLA500077,3410,Darius Slayton,D.Slayton,WR,https://static.www.nfl.com/image/upload/{formatInstructions}/league/zhm6evj813ucss03ndlx,86,57,11,6,0,6,11,0,2.398450301185493,4.336363636363637,9.274545454545454
2024,REG,6,2024101311,59598,10/13/2024,3410,NYG,0920,CIN,home,2,2.9866993023508566,ROB717726,3410,Wan'Dale Robinson,W.Robinson,WR,https://static.www.nfl.com/image/upload/{formatInstructions}/league/z94hnehk9vgmvtad6sgi,17,50,11,5,0,5,11,0,3.5784696494366,6.331111111111111,5.634545454545453
2024,REG,6,2024101311,59598,10/13/2024,3410,NYG,0920,CIN,home,3,2.9866993023508566,HYA420916,3410,Jalin Hyatt,J.Hyatt,WR,https://static.www.nfl.com/image/private/{formatInstructions}/league/ibftqfglvcqaipfdnr4f,13,6,4,1,0,1,4,0,2.0776193682506188,3.6325,16.4425
2024,REG,6,2024101311,59598,10/13/2024,3410,NYG,0920,CIN,home,4,2.9866993023508566,JOH679524,3410,Theo Johnson,T.Johnson,TE,https://static.www.nfl.com/image/upload/{formatInstructions}/league/gljwzcxubvoqjxwnakze,84,30,3,3,0,3,3,0,7.775604208491855,11.86,3.626666666666665
2024,REG,6,2024101311,59598,10/13/2024,3410,NYG,0920,CIN,home,5,2.9866993023508566,HOD537222,3410,Isaiah Hodgins,I.Hodgins,WR,https://static.www.nfl.com/image/upload/{formatInstructions}/league/gc1gaxelm41o1luldpek,18,5,1,1,0,1,1,0,1.5585891055695276,7.8,4.299999999999997
2024,REG,6,2024101311,59598,10/13/2024,3410,NYG,0920,CIN,visitor,1,2.9866993023508566,HIG387791,0920,Tee Higgins,T.Higgins,WR,https://static.www.nfl.com/image/upload/{formatInstructions}/league/swqgkrdmjecz3vumrex5,5,77,7,7,0,7,7,0,3.6685456307607685,5.045714285714285,6.0514285714285725
2024,REG,6,2024101311,59598,10/13/2024,3410,NYG,0920,CIN,visitor,2,2.9866993023508566,CHA694469,0920,Ja'Marr Chase,J.Chase,WR,https://static.www.nfl.com/image/upload/{formatInstructions}/league/qkcb3qt2fhasfgtfuprd,1,72,6,5,0,5,6,0,3.801138343137971,5.1675,8.309999999999997
2024,REG,6,2024101311,59598,10/13/2024,3410,NYG,0920,CIN,visitor,3,2.9866993023508566,ALL004828,0920,Erick All,E.All,TE,https://static.www.nfl.com/image/upload/{formatInstructions}/league/ifkhcxze7lnxkpzjvsmk,83,10,3,2,0,2,3,0,2.490192379825891,3.955,1.7399999999999995
2024,REG,6,2024101311,59598,10/13/2024,3410,NYG,0920,CIN,visitor,4,2.9866993023508566,IOS307886,0920,Andrei Iosivas,A.Iosivas,WR,https://static.www.nfl.com/image/upload/{formatInstructions}/league/pgbqgzrxmbnmpcnkhsya,80,36,3,2,0,2,3,0,3.4113907941663597,5.883333333333333,15.923333333333332
2024,REG,6,2024101400,59599,10/14/2024,3430,NYJ,0610,BUF,home,1,2.9866993023508566,WIL691962,3430,Garrett Wilson,G.Wilson,WR,https://static.www.nfl.com/image/private/{formatInstructions}/league/llgosx4tokddwnyrgvbx,5,107,10,8,1,8,10,1,3.312603942136586,3.9177777777777774,8.136999999999999
2024,REG,6,2024101400,59599,10/14/2024,3430,NYJ,0610,BUF,home,2,2.9866993023508566,LAZ043714,3430,Allen Lazard,A.Lazard,WR,https://static.www.nfl.com/image/private/{formatInstructions}/league/blrzk3bfnpneuyhsqiqg,10,114,7,6,1,6,7,1,2.251338745580715,5.282857142857144,15.544285714285715
2024,REG,6,2024101400,59599,10/14/2024,3430,NYJ,0610,BUF,home,3,2.9866993023508566,RUC675714,3430,Jeremy Ruckert,J.Ruckert,TE,https://static.www.nfl.com/image/private/{formatInstructions}/league/w6bf97vbqitoyo5o7xaa,89,7,3,2,0,2,3,0,2.5036727099564526,8.19,1.8933333333333355
2024,REG,6,2024101400,59599,10/14/2024,3430,NYJ,0610,BUF,home,4,2.9866993023508566,CON185250,3430,Tyler Conklin,T.Conklin,TE,https://static.www.nfl.com/image/upload/{formatInstructions}/league/chajhumpfogd8effewe6,83,10,3,2,0,2,3,0,9.082124556657924,2.75,-1.0399999999999991
2024,REG,6,2024101400,59599,10/14/2024,3430,NYJ,0610,BUF,home,5,2.9866993023508566,WIL000009,3430,Mike Williams,M.Williams,WR,https://static.www.nfl.com/image/upload/{formatInstructions}/league/g38aikrr9weo8h1xpehu,18,0,3,0,0,0,3,0,2.3544575885245815,5.8066666666666675,20.216666666666665
2024,REG,6,2024101400,59599,10/14/2024,3430,NYJ,0610,BUF,visitor,1,2.9866993023508566,KIN069130,0610,Dalton Kincaid,D.Kincaid,TE,https://static.www.nfl.com/image/upload/{formatInstructions}/league/rsimqxdfwlb1n9qd4w3g,86,51,7,6,0,6,7,0,3.7979245616951696,7.04,3.818571428571428
2024,REG,6,2024101400,59599,10/14/2024,3430,NYJ,0610,BUF,visitor,2,2.9866993023508566,SAM633285,0610,Curtis Samuel,C.Samuel,WR,https://static.www.nfl.com/image/upload/{formatInstructions}/league/mq62ulflifrpjrcyknbj,1,44,4,3,0,3,4,0,3.19259619361373,4.626666666666666,13.187499999999998
2024,REG,6,2024101400,59599,10/14/2024,3430,NYJ,0610,BUF,visitor,3,2.9866993023508566,COL295571,0610,Keon Coleman,K.Coleman,WR,https://static.www.nfl.com/image/upload/{formatInstructions}/league/ipwpdgb0cm3xy3d8zu1l,0,26,4,3,0,3,4,0,2.597829289855353,4.6475,8.487499999999997
2024,REG,6,2024101400,59599,10/14/2024,3430,NYJ,0610,BUF,visitor,4,2.9866993023508566,HOL280459,0610,Mack Hollins,M.Hollins,WR,https://static.www.nfl.com/image/upload/{formatInstructions}/league/xchw7quzjszgrm6psbyg,13,8,2,1,1,1,2,1,1.45097656086548,2.3200000000000003,10.96
2024,REG,6,2024101400,59599,10/14/2024,3430,NYJ,0610,BUF,visitor,5,2.9866993023508566,SHA107427,0610,Khalil Shakir,K.Shakir,WR,https://static.www.nfl.com/image/upload/{formatInstructions}/league/ch2yarhiobqlvr9ls2yw,10,19,2,2,0,2,2,0,5.429276457272536,4.205,4.604999999999999
2024,REG,7,2024101700,59600,10/17/2024,3300,NO,1400,DEN,home,1,2.9866993023508566,TIP628557,3300,Mason Tipton,M.Tipton,WR,https://static.www.nfl.com/image/upload/{formatInstructions}/league/ldzn20eu15intdsolw9i,84,45,9,6,0,6,9,0,3.862490461296534,6.74,12.240000000000002
2024,REG,7,2024101700,59600,10/17/2024,3300,NO,1400,DEN,home,2,2.9866993023508566,WIL656498,3300,Cedrick Wilson Jr.,C.Wilson,WR,https://static.www.nfl.com/image/upload/{formatInstructions}/league/vuolr6nwwbrwwc5ldt7f,11,57,7,6,1,6,7,1,3.1643933702441833,4.768571428571429,6.244285714285715
2024,REG,7,2024101700,59600,10/17/2024,3300,NO,1400,DEN,home,3,2.9866993023508566,JOH398789,3300,Juwan Johnson,J.Johnson,TE,https://static.www.nfl.com/image/upload/{formatInstructions}/league/pdsl9w3agc9uvjqpq1jy,83,18,6,3,0,3,6,0,2.8067016989536966,2.596,5.1383333333333345
2024,REG,7,2024101700,59600,10/17/2024,3300,NO,1400,DEN,home,4,2.9866993023508566,MEA763692,3300,Bub Means,B.Means,WR,https://static.www.nfl.com/image/upload/{formatInstructions}/league/zo2ojijv5b6bhy2fcjyk,16,37,5,3,0,3,5,0,3.1989436122783173,2.614,12.282
2024,REG,7,2024101700,59600,10/17/2024,3300,NO,1400,DEN,home,5,2.9866993023508566,MOR096402,3300,Foster Moreau,F.Moreau,TE,https://static.www.nfl.com/image/upload/{formatInstructions}/league/hfcik9okcbwsbhgoaljy,87,38,2,2,0,2,2,0,5.141089840425134,6.05,10.494999999999997
2024,REG,7,2024101700,59600,10/17/2024,3300,NO,1400,DEN,visitor,1,2.9866993023508566,FRA545210,1400,Troy Franklin,T.Franklin,WR,https://static.www.nfl.com/image/upload/{formatInstructions}/league/w429urxwxc8sw4bsbvxz,16,50,6,5,0,5,6,0,5.469260797475365,4.0520000000000005,8.226666666666668
2024,REG,7,2024101700,59600,10/17/2024,3300,NO,1400,DEN,visitor,2,2.9866993023508566,KRU507134,1400,Lucas Krull,L.Krull,TE,https://static.www.nfl.com/image/upload/{formatInstructions}/league/v3rdtydz7dh4s5oyzejs,85,41,4,3,0,3,4,0,5.824988969753063,6.436666666666667,10.972499999999998
2024,REG,7,2024101700,59600,10/17/2024,3300,NO,1400,DEN,visitor,3,2.9866993023508566,VEL175757,1400,Devaughn Vele,D.Vele,WR,https://static.www.nfl.com/image/upload/{formatInstructions}/league/f2lz4vsh2daurrwdamzv,17,20,3,1,0,1,3,0,1.7029007370261855,6.533333333333334,10.459999999999999
2024,REG,7,2024101700,59600,10/17/2024,3300,NO,1400,DEN,visitor,4,2.9866993023508566,TRA447732,1400,Adam Trautman,A.Trautman,TE,https://static.www.nfl.com/image/upload/{formatInstructions}/league/qvqigum2qjhil0z3er2c,82,0,3,0,0,0,3,0,7.60353546542414,4.779999999999999,3.956666666666667
2024,REG,7,2024101700,59600,10/17/2024,3300,NO,1400,DEN,visitor,5,2.9866993023508566,MIM654774,1400,Marvin Mims Jr.,M.Mims,WR,https://static.www.nfl.com/image/upload/{formatInstructions}/league/trvilnckw7nprw1gkghl,19,18,3,2,0,2,3,0,5.201315030595237,9.6,4.576666666666665
2024,REG,7,2024102000,59601,10/20/2024,2250,JAX,3200,NE,home,1,2.9866993023508566,THO419793,2250,Brian Thomas Jr.,B.Thomas,WR,https://static.www.nfl.com/image/upload/{formatInstructions}/league/gsz15iz0ppibhslzzgch,7,89,5,5,0,5,5,1,3.6138839971603387,6.4799999999999995,11.724000000000002
2024,REG,7,2024102000,59601,10/20/2024,2250,JAX,3200,NE,home,2,2.9866993023508566,ENG726325,2250,Evan Engram,E.Engram,TE,https://static.www.nfl.com/image/upload/{formatInstructions}/league/sea0atk2feif4n75dvq8,17,35,5,5,0,5,5,0,6.060515349684947,9.396666666666667,1.8439999999999983
2024,REG,7,2024102000,59601,10/20/2024,2250,JAX,3200,NE,home,3,2.9866993023508566,KIR257918,2250,Christian Kirk,C.Kirk,WR,https://static.www.nfl.com/image/private/{formatInstructions}/league/ersmmtjmjlpsy9lmjvde,13,24,3,1,0,1,3,0,1.7408268790058925,4.803333333333334,11.339999999999998
2024,REG,7,2024102000,59601,10/20/2024,2250,JAX,3200,NE,home,4,2.9866993023508566,DAV329675,2250,Gabe Davis,G.Davis,WR,https://static.www.nfl.com/image/upload/{formatInstructions}/league/rlmgjtfct5qjtbwcjqg6,0,13,2,1,0,1,2,0,1.7449325624730019,5.825,10.99
2024,REG,7,2024102000,59601,10/20/2024,2250,JAX,3200,NE,visitor,1,2.9866993023508566,HEN617052,3200,Hunter Henry,H.Henry,TE,https://static.www.nfl.com/image/private/{formatInstructions}/league/sdjob9akppefyo7py5tj,85,92,9,8,0,8,9,0,3.0630082993086187,5.58,11.071111111111113
2024,REG,7,2024102000,59601,10/20/2024,2250,JAX,3200,NE,visitor,2,2.9866993023508566,HOO570770,3200,Austin Hooper,A.Hooper,TE,https://static.www.nfl.com/image/upload/{formatInstructions}/league/hj0ybtjspne3t1cso961,81,32,5,4,0,4,5,0,4.4951001209355805,5.653333333333333,5.85
2024,REG,7,2024102000,59601,10/20/2024,2250,JAX,3200,NE,visitor,3,2.9866993023508566,DOU259552,3200,Demario Douglas,D.Douglas,WR,https://static.www.nfl.com/image/private/{formatInstructions}/league/svnh61ottqtfmcqvnbj3,3,14,3,2,0,2,3,0,3.4510401248254716,7.825,3.3733333333333326
2024,REG,7,2024102000,59601,10/20/2024,2250,JAX,3200,NE,visitor,4,2.9866993023508566,POL136646,3200,Ja'Lynn Polk,J.Polk,WR,https://static.www.nfl.com/image/upload/{formatInstructions}/league/jladubt1cwxq46uslmu9,1,0,3,0,0,0,3,0,1.1895892946750009,5.343333333333333,16.883333333333336
2024,REG,7,2024102000,59601,10/20/2024,2250,JAX,3200,NE,visitor,5,2.9866993023508566,OSB109755,3200,K.J. Osborn,K.Osborn,WR,https://static.www.nfl.com/image/upload/{formatInstructions}/league/sbz79g8kzinzebiwzauv,2,26,3,2,1,2,3,1,3.85384417279111,7.256666666666667,6.773333333333333
2024,REG,7,2024102001,59602,10/20/2024,0200,ATL,4600,SEA,home,1,2.9866993023508566,PIT516805,0200,Kyle Pitts,K.Pitts,TE,https://static.www.nfl.com/image/upload/{formatInstructions}/league/t8ymqyhvv8i1r80jyhy2,8,65,9,7,0,7,9,0,4.572693943197451,8.075,7.412222222222222
2024,REG,7,2024102001,59602,10/20/2024,0200,ATL,4600,SEA,home,2,2.9866993023508566,LON013463,0200,Drake London,D.London,WR,https://static.www.nfl.com/image/upload/{formatInstructions}/league/wikjazqtt3uunjufgqrf,5,63,8,6,1,6,8,1,1.9924715207151145,6.9557142857142855,10.266250000000001
2024,REG,7,2024102001,59602,10/20/2024,0200,ATL,4600,SEA,home,3,2.9866993023508566,MOO076900,0200,Darnell Mooney,D.Mooney,WR,https://static.www.nfl.com/image/upload/{formatInstructions}/league/c1ixyspw0eshl3a2qrly,1,46,8,5,0,5,8,0,2.1225734143359367,7.07,8.963749999999997
2024,REG,7,2024102001,59602,10/20/2024,0200,ATL,4600,SEA,home,4,2.9866993023508566,MCC417118,0200,Ray-Ray McCloud,R.McCloud,WR,https://static.www.nfl.com/image/upload/{formatInstructions}/league/nvwn3sdihyyd2itjt7vy,34,9,4,2,0,2,4,0,4.080053981097027,5.13,9.575
2024,REG,7,2024102001,59602,10/20/2024,0200,ATL,4600,SEA,home,5,2.9866993023508566,WAS075963,0200,Casey Washington,Cas.Washington,WR,https://static.www.nfl.com/image/upload/{formatInstructions}/league/iprpih0l2lfosxoik7j3,82,14,1,1,0,1,1,0,4.345871604177929,8.4,3.6599999999999966
2024,REG,7,2024102001,59602,10/20/2024,0200,ATL,4600,SEA,visitor,1,2.9866993023508566,MET363377,4600,DK Metcalf,D.Metcalf,WR,https://static.www.nfl.com/image/upload/{formatInstructions}/league/ezpzdcvzlu5ga4uv6oas,14,99,7,4,1,4,7,1,2.650565059492927,6.6571428571428575,21.422857142857143
2024,REG,7,2024102001,59602,10/20/2024,0200,ATL,4600,SEA,visitor,2,2.9866993023508566,LOC420915,4600,Tyler Lockett,T.Lockett,WR,https://static.www.nfl.com/image/upload/{formatInstructions}/league/yz9p4pfwr0iyakhnwj4z,16,45,6,4,0,4,6,0,1.581937159340854,7.073333333333333,16.806666666666665
2024,REG,7,2024102001,59602,10/20/2024,0200,ATL,4600,SEA,visitor,3,2.9866993023508566,SMI829636,4600,Jaxon Smith-Njigba,J.Smith-Njigba,WR,https://static.www.nfl.com/image/upload/{formatInstructions}/league/lfroslgx4bo5p641flvg,11,9,6,3,0,3,6,0,3.2768710526528593,9.351666666666667,8.836666666666668
2024,REG,7,2024102001,59602,10/20/2024,0200,ATL,4600,SEA,visitor,4,2.9866993023508566,FAN405165,4600,Noah Fant,N.Fant,TE,https://static.www.nfl.com/image/private/{formatInstructions}/league/w1gqasldrg3jumzdqjvy,87,65,4,4,0,4,4,0,5.582196720860457,7.996666666666667,6.702499999999999
2024,REG,7,2024102001,59602,10/20/2024,0200,ATL,4600,SEA,visitor,5,2.9866993023508566,BAR235889,4600,AJ Barner,A.Barner,TE,https://static.www.nfl.com/image/upload/{formatInstructions}/league/msnzbeyjoemcas9dm8vt,88,5,1,1,0,1,1,0,4.635968075817606,,4.310000000000002
2024,REG,7,2024102002,59603,10/20/2024,0610,BUF,2100,TEN,home,1,2.9866993023508566,COL295571,0610,Keon Coleman,K.Coleman,WR,https://static.www.nfl.com/image/upload/{formatInstructions}/league/ipwpdgb0cm3xy3d8zu1l,0,125,7,4,0,4,7,0,2.541243238829666,2.367142857142857,13.188571428571427
2024,REG,7,2024102002,59603,10/20/2024,0610,BUF,2100,TEN,home,2,2.9866993023508566,SHA107427,0610,Khalil Shakir,K.Shakir,WR,https://static.www.nfl.com/image/upload/{formatInstructions}/league/ch2yarhiobqlvr9ls2yw,10,65,7,7,0,7,7,0,3.55356622368825,6.133333333333334,0.4214285714285723
2024,REG,7,2024102002,59603,10/20/2024,0610,BUF,2100,TEN,home,3,2.9866993023508566,KIN069130,0610,Dalton Kincaid,D.Kincaid,TE,https://static.www.nfl.com/image/upload/{formatInstructions}/league/rsimqxdfwlb1n9qd4w3g,86,52,6,3,0,3,6,0,1.228548625172942,4.2700000000000005,12.213333333333333
2024,REG,7,2024102002,59603,10/20/2024,0610,BUF,2100,TEN,home,4,2.9866993023508566,COO487703,0610,Amari Cooper,A.Cooper,WR,https://static.www.nfl.com/image/upload/{formatInstructions}/league/zmtzqznqui37unmo5xv9,18,66,5,4,1,4,5,1,1.8913019007019514,5.5280000000000005,12.778
2024,REG,7,2024102002,59603,10/20/2024,0610,BUF,2100,TEN,home,5,2.9866993023508566,KNO490795,0610,Dawson Knox,D.Knox,TE,https://static.www.nfl.com/image/upload/{formatInstructions}/league/uazfj5l5vzow2oyfa1s6,88,5,3,1,0,1,3,0,0.8973456768079359,2.8466666666666662,13.620000000000003
2024,REG,7,2024102002,59603,10/20/2024,0610,BUF,2100,TEN,visitor,1,2.9866993023508566,RID652384,2100,Calvin Ridley,C.Ridley,WR,https://static.www.nfl.com/image/upload/{formatInstructions}/league/tmeij0cfgylmurfybs74,0,42,9,3,0,3,9,0,4.389258773753788,6.614285714285714,13.654444444444445
2024,REG,7,2024102002,59603,10/20/2024,0610,BUF,2100,TEN,visitor,2,2.9866993023508566,BOY378353,2100,Tyler Boyd,T.Boyd,WR,https://static.www.nfl.com/image/upload/{formatInstructions}/league/ttifog0hjxprlhkagugu,83,43,5,5,0,5,5,0,1.7280038096526447,6.283333333333334,5.95
2024,REG,7,2024102002,59603,10/20/2024,0610,BUF,2100,TEN,visitor,3,2.9866993023508566,WHY207645,2100,Josh Whyle,J.Whyle,TE,https://static.www.nfl.com/image/upload/{formatInstructions}/league/ccstvnbjzprcpb2j9xnb,81,34,4,3,0,3,4,0,4.741220104073959,9.79,2.5175
2024,REG,7,2024102002,59603,10/20/2024,0610,BUF,2100,TEN,visitor,4,2.9866993023508566,OKO283611,2100,Chig Okonkwo,C.Okonkwo,TE,https://static.www.nfl.com/image/upload/{formatInstructions}/league/ut2gqeq2lowknrro0wlu,85,50,4,4,0,4,4,0,2.7664384701068245,9.546666666666667,9.952499999999999
2024,REG,7,2024102002,59603,10/20/2024,0610,BUF,2100,TEN,visitor,5,2.9866993023508566,WES567220,2100,Nick Westbrook-Ikhine,N.Westbrook-Ikhine,WR,https://static.www.nfl.com/image/upload/{formatInstructions}/league/rt9ic9wzwl2pevlxt1nd,15,10,4,2,1,2,4,1,0.9673183462947279,5.58,7.609999999999999
2024,REG,7,2024102003,59604,10/20/2024,1050,CLE,0920,CIN,home,1,2.9866993023508566,NJO355964,1050,David Njoku,D.Njoku,TE,https://static.www.nfl.com/image/private/{formatInstructions}/league/ilvxwdllivrvwbuj69cm,85,76,14,10,1,10,14,1,3.6110760743983974,6.67,5.076428571428571
2024,REG,7,2024102003,59604,10/20/2024,1050,CLE,0920,CIN,home,2,2.9866993023508566,TIL377067,1050,Cedric Tillman,C.Tillman,WR,https://static.www.nfl.com/image/upload/{formatInstructions}/league/fp371fgk45btt01uvucq,19,81,12,8,0,8,12,0,3.513194164617016,7.358181818181818,10.373333333333335
2024,REG,7,2024102003,59604,10/20/2024,1050,CLE,0920,CIN,home,3,2.9866993023508566,JEU415291,1050,Jerry Jeudy,J.Jeudy,WR,https://static.www.nfl.com/image/upload/{formatInstructions}/league/szca1v9butuqkjs7ekpm,3,18,6,1,0,1,6,0,3.2020128288975145,6.453333333333333,15.584999999999999
2024,REG,7,2024102003,59604,10/20/2024,1050,CLE,0920,CIN,home,4,2.9866993023508566,MOO279723,1050,Elijah Moore,E.Moore,WR,https://static.www.nfl.com/image/private/{formatInstructions}/league/bhwvzckfhhcqhb7zdqyj,8,41,6,6,0,6,6,0,6.689049529297017,7.216666666666666,3.179999999999998
2024,REG,7,2024102003,59604,10/20/2024,1050,CLE,0920,CIN,home,5,2.9866993023508566,AKI501776,1050,Jordan Akins,J.Akins,TE,https://static.www.nfl.com/image/private/{formatInstructions}/league/fgkl9zfpy2yxrkxfge84,88,42,4,4,0,4,4,0,6.303525053441837,6.94,6.6899999999999995
2024,REG,7,2024102003,59604,10/20/2024,1050,CLE,0920,CIN,visitor,1,2.9866993023508566,HIG387791,0920,Tee Higgins,T.Higgins,WR,https://static.www.nfl.com/image/upload/{formatInstructions}/league/swqgkrdmjecz3vumrex5,5,82,8,4,1,4,8,1,2.351027489212768,7.1137500000000005,14.617500000000001
2024,REG,7,2024102003,59604,10/20/2024,1050,CLE,0920,CIN,visitor,2,2.9866993023508566,CHA694469,0920,Ja'Marr Chase,J.Chase,WR,https://static.www.nfl.com/image/upload/{formatInstructions}/league/qkcb3qt2fhasfgtfuprd,1,55,6,5,1,5,6,1,3.5926614131666397,6.555,11.045000000000002
2024,REG,7,2024102003,59604,10/20/2024,1050,CLE,0920,CIN,visitor,3,2.9866993023508566,HUD753368,0920,Tanner Hudson,T.Hudson,TE,https://static.www.nfl.com/image/upload/{formatInstructions}/league/fbtxfvqvgv0al8msbr1e,87,0,1,0,0,0,1,0,0.9413288479590943,9.24,27.769999999999996
2024,REG,7,2024102003,59604,10/20/2024,1050,CLE,0920,CIN,visitor,4,2.9866993023508566,ALL004828,0920,Erick All,E.All,TE,https://static.www.nfl.com/image/upload/{formatInstructions}/league/ifkhcxze7lnxkpzjvsmk,83,0,1,0,0,0,1,0,3.074166553718262,4.23,-1.9799999999999969
2024,REG,7,2024102003,59604,10/20/2024,1050,CLE,0920,CIN,visitor,5,2.9866993023508566,SAM093961,0920,Drew Sample,D.Sample,TE,https://static.www.nfl.com/image/upload/{formatInstructions}/league/xufsbdqfujdqnrnozhg4,89,0,1,0,0,0,1,0,1.4012851244482745,,3.1199999999999974
2024,REG,7,2024102004,59605,10/20/2024,1800,GB,2120,HOU,home,1,2.9866993023508566,DOU043165,1800,Romeo Doubs,R.Doubs,WR,https://static.www.nfl.com/image/upload/{formatInstructions}/league/dyulbddqbqshoqdxgo63,87,94,10,8,0,8,10,0,2.0661200882530255,7.335000000000001,11.690000000000001
2024,REG,7,2024102004,59605,10/20/2024,1800,GB,2120,HOU,home,2,2.9866993023508566,WIC622867,1800,Dontayvion Wicks,D.Wicks,WR,https://static.www.nfl.com/image/upload/{formatInstructions}/league/ghsev2bmz8kvhm8dsbey,13,48,6,3,1,3,6,1,2.4113866263400885,7.895999999999999,13.706666666666669
2024,REG,7,2024102004,59605,10/20/2024,1800,GB,2120,HOU,home,3,2.9866993023508566,KRA144054,1800,Tucker Kraft,T.Kraft,TE,https://static.www.nfl.com/image/upload/{formatInstructions}/league/klrmgekdzx1ywjjmixp7,85,33,4,3,1,3,4,1,2.505929539043622,8.155,7.6925
2024,REG,7,2024102004,59605,10/20/2024,1800,GB,2120,HOU,home,4,2.9866993023508566,REE263142,1800,Jayden Reed,J.Reed,WR,https://static.www.nfl.com/image/upload/{formatInstructions}/league/blh2tfg9qjthqo2g6ot4,11,10,4,2,0,2,4,0,3.3039451423449093,7.919999999999999,8.252500000000003
2024,REG,7,2024102004,59605,10/20/2024,1800,GB,2120,HOU,home,5,2.9866993023508566,WAT316591,1800,Christian Watson,C.Watson,WR,https://static.www.nfl.com/image/upload/{formatInstructions}/league/qenktpex0mep8er8dzxj,9,9,2,1,0,1,2,0,0.975405812482805,9.114999999999998,14.785
2024,REG,7,2024102004,59605,10/20/2024,1800,GB,2120,HOU,visitor,1,2.9866993023508566,DIG218895,2120,Stefon Diggs,S.Diggs,WR,https://static.www.nfl.com/image/upload/{formatInstructions}/league/to2qwuffjnjlouctglsl,1,23,7,5,0,5,7,0,1.9025368638725626,5.076666666666667,9.22
2024,REG,7,2024102004,59605,10/20/2024,1800,GB,2120,HOU,visitor,2,2.9866993023508566,DEL440817,2120,Tank Dell,T.Dell,WR,https://static.www.nfl.com/image/upload/{formatInstructions}/league/tqxgovzlhxj0jnwkcvtq,3,0,4,0,0,0,4,0,1.7163166076746867,3.6300000000000003,14.18
2024,REG,7,2024102004,59605,10/20/2024,1800,GB,2120,HOU,visitor,3,2.9866993023508566,SCH647271,2120,Dalton Schultz,D.Schultz,TE,https://static.www.nfl.com/image/upload/{formatInstructions}/league/ooatvpu1knzypdmjljo9,86,28,2,1,0,1,2,0,3.655943436361781,10.19,12.684999999999999
2024,REG,7,2024102004,59605,10/20/2024,1800,GB,2120,HOU,visitor,4,2.9866993023508566,STO763332,2120,Cade Stover,C.Stover,TE,https://static.www.nfl.com/image/upload/{formatInstructions}/league/ehruudekjzjney5dircm,87,15,1,1,0,1,1,0,10.834948084785648,,0.9599999999999937
2024,REG,7,2024102004,59605,10/20/2024,1800,GB,2120,HOU,visitor,5,2.9866993023508566,HUT304546,2120,Xavier Hutchinson,X.Hutchinson,WR,https://static.www.nfl.com/image/upload/{formatInstructions}/league/vlxzxhej5ffelkxrqf4g,19,11,1,1,0,1,1,0,1.0945775440780827,1.8,11.370000000000001
2024,REG,7,2024102005,59606,10/20/2024,2200,IND,2700,MIA,home,1,2.9866993023508566,PIE185673,2200,Alec Pierce,A.Pierce,WR,https://static.www.nfl.com/image/upload/{formatInstructions}/league/hvtcpccoigf9cghzkxcg,14,15,5,2,0,2,5,0,3.988044242187823,6.098000000000001,14.124
2024,REG,7,2024102005,59606,10/20/2024,2200,IND,2700,MIA,home,2,2.9866993023508566,PIT228050,2200,Michael Pittman,M.Pittman,WR,https://static.www.nfl.com/image/private/{formatInstructions}/league/wnymcombo2plamteihiy,11,63,5,3,0,3,5,0,3.3767687348013347,8.581999999999999,15.345999999999998
2024,REG,7,2024102005,59606,10/20/2024,2200,IND,2700,MIA,home,3,2.9866993023508566,DOW686145,2200,Josh Downs,J.Downs,WR,https://static.www.nfl.com/image/upload/{formatInstructions}/league/zue2xxvfrignllqlhagu,1,3,3,1,0,1,3,0,2.996115569271039,6.285,3.893333333333331
2024,REG,7,2024102005,59606,10/20/2024,2200,IND,2700,MIA,home,4,2.9866993023508566,MIT056120,2200,Adonai Mitchell,A.Mitchell,WR,https://static.www.nfl.com/image/upload/{formatInstructions}/league/fztxucnxhoxep6utluyc,10,30,3,2,0,2,3,0,2.7880480019726446,5.7700000000000005,12.366666666666667
2024,REG,7,2024102005,59606,10/20/2024,2200,IND,2700,MIA,home,5,2.9866993023508566,GRA367521,2200,Kylen Granson,K.Granson,TE,https://static.www.nfl.com/image/upload/{formatInstructions}/league/rydvwc7sqwucvx14s8b4,83,0,2,0,0,0,2,0,1.9848734799035053,4.9350000000000005,14.034999999999998
2024,REG,7,2024102005,59606,10/20/2024,2200,IND,2700,MIA,visitor,1,2.9866993023508566,SMI443054,2700,Jonnu Smith,J.Smith,TE,https://static.www.nfl.com/image/upload/{formatInstructions}/league/p8uldtljkzb6sile3wgx,9,96,7,7,1,7,7,1,3.243462696195692,7.826666666666667,6.132857142857142
2024,REG,7,2024102005,59606,10/20/2024,2200,IND,2700,MIA,visitor,2,2.9866993023508566,WAS519225,2700,Malik Washington,M.Washington,WR,https://static.www.nfl.com/image/upload/{formatInstructions}/league/mlnnipvmbl92w7mmr1pa,83,9,3,2,0,2,3,0,2.9628219188846123,7.386666666666667,8.823333333333334
2024,REG,7,2024102005,59606,10/20/2024,2200,IND,2700,MIA,visitor,3,2.9866993023508566,BEC573252,2700,Odell Beckham Jr.,O.Beckham,WR,https://static.www.nfl.com/image/upload/{formatInstructions}/league/ffmalg3wr7lwnsz59i7v,3,0,2,0,0,0,2,0,2.010219647515969,7.45,5.27
2024,REG,7,2024102005,59606,10/20/2024,2200,IND,2700,MIA,visitor,4,2.9866993023508566,HIL451650,2700,Julian Hill,J.Hill,TE,https://static.www.nfl.com/image/upload/{formatInstructions}/league/ycrsps9cgsfkyppucwrr,89,4,2,1,0,1,2,0,5.306697151832972,11.45,6.5
2024,REG,7,2024102005,59606,10/20/2024,2200,IND,2700,MIA,visitor,5,2.9866993023508566,WAD088683,2700,Jaylen Waddle,J.Waddle,WR,https://static.www.nfl.com/image/private/{formatInstructions}/league/qjsz2h6shbdnksctzeka,17,11,2,1,0,1,2,0,1.0985395164484022,2.48,7.305
2024,REG,7,2024102006,59607,10/20/2024,3000,MIN,1540,DET,home,1,2.9866993023508566,JEF269287,3000,Justin Jefferson,J.Jefferson,WR,https://static.www.nfl.com/image/upload/{formatInstructions}/league/vrftbpzwk6qmv0zjcysg,18,81,8,7,1,7,8,1,3.5577144624929504,4.493333333333333,7.8199999999999985
2024,REG,7,2024102006,59607,10/20/2024,3000,MIN,1540,DET,home,2,2.9866993023508566,MUN312153,3000,Johnny Mundt,J.Mundt,TE,https://static.www.nfl.com/image/upload/{formatInstructions}/league/ievumbznrtys9b2esphz,86,8,5,4,0,4,5,0,3.935675760598805,5.6899999999999995,1.2299999999999998
2024,REG,7,2024102006,59607,10/20/2024,3000,MIN,1540,DET,home,3,2.9866993023508566,NAI067484,3000,Jalen Nailor,J.Nailor,WR,https://static.www.nfl.com/image/upload/{formatInstructions}/league/fe9b3l4fz6n02gbr5zbt,83,76,5,4,0,4,5,0,3.7777744636331265,6.0525,11.831999999999999
2024,REG,7,2024102006,59607,10/20/2024,3000,MIN,1540,DET,home,4,2.9866993023508566,ADD491056,3000,Jordan Addison,J.Addison,WR,https://static.www.nfl.com/image/upload/{formatInstructions}/league/tmyckmignrvy8truccwm,3,66,4,3,0,3,4,0,2.768564287719322,6.5675,19.4525
2024,REG,7,2024102006,59607,10/20/2024,3000,MIN,1540,DET,home,5,2.9866993023508566,OLI524360,3000,Josh Oliver,J.Oliver,TE,https://static.www.nfl.com/image/private/{formatInstructions}/league/pwd3muzyjclgjlwwtdah,84,5,1,1,0,1,1,0,3.058316530380725,5.42,4.560000000000002
2024,REG,7,2024102006,59607,10/20/2024,3000,MIN,1540,DET,visitor,1,2.9866993023508566,STB415291,1540,Amon-Ra St. Brown,A.St. Brown,WR,https://static.www.nfl.com/image/upload/{formatInstructions}/league/jmfuamqblg8jag0stpnq,14,112,8,8,1,8,8,1,3.2785250654315785,8.982857142857142,11.043750000000001
2024,REG,7,2024102006,59607,10/20/2024,3000,MIN,1540,DET,visitor,2,2.9866993023508566,RAY748263,1540,Kalif Raymond,K.Raymond,WR,https://static.www.nfl.com/image/upload/{formatInstructions}/league/hogsyuf9rqnzydmhbsht,11,39,4,3,1,3,4,1,3.4869608815276023,5.5,14.459999999999999
2024,REG,7,2024102006,59607,10/20/2024,3000,MIN,1540,DET,visitor,3,2.9866993023508566,PAT283375,1540,Tim Patrick,T.Patrick,WR,https://static.www.nfl.com/image/upload/{formatInstructions}/league/tsbe7jbwmgzby45hnb3j,17,25,2,2,0,2,2,0,3.6188462089324913,5.085,8.82
2024,REG,7,2024102006,59607,10/20/2024,3000,MIN,1540,DET,visitor,4,2.9866993023508566,LAP640235,1540,Sam LaPorta,S.LaPorta,TE,https://static.www.nfl.com/image/upload/{formatInstructions}/league/ucw8cfj5t5nwkx670wzu,87,25,2,1,0,1,2,0,5.334562469533901,2.7,10.055
2024,REG,7,2024102006,59607,10/20/2024,3000,MIN,1540,DET,visitor,5,2.9866993023508566,WIL344909,1540,Jameson Williams,J.Williams,WR,https://static.www.nfl.com/image/upload/{formatInstructions}/league/kt6xzcnjbe9affdfsayt,9,-4,1,1,0,1,1,0,5.1024013954215715,5.3,-4.369999999999997
2024,REG,7,2024102007,59608,10/20/2024,3410,NYG,3700,PHI,home,1,2.9866993023508566,ROB717726,3410,Wan'Dale Robinson,W.Robinson,WR,https://static.www.nfl.com/image/upload/{formatInstructions}/league/z94hnehk9vgmvtad6sgi,17,23,9,6,0,6,9,0,3.080386025276054,7.6,1.599999999999999
2024,REG,7,2024102007,59608,10/20/2024,3410,NYG,3700,PHI,home,2,2.9866993023508566,NAB400459,3410,Malik Nabers,M.Nabers,WR,https://static.www.nfl.com/image/upload/{formatInstructions}/league/w3edoyyuomqlovvp9ixc,1,41,8,4,0,4,8,0,1.373851336084956,6.031428571428571,12.961250000000001
2024,REG,7,2024102007,59608,10/20/2024,3410,NYG,3700,PHI,home,3,2.9866993023508566,SLA500077,3410,Darius Slayton,D.Slayton,WR,https://static.www.nfl.com/image/upload/{formatInstructions}/league/zhm6evj813ucss03ndlx,86,11,3,1,0,1,3,0,3.9779924674208633,6.6066666666666665,15.743333333333334
2024,REG,7,2024102007,59608,10/20/2024,3410,NYG,3700,PHI,home,4,2.9866993023508566,HYA420916,3410,Jalin Hyatt,J.Hyatt,WR,https://static.www.nfl.com/image/private/{formatInstructions}/league/ibftqfglvcqaipfdnr4f,13,0,1,0,0,0,1,0,2.1072256642324794,4.38,31.060000000000002
2024,REG,7,2024102007,59608,10/20/2024,3410,NYG,3700,PHI,home,5,2.9866993023508566,BEL680916,3410,Daniel Bellinger,D.Bellinger,TE,https://static.www.nfl.com/image/upload/{formatInstructions}/league/f9xmqszyicfahxrcqevp,82,11,1,1,0,1,1,0,5.515260646605919,,2.0400000000000063
2024,REG,7,2024102007,59608,10/20/2024,3410,NYG,3700,PHI,visitor,1,2.9866993023508566,BRO413223,3700,A.J. Brown,A.Brown,WR,https://static.www.nfl.com/image/private/{formatInstructions}/league/a014sgzctarbvhwb35lw,11,89,5,5,1,5,5,1,1.9890753976115494,5.95,14.703999999999999
2024,REG,7,2024102007,59608,10/20/2024,3410,NYG,3700,PHI,visitor,2,2.9866993023508566,SMI206016,3700,DeVonta Smith,D.Smith,WR,https://static.www.nfl.com/image/upload/{formatInstructions}/league/bmdflwy52nsk7zpnfhwb,6,-2,2,1,0,1,2,0,1.2199064099173347,5.79,1.3500000000000014
2024,REG,7,2024102007,59608,10/20/2024,3410,NYG,3700,PHI,visitor,3,2.9866993023508566,DOT282798,3700,Jahan Dotson,J.Dotson,WR,https://static.www.nfl.com/image/upload/{formatInstructions}/league/myxhp9oqtcv1peactbhv,83,0,1,0,0,0,1,0,1.115168148756049,1.87,27.590000000000003
2024,REG,7,2024102007,59608,10/20/2024,3410,NYG,3700,PHI,visitor,4,2.9866993023508566,CAM230411,3700,Parris Campbell,P.Campbell,WR,https://static.www.nfl.com/image/upload/{formatInstructions}/league/zesqmghc8zchkvhsv9jb,80,0,1,0,0,0,1,0,2.346422809299295,5.89,5.270000000000003
2024,REG,7,2024102007,59608,10/20/2024,3410,NYG,3700,PHI,visitor,5,2.9866993023508566,CAL069215,3700,Grant Calcaterra,G.Calcaterra,TE,https://static.www.nfl.com/image/upload/{formatInstructions}/league/vxl0kathuej280k01d2r,81,5,1,1,0,1,1,0,0.6129437168288814,2.77,5.25
2024,REG,7,2024102008,59609,10/20/2024,2510,LA,2520,LV,home,1,2.9866993023508566,ATW460468,2510,Tutu Atwell,T.Atwell,WR,https://static.www.nfl.com/image/upload/{formatInstructions}/league/hpvbp9pn7ifbh62nde0n,5,51,9,6,0,6,9,0,4.417793292779179,8.16875,3.181111111111111
2024,REG,7,2024102008,59609,10/20/2024,2510,LA,2520,LV,home,2,2.9866993023508566,JOH711094,2510,Tyler Johnson,T.Johnson,WR,https://static.www.nfl.com/image/upload/{formatInstructions}/league/vktiajeyqc8s9s6mjws7,18,57,7,4,0,4,7,0,4.571729472896372,7.958333333333333,8.422857142857142
2024,REG,7,2024102008,59609,10/20/2024,2510,LA,2520,LV,home,3,2.9866993023508566,ROB399065,2510,Demarcus Robinson,D.Robinson,WR,https://static.www.nfl.com/image/upload/{formatInstructions}/league/lakf0xue1qqb7ed4p6ge,15,9,3,1,0,1,3,0,2.964205373130337,6.163333333333334,16.826666666666664
2024,REG,7,2024102008,59609,10/20/2024,2510,LA,2520,LV,home,4,2.9866993023508566,PAR483746,2510,Colby Parkinson,C.Parkinson,TE,https://static.www.nfl.com/image/upload/{formatInstructions}/league/crjyx8tutyzn8bomqbdc,86,32,2,2,0,2,2,0,7.399844763254769,5.275,3.4450000000000003
2024,REG,7,2024102008,59609,10/20/2024,2510,LA,2520,LV,home,5,2.9866993023508566,LON317078,2510,Hunter Long,H.Long,TE,https://static.www.nfl.com/image/upload/{formatInstructions}/league/zfovepcmlr4bkmm96wgp,84,5,1,1,0,1,1,0,1.664692163734785,8.32,4.399999999999999
2024,REG,7,2024102008,59609,10/20/2024,2510,LA,2520,LV,visitor,1,2.9866993023508566,BOW196560,2520,Brock Bowers,B.Bowers,TE,https://static.www.nfl.com/image/upload/{formatInstructions}/league/mjy86xh8munoiur4hejf,89,93,14,10,0,10,14,0,3.111279803547089,5.741818181818181,5.625
2024,REG,7,2024102008,59609,10/20/2024,2510,LA,2520,LV,visitor,2,2.9866993023508566,TUC399910,2520,Tre Tucker,T.Tucker,WR,https://static.www.nfl.com/image/upload/{formatInstructions}/league/soebzcfwhgnjffwqv1ox,11,36,8,3,0,3,8,0,2.8363296804640736,4.88625,12.8875
2024,REG,7,2024102008,59609,10/20/2024,2510,LA,2520,LV,visitor,3,2.9866993023508566,TUR283150,2520,DJ Turner,D.Turner,WR,https://static.www.nfl.com/image/upload/{formatInstructions}/league/os5eurhh1y45sixa8phl,19,13,7,2,0,2,7,0,2.0171427111202407,7.293333333333333,8.000000000000002
2024,REG,7,2024102008,59609,10/20/2024,2510,LA,2520,LV,visitor,4,2.9866993023508566,BRY363372,2520,Harrison Bryant,H.Bryant,TE,https://static.www.nfl.com/image/upload/{formatInstructions}/league/jjarmcwkadvr7tynkpuj,84,19,2,2,0,2,2,0,10.054790824343659,3.0149999999999997,0.7600000000000051
2024,REG,7,2024102009,59610,10/20/2024,5110,WAS,0750,CAR,home,1,2.9866993023508566,ZAC133180,5110,Olamide Zaccheaus,O.Zaccheaus,WR,https://static.www.nfl.com/image/upload/{formatInstructions}/league/hcmdnfgnnvcp0qbktpxd,14,25,6,4,0,4,6,0,2.6334279145223545,6.943333333333334,7.228333333333334
2024,REG,7,2024102009,59610,10/20/2024,5110,WAS,0750,CAR,home,2,2.9866993023508566,MCL278328,5110,Terry McLaurin,T.McLaurin,WR,https://static.www.nfl.com/image/upload/{formatInstructions}/league/wokz1etv1wj1vhbmvxgs,17,98,6,6,0,6,6,0,3.1148669638586615,7.984,13.07
2024,REG,7,2024102009,59610,10/20/2024,5110,WAS,0750,CAR,home,3,2.9866993023508566,ERT800920,5110,Zach Ertz,Z.Ertz,TE,https://static.www.nfl.com/image/upload/{formatInstructions}/league/xktmmeumuoglbuam75iz,86,40,5,4,1,4,5,1,2.9093378208712553,6.730000000000001,8.63
2024,REG,7,2024102009,59610,10/20/2024,5110,WAS,0750,CAR,home,4,2.9866993023508566,BRO408220,5110,Dyami Brown,D.Brown,WR,https://static.www.nfl.com/image/upload/{formatInstructions}/league/mibh7ud59ygmzm19ivac,2,23,3,1,0,1,3,0,2.867811858731526,7.29,22.186666666666667
2024,REG,7,2024102009,59610,10/20/2024,5110,WAS,0750,CAR,home,5,2.9866993023508566,SIN713776,5110,Ben Sinnott,B.Sinnott,TE,https://static.www.nfl.com/image/upload/{formatInstructions}/league/zwjmu9wyutlpkace9ukf,82,6,2,2,1,2,2,1,4.160980423824356,7.035,0.05499999999999705
2024,REG,7,2024102009,59610,10/20/2024,5110,WAS,0750,CAR,visitor,1,2.9866993023508566,SAN343203,0750,Ja'Tavion Sanders,J.Sanders,TE,https://static.www.nfl.com/image/upload/{formatInstructions}/league/egisbinbqmttmub4po1g,0,61,6,6,0,6,6,0,4.915747078042518,5.1066666666666665,4.860000000000002
2024,REG,7,2024102009,59610,10/20/2024,5110,WAS,0750,CAR,visitor,2,2.9866993023508566,LEG145351,0750,Xavier Legette,X.Legette,WR,https://static.www.nfl.com/image/upload/{formatInstructions}/league/a3etuvp3kqtwmtkioq8g,17,3,3,2,0,2,3,0,5.7628412941951686,6.805,-0.18999999999999773
2024,REG,7,2024102009,59610,10/20/2024,5110,WAS,0750,CAR,visitor,3,2.9866993023508566,JOH000017,0750,Diontae Johnson,Di.Johnson,WR,https://static.www.nfl.com/image/upload/{formatInstructions}/league/syk5xhvwikwmbaplpm8k,5,17,3,1,0,1,3,0,1.5198798981048516,6.473333333333334,13.059999999999997
2024,REG,7,2024102009,59610,10/20/2024,5110,WAS,0750,CAR,visitor,4,2.9866993023508566,THO197015,0750,Ian Thomas,I.Thomas,TE,https://static.www.nfl.com/image/upload/{formatInstructions}/league/qrcffo16hdkcvxuvjppy,80,4,2,2,0,2,2,0,5.624997647451021,5.13,-0.34499999999999886
2024,REG,7,2024102009,59610,10/20/2024,5110,WAS,0750,CAR,visitor,5,2.9866993023508566,COK451291,0750,Jalen Coker,J.Coker,WR,https://static.www.nfl.com/image/upload/{formatInstructions}/league/wk9xewrixauh09f71pqh,18,10,1,1,0,1,1,0,5.552521949528882,6.66,4.799999999999997
2024,REG,7,2024102010,59611,10/20/2024,4500,SF,2310,KC,home,1,2.9866993023508566,KIT388290,4500,George Kittle,G.Kittle,TE,https://static.www.nfl.com/image/upload/{formatInstructions}/league/ivkrikewqqdllzvano8h,85,92,7,6,0,6,7,0,3.309180016509594,5.3999999999999995,10.947142857142856
2024,REG,7,2024102010,59611,10/20/2024,4500,SF,2310,KC,home,2,2.9866993023508566,AIY189231,4500,Brandon Aiyuk,B.Aiyuk,WR,https://static.www.nfl.com/image/upload/{formatInstructions}/league/qnfyhqxbppevv28hd3rx,11,23,6,2,0,2,6,0,2.322128071362125,6.023333333333333,10.813333333333333
2024,REG,7,2024102010,59611,10/20/2024,4500,SF,2310,KC,home,3,2.9866993023508566,PEA307677,4500,Ricky Pearsall,R.Pearsall,WR,https://static.www.nfl.com/image/upload/{formatInstructions}/league/akwepvt6qxwbgankljmv,14,21,5,3,0,3,5,0,1.8571735446040207,5.452,8.214
2024,REG,7,2024102010,59611,10/20/2024,4500,SF,2310,KC,home,4,2.9866993023508566,COW532087,4500,Jacob Cowing,J.Cowing,WR,https://static.www.nfl.com/image/upload/{formatInstructions}/league/q8luttpmauwatynr9iti,19,50,3,2,0,2,3,0,2.83729309543796,6.16,15.056666666666667
2024,REG,7,2024102010,59611,10/20/2024,4500,SF,2310,KC,home,5,2.9866993023508566,CON236839,4500,Chris Conley,C.Conley,WR,https://static.www.nfl.com/image/upload/{formatInstructions}/league/mr4h7vx02uwpr7xlfk6y,18,0,2,0,0,0,2,0,1.0756994354456115,1.86,15.545
2024,REG,7,2024102010,59611,10/20/2024,4500,SF,2310,KC,visitor,1,2.9866993023508566,WOR741496,2310,Xavier Worthy,X.Worthy,WR,https://static.www.nfl.com/image/upload/{formatInstructions}/league/fvzbx5gpiqkogglyoo1w,1,19,8,3,0,3,8,0,2.816749037199662,6.541428571428573,15.270000000000001
2024,REG,7,2024102010,59611,10/20/2024,4500,SF,2310,KC,visitor,2,2.9866993023508566,KEL012458,2310,Travis Kelce,T.Kelce,TE,https://static.www.nfl.com/image/upload/{formatInstructions}/league/ilk4qbxxs6mt3v9zfvtg,87,17,5,4,0,4,5,0,2.5546731866333223,8.7575,7.264000000000001
2024,REG,7,2024102010,59611,10/20/2024,4500,SF,2310,KC,visitor,3,2.9866993023508566,GRA757316,2310,Noah Gray,N.Gray,TE,https://static.www.nfl.com/image/upload/{formatInstructions}/league/erihh0eiq4m76k2ejvax,83,66,4,4,0,4,4,0,4.452636594739152,5.76,9.4975
2024,REG,7,2024102010,59611,10/20/2024,4500,SF,2310,KC,visitor,4,2.9866993023508566,HAR069520,2310,Mecole Hardman,M.Hardman,WR,https://static.www.nfl.com/image/upload/{formatInstructions}/league/cfbjutuygqg7imy0qwpt,17,17,2,1,0,1,2,0,2.253747202914864,4.4399999999999995,1.1149999999999993
2024,REG,7,2024102010,59611,10/20/2024,4500,SF,2310,KC,visitor,5,2.9866993023508566,WAT441238,2310,Justin Watson,Ju.Watson,WR,https://static.www.nfl.com/image/private/{formatInstructions}/league/vr9tayyujt23takv3hv3,84,8,1,1,0,1,1,0,5.480556541082301,4.42,5.280000000000001
2024,REG,7,2024102011,59612,10/20/2024,3900,PIT,3430,NYJ,home,1,2.9866993023508566,PIC576156,3900,George Pickens,G.Pickens,WR,https://static.www.nfl.com/image/upload/{formatInstructions}/league/klxzcb6p7ekngcognpiy,14,111,9,5,1,5,9,1,2.055268224276792,3.92,16.55333333333333
2024,REG,7,2024102011,59612,10/20/2024,3900,PIT,3430,NYJ,home,2,2.9866993023508566,WAS185860,3900,Darnell Washington,D.Washington,TE,https://static.www.nfl.com/image/upload/{formatInstructions}/league/i6bxioxqzrc9hepszyjf,80,36,4,4,0,4,4,0,5.755287080623657,7.76,1.4974999999999987
2024,REG,7,2024102011,59612,10/20/2024,3900,PIT,3430,NYJ,home,3,2.9866993023508566,AUS738004,3900,Calvin Austin III,C.Austin,WR,https://static.www.nfl.com/image/private/{formatInstructions}/league/qlt6ztqcbu0uzad6aavt,19,36,4,1,0,1,4,0,5.731822660653935,8.5875,6.2574999999999985
2024,REG,7,2024102011,59612,10/20/2024,3900,PIT,3430,NYJ,home,4,2.9866993023508566,FRE439769,3900,Pat Freiermuth,P.Freiermuth,TE,https://static.www.nfl.com/image/upload/{formatInstructions}/league/sozfjyy3bmntjv8tmqah,88,51,3,2,0,2,3,0,4.301092008474764,2.685,6.553333333333332
2024,REG,7,2024102011,59612,10/20/2024,3900,PIT,3430,NYJ,home,5,2.9866993023508566,JEF436716,3900,Van Jefferson,V.Jefferson,WR,https://static.www.nfl.com/image/upload/{formatInstructions}/league/v2vkt9htky3xawu8yskx,11,15,3,2,1,2,3,1,3.473512629490694,6.19,4.526666666666665
2024,REG,7,2024102011,59612,10/20/2024,3900,PIT,3430,NYJ,visitor,1,2.9866993023508566,ADA218591,3430,Davante Adams,D.Adams,WR,https://static.www.nfl.com/image/upload/{formatInstructions}/league/jweoujpjv9u2a8k7wnos,17,30,9,3,0,3,9,0,3.700183206213678,5.87,6.003333333333332
2024,REG,7,2024102011,59612,10/20/2024,3900,PIT,3430,NYJ,visitor,2,2.9866993023508566,WIL691962,3430,Garrett Wilson,G.Wilson,WR,https://static.www.nfl.com/image/private/{formatInstructions}/league/llgosx4tokddwnyrgvbx,5,61,9,5,0,5,9,0,3.415600297577905,5.63375,10.172222222222224
2024,REG,7,2024102011,59612,10/20/2024,3900,PIT,3430,NYJ,visitor,3,2.9866993023508566,CON185250,3430,Tyler Conklin,T.Conklin,TE,https://static.www.nfl.com/image/upload/{formatInstructions}/league/chajhumpfogd8effewe6,83,7,4,4,1,4,4,1,6.989720819175897,8.383333333333333,-0.15499999999999936
2024,REG,7,2024102011,59612,10/20/2024,3900,PIT,3430,NYJ,visitor,4,2.9866993023508566,LAZ043714,3430,Allen Lazard,A.Lazard,WR,https://static.www.nfl.com/image/private/{formatInstructions}/league/blrzk3bfnpneuyhsqiqg,10,58,4,4,0,4,4,0,1.9847559356188884,4.61,11.227500000000001
2024,REG,7,2024102011,59612,10/20/2024,3900,PIT,3430,NYJ,visitor,5,2.9866993023508566,WIL000009,3430,Mike Williams,M.Williams,WR,https://static.www.nfl.com/image/upload/{formatInstructions}/league/g38aikrr9weo8h1xpehu,18,15,2,1,0,1,2,0,1.3490767078246162,4.105,11.89
2024,REG,7,2024102100,59613,10/21/2024,4900,TB,0325,BAL,home,1,2.9866993023508566,OTT712400,4900,Cade Otton,C.Otton,TE,https://static.www.nfl.com/image/upload/{formatInstructions}/league/mljam77kst1wlqd5y91v,88,100,10,8,0,8,10,0,3.2139361689279,3.9425,8.198000000000002
2024,REG,7,2024102100,59613,10/21/2024,4900,TB,0325,BAL,home,2,2.9866993023508566,GOD549393,4900,Chris Godwin,C.Godwin,WR,https://static.www.nfl.com/image/upload/{formatInstructions}/league/al7b3dzqhysgve7l5lke,14,65,9,7,0,7,9,0,2.4443587584854196,4.365714285714286,6.826666666666666
2024,REG,7,2024102100,59613,10/21/2024,4900,TB,0325,BAL,home,3,2.9866993023508566,MCM472299,4900,Jalen McMillan,J.McMillan,WR,https://static.www.nfl.com/image/upload/{formatInstructions}/league/zdxkyl8gy4dqiq6evfzp,15,15,8,3,0,3,8,0,2.479564511868448,6.334285714285714,13.623750000000001
2024,REG,7,2024102100,59613,10/21/2024,4900,TB,0325,BAL,home,4,2.9866993023508566,EVA534309,4900,Mike Evans,M.Evans,WR,https://static.www.nfl.com/image/upload/{formatInstructions}/league/vfsaie1uiokfczwv9p4d,13,25,3,1,1,1,3,1,2.134179714967112,3.0466666666666664,21.61
2024,REG,7,2024102100,59613,10/21/2024,4900,TB,0325,BAL,home,5,2.9866993023508566,PAL683280,4900,Trey Palmer,T.Palmer,WR,https://static.www.nfl.com/image/upload/{formatInstructions}/league/zv0wdsdctgf2zw2ctumy,10,16,3,1,0,1,3,0,1.7301152077092563,2.2733333333333334,14.05666666666667
2024,REG,7,2024102100,59613,10/21/2024,4900,TB,0325,BAL,visitor,1,2.9866993023508566,LIK088990,0325,Isaiah Likely,I.Likely,TE,https://static.www.nfl.com/image/upload/{formatInstructions}/league/xmikfnklnpjmzjhbjrur,80,17,4,2,0,2,4,0,3.7752013868295164,5.105,9.21
2024,REG,7,2024102100,59613,10/21/2024,4900,TB,0325,BAL,visitor,2,2.9866993023508566,AND701433,0325,Mark Andrews,M.Andrews,TE,https://static.www.nfl.com/image/upload/{formatInstructions}/league/y5maejm3puruskwc344y,89,41,4,4,2,4,4,2,5.606347861806632,4.6175,9.6075
2024,REG,7,2024102100,59613,10/21/2024,4900,TB,0325,BAL,visitor,3,2.9866993023508566,BAT103884,0325,Rashod Bateman,R.Bateman,WR,https://static.www.nfl.com/image/upload/{formatInstructions}/league/jkcapzvd65fxivefjv8l,7,121,4,4,1,4,4,1,2.86354224284933,6.1525,22.4925
2024,REG,7,2024102100,59613,10/21/2024,4900,TB,0325,BAL,visitor,4,2.9866993023508566,AGH474619,0325,Nelson Agholor,N.Agholor,WR,https://static.www.nfl.com/image/upload/{formatInstructions}/league/wyxfkarcjgqdz3pl8nnr,15,20,2,1,0,1,2,0,5.443139855687382,8.455,6.940000000000001
2024,REG,7,2024102100,59613,10/21/2024,4900,TB,0325,BAL,visitor,5,2.9866993023508566,KOL030762,0325,Charlie Kolar,C.Kolar,TE,https://static.www.nfl.com/image/upload/{formatInstructions}/league/n7duzqver13movvgcint,88,14,1,1,0,1,1,0,3.607173408640069,9.04,10.840000000000003
2024,REG,7,2024102101,59614,10/21/2024,3800,ARI,4400,LAC,home,1,2.9866993023508566,MCB743360,3800,Trey McBride,T.McBride,TE,https://static.www.nfl.com/image/upload/{formatInstructions}/league/hfdgljgi9gfaskomdl1h,85,51,7,5,0,5,7,0,3.6065703721702453,4.628571428571428,5.3728571428571446
2024,REG,7,2024102101,59614,10/21/2024,3800,ARI,4400,LAC,home,2,2.9866993023508566,HAR648677,3800,Marvin Harrison Jr.,M.Harrison,WR,https://static.www.nfl.com/image/upload/{formatInstructions}/league/o6hg5zeofmxvzjjpo2sf,18,21,6,3,0,3,6,0,1.5693830473554324,5.148333333333333,9.954999999999997
2024,REG,7,2024102101,59614,10/21/2024,3800,ARI,4400,LAC,home,3,2.9866993023508566,WIL752419,3800,Michael Wilson,Mi.Wilson,WR,https://static.www.nfl.com/image/upload/{formatInstructions}/league/spsbduvpqe21tgkwhvbc,14,15,3,1,0,1,3,0,2.128140784590793,7.433333333333333,11.753333333333336
2024,REG,7,2024102101,59614,10/21/2024,3800,ARI,4400,LAC,home,4,2.9866993023508566,DOR793727,3800,Greg Dortch,G.Dortch,WR,https://static.www.nfl.com/image/upload/{formatInstructions}/league/gkog6lrht3rnktwiberj,4,5,2,1,1,1,2,1,2.613479941663078,7.585,4.460000000000001
2024,REG,7,2024102101,59614,10/21/2024,3800,ARI,4400,LAC,home,5,2.9866993023508566,JON403726,3800,Zay Jones,Z.Jones,WR,https://static.www.nfl.com/image/upload/{formatInstructions}/league/uxtqpnwdviolravhnrkw,17,0,1,0,0,0,1,0,1.6200308639035248,2.32,11.060000000000002
2024,REG,7,2024102101,59614,10/21/2024,3800,ARI,4400,LAC,visitor,1,2.9866993023508566,DIS743152,4400,Will Dissly,W.Dissly,TE,https://static.www.nfl.com/image/upload/{formatInstructions}/league/opdpeoconvviwkufolxr,81,81,11,8,0,8,11,0,2.8925748133424922,5.33,5.66090909090909
2024,REG,7,2024102101,59614,10/21/2024,3800,ARI,4400,LAC,visitor,2,2.9866993023508566,MCC512833,4400,Ladd McConkey,L.McConkey,WR,https://static.www.nfl.com/image/upload/{formatInstructions}/league/wcx39ialovvxxnvs2bke,15,46,7,5,0,5,7,0,3.5764219538895916,5.744285714285715,5.0128571428571425
2024,REG,7,2024102101,59614,10/21/2024,3800,ARI,4400,LAC,visitor,3,2.9866993023508566,FEH556867,4400,Simi Fehoko,S.Fehoko,WR,https://static.www.nfl.com/image/upload/{formatInstructions}/league/fcso2vvp9tgqjm30qmuq,87,45,6,3,0,3,6,0,1.7400009302323927,5.984999999999999,12.155
2024,REG,7,2024102101,59614,10/21/2024,3800,ARI,4400,LAC,visitor,4,2.9866993023508566,PAL451625,4400,Josh Palmer,J.Palmer,WR,https://static.www.nfl.com/image/upload/{formatInstructions}/league/dexbsmmldvsqtr83or5l,5,63,5,4,0,4,5,0,2.044745733619629,4.792,13.437999999999999
2024,REG,7,2024102101,59614,10/21/2024,3800,ARI,4400,LAC,visitor,5,2.9866993023508566,SMA808525,4400,Stone Smartt,S.Smartt,TE,https://static.www.nfl.com/image/upload/{formatInstructions}/league/tazdjztvhpulguzuh78l,84,31,2,1,0,1,2,0,3.20775769337605,3.7,17.305
2024,REG,8,2024102400,59615,10/24/2024,2510,LA,3000,MIN,home,1,2.9866993023508566,NAC559347,2510,Puka Nacua,P.Nacua,WR,https://static.www.nfl.com/image/upload/{formatInstructions}/league/i1pmrhua5gpvwgsqphxa,17,106,9,7,0,7,9,0,4.110523679245083,6.94,11.481111111111112
2024,REG,8,2024102400,59615,10/24/2024,2510,LA,3000,MIN,home,2,2.9866993023508566,KUP534597,2510,Cooper Kupp,C.Kupp,WR,https://static.www.nfl.com/image/upload/{formatInstructions}/league/sq7zwzcgrajuk0hwwph2,10,51,8,5,1,5,8,1,3.3900905625415274,8.95875,6.472499999999999
2024,REG,8,2024102400,59615,10/24/2024,2510,LA,3000,MIN,home,3,2.9866993023508566,ROB399065,2510,Demarcus Robinson,D.Robinson,WR,https://static.www.nfl.com/image/upload/{formatInstructions}/league/lakf0xue1qqb7ed4p6ge,15,35,3,2,2,2,3,2,2.3541628914086985,2.686666666666667,17.83666666666667
2024,REG,8,2024102400,59615,10/24/2024,2510,LA,3000,MIN,home,4,2.9866993023508566,PAR483746,2510,Colby Parkinson,C.Parkinson,TE,https://static.www.nfl.com/image/upload/{formatInstructions}/league/crjyx8tutyzn8bomqbdc,86,17,2,2,0,2,2,0,4.368231917294077,3.46,4.945
2024,REG,8,2024102400,59615,10/24/2024,2510,LA,3000,MIN,home,5,2.9866993023508566,ATW460468,2510,Tutu Atwell,T.Atwell,WR,https://static.www.nfl.com/image/upload/{formatInstructions}/league/hpvbp9pn7ifbh62nde0n,5,18,2,1,0,1,2,0,1.781852545838529,6.5,27.145
2024,REG,8,2024102400,59615,10/24/2024,2510,LA,3000,MIN,visitor,1,2.9866993023508566,JEF269287,3000,Justin Jefferson,J.Jefferson,WR,https://static.www.nfl.com/image/upload/{formatInstructions}/league/vrftbpzwk6qmv0zjcysg,18,115,9,8,0,8,9,0,2.5423088577608266,6.0377777777777775,11.044444444444444
2024,REG,8,2024102400,59615,10/24/2024,2510,LA,3000,MIN,visitor,2,2.9866993023508566,NAI067484,3000,Jalen Nailor,J.Nailor,WR,https://static.www.nfl.com/image/upload/{formatInstructions}/league/fe9b3l4fz6n02gbr5zbt,83,16,4,2,0,2,4,0,2.927837409109198,8.0125,6.245000000000002
2024,REG,8,2024102400,59615,10/24/2024,2510,LA,3000,MIN,visitor,3,2.9866993023508566,ADD491056,3000,Jordan Addison,J.Addison,WR,https://static.www.nfl.com/image/upload/{formatInstructions}/league/tmyckmignrvy8truccwm,3,22,3,2,0,2,3,0,3.961796112320703,7.78,14.35
2024,REG,8,2024102400,59615,10/24/2024,2510,LA,3000,MIN,visitor,4,2.9866993023508566,MUN312153,3000,Johnny Mundt,J.Mundt,TE,https://static.www.nfl.com/image/upload/{formatInstructions}/league/ievumbznrtys9b2esphz,86,10,2,1,0,1,2,0,3.72067790784217,4.94,8.96
2024,REG,8,2024102400,59615,10/24/2024,2510,LA,3000,MIN,visitor,5,2.9866993023508566,OLI524360,3000,Josh Oliver,J.Oliver,TE,https://static.www.nfl.com/image/private/{formatInstructions}/league/pwd3muzyjclgjlwwtdah,84,30,2,2,1,2,2,1,8.34361338612814,1.9849999999999999,3.3900000000000006
2024,REG,8,2024102700,59616,10/27/2024,1050,CLE,0325,BAL,home,1,2.9866993023508566,MOO279723,1050,Elijah Moore,E.Moore,WR,https://static.www.nfl.com/image/private/{formatInstructions}/league/bhwvzckfhhcqhb7zdqyj,8,85,12,8,0,8,12,0,2.4954690844017082,6.586363636363637,10.216666666666667
2024,REG,8,2024102700,59616,10/27/2024,1050,CLE,0325,BAL,home,2,2.9866993023508566,TIL377067,1050,Cedric Tillman,C.Tillman,WR,https://static.www.nfl.com/image/upload/{formatInstructions}/league/fp371fgk45btt01uvucq,19,99,9,7,2,7,9,2,2.933200741905745,4.7025,17.26
2024,REG,8,2024102700,59616,10/27/2024,1050,CLE,0325,BAL,home,3,2.9866993023508566,JEU415291,1050,Jerry Jeudy,J.Jeudy,WR,https://static.www.nfl.com/image/upload/{formatInstructions}/league/szca1v9butuqkjs7ekpm,3,79,8,5,0,5,8,0,2.039530543697101,5.2425,12.047500000000001
2024,REG,8,2024102700,59616,10/27/2024,1050,CLE,0325,BAL,home,4,2.9866993023508566,NJO355964,1050,David Njoku,D.Njoku,TE,https://static.www.nfl.com/image/private/{formatInstructions}/league/ilvxwdllivrvwbuj69cm,85,61,7,5,1,5,7,1,2.3053382813333676,10.2525,7.925714285714284
2024,REG,8,2024102700,59616,10/27/2024,1050,CLE,0325,BAL,home,5,2.9866993023508566,AKI501776,1050,Jordan Akins,J.Akins,TE,https://static.www.nfl.com/image/private/{formatInstructions}/league/fgkl9zfpy2yxrkxfge84,88,0,1,0,0,0,1,0,0.78771822373232,2.09,9.9
2024,REG,8,2024102700,59616,10/27/2024,1050,CLE,0325,BAL,visitor,1,2.9866993023508566,FLO577002,0325,Zay Flowers,Z.Flowers,WR,https://static.www.nfl.com/image/upload/{formatInstructions}/league/oidhqwg0fjvanyk57nc1,4,115,12,7,0,7,12,0,2.702040565630202,6.9925,17.325
2024,REG,8,2024102700,59616,10/27/2024,1050,CLE,0325,BAL,visitor,2,2.9866993023508566,AND701433,0325,Mark Andrews,M.Andrews,TE,https://static.www.nfl.com/image/upload/{formatInstructions}/league/y5maejm3puruskwc344y,89,36,5,5,1,5,5,1,4.052620203574476,3.705,5.794000000000001
2024,REG,8,2024102700,59616,10/27/2024,1050,CLE,0325,BAL,visitor,3,2.9866993023508566,BAT103884,0325,Rashod Bateman,R.Bateman,WR,https://static.www.nfl.com/image/upload/{formatInstructions}/league/jkcapzvd65fxivefjv8l,7,28,5,1,0,1,5,0,2.8227224663551853,3.6759999999999997,16.808
2024,REG,8,2024102700,59616,10/27/2024,1050,CLE,0325,BAL,visitor,4,2.9866993023508566,AGH474619,0325,Nelson Agholor,N.Agholor,WR,https://static.www.nfl.com/image/upload/{formatInstructions}/league/wyxfkarcjgqdz3pl8nnr,15,36,5,3,1,3,5,1,2.5022224900657655,6.087999999999999,12.734
2024,REG,8,2024102700,59616,10/27/2024,1050,CLE,0325,BAL,visitor,5,2.9866993023508566,LIK088990,0325,Isaiah Likely,I.Likely,TE,https://static.www.nfl.com/image/upload/{formatInstructions}/league/xmikfnklnpjmzjhbjrur,80,47,4,4,0,4,4,0,3.4806787581905514,7.109999999999999,0.1225000000000005
2024,REG,8,2024102701,59617,10/27/2024,1540,DET,2100,TEN,home,1,2.9866993023508566,LAP640235,1540,Sam LaPorta,S.LaPorta,TE,https://static.www.nfl.com/image/upload/{formatInstructions}/league/ucw8cfj5t5nwkx670wzu,87,48,6,6,1,6,6,1,3.5377491127263223,7.4575,1.3849999999999973
2024,REG,8,2024102701,59617,10/27/2024,1540,DET,2100,TEN,home,2,2.9866993023508566,WIL319263,1540,Isaiah Williams,I.Williams,WR,https://static.www.nfl.com/image/upload/{formatInstructions}/league/yoarwrtz1qrxlek5ou8j,83,6,3,2,0,2,3,0,2.0195091088438044,6.146666666666667,2.296666666666667
2024,REG,8,2024102701,59617,10/27/2024,1540,DET,2100,TEN,home,3,2.9866993023508566,RAY748263,1540,Kalif Raymond,K.Raymond,WR,https://static.www.nfl.com/image/upload/{formatInstructions}/league/hogsyuf9rqnzydmhbsht,11,14,2,2,1,2,2,1,5.689821560826521,9.135,-0.7049999999999983
2024,REG,8,2024102701,59617,10/27/2024,1540,DET,2100,TEN,home,4,2.9866993023508566,STB415291,1540,Amon-Ra St. Brown,A.St. Brown,WR,https://static.www.nfl.com/image/upload/{formatInstructions}/league/jmfuamqblg8jag0stpnq,14,7,2,2,1,2,2,1,5.275065393683153,2.39,4.989999999999995
2024,REG,8,2024102701,59617,10/27/2024,1540,DET,2100,TEN,home,5,2.9866993023508566,ROB365982,1540,Allen Robinson,A.Robinson,WR,https://static.www.nfl.com/image/upload/{formatInstructions}/league/fyukft9lraurbsq0laom,8,0,1,0,0,0,1,0,0.36069377593742724,6.91,8.310000000000002
2024,REG,8,2024102701,59617,10/27/2024,1540,DET,2100,TEN,visitor,1,2.9866993023508566,RID652384,2100,Calvin Ridley,C.Ridley,WR,https://static.www.nfl.com/image/upload/{formatInstructions}/league/tmeij0cfgylmurfybs74,0,143,15,10,0,10,15,0,2.2979753836995203,5.265714285714286,11.429333333333334
2024,REG,8,2024102701,59617,10/27/2024,1540,DET,2100,TEN,visitor,2,2.9866993023508566,BOY378353,2100,Tyler Boyd,T.Boyd,WR,https://static.www.nfl.com/image/upload/{formatInstructions}/league/ttifog0hjxprlhkagugu,83,14,6,3,0,3,6,0,2.25963866313283,4.04,8.145000000000001
2024,REG,8,2024102701,59617,10/27/2024,1540,DET,2100,TEN,visitor,3,2.9866993023508566,OKO283611,2100,Chig Okonkwo,C.Okonkwo,TE,https://static.www.nfl.com/image/upload/{formatInstructions}/league/ut2gqeq2lowknrro0wlu,85,14,5,2,0,2,5,0,2.5525973507548754,6.760000000000001,6.803999999999998
2024,REG,8,2024102701,59617,10/27/2024,1540,DET,2100,TEN,visitor,4,2.9866993023508566,WES567220,2100,Nick Westbrook-Ikhine,N.Westbrook-Ikhine,WR,https://static.www.nfl.com/image/upload/{formatInstructions}/league/rt9ic9wzwl2pevlxt1nd,15,39,4,2,1,2,4,1,0.8763830089849174,3.74,14.015
2024,REG,8,2024102701,59617,10/27/2024,1540,DET,2100,TEN,visitor,5,2.9866993023508566,WHY207645,2100,Josh Whyle,J.Whyle,TE,https://static.www.nfl.com/image/upload/{formatInstructions}/league/ccstvnbjzprcpb2j9xnb,81,33,2,2,0,2,2,0,5.760982883139114,7.14,4.57
2024,REG,8,2024102702,59618,10/27/2024,2120,HOU,2200,IND,home,1,2.9866993023508566,DIG218895,2120,Stefon Diggs,S.Diggs,WR,https://static.www.nfl.com/image/upload/{formatInstructions}/league/to2qwuffjnjlouctglsl,1,81,9,5,0,5,9,0,3.8740040056849674,8.968571428571428,12.632222222222223
2024,REG,8,2024102702,59618,10/27/2024,2120,HOU,2200,IND,home,2,2.9866993023508566,SCH647271,2120,Dalton Schultz,D.Schultz,TE,https://static.www.nfl.com/image/upload/{formatInstructions}/league/ooatvpu1knzypdmjljo9,86,52,6,4,0,4,6,0,2.791672209082991,7.178333333333334,8.756666666666668
2024,REG,8,2024102702,59618,10/27/2024,2120,HOU,2200,IND,home,3,2.9866993023508566,DEL440817,2120,Tank Dell,T.Dell,WR,https://static.www.nfl.com/image/upload/{formatInstructions}/league/tqxgovzlhxj0jnwkcvtq,3,35,4,4,1,4,4,1,3.0457883616128196,5.5,11.022500000000004
2024,REG,8,2024102702,59618,10/27/2024,2120,HOU,2200,IND,home,4,2.9866993023508566,MET373452,2120,John Metchie III,J.Metchie,WR,https://static.www.nfl.com/image/upload/{formatInstructions}/league/zf0d6hiyqnmtst0vwdpv,8,29,4,3,0,3,4,0,1.9605876829430877,6.07,8.529999999999998
2024,REG,8,2024102702,59618,10/27/2024,2120,HOU,2200,IND,home,5,2.9866993023508566,STO763332,2120,Cade Stover,C.Stover,TE,https://static.www.nfl.com/image/upload/{formatInstructions}/league/ehruudekjzjney5dircm,87,19,3,2,0,2,3,0,4.008967630424771,,6.409999999999999
2024,REG,8,2024102702,59618,10/27/2024,2120,HOU,2200,IND,visitor,1,2.9866993023508566,DOW686145,2200,Josh Downs,J.Downs,WR,https://static.www.nfl.com/image/upload/{formatInstructions}/league/zue2xxvfrignllqlhagu,1,109,9,4,0,4,9,1,4.929059786153334,4.725714285714285,11.018888888888888
2024,REG,8,2024102702,59618,10/27/2024,2120,HOU,2200,IND,visitor,2,2.9866993023508566,PIT228050,2200,Michael Pittman,M.Pittman,WR,https://static.www.nfl.com/image/private/{formatInstructions}/league/wnymcombo2plamteihiy,11,16,6,1,0,1,6,0,1.0113138091468403,6.301666666666667,21.50333333333333
2024,REG,8,2024102702,59618,10/27/2024,2120,HOU,2200,IND,visitor,3,2.9866993023508566,MIT056120,2200,Adonai Mitchell,A.Mitchell,WR,https://static.www.nfl.com/image/upload/{formatInstructions}/league/fztxucnxhoxep6utluyc,10,9,4,1,0,1,4,0,1.6454172060432461,6.125,20.005000000000003
2024,REG,8,2024102702,59618,10/27/2024,2120,HOU,2200,IND,visitor,4,2.9866993023508566,PIE185673,2200,Alec Pierce,A.Pierce,WR,https://static.www.nfl.com/image/upload/{formatInstructions}/league/hvtcpccoigf9cghzkxcg,14,11,4,1,0,1,4,0,1.3128785627440753,5.45,25.9
2024,REG,8,2024102702,59618,10/27/2024,2120,HOU,2200,IND,visitor,5,2.9866993023508566,MAL454836,2200,Will Mallory,W.Mallory,TE,https://static.www.nfl.com/image/upload/{formatInstructions}/league/rxeygxqtsnqqzgmjl71g,86,0,2,0,0,0,2,0,2.636938771602109,6.67,12.544999999999998
2024,REG,8,2024102703,59619,10/27/2024,2250,JAX,1800,GB,home,1,2.9866993023508566,STR188631,2250,Brenton Strange,B.Strange,TE,https://static.www.nfl.com/image/private/{formatInstructions}/league/trfk78mrfsafnbatyx2x,85,59,5,5,0,5,5,0,3.2491327216189148,8.303333333333333,5.166000000000001
2024,REG,8,2024102703,59619,10/27/2024,2250,JAX,1800,GB,home,2,2.9866993023508566,ENG726325,2250,Evan Engram,E.Engram,TE,https://static.www.nfl.com/image/upload/{formatInstructions}/league/sea0atk2feif4n75dvq8,17,36,5,4,1,4,5,1,3.2824658475145334,4.5200000000000005,7.041999999999997
2024,REG,8,2024102703,59619,10/27/2024,2250,JAX,1800,GB,home,3,2.9866993023508566,KIR257918,2250,Christian Kirk,C.Kirk,WR,https://static.www.nfl.com/image/private/{formatInstructions}/league/ersmmtjmjlpsy9lmjvde,13,59,5,2,0,2,5,0,2.2190994935215214,7.2675,19.036
2024,REG,8,2024102703,59619,10/27/2024,2250,JAX,1800,GB,home,4,2.9866993023508566,WAS604325,2250,Parker Washington,P.Washington,WR,https://static.www.nfl.com/image/private/{formatInstructions}/league/pukz1x5ysxkhvsmcttdm,11,46,4,3,0,3,4,0,2.323108692059314,6.7925,14.4075
2024,REG,8,2024102703,59619,10/27/2024,2250,JAX,1800,GB,home,5,2.9866993023508566,THO419793,2250,Brian Thomas Jr.,B.Thomas,WR,https://static.www.nfl.com/image/upload/{formatInstructions}/league/gsz15iz0ppibhslzzgch,7,60,4,3,1,3,4,1,2.461601829942183,9.4625,13.025000000000002
2024,REG,8,2024102703,59619,10/27/2024,2250,JAX,1800,GB,visitor,1,2.9866993023508566,WAT316591,1800,Christian Watson,C.Watson,WR,https://static.www.nfl.com/image/upload/{formatInstructions}/league/qenktpex0mep8er8dzxj,9,39,6,4,0,4,6,0,2.1301058016332384,5.633333333333333,11.031666666666666
2024,REG,8,2024102703,59619,10/27/2024,2250,JAX,1800,GB,visitor,2,2.9866993023508566,DOU043165,1800,Romeo Doubs,R.Doubs,WR,https://static.www.nfl.com/image/upload/{formatInstructions}/league/dyulbddqbqshoqdxgo63,87,72,6,3,0,3,6,0,3.2743806248888307,4.216666666666667,16.915
2024,REG,8,2024102703,59619,10/27/2024,2250,JAX,1800,GB,visitor,3,2.9866993023508566,KRA144054,1800,Tucker Kraft,T.Kraft,TE,https://static.www.nfl.com/image/upload/{formatInstructions}/league/klrmgekdzx1ywjjmixp7,85,78,3,3,1,3,3,1,5.95470475459905,4.015000000000001,9.719999999999999
2024,REG,8,2024102703,59619,10/27/2024,2250,JAX,1800,GB,visitor,4,2.9866993023508566,REE263142,1800,Jayden Reed,J.Reed,WR,https://static.www.nfl.com/image/upload/{formatInstructions}/league/blh2tfg9qjthqo2g6ot4,11,55,3,2,0,2,3,0,5.419943198603107,5.875,9.139999999999999
2024,REG,8,2024102703,59619,10/27/2024,2250,JAX,1800,GB,visitor,5,2.9866993023508566,WIC622867,1800,Dontayvion Wicks,D.Wicks,WR,https://static.www.nfl.com/image/upload/{formatInstructions}/league/ghsev2bmz8kvhm8dsbey,13,11,2,2,0,2,2,0,2.6798701078129916,2.75,3.745000000000001
2024,REG,8,2024102704,59620,10/27/2024,2700,MIA,3800,ARI,home,1,2.9866993023508566,HIL628694,2700,Tyreek Hill,T.Hill,WR,https://static.www.nfl.com/image/upload/{formatInstructions}/league/gdwjlpbkenmnsibawkht,10,72,9,6,0,6,9,0,3.039037971283512,4.426666666666667,11.794444444444444
2024,REG,8,2024102704,59620,10/27/2024,2700,MIA,3800,ARI,home,2,2.9866993023508566,WAD088683,2700,Jaylen Waddle,J.Waddle,WR,https://static.www.nfl.com/image/private/{formatInstructions}/league/qjsz2h6shbdnksctzeka,17,45,6,4,0,4,6,0,3.5917067301467562,4.423333333333333,8.716666666666667
2024,REG,8,2024102704,59620,10/27/2024,2700,MIA,3800,ARI,home,3,2.9866993023508566,SMI443054,2700,Jonnu Smith,J.Smith,TE,https://static.www.nfl.com/image/upload/{formatInstructions}/league/p8uldtljkzb6sile3wgx,9,20,6,4,0,4,6,0,1.9392799249380648,6.208333333333333,6.516666666666668
2024,REG,8,2024102704,59620,10/27/2024,2700,MIA,3800,ARI,home,4,2.9866993023508566,HIL451650,2700,Julian Hill,J.Hill,TE,https://static.www.nfl.com/image/upload/{formatInstructions}/league/ycrsps9cgsfkyppucwrr,89,11,3,3,0,3,3,0,1.8292339893491594,3.5,0.7266666666666642
2024,REG,8,2024102704,59620,10/27/2024,2700,MIA,3800,ARI,home,5,2.9866993023508566,ESK561172,2700,D'Wayne Eskridge,D.Eskridge,WR,https://static.www.nfl.com/image/upload/{formatInstructions}/league/rtcgfdtbltkjwicxryl8,82,6,1,1,0,1,1,0,4.767074574621209,8.36,5.310000000000002
2024,REG,8,2024102704,59620,10/27/2024,2700,MIA,3800,ARI,visitor,1,2.9866993023508566,MCB743360,3800,Trey McBride,T.McBride,TE,https://static.www.nfl.com/image/upload/{formatInstructions}/league/hfdgljgi9gfaskomdl1h,85,124,11,9,0,9,11,0,3.1954772053112177,6.138,8.26818181818182
2024,REG,8,2024102704,59620,10/27/2024,2700,MIA,3800,ARI,visitor,2,2.9866993023508566,HAR648677,3800,Marvin Harrison Jr.,M.Harrison,WR,https://static.www.nfl.com/image/upload/{formatInstructions}/league/o6hg5zeofmxvzjjpo2sf,18,111,7,6,1,6,7,1,1.968293317844845,2.9457142857142857,18.505714285714284
2024,REG,8,2024102704,59620,10/27/2024,2700,MIA,3800,ARI,visitor,3,2.9866993023508566,WIL752419,3800,Michael Wilson,Mi.Wilson,WR,https://static.www.nfl.com/image/upload/{formatInstructions}/league/spsbduvpqe21tgkwhvbc,14,31,6,5,1,5,6,1,3.0786035035463755,8.379999999999999,7.101666666666667
2024,REG,8,2024102704,59620,10/27/2024,2700,MIA,3800,ARI,visitor,4,2.9866993023508566,DOR793727,3800,Greg Dortch,G.Dortch,WR,https://static.www.nfl.com/image/upload/{formatInstructions}/league/gkog6lrht3rnktwiberj,4,9,2,1,0,1,2,0,1.8147973742378485,,9.005000000000003
2024,REG,8,2024102704,59620,10/27/2024,2700,MIA,3800,ARI,visitor,5,2.9866993023508566,HIG138430,3800,Elijah Higgins,E.Higgins,TE,https://static.www.nfl.com/image/upload/{formatInstructions}/league/sodpdh4uhbhzjxbnmao1,84,13,2,2,0,2,2,0,6.1337228777351305,3.07,2.9650000000000034
2024,REG,8,2024102705,59621,10/27/2024,3200,NE,3430,NYJ,home,1,2.9866993023508566,HEN617052,3200,Hunter Henry,H.Henry,TE,https://static.www.nfl.com/image/private/{formatInstructions}/league/sdjob9akppefyo7py5tj,85,45,6,5,0,5,6,0,2.6463771395677327,6.59,6.0783333333333305
2024,REG,8,2024102705,59621,10/27/2024,3200,NE,3430,NYJ,home,2,2.9866993023508566,BOU482823,3200,Kayshon Boutte,K.Boutte,WR,https://static.www.nfl.com/image/private/{formatInstructions}/league/nz6t7jhx6erszovbv1bd,9,46,6,3,0,3,6,0,2.204982095497978,4.218333333333333,15.341666666666667
2024,REG,8,2024102705,59621,10/27/2024,3200,NE,3430,NYJ,home,3,2.9866993023508566,HOO570770,3200,Austin Hooper,A.Hooper,TE,https://static.www.nfl.com/image/upload/{formatInstructions}/league/hj0ybtjspne3t1cso961,81,15,4,3,0,3,4,0,3.3939135353358756,3.88,4.005000000000001
2024,REG,8,2024102705,59621,10/27/2024,3200,NE,3430,NYJ,home,4,2.9866993023508566,DOU259552,3200,Demario Douglas,D.Douglas,WR,https://static.www.nfl.com/image/private/{formatInstructions}/league/svnh61ottqtfmcqvnbj3,3,12,3,2,0,2,3,0,2.529127991110197,4.373333333333334,3.796666666666667
2024,REG,8,2024102705,59621,10/27/2024,3200,NE,3430,NYJ,home,5,2.9866993023508566,THO797153,3200,Tyquan Thornton,T.Thornton,WR,https://static.www.nfl.com/image/private/{formatInstructions}/league/p1kulrgf4v2grethuefi,11,20,3,2,0,2,3,0,4.895274283331392,5.7,12.003333333333336
2024,REG,8,2024102705,59621,10/27/2024,3200,NE,3430,NYJ,visitor,1,2.9866993023508566,WIL691962,3430,Garrett Wilson,G.Wilson,WR,https://static.www.nfl.com/image/private/{formatInstructions}/league/llgosx4tokddwnyrgvbx,5,113,8,5,0,5,8,0,1.3221404662550371,3.35375,19.88
2024,REG,8,2024102705,59621,10/27/2024,3200,NE,3430,NYJ,visitor,2,2.9866993023508566,ADA218591,3430,Davante Adams,D.Adams,WR,https://static.www.nfl.com/image/upload/{formatInstructions}/league/jweoujpjv9u2a8k7wnos,17,54,6,4,0,4,6,0,2.6799557679479182,5.336666666666667,8.083333333333332
2024,REG,8,2024102705,59621,10/27/2024,3200,NE,3430,NYJ,visitor,3,2.9866993023508566,CON185250,3430,Tyler Conklin,T.Conklin,TE,https://static.www.nfl.com/image/upload/{formatInstructions}/league/chajhumpfogd8effewe6,83,42,4,3,1,3,4,1,2.8906025159542343,5.083333333333333,10.725000000000001
2024,REG,8,2024102705,59621,10/27/2024,3200,NE,3430,NYJ,visitor,4,2.9866993023508566,RUC675714,3430,Jeremy Ruckert,J.Ruckert,TE,https://static.www.nfl.com/image/private/{formatInstructions}/league/w6bf97vbqitoyo5o7xaa,89,14,3,3,0,3,3,0,4.1010615820567455,6.98,0.02333333333333106
2024,REG,8,2024102705,59621,10/27/2024,3200,NE,3430,NYJ,visitor,5,2.9866993023508566,GIP576222,3430,Xavier Gipson,X.Gipson,WR,https://static.www.nfl.com/image/private/{formatInstructions}/league/tqo7wkjetkgupevxfvnv,82,1,1,1,1,1,1,1,1.2899612397277722,6.71,1.5899999999999999
2024,REG,8,2024102706,59622,10/27/2024,4900,TB,0200,ATL,home,1,2.9866993023508566,OTT712400,4900,Cade Otton,C.Otton,TE,https://static.www.nfl.com/image/upload/{formatInstructions}/league/mljam77kst1wlqd5y91v,88,81,10,9,2,9,10,2,2.5149416239826303,6.8340000000000005,4.512
2024,REG,8,2024102706,59622,10/27/2024,4900,TB,0200,ATL,home,2,2.9866993023508566,MCM472299,4900,Jalen McMillan,J.McMillan,WR,https://static.www.nfl.com/image/upload/{formatInstructions}/league/zdxkyl8gy4dqiq6evfzp,15,35,7,4,0,4,7,0,3.454422796140345,7.922857142857142,14.75857142857143
2024,REG,8,2024102706,59622,10/27/2024,4900,TB,0200,ATL,home,3,2.9866993023508566,MIL545030,4900,Ryan Miller,R.Miller,WR,https://static.www.nfl.com/image/upload/{formatInstructions}/league/maywscb6waflzzuaesew,81,19,5,3,0,3,5,0,1.9052327157547975,9.7275,10.756000000000002
2024,REG,8,2024102706,59622,10/27/2024,4900,TB,0200,ATL,home,4,2.9866993023508566,SHE495754,4900,Sterling Shepard,S.Shepard,WR,https://static.www.nfl.com/image/upload/{formatInstructions}/league/dphqvpkeselgrselrvma,17,18,5,3,0,3,5,0,3.830988110499777,7.603999999999999,9.18
2024,REG,8,2024102706,59622,10/27/2024,4900,TB,0200,ATL,home,5,2.9866993023508566,JAR260842,4900,Rakim Jarrett,R.Jarrett,WR,https://static.www.nfl.com/image/upload/{formatInstructions}/league/mnbgtrdhyuofclpct6tl,18,58,3,3,0,3,3,0,2.2123988931965117,8.31,16.563333333333336
2024,REG,8,2024102706,59622,10/27/2024,4900,TB,0200,ATL,visitor,1,2.9866993023508566,LON013463,0200,Drake London,D.London,WR,https://static.www.nfl.com/image/upload/{formatInstructions}/league/wikjazqtt3uunjufgqrf,5,34,6,4,0,4,6,0,3.501840740769634,4.421666666666667,6.623333333333334
2024,REG,8,2024102706,59622,10/27/2024,4900,TB,0200,ATL,visitor,2,2.9866993023508566,MOO076900,0200,Darnell Mooney,D.Mooney,WR,https://static.www.nfl.com/image/upload/{formatInstructions}/league/c1ixyspw0eshl3a2qrly,1,86,6,4,1,4,6,1,2.7396907652579365,5.286,19.89
2024,REG,8,2024102706,59622,10/27/2024,4900,TB,0200,ATL,visitor,3,2.9866993023508566,PIT516805,0200,Kyle Pitts,K.Pitts,TE,https://static.www.nfl.com/image/upload/{formatInstructions}/league/t8ymqyhvv8i1r80jyhy2,8,91,5,4,2,4,5,2,5.005356582892467,9.514,7.121999999999998
2024,REG,8,2024102706,59622,10/27/2024,4900,TB,0200,ATL,visitor,4,2.9866993023508566,MCC417118,0200,Ray-Ray McCloud,R.McCloud,WR,https://static.www.nfl.com/image/upload/{formatInstructions}/league/nvwn3sdihyyd2itjt7vy,34,9,3,3,0,3,3,0,6.446504675509279,9.663333333333332,-3.1399999999999992
2024,REG,8,2024102706,59622,10/27/2024,4900,TB,0200,ATL,visitor,5,2.9866993023508566,WOE138430,0200,Charlie Woerner,C.Woerner,TE,https://static.www.nfl.com/image/upload/{formatInstructions}/league/hllqdtlyjbs2gbdgn6lj,89,13,1,1,0,1,1,0,7.078785206516721,,4.049999999999997
2024,REG,8,2024102707,59623,10/27/2024,5110,WAS,0810,CHI,home,1,2.9866993023508566,ERT800920,5110,Zach Ertz,Z.Ertz,TE,https://static.www.nfl.com/image/upload/{formatInstructions}/league/xktmmeumuoglbuam75iz,86,77,11,7,0,7,11,0,3.104335708979938,6.702727272727273,9.940909090909091
2024,REG,8,2024102707,59623,10/27/2024,5110,WAS,0810,CHI,home,2,2.9866993023508566,MCL278328,5110,Terry McLaurin,T.McLaurin,WR,https://static.www.nfl.com/image/upload/{formatInstructions}/league/wokz1etv1wj1vhbmvxgs,17,125,8,5,0,5,8,0,3.7946047572254518,7.779999999999999,22.875
2024,REG,8,2024102707,59623,10/27/2024,5110,WAS,0810,CHI,home,3,2.9866993023508566,BRO567406,5110,Noah Brown,N.Brown,WR,https://static.www.nfl.com/image/upload/{formatInstructions}/league/nv6ix0p8965yiugsuhwh,85,73,6,3,1,3,6,1,2.607644636218603,8.790000000000001,19.53166666666667
2024,REG,8,2024102707,59623,10/27/2024,5110,WAS,0810,CHI,home,4,2.9866993023508566,MCC038410,5110,Luke McCaffrey,L.McCaffrey,WR,https://static.www.nfl.com/image/upload/{formatInstructions}/league/iqzscuxu9lxjfhoyxsjg,12,8,2,1,0,1,2,0,5.177378564505659,4.5,9.225
2024,REG,8,2024102707,59623,10/27/2024,5110,WAS,0810,CHI,home,5,2.9866993023508566,BAT109191,5110,John Bates,J.Bates,TE,https://static.www.nfl.com/image/upload/{formatInstructions}/league/edpnkleev10rpzfgjakv,87,20,2,1,0,1,2,0,3.6070689218721794,10.36,4.199999999999999
2024,REG,8,2024102707,59623,10/27/2024,5110,WAS,0810,CHI,visitor,1,2.9866993023508566,ALL532966,0810,Keenan Allen,K.Allen,WR,https://static.www.nfl.com/image/upload/{formatInstructions}/league/lngo1onvkcqjnq7ozkuu,13,39,7,2,0,2,7,0,3.3103764814030616,4.743333333333333,16.03142857142857
2024,REG,8,2024102707,59623,10/27/2024,5110,WAS,0810,CHI,visitor,2,2.9866993023508566,ODU426541,0810,Rome Odunze,R.Odunze,WR,https://static.www.nfl.com/image/upload/{formatInstructions}/league/labs8tstecnehvzfmrs5,15,41,6,3,0,3,6,0,2.764711711156609,7.021666666666667,17.91
2024,REG,8,2024102707,59623,10/27/2024,5110,WAS,0810,CHI,visitor,3,2.9866993023508566,MOO272423,0810,DJ Moore,D.Moore,WR,https://static.www.nfl.com/image/upload/{formatInstructions}/league/hqb9xnzm9brx79zl6wve,2,27,4,2,0,2,4,0,2.5695710780053487,6.279999999999999,11.16
2024,REG,8,2024102707,59623,10/27/2024,5110,WAS,0810,CHI,visitor,4,2.9866993023508566,EVE166115,0810,Gerald Everett,G.Everett,TE,https://static.www.nfl.com/image/upload/{formatInstructions}/league/aayw74rhaupmfnnikzak,14,3,2,1,0,1,2,0,3.489672422200011,7.02,1.985000000000003
2024,REG,8,2024102707,59623,10/27/2024,5110,WAS,0810,CHI,visitor,5,2.9866993023508566,CAR641798,0810,DeAndre Carter,D.Carter,WR,https://static.www.nfl.com/image/private/{formatInstructions}/league/mh4cvggohuakwwhobzrk,11,7,1,1,0,1,1,0,2.7319040978775235,3.45,5.369999999999999
2024,REG,8,2024102708,59624,10/27/2024,4400,LAC,3300,NO,home,1,2.9866993023508566,DIS743152,4400,Will Dissly,W.Dissly,TE,https://static.www.nfl.com/image/upload/{formatInstructions}/league/opdpeoconvviwkufolxr,81,41,7,5,0,5,7,0,2.727687221355459,6.906000000000001,4.917142857142857
2024,REG,8,2024102708,59624,10/27/2024,4400,LAC,3300,NO,home,2,2.9866993023508566,MCC512833,4400,Ladd McConkey,L.McConkey,WR,https://static.www.nfl.com/image/upload/{formatInstructions}/league/wcx39ialovvxxnvs2bke,15,111,6,6,2,6,6,2,2.6281531692894884,8.471666666666666,12.833333333333334
2024,REG,8,2024102708,59624,10/27/2024,4400,LAC,3300,NO,home,3,2.9866993023508566,PAL451625,4400,Josh Palmer,J.Palmer,WR,https://static.www.nfl.com/image/upload/{formatInstructions}/league/dexbsmmldvsqtr83or5l,5,72,4,2,0,2,4,0,2.7665971630494948,9.04,19.110000000000003
2024,REG,8,2024102708,59624,10/27/2024,4400,LAC,3300,NO,home,4,2.9866993023508566,REA338982,4400,Jalen Reagor,J.Reagor,WR,https://static.www.nfl.com/image/upload/{formatInstructions}/league/myazqfr7pzfyofksuyet,89,35,2,2,0,2,2,0,9.750856377751099,6.255,9.549999999999999
2024,REG,8,2024102708,59624,10/27/2024,4400,LAC,3300,NO,home,5,2.9866993023508566,FEH556867,4400,Simi Fehoko,S.Fehoko,WR,https://static.www.nfl.com/image/upload/{formatInstructions}/league/fcso2vvp9tgqjm30qmuq,87,0,2,0,0,0,2,0,1.3797889506145176,1.795,21.240000000000002
2024,REG,8,2024102708,59624,10/27/2024,4400,LAC,3300,NO,visitor,1,2.9866993023508566,OLA659325,3300,Chris Olave,C.Olave,WR,https://static.www.nfl.com/image/upload/{formatInstructions}/league/riiwbow7zphqmomiazph,12,107,14,8,0,8,14,0,3.9265304936910708,8.002857142857142,12.884285714285715
2024,REG,8,2024102708,59624,10/27/2024,4400,LAC,3300,NO,visitor,2,2.9866993023508566,HIL609597,3300,Taysom Hill,T.Hill,TE,https://static.www.nfl.com/image/upload/{formatInstructions}/league/q8itjlocg5do60qat4l3,7,21,4,2,0,2,4,0,2.2012869061958162,7.38,3.4600000000000026
2024,REG,8,2024102708,59624,10/27/2024,4400,LAC,3300,NO,visitor,3,2.9866993023508566,JOH398789,3300,Juwan Johnson,J.Johnson,TE,https://static.www.nfl.com/image/upload/{formatInstructions}/league/pdsl9w3agc9uvjqpq1jy,83,48,4,3,0,3,4,0,3.1889001700615367,5.23,11.2425
2024,REG,8,2024102708,59624,10/27/2024,4400,LAC,3300,NO,visitor,4,2.9866993023508566,TIP628557,3300,Mason Tipton,M.Tipton,WR,https://static.www.nfl.com/image/upload/{formatInstructions}/league/ldzn20eu15intdsolw9i,84,14,2,2,0,2,2,0,2.8222683949978364,7.44,6.354999999999997
2024,REG,8,2024102708,59624,10/27/2024,4400,LAC,3300,NO,visitor,5,2.9866993023508566,MOR096402,3300,Foster Moreau,F.Moreau,TE,https://static.www.nfl.com/image/upload/{formatInstructions}/league/hfcik9okcbwsbhgoaljy,87,0,1,0,0,0,1,0,1.0299999999999976,,11.629999999999995
2024,REG,8,2024102709,59625,10/27/2024,4600,SEA,0610,BUF,home,1,2.9866993023508566,SMI829636,4600,Jaxon Smith-Njigba,J.Smith-Njigba,WR,https://static.www.nfl.com/image/upload/{formatInstructions}/league/lfroslgx4bo5p641flvg,11,69,7,6,0,6,7,0,3.7261020149039275,7.32,6.967142857142858
2024,REG,8,2024102709,59625,10/27/2024,4600,SEA,0610,BUF,home,2,2.9866993023508566,FAN405165,4600,Noah Fant,N.Fant,TE,https://static.www.nfl.com/image/private/{formatInstructions}/league/w1gqasldrg3jumzdqjvy,87,22,4,3,0,3,4,0,4.951951673441412,8.26,2.042500000000002
2024,REG,8,2024102709,59625,10/27/2024,4600,SEA,0610,BUF,home,3,2.9866993023508566,LOC420915,4600,Tyler Lockett,T.Lockett,WR,https://static.www.nfl.com/image/upload/{formatInstructions}/league/yz9p4pfwr0iyakhnwj4z,16,9,3,1,0,1,3,0,2.049900135520408,8.450000000000001,8.61333333333333
2024,REG,8,2024102709,59625,10/27/2024,4600,SEA,0610,BUF,home,4,2.9866993023508566,BAR235889,4600,AJ Barner,A.Barner,TE,https://static.www.nfl.com/image/upload/{formatInstructions}/league/msnzbeyjoemcas9dm8vt,88,34,2,2,0,2,2,0,3.7772489810699423,9.065,10.144999999999996
2024,REG,8,2024102709,59625,10/27/2024,4600,SEA,0610,BUF,home,5,2.9866993023508566,BOB556112,4600,Jake Bobo,J.Bobo,WR,https://static.www.nfl.com/image/upload/{formatInstructions}/league/vf5wazbhc3u7x7vjhojq,19,15,1,1,0,1,1,0,6.495729366283664,6.18,11.04
2024,REG,8,2024102709,59625,10/27/2024,4600,SEA,0610,BUF,visitor,1,2.9866993023508566,SHA107427,0610,Khalil Shakir,K.Shakir,WR,https://static.www.nfl.com/image/upload/{formatInstructions}/league/ch2yarhiobqlvr9ls2yw,10,107,10,9,0,9,10,0,4.699743572546757,5.676,1.464
2024,REG,8,2024102709,59625,10/27/2024,4600,SEA,0610,BUF,visitor,2,2.9866993023508566,COL295571,0610,Keon Coleman,K.Coleman,WR,https://static.www.nfl.com/image/upload/{formatInstructions}/league/ipwpdgb0cm3xy3d8zu1l,0,70,7,5,1,5,7,1,2.483501120364308,4.287142857142857,11.260000000000003
2024,REG,8,2024102709,59625,10/27/2024,4600,SEA,0610,BUF,visitor,3,2.9866993023508566,KIN069130,0610,Dalton Kincaid,D.Kincaid,TE,https://static.www.nfl.com/image/upload/{formatInstructions}/league/rsimqxdfwlb1n9qd4w3g,86,31,7,4,1,4,7,1,3.581934453856978,4.322,6.70857142857143
2024,REG,8,2024102709,59625,10/27/2024,4600,SEA,0610,BUF,visitor,4,2.9866993023508566,KNO490795,0610,Dawson Knox,D.Knox,TE,https://static.www.nfl.com/image/upload/{formatInstructions}/league/uazfj5l5vzow2oyfa1s6,88,50,2,2,0,2,2,0,5.123401583305631,2.47,19.84
2024,REG,8,2024102709,59625,10/27/2024,4600,SEA,0610,BUF,visitor,5,2.9866993023508566,COO487703,0610,Amari Cooper,A.Cooper,WR,https://static.www.nfl.com/image/upload/{formatInstructions}/league/zmtzqznqui37unmo5xv9,18,3,2,1,0,1,2,0,2.3090143800007494,3.9399999999999995,2.995000000000001
2024,REG,8,2024102710,59626,10/27/2024,0920,CIN,3700,PHI,home,1,2.9866993023508566,CHA694469,0920,Ja'Marr Chase,J.Chase,WR,https://static.www.nfl.com/image/upload/{formatInstructions}/league/qkcb3qt2fhasfgtfuprd,1,54,11,9,1,9,11,1,2.400330274841234,4.435555555555556,7.491818181818181
2024,REG,8,2024102710,59626,10/27/2024,0920,CIN,3700,PHI,home,2,2.9866993023508566,GES490798,0920,Mike Gesicki,M.Gesicki,TE,https://static.www.nfl.com/image/upload/{formatInstructions}/league/zabpknonv9ozmkyw4qqt,88,73,8,7,0,7,8,0,2.8245235671999476,8.663333333333334,7.89875
2024,REG,8,2024102710,59626,10/27/2024,0920,CIN,3700,PHI,home,3,2.9866993023508566,IOS307886,0920,Andrei Iosivas,A.Iosivas,WR,https://static.www.nfl.com/image/upload/{formatInstructions}/league/pgbqgzrxmbnmpcnkhsya,80,0,3,0,0,0,3,0,2.6436756127527805,6.306666666666666,12.96
2024,REG,8,2024102710,59626,10/27/2024,0920,CIN,3700,PHI,home,4,2.9866993023508566,BUR768791,0920,Jermaine Burton,J.Burton,WR,https://static.www.nfl.com/image/upload/{formatInstructions}/league/ifbhq7ghxf2mcvhzuxsz,81,41,3,1,0,1,3,0,2.5831240049199486,6.739999999999999,27.236666666666668
2024,REG,8,2024102710,59626,10/27/2024,0920,CIN,3700,PHI,home,5,2.9866993023508566,ALL004828,0920,Erick All,E.All,TE,https://static.www.nfl.com/image/upload/{formatInstructions}/league/ifkhcxze7lnxkpzjvsmk,83,32,2,2,0,2,2,0,6.026145818809046,3.235,10.449999999999996
2024,REG,8,2024102710,59626,10/27/2024,0920,CIN,3700,PHI,visitor,1,2.9866993023508566,SMI206016,3700,DeVonta Smith,D.Smith,WR,https://static.www.nfl.com/image/upload/{formatInstructions}/league/bmdflwy52nsk7zpnfhwb,6,85,7,6,1,6,7,1,2.21436905854374,7.448571428571428,10.711428571428572
2024,REG,8,2024102710,59626,10/27/2024,0920,CIN,3700,PHI,visitor,2,2.9866993023508566,BRO413223,3700,A.J. Brown,A.Brown,WR,https://static.www.nfl.com/image/private/{formatInstructions}/league/a014sgzctarbvhwb35lw,11,84,6,5,0,5,6,0,2.8985529918473,3.025,13.658333333333337
2024,REG,8,2024102710,59626,10/27/2024,0920,CIN,3700,PHI,visitor,3,2.9866993023508566,CAL069215,3700,Grant Calcaterra,G.Calcaterra,TE,https://static.www.nfl.com/image/upload/{formatInstructions}/league/vxl0kathuej280k01d2r,81,58,3,3,0,3,3,0,6.603045584388362,7.98,9.733333333333334
2024,REG,8,2024102710,59626,10/27/2024,0920,CIN,3700,PHI,visitor,4,2.9866993023508566,STO341471,3700,Jack Stoll,J.Stoll,TE,https://static.www.nfl.com/image/upload/{formatInstructions}/league/zjtgvymulwbpr67lfc8i,87,6,1,1,0,1,1,0,2.028299780604435,4.04,4.629999999999999
2024,REG,8,2024102711,59627,10/27/2024,1400,DEN,0750,CAR,home,1,2.9866993023508566,SUT333526,1400,Courtland Sutton,C.Sutton,WR,https://static.www.nfl.com/image/upload/{formatInstructions}/league/qts95gbd6hv65s9eiseq,14,100,11,8,0,8,11,0,2.401325868933345,8.788181818181819,13.343636363636364
2024,REG,8,2024102711,59627,10/27/2024,1400,DEN,0750,CAR,home,2,2.9866993023508566,HUM534685,1400,Lil'Jordan Humphrey,L.Humphrey,WR,https://static.www.nfl.com/image/upload/{formatInstructions}/league/yjmyfuozafxd7zwf3mlr,84,22,6,4,0,4,6,0,2.719995568370901,6.557499999999999,9.326666666666666
2024,REG,8,2024102711,59627,10/27/2024,1400,DEN,0750,CAR,home,3,2.9866993023508566,TRA447732,1400,Adam Trautman,A.Trautman,TE,https://static.www.nfl.com/image/upload/{formatInstructions}/league/qvqigum2qjhil0z3er2c,82,85,4,4,1,4,4,1,4.908726140577198,5.316666666666666,14.067500000000003
2024,REG,8,2024102711,59627,10/27/2024,1400,DEN,0750,CAR,home,4,2.9866993023508566,VEL175757,1400,Devaughn Vele,D.Vele,WR,https://static.www.nfl.com/image/upload/{formatInstructions}/league/f2lz4vsh2daurrwdamzv,17,28,3,3,0,3,3,0,2.5799296020208793,5.285,10.156666666666666
2024,REG,8,2024102711,59627,10/27/2024,1400,DEN,0750,CAR,home,5,2.9866993023508566,KRU507134,1400,Lucas Krull,L.Krull,TE,https://static.www.nfl.com/image/upload/{formatInstructions}/league/v3rdtydz7dh4s5oyzejs,85,18,2,2,0,2,2,0,2.5876732290785918,,4.600000000000001
2024,REG,8,2024102711,59627,10/27/2024,1400,DEN,0750,CAR,visitor,1,2.9866993023508566,LEG145351,0750,Xavier Legette,X.Legette,WR,https://static.www.nfl.com/image/upload/{formatInstructions}/league/a3etuvp3kqtwmtkioq8g,17,34,7,4,0,4,7,1,3.0681346633394426,7.461428571428571,15.345714285714283
2024,REG,8,2024102711,59627,10/27/2024,1400,DEN,0750,CAR,visitor,2,2.9866993023508566,COK451291,0750,Jalen Coker,J.Coker,WR,https://static.www.nfl.com/image/upload/{formatInstructions}/league/wk9xewrixauh09f71pqh,18,78,6,4,1,4,6,1,2.0503681440365624,6.55,16.348333333333333
2024,REG,8,2024102711,59627,10/27/2024,1400,DEN,0750,CAR,visitor,3,2.9866993023508566,MOO249444,0750,David Moore,D.Moore,WR,https://static.www.nfl.com/image/upload/{formatInstructions}/league/i2esmsczxxoq7pzvg6yf,83,39,5,4,0,4,5,0,2.4317673208137123,6.212,8.149999999999997
2024,REG,8,2024102711,59627,10/27/2024,1400,DEN,0750,CAR,visitor,4,2.9866993023508566,TRE718453,0750,Tommy Tremble,T.Tremble,TE,https://static.www.nfl.com/image/upload/{formatInstructions}/league/jn0kmd8lg9hu4fjnnat9,82,13,3,2,0,2,3,0,3.4738033861037265,5.223333333333333,5.100000000000001
2024,REG,8,2024102711,59627,10/27/2024,1400,DEN,0750,CAR,visitor,5,2.9866993023508566,MIN170999,0750,Jonathan Mingo,J.Mingo,WR,https://static.www.nfl.com/image/upload/{formatInstructions}/league/h11vrrghme2x7lu3iwzm,15,0,3,0,0,0,3,0,0.9567288286186354,5.04,14.106666666666667
2024,REG,8,2024102712,59628,10/27/2024,2520,LV,2310,KC,home,1,2.9866993023508566,MEY171606,2520,Jakobi Meyers,J.Meyers,WR,https://static.www.nfl.com/image/upload/{formatInstructions}/league/p1abjttm5pu8gev0gwea,16,52,7,6,1,6,7,1,5.2155043001552235,6.696666666666666,4.715714285714284
2024,REG,8,2024102712,59628,10/27/2024,2520,LV,2310,KC,home,2,2.9866993023508566,BOW196560,2520,Brock Bowers,B.Bowers,TE,https://static.www.nfl.com/image/upload/{formatInstructions}/league/mjy86xh8munoiur4hejf,89,58,5,5,0,5,5,0,4.835191403331956,8.463333333333333,5.3359999999999985
2024,REG,8,2024102712,59628,10/27/2024,2520,LV,2310,KC,home,3,2.9866993023508566,TUR283150,2520,DJ Turner,D.Turner,WR,https://static.www.nfl.com/image/upload/{formatInstructions}/league/os5eurhh1y45sixa8phl,19,28,4,4,1,4,4,1,2.830606313508746,7.2124999999999995,5.559999999999999
2024,REG,8,2024102712,59628,10/27/2024,2520,LV,2310,KC,home,4,2.9866993023508566,TUC399910,2520,Tre Tucker,T.Tucker,WR,https://static.www.nfl.com/image/upload/{formatInstructions}/league/soebzcfwhgnjffwqv1ox,11,26,3,2,0,2,3,0,2.841511184909463,2.0133333333333336,11.269999999999998
2024,REG,8,2024102712,59628,10/27/2024,2520,LV,2310,KC,home,5,2.9866993023508566,SHE468281,2520,John Shenker,J.Shenker,TE,https://static.www.nfl.com/image/private/{formatInstructions}/league/gx0qdhwr7pdetd83ifcw,86,7,1,1,0,1,1,0,2.8023561515267814,,4.140000000000001
2024,REG,8,2024102712,59628,10/27/2024,2520,LV,2310,KC,visitor,1,2.9866993023508566,KEL012458,2310,Travis Kelce,T.Kelce,TE,https://static.www.nfl.com/image/upload/{formatInstructions}/league/ilk4qbxxs6mt3v9zfvtg,87,90,12,10,1,10,12,1,3.4350368183502464,6.0874999999999995,7.338333333333334
2024,REG,8,2024102712,59628,10/27/2024,2520,LV,2310,KC,visitor,2,2.9866993023508566,WOR741496,2310,Xavier Worthy,X.Worthy,WR,https://static.www.nfl.com/image/upload/{formatInstructions}/league/fvzbx5gpiqkogglyoo1w,1,37,8,4,1,4,8,1,3.3805979511630366,4.1925,7.425
2024,REG,8,2024102712,59628,10/27/2024,2520,LV,2310,KC,visitor,3,2.9866993023508566,GRA757316,2310,Noah Gray,N.Gray,TE,https://static.www.nfl.com/image/upload/{formatInstructions}/league/erihh0eiq4m76k2ejvax,83,23,3,3,0,3,3,0,4.256688650478895,6.53,6.593333333333334
2024,REG,8,2024102712,59628,10/27/2024,2520,LV,2310,KC,visitor,4,2.9866993023508566,HOP161500,2310,DeAndre Hopkins,D.Hopkins,WR,https://static.www.nfl.com/image/upload/{formatInstructions}/league/mcoovpx81ao3cdn0igbj,8,29,3,2,0,2,3,0,3.361177498224606,6.586666666666667,13.936666666666667
2024,REG,8,2024102712,59628,10/27/2024,2520,LV,2310,KC,visitor,5,2.9866993023508566,WAT441238,2310,Justin Watson,Ju.Watson,WR,https://static.www.nfl.com/image/private/{formatInstructions}/league/vr9tayyujt23takv3hv3,84,33,3,3,0,3,3,0,4.154480685489784,6.550000000000001,6.889999999999996
2024,REG,8,2024102713,59629,10/27/2024,4500,SF,1200,DAL,home,1,2.9866993023508566,KIT388290,4500,George Kittle,G.Kittle,TE,https://static.www.nfl.com/image/upload/{formatInstructions}/league/ivkrikewqqdllzvano8h,85,128,7,6,1,6,7,1,4.7294215425605755,5.0249999999999995,10.405714285714284
2024,REG,8,2024102713,59629,10/27/2024,4500,SF,1200,DAL,home,2,2.9866993023508566,SAM636097,4500,Deebo Samuel Sr.,D.Samuel,WR,https://static.www.nfl.com/image/upload/{formatInstructions}/league/shqoqpjwwoiexzy6cmgb,1,71,7,4,0,4,7,0,3.3102399262462527,6.21,6.922857142857144
2024,REG,8,2024102713,59629,10/27/2024,4500,SF,1200,DAL,home,3,2.9866993023508566,PEA307677,4500,Ricky Pearsall,R.Pearsall,WR,https://static.www.nfl.com/image/upload/{formatInstructions}/league/akwepvt6qxwbgankljmv,14,38,4,4,0,4,4,0,2.872061625291744,5.4075,7.835000000000001
2024,REG,8,2024102713,59629,10/27/2024,4500,SF,1200,DAL,home,4,2.9866993023508566,CON236839,4500,Chris Conley,C.Conley,WR,https://static.www.nfl.com/image/upload/{formatInstructions}/league/mr4h7vx02uwpr7xlfk6y,18,0,1,0,0,0,1,0,2.243969696765085,1.89,17.950000000000003
2024,REG,8,2024102713,59629,10/27/2024,4500,SF,1200,DAL,home,5,2.9866993023508566,BEL596505,4500,Ronnie Bell,R.Bell,WR,https://static.www.nfl.com/image/upload/{formatInstructions}/league/agn76jfaaawk5usur8oh,10,0,1,0,0,0,1,0,2.3616307924821762,3.31,10.729999999999997
2024,REG,8,2024102713,59629,10/27/2024,4500,SF,1200,DAL,visitor,1,2.9866993023508566,LAM138457,1200,CeeDee Lamb,C.Lamb,WR,https://static.www.nfl.com/image/upload/{formatInstructions}/league/tfuj9njqdw2dovkwhryc,88,146,17,13,2,13,17,2,3.7831063741912336,5.670625,9.664117647058825
2024,REG,8,2024102713,59629,10/27/2024,4500,SF,1200,DAL,visitor,2,2.9866993023508566,FER146119,1200,Jake Ferguson,J.Ferguson,TE,https://static.www.nfl.com/image/upload/{formatInstructions}/league/lbvrn1ibwszd6tzgh6o1,87,23,8,6,0,6,8,0,5.2664156301203935,7.6375,1.0012499999999984
2024,REG,8,2024102713,59629,10/27/2024,4500,SF,1200,DAL,visitor,3,2.9866993023508566,TUR785436,1200,KaVontae Turpin,K.Turpin,WR,https://static.www.nfl.com/image/upload/{formatInstructions}/league/lwkox2bvc6k3hqmidf4q,9,16,4,1,0,1,4,0,1.5978153416581138,5.9475,23.655
2024,REG,8,2024102713,59629,10/27/2024,4500,SF,1200,DAL,visitor,4,2.9866993023508566,TOL148914,1200,Jalen Tolbert,J.Tolbert,WR,https://static.www.nfl.com/image/upload/{formatInstructions}/league/cek1m1cbly5rfmmmjpcc,1,44,3,3,0,3,3,0,3.3971191212225165,8.16,12.413333333333334
2024,REG,8,2024102713,59629,10/27/2024,4500,SF,1200,DAL,visitor,5,2.9866993023508566,SPA500688,1200,Brevyn Spann-Ford,B.Spann-Ford,TE,https://static.www.nfl.com/image/upload/{formatInstructions}/league/bn9b4pb8om6w3escvitt,89,0,2,0,0,0,2,0,1.0597493818241777,5.08,8.325
2024,REG,8,2024102800,59630,10/28/2024,3900,PIT,3410,NYG,home,1,2.9866993023508566,PIC576156,3900,George Pickens,G.Pickens,WR,https://static.www.nfl.com/image/upload/{formatInstructions}/league/klxzcb6p7ekngcognpiy,14,74,5,4,0,4,5,0,2.3537706907478904,7.316,11.968
2024,REG,8,2024102800,59630,10/28/2024,3900,PIT,3410,NYG,home,2,2.9866993023508566,JEF436716,3900,Van Jefferson,V.Jefferson,WR,https://static.www.nfl.com/image/upload/{formatInstructions}/league/v2vkt9htky3xawu8yskx,11,62,5,4,0,4,5,0,2.1270585299248146,6.636,12.994
2024,REG,8,2024102800,59630,10/28/2024,3900,PIT,3410,NYG,home,3,2.9866993023508566,AUS738004,3900,Calvin Austin III,C.Austin,WR,https://static.www.nfl.com/image/private/{formatInstructions}/league/qlt6ztqcbu0uzad6aavt,19,54,4,3,1,3,4,1,3.407944878442592,7.140000000000001,12.867500000000003
2024,REG,8,2024102800,59630,10/28/2024,3900,PIT,3410,NYG,home,4,2.9866993023508566,FRE439769,3900,Pat Freiermuth,P.Freiermuth,TE,https://static.www.nfl.com/image/upload/{formatInstructions}/league/sozfjyy3bmntjv8tmqah,88,19,2,2,0,2,2,0,6.222071610846498,5.32,4.5600000000000005
2024,REG,8,2024102800,59630,10/28/2024,3900,PIT,3410,NYG,home,5,2.9866993023508566,MIL546315,3900,Scott Miller,S.Miller,WR,https://static.www.nfl.com/image/upload/{formatInstructions}/league/v5fxl6tig8qarofg0lo1,13,0,2,0,0,0,2,0,1.9886129690517018,8.739999999999998,25.734999999999996
2024,REG,8,2024102800,59630,10/28/2024,3900,PIT,3410,NYG,visitor,1,2.9866993023508566,NAB400459,3410,Malik Nabers,M.Nabers,WR,https://static.www.nfl.com/image/upload/{formatInstructions}/league/w3edoyyuomqlovvp9ixc,1,71,13,7,0,7,13,0,2.745628403738115,5.14,13.446153846153846
2024,REG,8,2024102800,59630,10/28/2024,3900,PIT,3410,NYG,visitor,2,2.9866993023508566,SLA500077,3410,Darius Slayton,D.Slayton,WR,https://static.www.nfl.com/image/upload/{formatInstructions}/league/zhm6evj813ucss03ndlx,86,108,7,4,0,4,7,0,3.52857583887806,4.594285714285713,16.85571428571429
2024,REG,8,2024102800,59630,10/28/2024,3900,PIT,3410,NYG,visitor,3,2.9866993023508566,ROB717726,3410,Wan'Dale Robinson,W.Robinson,WR,https://static.www.nfl.com/image/upload/{formatInstructions}/league/z94hnehk9vgmvtad6sgi,17,30,5,5,0,5,5,0,4.391169708561977,6.675,-0.5160000000000003
2024,REG,8,2024102800,59630,10/28/2024,3900,PIT,3410,NYG,visitor,4,2.9866993023508566,JOH679524,3410,Theo Johnson,T.Johnson,TE,https://static.www.nfl.com/image/upload/{formatInstructions}/league/gljwzcxubvoqjxwnakze,84,35,4,3,0,3,4,0,4.974191378721361,2.76,7.8774999999999995
2024,REG,8,2024102800,59630,10/28/2024,3900,PIT,3410,NYG,visitor,5,2.9866993023508566,MAN285874,3410,Chris Manhertz,C.Manhertz,TE,https://static.www.nfl.com/image/upload/{formatInstructions}/league/edzj1uojuh7octginx1e,85,0,1,0,0,0,1,0,2.2800877176108805,2.52,3.980000000000004
2024,REG,9,2024103100,59631,10/31/2024,3430,NYJ,2120,HOU,home,1,2.9866993023508566,ADA218591,3430,Davante Adams,D.Adams,WR,https://static.www.nfl.com/image/upload/{formatInstructions}/league/jweoujpjv9u2a8k7wnos,17,91,11,7,1,7,11,1,2.7332842953944287,5.107272727272727,8.931818181818182
2024,REG,9,2024103100,59631,10/31/2024,3430,NYJ,2120,HOU,home,2,2.9866993023508566,WIL691962,3430,Garrett Wilson,G.Wilson,WR,https://static.www.nfl.com/image/private/{formatInstructions}/league/llgosx4tokddwnyrgvbx,5,90,10,9,2,9,10,2,3.7525487456169406,6.5760000000000005,6.276000000000001
2024,REG,9,2024103100,59631,10/31/2024,3430,NYJ,2120,HOU,home,3,2.9866993023508566,CON185250,3430,Tyler Conklin,T.Conklin,TE,https://static.www.nfl.com/image/upload/{formatInstructions}/league/chajhumpfogd8effewe6,83,-3,2,1,0,1,2,0,3.3252098978201987,,-0.3450000000000024
2024,REG,9,2024103100,59631,10/31/2024,3430,NYJ,2120,HOU,home,4,2.9866993023508566,WIL000009,3430,Mike Williams,M.Williams,WR,https://static.www.nfl.com/image/upload/{formatInstructions}/league/g38aikrr9weo8h1xpehu,18,6,2,1,0,1,2,0,1.2146212465837454,2.34,12.254999999999999
2024,REG,9,2024103100,59631,10/31/2024,3430,NYJ,2120,HOU,home,5,2.9866993023508566,YEB415291,3430,Kenny Yeboah,K.Yeboah,TE,https://static.www.nfl.com/image/upload/{formatInstructions}/league/zjdw9hyw3jc7pmjf5nbv,88,12,1,1,0,1,1,0,7.954175004360916,2.1,2.219999999999999
2024,REG,9,2024103100,59631,10/31/2024,3430,NYJ,2120,HOU,visitor,1,2.9866993023508566,DEL440817,2120,Tank Dell,T.Dell,WR,https://static.www.nfl.com/image/upload/{formatInstructions}/league/tqxgovzlhxj0jnwkcvtq,3,126,9,6,0,6,9,0,3.122596267395364,3.52875,13.682222222222222
2024,REG,9,2024103100,59631,10/31/2024,3430,NYJ,2120,HOU,visitor,2,2.9866993023508566,SCH647271,2120,Dalton Schultz,D.Schultz,TE,https://static.www.nfl.com/image/upload/{formatInstructions}/league/ooatvpu1knzypdmjljo9,86,21,6,3,0,3,6,0,2.654440118883397,7.423333333333333,14.613333333333335
2024,REG,9,2024103100,59631,10/31/2024,3430,NYJ,2120,HOU,visitor,3,2.9866993023508566,HUT304546,2120,Xavier Hutchinson,X.Hutchinson,WR,https://static.www.nfl.com/image/upload/{formatInstructions}/league/vlxzxhej5ffelkxrqf4g,19,0,3,0,0,0,3,0,1.0519974805744143,6.293333333333333,31.963333333333328
2024,REG,9,2024103100,59631,10/31/2024,3430,NYJ,2120,HOU,visitor,4,2.9866993023508566,WOO561144,2120,Robert Woods,R.Woods,WR,https://static.www.nfl.com/image/upload/{formatInstructions}/league/ydjg5fylwkf5aaxiul6v,2,44,3,2,0,2,3,0,3.066297469937732,6.696666666666666,13.663333333333332
2024,REG,9,2024103100,59631,10/31/2024,3430,NYJ,2120,HOU,visitor,5,2.9866993023508566,STO763332,2120,Cade Stover,C.Stover,TE,https://static.www.nfl.com/image/upload/{formatInstructions}/league/ehruudekjzjney5dircm,87,0,2,0,0,0,2,0,0.770394463856606,4.0,7.605
2024,REG,9,2024110300,59632,11/03/2024,0200,ATL,1200,DAL,home,1,2.9866993023508566,MOO076900,0200,Darnell Mooney,D.Mooney,WR,https://static.www.nfl.com/image/upload/{formatInstructions}/league/c1ixyspw0eshl3a2qrly,1,88,9,5,1,5,9,1,2.1252129048178854,4.859999999999999,11.485555555555555
2024,REG,9,2024110300,59632,11/03/2024,0200,ATL,1200,DAL,home,2,2.9866993023508566,MCC417118,0200,Ray-Ray McCloud,R.McCloud,WR,https://static.www.nfl.com/image/upload/{formatInstructions}/league/nvwn3sdihyyd2itjt7vy,34,28,3,3,1,3,3,1,4.23479982000329,10.605,5.163333333333337
2024,REG,9,2024110300,59632,11/03/2024,0200,ATL,1200,DAL,home,3,2.9866993023508566,HOD250493,0200,KhaDarel Hodge,K.Hodge,WR,https://static.www.nfl.com/image/upload/{formatInstructions}/league/h3r6hfokmtgtxz8mljho,12,9,2,1,0,1,2,0,2.7291555493832202,6.64,8.2
2024,REG,9,2024110300,59632,11/03/2024,0200,ATL,1200,DAL,home,4,2.9866993023508566,LON013463,0200,Drake London,D.London,WR,https://static.www.nfl.com/image/upload/{formatInstructions}/league/wikjazqtt3uunjufgqrf,5,27,2,2,1,2,2,1,2.232447488881797,5.095,12.114999999999998
2024,REG,9,2024110300,59632,11/03/2024,0200,ATL,1200,DAL,home,5,2.9866993023508566,PIT516805,0200,Kyle Pitts,K.Pitts,TE,https://static.www.nfl.com/image/upload/{formatInstructions}/league/t8ymqyhvv8i1r80jyhy2,8,11,1,1,0,1,1,0,10.582820984973711,3.56,1.5300000000000011
2024,REG,9,2024110300,59632,11/03/2024,0200,ATL,1200,DAL,visitor,1,2.9866993023508566,LAM138457,1200,CeeDee Lamb,C.Lamb,WR,https://static.www.nfl.com/image/upload/{formatInstructions}/league/tfuj9njqdw2dovkwhryc,88,47,12,8,0,8,12,0,2.3703368235279254,6.7625,7.109166666666667
2024,REG,9,2024110300,59632,11/03/2024,0200,ATL,1200,DAL,visitor,2,2.9866993023508566,FER146119,1200,Jake Ferguson,J.Ferguson,TE,https://static.www.nfl.com/image/upload/{formatInstructions}/league/lbvrn1ibwszd6tzgh6o1,87,71,10,7,0,7,10,0,3.61607211398625,6.386,2.8869999999999996
2024,REG,9,2024110300,59632,11/03/2024,0200,ATL,1200,DAL,visitor,3,2.9866993023508566,TOL148914,1200,Jalen Tolbert,J.Tolbert,WR,https://static.www.nfl.com/image/upload/{formatInstructions}/league/cek1m1cbly5rfmmmjpcc,1,19,6,3,1,3,6,1,2.671250509912428,7.69,13.571666666666665
2024,REG,9,2024110300,59632,11/03/2024,0200,ATL,1200,DAL,visitor,4,2.9866993023508566,BRO124672,1200,Jalen Brooks,J.Brooks,WR,https://static.www.nfl.com/image/upload/{formatInstructions}/league/jdwbrmypfsotpdw86w6u,83,26,5,2,0,2,5,0,2.0862223094693237,7.148000000000001,12.434000000000001
2024,REG,9,2024110300,59632,11/03/2024,0200,ATL,1200,DAL,visitor,5,2.9866993023508566,TUR785436,1200,KaVontae Turpin,K.Turpin,WR,https://static.www.nfl.com/image/upload/{formatInstructions}/league/lwkox2bvc6k3hqmidf4q,9,36,4,3,0,3,4,0,2.7498440497160526,8.42,10.6525
2024,REG,9,2024110301,59633,11/03/2024,0325,BAL,1400,DEN,home,1,2.9866993023508566,FLO577002,0325,Zay Flowers,Z.Flowers,WR,https://static.www.nfl.com/image/upload/{formatInstructions}/league/oidhqwg0fjvanyk57nc1,4,127,6,5,2,5,6,2,5.48369312931202,7.286,11.345
2024,REG,9,2024110301,59633,11/03/2024,0325,BAL,1400,DEN,home,2,2.9866993023508566,BAT103884,0325,Rashod Bateman,R.Bateman,WR,https://static.www.nfl.com/image/upload/{formatInstructions}/league/jkcapzvd65fxivefjv8l,7,25,4,3,0,3,4,0,2.628155195363876,6.9625,6.527500000000001
2024,REG,9,2024110301,59633,11/03/2024,0325,BAL,1400,DEN,home,3,2.9866993023508566,AND701433,0325,Mark Andrews,M.Andrews,TE,https://static.www.nfl.com/image/upload/{formatInstructions}/league/y5maejm3puruskwc344y,89,26,2,2,0,2,2,0,3.946762901208853,,9.490000000000002
2024,REG,9,2024110301,59633,11/03/2024,0325,BAL,1400,DEN,home,4,2.9866993023508566,AGH474619,0325,Nelson Agholor,N.Agholor,WR,https://static.www.nfl.com/image/upload/{formatInstructions}/league/wyxfkarcjgqdz3pl8nnr,15,29,1,1,0,1,1,0,5.116756785308449,3.13,23.64
2024,REG,9,2024110301,59633,11/03/2024,0325,BAL,1400,DEN,home,5,2.9866993023508566,LIK088990,0325,Isaiah Likely,I.Likely,TE,https://static.www.nfl.com/image/upload/{formatInstructions}/league/xmikfnklnpjmzjhbjrur,80,0,1,0,0,0,1,0,4.578613327198536,6.65,9.740000000000002
2024,REG,9,2024110301,59633,11/03/2024,0325,BAL,1400,DEN,visitor,1,2.9866993023508566,SUT333526,1400,Courtland Sutton,C.Sutton,WR,https://static.www.nfl.com/image/upload/{formatInstructions}/league/qts95gbd6hv65s9eiseq,14,122,10,7,0,7,10,0,3.1314070429655394,4.886,13.547
2024,REG,9,2024110301,59633,11/03/2024,0325,BAL,1400,DEN,visitor,2,2.9866993023508566,HUM534685,1400,Lil'Jordan Humphrey,L.Humphrey,WR,https://static.www.nfl.com/image/upload/{formatInstructions}/league/yjmyfuozafxd7zwf3mlr,84,11,5,2,0,2,5,0,3.771132236792919,4.932499999999999,6.3340000000000005
2024,REG,9,2024110301,59633,11/03/2024,0325,BAL,1400,DEN,visitor,3,2.9866993023508566,FRA545210,1400,Troy Franklin,T.Franklin,WR,https://static.www.nfl.com/image/upload/{formatInstructions}/league/w429urxwxc8sw4bsbvxz,16,19,4,1,0,1,4,0,4.868260960065157,5.077500000000001,17.99
2024,REG,9,2024110301,59633,11/03/2024,0325,BAL,1400,DEN,visitor,4,2.9866993023508566,VEL175757,1400,Devaughn Vele,D.Vele,WR,https://static.www.nfl.com/image/upload/{formatInstructions}/league/f2lz4vsh2daurrwdamzv,17,11,3,2,0,2,3,0,1.3429944955339526,7.99,5.676666666666665
2024,REG,9,2024110301,59633,11/03/2024,0325,BAL,1400,DEN,visitor,5,2.9866993023508566,MIM654774,1400,Marvin Mims Jr.,M.Mims,WR,https://static.www.nfl.com/image/upload/{formatInstructions}/league/trvilnckw7nprw1gkghl,19,4,2,1,0,1,2,0,2.202942421701318,5.545,7.635000000000002
2024,REG,9,2024110302,59634,11/03/2024,0610,BUF,2700,MIA,home,1,2.9866993023508566,KIN069130,0610,Dalton Kincaid,D.Kincaid,TE,https://static.www.nfl.com/image/upload/{formatInstructions}/league/rsimqxdfwlb1n9qd4w3g,86,32,10,4,0,4,10,0,3.1771666789773683,5.825555555555555,7.1389999999999985
2024,REG,9,2024110302,59634,11/03/2024,0610,BUF,2700,MIA,home,2,2.9866993023508566,SHA107427,0610,Khalil Shakir,K.Shakir,WR,https://static.www.nfl.com/image/upload/{formatInstructions}/league/ch2yarhiobqlvr9ls2yw,10,50,7,6,0,6,7,0,6.78653288054682,8.266666666666667,-0.8485714285714298
2024,REG,9,2024110302,59634,11/03/2024,0610,BUF,2700,MIA,home,3,2.9866993023508566,HOL280459,0610,Mack Hollins,M.Hollins,WR,https://static.www.nfl.com/image/upload/{formatInstructions}/league/xchw7quzjszgrm6psbyg,13,30,5,5,1,5,5,1,3.6135047748603797,8.228,6.358
2024,REG,9,2024110302,59634,11/03/2024,0610,BUF,2700,MIA,home,4,2.9866993023508566,KNO490795,0610,Dawson Knox,D.Knox,TE,https://static.www.nfl.com/image/upload/{formatInstructions}/league/uazfj5l5vzow2oyfa1s6,88,5,2,1,0,1,2,0,4.920835389454124,6.75,1.9250000000000007
2024,REG,9,2024110302,59634,11/03/2024,0610,BUF,2700,MIA,home,5,2.9866993023508566,COL295571,0610,Keon Coleman,K.Coleman,WR,https://static.www.nfl.com/image/upload/{formatInstructions}/league/ipwpdgb0cm3xy3d8zu1l,0,21,2,1,0,1,2,0,3.1591476974727675,4.975,8.070000000000004
2024,REG,9,2024110302,59634,11/03/2024,0610,BUF,2700,MIA,visitor,1,2.9866993023508566,SMI443054,2700,Jonnu Smith,J.Smith,TE,https://static.www.nfl.com/image/upload/{formatInstructions}/league/p8uldtljkzb6sile3wgx,9,46,6,5,0,5,6,0,3.4890296093897573,7.095999999999999,4.646666666666667
2024,REG,9,2024110302,59634,11/03/2024,0610,BUF,2700,MIA,visitor,2,2.9866993023508566,HIL628694,2700,Tyreek Hill,T.Hill,WR,https://static.www.nfl.com/image/upload/{formatInstructions}/league/gdwjlpbkenmnsibawkht,10,80,5,4,0,4,5,0,2.6797048040282307,4.9175,14.764000000000001
2024,REG,9,2024110302,59634,11/03/2024,0610,BUF,2700,MIA,visitor,3,2.9866993023508566,BEC573252,2700,Odell Beckham Jr.,O.Beckham,WR,https://static.www.nfl.com/image/upload/{formatInstructions}/league/ffmalg3wr7lwnsz59i7v,3,15,3,3,0,3,3,0,3.942447174194736,4.805,2.5600000000000023
2024,REG,9,2024110302,59634,11/03/2024,0610,BUF,2700,MIA,visitor,4,2.9866993023508566,WAD088683,2700,Jaylen Waddle,J.Waddle,WR,https://static.www.nfl.com/image/private/{formatInstructions}/league/qjsz2h6shbdnksctzeka,17,-4,2,2,1,2,2,1,3.823769346437663,3.4,11.745000000000005
2024,REG,9,2024110302,59634,11/03/2024,0610,BUF,2700,MIA,visitor,5,2.9866993023508566,SMY283236,2700,Durham Smythe,D.Smythe,TE,https://static.www.nfl.com/image/upload/{formatInstructions}/league/twxkgrnpjotgyhwawfsv,81,4,1,1,0,1,1,0,0.7993122043357109,7.02,4.459999999999994
2024,REG,9,2024110303,59635,11/03/2024,0750,CAR,3300,NO,home,1,2.9866993023508566,LEG145351,0750,Xavier Legette,X.Legette,WR,https://static.www.nfl.com/image/upload/{formatInstructions}/league/a3etuvp3kqtwmtkioq8g,17,33,6,4,1,4,6,1,2.1804321237918773,7.502,8.205000000000004
2024,REG,9,2024110303,59635,11/03/2024,0750,CAR,3300,NO,home,2,2.9866993023508566,SAN343203,0750,Ja'Tavion Sanders,J.Sanders,TE,https://static.www.nfl.com/image/upload/{formatInstructions}/league/egisbinbqmttmub4po1g,0,87,5,4,0,4,5,0,4.598964702335055,6.808,8.289999999999997
2024,REG,9,2024110303,59635,11/03/2024,0750,CAR,3300,NO,home,3,2.9866993023508566,MOO249444,0750,David Moore,D.Moore,WR,https://static.www.nfl.com/image/upload/{formatInstructions}/league/i2esmsczxxoq7pzvg6yf,83,20,4,2,0,2,4,0,1.10587866087352,3.105,14.229999999999999
2024,REG,9,2024110303,59635,11/03/2024,0750,CAR,3300,NO,home,4,2.9866993023508566,COK451291,0750,Jalen Coker,J.Coker,WR,https://static.www.nfl.com/image/upload/{formatInstructions}/league/wk9xewrixauh09f71pqh,18,36,3,2,0,2,3,0,2.8360147317940747,7.39,16.673333333333336
2024,REG,9,2024110303,59635,11/03/2024,0750,CAR,3300,NO,home,5,2.9866993023508566,MIN170999,0750,Jonathan Mingo,J.Mingo,WR,https://static.www.nfl.com/image/upload/{formatInstructions}/league/h11vrrghme2x7lu3iwzm,15,0,1,0,0,0,1,0,1.035857133006284,2.68,14.549999999999997
2024,REG,9,2024110303,59635,11/03/2024,0750,CAR,3300,NO,visitor,1,2.9866993023508566,HIL609597,3300,Taysom Hill,T.Hill,TE,https://static.www.nfl.com/image/upload/{formatInstructions}/league/q8itjlocg5do60qat4l3,7,41,5,4,1,4,5,0,4.189640837017742,6.7825,1.656000000000001
2024,REG,9,2024110303,59635,11/03/2024,0750,CAR,3300,NO,visitor,2,2.9866993023508566,WIL656498,3300,Cedrick Wilson Jr.,C.Wilson,WR,https://static.www.nfl.com/image/upload/{formatInstructions}/league/vuolr6nwwbrwwc5ldt7f,11,34,3,2,0,2,3,0,2.213532255933639,3.185,15.126666666666665
2024,REG,9,2024110303,59635,11/03/2024,0750,CAR,3300,NO,visitor,3,2.9866993023508566,TIP628557,3300,Mason Tipton,M.Tipton,WR,https://static.www.nfl.com/image/upload/{formatInstructions}/league/ldzn20eu15intdsolw9i,84,0,3,0,0,0,3,0,1.8184125916417901,9.356666666666667,15.313333333333333
2024,REG,9,2024110303,59635,11/03/2024,0750,CAR,3300,NO,visitor,4,2.9866993023508566,JOH398789,3300,Juwan Johnson,J.Johnson,TE,https://static.www.nfl.com/image/upload/{formatInstructions}/league/pdsl9w3agc9uvjqpq1jy,83,41,2,2,0,2,2,0,1.2107978557742132,8.440000000000001,13.785
2024,REG,9,2024110303,59635,11/03/2024,0750,CAR,3300,NO,visitor,5,2.9866993023508566,MOR096402,3300,Foster Moreau,F.Moreau,TE,https://static.www.nfl.com/image/upload/{formatInstructions}/league/hfcik9okcbwsbhgoaljy,87,17,2,1,1,1,2,1,0.9039269150316072,5.265000000000001,16.439999999999998
2024,REG,9,2024110304,59636,11/03/2024,0920,CIN,2520,LV,home,1,2.9866993023508566,CHA694469,0920,Ja'Marr Chase,J.Chase,WR,https://static.www.nfl.com/image/upload/{formatInstructions}/league/qkcb3qt2fhasfgtfuprd,1,43,11,7,0,7,11,0,3.7363553390935578,7.464545454545455,2.9900000000000015
2024,REG,9,2024110304,59636,11/03/2024,0920,CIN,2520,LV,home,2,2.9866993023508566,GES490798,0920,Mike Gesicki,M.Gesicki,TE,https://static.www.nfl.com/image/upload/{formatInstructions}/league/zabpknonv9ozmkyw4qqt,88,100,6,5,2,5,6,2,2.702405953948601,4.12,13.67
2024,REG,9,2024110304,59636,11/03/2024,0920,CIN,2520,LV,home,3,2.9866993023508566,SAM093961,0920,Drew Sample,D.Sample,TE,https://static.www.nfl.com/image/upload/{formatInstructions}/league/xufsbdqfujdqnrnozhg4,89,14,4,4,1,4,4,1,2.653537729785667,3.43,0.9699999999999966
2024,REG,9,2024110304,59636,11/03/2024,0920,CIN,2520,LV,home,4,2.9866993023508566,IOS307886,0920,Andrei Iosivas,A.Iosivas,WR,https://static.www.nfl.com/image/upload/{formatInstructions}/league/pgbqgzrxmbnmpcnkhsya,80,10,4,1,1,1,4,1,2.752678661336975,5.1825,17.2725
2024,REG,9,2024110304,59636,11/03/2024,0920,CIN,2520,LV,home,5,2.9866993023508566,HUD753368,0920,Tanner Hudson,T.Hudson,TE,https://static.www.nfl.com/image/upload/{formatInstructions}/league/fbtxfvqvgv0al8msbr1e,87,14,3,2,0,2,3,0,4.178841051263757,3.5149999999999997,1.7233333333333338
2024,REG,9,2024110304,59636,11/03/2024,0920,CIN,2520,LV,visitor,1,2.9866993023508566,MEY171606,2520,Jakobi Meyers,J.Meyers,WR,https://static.www.nfl.com/image/upload/{formatInstructions}/league/p1abjttm5pu8gev0gwea,16,105,11,8,0,8,11,0,3.219154484687394,5.55,9.381818181818181
2024,REG,9,2024110304,59636,11/03/2024,0920,CIN,2520,LV,visitor,2,2.9866993023508566,BOW196560,2520,Brock Bowers,B.Bowers,TE,https://static.www.nfl.com/image/upload/{formatInstructions}/league/mjy86xh8munoiur4hejf,89,45,8,5,1,5,8,1,3.617912492206261,6.3975,6.786250000000001
2024,REG,9,2024110304,59636,11/03/2024,0920,CIN,2520,LV,visitor,3,2.9866993023508566,TUC399910,2520,Tre Tucker,T.Tucker,WR,https://static.www.nfl.com/image/upload/{formatInstructions}/league/soebzcfwhgnjffwqv1ox,11,5,6,2,0,2,6,0,1.6167311009111796,5.843999999999999,10.776666666666666
2024,REG,9,2024110304,59636,11/03/2024,0920,CIN,2520,LV,visitor,4,2.9866993023508566,KEY703688,2520,Ramel Keyton,R.Keyton,WR,https://static.www.nfl.com/image/upload/{formatInstructions}/league/cqzhnef7pkr3bkmuwo5q,82,7,2,1,0,1,2,0,0.8380996870275514,5.7299999999999995,8.454999999999998
2024,REG,9,2024110304,59636,11/03/2024,0920,CIN,2520,LV,visitor,5,2.9866993023508566,BRY363372,2520,Harrison Bryant,H.Bryant,TE,https://static.www.nfl.com/image/upload/{formatInstructions}/league/jjarmcwkadvr7tynkpuj,84,22,2,2,0,2,2,0,6.505516812324041,12.355,1.7049999999999983
2024,REG,9,2024110305,59637,11/03/2024,1050,CLE,4400,LAC,home,1,2.9866993023508566,TIL377067,1050,Cedric Tillman,C.Tillman,WR,https://static.www.nfl.com/image/upload/{formatInstructions}/league/fp371fgk45btt01uvucq,19,75,11,6,1,6,11,1,2.197653019852287,6.722727272727272,10.582727272727272
2024,REG,9,2024110305,59637,11/03/2024,1050,CLE,4400,LAC,home,2,2.9866993023508566,JEU415291,1050,Jerry Jeudy,J.Jeudy,WR,https://static.www.nfl.com/image/upload/{formatInstructions}/league/szca1v9butuqkjs7ekpm,3,73,11,7,0,7,11,0,2.4009529153695826,7.097272727272727,11.797272727272725
2024,REG,9,2024110305,59637,11/03/2024,1050,CLE,4400,LAC,home,3,2.9866993023508566,MOO279723,1050,Elijah Moore,E.Moore,WR,https://static.www.nfl.com/image/private/{formatInstructions}/league/bhwvzckfhhcqhb7zdqyj,8,28,9,3,0,3,9,0,2.173824621870573,6.89875,12.163333333333334
2024,REG,9,2024110305,59637,11/03/2024,1050,CLE,4400,LAC,home,4,2.9866993023508566,NJO355964,1050,David Njoku,D.Njoku,TE,https://static.www.nfl.com/image/private/{formatInstructions}/league/ilvxwdllivrvwbuj69cm,85,29,7,5,0,5,7,0,2.3439864227908562,4.37,2.962857142857142
2024,REG,9,2024110305,59637,11/03/2024,1050,CLE,4400,LAC,home,5,2.9866993023508566,AKI501776,1050,Jordan Akins,J.Akins,TE,https://static.www.nfl.com/image/private/{formatInstructions}/league/fgkl9zfpy2yxrkxfge84,88,32,4,3,0,3,4,0,2.3373752679894144,5.246666666666667,8.0375
2024,REG,9,2024110305,59637,11/03/2024,1050,CLE,4400,LAC,visitor,1,2.9866993023508566,MCC512833,4400,Ladd McConkey,L.McConkey,WR,https://static.www.nfl.com/image/upload/{formatInstructions}/league/wcx39ialovvxxnvs2bke,15,64,7,5,0,5,7,0,4.342730745994965,6.187142857142858,11.802857142857144
2024,REG,9,2024110305,59637,11/03/2024,1050,CLE,4400,LAC,visitor,2,2.9866993023508566,JOH823261,4400,Quentin Johnston,Q.Johnston,WR,https://static.www.nfl.com/image/upload/{formatInstructions}/league/jbxlvsbokf9qdqtet1qr,1,118,5,4,1,4,5,1,4.791358244349032,3.372,13.202000000000002
2024,REG,9,2024110305,59637,11/03/2024,1050,CLE,4400,LAC,visitor,3,2.9866993023508566,PAL451625,4400,Josh Palmer,J.Palmer,WR,https://static.www.nfl.com/image/upload/{formatInstructions}/league/dexbsmmldvsqtr83or5l,5,63,4,2,1,2,4,1,3.272814594533435,2.58,19.155
2024,REG,9,2024110305,59637,11/03/2024,1050,CLE,4400,LAC,visitor,4,2.9866993023508566,DIS743152,4400,Will Dissly,W.Dissly,TE,https://static.www.nfl.com/image/upload/{formatInstructions}/league/opdpeoconvviwkufolxr,81,9,3,2,0,2,3,0,3.942197587788255,5.170000000000001,1.423333333333332
2024,REG,9,2024110305,59637,11/03/2024,1050,CLE,4400,LAC,visitor,5,2.9866993023508566,REA338982,4400,Jalen Reagor,J.Reagor,WR,https://static.www.nfl.com/image/upload/{formatInstructions}/league/myazqfr7pzfyofksuyet,89,0,2,1,0,1,2,0,3.1342997092619305,7.025,1.6900000000000013
2024,REG,9,2024110306,59638,11/03/2024,3000,MIN,2200,IND,home,1,2.9866993023508566,JEF269287,3000,Justin Jefferson,J.Jefferson,WR,https://static.www.nfl.com/image/upload/{formatInstructions}/league/vrftbpzwk6qmv0zjcysg,18,137,9,7,0,7,9,0,3.0266287833749064,7.504444444444443,14.158888888888889
2024,REG,9,2024110306,59638,11/03/2024,3000,MIN,2200,IND,home,2,2.9866993023508566,OLI524360,3000,Josh Oliver,J.Oliver,TE,https://static.www.nfl.com/image/private/{formatInstructions}/league/pwd3muzyjclgjlwwtdah,84,58,5,5,1,5,5,1,4.946565753071768,4.1475,5.629999999999998
2024,REG,9,2024110306,59638,11/03/2024,3000,MIN,2200,IND,home,3,2.9866993023508566,ADD491056,3000,Jordan Addison,J.Addison,WR,https://static.www.nfl.com/image/upload/{formatInstructions}/league/tmyckmignrvy8truccwm,3,42,5,5,1,5,5,1,3.9867370515566543,4.373333333333334,6.512000000000002
2024,REG,9,2024110306,59638,11/03/2024,3000,MIN,2200,IND,home,4,2.9866993023508566,HOC422041,3000,T.J. Hockenson,T.Hockenson,TE,https://static.www.nfl.com/image/upload/{formatInstructions}/league/n9zhffstwzae8i5di6tk,87,27,4,3,0,3,4,0,3.6790595685816685,5.615,11.515
2024,REG,9,2024110306,59638,11/03/2024,3000,MIN,2200,IND,home,5,2.9866993023508566,NAI067484,3000,Jalen Nailor,J.Nailor,WR,https://static.www.nfl.com/image/upload/{formatInstructions}/league/fe9b3l4fz6n02gbr5zbt,83,7,1,1,1,1,1,1,4.173212192065004,3.03,6.880000000000001
2024,REG,9,2024110306,59638,11/03/2024,3000,MIN,2200,IND,visitor,1,2.9866993023508566,DOW686145,2200,Josh Downs,J.Downs,WR,https://static.www.nfl.com/image/upload/{formatInstructions}/league/zue2xxvfrignllqlhagu,1,60,9,6,0,6,9,0,3.5855563681426026,6.3500000000000005,7.602222222222224
2024,REG,9,2024110306,59638,11/03/2024,3000,MIN,2200,IND,visitor,2,2.9866993023508566,PIT228050,2200,Michael Pittman,M.Pittman,WR,https://static.www.nfl.com/image/private/{formatInstructions}/league/wnymcombo2plamteihiy,11,14,4,1,0,1,4,0,1.7383699637415906,4.0675,12.725
2024,REG,9,2024110306,59638,11/03/2024,3000,MIN,2200,IND,visitor,3,2.9866993023508566,PIE185673,2200,Alec Pierce,A.Pierce,WR,https://static.www.nfl.com/image/upload/{formatInstructions}/league/hvtcpccoigf9cghzkxcg,14,41,3,3,0,3,3,0,4.725205383563558,3.026666666666666,11.406666666666666
2024,REG,9,2024110306,59638,11/03/2024,3000,MIN,2200,IND,visitor,4,2.9866993023508566,DUL521764,2200,Ashton Dulin,A.Dulin,WR,https://static.www.nfl.com/image/upload/{formatInstructions}/league/so1vzml0sxv84xoyyr2n,16,0,2,0,0,0,2,0,4.120444093856488,1.58,13.639999999999997
2024,REG,9,2024110306,59638,11/03/2024,3000,MIN,2200,IND,visitor,5,2.9866993023508566,GRA367521,2200,Kylen Granson,K.Granson,TE,https://static.www.nfl.com/image/upload/{formatInstructions}/league/rydvwc7sqwucvx14s8b4,83,22,1,1,0,1,1,0,0.759275970909124,2.44,17.060000000000002
2024,REG,9,2024110307,59639,11/03/2024,3410,NYG,5110,WAS,home,1,2.9866993023508566,NAB400459,3410,Malik Nabers,M.Nabers,WR,https://static.www.nfl.com/image/upload/{formatInstructions}/league/w3edoyyuomqlovvp9ixc,1,59,11,9,0,9,11,0,2.3130505697103856,6.943636363636363,5.539999999999999
2024,REG,9,2024110307,59639,11/03/2024,3410,NYG,5110,WAS,home,2,2.9866993023508566,JOH679524,3410,Theo Johnson,T.Johnson,TE,https://static.www.nfl.com/image/upload/{formatInstructions}/league/gljwzcxubvoqjxwnakze,84,51,6,3,1,3,6,1,2.2422677136571525,4.508333333333333,12.631666666666666
2024,REG,9,2024110307,59639,11/03/2024,3410,NYG,5110,WAS,home,3,2.9866993023508566,ROB717726,3410,Wan'Dale Robinson,W.Robinson,WR,https://static.www.nfl.com/image/upload/{formatInstructions}/league/z94hnehk9vgmvtad6sgi,17,10,4,3,0,3,4,0,2.313308254003542,2.6233333333333335,2.495000000000001
2024,REG,9,2024110307,59639,11/03/2024,3410,NYG,5110,WAS,home,4,2.9866993023508566,SLA500077,3410,Darius Slayton,D.Slayton,WR,https://static.www.nfl.com/image/upload/{formatInstructions}/league/zhm6evj813ucss03ndlx,86,49,3,3,0,3,3,0,3.646837599713015,4.753333333333333,12.5
2024,REG,9,2024110307,59639,11/03/2024,3410,NYG,5110,WAS,home,5,2.9866993023508566,MAN285874,3410,Chris Manhertz,C.Manhertz,TE,https://static.www.nfl.com/image/upload/{formatInstructions}/league/edzj1uojuh7octginx1e,85,2,1,1,1,1,1,1,0.8910667763978197,,9.489999999999995
2024,REG,9,2024110307,59639,11/03/2024,3410,NYG,5110,WAS,visitor,1,2.9866993023508566,BRO567406,5110,Noah Brown,N.Brown,WR,https://static.www.nfl.com/image/upload/{formatInstructions}/league/nv6ix0p8965yiugsuhwh,85,60,6,5,0,5,6,0,2.744588064920673,7.168000000000001,9.176666666666666
2024,REG,9,2024110307,59639,11/03/2024,3410,NYG,5110,WAS,visitor,2,2.9866993023508566,MCL278328,5110,Terry McLaurin,T.McLaurin,WR,https://static.www.nfl.com/image/upload/{formatInstructions}/league/wokz1etv1wj1vhbmvxgs,17,19,3,2,2,2,3,2,0.8435609782245571,6.5200000000000005,13.003333333333336
2024,REG,9,2024110307,59639,11/03/2024,3410,NYG,5110,WAS,visitor,3,2.9866993023508566,ZAC133180,5110,Olamide Zaccheaus,O.Zaccheaus,WR,https://static.www.nfl.com/image/upload/{formatInstructions}/league/hcmdnfgnnvcp0qbktpxd,14,48,2,2,0,2,2,0,5.211676522204835,7.39,13.105
2024,REG,9,2024110307,59639,11/03/2024,3410,NYG,5110,WAS,visitor,4,2.9866993023508566,ERT800920,5110,Zach Ertz,Z.Ertz,TE,https://static.www.nfl.com/image/upload/{formatInstructions}/league/xktmmeumuoglbuam75iz,86,5,1,1,0,1,1,0,6.343910465950792,7.97,2.490000000000002
2024,REG,9,2024110307,59639,11/03/2024,3410,NYG,5110,WAS,visitor,5,2.9866993023508566,SIN713776,5110,Ben Sinnott,B.Sinnott,TE,https://static.www.nfl.com/image/upload/{formatInstructions}/league/zwjmu9wyutlpkace9ukf,82,12,1,1,0,1,1,0,4.095424275945051,,3.4399999999999977
2024,REG,9,2024110308,59640,11/03/2024,2100,TEN,3200,NE,home,1,2.9866993023508566,RID652384,2100,Calvin Ridley,C.Ridley,WR,https://static.www.nfl.com/image/upload/{formatInstructions}/league/tmeij0cfgylmurfybs74,0,73,8,5,0,5,8,0,3.413014374950227,4.29875,14.168750000000001
2024,REG,9,2024110308,59640,11/03/2024,2100,TEN,3200,NE,home,2,2.9866993023508566,WES567220,2100,Nick Westbrook-Ikhine,N.Westbrook-Ikhine,WR,https://static.www.nfl.com/image/upload/{formatInstructions}/league/rt9ic9wzwl2pevlxt1nd,15,50,6,5,1,5,6,1,2.969364475817652,8.241666666666665,8.588333333333333
2024,REG,9,2024110308,59640,11/03/2024,2100,TEN,3200,NE,home,3,2.9866993023508566,OKO283611,2100,Chig Okonkwo,C.Okonkwo,TE,https://static.www.nfl.com/image/upload/{formatInstructions}/league/ut2gqeq2lowknrro0wlu,85,38,4,3,0,3,4,0,3.229964391201575,6.286666666666666,7.215
2024,REG,9,2024110308,59640,11/03/2024,2100,TEN,3200,NE,home,4,2.9866993023508566,WHY207645,2100,Josh Whyle,J.Whyle,TE,https://static.www.nfl.com/image/upload/{formatInstructions}/league/ccstvnbjzprcpb2j9xnb,81,12,2,1,0,1,2,0,6.494185310667157,10.58,-6.489999999999995
2024,REG,9,2024110308,59640,11/03/2024,2100,TEN,3200,NE,home,5,2.9866993023508566,VAN643509,2100,Nick Vannett,N.Vannett,TE,https://static.www.nfl.com/image/upload/{formatInstructions}/league/srrlkx2mydsb8gfco6fp,84,33,2,2,1,2,2,1,4.043574208461983,4.775,7.320000000000002
2024,REG,9,2024110308,59640,11/03/2024,2100,TEN,3200,NE,visitor,1,2.9866993023508566,DOU259552,3200,Demario Douglas,D.Douglas,WR,https://static.www.nfl.com/image/private/{formatInstructions}/league/svnh61ottqtfmcqvnbj3,3,35,9,7,0,7,9,0,4.309037875358242,5.6925,6.387777777777776
2024,REG,9,2024110308,59640,11/03/2024,2100,TEN,3200,NE,visitor,2,2.9866993023508566,HEN617052,3200,Hunter Henry,H.Henry,TE,https://static.www.nfl.com/image/private/{formatInstructions}/league/sdjob9akppefyo7py5tj,85,56,8,7,0,7,8,0,3.3488166802735355,6.784285714285715,5.736249999999999
2024,REG,9,2024110308,59640,11/03/2024,2100,TEN,3200,NE,visitor,3,2.9866993023508566,BOU434790,3200,Kendrick Bourne,K.Bourne,WR,https://static.www.nfl.com/image/private/{formatInstructions}/league/vrovcaqql9p6xsycko83,84,41,6,4,0,4,6,0,2.6304158326533487,4.7683333333333335,11.398333333333332
2024,REG,9,2024110308,59640,11/03/2024,2100,TEN,3200,NE,visitor,4,2.9866993023508566,BOU482823,3200,Kayshon Boutte,K.Boutte,WR,https://static.www.nfl.com/image/private/{formatInstructions}/league/nz6t7jhx6erszovbv1bd,9,18,6,2,0,2,6,0,1.7362261247393052,4.08,17.668333333333333
2024,REG,9,2024110308,59640,11/03/2024,2100,TEN,3200,NE,visitor,5,2.9866993023508566,BEL377608,3200,Jaheim Bell,J.Bell,TE,https://static.www.nfl.com/image/upload/{formatInstructions}/league/psbwq5bse6vv9bpzqssr,88,1,1,1,0,1,1,0,5.915285284751697,10.22,-2.299999999999997
2024,REG,9,2024110309,59641,11/03/2024,3800,ARI,0810,CHI,home,1,2.9866993023508566,HAR648677,3800,Marvin Harrison Jr.,M.Harrison,WR,https://static.www.nfl.com/image/upload/{formatInstructions}/league/o6hg5zeofmxvzjjpo2sf,18,34,5,2,0,2,5,0,1.6377004450058508,3.8619999999999997,17.006
2024,REG,9,2024110309,59641,11/03/2024,3800,ARI,0810,CHI,home,2,2.9866993023508566,MCB743360,3800,Trey McBride,T.McBride,TE,https://static.www.nfl.com/image/upload/{formatInstructions}/league/hfdgljgi9gfaskomdl1h,85,35,4,3,0,3,4,0,7.716853347718289,8.1275,7.869999999999999
2024,REG,9,2024110309,59641,11/03/2024,3800,ARI,0810,CHI,home,3,2.9866993023508566,HIG138430,3800,Elijah Higgins,E.Higgins,TE,https://static.www.nfl.com/image/upload/{formatInstructions}/league/sodpdh4uhbhzjxbnmao1,84,34,2,2,0,2,2,0,5.815756522268215,5.8100000000000005,7.340000000000003
2024,REG,9,2024110309,59641,11/03/2024,3800,ARI,0810,CHI,home,4,2.9866993023508566,WIL752419,3800,Michael Wilson,Mi.Wilson,WR,https://static.www.nfl.com/image/upload/{formatInstructions}/league/spsbduvpqe21tgkwhvbc,14,0,1,0,0,0,1,0,0.8823264701911598,2.43,5.579999999999998
2024,REG,9,2024110309,59641,11/03/2024,3800,ARI,0810,CHI,home,5,2.9866993023508566,DOR793727,3800,Greg Dortch,G.Dortch,WR,https://static.www.nfl.com/image/upload/{formatInstructions}/league/gkog6lrht3rnktwiberj,4,0,1,0,0,0,1,0,2.5287546342023792,8.42,4.329999999999998
2024,REG,9,2024110309,59641,11/03/2024,3800,ARI,0810,CHI,visitor,1,2.9866993023508566,ALL532966,0810,Keenan Allen,K.Allen,WR,https://static.www.nfl.com/image/upload/{formatInstructions}/league/lngo1onvkcqjnq7ozkuu,13,36,10,4,0,4,10,0,2.9692706552155097,7.122,13.326999999999998
2024,REG,9,2024110309,59641,11/03/2024,3800,ARI,0810,CHI,visitor,2,2.9866993023508566,MOO272423,0810,DJ Moore,D.Moore,WR,https://static.www.nfl.com/image/upload/{formatInstructions}/league/hqb9xnzm9brx79zl6wve,2,33,9,4,0,4,9,0,3.379285878001387,5.721111111111111,12.022222222222222
2024,REG,9,2024110309,59641,11/03/2024,3800,ARI,0810,CHI,visitor,3,2.9866993023508566,ODU426541,0810,Rome Odunze,R.Odunze,WR,https://static.www.nfl.com/image/upload/{formatInstructions}/league/labs8tstecnehvzfmrs5,15,104,7,5,0,5,7,0,3.406183097739023,6.474285714285714,16.201428571428572
2024,REG,9,2024110309,59641,11/03/2024,3800,ARI,0810,CHI,visitor,4,2.9866993023508566,EVE166115,0810,Gerald Everett,G.Everett,TE,https://static.www.nfl.com/image/upload/{formatInstructions}/league/aayw74rhaupmfnnikzak,14,5,1,1,0,1,1,0,9.717417352362718,,-3.8200000000000003
2024,REG,9,2024110310,59642,11/03/2024,1800,GB,1540,DET,home,1,2.9866993023508566,WAT316591,1800,Christian Watson,C.Watson,WR,https://static.www.nfl.com/image/upload/{formatInstructions}/league/qenktpex0mep8er8dzxj,9,37,7,3,0,3,7,0,2.4038559814775624,3.85,20.27857142857143
2024,REG,9,2024110310,59642,11/03/2024,1800,GB,1540,DET,home,2,2.9866993023508566,REE263142,1800,Jayden Reed,J.Reed,WR,https://static.www.nfl.com/image/upload/{formatInstructions}/league/blh2tfg9qjthqo2g6ot4,11,113,6,5,0,5,6,0,2.7928653787750384,7.720000000000001,14.581666666666663
2024,REG,9,2024110310,59642,11/03/2024,1800,GB,1540,DET,home,3,2.9866993023508566,KRA144054,1800,Tucker Kraft,T.Kraft,TE,https://static.www.nfl.com/image/upload/{formatInstructions}/league/klrmgekdzx1ywjjmixp7,85,34,6,4,0,4,6,0,4.87024268751627,7.304,6.396666666666668
2024,REG,9,2024110310,59642,11/03/2024,1800,GB,1540,DET,home,4,2.9866993023508566,DOU043165,1800,Romeo Doubs,R.Doubs,WR,https://static.www.nfl.com/image/upload/{formatInstructions}/league/dyulbddqbqshoqdxgo63,87,28,5,4,0,4,5,0,2.301815199910681,6.458,6.708
2024,REG,9,2024110310,59642,11/03/2024,1800,GB,1540,DET,home,5,2.9866993023508566,WIC622867,1800,Dontayvion Wicks,D.Wicks,WR,https://static.www.nfl.com/image/upload/{formatInstructions}/league/ghsev2bmz8kvhm8dsbey,13,0,3,0,0,0,3,0,2.6203309679105247,2.12,14.790000000000001
2024,REG,9,2024110310,59642,11/03/2024,1800,GB,1540,DET,visitor,1,2.9866993023508566,STB415291,1540,Amon-Ra St. Brown,A.St. Brown,WR,https://static.www.nfl.com/image/upload/{formatInstructions}/league/jmfuamqblg8jag0stpnq,14,56,7,7,1,7,7,1,2.6936033778207764,6.352857142857142,5.4971428571428556
2024,REG,9,2024110310,59642,11/03/2024,1800,GB,1540,DET,visitor,2,2.9866993023508566,LAP640235,1540,Sam LaPorta,S.LaPorta,TE,https://static.www.nfl.com/image/upload/{formatInstructions}/league/ucw8cfj5t5nwkx670wzu,87,28,3,2,0,2,3,0,3.719857525785397,4.786666666666666,8.626666666666667
2024,REG,9,2024110310,59642,11/03/2024,1800,GB,1540,DET,visitor,3,2.9866993023508566,PAT283375,1540,Tim Patrick,T.Patrick,WR,https://static.www.nfl.com/image/upload/{formatInstructions}/league/tsbe7jbwmgzby45hnb3j,17,12,2,2,0,2,2,0,2.1172017908907295,3.725,4.115
2024,REG,9,2024110310,59642,11/03/2024,1800,GB,1540,DET,visitor,4,2.9866993023508566,ROB365982,1540,Allen Robinson,A.Robinson,WR,https://static.www.nfl.com/image/upload/{formatInstructions}/league/fyukft9lraurbsq0laom,8,2,1,1,0,1,1,0,1.2872451204024833,1.79,2.049999999999997
2024,REG,9,2024110310,59642,11/03/2024,1800,GB,1540,DET,visitor,5,2.9866993023508566,WRI121125,1540,Brock Wright,B.Wright,TE,https://static.www.nfl.com/image/upload/{formatInstructions}/league/irowew9hgqaa9vcd8fri,89,1,1,1,0,1,1,0,3.3027564245641847,9.94,-1.3299999999999983
2024,REG,9,2024110311,59643,11/03/2024,4600,SEA,2510,LA,home,1,2.9866993023508566,SMI829636,4600,Jaxon Smith-Njigba,J.Smith-Njigba,WR,https://static.www.nfl.com/image/upload/{formatInstructions}/league/lfroslgx4bo5p641flvg,11,180,13,7,2,7,13,2,2.267775267185355,6.292307692307692,19.93076923076923
2024,REG,9,2024110311,59643,11/03/2024,4600,SEA,2510,LA,home,2,2.9866993023508566,BAR235889,4600,AJ Barner,A.Barner,TE,https://static.www.nfl.com/image/upload/{formatInstructions}/league/msnzbeyjoemcas9dm8vt,88,27,7,4,0,4,7,0,4.864427888759694,5.612,0.932857142857143
2024,REG,9,2024110311,59643,11/03/2024,4600,SEA,2510,LA,home,3,2.9866993023508566,LOC420915,4600,Tyler Lockett,T.Lockett,WR,https://static.www.nfl.com/image/upload/{formatInstructions}/league/yz9p4pfwr0iyakhnwj4z,16,63,4,3,1,3,4,1,3.0985834665220424,4.17,16.255000000000003
2024,REG,9,2024110311,59643,11/03/2024,4600,SEA,2510,LA,home,4,2.9866993023508566,WHI144160,4600,Cody White,C.White,WR,https://static.www.nfl.com/image/upload/{formatInstructions}/league/japxwwyjwag4j7kxy9pm,82,44,3,2,0,2,3,0,1.530766081816921,9.903333333333334,13.026666666666669
2024,REG,9,2024110311,59643,11/03/2024,4600,SEA,2510,LA,home,5,2.9866993023508566,BOB556112,4600,Jake Bobo,J.Bobo,WR,https://static.www.nfl.com/image/upload/{formatInstructions}/league/vf5wazbhc3u7x7vjhojq,19,0,1,0,0,0,1,0,0.48764741360947056,10.58,16.620000000000005
2024,REG,9,2024110311,59643,11/03/2024,4600,SEA,2510,LA,visitor,1,2.9866993023508566,KUP534597,2510,Cooper Kupp,C.Kupp,WR,https://static.www.nfl.com/image/upload/{formatInstructions}/league/sq7zwzcgrajuk0hwwph2,10,104,14,11,0,11,14,0,4.148570675997422,7.091666666666666,5.301428571428572
2024,REG,9,2024110311,59643,11/03/2024,4600,SEA,2510,LA,visitor,2,2.9866993023508566,ROB399065,2510,Demarcus Robinson,D.Robinson,WR,https://static.www.nfl.com/image/upload/{formatInstructions}/league/lakf0xue1qqb7ed4p6ge,15,94,9,6,2,6,9,2,2.4628537983156225,2.37125,14.637777777777778
2024,REG,9,2024110311,59643,11/03/2024,4600,SEA,2510,LA,visitor,3,2.9866993023508566,JOH711094,2510,Tyler Johnson,T.Johnson,WR,https://static.www.nfl.com/image/upload/{formatInstructions}/league/vktiajeyqc8s9s6mjws7,18,38,5,3,0,3,5,0,4.354942925025912,4.958,7.3759999999999994
2024,REG,9,2024110311,59643,11/03/2024,4600,SEA,2510,LA,visitor,4,2.9866993023508566,NAC559347,2510,Puka Nacua,P.Nacua,WR,https://static.www.nfl.com/image/upload/{formatInstructions}/league/i1pmrhua5gpvwgsqphxa,17,11,4,1,0,1,4,0,3.760701443827323,4.766666666666667,16.4125
2024,REG,9,2024110311,59643,11/03/2024,4600,SEA,2510,LA,visitor,5,2.9866993023508566,ATW460468,2510,Tutu Atwell,T.Atwell,WR,https://static.www.nfl.com/image/upload/{formatInstructions}/league/hpvbp9pn7ifbh62nde0n,5,16,3,1,0,1,3,0,1.3014718150482132,7.616666666666667,25.083333333333332
2024,REG,9,2024110312,59644,11/03/2024,3700,PHI,2250,JAX,home,1,2.9866993023508566,SMI206016,3700,DeVonta Smith,D.Smith,WR,https://static.www.nfl.com/image/upload/{formatInstructions}/league/bmdflwy52nsk7zpnfhwb,6,87,6,4,1,4,6,1,2.710606118328414,4.819999999999999,15.44
2024,REG,9,2024110312,59644,11/03/2024,3700,PHI,2250,JAX,home,2,2.9866993023508566,CAL069215,3700,Grant Calcaterra,G.Calcaterra,TE,https://static.www.nfl.com/image/upload/{formatInstructions}/league/vxl0kathuej280k01d2r,81,30,5,5,0,5,5,0,5.457032692616938,7.333333333333333,1.542000000000001
2024,REG,9,2024110312,59644,11/03/2024,3700,PHI,2250,JAX,home,3,2.9866993023508566,BRO413223,3700,A.J. Brown,A.Brown,WR,https://static.www.nfl.com/image/private/{formatInstructions}/league/a014sgzctarbvhwb35lw,11,36,4,2,0,2,4,0,1.6544508496627557,6.047499999999999,14.107499999999998
2024,REG,9,2024110312,59644,11/03/2024,3700,PHI,2250,JAX,home,4,2.9866993023508566,DOT282798,3700,Jahan Dotson,J.Dotson,WR,https://static.www.nfl.com/image/upload/{formatInstructions}/league/myxhp9oqtcv1peactbhv,83,36,1,1,0,1,1,0,0.49193495504995277,2.31,31.439999999999998
2024,REG,9,2024110312,59644,11/03/2024,3700,PHI,2250,JAX,home,5,2.9866993023508566,SMI024570,3700,Ainias Smith,A.Smith,WR,https://static.www.nfl.com/image/upload/{formatInstructions}/league/curtawk9bzyg88w5jrg8,82,0,1,1,0,1,1,0,6.420669746996806,7.54,-1.9200000000000017
2024,REG,9,2024110312,59644,11/03/2024,3700,PHI,2250,JAX,visitor,1,2.9866993023508566,ENG726325,2250,Evan Engram,E.Engram,TE,https://static.www.nfl.com/image/upload/{formatInstructions}/league/sea0atk2feif4n75dvq8,17,45,10,5,0,5,10,0,2.0957029471137623,6.2525,6.981
2024,REG,9,2024110312,59644,11/03/2024,3700,PHI,2250,JAX,visitor,2,2.9866993023508566,WAS604325,2250,Parker Washington,P.Washington,WR,https://static.www.nfl.com/image/private/{formatInstructions}/league/pukz1x5ysxkhvsmcttdm,11,41,6,3,0,3,6,0,1.9301453665136667,5.7266666666666675,14.983333333333334
2024,REG,9,2024110312,59644,11/03/2024,3700,PHI,2250,JAX,visitor,3,2.9866993023508566,THO419793,2250,Brian Thomas Jr.,B.Thomas,WR,https://static.www.nfl.com/image/upload/{formatInstructions}/league/gsz15iz0ppibhslzzgch,7,22,4,2,0,2,4,0,2.6051956348988297,5.192499999999999,5.3100000000000005
2024,REG,9,2024110312,59644,11/03/2024,3700,PHI,2250,JAX,visitor,4,2.9866993023508566,TRA262930,2250,Austin Trammell,A.Trammell,WR,https://static.www.nfl.com/image/upload/{formatInstructions}/league/spxcsfhejojjtk2ruqbw,86,40,3,2,0,2,3,0,2.23099091520638,6.669999999999999,14.606666666666664
2024,REG,9,2024110312,59644,11/03/2024,3700,PHI,2250,JAX,visitor,5,2.9866993023508566,JON759314,2250,Tim Jones,T.Jones,WR,https://static.www.nfl.com/image/private/{formatInstructions}/league/aufwsgk6syholp9f7dy6,15,10,2,1,0,1,2,0,2.4033871026102416,7.43,7.440000000000001
2024,REG,9,2024110400,59645,11/04/2024,2310,KC,4900,TB,home,1,2.9866993023508566,KEL012458,2310,Travis Kelce,T.Kelce,TE,https://static.www.nfl.com/image/upload/{formatInstructions}/league/ilk4qbxxs6mt3v9zfvtg,87,100,16,14,0,14,16,0,3.418239261357806,5.925833333333333,5.040625
2024,REG,9,2024110400,59645,11/04/2024,2310,KC,4900,TB,home,2,2.9866993023508566,HOP161500,2310,DeAndre Hopkins,D.Hopkins,WR,https://static.www.nfl.com/image/upload/{formatInstructions}/league/viymeohipdn0voptrkzh,8,86,9,8,2,8,9,2,2.527764509746938,5.86375,8.025555555555554
2024,REG,9,2024110400,59645,11/04/2024,2310,KC,4900,TB,home,3,2.9866993023508566,WAT441238,2310,Justin Watson,Ju.Watson,WR,https://static.www.nfl.com/image/private/{formatInstructions}/league/vr9tayyujt23takv3hv3,84,43,4,3,0,3,4,0,4.4513143722678015,5.6525,18.8925
2024,REG,9,2024110400,59645,11/04/2024,2310,KC,4900,TB,home,4,2.9866993023508566,HAR069520,2310,Mecole Hardman,M.Hardman,WR,https://static.www.nfl.com/image/upload/{formatInstructions}/league/cfbjutuygqg7imy0qwpt,17,17,3,3,0,3,3,0,4.493814650191393,7.566666666666667,-0.8466666666666663
2024,REG,9,2024110400,59645,11/04/2024,2310,KC,4900,TB,home,5,2.9866993023508566,WOR741496,2310,Xavier Worthy,X.Worthy,WR,https://static.www.nfl.com/image/upload/{formatInstructions}/league/fvzbx5gpiqkogglyoo1w,1,0,2,0,0,0,2,0,4.22974967046694,9.815,22.195
2024,REG,9,2024110400,59645,11/04/2024,2310,KC,4900,TB,visitor,1,2.9866993023508566,OTT712400,4900,Cade Otton,C.Otton,TE,https://static.www.nfl.com/image/upload/{formatInstructions}/league/mljam77kst1wlqd5y91v,88,77,11,8,1,8,11,1,3.219106842692842,6.6033333333333335,4.159999999999999
2024,REG,9,2024110400,59645,11/04/2024,2310,KC,4900,TB,visitor,2,2.9866993023508566,SHE495754,4900,Sterling Shepard,S.Shepard,WR,https://static.www.nfl.com/image/upload/{formatInstructions}/league/dphqvpkeselgrselrvma,17,48,5,4,0,4,5,0,3.1208850583476972,7.3,10.226
2024,REG,9,2024110400,59645,11/04/2024,2310,KC,4900,TB,visitor,3,2.9866993023508566,PAL683280,4900,Trey Palmer,T.Palmer,WR,https://static.www.nfl.com/image/upload/{formatInstructions}/league/zv0wdsdctgf2zw2ctumy,10,33,4,2,0,2,4,0,2.0951614124477893,2.005,12.379999999999999
2024,REG,9,2024110400,59645,11/04/2024,2310,KC,4900,TB,visitor,4,2.9866993023508566,MIL545030,4900,Ryan Miller,R.Miller,WR,https://static.www.nfl.com/image/upload/{formatInstructions}/league/maywscb6waflzzuaesew,81,1,3,1,1,1,3,1,2.692935897485523,6.4366666666666665,9.556666666666667
2024,REG,9,2024110400,59645,11/04/2024,2310,KC,4900,TB,visitor,5,2.9866993023508566,JAR260842,4900,Rakim Jarrett,R.Jarrett,WR,https://static.www.nfl.com/image/upload/{formatInstructions}/league/mnbgtrdhyuofclpct6tl,18,9,1,1,0,1,1,0,2.5920841035738036,3.87,4.510000000000002
2024,REG,10,2024110700,59646,11/07/2024,0325,BAL,0920,CIN,home,1,2.9866993023508566,BAT103884,0325,Rashod Bateman,R.Bateman,WR,https://static.www.nfl.com/image/upload/{formatInstructions}/league/jkcapzvd65fxivefjv8l,7,54,8,6,1,6,8,1,2.4756255273668337,6.154285714285714,12.151250000000001
2024,REG,10,2024110700,59646,11/07/2024,0325,BAL,0920,CIN,home,2,2.9866993023508566,AND701433,0325,Mark Andrews,M.Andrews,TE,https://static.www.nfl.com/image/upload/{formatInstructions}/league/y5maejm3puruskwc344y,89,68,7,6,1,6,7,1,5.006950190115993,8.34,9.302857142857144
2024,REG,10,2024110700,59646,11/07/2024,0325,BAL,0920,CIN,home,3,2.9866993023508566,FLO577002,0325,Zay Flowers,Z.Flowers,WR,https://static.www.nfl.com/image/upload/{formatInstructions}/league/oidhqwg0fjvanyk57nc1,4,34,6,4,0,4,6,0,5.947510216550621,6.721666666666667,4.976666666666667
2024,REG,10,2024110700,59646,11/07/2024,0325,BAL,0920,CIN,home,4,2.9866993023508566,WAL505238,0325,Tylan Wallace,T.Wallace,WR,https://static.www.nfl.com/image/upload/{formatInstructions}/league/e3ghtadqh39zhu0iieht,16,115,3,3,1,3,3,1,4.602303395080537,10.103333333333333,8.25
2024,REG,10,2024110700,59646,11/07/2024,0325,BAL,0920,CIN,home,5,2.9866993023508566,JOH000017,0325,Diontae Johnson,D.Johnson,WR,https://static.www.nfl.com/image/upload/{formatInstructions}/league/rjtil6ilydmwoy0btlt7,18,6,2,1,0,1,2,0,7.395128243624617,3.865,13.905000000000001
2024,REG,10,2024110700,59646,11/07/2024,0325,BAL,0920,CIN,visitor,1,2.9866993023508566,CHA694469,0920,Ja'Marr Chase,J.Chase,WR,https://static.www.nfl.com/image/upload/{formatInstructions}/league/qkcb3qt2fhasfgtfuprd,1,264,17,11,3,11,17,3,2.694531536215349,4.468823529411765,15.172352941176468
2024,REG,10,2024110700,59646,11/07/2024,0325,BAL,0920,CIN,visitor,2,2.9866993023508566,GES490798,0920,Mike Gesicki,M.Gesicki,TE,https://static.www.nfl.com/image/upload/{formatInstructions}/league/zabpknonv9ozmkyw4qqt,88,30,9,4,0,4,9,0,1.3575656542465127,5.188888888888889,9.426666666666668
2024,REG,10,2024110700,59646,11/07/2024,0325,BAL,0920,CIN,visitor,3,2.9866993023508566,HUD753368,0920,Tanner Hudson,T.Hudson,TE,https://static.www.nfl.com/image/upload/{formatInstructions}/league/fbtxfvqvgv0al8msbr1e,87,42,7,6,0,6,7,1,5.840854862589372,3.6059999999999994,2.324285714285714
2024,REG,10,2024110700,59646,11/07/2024,0325,BAL,0920,CIN,visitor,4,2.9866993023508566,BUR768791,0920,Jermaine Burton,J.Burton,WR,https://static.www.nfl.com/image/upload/{formatInstructions}/league/ifbhq7ghxf2mcvhzuxsz,81,11,5,1,0,1,5,0,1.0291775215962438,4.49,18.074
2024,REG,10,2024110700,59646,11/07/2024,0325,BAL,0920,CIN,visitor,5,2.9866993023508566,IOS307886,0920,Andrei Iosivas,A.Iosivas,WR,https://static.www.nfl.com/image/upload/{formatInstructions}/league/pgbqgzrxmbnmpcnkhsya,80,29,4,2,0,2,4,0,2.5051822252760827,2.845,13.354999999999999
2024,REG,10,2024111000,59647,11/10/2024,0750,CAR,3410,NYG,home,1,2.9866993023508566,COK451291,0750,Jalen Coker,J.Coker,WR,https://static.www.nfl.com/image/upload/{formatInstructions}/league/wk9xewrixauh09f71pqh,18,41,8,3,0,3,8,0,2.105140607967174,6.925,10.94625
2024,REG,10,2024111000,59647,11/10/2024,0750,CAR,3410,NYG,home,2,2.9866993023508566,LEG145351,0750,Xavier Legette,X.Legette,WR,https://static.www.nfl.com/image/upload/{formatInstructions}/league/a3etuvp3kqtwmtkioq8g,17,40,4,3,0,3,4,0,3.0119127774757053,5.6825,10.3575
2024,REG,10,2024111000,59647,11/10/2024,0750,CAR,3410,NYG,home,3,2.9866993023508566,MOO249444,0750,David Moore,D.Moore,WR,https://static.www.nfl.com/image/upload/{formatInstructions}/league/i2esmsczxxoq7pzvg6yf,83,18,4,2,0,2,4,0,1.028995043270866,6.515000000000001,10.674999999999999
2024,REG,10,2024111000,59647,11/10/2024,0750,CAR,3410,NYG,home,4,2.9866993023508566,SAN343203,0750,Ja'Tavion Sanders,J.Sanders,TE,https://static.www.nfl.com/image/upload/{formatInstructions}/league/egisbinbqmttmub4po1g,0,8,2,2,1,2,2,1,3.528260061168553,5.47,7.73
2024,REG,10,2024111000,59647,11/10/2024,0750,CAR,3410,NYG,home,5,2.9866993023508566,THO197015,0750,Ian Thomas,I.Thomas,TE,https://static.www.nfl.com/image/upload/{formatInstructions}/league/qrcffo16hdkcvxuvjppy,80,3,1,1,0,1,1,0,6.454339625399335,4.73,2.469999999999999
2024,REG,10,2024111000,59647,11/10/2024,0750,CAR,3410,NYG,visitor,1,2.9866993023508566,NAB400459,3410,Malik Nabers,M.Nabers,WR,https://static.www.nfl.com/image/upload/{formatInstructions}/league/w3edoyyuomqlovvp9ixc,1,50,10,6,0,6,10,0,1.9230370048889043,7.928999999999999,11.277000000000001
2024,REG,10,2024111000,59647,11/10/2024,0750,CAR,3410,NYG,visitor,2,2.9866993023508566,ROB717726,3410,Wan'Dale Robinson,W.Robinson,WR,https://static.www.nfl.com/image/upload/{formatInstructions}/league/z94hnehk9vgmvtad6sgi,17,51,8,5,0,5,8,0,3.22263909788088,7.0,8.192499999999999
2024,REG,10,2024111000,59647,11/10/2024,0750,CAR,3410,NYG,visitor,3,2.9866993023508566,JOH679524,3410,Theo Johnson,T.Johnson,TE,https://static.www.nfl.com/image/upload/{formatInstructions}/league/gljwzcxubvoqjxwnakze,84,37,6,4,0,4,6,0,1.9850135065555905,7.884,8.035000000000002
2024,REG,10,2024111000,59647,11/10/2024,0750,CAR,3410,NYG,visitor,4,2.9866993023508566,HYA420916,3410,Jalin Hyatt,J.Hyatt,WR,https://static.www.nfl.com/image/private/{formatInstructions}/league/ibftqfglvcqaipfdnr4f,13,39,4,4,0,4,4,0,1.5186596319891075,9.3425,10.075000000000001
2024,REG,10,2024111000,59647,11/10/2024,0750,CAR,3410,NYG,visitor,5,2.9866993023508566,HOD537222,3410,Isaiah Hodgins,I.Hodgins,WR,https://static.www.nfl.com/image/upload/{formatInstructions}/league/gc1gaxelm41o1luldpek,18,7,1,1,0,1,1,0,4.100012195103816,,5.770000000000003
2024,REG,10,2024111001,59648,11/10/2024,0810,CHI,3200,NE,home,1,2.9866993023508566,ODU426541,0810,Rome Odunze,R.Odunze,WR,https://static.www.nfl.com/image/upload/{formatInstructions}/league/labs8tstecnehvzfmrs5,15,23,6,3,0,3,6,0,2.9098698585780602,3.8049999999999997,9.991666666666665
2024,REG,10,2024111001,59648,11/10/2024,0810,CHI,3200,NE,home,2,2.9866993023508566,ALL532966,0810,Keenan Allen,K.Allen,WR,https://static.www.nfl.com/image/upload/{formatInstructions}/league/lngo1onvkcqjnq7ozkuu,13,44,6,5,0,5,6,0,2.040974667317911,5.963333333333334,6.163333333333333
2024,REG,10,2024111001,59648,11/10/2024,0810,CHI,3200,NE,home,3,2.9866993023508566,MOO272423,0810,DJ Moore,D.Moore,WR,https://static.www.nfl.com/image/upload/{formatInstructions}/league/hqb9xnzm9brx79zl6wve,2,24,6,3,0,3,6,0,2.455180219076461,6.143999999999999,6.231666666666666
2024,REG,10,2024111001,59648,11/10/2024,0810,CHI,3200,NE,home,4,2.9866993023508566,KME200895,0810,Cole Kmet,C.Kmet,TE,https://static.www.nfl.com/image/upload/{formatInstructions}/league/fdxpctcmwjupassg9g9d,85,13,4,2,0,2,4,0,3.0115209310817477,5.515000000000001,4.415
2024,REG,10,2024111001,59648,11/10/2024,0810,CHI,3200,NE,home,5,2.9866993023508566,CAR641798,0810,DeAndre Carter,D.Carter,WR,https://static.www.nfl.com/image/private/{formatInstructions}/league/mh4cvggohuakwwhobzrk,11,5,1,1,0,1,1,0,2.5854980177907723,7.59,4.799999999999997
2024,REG,10,2024111001,59648,11/10/2024,0810,CHI,3200,NE,visitor,1,2.9866993023508566,BOU482823,3200,Kayshon Boutte,K.Boutte,WR,https://static.www.nfl.com/image/private/{formatInstructions}/league/nz6t7jhx6erszovbv1bd,9,47,6,4,0,4,6,0,2.1360028476705426,4.87,19.07166666666667
2024,REG,10,2024111001,59648,11/10/2024,0810,CHI,3200,NE,visitor,2,2.9866993023508566,DOU259552,3200,Demario Douglas,D.Douglas,WR,https://static.www.nfl.com/image/private/{formatInstructions}/league/svnh61ottqtfmcqvnbj3,3,50,5,4,0,4,5,0,5.960523079433967,9.5125,1.4020000000000004
2024,REG,10,2024111001,59648,11/10/2024,0810,CHI,3200,NE,visitor,3,2.9866993023508566,HOO570770,3200,Austin Hooper,A.Hooper,TE,https://static.www.nfl.com/image/upload/{formatInstructions}/league/hj0ybtjspne3t1cso961,81,64,4,3,0,3,4,0,3.358670837986267,6.5633333333333335,13.967499999999998
2024,REG,10,2024111001,59648,11/10/2024,0810,CHI,3200,NE,visitor,4,2.9866993023508566,HEN617052,3200,Hunter Henry,H.Henry,TE,https://static.www.nfl.com/image/private/{formatInstructions}/league/sdjob9akppefyo7py5tj,85,14,4,1,0,1,4,0,3.7224992610462673,4.39,6.452499999999997
2024,REG,10,2024111001,59648,11/10/2024,0810,CHI,3200,NE,visitor,5,2.9866993023508566,POL136646,3200,Ja'Lynn Polk,J.Polk,WR,https://static.www.nfl.com/image/upload/{formatInstructions}/league/jladubt1cwxq46uslmu9,1,2,1,1,1,1,1,1,3.2157269784607054,4.87,2.1200000000000045
2024,REG,10,2024111002,59649,11/10/2024,2200,IND,0610,BUF,home,1,2.9866993023508566,DOW686145,2200,Josh Downs,J.Downs,WR,https://static.www.nfl.com/image/upload/{formatInstructions}/league/zue2xxvfrignllqlhagu,1,72,10,7,0,7,10,0,3.6190469226828923,7.072222222222222,7.43
2024,REG,10,2024111002,59649,11/10/2024,2200,IND,0610,BUF,home,2,2.9866993023508566,PIE185673,2200,Alec Pierce,A.Pierce,WR,https://static.www.nfl.com/image/upload/{formatInstructions}/league/hvtcpccoigf9cghzkxcg,14,81,7,4,1,4,7,1,2.6667932177319678,6.228571428571429,17.34
2024,REG,10,2024111002,59649,11/10/2024,2200,IND,0610,BUF,home,3,2.9866993023508566,MIT056120,2200,Adonai Mitchell,A.Mitchell,WR,https://static.www.nfl.com/image/upload/{formatInstructions}/league/fztxucnxhoxep6utluyc,10,71,6,6,0,6,6,0,2.864558899356197,5.813333333333333,8.850000000000001
2024,REG,10,2024111002,59649,11/10/2024,2200,IND,0610,BUF,home,4,2.9866993023508566,GRA367521,2200,Kylen Granson,K.Granson,TE,https://static.www.nfl.com/image/upload/{formatInstructions}/league/rydvwc7sqwucvx14s8b4,83,15,2,2,0,2,2,0,2.4115289049306248,3.4400000000000004,6.880000000000003
2024,REG,10,2024111002,59649,11/10/2024,2200,IND,0610,BUF,home,5,2.9866993023508566,OGL659589,2200,Andrew Ogletree,A.Ogletree,TE,https://static.www.nfl.com/image/upload/{formatInstructions}/league/xrp8dougs6jb0denyorz,85,2,1,1,0,1,1,0,3.3331816632160933,7.8,1.5600000000000023
2024,REG,10,2024111002,59649,11/10/2024,2200,IND,0610,BUF,visitor,1,2.9866993023508566,SHA107427,0610,Khalil Shakir,K.Shakir,WR,https://static.www.nfl.com/image/upload/{formatInstructions}/league/ch2yarhiobqlvr9ls2yw,10,58,9,6,0,6,9,0,3.490187740461301,7.795555555555556,7.395555555555556
2024,REG,10,2024111002,59649,11/10/2024,2200,IND,0610,BUF,visitor,2,2.9866993023508566,SAM633285,0610,Curtis Samuel,C.Samuel,WR,https://static.www.nfl.com/image/upload/{formatInstructions}/league/mq62ulflifrpjrcyknbj,1,35,8,4,0,4,8,0,1.920636954591571,7.64,7.631250000000001
2024,REG,10,2024111002,59649,11/10/2024,2200,IND,0610,BUF,visitor,3,2.9866993023508566,KIN069130,0610,Dalton Kincaid,D.Kincaid,TE,https://static.www.nfl.com/image/upload/{formatInstructions}/league/rsimqxdfwlb1n9qd4w3g,86,24,5,2,0,2,5,0,5.076945903576326,5.580000000000001,5.376000000000002
2024,REG,10,2024111002,59649,11/10/2024,2200,IND,0610,BUF,visitor,4,2.9866993023508566,HOL280459,0610,Mack Hollins,M.Hollins,WR,https://static.www.nfl.com/image/upload/{formatInstructions}/league/xchw7quzjszgrm6psbyg,13,86,4,4,0,4,4,0,3.9582322771348917,6.4825,18.8525
2024,REG,10,2024111002,59649,11/10/2024,2200,IND,0610,BUF,visitor,5,2.9866993023508566,KNO490795,0610,Dawson Knox,D.Knox,TE,https://static.www.nfl.com/image/upload/{formatInstructions}/league/uazfj5l5vzow2oyfa1s6,88,40,3,2,0,2,3,0,3.5073603139386087,7.513333333333333,10.620000000000003
2024,REG,10,2024111003,59650,11/10/2024,2250,JAX,3000,MIN,home,1,2.9866993023508566,ENG726325,2250,Evan Engram,E.Engram,TE,https://static.www.nfl.com/image/upload/{formatInstructions}/league/sea0atk2feif4n75dvq8,17,40,8,6,0,6,8,0,4.703463991827248,5.058571428571429,6.385
2024,REG,10,2024111003,59650,11/10/2024,2250,JAX,3000,MIN,home,2,2.9866993023508566,DAV329675,2250,Gabe Davis,G.Davis,WR,https://static.www.nfl.com/image/upload/{formatInstructions}/league/rlmgjtfct5qjtbwcjqg6,0,19,4,1,0,1,4,0,3.084958418790791,8.2,20.2125
2024,REG,10,2024111003,59650,11/10/2024,2250,JAX,3000,MIN,home,3,2.9866993023508566,THO419793,2250,Brian Thomas Jr.,B.Thomas,WR,https://static.www.nfl.com/image/upload/{formatInstructions}/league/gsz15iz0ppibhslzzgch,7,12,3,2,0,2,3,0,2.1813427821567313,5.263333333333334,5.730000000000001
2024,REG,10,2024111003,59650,11/10/2024,2250,JAX,3000,MIN,home,4,2.9866993023508566,STR188631,2250,Brenton Strange,B.Strange,TE,https://static.www.nfl.com/image/private/{formatInstructions}/league/trfk78mrfsafnbatyx2x,85,25,3,2,0,2,3,0,3.532436347355118,3.31,3.1266666666666603
2024,REG,10,2024111003,59650,11/10/2024,2250,JAX,3000,MIN,home,5,2.9866993023508566,FAR615740,2250,Luke Farrell,L.Farrell,TE,https://static.www.nfl.com/image/upload/{formatInstructions}/league/f2z7wpmx7ngtxcqqedla,89,16,2,2,0,2,2,0,3.1912976134512894,2.65,3.7600000000000016
2024,REG,10,2024111003,59650,11/10/2024,2250,JAX,3000,MIN,visitor,1,2.9866993023508566,HOC422041,3000,T.J. Hockenson,T.Hockenson,TE,https://static.www.nfl.com/image/upload/{formatInstructions}/league/n9zhffstwzae8i5di6tk,87,72,9,8,0,8,9,0,2.0615409873196304,6.6325,7.240000000000001
2024,REG,10,2024111003,59650,11/10/2024,2250,JAX,3000,MIN,visitor,2,2.9866993023508566,JEF269287,3000,Justin Jefferson,J.Jefferson,WR,https://static.www.nfl.com/image/upload/{formatInstructions}/league/vrftbpzwk6qmv0zjcysg,18,48,9,5,0,5,9,0,2.8132654902311938,3.643333333333333,8.707777777777778
2024,REG,10,2024111003,59650,11/10/2024,2250,JAX,3000,MIN,visitor,3,2.9866993023508566,OLI524360,3000,Josh Oliver,J.Oliver,TE,https://static.www.nfl.com/image/private/{formatInstructions}/league/pwd3muzyjclgjlwwtdah,84,52,6,4,0,4,6,0,2.493104120374135,5.16,13.183333333333332
2024,REG,10,2024111003,59650,11/10/2024,2250,JAX,3000,MIN,visitor,4,2.9866993023508566,ADD491056,3000,Jordan Addison,J.Addison,WR,https://static.www.nfl.com/image/upload/{formatInstructions}/league/tmyckmignrvy8truccwm,3,25,5,2,0,2,5,0,2.5687707039885335,3.935,14.804000000000002
2024,REG,10,2024111003,59650,11/10/2024,2250,JAX,3000,MIN,visitor,5,2.9866993023508566,NAI067484,3000,Jalen Nailor,J.Nailor,WR,https://static.www.nfl.com/image/upload/{formatInstructions}/league/fe9b3l4fz6n02gbr5zbt,83,11,3,1,0,1,3,0,1.8740112389247887,4.476666666666667,10.720000000000004
2024,REG,10,2024111004,59651,11/10/2024,2310,KC,1400,DEN,home,1,2.9866993023508566,KEL012458,2310,Travis Kelce,T.Kelce,TE,https://static.www.nfl.com/image/upload/{formatInstructions}/league/ilk4qbxxs6mt3v9zfvtg,87,64,12,8,1,8,12,1,2.808882393966396,5.4675,7.246666666666666
2024,REG,10,2024111004,59651,11/10/2024,2310,KC,1400,DEN,home,2,2.9866993023508566,HOP161500,2310,DeAndre Hopkins,D.Hopkins,WR,https://static.www.nfl.com/image/upload/{formatInstructions}/league/viymeohipdn0voptrkzh,8,56,5,4,0,4,5,0,2.7206853589445608,4.438000000000001,8.417999999999997
2024,REG,10,2024111004,59651,11/10/2024,2310,KC,1400,DEN,home,3,2.9866993023508566,WOR741496,2310,Xavier Worthy,X.Worthy,WR,https://static.www.nfl.com/image/upload/{formatInstructions}/league/fvzbx5gpiqkogglyoo1w,1,11,4,1,0,1,4,0,3.2063275787157757,3.225,16.665
2024,REG,10,2024111004,59651,11/10/2024,2310,KC,1400,DEN,home,4,2.9866993023508566,GRA757316,2310,Noah Gray,N.Gray,TE,https://static.www.nfl.com/image/upload/{formatInstructions}/league/erihh0eiq4m76k2ejvax,83,18,2,2,0,2,2,0,6.869783976589335,6.865,-0.3249999999999993
2024,REG,10,2024111004,59651,11/10/2024,2310,KC,1400,DEN,home,5,2.9866993023508566,WAT441238,2310,Justin Watson,Ju.Watson,WR,https://static.www.nfl.com/image/private/{formatInstructions}/league/vr9tayyujt23takv3hv3,84,6,2,2,0,2,2,0,4.690213845238439,8.72,1.2699999999999996
2024,REG,10,2024111004,59651,11/10/2024,2310,KC,1400,DEN,visitor,1,2.9866993023508566,SUT333526,1400,Courtland Sutton,C.Sutton,WR,https://static.www.nfl.com/image/upload/{formatInstructions}/league/qts95gbd6hv65s9eiseq,14,70,9,6,1,6,9,1,2.1638400194726977,2.7622222222222224,10.764444444444443
2024,REG,10,2024111004,59651,11/10/2024,2310,KC,1400,DEN,visitor,2,2.9866993023508566,VEL175757,1400,Devaughn Vele,D.Vele,WR,https://static.www.nfl.com/image/upload/{formatInstructions}/league/f2lz4vsh2daurrwdamzv,17,39,4,4,1,4,4,1,6.689836693238127,5.390000000000001,5.087499999999999
2024,REG,10,2024111004,59651,11/10/2024,2310,KC,1400,DEN,visitor,3,2.9866993023508566,MIM654774,1400,Marvin Mims Jr.,M.Mims,WR,https://static.www.nfl.com/image/upload/{formatInstructions}/league/trvilnckw7nprw1gkghl,19,13,4,4,0,4,4,0,5.879639939187824,7.414999999999999,-2.7600000000000033
2024,REG,10,2024111004,59651,11/10/2024,2310,KC,1400,DEN,visitor,4,2.9866993023508566,FRA545210,1400,Troy Franklin,T.Franklin,WR,https://static.www.nfl.com/image/upload/{formatInstructions}/league/w429urxwxc8sw4bsbvxz,16,9,3,1,0,1,3,0,1.9164713988095106,3.223333333333333,22.78333333333333
2024,REG,10,2024111004,59651,11/10/2024,2310,KC,1400,DEN,visitor,5,2.9866993023508566,HUM534685,1400,Lil'Jordan Humphrey,L.Humphrey,WR,https://static.www.nfl.com/image/upload/{formatInstructions}/league/yjmyfuozafxd7zwf3mlr,84,23,3,2,0,2,3,0,4.460079313737722,7.883333333333333,4.626666666666665
2024,REG,10,2024111005,59652,11/10/2024,3300,NO,0200,ATL,home,1,2.9866993023508566,VAL142116,3300,Marquez Valdes-Scantling,M.Valdes-Scantling,WR,https://static.www.nfl.com/image/upload/{formatInstructions}/league/voutjbaunuwmyp6ywy5n,10,109,3,3,2,3,3,2,1.432576005389106,6.22,29.993333333333336
2024,REG,10,2024111005,59652,11/10/2024,3300,NO,0200,ATL,home,2,2.9866993023508566,JOH398789,3300,Juwan Johnson,J.Johnson,TE,https://static.www.nfl.com/image/upload/{formatInstructions}/league/pdsl9w3agc9uvjqpq1jy,83,22,3,2,0,2,3,0,1.7142193120459137,4.734999999999999,8.14333333333333
2024,REG,10,2024111005,59652,11/10/2024,3300,NO,0200,ATL,home,3,2.9866993023508566,AUS749254,3300,Kevin Austin Jr.,K.Austin,WR,https://static.www.nfl.com/image/upload/{formatInstructions}/league/vdah0xfiadl04o4s6xd0,81,36,2,2,0,2,2,0,2.9302094881884577,8.365,11.725000000000001
2024,REG,10,2024111005,59652,11/10/2024,3300,NO,0200,ATL,home,4,2.9866993023508566,MOR096402,3300,Foster Moreau,F.Moreau,TE,https://static.www.nfl.com/image/upload/{formatInstructions}/league/hfcik9okcbwsbhgoaljy,87,0,2,0,0,0,2,0,2.8070110816938962,9.93,12.23
2024,REG,10,2024111005,59652,11/10/2024,3300,NO,0200,ATL,home,5,2.9866993023508566,HIL609597,3300,Taysom Hill,T.Hill,TE,https://static.www.nfl.com/image/upload/{formatInstructions}/league/q8itjlocg5do60qat4l3,7,36,2,2,0,2,2,0,4.415235556209381,9.435,0.7049999999999983
2024,REG,10,2024111005,59652,11/10/2024,3300,NO,0200,ATL,visitor,1,2.9866993023508566,LON013463,0200,Drake London,D.London,WR,https://static.www.nfl.com/image/upload/{formatInstructions}/league/wikjazqtt3uunjufgqrf,5,97,13,8,0,8,13,0,2.415773468616155,5.432727272727273,11.83769230769231
2024,REG,10,2024111005,59652,11/10/2024,3300,NO,0200,ATL,visitor,2,2.9866993023508566,MOO076900,0200,Darnell Mooney,D.Mooney,WR,https://static.www.nfl.com/image/upload/{formatInstructions}/league/c1ixyspw0eshl3a2qrly,1,96,9,5,0,5,9,0,1.4846459470151634,5.467777777777778,16.043333333333333
2024,REG,10,2024111005,59652,11/10/2024,3300,NO,0200,ATL,visitor,3,2.9866993023508566,PIT516805,0200,Kyle Pitts,K.Pitts,TE,https://static.www.nfl.com/image/upload/{formatInstructions}/league/t8ymqyhvv8i1r80jyhy2,8,55,6,4,0,4,6,0,3.6182479643976055,2.4566666666666666,11.463333333333333
2024,REG,10,2024111005,59652,11/10/2024,3300,NO,0200,ATL,visitor,4,2.9866993023508566,MCC417118,0200,Ray-Ray McCloud,R.McCloud,WR,https://static.www.nfl.com/image/upload/{formatInstructions}/league/nvwn3sdihyyd2itjt7vy,34,30,4,3,0,3,4,0,2.9737589322012017,4.45,10.2025
2024,REG,10,2024111005,59652,11/10/2024,3300,NO,0200,ATL,visitor,5,2.9866993023508566,WOE138430,0200,Charlie Woerner,C.Woerner,TE,https://static.www.nfl.com/image/upload/{formatInstructions}/league/hllqdtlyjbs2gbdgn6lj,89,0,1,0,0,0,1,0,12.307956776004707,,-1.5499999999999972
2024,REG,10,2024111006,59653,11/10/2024,4900,TB,4500,SF,home,1,2.9866993023508566,OTT712400,4900,Cade Otton,C.Otton,TE,https://static.www.nfl.com/image/upload/{formatInstructions}/league/mljam77kst1wlqd5y91v,88,35,8,5,0,5,8,0,2.117309106940185,5.364285714285715,3.6949999999999994
2024,REG,10,2024111006,59653,11/10/2024,4900,TB,4500,SF,home,2,2.9866993023508566,JAR260842,4900,Rakim Jarrett,R.Jarrett,WR,https://static.www.nfl.com/image/upload/{formatInstructions}/league/mnbgtrdhyuofclpct6tl,18,10,4,2,0,2,4,0,2.0054592279946397,7.2325,7.342499999999999
2024,REG,10,2024111006,59653,11/10/2024,4900,TB,4500,SF,home,3,2.9866993023508566,SHE495754,4900,Sterling Shepard,S.Shepard,WR,https://static.www.nfl.com/image/upload/{formatInstructions}/league/dphqvpkeselgrselrvma,17,7,3,1,0,1,3,0,2.76015339897287,5.3,9.256666666666666
2024,REG,10,2024111006,59653,11/10/2024,4900,TB,4500,SF,home,4,2.9866993023508566,MIL545030,4900,Ryan Miller,R.Miller,WR,https://static.www.nfl.com/image/upload/{formatInstructions}/league/maywscb6waflzzuaesew,81,11,3,1,0,1,3,0,1.8877770055704686,9.503333333333334,14.043333333333331
2024,REG,10,2024111006,59653,11/10/2024,4900,TB,4500,SF,home,5,2.9866993023508566,PAL683280,4900,Trey Palmer,T.Palmer,WR,https://static.www.nfl.com/image/upload/{formatInstructions}/league/zv0wdsdctgf2zw2ctumy,10,0,1,0,0,0,1,0,2.6610148440021897,7.99,31.89
2024,REG,10,2024111006,59653,11/10/2024,4900,TB,4500,SF,visitor,1,2.9866993023508566,JEN497457,4500,Jauan Jennings,J.Jennings,WR,https://static.www.nfl.com/image/upload/{formatInstructions}/league/fqyzagb57zrtegmw69eb,15,93,11,7,0,7,11,0,3.186416544895192,6.783333333333334,8.157272727272728
2024,REG,10,2024111006,59653,11/10/2024,4900,TB,4500,SF,visitor,2,2.9866993023508566,PEA307677,4500,Ricky Pearsall,R.Pearsall,WR,https://static.www.nfl.com/image/upload/{formatInstructions}/league/akwepvt6qxwbgankljmv,14,73,6,4,1,4,6,1,2.1915359569236394,7.014,10.043333333333335
2024,REG,10,2024111006,59653,11/10/2024,4900,TB,4500,SF,visitor,3,2.9866993023508566,SAM636097,4500,Deebo Samuel Sr.,D.Samuel,WR,https://static.www.nfl.com/image/upload/{formatInstructions}/league/shqoqpjwwoiexzy6cmgb,1,62,6,5,0,5,6,0,2.2728901482717467,5.265,4.928333333333334
2024,REG,10,2024111006,59653,11/10/2024,4900,TB,4500,SF,visitor,4,2.9866993023508566,KIT388290,4500,George Kittle,G.Kittle,TE,https://static.www.nfl.com/image/upload/{formatInstructions}/league/ivkrikewqqdllzvano8h,85,57,4,3,1,3,4,1,3.1023717722342194,4.126666666666666,10.9725
2024,REG,10,2024111007,59654,11/10/2024,5110,WAS,3900,PIT,home,1,2.9866993023508566,ERT800920,5110,Zach Ertz,Z.Ertz,TE,https://static.www.nfl.com/image/upload/{formatInstructions}/league/xktmmeumuoglbuam75iz,86,31,8,4,0,4,8,0,3.927690121687375,5.2,4.76125
2024,REG,10,2024111007,59654,11/10/2024,5110,WAS,3900,PIT,home,2,2.9866993023508566,BRO567406,5110,Noah Brown,N.Brown,WR,https://static.www.nfl.com/image/upload/{formatInstructions}/league/nv6ix0p8965yiugsuhwh,85,33,7,3,0,3,7,0,2.077934818936621,4.402857142857142,10.732857142857142
2024,REG,10,2024111007,59654,11/10/2024,5110,WAS,3900,PIT,home,3,2.9866993023508566,MCL278328,5110,Terry McLaurin,T.McLaurin,WR,https://static.www.nfl.com/image/upload/{formatInstructions}/league/wokz1etv1wj1vhbmvxgs,17,113,6,5,0,5,6,0,2.389177068115366,4.833333333333333,9.593333333333332
2024,REG,10,2024111007,59654,11/10/2024,5110,WAS,3900,PIT,home,4,2.9866993023508566,ZAC133180,5110,Olamide Zaccheaus,O.Zaccheaus,WR,https://static.www.nfl.com/image/upload/{formatInstructions}/league/hcmdnfgnnvcp0qbktpxd,14,8,3,1,0,1,3,0,4.412391705407468,5.830000000000001,3.710000000000001
2024,REG,10,2024111007,59654,11/10/2024,5110,WAS,3900,PIT,home,5,2.9866993023508566,BRO408220,5110,Dyami Brown,D.Brown,WR,https://static.www.nfl.com/image/upload/{formatInstructions}/league/mibh7ud59ygmzm19ivac,2,-13,3,2,0,2,3,0,3.828703056850234,5.140000000000001,0.9333333333333371
2024,REG,10,2024111007,59654,11/10/2024,5110,WAS,3900,PIT,visitor,1,2.9866993023508566,PIC576156,3900,George Pickens,G.Pickens,WR,https://static.www.nfl.com/image/upload/{formatInstructions}/league/klxzcb6p7ekngcognpiy,14,91,7,5,1,5,7,1,1.6761826301437746,5.602857142857142,17.005714285714287
2024,REG,10,2024111007,59654,11/10/2024,5110,WAS,3900,PIT,visitor,2,2.9866993023508566,AUS738004,3900,Calvin Austin III,C.Austin,WR,https://static.www.nfl.com/image/private/{formatInstructions}/league/qlt6ztqcbu0uzad6aavt,19,20,6,2,0,2,6,0,1.5818889769689335,5.341666666666666,12.453333333333333
2024,REG,10,2024111007,59654,11/10/2024,5110,WAS,3900,PIT,visitor,3,2.9866993023508566,WAS185860,3900,Darnell Washington,D.Washington,TE,https://static.www.nfl.com/image/upload/{formatInstructions}/league/i6bxioxqzrc9hepszyjf,80,6,3,1,0,1,3,0,3.303422060605623,4.675,1.8199999999999978
2024,REG,10,2024111007,59654,11/10/2024,5110,WAS,3900,PIT,visitor,4,2.9866993023508566,FRE439769,3900,Pat Freiermuth,P.Freiermuth,TE,https://static.www.nfl.com/image/upload/{formatInstructions}/league/sozfjyy3bmntjv8tmqah,88,17,3,3,1,3,3,1,2.9185204366901707,6.22,1.566666666666667
2024,REG,10,2024111007,59654,11/10/2024,5110,WAS,3900,PIT,visitor,5,2.9866993023508566,JEF436716,3900,Van Jefferson,V.Jefferson,WR,https://static.www.nfl.com/image/upload/{formatInstructions}/league/v2vkt9htky3xawu8yskx,11,0,2,0,0,0,2,0,1.0478180864225222,5.16,27.295
2024,REG,10,2024111008,59655,11/10/2024,4400,LAC,2100,TEN,home,1,2.9866993023508566,DIS743152,4400,Will Dissly,W.Dissly,TE,https://static.www.nfl.com/image/upload/{formatInstructions}/league/opdpeoconvviwkufolxr,81,30,6,5,0,5,6,0,1.6619797239416692,5.029999999999999,6.19
2024,REG,10,2024111008,59655,11/10/2024,4400,LAC,2100,TEN,home,2,2.9866993023508566,MCC512833,4400,Ladd McConkey,L.McConkey,WR,https://static.www.nfl.com/image/upload/{formatInstructions}/league/wcx39ialovvxxnvs2bke,15,52,2,2,0,2,2,0,2.0399450147548457,2.8,13.96
2024,REG,10,2024111008,59655,11/10/2024,4400,LAC,2100,TEN,home,3,2.9866993023508566,PAL451625,4400,Josh Palmer,J.Palmer,WR,https://static.www.nfl.com/image/upload/{formatInstructions}/league/dexbsmmldvsqtr83or5l,5,36,2,1,0,1,2,0,1.3404190903763455,5.195,23.094999999999995
2024,REG,10,2024111008,59655,11/10/2024,4400,LAC,2100,TEN,home,4,2.9866993023508566,JOH823261,4400,Quentin Johnston,Q.Johnston,WR,https://static.www.nfl.com/image/upload/{formatInstructions}/league/jbxlvsbokf9qdqtet1qr,1,24,2,2,1,2,2,1,2.292024152912495,1.875,10.515
2024,REG,10,2024111008,59655,11/10/2024,4400,LAC,2100,TEN,home,5,2.9866993023508566,HUR495014,4400,Hayden Hurst,H.Hurst,TE,https://static.www.nfl.com/image/upload/{formatInstructions}/league/qxvkvmi2fphxjqyb21nv,88,0,1,0,0,0,1,0,4.9614514005480315,,-1.4100000000000001
2024,REG,10,2024111008,59655,11/10/2024,4400,LAC,2100,TEN,visitor,1,2.9866993023508566,RID652384,2100,Calvin Ridley,C.Ridley,WR,https://static.www.nfl.com/image/upload/{formatInstructions}/league/tmeij0cfgylmurfybs74,0,84,9,5,2,5,9,2,1.9466748892369732,6.858888888888888,15.804444444444442
2024,REG,10,2024111008,59655,11/10/2024,4400,LAC,2100,TEN,visitor,2,2.9866993023508566,WES567220,2100,Nick Westbrook-Ikhine,N.Westbrook-Ikhine,WR,https://static.www.nfl.com/image/upload/{formatInstructions}/league/rt9ic9wzwl2pevlxt1nd,15,31,3,3,0,3,3,0,3.1920284383638164,5.876666666666666,8.213333333333333
2024,REG,10,2024111008,59655,11/10/2024,4400,LAC,2100,TEN,visitor,3,2.9866993023508566,OLI201080,2100,Bryce Oliver,B.Oliver,WR,https://static.www.nfl.com/image/upload/{formatInstructions}/league/njv8cbvhuobk2fe6uslj,80,23,2,2,0,2,2,0,3.5085971919170764,8.75,8.114999999999995
2024,REG,10,2024111008,59655,11/10/2024,4400,LAC,2100,TEN,visitor,4,2.9866993023508566,WHY207645,2100,Josh Whyle,J.Whyle,TE,https://static.www.nfl.com/image/upload/{formatInstructions}/league/ccstvnbjzprcpb2j9xnb,81,0,1,0,0,0,1,0,1.4712239802287073,2.64,11.57
2024,REG,10,2024111008,59655,11/10/2024,4400,LAC,2100,TEN,visitor,5,2.9866993023508566,OKO283611,2100,Chig Okonkwo,C.Okonkwo,TE,https://static.www.nfl.com/image/upload/{formatInstructions}/league/ut2gqeq2lowknrro0wlu,85,14,1,1,0,1,1,0,5.071055117034322,,4.649999999999999
2024,REG,10,2024111009,59656,11/10/2024,3800,ARI,3430,NYJ,home,1,2.9866993023508566,HAR648677,3800,Marvin Harrison Jr.,M.Harrison,WR,https://static.www.nfl.com/image/upload/{formatInstructions}/league/o6hg5zeofmxvzjjpo2sf,18,54,5,5,1,5,5,1,3.374010099369451,5.856,7.822000000000003
2024,REG,10,2024111009,59656,11/10/2024,3800,ARI,3430,NYJ,home,2,2.9866993023508566,MCB743360,3800,Trey McBride,T.McBride,TE,https://static.www.nfl.com/image/upload/{formatInstructions}/league/hfdgljgi9gfaskomdl1h,85,71,5,4,0,4,5,0,3.8255455991243963,2.665,10.382000000000001
2024,REG,10,2024111009,59656,11/10/2024,3800,ARI,3430,NYJ,home,3,2.9866993023508566,WIL752419,3800,Michael Wilson,Mi.Wilson,WR,https://static.www.nfl.com/image/upload/{formatInstructions}/league/spsbduvpqe21tgkwhvbc,14,24,4,3,0,3,4,0,1.8192286129695494,3.54,10.017499999999998
2024,REG,10,2024111009,59656,11/10/2024,3800,ARI,3430,NYJ,home,4,2.9866993023508566,HIG138430,3800,Elijah Higgins,E.Higgins,TE,https://static.www.nfl.com/image/upload/{formatInstructions}/league/sodpdh4uhbhzjxbnmao1,84,13,2,2,0,2,2,0,2.201505962745358,5.529999999999999,6.725000000000001
2024,REG,10,2024111009,59656,11/10/2024,3800,ARI,3430,NYJ,home,5,2.9866993023508566,DOR793727,3800,Greg Dortch,G.Dortch,WR,https://static.www.nfl.com/image/upload/{formatInstructions}/league/gkog6lrht3rnktwiberj,4,-1,1,1,0,1,1,0,1.0373041983911935,,-6.729999999999997
2024,REG,10,2024111009,59656,11/10/2024,3800,ARI,3430,NYJ,visitor,1,2.9866993023508566,ADA218591,3430,Davante Adams,D.Adams,WR,https://static.www.nfl.com/image/upload/{formatInstructions}/league/jweoujpjv9u2a8k7wnos,17,31,13,6,0,6,13,0,3.091524340852063,5.792307692307692,7.197692307692306
2024,REG,10,2024111009,59656,11/10/2024,3800,ARI,3430,NYJ,visitor,2,2.9866993023508566,WIL691962,3430,Garrett Wilson,G.Wilson,WR,https://static.www.nfl.com/image/private/{formatInstructions}/league/llgosx4tokddwnyrgvbx,5,41,6,5,0,5,6,0,3.4232819225153364,4.962000000000001,6.219999999999999
2024,REG,10,2024111009,59656,11/10/2024,3800,ARI,3430,NYJ,visitor,3,2.9866993023508566,CON185250,3430,Tyler Conklin,T.Conklin,TE,https://static.www.nfl.com/image/upload/{formatInstructions}/league/chajhumpfogd8effewe6,83,8,2,1,0,1,2,0,4.319632805895741,4.234999999999999,4.580000000000002
2024,REG,10,2024111009,59656,11/10/2024,3800,ARI,3430,NYJ,visitor,4,2.9866993023508566,RUC675714,3430,Jeremy Ruckert,J.Ruckert,TE,https://static.www.nfl.com/image/private/{formatInstructions}/league/w6bf97vbqitoyo5o7xaa,89,17,2,2,0,2,2,0,4.179463960269037,2.8600000000000003,6.299999999999999
2024,REG,10,2024111009,59656,11/10/2024,3800,ARI,3430,NYJ,visitor,5,2.9866993023508566,COR399318,3430,Malachi Corley,M.Corley,WR,https://static.www.nfl.com/image/upload/{formatInstructions}/league/wukmdigs85jyubxw0iur,14,2,2,1,0,1,2,0,4.224129605577232,5.319999999999999,5.295000000000002
2024,REG,10,2024111010,59657,11/10/2024,1200,DAL,3700,PHI,home,1,2.9866993023508566,LAM138457,1200,CeeDee Lamb,C.Lamb,WR,https://static.www.nfl.com/image/upload/{formatInstructions}/league/tfuj9njqdw2dovkwhryc,88,21,10,6,0,6,10,0,2.6581526476921566,6.789,6.178000000000001
2024,REG,10,2024111010,59657,11/10/2024,1200,DAL,3700,PHI,home,2,2.9866993023508566,TOL148914,1200,Jalen Tolbert,J.Tolbert,WR,https://static.www.nfl.com/image/upload/{formatInstructions}/league/cek1m1cbly5rfmmmjpcc,1,14,5,3,0,3,5,0,1.0960079522099102,7.8420000000000005,12.558000000000002
2024,REG,10,2024111010,59657,11/10/2024,1200,DAL,3700,PHI,home,3,2.9866993023508566,FER146119,1200,Jake Ferguson,J.Ferguson,TE,https://static.www.nfl.com/image/upload/{formatInstructions}/league/lbvrn1ibwszd6tzgh6o1,87,24,5,4,0,4,5,0,3.262075989220906,5.678,2.210000000000002
2024,REG,10,2024111010,59657,11/10/2024,1200,DAL,3700,PHI,home,4,2.9866993023508566,BRO124672,1200,Jalen Brooks,J.Brooks,WR,https://static.www.nfl.com/image/upload/{formatInstructions}/league/jdwbrmypfsotpdw86w6u,83,4,4,1,0,1,4,0,0.7965132212051895,4.48,17.072499999999998
2024,REG,10,2024111010,59657,11/10/2024,1200,DAL,3700,PHI,home,5,2.9866993023508566,SCH471986,1200,Luke Schoonmaker,L.Schoonmaker,TE,https://static.www.nfl.com/image/upload/{formatInstructions}/league/fd4exg1hqzlm9sk6ruu6,86,0,1,0,0,0,1,0,7.993297192022828,,1.0900000000000034
2024,REG,10,2024111010,59657,11/10/2024,1200,DAL,3700,PHI,visitor,1,2.9866993023508566,BRO413223,3700,A.J. Brown,A.Brown,WR,https://static.www.nfl.com/image/private/{formatInstructions}/league/a014sgzctarbvhwb35lw,11,109,7,5,0,5,7,0,2.2612088848574223,7.588571428571429,17.60571428571429
2024,REG,10,2024111010,59657,11/10/2024,1200,DAL,3700,PHI,visitor,2,2.9866993023508566,GOE595520,3700,Dallas Goedert,D.Goedert,TE,https://static.www.nfl.com/image/upload/{formatInstructions}/league/wfj54vhw1zxwwb3vdi61,88,25,3,2,1,2,3,1,1.1531048892569131,4.8966666666666665,11.699999999999998
2024,REG,10,2024111010,59657,11/10/2024,1200,DAL,3700,PHI,visitor,3,2.9866993023508566,SMI206016,3700,DeVonta Smith,D.Smith,WR,https://static.www.nfl.com/image/upload/{formatInstructions}/league/bmdflwy52nsk7zpnfhwb,6,14,3,2,0,2,3,0,2.4018369051977264,8.81,13.373333333333335
2024,REG,10,2024111010,59657,11/10/2024,1200,DAL,3700,PHI,visitor,4,2.9866993023508566,SMI024570,3700,Ainias Smith,A.Smith,WR,https://static.www.nfl.com/image/upload/{formatInstructions}/league/curtawk9bzyg88w5jrg8,82,6,2,2,0,2,2,0,3.447578585603309,7.74,0.6549999999999994
2024,REG,10,2024111010,59657,11/10/2024,1200,DAL,3700,PHI,visitor,5,2.9866993023508566,DOT282798,3700,Jahan Dotson,J.Dotson,WR,https://static.www.nfl.com/image/upload/{formatInstructions}/league/myxhp9oqtcv1peactbhv,83,27,1,1,0,1,1,0,1.7360011520733503,2.5,24.950000000000003
2024,REG,10,2024111011,59658,11/10/2024,2120,HOU,1540,DET,home,1,2.9866993023508566,DEL440817,2120,Tank Dell,T.Dell,WR,https://static.www.nfl.com/image/upload/{formatInstructions}/league/tqxgovzlhxj0jnwkcvtq,3,39,9,5,0,5,9,0,2.9970664760891177,7.18125,9.665555555555557
2024,REG,10,2024111011,59658,11/10/2024,2120,HOU,1540,DET,home,2,2.9866993023508566,MET373452,2120,John Metchie III,J.Metchie,WR,https://static.www.nfl.com/image/upload/{formatInstructions}/league/zf0d6hiyqnmtst0vwdpv,8,74,6,5,1,5,6,1,3.4646536384963222,4.825,11.296666666666667
2024,REG,10,2024111011,59658,11/10/2024,2120,HOU,1540,DET,home,3,2.9866993023508566,HUT304546,2120,Xavier Hutchinson,X.Hutchinson,WR,https://static.www.nfl.com/image/upload/{formatInstructions}/league/vlxzxhej5ffelkxrqf4g,19,6,4,2,0,2,4,0,1.3612196243617622,4.365,5.1700000000000035
2024,REG,10,2024111011,59658,11/10/2024,2120,HOU,1540,DET,home,4,2.9866993023508566,SCH647271,2120,Dalton Schultz,D.Schultz,TE,https://static.www.nfl.com/image/upload/{formatInstructions}/league/ooatvpu1knzypdmjljo9,86,66,4,3,0,3,4,0,2.461659514216693,8.1375,11.582499999999998
2024,REG,10,2024111011,59658,11/10/2024,2120,HOU,1540,DET,home,5,2.9866993023508566,WOO561144,2120,Robert Woods,R.Woods,WR,https://static.www.nfl.com/image/upload/{formatInstructions}/league/ydjg5fylwkf5aaxiul6v,2,1,3,1,0,1,3,0,2.8821447336507657,7.006666666666668,8.366666666666662
2024,REG,10,2024111011,59658,11/10/2024,2120,HOU,1540,DET,visitor,1,2.9866993023508566,STB415291,1540,Amon-Ra St. Brown,A.St. Brown,WR,https://static.www.nfl.com/image/upload/{formatInstructions}/league/jmfuamqblg8jag0stpnq,14,60,8,6,1,6,8,1,3.6155472017030306,8.81,3.84125
2024,REG,10,2024111011,59658,11/10/2024,2120,HOU,1540,DET,visitor,2,2.9866993023508566,LAP640235,1540,Sam LaPorta,S.LaPorta,TE,https://static.www.nfl.com/image/upload/{formatInstructions}/league/ucw8cfj5t5nwkx670wzu,87,66,6,3,1,3,6,1,3.2907336567265872,3.4000000000000004,13.524999999999999
2024,REG,10,2024111011,59658,11/10/2024,2120,HOU,1540,DET,visitor,3,2.9866993023508566,WIL344909,1540,Jameson Williams,J.Williams,WR,https://static.www.nfl.com/image/upload/{formatInstructions}/league/kt6xzcnjbe9affdfsayt,9,53,5,3,0,3,5,0,1.8484750431411219,6.394,26.032
2024,REG,10,2024111100,59659,11/11/2024,2510,LA,2700,MIA,home,1,2.9866993023508566,NAC559347,2510,Puka Nacua,P.Nacua,WR,https://static.www.nfl.com/image/upload/{formatInstructions}/league/i1pmrhua5gpvwgsqphxa,17,98,14,9,0,9,14,0,3.2647746954755044,7.493571428571428,9.582857142857142
2024,REG,10,2024111100,59659,11/11/2024,2510,LA,2700,MIA,home,2,2.9866993023508566,KUP534597,2510,Cooper Kupp,C.Kupp,WR,https://static.www.nfl.com/image/upload/{formatInstructions}/league/sq7zwzcgrajuk0hwwph2,10,80,7,7,0,7,7,0,4.6464581855662255,6.924285714285714,9.627142857142859
2024,REG,10,2024111100,59659,11/11/2024,2510,LA,2700,MIA,home,3,2.9866993023508566,ALL098299,2510,Davis Allen,D.Allen,TE,https://static.www.nfl.com/image/upload/{formatInstructions}/league/ihbec16pwn2ki5woyr4m,87,34,6,5,0,5,6,0,4.085848214931747,5.69,2.3516666666666666
2024,REG,10,2024111100,59659,11/11/2024,2510,LA,2700,MIA,home,4,2.9866993023508566,ROB399065,2510,Demarcus Robinson,D.Robinson,WR,https://static.www.nfl.com/image/upload/{formatInstructions}/league/lakf0xue1qqb7ed4p6ge,15,23,5,1,0,1,5,0,1.554430378649307,4.151999999999999,18.076
2024,REG,10,2024111100,59659,11/11/2024,2510,LA,2700,MIA,home,5,2.9866993023508566,JOH711094,2510,Tyler Johnson,T.Johnson,WR,https://static.www.nfl.com/image/upload/{formatInstructions}/league/vktiajeyqc8s9s6mjws7,18,25,4,3,0,3,4,0,3.0417636273343933,5.2525,3.1099999999999994
2024,REG,10,2024111100,59659,11/11/2024,2510,LA,2700,MIA,visitor,1,2.9866993023508566,WAD088683,2700,Jaylen Waddle,J.Waddle,WR,https://static.www.nfl.com/image/private/{formatInstructions}/league/qjsz2h6shbdnksctzeka,17,57,6,3,0,3,6,0,5.124243195278465,5.308333333333334,12.04166666666667
2024,REG,10,2024111100,59659,11/11/2024,2510,LA,2700,MIA,visitor,2,2.9866993023508566,HIL628694,2700,Tyreek Hill,T.Hill,WR,https://static.www.nfl.com/image/upload/{formatInstructions}/league/gdwjlpbkenmnsibawkht,10,16,4,3,0,3,4,1,3.2239911031665462,4.54,3.985
2024,REG,10,2024111100,59659,11/11/2024,2510,LA,2700,MIA,visitor,3,2.9866993023508566,SMI443054,2700,Jonnu Smith,J.Smith,TE,https://static.www.nfl.com/image/upload/{formatInstructions}/league/p8uldtljkzb6sile3wgx,9,45,4,3,0,3,4,0,3.23682682850209,5.029999999999999,3.9200000000000017
2024,REG,10,2024111100,59659,11/11/2024,2510,LA,2700,MIA,visitor,4,2.9866993023508566,BEC573252,2700,Odell Beckham Jr.,O.Beckham,WR,https://static.www.nfl.com/image/upload/{formatInstructions}/league/ffmalg3wr7lwnsz59i7v,3,17,2,2,0,2,2,0,3.6015612439503775,4.87,6.850000000000001
2024,REG,10,2024111100,59659,11/11/2024,2510,LA,2700,MIA,visitor,5,2.9866993023508566,WAS519225,2700,Malik Washington,M.Washington,WR,https://static.www.nfl.com/image/upload/{formatInstructions}/league/mlnnipvmbl92w7mmr1pa,83,17,2,1,0,1,2,0,2.003645395058582,6.94,10.204999999999998
2024,REG,11,2024111400,59660,11/14/2024,3700,PHI,5110,WAS,home,1,2.9866993023508566,BRO413223,3700,A.J. Brown,A.Brown,WR,https://static.www.nfl.com/image/private/{formatInstructions}/league/a014sgzctarbvhwb35lw,11,65,8,5,0,5,8,0,3.4975576938484982,7.03,9.223749999999999
2024,REG,11,2024111400,59660,11/14/2024,3700,PHI,5110,WAS,home,2,2.9866993023508566,SMI206016,3700,DeVonta Smith,D.Smith,WR,https://static.www.nfl.com/image/upload/{formatInstructions}/league/bmdflwy52nsk7zpnfhwb,6,29,6,4,0,4,6,0,2.131972800714211,6.5280000000000005,6.0433333333333366
2024,REG,11,2024111400,59660,11/14/2024,3700,PHI,5110,WAS,home,3,2.9866993023508566,GOE595520,3700,Dallas Goedert,D.Goedert,TE,https://static.www.nfl.com/image/upload/{formatInstructions}/league/wfj54vhw1zxwwb3vdi61,88,61,5,5,0,5,5,0,5.102035947199925,4.683333333333334,5.9719999999999995
2024,REG,11,2024111400,59660,11/14/2024,3700,PHI,5110,WAS,home,4,2.9866993023508566,DOT282798,3700,Jahan Dotson,J.Dotson,WR,https://static.www.nfl.com/image/upload/{formatInstructions}/league/myxhp9oqtcv1peactbhv,83,8,2,1,0,1,2,0,3.5763863096485444,7.96,0.3150000000000013
2024,REG,11,2024111400,59660,11/14/2024,3700,PHI,5110,WAS,visitor,1,2.9866993023508566,ERT800920,5110,Zach Ertz,Z.Ertz,TE,https://static.www.nfl.com/image/upload/{formatInstructions}/league/xktmmeumuoglbuam75iz,86,47,7,6,1,6,7,1,3.4133534694805645,6.32,4.775714285714286
2024,REG,11,2024111400,59660,11/14/2024,3700,PHI,5110,WAS,visitor,2,2.9866993023508566,BRO567406,5110,Noah Brown,N.Brown,WR,https://static.www.nfl.com/image/upload/{formatInstructions}/league/nv6ix0p8965yiugsuhwh,85,4,4,1,0,1,4,0,3.0397489542322402,4.87,12.4675
2024,REG,11,2024111400,59660,11/14/2024,3700,PHI,5110,WAS,visitor,3,2.9866993023508566,BAT109191,5110,John Bates,J.Bates,TE,https://static.www.nfl.com/image/upload/{formatInstructions}/league/edpnkleev10rpzfgjakv,87,17,3,2,0,2,3,0,7.802387491857164,7.955,0.403333333333336
2024,REG,11,2024111400,59660,11/14/2024,3700,PHI,5110,WAS,visitor,4,2.9866993023508566,BRO408220,5110,Dyami Brown,D.Brown,WR,https://static.www.nfl.com/image/upload/{formatInstructions}/league/mibh7ud59ygmzm19ivac,2,4,2,1,0,1,2,0,5.8431142725861,9.6,4.165000000000003
2024,REG,11,2024111400,59660,11/14/2024,3700,PHI,5110,WAS,visitor,5,2.9866993023508566,MCL278328,5110,Terry McLaurin,T.McLaurin,WR,https://static.www.nfl.com/image/upload/{formatInstructions}/league/wokz1etv1wj1vhbmvxgs,17,10,2,1,0,1,2,0,1.1887086910064044,5.055,7.055
2024,REG,11,2024111700,59661,11/17/2024,0810,CHI,1800,GB,home,1,2.9866993023508566,ODU426541,0810,Rome Odunze,R.Odunze,WR,https://static.www.nfl.com/image/upload/{formatInstructions}/league/labs8tstecnehvzfmrs5,15,65,10,6,0,6,10,0,2.4543765614164244,3.80375,10.880999999999998
2024,REG,11,2024111700,59661,11/17/2024,0810,CHI,1800,GB,home,2,2.9866993023508566,ALL532966,0810,Keenan Allen,K.Allen,WR,https://static.www.nfl.com/image/upload/{formatInstructions}/league/lngo1onvkcqjnq7ozkuu,13,41,8,4,0,4,8,0,3.1677750722349467,6.6875,7.993750000000001
2024,REG,11,2024111700,59661,11/17/2024,0810,CHI,1800,GB,home,3,2.9866993023508566,MOO272423,0810,DJ Moore,D.Moore,WR,https://static.www.nfl.com/image/upload/{formatInstructions}/league/hqb9xnzm9brx79zl6wve,2,62,7,7,0,7,7,0,3.7373404688782665,7.910000000000001,0.9457142857142843
2024,REG,11,2024111700,59661,11/17/2024,0810,CHI,1800,GB,home,4,2.9866993023508566,KME200895,0810,Cole Kmet,C.Kmet,TE,https://static.www.nfl.com/image/upload/{formatInstructions}/league/fdxpctcmwjupassg9g9d,85,42,3,3,0,3,3,0,3.6639066841475887,9.213333333333333,8.92
2024,REG,11,2024111700,59661,11/17/2024,0810,CHI,1800,GB,visitor,1,2.9866993023508566,WAT316591,1800,Christian Watson,C.Watson,WR,https://static.www.nfl.com/image/upload/{formatInstructions}/league/qenktpex0mep8er8dzxj,9,150,4,4,0,4,4,0,2.879343261444477,5.285,24.480000000000004
2024,REG,11,2024111700,59661,11/17/2024,0810,CHI,1800,GB,visitor,2,2.9866993023508566,REE263142,1800,Jayden Reed,J.Reed,WR,https://static.www.nfl.com/image/upload/{formatInstructions}/league/blh2tfg9qjthqo2g6ot4,11,23,2,2,1,2,2,1,4.7406235503201675,7.98,5.060000000000002
2024,REG,11,2024111700,59661,11/17/2024,0810,CHI,1800,GB,visitor,3,2.9866993023508566,DOU043165,1800,Romeo Doubs,R.Doubs,WR,https://static.www.nfl.com/image/upload/{formatInstructions}/league/dyulbddqbqshoqdxgo63,87,17,2,1,0,1,2,0,3.8949766114985422,7.53,11.780000000000001
2024,REG,11,2024111700,59661,11/17/2024,0810,CHI,1800,GB,visitor,4,2.9866993023508566,KRA144054,1800,Tucker Kraft,T.Kraft,TE,https://static.www.nfl.com/image/upload/{formatInstructions}/league/klrmgekdzx1ywjjmixp7,85,0,1,0,0,0,1,0,3.743180465860546,6.84,5.920000000000002
2024,REG,11,2024111700,59661,11/17/2024,0810,CHI,1800,GB,visitor,5,2.9866993023508566,WIC622867,1800,Dontayvion Wicks,D.Wicks,WR,https://static.www.nfl.com/image/upload/{formatInstructions}/league/ghsev2bmz8kvhm8dsbey,13,0,1,0,0,0,1,0,0.32249030993194217,2.25,4.210000000000001
2024,REG,11,2024111701,59662,11/17/2024,1540,DET,2250,JAX,home,1,2.9866993023508566,STB415291,1540,Amon-Ra St. Brown,A.St. Brown,WR,https://static.www.nfl.com/image/upload/{formatInstructions}/league/jmfuamqblg8jag0stpnq,14,161,11,11,2,11,11,2,2.8526538583735213,6.000909090909091,9.423636363636364
2024,REG,11,2024111701,59662,11/17/2024,1540,DET,2250,JAX,home,2,2.9866993023508566,WIL344909,1540,Jameson Williams,J.Williams,WR,https://static.www.nfl.com/image/upload/{formatInstructions}/league/kt6xzcnjbe9affdfsayt,9,124,6,4,1,4,6,1,3.5144050694242708,5.848333333333333,11.388333333333335
2024,REG,11,2024111701,59662,11/17/2024,1540,DET,2250,JAX,home,3,2.9866993023508566,PAT283375,1540,Tim Patrick,T.Patrick,WR,https://static.www.nfl.com/image/upload/{formatInstructions}/league/tsbe7jbwmgzby45hnb3j,17,26,4,3,0,3,4,0,1.6872618793754723,3.4524999999999997,9.014999999999999
2024,REG,11,2024111701,59662,11/17/2024,1540,DET,2250,JAX,home,4,2.9866993023508566,RAY748263,1540,Kalif Raymond,K.Raymond,WR,https://static.www.nfl.com/image/upload/{formatInstructions}/league/hogsyuf9rqnzydmhbsht,11,30,2,2,0,2,2,0,3.9188457756876542,9.4,10.489999999999995
2024,REG,11,2024111701,59662,11/17/2024,1540,DET,2250,JAX,home,5,2.9866993023508566,ROB365982,1540,Allen Robinson,A.Robinson,WR,https://static.www.nfl.com/image/upload/{formatInstructions}/league/fyukft9lraurbsq0laom,8,7,2,1,0,1,2,0,2.3656481197138484,2.745,4.949999999999996
2024,REG,11,2024111701,59662,11/17/2024,1540,DET,2250,JAX,visitor,1,2.9866993023508566,ENG726325,2250,Evan Engram,E.Engram,TE,https://static.www.nfl.com/image/upload/{formatInstructions}/league/sea0atk2feif4n75dvq8,17,28,7,5,0,5,7,0,3.2690256040149714,5.514285714285714,7.591428571428571
2024,REG,11,2024111701,59662,11/17/2024,1540,DET,2250,JAX,visitor,2,2.9866993023508566,THO419793,2250,Brian Thomas Jr.,B.Thomas,WR,https://static.www.nfl.com/image/upload/{formatInstructions}/league/gsz15iz0ppibhslzzgch,7,82,7,5,0,5,7,0,3.371329884669944,4.226666666666667,12.548571428571426
2024,REG,11,2024111701,59662,11/17/2024,1540,DET,2250,JAX,visitor,3,2.9866993023508566,WAS604325,2250,Parker Washington,P.Washington,WR,https://static.www.nfl.com/image/private/{formatInstructions}/league/pukz1x5ysxkhvsmcttdm,11,10,3,1,0,1,3,0,3.452460943612035,5.036666666666666,12.123333333333335
2024,REG,11,2024111701,59662,11/17/2024,1540,DET,2250,JAX,visitor,4,2.9866993023508566,DAV329675,2250,Gabe Davis,G.Davis,WR,https://static.www.nfl.com/image/upload/{formatInstructions}/league/rlmgjtfct5qjtbwcjqg6,0,3,3,1,0,1,3,0,1.4608898597328934,2.1799999999999997,18.316666666666666
2024,REG,11,2024111701,59662,11/17/2024,1540,DET,2250,JAX,visitor,5,2.9866993023508566,DUV459005,2250,Devin Duvernay,D.Duvernay,WR,https://static.www.nfl.com/image/upload/{formatInstructions}/league/wynmyjmvg7cee4y6i21n,12,0,2,0,0,0,2,0,1.5134524076853682,2.06,24.794999999999998
2024,REG,11,2024111702,59663,11/17/2024,2700,MIA,2520,LV,home,1,2.9866993023508566,HIL628694,2700,Tyreek Hill,T.Hill,WR,https://static.www.nfl.com/image/upload/{formatInstructions}/league/gdwjlpbkenmnsibawkht,10,61,8,7,1,7,8,1,3.0386062526905424,7.781428571428571,8.386249999999999
2024,REG,11,2024111702,59663,11/17/2024,2700,MIA,2520,LV,home,2,2.9866993023508566,SMI443054,2700,Jonnu Smith,J.Smith,TE,https://static.www.nfl.com/image/upload/{formatInstructions}/league/p8uldtljkzb6sile3wgx,9,101,8,6,2,6,8,2,4.071840378954431,7.9319999999999995,6.95375
2024,REG,11,2024111702,59663,11/17/2024,2700,MIA,2520,LV,home,3,2.9866993023508566,BEC573252,2700,Odell Beckham Jr.,O.Beckham,WR,https://static.www.nfl.com/image/upload/{formatInstructions}/league/ffmalg3wr7lwnsz59i7v,3,13,4,2,0,2,4,0,1.5571014212032375,2.9025,8.790000000000001
2024,REG,11,2024111702,59663,11/17/2024,2700,MIA,2520,LV,home,4,2.9866993023508566,WAD088683,2700,Jaylen Waddle,J.Waddle,WR,https://static.www.nfl.com/image/private/{formatInstructions}/league/qjsz2h6shbdnksctzeka,17,37,3,2,0,2,3,0,4.301085382840234,3.98,9.073333333333332
2024,REG,11,2024111702,59663,11/17/2024,2700,MIA,2520,LV,home,5,2.9866993023508566,WAS519225,2700,Malik Washington,M.Washington,WR,https://static.www.nfl.com/image/upload/{formatInstructions}/league/mlnnipvmbl92w7mmr1pa,83,11,3,3,0,3,3,0,6.024844491444775,7.543333333333334,-3.153333333333336
2024,REG,11,2024111702,59663,11/17/2024,2700,MIA,2520,LV,visitor,1,2.9866993023508566,BOW196560,2520,Brock Bowers,B.Bowers,TE,https://static.www.nfl.com/image/upload/{formatInstructions}/league/mjy86xh8munoiur4hejf,89,126,16,13,1,13,16,1,3.4657271999943964,7.985384615384614,3.633749999999999
2024,REG,11,2024111702,59663,11/17/2024,2700,MIA,2520,LV,visitor,2,2.9866993023508566,MEY171606,2520,Jakobi Meyers,J.Meyers,WR,https://static.www.nfl.com/image/upload/{formatInstructions}/league/p1abjttm5pu8gev0gwea,16,28,6,4,0,4,6,0,3.2011188699829742,4.654,4.290000000000002
2024,REG,11,2024111702,59663,11/17/2024,2700,MIA,2520,LV,visitor,3,2.9866993023508566,TUC399910,2520,Tre Tucker,T.Tucker,WR,https://static.www.nfl.com/image/upload/{formatInstructions}/league/soebzcfwhgnjffwqv1ox,11,28,4,3,0,3,4,0,4.912238758666557,7.35,7.535000000000002
2024,REG,11,2024111702,59663,11/17/2024,2700,MIA,2520,LV,visitor,4,2.9866993023508566,MAY330676,2520,Michael Mayer,M.Mayer,TE,https://static.www.nfl.com/image/upload/{formatInstructions}/league/rmc4igjgu5za2va8rfe1,87,5,3,1,0,1,3,0,4.621956546205489,9.646666666666667,3.310000000000001
2024,REG,11,2024111702,59663,11/17/2024,2700,MIA,2520,LV,visitor,5,2.9866993023508566,TUR283150,2520,DJ Turner,D.Turner,WR,https://static.www.nfl.com/image/upload/{formatInstructions}/league/os5eurhh1y45sixa8phl,19,29,3,3,0,3,3,0,4.547037363639547,6.823333333333333,4.323333333333331
2024,REG,11,2024111703,59664,11/17/2024,3200,NE,2510,LA,home,1,2.9866993023508566,HEN617052,3200,Hunter Henry,H.Henry,TE,https://static.www.nfl.com/image/private/{formatInstructions}/league/sdjob9akppefyo7py5tj,85,63,9,6,0,6,9,0,1.4799137427549676,4.609999999999999,6.587777777777777
2024,REG,11,2024111703,59664,11/17/2024,3200,NE,2510,LA,home,2,2.9866993023508566,DOU259552,3200,Demario Douglas,D.Douglas,WR,https://static.www.nfl.com/image/private/{formatInstructions}/league/svnh61ottqtfmcqvnbj3,3,59,6,4,0,4,6,0,3.9097849520583394,6.276666666666666,7.775000000000001
2024,REG,11,2024111703,59664,11/17/2024,3200,NE,2510,LA,home,3,2.9866993023508566,BOU482823,3200,Kayshon Boutte,K.Boutte,WR,https://static.www.nfl.com/image/private/{formatInstructions}/league/nz6t7jhx6erszovbv1bd,9,33,6,4,0,4,6,0,2.463730949030976,4.351666666666667,11.078333333333333
2024,REG,11,2024111703,59664,11/17/2024,3200,NE,2510,LA,home,4,2.9866993023508566,BOU434790,3200,Kendrick Bourne,K.Bourne,WR,https://static.www.nfl.com/image/private/{formatInstructions}/league/vrovcaqql9p6xsycko83,84,70,5,5,1,5,5,1,1.612004748753348,6.9,8.274
2024,REG,11,2024111703,59664,11/17/2024,3200,NE,2510,LA,home,5,2.9866993023508566,HOO570770,3200,Austin Hooper,A.Hooper,TE,https://static.www.nfl.com/image/upload/{formatInstructions}/league/hj0ybtjspne3t1cso961,81,35,4,4,0,4,4,0,6.111683104234862,4.05,0.32500000000000284
2024,REG,11,2024111703,59664,11/17/2024,3200,NE,2510,LA,visitor,1,2.9866993023508566,KUP534597,2510,Cooper Kupp,C.Kupp,WR,https://static.www.nfl.com/image/upload/{formatInstructions}/league/sq7zwzcgrajuk0hwwph2,10,106,10,6,2,6,10,2,2.455199094474028,6.962222222222222,10.576999999999998
2024,REG,11,2024111703,59664,11/17/2024,3200,NE,2510,LA,visitor,2,2.9866993023508566,NAC559347,2510,Puka Nacua,P.Nacua,WR,https://static.www.nfl.com/image/upload/{formatInstructions}/league/i1pmrhua5gpvwgsqphxa,17,123,9,7,1,7,9,1,3.0056438315443272,7.021428571428571,12.224444444444444
2024,REG,11,2024111703,59664,11/17/2024,3200,NE,2510,LA,visitor,3,2.9866993023508566,ROB399065,2510,Demarcus Robinson,D.Robinson,WR,https://static.www.nfl.com/image/upload/{formatInstructions}/league/lakf0xue1qqb7ed4p6ge,15,19,4,2,0,2,4,0,6.945555669580755,3.915,8.617500000000001
2024,REG,11,2024111703,59664,11/17/2024,3200,NE,2510,LA,visitor,4,2.9866993023508566,ATW460468,2510,Tutu Atwell,T.Atwell,WR,https://static.www.nfl.com/image/upload/{formatInstructions}/league/hpvbp9pn7ifbh62nde0n,5,21,2,1,0,1,2,0,1.852142752947279,3.84,13.96
2024,REG,11,2024111703,59664,11/17/2024,3200,NE,2510,LA,visitor,5,2.9866993023508566,PAR483746,2510,Colby Parkinson,C.Parkinson,TE,https://static.www.nfl.com/image/upload/{formatInstructions}/league/crjyx8tutyzn8bomqbdc,86,19,1,1,1,1,1,1,1.2403628501370054,2.53,26.659999999999997
2024,REG,11,2024111704,59665,11/17/2024,3300,NO,1050,CLE,home,1,2.9866993023508566,HIL609597,3300,Taysom Hill,T.Hill,TE,https://static.www.nfl.com/image/upload/{formatInstructions}/league/q8itjlocg5do60qat4l3,7,50,10,8,3,8,10,0,3.8923512082899783,5.7057142857142855,2.497000000000001
2024,REG,11,2024111704,59665,11/17/2024,3300,NO,1050,CLE,home,2,2.9866993023508566,VAL142116,3300,Marquez Valdes-Scantling,M.Valdes-Scantling,WR,https://static.www.nfl.com/image/upload/{formatInstructions}/league/voutjbaunuwmyp6ywy5n,10,87,4,2,1,2,4,1,3.6318246489253507,6.4125,22.6275
2024,REG,11,2024111704,59665,11/17/2024,3300,NO,1050,CLE,home,3,2.9866993023508566,MOR096402,3300,Foster Moreau,F.Moreau,TE,https://static.www.nfl.com/image/upload/{formatInstructions}/league/hfcik9okcbwsbhgoaljy,87,50,4,3,0,3,4,0,3.842953254012368,5.0375,18.4525
2024,REG,11,2024111704,59665,11/17/2024,3300,NO,1050,CLE,home,4,2.9866993023508566,JOH398789,3300,Juwan Johnson,J.Johnson,TE,https://static.www.nfl.com/image/upload/{formatInstructions}/league/pdsl9w3agc9uvjqpq1jy,83,30,3,3,1,3,3,1,2.9029154250490827,3.6799999999999997,6.860000000000002
2024,REG,11,2024111704,59665,11/17/2024,3300,NO,1050,CLE,home,5,2.9866993023508566,AUS749254,3300,Kevin Austin Jr.,K.Austin,WR,https://static.www.nfl.com/image/upload/{formatInstructions}/league/vdah0xfiadl04o4s6xd0,81,18,2,1,0,1,2,0,7.443210944513473,6.04,7.989999999999997
2024,REG,11,2024111704,59665,11/17/2024,3300,NO,1050,CLE,visitor,1,2.9866993023508566,JEU415291,1050,Jerry Jeudy,J.Jeudy,WR,https://static.www.nfl.com/image/upload/{formatInstructions}/league/szca1v9butuqkjs7ekpm,3,142,11,6,1,6,11,1,2.3001956605237592,5.39,14.887272727272727
2024,REG,11,2024111704,59665,11/17/2024,3300,NO,1050,CLE,visitor,2,2.9866993023508566,NJO355964,1050,David Njoku,D.Njoku,TE,https://static.www.nfl.com/image/private/{formatInstructions}/league/ilvxwdllivrvwbuj69cm,85,81,9,9,0,9,9,0,5.1037392929456695,8.195,2.376666666666667
2024,REG,11,2024111704,59665,11/17/2024,3300,NO,1050,CLE,visitor,3,2.9866993023508566,TIL377067,1050,Cedric Tillman,C.Tillman,WR,https://static.www.nfl.com/image/upload/{formatInstructions}/league/fp371fgk45btt01uvucq,19,47,8,3,0,3,8,0,1.696275107543344,4.672857142857143,15.885000000000002
2024,REG,11,2024111704,59665,11/17/2024,3300,NO,1050,CLE,visitor,4,2.9866993023508566,MOO279723,1050,Elijah Moore,E.Moore,WR,https://static.www.nfl.com/image/private/{formatInstructions}/league/bhwvzckfhhcqhb7zdqyj,8,66,8,6,1,6,8,1,2.7318919837653572,6.018571428571429,19.708750000000002
2024,REG,11,2024111704,59665,11/17/2024,3300,NO,1050,CLE,visitor,5,2.9866993023508566,AKI501776,1050,Jordan Akins,J.Akins,TE,https://static.www.nfl.com/image/private/{formatInstructions}/league/fgkl9zfpy2yxrkxfge84,88,19,4,1,0,1,4,0,1.5382139865162503,2.55,9.419999999999998
2024,REG,11,2024111705,59666,11/17/2024,3900,PIT,0325,BAL,home,1,2.9866993023508566,PIC576156,3900,George Pickens,G.Pickens,WR,https://static.www.nfl.com/image/upload/{formatInstructions}/league/klxzcb6p7ekngcognpiy,14,89,12,8,0,8,12,0,1.735657851974118,6.165833333333333,11.325833333333335
2024,REG,11,2024111705,59666,11/17/2024,3900,PIT,0325,BAL,home,2,2.9866993023508566,WAS185860,3900,Darnell Washington,D.Washington,TE,https://static.www.nfl.com/image/upload/{formatInstructions}/league/i6bxioxqzrc9hepszyjf,80,42,4,2,0,2,4,0,3.850715606064108,3.8033333333333332,7.095000000000002
2024,REG,11,2024111705,59666,11/17/2024,3900,PIT,0325,BAL,home,3,2.9866993023508566,AUS738004,3900,Calvin Austin III,C.Austin,WR,https://static.www.nfl.com/image/private/{formatInstructions}/league/qlt6ztqcbu0uzad6aavt,19,-1,2,1,0,1,2,0,3.2348200373280207,4.495,10.334999999999997
2024,REG,11,2024111705,59666,11/17/2024,3900,PIT,0325,BAL,home,4,2.9866993023508566,FRE439769,3900,Pat Freiermuth,P.Freiermuth,TE,https://static.www.nfl.com/image/upload/{formatInstructions}/league/sozfjyy3bmntjv8tmqah,88,14,2,2,0,2,2,0,3.1856254940979802,2.6100000000000003,3.945000000000002
2024,REG,11,2024111705,59666,11/17/2024,3900,PIT,0325,BAL,home,5,2.9866993023508566,SKO738004,3900,Ben Skowronek,B.Skowronek,WR,https://static.www.nfl.com/image/upload/{formatInstructions}/league/piiqiz29g3jukdwkihw3,15,4,1,1,0,1,1,0,3.7558753972942185,,3.8800000000000026
2024,REG,11,2024111705,59666,11/17/2024,3900,PIT,0325,BAL,visitor,1,2.9866993023508566,FLO577002,0325,Zay Flowers,Z.Flowers,WR,https://static.www.nfl.com/image/upload/{formatInstructions}/league/oidhqwg0fjvanyk57nc1,4,39,6,2,1,2,6,1,3.2625483824747445,4.385,13.773333333333333
2024,REG,11,2024111705,59666,11/17/2024,3900,PIT,0325,BAL,visitor,2,2.9866993023508566,LIK088990,0325,Isaiah Likely,I.Likely,TE,https://static.www.nfl.com/image/upload/{formatInstructions}/league/xmikfnklnpjmzjhbjrur,80,75,5,4,0,4,5,0,4.988242083959891,6.634,8.73
2024,REG,11,2024111705,59666,11/17/2024,3900,PIT,0325,BAL,visitor,3,2.9866993023508566,BAT103884,0325,Rashod Bateman,R.Bateman,WR,https://static.www.nfl.com/image/upload/{formatInstructions}/league/jkcapzvd65fxivefjv8l,7,30,5,2,0,2,5,0,3.438655599286551,4.838,12.078000000000001
2024,REG,11,2024111705,59666,11/17/2024,3900,PIT,0325,BAL,visitor,4,2.9866993023508566,AND701433,0325,Mark Andrews,M.Andrews,TE,https://static.www.nfl.com/image/upload/{formatInstructions}/league/y5maejm3puruskwc344y,89,22,3,2,0,2,3,0,1.0822450469616012,2.7249999999999996,11.913333333333334
2024,REG,11,2024111705,59666,11/17/2024,3900,PIT,0325,BAL,visitor,5,2.9866993023508566,JOH000017,0325,Diontae Johnson,D.Johnson,WR,https://static.www.nfl.com/image/upload/{formatInstructions}/league/rjtil6ilydmwoy0btlt7,18,0,2,0,0,0,2,0,1.9197974054111269,7.119999999999999,30.009999999999998
2024,REG,11,2024111706,59667,11/17/2024,2100,TEN,3000,MIN,home,1,2.9866993023508566,WES567220,2100,Nick Westbrook-Ikhine,N.Westbrook-Ikhine,WR,https://static.www.nfl.com/image/upload/{formatInstructions}/league/rt9ic9wzwl2pevlxt1nd,15,117,6,2,1,2,6,1,3.0255628968770156,6.211666666666666,15.280000000000001
2024,REG,11,2024111706,59667,11/17/2024,2100,TEN,3000,MIN,home,2,2.9866993023508566,RID652384,2100,Calvin Ridley,C.Ridley,WR,https://static.www.nfl.com/image/upload/{formatInstructions}/league/tmeij0cfgylmurfybs74,0,58,6,4,0,4,6,0,2.9199640287859623,7.663333333333334,23.493333333333336
2024,REG,11,2024111706,59667,11/17/2024,2100,TEN,3000,MIN,home,3,2.9866993023508566,OKO283611,2100,Chig Okonkwo,C.Okonkwo,TE,https://static.www.nfl.com/image/upload/{formatInstructions}/league/ut2gqeq2lowknrro0wlu,85,19,4,2,0,2,4,0,5.940262538757021,5.4350000000000005,0.5424999999999986
2024,REG,11,2024111706,59667,11/17/2024,2100,TEN,3000,MIN,home,4,2.9866993023508566,BOY378353,2100,Tyler Boyd,T.Boyd,WR,https://static.www.nfl.com/image/upload/{formatInstructions}/league/ttifog0hjxprlhkagugu,83,34,3,2,0,2,3,0,4.963830706387836,5.656666666666666,6.829999999999996
2024,REG,11,2024111706,59667,11/17/2024,2100,TEN,3000,MIN,home,5,2.9866993023508566,WHY207645,2100,Josh Whyle,J.Whyle,TE,https://static.www.nfl.com/image/upload/{formatInstructions}/league/ccstvnbjzprcpb2j9xnb,81,6,1,1,0,1,1,0,3.6642734614108656,2.86,5.090000000000003
2024,REG,11,2024111706,59667,11/17/2024,2100,TEN,3000,MIN,visitor,1,2.9866993023508566,ADD491056,3000,Jordan Addison,J.Addison,WR,https://static.www.nfl.com/image/upload/{formatInstructions}/league/tmyckmignrvy8truccwm,3,61,8,3,1,3,8,1,2.4583984779689416,6.39875,16.18125
2024,REG,11,2024111706,59667,11/17/2024,2100,TEN,3000,MIN,visitor,2,2.9866993023508566,JEF269287,3000,Justin Jefferson,J.Jefferson,WR,https://static.www.nfl.com/image/upload/{formatInstructions}/league/vrftbpzwk6qmv0zjcysg,18,81,8,6,0,6,8,0,2.0533104580833306,7.402857142857143,9.649999999999999
2024,REG,11,2024111706,59667,11/17/2024,2100,TEN,3000,MIN,visitor,3,2.9866993023508566,HOC422041,3000,T.J. Hockenson,T.Hockenson,TE,https://static.www.nfl.com/image/upload/{formatInstructions}/league/n9zhffstwzae8i5di6tk,87,13,3,2,0,2,3,0,1.2669193580224827,5.723333333333333,5.029999999999997
2024,REG,11,2024111706,59667,11/17/2024,2100,TEN,3000,MIN,visitor,4,2.9866993023508566,OLI524360,3000,Josh Oliver,J.Oliver,TE,https://static.www.nfl.com/image/private/{formatInstructions}/league/pwd3muzyjclgjlwwtdah,84,34,3,3,0,3,3,0,5.7773465266669914,4.345000000000001,3.6233333333333326
2024,REG,11,2024111706,59667,11/17/2024,2100,TEN,3000,MIN,visitor,5,2.9866993023508566,NAI067484,3000,Jalen Nailor,J.Nailor,WR,https://static.www.nfl.com/image/upload/{formatInstructions}/league/fe9b3l4fz6n02gbr5zbt,83,0,2,0,0,0,2,0,1.187254508557018,5.745,24.605000000000004
2024,REG,11,2024111707,59668,11/17/2024,1400,DEN,0200,ATL,home,1,2.9866993023508566,SUT333526,1400,Courtland Sutton,C.Sutton,WR,https://static.www.nfl.com/image/upload/{formatInstructions}/league/qts95gbd6hv65s9eiseq,14,78,8,7,0,7,8,0,3.988890188821151,8.125714285714285,9.599999999999998
2024,REG,11,2024111707,59668,11/17/2024,1400,DEN,0200,ATL,home,2,2.9866993023508566,VEL175757,1400,Devaughn Vele,D.Vele,WR,https://static.www.nfl.com/image/upload/{formatInstructions}/league/f2lz4vsh2daurrwdamzv,17,66,5,4,0,4,5,0,2.1594736083446864,6.808000000000002,8.058000000000002
2024,REG,11,2024111707,59668,11/17/2024,1400,DEN,0200,ATL,home,3,2.9866993023508566,HUM534685,1400,Lil'Jordan Humphrey,L.Humphrey,WR,https://static.www.nfl.com/image/upload/{formatInstructions}/league/yjmyfuozafxd7zwf3mlr,84,52,4,4,1,4,4,1,4.084942320317669,6.8125,3.1774999999999984
2024,REG,11,2024111707,59668,11/17/2024,1400,DEN,0200,ATL,home,4,2.9866993023508566,MIM654774,1400,Marvin Mims Jr.,M.Mims,WR,https://static.www.nfl.com/image/upload/{formatInstructions}/league/trvilnckw7nprw1gkghl,19,49,2,2,1,2,2,1,7.906658600815251,8.78,1.4699999999999953
2024,REG,11,2024111707,59668,11/17/2024,1400,DEN,0200,ATL,home,5,2.9866993023508566,FRA545210,1400,Troy Franklin,T.Franklin,WR,https://static.www.nfl.com/image/upload/{formatInstructions}/league/w429urxwxc8sw4bsbvxz,16,15,2,2,1,2,2,1,6.304700426704533,14.33,-3.9549999999999983
2024,REG,11,2024111707,59668,11/17/2024,1400,DEN,0200,ATL,visitor,1,2.9866993023508566,LON013463,0200,Drake London,D.London,WR,https://static.www.nfl.com/image/upload/{formatInstructions}/league/wikjazqtt3uunjufgqrf,5,61,7,3,0,3,7,0,1.3634365497796597,7.9157142857142855,13.078571428571431
2024,REG,11,2024111707,59668,11/17/2024,1400,DEN,0200,ATL,visitor,2,2.9866993023508566,MCC417118,0200,Ray-Ray McCloud,R.McCloud,WR,https://static.www.nfl.com/image/upload/{formatInstructions}/league/nvwn3sdihyyd2itjt7vy,34,46,6,6,0,6,6,0,4.551439826429953,8.76,2.3233333333333364
2024,REG,11,2024111707,59668,11/17/2024,1400,DEN,0200,ATL,visitor,3,2.9866993023508566,MOO076900,0200,Darnell Mooney,D.Mooney,WR,https://static.www.nfl.com/image/upload/{formatInstructions}/league/c1ixyspw0eshl3a2qrly,1,27,4,2,0,2,4,0,1.2886405765653703,7.8025,14.307499999999997
2024,REG,11,2024111707,59668,11/17/2024,1400,DEN,0200,ATL,visitor,4,2.9866993023508566,PIT516805,0200,Kyle Pitts,K.Pitts,TE,https://static.www.nfl.com/image/upload/{formatInstructions}/league/t8ymqyhvv8i1r80jyhy2,8,9,3,1,0,1,3,0,2.454146955767287,3.8233333333333337,9.91666666666667
2024,REG,11,2024111707,59668,11/17/2024,1400,DEN,0200,ATL,visitor,5,2.9866993023508566,HOD250493,0200,KhaDarel Hodge,K.Hodge,WR,https://static.www.nfl.com/image/upload/{formatInstructions}/league/h3r6hfokmtgtxz8mljho,12,22,2,2,0,2,2,0,3.1287203612520504,5.725,1.220000000000006
2024,REG,11,2024111708,59669,11/17/2024,4500,SF,4600,SEA,home,1,2.9866993023508566,JEN497457,4500,Jauan Jennings,J.Jennings,WR,https://static.www.nfl.com/image/upload/{formatInstructions}/league/fqyzagb57zrtegmw69eb,15,91,11,10,1,10,11,1,2.5638138407303654,3.5739999999999994,7.21
2024,REG,11,2024111708,59669,11/17/2024,4500,SF,4600,SEA,home,2,2.9866993023508566,SAM636097,4500,Deebo Samuel Sr.,D.Samuel,WR,https://static.www.nfl.com/image/upload/{formatInstructions}/league/shqoqpjwwoiexzy6cmgb,1,22,7,4,0,4,7,0,2.7418367439624127,6.185714285714285,4.434285714285713
2024,REG,11,2024111708,59669,11/17/2024,4500,SF,4600,SEA,home,3,2.9866993023508566,PEA307677,4500,Ricky Pearsall,R.Pearsall,WR,https://static.www.nfl.com/image/upload/{formatInstructions}/league/akwepvt6qxwbgankljmv,14,0,2,0,0,0,2,0,1.65190186260161,9.96,8.954999999999998
2024,REG,11,2024111708,59669,11/17/2024,4500,SF,4600,SEA,home,4,2.9866993023508566,SAU025752,4500,Eric Saubert,E.Saubert,TE,https://static.www.nfl.com/image/upload/{formatInstructions}/league/pxcadtlbynaz2qbffpei,82,7,1,1,0,1,1,0,1.5822136391777193,4.17,6.700000000000003
2024,REG,11,2024111708,59669,11/17/2024,4500,SF,4600,SEA,visitor,1,2.9866993023508566,SMI829636,4600,Jaxon Smith-Njigba,J.Smith-Njigba,WR,https://static.www.nfl.com/image/upload/{formatInstructions}/league/lfroslgx4bo5p641flvg,11,110,11,10,0,10,11,0,3.8374309346965845,7.307272727272727,8.349090909090908
2024,REG,11,2024111708,59669,11/17/2024,4500,SF,4600,SEA,visitor,2,2.9866993023508566,MET363377,4600,DK Metcalf,D.Metcalf,WR,https://static.www.nfl.com/image/upload/{formatInstructions}/league/ezpzdcvzlu5ga4uv6oas,14,70,9,7,0,7,9,0,1.6439426932386803,7.707777777777778,12.214444444444446
2024,REG,11,2024111708,59669,11/17/2024,4500,SF,4600,SEA,visitor,3,2.9866993023508566,BAR235889,4600,AJ Barner,A.Barner,TE,https://static.www.nfl.com/image/upload/{formatInstructions}/league/msnzbeyjoemcas9dm8vt,88,15,4,2,0,2,4,0,4.020927144255573,8.530000000000001,6.972499999999998
2024,REG,11,2024111708,59669,11/17/2024,4500,SF,4600,SEA,visitor,4,2.9866993023508566,LOC420915,4600,Tyler Lockett,T.Lockett,WR,https://static.www.nfl.com/image/upload/{formatInstructions}/league/yz9p4pfwr0iyakhnwj4z,16,19,3,2,0,2,3,0,1.2112470062436067,8.316666666666666,12.866666666666667
2024,REG,11,2024111709,59670,11/17/2024,0610,BUF,2310,KC,home,1,2.9866993023508566,SHA107427,0610,Khalil Shakir,K.Shakir,WR,https://static.www.nfl.com/image/upload/{formatInstructions}/league/ch2yarhiobqlvr9ls2yw,10,70,12,8,0,8,12,0,4.7816562578673585,6.406363636363636,4.324999999999998
2024,REG,11,2024111709,59670,11/17/2024,0610,BUF,2310,KC,home,2,2.9866993023508566,KNO490795,0610,Dawson Knox,D.Knox,TE,https://static.www.nfl.com/image/upload/{formatInstructions}/league/uazfj5l5vzow2oyfa1s6,88,40,6,4,0,4,6,0,3.5293493227150274,7.302000000000001,10.313333333333333
2024,REG,11,2024111709,59670,11/17/2024,0610,BUF,2310,KC,home,3,2.9866993023508566,SAM633285,0610,Curtis Samuel,C.Samuel,WR,https://static.www.nfl.com/image/upload/{formatInstructions}/league/mq62ulflifrpjrcyknbj,1,58,6,5,1,5,6,1,5.291675579563745,4.4159999999999995,4.664999999999998
2024,REG,11,2024111709,59670,11/17/2024,0610,BUF,2310,KC,home,4,2.9866993023508566,COO487703,0610,Amari Cooper,A.Cooper,WR,https://static.www.nfl.com/image/upload/{formatInstructions}/league/zmtzqznqui37unmo5xv9,18,55,3,2,0,2,3,0,1.2960906081161483,2.65,23.083333333333332
2024,REG,11,2024111709,59670,11/17/2024,0610,BUF,2310,KC,home,5,2.9866993023508566,HOL280459,0610,Mack Hollins,M.Hollins,WR,https://static.www.nfl.com/image/upload/{formatInstructions}/league/xchw7quzjszgrm6psbyg,13,27,2,2,0,2,2,0,5.036537525988373,2.62,6.690000000000005
2024,REG,11,2024111709,59670,11/17/2024,0610,BUF,2310,KC,visitor,1,2.9866993023508566,WOR741496,2310,Xavier Worthy,X.Worthy,WR,https://static.www.nfl.com/image/upload/{formatInstructions}/league/fvzbx5gpiqkogglyoo1w,1,61,5,4,0,4,5,1,4.035785434619586,3.886,14.319999999999999
2024,REG,11,2024111709,59670,11/17/2024,0610,BUF,2310,KC,visitor,2,2.9866993023508566,GRA757316,2310,Noah Gray,N.Gray,TE,https://static.www.nfl.com/image/upload/{formatInstructions}/league/erihh0eiq4m76k2ejvax,83,23,5,4,2,4,5,2,3.7911977894883266,5.476666666666667,4.837999999999999
2024,REG,11,2024111709,59670,11/17/2024,0610,BUF,2310,KC,visitor,3,2.9866993023508566,KEL012458,2310,Travis Kelce,T.Kelce,TE,https://static.www.nfl.com/image/upload/{formatInstructions}/league/ilk4qbxxs6mt3v9zfvtg,87,8,4,2,0,2,4,0,3.2582777997935604,4.42,10.29
2024,REG,11,2024111709,59670,11/17/2024,0610,BUF,2310,KC,visitor,4,2.9866993023508566,HOP161500,2310,DeAndre Hopkins,D.Hopkins,WR,https://static.www.nfl.com/image/upload/{formatInstructions}/league/viymeohipdn0voptrkzh,8,29,4,3,0,3,4,0,2.0956104741191535,4.4975,12.314999999999998
2024,REG,11,2024111709,59670,11/17/2024,0610,BUF,2310,KC,visitor,5,2.9866993023508566,HAR069520,2310,Mecole Hardman,M.Hardman,WR,https://static.www.nfl.com/image/upload/{formatInstructions}/league/cfbjutuygqg7imy0qwpt,17,12,3,2,0,2,3,0,6.20390442689595,6.95,-2.6300000000000003
2024,REG,11,2024111710,59671,11/17/2024,4400,LAC,0920,CIN,home,1,2.9866993023508566,MCC512833,4400,Ladd McConkey,L.McConkey,WR,https://static.www.nfl.com/image/upload/{formatInstructions}/league/wcx39ialovvxxnvs2bke,15,123,9,6,0,6,9,0,2.8278105327571583,5.879999999999999,14.908888888888889
2024,REG,11,2024111710,59671,11/17/2024,4400,LAC,0920,CIN,home,2,2.9866993023508566,JOH823261,4400,Quentin Johnston,Q.Johnston,WR,https://static.www.nfl.com/image/upload/{formatInstructions}/league/jbxlvsbokf9qdqtet1qr,1,48,8,2,1,2,8,1,1.9713846532677048,4.94625,20.655
2024,REG,11,2024111710,59671,11/17/2024,4400,LAC,0920,CIN,home,3,2.9866993023508566,DIS743152,4400,Will Dissly,W.Dissly,TE,https://static.www.nfl.com/image/upload/{formatInstructions}/league/opdpeoconvviwkufolxr,81,80,6,4,1,4,6,1,3.2190301264454,8.79,9.26
2024,REG,11,2024111710,59671,11/17/2024,4400,LAC,0920,CIN,home,4,2.9866993023508566,PAL451625,4400,Josh Palmer,J.Palmer,WR,https://static.www.nfl.com/image/upload/{formatInstructions}/league/dexbsmmldvsqtr83or5l,5,23,4,2,0,2,4,0,1.317142588819972,4.9925,12.805000000000001
2024,REG,11,2024111710,59671,11/17/2024,4400,LAC,0920,CIN,home,5,2.9866993023508566,FIS705543,4400,Tucker Fisk,T.Fisk,TE,https://static.www.nfl.com/image/upload/{formatInstructions}/league/jbbh7bfsjpqzsy0jcofy,42,6,2,1,0,1,2,0,2.134436664944119,2.69,6.230000000000004
2024,REG,11,2024111710,59671,11/17/2024,4400,LAC,0920,CIN,visitor,1,2.9866993023508566,HIG387791,0920,Tee Higgins,T.Higgins,WR,https://static.www.nfl.com/image/upload/{formatInstructions}/league/swqgkrdmjecz3vumrex5,5,148,13,9,1,9,13,1,2.42600782449185,6.834615384615384,12.14846153846154
2024,REG,11,2024111710,59671,11/17/2024,4400,LAC,0920,CIN,visitor,2,2.9866993023508566,CHA694469,0920,Ja'Marr Chase,J.Chase,WR,https://static.www.nfl.com/image/upload/{formatInstructions}/league/qkcb3qt2fhasfgtfuprd,1,75,13,7,2,7,13,2,2.0625196950384415,5.584545454545455,11.86153846153846
2024,REG,11,2024111710,59671,11/17/2024,4400,LAC,0920,CIN,visitor,3,2.9866993023508566,BUR768791,0920,Jermaine Burton,J.Burton,WR,https://static.www.nfl.com/image/upload/{formatInstructions}/league/ifbhq7ghxf2mcvhzuxsz,81,8,4,1,0,1,4,0,1.96062173844118,4.2575,18.592499999999998
2024,REG,11,2024111710,59671,11/17/2024,4400,LAC,0920,CIN,visitor,4,2.9866993023508566,IOS307886,0920,Andrei Iosivas,A.Iosivas,WR,https://static.www.nfl.com/image/upload/{formatInstructions}/league/pgbqgzrxmbnmpcnkhsya,80,46,3,3,0,3,3,0,4.6685610652085385,7.55,13.536666666666667
2024,REG,11,2024111710,59671,11/17/2024,4400,LAC,0920,CIN,visitor,5,2.9866993023508566,GES490798,0920,Mike Gesicki,M.Gesicki,TE,https://static.www.nfl.com/image/upload/{formatInstructions}/league/zabpknonv9ozmkyw4qqt,88,0,2,0,0,0,2,0,4.174743763467649,6.24,15.415000000000003
2024,REG,11,2024111711,59672,11/17/2024,3430,NYJ,2200,IND,home,1,2.9866993023508566,WIL691962,3430,Garrett Wilson,G.Wilson,WR,https://static.www.nfl.com/image/private/{formatInstructions}/league/llgosx4tokddwnyrgvbx,5,18,8,4,0,4,8,0,2.4247383114775953,7.17125,8.495000000000001
2024,REG,11,2024111711,59672,11/17/2024,3430,NYJ,2200,IND,home,2,2.9866993023508566,ADA218591,3430,Davante Adams,D.Adams,WR,https://static.www.nfl.com/image/upload/{formatInstructions}/league/jweoujpjv9u2a8k7wnos,17,72,7,6,0,6,7,0,3.341943678826097,7.721428571428571,2.738571428571428
2024,REG,11,2024111711,59672,11/17/2024,3430,NYJ,2200,IND,home,3,2.9866993023508566,RUC675714,3430,Jeremy Ruckert,J.Ruckert,TE,https://static.www.nfl.com/image/private/{formatInstructions}/league/w6bf97vbqitoyo5o7xaa,89,6,2,1,0,1,2,0,5.335750663535459,11.36,0.02499999999999858
2024,REG,11,2024111711,59672,11/17/2024,3430,NYJ,2200,IND,home,4,2.9866993023508566,CON185250,3430,Tyler Conklin,T.Conklin,TE,https://static.www.nfl.com/image/upload/{formatInstructions}/league/chajhumpfogd8effewe6,83,7,2,1,0,1,2,0,2.518851796345023,8.95,5.260000000000002
2024,REG,11,2024111711,59672,11/17/2024,3430,NYJ,2200,IND,home,5,2.9866993023508566,COR399318,3430,Malachi Corley,M.Corley,WR,https://static.www.nfl.com/image/upload/{formatInstructions}/league/wukmdigs85jyubxw0iur,14,10,1,1,0,1,1,0,1.075174404457244,5.33,9.850000000000001
2024,REG,11,2024111711,59672,11/17/2024,3430,NYJ,2200,IND,visitor,1,2.9866993023508566,PIT228050,2200,Michael Pittman,M.Pittman,WR,https://static.www.nfl.com/image/private/{formatInstructions}/league/wnymcombo2plamteihiy,11,46,8,5,0,5,8,0,3.272562022844281,5.66375,11.813749999999999
2024,REG,11,2024111711,59672,11/17/2024,3430,NYJ,2200,IND,visitor,2,2.9866993023508566,DOW686145,2200,Josh Downs,J.Downs,WR,https://static.www.nfl.com/image/upload/{formatInstructions}/league/zue2xxvfrignllqlhagu,1,84,5,5,1,5,5,1,3.330280688808456,3.25,13.687999999999999
2024,REG,11,2024111711,59672,11/17/2024,3430,NYJ,2200,IND,visitor,3,2.9866993023508566,PIE185673,2200,Alec Pierce,A.Pierce,WR,https://static.www.nfl.com/image/upload/{formatInstructions}/league/hvtcpccoigf9cghzkxcg,14,74,4,3,0,3,4,0,1.761542537733693,6.3075,17.555
2024,REG,11,2024111711,59672,11/17/2024,3430,NYJ,2200,IND,visitor,4,2.9866993023508566,ALI177980,2200,Mo Alie-Cox,M.Alie-Cox,TE,https://static.www.nfl.com/image/upload/{formatInstructions}/league/f4orwwthvtcyd3vfqjvs,81,17,3,2,0,2,3,0,1.9514796952929838,5.95,6.493333333333335
2024,REG,11,2024111711,59672,11/17/2024,3430,NYJ,2200,IND,visitor,5,2.9866993023508566,GRA367521,2200,Kylen Granson,K.Granson,TE,https://static.www.nfl.com/image/upload/{formatInstructions}/league/rydvwc7sqwucvx14s8b4,83,4,2,1,0,1,2,0,4.388323632961369,7.515,1.0350000000000001
2024,REG,11,2024111800,59673,11/18/2024,1200,DAL,2120,HOU,home,1,2.9866993023508566,LAM138457,1200,CeeDee Lamb,C.Lamb,WR,https://static.www.nfl.com/image/upload/{formatInstructions}/league/tfuj9njqdw2dovkwhryc,88,93,12,8,0,8,12,0,2.8059182679116943,7.262727272727273,7.046666666666666
2024,REG,11,2024111800,59673,11/18/2024,1200,DAL,2120,HOU,home,2,2.9866993023508566,SCH471986,1200,Luke Schoonmaker,L.Schoonmaker,TE,https://static.www.nfl.com/image/upload/{formatInstructions}/league/fd4exg1hqzlm9sk6ruu6,86,56,10,6,0,6,10,0,1.7253104100413938,6.201666666666667,8.209
2024,REG,11,2024111800,59673,11/18/2024,1200,DAL,2120,HOU,home,3,2.9866993023508566,SPA500688,1200,Brevyn Spann-Ford,B.Spann-Ford,TE,https://static.www.nfl.com/image/upload/{formatInstructions}/league/bn9b4pb8om6w3escvitt,89,42,5,4,0,4,5,0,5.600225848408806,8.36,4.239999999999998
2024,REG,11,2024111800,59673,11/18/2024,1200,DAL,2120,HOU,home,4,2.9866993023508566,TOL148914,1200,Jalen Tolbert,J.Tolbert,WR,https://static.www.nfl.com/image/upload/{formatInstructions}/league/cek1m1cbly5rfmmmjpcc,1,21,5,2,0,2,5,0,2.7957413027585307,9.102,9.544
2024,REG,11,2024111800,59673,11/18/2024,1200,DAL,2120,HOU,home,5,2.9866993023508566,MIN170999,1200,Jonathan Mingo,J.Mingo,WR,https://static.www.nfl.com/image/upload/{formatInstructions}/league/slc08tcccvtyqr61dtkd,81,0,4,0,0,0,4,0,1.158835507258792,5.43,11.334999999999997
2024,REG,11,2024111800,59673,11/18/2024,1200,DAL,2120,HOU,visitor,1,2.9866993023508566,SCH647271,2120,Dalton Schultz,D.Schultz,TE,https://static.www.nfl.com/image/upload/{formatInstructions}/league/ooatvpu1knzypdmjljo9,86,33,7,5,0,5,7,0,2.502062288921382,7.742,3.9028571428571435
2024,REG,11,2024111800,59673,11/18/2024,1200,DAL,2120,HOU,visitor,2,2.9866993023508566,COL654119,2120,Nico Collins,N.Collins,WR,https://static.www.nfl.com/image/upload/{formatInstructions}/league/q7c9aq8rpremfygslmya,12,54,7,4,0,4,7,0,3.3478157066621206,5.078571428571428,8.227142857142857
2024,REG,11,2024111800,59673,11/18/2024,1200,DAL,2120,HOU,visitor,3,2.9866993023508566,DEL440817,2120,Tank Dell,T.Dell,WR,https://static.www.nfl.com/image/upload/{formatInstructions}/league/tqxgovzlhxj0jnwkcvtq,3,54,7,4,0,4,7,0,2.7676116154754014,5.822857142857143,9.441428571428572
2024,REG,11,2024111800,59673,11/18/2024,1200,DAL,2120,HOU,visitor,4,2.9866993023508566,MET373452,2120,John Metchie III,J.Metchie,WR,https://static.www.nfl.com/image/upload/{formatInstructions}/league/zf0d6hiyqnmtst0vwdpv,8,33,3,3,0,3,3,0,7.094281187218826,5.003333333333334,4.773333333333334
2024,REG,11,2024111800,59673,11/18/2024,1200,DAL,2120,HOU,visitor,5,2.9866993023508566,WOO561144,2120,Robert Woods,R.Woods,WR,https://static.www.nfl.com/image/upload/{formatInstructions}/league/ydjg5fylwkf5aaxiul6v,2,13,2,2,0,2,2,0,2.994736869660837,8.835,5.125
2024,REG,12,2024112100,59674,11/21/2024,1050,CLE,3900,PIT,home,1,2.9866993023508566,JEU415291,1050,Jerry Jeudy,J.Jeudy,WR,https://static.www.nfl.com/image/upload/{formatInstructions}/league/szca1v9butuqkjs7ekpm,3,85,6,6,0,6,6,0,2.4467433276329054,4.785,11.166666666666666
2024,REG,12,2024112100,59674,11/21/2024,1050,CLE,3900,PIT,home,2,2.9866993023508566,MOO279723,1050,Elijah Moore,E.Moore,WR,https://static.www.nfl.com/image/private/{formatInstructions}/league/bhwvzckfhhcqhb7zdqyj,8,21,5,3,0,3,5,0,1.373340116951034,5.84,8.445999999999998
2024,REG,12,2024112100,59674,11/21/2024,1050,CLE,3900,PIT,home,3,2.9866993023508566,NJO355964,1050,David Njoku,D.Njoku,TE,https://static.www.nfl.com/image/private/{formatInstructions}/league/ilvxwdllivrvwbuj69cm,85,9,5,1,0,1,5,0,2.742015046316818,3.48,5.273999999999999
2024,REG,12,2024112100,59674,11/21/2024,1050,CLE,3900,PIT,home,4,2.9866993023508566,AKI501776,1050,Jordan Akins,J.Akins,TE,https://static.www.nfl.com/image/private/{formatInstructions}/league/fgkl9zfpy2yxrkxfge84,88,38,4,3,0,3,4,0,3.0491130786246936,4.073333333333333,8.217500000000001
2024,REG,12,2024112100,59674,11/21/2024,1050,CLE,3900,PIT,home,5,2.9866993023508566,TIL377067,1050,Cedric Tillman,C.Tillman,WR,https://static.www.nfl.com/image/upload/{formatInstructions}/league/fp371fgk45btt01uvucq,19,28,4,2,0,2,4,0,5.341890299147792,6.553333333333334,5.630000000000003
2024,REG,12,2024112100,59674,11/21/2024,1050,CLE,3900,PIT,visitor,1,2.9866993023508566,PIC576156,3900,George Pickens,G.Pickens,WR,https://static.www.nfl.com/image/upload/{formatInstructions}/league/klxzcb6p7ekngcognpiy,14,48,7,4,0,4,7,0,1.7531157651293843,5.890000000000001,19.354285714285716
2024,REG,12,2024112100,59674,11/21/2024,1050,CLE,3900,PIT,visitor,2,2.9866993023508566,FRE439769,3900,Pat Freiermuth,P.Freiermuth,TE,https://static.www.nfl.com/image/upload/{formatInstructions}/league/sozfjyy3bmntjv8tmqah,88,59,4,4,0,4,4,0,2.852558873406319,5.296666666666667,7.8325
2024,REG,12,2024112100,59674,11/21/2024,1050,CLE,3900,PIT,visitor,3,2.9866993023508566,WAS185860,3900,Darnell Washington,D.Washington,TE,https://static.www.nfl.com/image/upload/{formatInstructions}/league/i6bxioxqzrc9hepszyjf,80,14,3,3,0,3,3,0,4.941401335870417,7.303333333333332,-0.6900000000000013
2024,REG,12,2024112100,59674,11/21/2024,1050,CLE,3900,PIT,visitor,4,2.9866993023508566,AUS738004,3900,Calvin Austin III,C.Austin,WR,https://static.www.nfl.com/image/private/{formatInstructions}/league/qlt6ztqcbu0uzad6aavt,19,78,3,3,1,3,3,1,3.1193515539565033,7.07,24.03
2024,REG,12,2024112100,59674,11/21/2024,1050,CLE,3900,PIT,visitor,5,2.9866993023508566,JEF436716,3900,Van Jefferson,V.Jefferson,WR,https://static.www.nfl.com/image/upload/{formatInstructions}/league/v2vkt9htky3xawu8yskx,11,39,2,2,0,2,2,0,2.7631972891997254,6.470000000000001,18.265000000000004
2024,REG,12,2024112400,59675,11/24/2024,0750,CAR,2310,KC,home,1,2.9866993023508566,MOO249444,0750,David Moore,D.Moore,WR,https://static.www.nfl.com/image/upload/{formatInstructions}/league/i2esmsczxxoq7pzvg6yf,83,81,10,6,1,6,10,1,1.4228617993441448,4.517777777777777,14.803
2024,REG,12,2024112400,59675,11/24/2024,0750,CAR,2310,KC,home,2,2.9866993023508566,LEG145351,0750,Xavier Legette,X.Legette,WR,https://static.www.nfl.com/image/upload/{formatInstructions}/league/a3etuvp3kqtwmtkioq8g,17,56,6,4,0,4,6,0,2.206519622208203,5.505,16.00166666666667
2024,REG,12,2024112400,59675,11/24/2024,0750,CAR,2310,KC,home,3,2.9866993023508566,THI510348,0750,Adam Thielen,A.Thielen,WR,https://static.www.nfl.com/image/upload/{formatInstructions}/league/pxehgo0l9xl03n7dronf,19,57,4,3,0,3,4,0,4.118064118903479,7.545,8.8825
2024,REG,12,2024112400,59675,11/24/2024,0750,CAR,2310,KC,home,4,2.9866993023508566,SAN343203,0750,Ja'Tavion Sanders,J.Sanders,TE,https://static.www.nfl.com/image/upload/{formatInstructions}/league/egisbinbqmttmub4po1g,0,49,3,3,0,3,3,0,4.777012765297943,4.216666666666666,11.37
2024,REG,12,2024112400,59675,11/24/2024,0750,CAR,2310,KC,home,5,2.9866993023508566,THO444975,0750,Deven Thompkins,D.Thompkins,WR,https://static.www.nfl.com/image/private/{formatInstructions}/league/gt0yeyl9y8s6onw8wcdr,13,13,3,3,0,3,3,0,5.043639011233799,11.97,-4.73
2024,REG,12,2024112400,59675,11/24/2024,0750,CAR,2310,KC,visitor,1,2.9866993023508566,KEL012458,2310,Travis Kelce,T.Kelce,TE,https://static.www.nfl.com/image/upload/{formatInstructions}/league/ilk4qbxxs6mt3v9zfvtg,87,62,8,6,0,6,8,0,3.779751925108728,9.686666666666666,5.9175
2024,REG,12,2024112400,59675,11/24/2024,0750,CAR,2310,KC,visitor,2,2.9866993023508566,HOP161500,2310,DeAndre Hopkins,D.Hopkins,WR,https://static.www.nfl.com/image/upload/{formatInstructions}/league/viymeohipdn0voptrkzh,8,35,6,5,1,5,6,1,1.687970313762808,5.0249999999999995,9.076666666666666
2024,REG,12,2024112400,59675,11/24/2024,0750,CAR,2310,KC,visitor,3,2.9866993023508566,WOR741496,2310,Xavier Worthy,X.Worthy,WR,https://static.www.nfl.com/image/upload/{formatInstructions}/league/fvzbx5gpiqkogglyoo1w,1,46,6,4,0,4,6,0,3.0831344009479893,7.906666666666666,10.190000000000001
2024,REG,12,2024112400,59675,11/24/2024,0750,CAR,2310,KC,visitor,4,2.9866993023508566,GRA757316,2310,Noah Gray,N.Gray,TE,https://static.www.nfl.com/image/upload/{formatInstructions}/league/erihh0eiq4m76k2ejvax,83,66,4,4,2,4,4,2,5.12755430831602,5.3,11.549999999999999
2024,REG,12,2024112400,59675,11/24/2024,0750,CAR,2310,KC,visitor,5,2.9866993023508566,WAT441238,2310,Justin Watson,Ju.Watson,WR,https://static.www.nfl.com/image/private/{formatInstructions}/league/vr9tayyujt23takv3hv3,84,15,2,1,0,1,2,0,3.8008363649662953,2.37,9.315000000000001
2024,REG,12,2024112401,59676,11/24/2024,0810,CHI,3000,MIN,home,1,2.9866993023508566,ALL532966,0810,Keenan Allen,K.Allen,WR,https://static.www.nfl.com/image/upload/{formatInstructions}/league/lngo1onvkcqjnq7ozkuu,13,86,15,9,1,9,15,1,2.363720687078651,5.93,7.984666666666668
2024,REG,12,2024112401,59676,11/24/2024,0810,CHI,3000,MIN,home,2,2.9866993023508566,KME200895,0810,Cole Kmet,C.Kmet,TE,https://static.www.nfl.com/image/upload/{formatInstructions}/league/fdxpctcmwjupassg9g9d,85,64,10,7,0,7,10,0,3.2536518764898674,4.835,7.481999999999999
2024,REG,12,2024112401,59676,11/24/2024,0810,CHI,3000,MIN,home,3,2.9866993023508566,ODU426541,0810,Rome Odunze,R.Odunze,WR,https://static.www.nfl.com/image/upload/{formatInstructions}/league/labs8tstecnehvzfmrs5,15,39,10,5,0,5,10,0,3.790514723100979,6.836666666666667,11.481
2024,REG,12,2024112401,59676,11/24/2024,0810,CHI,3000,MIN,home,4,2.9866993023508566,MOO272423,0810,DJ Moore,D.Moore,WR,https://static.www.nfl.com/image/upload/{formatInstructions}/league/hqb9xnzm9brx79zl6wve,2,106,7,7,1,7,7,1,4.869648704835522,4.933333333333334,2.9042857142857144
2024,REG,12,2024112401,59676,11/24/2024,0810,CHI,3000,MIN,visitor,1,2.9866993023508566,ADD491056,3000,Jordan Addison,J.Addison,WR,https://static.www.nfl.com/image/upload/{formatInstructions}/league/tmyckmignrvy8truccwm,3,162,9,8,1,8,9,1,2.7365250248789144,7.4911111111111115,11.097777777777779
2024,REG,12,2024112401,59676,11/24/2024,0810,CHI,3000,MIN,visitor,2,2.9866993023508566,HOC422041,3000,T.J. Hockenson,T.Hockenson,TE,https://static.www.nfl.com/image/upload/{formatInstructions}/league/n9zhffstwzae8i5di6tk,87,114,9,7,0,7,9,0,2.659202944772704,5.898000000000001,10.023333333333333
2024,REG,12,2024112401,59676,11/24/2024,0810,CHI,3000,MIN,visitor,3,2.9866993023508566,JEF269287,3000,Justin Jefferson,J.Jefferson,WR,https://static.www.nfl.com/image/upload/{formatInstructions}/league/vrftbpzwk6qmv0zjcysg,18,27,5,2,0,2,5,0,1.5094410212998868,4.976000000000001,12.888
2024,REG,12,2024112401,59676,11/24/2024,0810,CHI,3000,MIN,visitor,4,2.9866993023508566,NAI067484,3000,Jalen Nailor,J.Nailor,WR,https://static.www.nfl.com/image/upload/{formatInstructions}/league/fe9b3l4fz6n02gbr5zbt,83,5,2,1,1,1,2,1,2.758865867796307,9.585,7.700000000000003
2024,REG,12,2024112401,59676,11/24/2024,0810,CHI,3000,MIN,visitor,5,2.9866993023508566,MUN312153,3000,Johnny Mundt,J.Mundt,TE,https://static.www.nfl.com/image/upload/{formatInstructions}/league/ievumbznrtys9b2esphz,86,7,1,1,0,1,1,0,3.5202272653906883,6.09,3.0
2024,REG,12,2024112402,59677,11/24/2024,2120,HOU,2100,TEN,home,1,2.9866993023508566,COL654119,2120,Nico Collins,N.Collins,WR,https://static.www.nfl.com/image/upload/{formatInstructions}/league/q7c9aq8rpremfygslmya,12,92,9,5,1,5,9,1,2.816649037662446,4.772222222222222,12.797777777777776
2024,REG,12,2024112402,59677,11/24/2024,2120,HOU,2100,TEN,home,2,2.9866993023508566,DEL440817,2120,Tank Dell,T.Dell,WR,https://static.www.nfl.com/image/upload/{formatInstructions}/league/tqxgovzlhxj0jnwkcvtq,3,72,5,3,0,3,5,0,1.3082161627980429,4.694,20.631999999999998
2024,REG,12,2024112402,59677,11/24/2024,2120,HOU,2100,TEN,home,3,2.9866993023508566,STO763332,2120,Cade Stover,C.Stover,TE,https://static.www.nfl.com/image/upload/{formatInstructions}/league/ehruudekjzjney5dircm,87,26,4,3,1,3,4,1,4.100857038912771,4.466666666666668,3.9075000000000006
2024,REG,12,2024112402,59677,11/24/2024,2120,HOU,2100,TEN,home,4,2.9866993023508566,MET373452,2120,John Metchie III,J.Metchie,WR,https://static.www.nfl.com/image/upload/{formatInstructions}/league/zf0d6hiyqnmtst0vwdpv,8,6,3,1,0,1,3,0,1.7296896658951502,5.95,9.223333333333333
2024,REG,12,2024112402,59677,11/24/2024,2120,HOU,2100,TEN,home,5,2.9866993023508566,SCH647271,2120,Dalton Schultz,D.Schultz,TE,https://static.www.nfl.com/image/upload/{formatInstructions}/league/ooatvpu1knzypdmjljo9,86,20,2,2,0,2,2,0,1.3077922294731432,3.0549999999999997,9.43
2024,REG,12,2024112402,59677,11/24/2024,2120,HOU,2100,TEN,visitor,1,2.9866993023508566,RID652384,2100,Calvin Ridley,C.Ridley,WR,https://static.www.nfl.com/image/upload/{formatInstructions}/league/tmeij0cfgylmurfybs74,0,93,6,5,0,5,6,0,3.314796962603939,6.331666666666667,12.815000000000003
2024,REG,12,2024112402,59677,11/24/2024,2120,HOU,2100,TEN,visitor,2,2.9866993023508566,BOY378353,2100,Tyler Boyd,T.Boyd,WR,https://static.www.nfl.com/image/upload/{formatInstructions}/league/ttifog0hjxprlhkagugu,83,55,6,6,0,6,6,0,5.535978886133829,7.946666666666666,3.1250000000000013
2024,REG,12,2024112402,59677,11/24/2024,2120,HOU,2100,TEN,visitor,3,2.9866993023508566,WES567220,2100,Nick Westbrook-Ikhine,N.Westbrook-Ikhine,WR,https://static.www.nfl.com/image/upload/{formatInstructions}/league/rt9ic9wzwl2pevlxt1nd,15,48,5,2,1,2,5,1,2.509441026429205,8.552,22.628
2024,REG,12,2024112402,59677,11/24/2024,2120,HOU,2100,TEN,visitor,4,2.9866993023508566,VAN643509,2100,Nick Vannett,N.Vannett,TE,https://static.www.nfl.com/image/upload/{formatInstructions}/league/srrlkx2mydsb8gfco6fp,84,0,1,0,0,0,1,0,3.0097508202507384,4.99,1.8200000000000003
2024,REG,12,2024112402,59677,11/24/2024,2120,HOU,2100,TEN,visitor,5,2.9866993023508566,OKO283611,2100,Chig Okonkwo,C.Okonkwo,TE,https://static.www.nfl.com/image/upload/{formatInstructions}/league/ut2gqeq2lowknrro0wlu,85,70,1,1,1,1,1,1,7.527575971054695,,8.43
2024,REG,12,2024112403,59678,11/24/2024,2200,IND,1540,DET,home,1,2.9866993023508566,DOW686145,2200,Josh Downs,J.Downs,WR,https://static.www.nfl.com/image/upload/{formatInstructions}/league/zue2xxvfrignllqlhagu,1,27,7,3,0,3,7,0,2.7263701379967387,7.089999999999999,6.4942857142857155
2024,REG,12,2024112403,59678,11/24/2024,2200,IND,1540,DET,home,2,2.9866993023508566,PIT228050,2200,Michael Pittman,M.Pittman,WR,https://static.www.nfl.com/image/private/{formatInstructions}/league/wnymcombo2plamteihiy,11,96,7,6,0,6,7,0,3.0335806348751206,6.1571428571428575,11.110000000000001
2024,REG,12,2024112403,59678,11/24/2024,2200,IND,1540,DET,home,3,2.9866993023508566,PIE185673,2200,Alec Pierce,A.Pierce,WR,https://static.www.nfl.com/image/upload/{formatInstructions}/league/hvtcpccoigf9cghzkxcg,14,39,4,1,0,1,4,0,2.9315445856942715,4.2575,29.847499999999997
2024,REG,12,2024112403,59678,11/24/2024,2200,IND,1540,DET,home,4,2.9866993023508566,MIT056120,2200,Adonai Mitchell,A.Mitchell,WR,https://static.www.nfl.com/image/upload/{formatInstructions}/league/fztxucnxhoxep6utluyc,10,10,3,1,0,1,3,0,3.2498148200949366,4.8133333333333335,9.43
2024,REG,12,2024112403,59678,11/24/2024,2200,IND,1540,DET,home,5,2.9866993023508566,GRA367521,2200,Kylen Granson,K.Granson,TE,https://static.www.nfl.com/image/upload/{formatInstructions}/league/rydvwc7sqwucvx14s8b4,83,0,2,0,0,0,2,0,5.137181442622575,5.220000000000001,8.205000000000002
2024,REG,12,2024112403,59678,11/24/2024,2200,IND,1540,DET,visitor,1,2.9866993023508566,STB415291,1540,Amon-Ra St. Brown,A.St. Brown,WR,https://static.www.nfl.com/image/upload/{formatInstructions}/league/jmfuamqblg8jag0stpnq,14,62,7,6,0,6,7,0,3.137707802936182,8.625714285714286,10.165714285714285
2024,REG,12,2024112403,59678,11/24/2024,2200,IND,1540,DET,visitor,2,2.9866993023508566,WIL344909,1540,Jameson Williams,J.Williams,WR,https://static.www.nfl.com/image/upload/{formatInstructions}/league/kt6xzcnjbe9affdfsayt,9,64,7,5,0,5,7,0,3.445623085581492,7.892857142857143,9.285714285714288
2024,REG,12,2024112403,59678,11/24/2024,2200,IND,1540,DET,visitor,3,2.9866993023508566,LAP640235,1540,Sam LaPorta,S.LaPorta,TE,https://static.www.nfl.com/image/upload/{formatInstructions}/league/ucw8cfj5t5nwkx670wzu,87,19,6,3,0,3,6,0,3.852705367500528,7.031999999999999,4.6400000000000015
2024,REG,12,2024112403,59678,11/24/2024,2200,IND,1540,DET,visitor,4,2.9866993023508566,PAT283375,1540,Tim Patrick,T.Patrick,WR,https://static.www.nfl.com/image/upload/{formatInstructions}/league/tsbe7jbwmgzby45hnb3j,17,55,4,4,0,4,4,0,3.8111417624582407,6.273333333333333,8.575000000000003
2024,REG,12,2024112403,59678,11/24/2024,2200,IND,1540,DET,visitor,5,2.9866993023508566,WRI121125,1540,Brock Wright,B.Wright,TE,https://static.www.nfl.com/image/upload/{formatInstructions}/league/irowew9hgqaa9vcd8fri,89,24,2,2,0,2,2,0,5.207093524582821,7.45,-3.1850000000000023
2024,REG,12,2024112404,59679,11/24/2024,2700,MIA,3200,NE,home,1,2.9866993023508566,SMI443054,2700,Jonnu Smith,J.Smith,TE,https://static.www.nfl.com/image/upload/{formatInstructions}/league/p8uldtljkzb6sile3wgx,9,87,11,9,1,9,11,1,3.2468493363624096,4.914444444444444,3.476363636363637
2024,REG,12,2024112404,59679,11/24/2024,2700,MIA,3200,NE,home,2,2.9866993023508566,WAD088683,2700,Jaylen Waddle,J.Waddle,WR,https://static.www.nfl.com/image/private/{formatInstructions}/league/qjsz2h6shbdnksctzeka,17,144,9,8,1,8,9,1,2.7413470551333154,3.6366666666666663,10.733333333333333
2024,REG,12,2024112404,59679,11/24/2024,2700,MIA,3200,NE,home,3,2.9866993023508566,HIL628694,2700,Tyreek Hill,T.Hill,WR,https://static.www.nfl.com/image/upload/{formatInstructions}/league/gdwjlpbkenmnsibawkht,10,48,6,5,0,5,6,0,3.518163184285161,7.041666666666667,7.891666666666667
2024,REG,12,2024112404,59679,11/24/2024,2700,MIA,3200,NE,home,4,2.9866993023508566,BEC573252,2700,Odell Beckham Jr.,O.Beckham,WR,https://static.www.nfl.com/image/upload/{formatInstructions}/league/ffmalg3wr7lwnsz59i7v,3,0,3,0,0,0,3,0,0.6642653042797462,3.15,11.156666666666666
2024,REG,12,2024112404,59679,11/24/2024,2700,MIA,3200,NE,home,5,2.9866993023508566,HIL451650,2700,Julian Hill,J.Hill,TE,https://static.www.nfl.com/image/upload/{formatInstructions}/league/ycrsps9cgsfkyppucwrr,89,8,2,1,0,1,2,0,3.732423625482893,8.09,3.934999999999995
2024,REG,12,2024112404,59679,11/24/2024,2700,MIA,3200,NE,visitor,1,2.9866993023508566,HEN617052,3200,Hunter Henry,H.Henry,TE,https://static.www.nfl.com/image/private/{formatInstructions}/league/sdjob9akppefyo7py5tj,85,44,8,5,0,5,8,0,2.9591723524227085,7.37625,8.521249999999998
2024,REG,12,2024112404,59679,11/24/2024,2700,MIA,3200,NE,visitor,2,2.9866993023508566,DOU259552,3200,Demario Douglas,D.Douglas,WR,https://static.www.nfl.com/image/private/{formatInstructions}/league/svnh61ottqtfmcqvnbj3,3,62,7,5,0,5,7,0,4.3553260739713435,7.611428571428571,3.858571428571427
2024,REG,12,2024112404,59679,11/24/2024,2700,MIA,3200,NE,visitor,3,2.9866993023508566,BOU434790,3200,Kendrick Bourne,K.Bourne,WR,https://static.www.nfl.com/image/private/{formatInstructions}/league/vrovcaqql9p6xsycko83,84,30,5,3,0,3,5,0,2.2477094749098057,6.21,10.532
2024,REG,12,2024112404,59679,11/24/2024,2700,MIA,3200,NE,visitor,4,2.9866993023508566,HOO570770,3200,Austin Hooper,A.Hooper,TE,https://static.www.nfl.com/image/upload/{formatInstructions}/league/hj0ybtjspne3t1cso961,81,59,4,4,1,4,4,1,4.103223077540681,3.236666666666667,12.915
2024,REG,12,2024112404,59679,11/24/2024,2700,MIA,3200,NE,visitor,5,2.9866993023508566,BOU482823,3200,Kayshon Boutte,K.Boutte,WR,https://static.www.nfl.com/image/private/{formatInstructions}/league/nz6t7jhx6erszovbv1bd,9,6,4,1,0,1,4,0,2.2462382669746788,3.8099999999999996,16.064999999999998
2024,REG,12,2024112405,59680,11/24/2024,3410,NYG,4900,TB,home,1,2.9866993023508566,NAB400459,3410,Malik Nabers,M.Nabers,WR,https://static.www.nfl.com/image/upload/{formatInstructions}/league/w3edoyyuomqlovvp9ixc,1,64,9,6,0,6,9,0,3.0316141978403732,6.699999999999999,8.91777777777778
2024,REG,12,2024112405,59680,11/24/2024,3410,NYG,4900,TB,home,2,2.9866993023508566,JOH679524,3410,Theo Johnson,T.Johnson,TE,https://static.www.nfl.com/image/upload/{formatInstructions}/league/gljwzcxubvoqjxwnakze,84,39,6,3,0,3,6,0,5.489488287950427,4.510000000000001,2.4599999999999973
2024,REG,12,2024112405,59680,11/24/2024,3410,NYG,4900,TB,home,3,2.9866993023508566,ROB717726,3410,Wan'Dale Robinson,W.Robinson,WR,https://static.www.nfl.com/image/upload/{formatInstructions}/league/z94hnehk9vgmvtad6sgi,17,47,5,5,0,5,5,0,5.088883644110351,6.912000000000001,5.374
2024,REG,12,2024112405,59680,11/24/2024,3410,NYG,4900,TB,home,4,2.9866993023508566,SLA500077,3410,Darius Slayton,D.Slayton,WR,https://static.www.nfl.com/image/upload/{formatInstructions}/league/zhm6evj813ucss03ndlx,86,0,2,0,0,0,2,0,1.0350972102708726,13.335,23.36
2024,REG,12,2024112405,59680,11/24/2024,3410,NYG,4900,TB,visitor,1,2.9866993023508566,SHE495754,4900,Sterling Shepard,S.Shepard,WR,https://static.www.nfl.com/image/upload/{formatInstructions}/league/dphqvpkeselgrselrvma,17,16,7,5,0,5,7,0,2.916175521303098,6.711666666666667,2.930000000000002
2024,REG,12,2024112405,59680,11/24/2024,3410,NYG,4900,TB,visitor,2,2.9866993023508566,EVA534309,4900,Mike Evans,M.Evans,WR,https://static.www.nfl.com/image/upload/{formatInstructions}/league/vfsaie1uiokfczwv9p4d,13,68,6,5,0,5,6,0,1.655238679239658,6.511666666666667,10.841666666666663
2024,REG,12,2024112405,59680,11/24/2024,3410,NYG,4900,TB,visitor,3,2.9866993023508566,OTT712400,4900,Cade Otton,C.Otton,TE,https://static.www.nfl.com/image/upload/{formatInstructions}/league/mljam77kst1wlqd5y91v,88,30,3,1,0,1,3,0,3.43899902600163,5.773333333333333,8.183333333333337
2024,REG,12,2024112405,59680,11/24/2024,3410,NYG,4900,TB,visitor,4,2.9866993023508566,MCM472299,4900,Jalen McMillan,J.McMillan,WR,https://static.www.nfl.com/image/upload/{formatInstructions}/league/zdxkyl8gy4dqiq6evfzp,15,11,2,1,0,1,2,0,1.9836923484190367,9.075,13.605000000000004
2024,REG,12,2024112405,59680,11/24/2024,3410,NYG,4900,TB,visitor,5,2.9866993023508566,PAL683280,4900,Trey Palmer,T.Palmer,WR,https://static.www.nfl.com/image/upload/{formatInstructions}/league/zv0wdsdctgf2zw2ctumy,10,18,1,1,0,1,1,0,1.5340469353966946,4.43,16.650000000000006
2024,REG,12,2024112406,59681,11/24/2024,5110,WAS,1200,DAL,home,1,2.9866993023508566,BRO567406,5110,Noah Brown,N.Brown,WR,https://static.www.nfl.com/image/upload/{formatInstructions}/league/nv6ix0p8965yiugsuhwh,85,71,10,6,0,6,10,0,2.0714341440307096,7.772,11.434000000000001
2024,REG,12,2024112406,59681,11/24/2024,5110,WAS,1200,DAL,home,2,2.9866993023508566,ERT800920,5110,Zach Ertz,Z.Ertz,TE,https://static.www.nfl.com/image/upload/{formatInstructions}/league/xktmmeumuoglbuam75iz,86,38,8,6,1,6,8,1,3.835832813952853,7.442,8.58625
2024,REG,12,2024112406,59681,11/24/2024,5110,WAS,1200,DAL,home,3,2.9866993023508566,MCL278328,5110,Terry McLaurin,T.McLaurin,WR,https://static.www.nfl.com/image/upload/{formatInstructions}/league/wokz1etv1wj1vhbmvxgs,17,102,6,5,1,5,6,1,2.7273769770905965,9.018,13.729999999999999
2024,REG,12,2024112406,59681,11/24/2024,5110,WAS,1200,DAL,home,4,2.9866993023508566,BRO408220,5110,Dyami Brown,D.Brown,WR,https://static.www.nfl.com/image/upload/{formatInstructions}/league/mibh7ud59ygmzm19ivac,2,22,2,2,0,2,2,0,4.5475365386486315,8.315000000000001,7.379999999999999
2024,REG,12,2024112406,59681,11/24/2024,5110,WAS,1200,DAL,home,5,2.9866993023508566,BAT109191,5110,John Bates,J.Bates,TE,https://static.www.nfl.com/image/upload/{formatInstructions}/league/edpnkleev10rpzfgjakv,87,13,1,1,0,1,1,0,2.4827806991355503,7.85,9.159999999999997
2024,REG,12,2024112406,59681,11/24/2024,5110,WAS,1200,DAL,visitor,1,2.9866993023508566,LAM138457,1200,CeeDee Lamb,C.Lamb,WR,https://static.www.nfl.com/image/upload/{formatInstructions}/league/tfuj9njqdw2dovkwhryc,88,67,12,10,0,10,12,0,3.6059750925918497,8.617999999999999,3.935
2024,REG,12,2024112406,59681,11/24/2024,5110,WAS,1200,DAL,visitor,2,2.9866993023508566,TOL148914,1200,Jalen Tolbert,J.Tolbert,WR,https://static.www.nfl.com/image/upload/{formatInstructions}/league/cek1m1cbly5rfmmmjpcc,1,22,4,2,1,2,4,1,4.029314476876171,6.300000000000001,8.545000000000002
2024,REG,12,2024112406,59681,11/24/2024,5110,WAS,1200,DAL,visitor,3,2.9866993023508566,SCH471986,1200,Luke Schoonmaker,L.Schoonmaker,TE,https://static.www.nfl.com/image/upload/{formatInstructions}/league/fd4exg1hqzlm9sk6ruu6,86,55,4,3,1,3,4,1,6.074707827062294,6.754999999999999,8.1275
2024,REG,12,2024112406,59681,11/24/2024,5110,WAS,1200,DAL,visitor,4,2.9866993023508566,BRO124672,1200,Jalen Brooks,J.Brooks,WR,https://static.www.nfl.com/image/upload/{formatInstructions}/league/jdwbrmypfsotpdw86w6u,83,41,3,1,0,1,3,0,1.8440058813672169,7.489999999999999,20.293333333333333
2024,REG,12,2024112406,59681,11/24/2024,5110,WAS,1200,DAL,visitor,5,2.9866993023508566,SPA500688,1200,Brevyn Spann-Ford,B.Spann-Ford,TE,https://static.www.nfl.com/image/upload/{formatInstructions}/league/bn9b4pb8om6w3escvitt,89,24,2,2,0,2,2,0,5.067040121260844,8.335,8.980000000000004
2024,REG,12,2024112407,59682,11/24/2024,2520,LV,1400,DEN,home,1,2.9866993023508566,MEY171606,2520,Jakobi Meyers,J.Meyers,WR,https://static.www.nfl.com/image/upload/{formatInstructions}/league/p1abjttm5pu8gev0gwea,16,121,15,10,0,10,15,0,2.7078599817765823,7.365333333333333,8.613999999999999
2024,REG,12,2024112407,59682,11/24/2024,2520,LV,1400,DEN,home,2,2.9866993023508566,BOW196560,2520,Brock Bowers,B.Bowers,TE,https://static.www.nfl.com/image/upload/{formatInstructions}/league/mjy86xh8munoiur4hejf,89,38,10,4,0,4,10,0,2.8868047365669343,5.51875,5.141
2024,REG,12,2024112407,59682,11/24/2024,2520,LV,1400,DEN,home,3,2.9866993023508566,TUC399910,2520,Tre Tucker,T.Tucker,WR,https://static.www.nfl.com/image/upload/{formatInstructions}/league/soebzcfwhgnjffwqv1ox,11,82,8,7,0,7,8,0,3.2741216996936915,6.0075,7.835
2024,REG,12,2024112407,59682,11/24/2024,2520,LV,1400,DEN,home,4,2.9866993023508566,TUR283150,2520,DJ Turner,D.Turner,WR,https://static.www.nfl.com/image/upload/{formatInstructions}/league/os5eurhh1y45sixa8phl,19,5,4,2,0,2,4,0,3.4676184968807156,4.6425,1.7125000000000021
2024,REG,12,2024112407,59682,11/24/2024,2520,LV,1400,DEN,home,5,2.9866993023508566,MAY330676,2520,Michael Mayer,M.Mayer,TE,https://static.www.nfl.com/image/upload/{formatInstructions}/league/rmc4igjgu5za2va8rfe1,87,11,2,2,0,2,2,0,1.8733715085613412,2.86,5.824999999999999
2024,REG,12,2024112407,59682,11/24/2024,2520,LV,1400,DEN,visitor,1,2.9866993023508566,SUT333526,1400,Courtland Sutton,C.Sutton,WR,https://static.www.nfl.com/image/upload/{formatInstructions}/league/qts95gbd6hv65s9eiseq,14,97,10,8,2,8,10,2,2.0972393766399704,6.061,11.222
2024,REG,12,2024112407,59682,11/24/2024,2520,LV,1400,DEN,visitor,2,2.9866993023508566,VEL175757,1400,Devaughn Vele,D.Vele,WR,https://static.www.nfl.com/image/upload/{formatInstructions}/league/f2lz4vsh2daurrwdamzv,17,80,9,6,0,6,9,0,3.090979709535906,4.616666666666666,10.502222222222223
2024,REG,12,2024112407,59682,11/24/2024,2520,LV,1400,DEN,visitor,3,2.9866993023508566,MIM654774,1400,Marvin Mims Jr.,M.Mims,WR,https://static.www.nfl.com/image/upload/{formatInstructions}/league/trvilnckw7nprw1gkghl,19,44,5,3,0,3,5,0,7.110390038845092,8.13,-4.546000000000001
2024,REG,12,2024112407,59682,11/24/2024,2520,LV,1400,DEN,visitor,4,2.9866993023508566,FRA545210,1400,Troy Franklin,T.Franklin,WR,https://static.www.nfl.com/image/upload/{formatInstructions}/league/w429urxwxc8sw4bsbvxz,16,31,4,2,0,2,4,0,3.1139355812211464,8.86,22.685
2024,REG,12,2024112407,59682,11/24/2024,2520,LV,1400,DEN,visitor,5,2.9866993023508566,HUM534685,1400,Lil'Jordan Humphrey,L.Humphrey,WR,https://static.www.nfl.com/image/upload/{formatInstructions}/league/yjmyfuozafxd7zwf3mlr,84,4,3,2,0,2,3,0,2.9483871102327193,8.524999999999999,4.2700000000000005
2024,REG,12,2024112408,59683,11/24/2024,1800,GB,4500,SF,home,1,2.9866993023508566,DOU043165,1800,Romeo Doubs,R.Doubs,WR,https://static.www.nfl.com/image/upload/{formatInstructions}/league/dyulbddqbqshoqdxgo63,87,54,6,3,0,3,6,0,2.987889796670532,6.62,11.933333333333332
2024,REG,12,2024112408,59683,11/24/2024,1800,GB,4500,SF,home,2,2.9866993023508566,REE263142,1800,Jayden Reed,J.Reed,WR,https://static.www.nfl.com/image/upload/{formatInstructions}/league/blh2tfg9qjthqo2g6ot4,11,26,3,3,0,3,3,0,4.405532597948205,6.43,4.189999999999998
2024,REG,12,2024112408,59683,11/24/2024,1800,GB,4500,SF,home,3,2.9866993023508566,WAT316591,1800,Christian Watson,C.Watson,WR,https://static.www.nfl.com/image/upload/{formatInstructions}/league/qenktpex0mep8er8dzxj,9,0,3,0,0,0,3,0,1.244966106780282,4.696666666666666,28.7
2024,REG,12,2024112408,59683,11/24/2024,1800,GB,4500,SF,home,4,2.9866993023508566,KRA144054,1800,Tucker Kraft,T.Kraft,TE,https://static.www.nfl.com/image/upload/{formatInstructions}/league/klrmgekdzx1ywjjmixp7,85,26,2,2,1,2,2,1,4.125029759224314,6.88,-0.46499999999999986
2024,REG,12,2024112408,59683,11/24/2024,1800,GB,4500,SF,home,5,2.9866993023508566,HEA759997,1800,Malik Heath,M.Heath,WR,https://static.www.nfl.com/image/upload/{formatInstructions}/league/xbhxvulvdrkbz5svka5f,18,15,2,2,1,2,2,1,2.2418679119064264,5.085,6.215
2024,REG,12,2024112408,59683,11/24/2024,1800,GB,4500,SF,visitor,1,2.9866993023508566,JEN497457,4500,Jauan Jennings,J.Jennings,WR,https://static.www.nfl.com/image/upload/{formatInstructions}/league/fqyzagb57zrtegmw69eb,15,40,7,5,0,5,7,0,3.5362613918205947,6.555714285714286,6.281428571428571
2024,REG,12,2024112408,59683,11/24/2024,1800,GB,4500,SF,visitor,2,2.9866993023508566,KIT388290,4500,George Kittle,G.Kittle,TE,https://static.www.nfl.com/image/upload/{formatInstructions}/league/ivkrikewqqdllzvano8h,85,82,6,6,1,6,6,1,3.2536841984546716,3.915,8.909999999999998
2024,REG,12,2024112408,59683,11/24/2024,1800,GB,4500,SF,visitor,3,2.9866993023508566,SAM636097,4500,Deebo Samuel Sr.,D.Samuel,WR,https://static.www.nfl.com/image/upload/{formatInstructions}/league/shqoqpjwwoiexzy6cmgb,1,21,4,1,0,1,4,0,4.878704440028455,6.24,8.545
2024,REG,12,2024112408,59683,11/24/2024,1800,GB,4500,SF,visitor,4,2.9866993023508566,SAU025752,4500,Eric Saubert,E.Saubert,TE,https://static.www.nfl.com/image/upload/{formatInstructions}/league/pxcadtlbynaz2qbffpei,82,0,1,0,0,0,1,0,3.4429202720946055,,4.469999999999999
2024,REG,12,2024112408,59683,11/24/2024,1800,GB,4500,SF,visitor,5,2.9866993023508566,CON236839,4500,Chris Conley,C.Conley,WR,https://static.www.nfl.com/image/upload/{formatInstructions}/league/mr4h7vx02uwpr7xlfk6y,18,0,1,0,0,0,1,0,0.8732124598286471,1.99,38.61
2024,REG,12,2024112409,59684,11/24/2024,4600,SEA,3800,ARI,home,1,2.9866993023508566,SMI829636,4600,Jaxon Smith-Njigba,J.Smith-Njigba,WR,https://static.www.nfl.com/image/upload/{formatInstructions}/league/lfroslgx4bo5p641flvg,11,77,7,6,1,6,7,1,3.1998377170314702,5.859999999999999,1.8328571428571436
2024,REG,12,2024112409,59684,11/24/2024,4600,SEA,3800,ARI,home,2,2.9866993023508566,MET363377,4600,DK Metcalf,D.Metcalf,WR,https://static.www.nfl.com/image/upload/{formatInstructions}/league/ezpzdcvzlu5ga4uv6oas,14,59,5,4,0,4,5,0,2.429171849850481,3.3120000000000003,18.378000000000004
2024,REG,12,2024112409,59684,11/24/2024,4600,SEA,3800,ARI,home,3,2.9866993023508566,BAR235889,4600,AJ Barner,A.Barner,TE,https://static.www.nfl.com/image/upload/{formatInstructions}/league/msnzbeyjoemcas9dm8vt,88,19,4,3,0,3,4,0,5.6475523835804635,6.245,3.0024999999999995
2024,REG,12,2024112409,59684,11/24/2024,4600,SEA,3800,ARI,home,4,2.9866993023508566,LOC420915,4600,Tyler Lockett,T.Lockett,WR,https://static.www.nfl.com/image/upload/{formatInstructions}/league/yz9p4pfwr0iyakhnwj4z,16,20,3,2,0,2,3,0,6.312719762967947,7.903333333333333,8.823333333333336
2024,REG,12,2024112409,59684,11/24/2024,4600,SEA,3800,ARI,home,5,2.9866993023508566,BRO579945,4600,Pharaoh Brown,P.Brown,TE,https://static.www.nfl.com/image/upload/{formatInstructions}/league/ab0kbxsmasznlccuezcq,86,19,2,2,0,2,2,0,3.5440042008122026,6.25,4.965000000000003
2024,REG,12,2024112409,59684,11/24/2024,4600,SEA,3800,ARI,visitor,1,2.9866993023508566,MCB743360,3800,Trey McBride,T.McBride,TE,https://static.www.nfl.com/image/upload/{formatInstructions}/league/hfdgljgi9gfaskomdl1h,85,133,15,12,0,12,15,0,4.8871952264563125,3.8175000000000003,5.423333333333334
2024,REG,12,2024112409,59684,11/24/2024,4600,SEA,3800,ARI,visitor,2,2.9866993023508566,HAR648677,3800,Marvin Harrison Jr.,M.Harrison,WR,https://static.www.nfl.com/image/upload/{formatInstructions}/league/o6hg5zeofmxvzjjpo2sf,18,47,6,3,0,3,6,0,1.9626876084839877,2.695,14.301666666666668
2024,REG,12,2024112409,59684,11/24/2024,4600,SEA,3800,ARI,visitor,3,2.9866993023508566,WIL752419,3800,Michael Wilson,Mi.Wilson,WR,https://static.www.nfl.com/image/upload/{formatInstructions}/league/spsbduvpqe21tgkwhvbc,14,54,4,2,0,2,4,0,2.03444463639321,4.4675,20.9375
2024,REG,12,2024112409,59684,11/24/2024,4600,SEA,3800,ARI,visitor,4,2.9866993023508566,DOR793727,3800,Greg Dortch,G.Dortch,WR,https://static.www.nfl.com/image/upload/{formatInstructions}/league/gkog6lrht3rnktwiberj,4,5,2,1,0,1,2,0,1.6112540476101085,10.04,15.735
2024,REG,12,2024112409,59684,11/24/2024,4600,SEA,3800,ARI,visitor,5,2.9866993023508566,HIG138430,3800,Elijah Higgins,E.Higgins,TE,https://static.www.nfl.com/image/upload/{formatInstructions}/league/sodpdh4uhbhzjxbnmao1,84,5,2,1,0,1,2,0,3.448105026195007,11.07,1.2050000000000018
2024,REG,12,2024112410,59685,11/24/2024,2510,LA,3700,PHI,home,1,2.9866993023508566,NAC559347,2510,Puka Nacua,P.Nacua,WR,https://static.www.nfl.com/image/upload/{formatInstructions}/league/i1pmrhua5gpvwgsqphxa,17,117,13,9,0,9,13,0,2.577724497135982,7.308333333333334,7.433076923076923
2024,REG,12,2024112410,59685,11/24/2024,2510,LA,3700,PHI,home,2,2.9866993023508566,KUP534597,2510,Cooper Kupp,C.Kupp,WR,https://static.www.nfl.com/image/upload/{formatInstructions}/league/sq7zwzcgrajuk0hwwph2,10,60,11,8,1,8,11,1,3.999610953899173,4.77,4.861818181818183
2024,REG,12,2024112410,59685,11/24/2024,2510,LA,3700,PHI,home,3,2.9866993023508566,ROB399065,2510,Demarcus Robinson,D.Robinson,WR,https://static.www.nfl.com/image/upload/{formatInstructions}/league/lakf0xue1qqb7ed4p6ge,15,15,3,2,1,2,3,1,1.9978869568850044,4.443333333333333,13.44
2024,REG,12,2024112410,59685,11/24/2024,2510,LA,3700,PHI,home,4,2.9866993023508566,ATW460468,2510,Tutu Atwell,T.Atwell,WR,https://static.www.nfl.com/image/upload/{formatInstructions}/league/hpvbp9pn7ifbh62nde0n,5,30,3,3,0,3,3,0,3.3207612231162127,8.453333333333333,6.953333333333336
2024,REG,12,2024112410,59685,11/24/2024,2510,LA,3700,PHI,home,5,2.9866993023508566,PAR483746,2510,Colby Parkinson,C.Parkinson,TE,https://static.www.nfl.com/image/upload/{formatInstructions}/league/crjyx8tutyzn8bomqbdc,86,10,2,1,0,1,2,0,4.13899971373317,2.98,2.5749999999999993
2024,REG,12,2024112410,59685,11/24/2024,2510,LA,3700,PHI,visitor,1,2.9866993023508566,BRO413223,3700,A.J. Brown,A.Brown,WR,https://static.www.nfl.com/image/private/{formatInstructions}/league/a014sgzctarbvhwb35lw,11,109,7,6,1,6,7,1,1.2148105758232843,5.6414285714285715,10.29857142857143
2024,REG,12,2024112410,59685,11/24/2024,2510,LA,3700,PHI,visitor,2,2.9866993023508566,GOE595520,3700,Dallas Goedert,D.Goedert,TE,https://static.www.nfl.com/image/upload/{formatInstructions}/league/wfj54vhw1zxwwb3vdi61,88,19,5,4,0,4,5,0,3.7701666260038715,4.318,6.813999999999998
2024,REG,12,2024112410,59685,11/24/2024,2510,LA,3700,PHI,visitor,3,2.9866993023508566,CAL069215,3700,Grant Calcaterra,G.Calcaterra,TE,https://static.www.nfl.com/image/upload/{formatInstructions}/league/vxl0kathuej280k01d2r,81,0,1,0,0,0,1,0,1.8956001688119783,3.36,5.700000000000003
2024,REG,12,2024112410,59685,11/24/2024,2510,LA,3700,PHI,visitor,4,2.9866993023508566,DOT282798,3700,Jahan Dotson,J.Dotson,WR,https://static.www.nfl.com/image/upload/{formatInstructions}/league/myxhp9oqtcv1peactbhv,83,4,1,1,0,1,1,0,6.187681310474872,3.26,-3.0900000000000034
2024,REG,12,2024112410,59685,11/24/2024,2510,LA,3700,PHI,visitor,5,2.9866993023508566,WIL733437,3700,Johnny Wilson,J.Wilson,WR,https://static.www.nfl.com/image/upload/{formatInstructions}/league/cj13ngp4tjmi9621trrk,89,0,1,0,0,0,1,0,0.9786725703727466,7.67,13.620000000000005
2024,REG,12,2024112500,59686,11/25/2024,4400,LAC,0325,BAL,home,1,2.9866993023508566,PAL451625,4400,Josh Palmer,J.Palmer,WR,https://static.www.nfl.com/image/upload/{formatInstructions}/league/dexbsmmldvsqtr83or5l,5,38,8,3,0,3,8,0,1.3628051987394232,7.85375,24.315
2024,REG,12,2024112500,59686,11/25/2024,4400,LAC,0325,BAL,home,2,2.9866993023508566,MCC512833,4400,Ladd McConkey,L.McConkey,WR,https://static.www.nfl.com/image/upload/{formatInstructions}/league/wcx39ialovvxxnvs2bke,15,83,6,6,0,6,6,0,3.6360650936695897,6.4079999999999995,10.663333333333332
2024,REG,12,2024112500,59686,11/25/2024,4400,LAC,0325,BAL,home,3,2.9866993023508566,JOH823261,4400,Quentin Johnston,Q.Johnston,WR,https://static.www.nfl.com/image/upload/{formatInstructions}/league/jbxlvsbokf9qdqtet1qr,1,0,5,0,0,0,5,0,1.9678225198392219,5.914,11.663999999999998
2024,REG,12,2024112500,59686,11/25/2024,4400,LAC,0325,BAL,home,4,2.9866993023508566,DIS743152,4400,Will Dissly,W.Dissly,TE,https://static.www.nfl.com/image/upload/{formatInstructions}/league/opdpeoconvviwkufolxr,81,47,4,4,0,4,4,0,4.2588457230153445,3.6975,5.744999999999999
2024,REG,12,2024112500,59686,11/25/2024,4400,LAC,0325,BAL,home,5,2.9866993023508566,REA338982,4400,Jalen Reagor,J.Reagor,WR,https://static.www.nfl.com/image/upload/{formatInstructions}/league/myazqfr7pzfyofksuyet,89,20,4,2,0,2,4,0,1.5939403814524629,10.502500000000001,9.3025
2024,REG,12,2024112500,59686,11/25/2024,4400,LAC,0325,BAL,visitor,1,2.9866993023508566,FLO577002,0325,Zay Flowers,Z.Flowers,WR,https://static.www.nfl.com/image/upload/{formatInstructions}/league/oidhqwg0fjvanyk57nc1,4,62,8,5,0,5,8,0,4.077285437488089,9.551428571428572,11.8575
2024,REG,12,2024112500,59686,11/25/2024,4400,LAC,0325,BAL,visitor,2,2.9866993023508566,AND701433,0325,Mark Andrews,M.Andrews,TE,https://static.www.nfl.com/image/upload/{formatInstructions}/league/y5maejm3puruskwc344y,89,44,5,5,1,5,5,1,2.9542477537770973,7.163333333333333,6.652000000000001
2024,REG,12,2024112500,59686,11/25/2024,4400,LAC,0325,BAL,visitor,3,2.9866993023508566,BAT103884,0325,Rashod Bateman,R.Bateman,WR,https://static.www.nfl.com/image/upload/{formatInstructions}/league/jkcapzvd65fxivefjv8l,7,43,3,2,1,2,3,1,1.646796445435254,4.11,27.379999999999995
2024,REG,12,2024112500,59686,11/25/2024,4400,LAC,0325,BAL,visitor,4,2.9866993023508566,KOL030762,0325,Charlie Kolar,C.Kolar,TE,https://static.www.nfl.com/image/upload/{formatInstructions}/league/n7duzqver13movvgcint,88,6,1,1,0,1,1,0,5.90586996131815,,2.240000000000002
2024,REG,12,2024112500,59686,11/25/2024,4400,LAC,0325,BAL,visitor,5,2.9866993023508566,WAL505238,0325,Tylan Wallace,T.Wallace,WR,https://static.www.nfl.com/image/upload/{formatInstructions}/league/e3ghtadqh39zhu0iieht,16,15,1,1,0,1,1,0,4.521338297451322,7.66,8.75
2024,REG,13,2024112800,59687,11/28/2024,1540,DET,0810,CHI,home,1,2.9866993023508566,WIL344909,1540,Jameson Williams,J.Williams,WR,https://static.www.nfl.com/image/upload/{formatInstructions}/league/kt6xzcnjbe9affdfsayt,9,28,7,5,0,5,7,0,4.442319809055161,6.006666666666667,6.634285714285714
2024,REG,13,2024112800,59687,11/28/2024,1540,DET,0810,CHI,home,2,2.9866993023508566,STB415291,1540,Amon-Ra St. Brown,A.St. Brown,WR,https://static.www.nfl.com/image/upload/{formatInstructions}/league/jmfuamqblg8jag0stpnq,14,73,7,5,0,5,7,0,2.3287582724020126,5.043333333333334,12.818571428571428
2024,REG,13,2024112800,59687,11/28/2024,1540,DET,0810,CHI,home,3,2.9866993023508566,LAP640235,1540,Sam LaPorta,S.LaPorta,TE,https://static.www.nfl.com/image/upload/{formatInstructions}/league/ucw8cfj5t5nwkx670wzu,87,6,6,3,2,3,6,2,1.8119017278038028,5.586666666666667,9.086666666666668
2024,REG,13,2024112800,59687,11/28/2024,1540,DET,0810,CHI,home,4,2.9866993023508566,PAT283375,1540,Tim Patrick,T.Patrick,WR,https://static.www.nfl.com/image/upload/{formatInstructions}/league/tsbe7jbwmgzby45hnb3j,17,48,3,2,0,2,3,0,2.029730189449092,7.983333333333334,15.483333333333333
2024,REG,13,2024112800,59687,11/28/2024,1540,DET,0810,CHI,home,5,2.9866993023508566,WRI121125,1540,Brock Wright,B.Wright,TE,https://static.www.nfl.com/image/upload/{formatInstructions}/league/irowew9hgqaa9vcd8fri,89,13,1,1,0,1,1,0,3.0383219052628343,11.14,2.8799999999999955
2024,REG,13,2024112800,59687,11/28/2024,1540,DET,0810,CHI,visitor,1,2.9866993023508566,MOO272423,0810,DJ Moore,D.Moore,WR,https://static.www.nfl.com/image/upload/{formatInstructions}/league/hqb9xnzm9brx79zl6wve,2,97,16,8,1,8,16,1,2.8637030906939422,3.0949999999999998,10.030625
2024,REG,13,2024112800,59687,11/28/2024,1540,DET,0810,CHI,visitor,2,2.9866993023508566,ALL532966,0810,Keenan Allen,K.Allen,WR,https://static.www.nfl.com/image/upload/{formatInstructions}/league/lngo1onvkcqjnq7ozkuu,13,73,8,5,2,5,8,2,2.439251881203556,5.223333333333333,13.1075
2024,REG,13,2024112800,59687,11/28/2024,1540,DET,0810,CHI,visitor,3,2.9866993023508566,ODU426541,0810,Rome Odunze,R.Odunze,WR,https://static.www.nfl.com/image/upload/{formatInstructions}/league/labs8tstecnehvzfmrs5,15,25,6,2,0,2,6,0,3.597873210643813,3.0016666666666665,18.174999999999997
2024,REG,13,2024112800,59687,11/28/2024,1540,DET,0810,CHI,visitor,4,2.9866993023508566,KME200895,0810,Cole Kmet,C.Kmet,TE,https://static.www.nfl.com/image/upload/{formatInstructions}/league/fdxpctcmwjupassg9g9d,85,26,3,3,0,3,3,0,2.0742641327651925,6.82,7.21
2024,REG,13,2024112801,59688,11/28/2024,1200,DAL,3410,NYG,home,1,2.9866993023508566,COO299382,1200,Brandin Cooks,B.Cooks,WR,https://static.www.nfl.com/image/upload/{formatInstructions}/league/pjoksfxpbba4hevwpuop,3,16,7,3,1,3,7,1,0.9949547771880322,6.658571428571428,15.554285714285713
2024,REG,13,2024112801,59688,11/28/2024,1200,DAL,3410,NYG,home,2,2.9866993023508566,SCH471986,1200,Luke Schoonmaker,L.Schoonmaker,TE,https://static.www.nfl.com/image/upload/{formatInstructions}/league/fd4exg1hqzlm9sk6ruu6,86,33,6,5,0,5,6,0,3.263592464234172,2.84,4.506666666666667
2024,REG,13,2024112801,59688,11/28/2024,1200,DAL,3410,NYG,home,3,2.9866993023508566,LAM138457,1200,CeeDee Lamb,C.Lamb,WR,https://static.www.nfl.com/image/upload/{formatInstructions}/league/tfuj9njqdw2dovkwhryc,88,39,6,2,0,2,6,0,3.377861363955209,7.014,7.134999999999999
2024,REG,13,2024112801,59688,11/28/2024,1200,DAL,3410,NYG,home,4,2.9866993023508566,TUR785436,1200,KaVontae Turpin,K.Turpin,WR,https://static.www.nfl.com/image/upload/{formatInstructions}/league/lwkox2bvc6k3hqmidf4q,9,53,5,4,0,4,5,0,5.517699958514001,6.9079999999999995,0.897999999999999
2024,REG,13,2024112801,59688,11/28/2024,1200,DAL,3410,NYG,home,5,2.9866993023508566,MIN170999,1200,Jonathan Mingo,J.Mingo,WR,https://static.www.nfl.com/image/upload/{formatInstructions}/league/slc08tcccvtyqr61dtkd,81,2,4,1,0,1,4,0,2.618213833178536,8.754999999999999,15.425
2024,REG,13,2024112801,59688,11/28/2024,1200,DAL,3410,NYG,visitor,1,2.9866993023508566,NAB400459,3410,Malik Nabers,M.Nabers,WR,https://static.www.nfl.com/image/upload/{formatInstructions}/league/w3edoyyuomqlovvp9ixc,1,69,13,8,0,8,13,0,3.037213452368176,7.285833333333334,5.967692307692308
2024,REG,13,2024112801,59688,11/28/2024,1200,DAL,3410,NYG,visitor,2,2.9866993023508566,SLA500077,3410,Darius Slayton,D.Slayton,WR,https://static.www.nfl.com/image/upload/{formatInstructions}/league/zhm6evj813ucss03ndlx,86,8,6,2,0,2,6,0,1.6361622865669778,6.555999999999999,18.220000000000002
2024,REG,13,2024112801,59688,11/28/2024,1200,DAL,3410,NYG,visitor,3,2.9866993023508566,JOH679524,3410,Theo Johnson,T.Johnson,TE,https://static.www.nfl.com/image/upload/{formatInstructions}/league/gljwzcxubvoqjxwnakze,84,54,5,5,0,5,5,0,7.959808542173474,7.016666666666667,4.659999999999999
2024,REG,13,2024112801,59688,11/28/2024,1200,DAL,3410,NYG,visitor,4,2.9866993023508566,HYA420916,3410,Jalin Hyatt,J.Hyatt,WR,https://static.www.nfl.com/image/private/{formatInstructions}/league/ibftqfglvcqaipfdnr4f,13,8,2,2,0,2,2,0,2.224535576659935,8.725,1.0799999999999983
2024,REG,13,2024112801,59688,11/28/2024,1200,DAL,3410,NYG,visitor,5,2.9866993023508566,ROB717726,3410,Wan'Dale Robinson,W.Robinson,WR,https://static.www.nfl.com/image/upload/{formatInstructions}/league/z94hnehk9vgmvtad6sgi,17,6,2,2,0,2,2,0,2.893237463263512,4.32,0.7749999999999986
2024,REG,13,2024112802,59689,11/28/2024,1800,GB,2700,MIA,home,1,2.9866993023508566,KRA144054,1800,Tucker Kraft,T.Kraft,TE,https://static.www.nfl.com/image/upload/{formatInstructions}/league/klrmgekdzx1ywjjmixp7,85,78,7,6,0,6,7,0,5.624605060541869,4.798571428571428,2.1999999999999997
2024,REG,13,2024112802,59689,11/28/2024,1800,GB,2700,MIA,home,2,2.9866993023508566,REE263142,1800,Jayden Reed,J.Reed,WR,https://static.www.nfl.com/image/upload/{formatInstructions}/league/blh2tfg9qjthqo2g6ot4,11,24,6,3,2,3,6,2,2.860225349355296,4.676,9.316666666666668
2024,REG,13,2024112802,59689,11/28/2024,1800,GB,2700,MIA,home,3,2.9866993023508566,WIC622867,1800,Dontayvion Wicks,D.Wicks,WR,https://static.www.nfl.com/image/upload/{formatInstructions}/league/ghsev2bmz8kvhm8dsbey,13,30,5,4,0,4,5,0,2.5562690065193796,7.768000000000001,6.339999999999998
2024,REG,13,2024112802,59689,11/28/2024,1800,GB,2700,MIA,home,4,2.9866993023508566,WAT316591,1800,Christian Watson,C.Watson,WR,https://static.www.nfl.com/image/upload/{formatInstructions}/league/qenktpex0mep8er8dzxj,9,67,4,2,0,2,4,0,2.854743881995438,3.8075,23.2425
2024,REG,13,2024112802,59689,11/28/2024,1800,GB,2700,MIA,visitor,1,2.9866993023508566,SMI443054,2700,Jonnu Smith,J.Smith,TE,https://static.www.nfl.com/image/upload/{formatInstructions}/league/p8uldtljkzb6sile3wgx,9,113,11,10,0,10,11,0,4.001514445642514,6.076,6.3881818181818195
2024,REG,13,2024112802,59689,11/28/2024,1800,GB,2700,MIA,visitor,2,2.9866993023508566,HIL628694,2700,Tyreek Hill,T.Hill,WR,https://static.www.nfl.com/image/upload/{formatInstructions}/league/gdwjlpbkenmnsibawkht,10,83,9,6,1,6,9,1,3.3317910486429017,7.288888888888888,12.30111111111111
2024,REG,13,2024112802,59689,11/28/2024,1800,GB,2700,MIA,visitor,3,2.9866993023508566,WAD088683,2700,Jaylen Waddle,J.Waddle,WR,https://static.www.nfl.com/image/private/{formatInstructions}/league/qjsz2h6shbdnksctzeka,17,53,4,4,0,4,4,0,4.800899664064534,6.8625,11.312499999999996
2024,REG,13,2024112802,59689,11/28/2024,1800,GB,2700,MIA,visitor,4,2.9866993023508566,WAS519225,2700,Malik Washington,M.Washington,WR,https://static.www.nfl.com/image/upload/{formatInstructions}/league/mlnnipvmbl92w7mmr1pa,83,8,4,2,0,2,4,0,3.9521541135094447,5.6274999999999995,3.287499999999998
2024,REG,13,2024112802,59689,11/28/2024,1800,GB,2700,MIA,visitor,5,2.9866993023508566,BEC573252,2700,Odell Beckham Jr.,O.Beckham,WR,https://static.www.nfl.com/image/upload/{formatInstructions}/league/ffmalg3wr7lwnsz59i7v,3,9,2,1,0,1,2,0,1.9812394631686034,7.595000000000001,12.825
2024,REG,13,2024112900,59690,11/29/2024,2310,KC,2520,LV,home,1,2.9866993023508566,KEL012458,2310,Travis Kelce,T.Kelce,TE,https://static.www.nfl.com/image/upload/{formatInstructions}/league/ilk4qbxxs6mt3v9zfvtg,87,68,13,7,0,7,13,0,2.9260821071599796,4.3,5.43230769230769
2024,REG,13,2024112900,59690,11/29/2024,2310,KC,2520,LV,home,2,2.9866993023508566,HOP161500,2310,DeAndre Hopkins,D.Hopkins,WR,https://static.www.nfl.com/image/upload/{formatInstructions}/league/viymeohipdn0voptrkzh,8,90,9,4,0,4,9,0,2.9727940440332947,6.527777777777778,13.728888888888887
2024,REG,13,2024112900,59690,11/29/2024,2310,KC,2520,LV,home,3,2.9866993023508566,WOR741496,2310,Xavier Worthy,X.Worthy,WR,https://static.www.nfl.com/image/upload/{formatInstructions}/league/fvzbx5gpiqkogglyoo1w,1,54,7,5,0,5,7,0,4.542425452852745,5.721428571428571,9.618571428571427
2024,REG,13,2024112900,59690,11/29/2024,2310,KC,2520,LV,home,4,2.9866993023508566,GRA757316,2310,Noah Gray,N.Gray,TE,https://static.www.nfl.com/image/upload/{formatInstructions}/league/erihh0eiq4m76k2ejvax,83,58,6,4,0,4,6,0,4.1503535244387955,6.66,9.961666666666666
2024,REG,13,2024112900,59690,11/29/2024,2310,KC,2520,LV,home,5,2.9866993023508566,WAT441238,2310,Justin Watson,J.Watson,WR,https://static.www.nfl.com/image/private/{formatInstructions}/league/vr9tayyujt23takv3hv3,84,6,3,1,1,1,3,1,2.588832020910308,3.2899999999999996,23.819999999999997
2024,REG,13,2024112900,59690,11/29/2024,2310,KC,2520,LV,visitor,1,2.9866993023508566,BOW196560,2520,Brock Bowers,B.Bowers,TE,https://static.www.nfl.com/image/upload/{formatInstructions}/league/mjy86xh8munoiur4hejf,89,140,14,10,1,10,14,1,4.0182883344272105,5.890000000000001,7.182857142857142
2024,REG,13,2024112900,59690,11/29/2024,2310,KC,2520,LV,visitor,2,2.9866993023508566,MEY171606,2520,Jakobi Meyers,J.Meyers,WR,https://static.www.nfl.com/image/upload/{formatInstructions}/league/p1abjttm5pu8gev0gwea,16,97,11,6,0,6,11,0,2.376229584460746,4.425454545454546,11.876363636363637
2024,REG,13,2024112900,59690,11/29/2024,2310,KC,2520,LV,visitor,3,2.9866993023508566,MAY330676,2520,Michael Mayer,M.Mayer,TE,https://static.www.nfl.com/image/upload/{formatInstructions}/league/rmc4igjgu5za2va8rfe1,87,5,2,1,0,1,2,0,1.0465995538087736,8.63,3.6650000000000027
2024,REG,13,2024112900,59690,11/29/2024,2310,KC,2520,LV,visitor,4,2.9866993023508566,MAR482288,2520,Terrace Marshall Jr.,T.Marshall,WR,https://static.www.nfl.com/image/private/{formatInstructions}/league/wyzlucfowqdntj6nkh7m,80,0,1,0,0,0,1,0,1.6686821147240711,2.28,3.3800000000000026
2024,REG,13,2024112900,59690,11/29/2024,2310,KC,2520,LV,visitor,5,2.9866993023508566,TUC399910,2520,Tre Tucker,T.Tucker,WR,https://static.www.nfl.com/image/upload/{formatInstructions}/league/soebzcfwhgnjffwqv1ox,11,58,1,1,0,1,1,1,3.5961090083588942,,37.16
2024,REG,13,2024120100,59691,12/01/2024,0200,ATL,4400,LAC,home,1,2.9866993023508566,LON013463,0200,Drake London,D.London,WR,https://static.www.nfl.com/image/upload/{formatInstructions}/league/wikjazqtt3uunjufgqrf,5,86,16,9,0,9,16,0,1.5306618733674047,6.994285714285715,11.81875
2024,REG,13,2024120100,59691,12/01/2024,0200,ATL,4400,LAC,home,2,2.9866993023508566,MCC417118,0200,Ray-Ray McCloud,R.McCloud,WR,https://static.www.nfl.com/image/upload/{formatInstructions}/league/nvwn3sdihyyd2itjt7vy,34,95,6,4,0,4,6,0,2.0886686328721615,8.258333333333333,6.624999999999999
2024,REG,13,2024120100,59691,12/01/2024,0200,ATL,4400,LAC,home,3,2.9866993023508566,MOO076900,0200,Darnell Mooney,D.Mooney,WR,https://static.www.nfl.com/image/upload/{formatInstructions}/league/c1ixyspw0eshl3a2qrly,1,20,6,3,0,3,6,0,3.1882351478038733,6.376666666666666,7.8950000000000005
2024,REG,13,2024120100,59691,12/01/2024,0200,ATL,4400,LAC,home,4,2.9866993023508566,PIT516805,0200,Kyle Pitts,K.Pitts,TE,https://static.www.nfl.com/image/upload/{formatInstructions}/league/t8ymqyhvv8i1r80jyhy2,8,0,2,0,0,0,2,0,0.8619571659629364,9.995000000000001,9.23
2024,REG,13,2024120100,59691,12/01/2024,0200,ATL,4400,LAC,home,5,2.9866993023508566,WOE138430,0200,Charlie Woerner,C.Woerner,TE,https://static.www.nfl.com/image/upload/{formatInstructions}/league/hllqdtlyjbs2gbdgn6lj,89,5,1,1,0,1,1,0,7.760057989474047,7.02,2.6400000000000006
2024,REG,13,2024120100,59691,12/01/2024,0200,ATL,4400,LAC,visitor,1,2.9866993023508566,MCC512833,4400,Ladd McConkey,L.McConkey,WR,https://static.www.nfl.com/image/upload/{formatInstructions}/league/wcx39ialovvxxnvs2bke,15,117,12,9,0,9,12,0,2.4472783708945194,5.929090909090909,8.547500000000001
2024,REG,13,2024120100,59691,12/01/2024,0200,ATL,4400,LAC,visitor,2,2.9866993023508566,JOH823261,4400,Quentin Johnston,Q.Johnston,WR,https://static.www.nfl.com/image/upload/{formatInstructions}/league/jbxlvsbokf9qdqtet1qr,1,12,4,2,0,2,4,0,1.8994624373919486,5.845000000000001,6.875
2024,REG,13,2024120100,59691,12/01/2024,0200,ATL,4400,LAC,visitor,3,2.9866993023508566,SMA808525,4400,Stone Smartt,S.Smartt,TE,https://static.www.nfl.com/image/upload/{formatInstructions}/league/tazdjztvhpulguzuh78l,84,3,2,1,0,1,2,0,1.3675414395696712,20.89,5.975000000000001
2024,REG,13,2024120100,59691,12/01/2024,0200,ATL,4400,LAC,visitor,4,2.9866993023508566,DAV263132,4400,Derius Davis,D.Davis,WR,https://static.www.nfl.com/image/upload/{formatInstructions}/league/ctk98ws4ps6p4gaei6uu,12,3,1,1,0,1,1,0,11.529197717100702,7.82,-8.21
2024,REG,13,2024120100,59691,12/01/2024,0200,ATL,4400,LAC,visitor,5,2.9866993023508566,PAL451625,4400,Josh Palmer,J.Palmer,WR,https://static.www.nfl.com/image/upload/{formatInstructions}/league/dexbsmmldvsqtr83or5l,5,11,1,1,0,1,1,0,1.4983324063771688,7.29,11.969999999999999
2024,REG,13,2024120101,59692,12/01/2024,0920,CIN,3900,PIT,home,1,2.9866993023508566,HIG387791,0920,Tee Higgins,T.Higgins,WR,https://static.www.nfl.com/image/upload/{formatInstructions}/league/swqgkrdmjecz3vumrex5,5,69,10,5,1,5,10,1,2.531247804444119,5.7379999999999995,9.365
2024,REG,13,2024120101,59692,12/01/2024,0920,CIN,3900,PIT,home,2,2.9866993023508566,CHA694469,0920,Ja'Marr Chase,J.Chase,WR,https://static.www.nfl.com/image/upload/{formatInstructions}/league/qkcb3qt2fhasfgtfuprd,1,86,9,6,1,6,9,1,4.559090137093317,4.944444444444445,8.857777777777777
2024,REG,13,2024120101,59692,12/01/2024,0920,CIN,3900,PIT,home,3,2.9866993023508566,GES490798,0920,Mike Gesicki,M.Gesicki,TE,https://static.www.nfl.com/image/upload/{formatInstructions}/league/zabpknonv9ozmkyw4qqt,88,53,5,5,0,5,5,0,3.5439298405883677,6.154,6.656000000000001
2024,REG,13,2024120101,59692,12/01/2024,0920,CIN,3900,PIT,home,4,2.9866993023508566,HUD753368,0920,Tanner Hudson,T.Hudson,TE,https://static.www.nfl.com/image/upload/{formatInstructions}/league/fbtxfvqvgv0al8msbr1e,87,28,4,4,0,4,4,0,4.022456231577707,7.09,1.0249999999999986
2024,REG,13,2024120101,59692,12/01/2024,0920,CIN,3900,PIT,home,5,2.9866993023508566,IOS307886,0920,Andrei Iosivas,A.Iosivas,WR,https://static.www.nfl.com/image/upload/{formatInstructions}/league/pgbqgzrxmbnmpcnkhsya,80,35,4,3,1,3,4,1,2.697833575640098,2.62,10.492500000000001
2024,REG,13,2024120101,59692,12/01/2024,0920,CIN,3900,PIT,visitor,1,2.9866993023508566,FRE439769,3900,Pat Freiermuth,P.Freiermuth,TE,https://static.www.nfl.com/image/upload/{formatInstructions}/league/sozfjyy3bmntjv8tmqah,88,68,7,6,1,6,7,1,4.144770494850773,8.059999999999999,6.368571428571429
2024,REG,13,2024120101,59692,12/01/2024,0920,CIN,3900,PIT,visitor,2,2.9866993023508566,PIC576156,3900,George Pickens,G.Pickens,WR,https://static.www.nfl.com/image/upload/{formatInstructions}/league/klxzcb6p7ekngcognpiy,14,74,6,3,1,3,6,1,3.243540223798341,4.451666666666667,11.451666666666666
2024,REG,13,2024120101,59692,12/01/2024,0920,CIN,3900,PIT,visitor,3,2.9866993023508566,JEF436716,3900,Van Jefferson,V.Jefferson,WR,https://static.www.nfl.com/image/upload/{formatInstructions}/league/v2vkt9htky3xawu8yskx,11,43,3,1,0,1,3,0,2.218846972722972,6.986666666666667,6.709999999999998
2024,REG,13,2024120101,59692,12/01/2024,0920,CIN,3900,PIT,visitor,4,2.9866993023508566,PRU720361,3900,MyCole Pruitt,M.Pruitt,TE,https://static.www.nfl.com/image/upload/{formatInstructions}/league/jazo8egu5luwyxxcpjh8,81,21,3,2,0,2,3,0,2.1643088452626076,6.403333333333333,1.6133333333333344
2024,REG,13,2024120101,59692,12/01/2024,0920,CIN,3900,PIT,visitor,5,2.9866993023508566,AUS738004,3900,Calvin Austin III,C.Austin,WR,https://static.www.nfl.com/image/private/{formatInstructions}/league/qlt6ztqcbu0uzad6aavt,19,29,2,2,1,2,2,1,2.117843637954452,8.175,15.665
2024,REG,13,2024120102,59693,12/01/2024,2250,JAX,2120,HOU,home,1,2.9866993023508566,WAS604325,2250,Parker Washington,P.Washington,WR,https://static.www.nfl.com/image/private/{formatInstructions}/league/pukz1x5ysxkhvsmcttdm,11,103,12,6,1,6,12,1,3.51990913522325,6.463333333333334,12.16666666666667
2024,REG,13,2024120102,59693,12/01/2024,2250,JAX,2120,HOU,home,2,2.9866993023508566,THO419793,2250,Brian Thomas Jr.,B.Thomas,WR,https://static.www.nfl.com/image/upload/{formatInstructions}/league/gsz15iz0ppibhslzzgch,7,76,10,4,1,4,10,1,2.3114746376399395,5.7490000000000006,20.609
2024,REG,13,2024120102,59693,12/01/2024,2250,JAX,2120,HOU,home,3,2.9866993023508566,ENG726325,2250,Evan Engram,E.Engram,TE,https://static.www.nfl.com/image/upload/{formatInstructions}/league/sea0atk2feif4n75dvq8,17,41,9,7,0,7,9,0,2.7631314765948614,8.098333333333333,3.2844444444444454
2024,REG,13,2024120102,59693,12/01/2024,2250,JAX,2120,HOU,home,4,2.9866993023508566,DUV459005,2250,Devin Duvernay,D.Duvernay,WR,https://static.www.nfl.com/image/upload/{formatInstructions}/league/wynmyjmvg7cee4y6i21n,12,23,4,2,0,2,4,0,2.024804568309513,8.6175,14.17
2024,REG,13,2024120102,59693,12/01/2024,2250,JAX,2120,HOU,home,5,2.9866993023508566,STR188631,2250,Brenton Strange,B.Strange,TE,https://static.www.nfl.com/image/private/{formatInstructions}/league/trfk78mrfsafnbatyx2x,85,14,2,1,0,1,2,0,4.728292799567207,4.71,5.599999999999999
2024,REG,13,2024120102,59693,12/01/2024,2250,JAX,2120,HOU,visitor,1,2.9866993023508566,COL654119,2120,Nico Collins,N.Collins,WR,https://static.www.nfl.com/image/upload/{formatInstructions}/league/q7c9aq8rpremfygslmya,12,119,11,8,0,8,11,0,4.091093174284095,5.4745454545454555,7.448181818181819
2024,REG,13,2024120102,59693,12/01/2024,2250,JAX,2120,HOU,visitor,2,2.9866993023508566,SCH647271,2120,Dalton Schultz,D.Schultz,TE,https://static.www.nfl.com/image/upload/{formatInstructions}/league/ooatvpu1knzypdmjljo9,86,61,7,5,1,5,7,1,3.469578788851567,8.356,4.3442857142857125
2024,REG,13,2024120102,59693,12/01/2024,2250,JAX,2120,HOU,visitor,3,2.9866993023508566,DEL440817,2120,Tank Dell,T.Dell,WR,https://static.www.nfl.com/image/upload/{formatInstructions}/league/tqxgovzlhxj0jnwkcvtq,3,23,4,1,0,1,4,0,0.9270807394751139,7.645,28.195
2024,REG,13,2024120102,59693,12/01/2024,2250,JAX,2120,HOU,visitor,4,2.9866993023508566,MET373452,2120,John Metchie III,J.Metchie,WR,https://static.www.nfl.com/image/upload/{formatInstructions}/league/zf0d6hiyqnmtst0vwdpv,8,16,2,2,0,2,2,0,3.51911758384459,6.765,7.5600000000000005
2024,REG,13,2024120102,59693,12/01/2024,2250,JAX,2120,HOU,visitor,5,2.9866993023508566,WOO561144,2120,Robert Woods,R.Woods,WR,https://static.www.nfl.com/image/upload/{formatInstructions}/league/ydjg5fylwkf5aaxiul6v,2,0,1,0,0,0,1,0,1.6304907236779986,8.88,28.25
2024,REG,13,2024120103,59694,12/01/2024,3000,MIN,3800,ARI,home,1,2.9866993023508566,JEF269287,3000,Justin Jefferson,J.Jefferson,WR,https://static.www.nfl.com/image/upload/{formatInstructions}/league/vrftbpzwk6qmv0zjcysg,18,99,9,7,0,7,9,0,3.6298620824421732,8.638571428571428,7.486666666666666
2024,REG,13,2024120103,59694,12/01/2024,3000,MIN,3800,ARI,home,2,2.9866993023508566,ADD491056,3000,Jordan Addison,J.Addison,WR,https://static.www.nfl.com/image/upload/{formatInstructions}/league/tmyckmignrvy8truccwm,3,54,6,4,0,4,6,0,3.3632913156105695,7.896000000000001,15.336666666666668
2024,REG,13,2024120103,59694,12/01/2024,3000,MIN,3800,ARI,home,3,2.9866993023508566,HOC422041,3000,T.J. Hockenson,T.Hockenson,TE,https://static.www.nfl.com/image/upload/{formatInstructions}/league/n9zhffstwzae8i5di6tk,87,28,6,3,0,3,6,0,4.132163449369994,6.826666666666667,6.935000000000001
2024,REG,13,2024120103,59694,12/01/2024,3000,MIN,3800,ARI,home,4,2.9866993023508566,NAI067484,3000,Jalen Nailor,J.Nailor,WR,https://static.www.nfl.com/image/upload/{formatInstructions}/league/fe9b3l4fz6n02gbr5zbt,83,18,2,1,0,1,2,0,5.254809409541904,9.71,19.09
2024,REG,13,2024120103,59694,12/01/2024,3000,MIN,3800,ARI,home,5,2.9866993023508566,MUN312153,3000,Johnny Mundt,J.Mundt,TE,https://static.www.nfl.com/image/upload/{formatInstructions}/league/ievumbznrtys9b2esphz,86,22,2,2,1,2,2,1,5.213037900764412,5.24,1.4649999999999963
2024,REG,13,2024120103,59694,12/01/2024,3000,MIN,3800,ARI,visitor,1,2.9866993023508566,MCB743360,3800,Trey McBride,T.McBride,TE,https://static.www.nfl.com/image/upload/{formatInstructions}/league/hfdgljgi9gfaskomdl1h,85,96,12,12,0,12,12,0,3.874780992812483,5.692727272727273,3.5666666666666664
2024,REG,13,2024120103,59694,12/01/2024,3000,MIN,3800,ARI,visitor,2,2.9866993023508566,HAR648677,3800,Marvin Harrison Jr.,M.Harrison,WR,https://static.www.nfl.com/image/upload/{formatInstructions}/league/o6hg5zeofmxvzjjpo2sf,18,60,12,5,1,5,12,1,1.4684243046938867,4.479166666666667,14.709166666666667
2024,REG,13,2024120103,59694,12/01/2024,3000,MIN,3800,ARI,visitor,3,2.9866993023508566,WIL752419,3800,Michael Wilson,Mi.Wilson,WR,https://static.www.nfl.com/image/upload/{formatInstructions}/league/spsbduvpqe21tgkwhvbc,14,55,7,5,0,5,7,0,1.7289632319506132,6.3,11.868571428571428
2024,REG,13,2024120103,59694,12/01/2024,3000,MIN,3800,ARI,visitor,4,2.9866993023508566,DOR793727,3800,Greg Dortch,G.Dortch,WR,https://static.www.nfl.com/image/upload/{formatInstructions}/league/gkog6lrht3rnktwiberj,4,1,3,2,0,2,3,0,2.9839178136566047,8.9,-0.8633333333333345
2024,REG,13,2024120103,59694,12/01/2024,3000,MIN,3800,ARI,visitor,5,2.9866993023508566,HIG138430,3800,Elijah Higgins,E.Higgins,TE,https://static.www.nfl.com/image/upload/{formatInstructions}/league/sodpdh4uhbhzjxbnmao1,84,23,2,2,0,2,2,0,2.6591251674823644,8.19,10.049999999999999
2024,REG,13,2024120104,59695,12/01/2024,3200,NE,2200,IND,home,1,2.9866993023508566,HEN617052,3200,Hunter Henry,H.Henry,TE,https://static.www.nfl.com/image/private/{formatInstructions}/league/sdjob9akppefyo7py5tj,85,75,9,7,0,7,9,0,3.8478180288040864,6.621428571428572,6.776666666666667
2024,REG,13,2024120104,59695,12/01/2024,3200,NE,2200,IND,home,2,2.9866993023508566,BOU482823,3200,Kayshon Boutte,K.Boutte,WR,https://static.www.nfl.com/image/private/{formatInstructions}/league/nz6t7jhx6erszovbv1bd,9,41,6,3,0,3,6,0,1.543808358118352,6.603333333333334,8.378333333333334
2024,REG,13,2024120104,59695,12/01/2024,3200,NE,2200,IND,home,3,2.9866993023508566,HOO570770,3200,Austin Hooper,A.Hooper,TE,https://static.www.nfl.com/image/upload/{formatInstructions}/league/hj0ybtjspne3t1cso961,81,42,4,4,1,4,4,1,3.45065064519014,5.68,8.237499999999999
2024,REG,13,2024120104,59695,12/01/2024,3200,NE,2200,IND,home,4,2.9866993023508566,DOU259552,3200,Demario Douglas,D.Douglas,WR,https://static.www.nfl.com/image/private/{formatInstructions}/league/svnh61ottqtfmcqvnbj3,3,20,4,4,0,4,4,0,4.470497903554904,8.175,2.5024999999999995
2024,REG,13,2024120104,59695,12/01/2024,3200,NE,2200,IND,home,5,2.9866993023508566,BOU434790,3200,Kendrick Bourne,K.Bourne,WR,https://static.www.nfl.com/image/private/{formatInstructions}/league/vrovcaqql9p6xsycko83,84,39,3,3,0,3,3,0,2.501531020049225,8.063333333333333,9.64
2024,REG,13,2024120104,59695,12/01/2024,3200,NE,2200,IND,visitor,1,2.9866993023508566,PIT228050,2200,Michael Pittman,M.Pittman,WR,https://static.www.nfl.com/image/private/{formatInstructions}/league/wnymcombo2plamteihiy,11,42,7,5,0,5,7,0,4.228757351816518,9.209999999999999,5.464285714285714
2024,REG,13,2024120104,59695,12/01/2024,3200,NE,2200,IND,visitor,2,2.9866993023508566,PIE185673,2200,Alec Pierce,A.Pierce,WR,https://static.www.nfl.com/image/upload/{formatInstructions}/league/hvtcpccoigf9cghzkxcg,14,16,6,2,1,2,6,1,1.9750203652720948,8.778333333333334,21.10666666666667
2024,REG,13,2024120104,59695,12/01/2024,3200,NE,2200,IND,visitor,3,2.9866993023508566,GRA367521,2200,Kylen Granson,K.Granson,TE,https://static.www.nfl.com/image/upload/{formatInstructions}/league/rydvwc7sqwucvx14s8b4,83,0,3,0,0,0,3,0,1.5462250799990918,4.846666666666667,33.51
2024,REG,13,2024120104,59695,12/01/2024,3200,NE,2200,IND,visitor,4,2.9866993023508566,OGL659589,2200,Andrew Ogletree,A.Ogletree,TE,https://static.www.nfl.com/image/upload/{formatInstructions}/league/xrp8dougs6jb0denyorz,85,22,2,1,0,1,2,0,5.247410823133611,5.15,23.839999999999996
2024,REG,13,2024120104,59695,12/01/2024,3200,NE,2200,IND,visitor,5,2.9866993023508566,MIT056120,2200,Adonai Mitchell,A.Mitchell,WR,https://static.www.nfl.com/image/upload/{formatInstructions}/league/fztxucnxhoxep6utluyc,10,0,2,0,0,0,2,0,0.6055321339196847,3.1799999999999997,17.470000000000002
2024,REG,13,2024120105,59696,12/01/2024,3430,NYJ,4600,SEA,home,1,2.9866993023508566,ADA218591,3430,Davante Adams,D.Adams,WR,https://static.www.nfl.com/image/upload/{formatInstructions}/league/jweoujpjv9u2a8k7wnos,17,66,12,5,1,5,12,1,2.416193532562336,4.450909090909091,12.565833333333332
2024,REG,13,2024120105,59696,12/01/2024,3430,NYJ,4600,SEA,home,2,2.9866993023508566,WIL691962,3430,Garrett Wilson,G.Wilson,WR,https://static.www.nfl.com/image/private/{formatInstructions}/league/llgosx4tokddwnyrgvbx,5,41,10,5,0,5,10,0,3.339853902421082,4.32625,10.767999999999999
2024,REG,13,2024120105,59696,12/01/2024,3430,NYJ,4600,SEA,home,3,2.9866993023508566,CON185250,3430,Tyler Conklin,T.Conklin,TE,https://static.www.nfl.com/image/upload/{formatInstructions}/league/chajhumpfogd8effewe6,83,32,5,4,0,4,5,0,4.8524669032050705,10.71,5.084000000000001
2024,REG,13,2024120105,59696,12/01/2024,3430,NYJ,4600,SEA,home,4,2.9866993023508566,RUC675714,3430,Jeremy Ruckert,J.Ruckert,TE,https://static.www.nfl.com/image/private/{formatInstructions}/league/w6bf97vbqitoyo5o7xaa,89,3,2,1,0,1,2,0,2.572137603094328,3.6750000000000003,8.36
2024,REG,13,2024120105,59696,12/01/2024,3430,NYJ,4600,SEA,home,5,2.9866993023508566,COR399318,3430,Malachi Corley,M.Corley,WR,https://static.www.nfl.com/image/upload/{formatInstructions}/league/wukmdigs85jyubxw0iur,14,0,2,0,0,0,2,0,1.6930106031029717,3.2199999999999998,15.009999999999998
2024,REG,13,2024120105,59696,12/01/2024,3430,NYJ,4600,SEA,visitor,1,2.9866993023508566,MET363377,4600,DK Metcalf,D.Metcalf,WR,https://static.www.nfl.com/image/upload/{formatInstructions}/league/ezpzdcvzlu5ga4uv6oas,14,66,9,4,0,4,9,0,1.896864332603978,4.6611111111111105,12.541111111111112
2024,REG,13,2024120105,59696,12/01/2024,3430,NYJ,4600,SEA,visitor,2,2.9866993023508566,FAN405165,4600,Noah Fant,N.Fant,TE,https://static.www.nfl.com/image/private/{formatInstructions}/league/w1gqasldrg3jumzdqjvy,87,26,4,3,0,3,4,0,4.7601114313161235,6.3933333333333335,3.6575000000000006
2024,REG,13,2024120105,59696,12/01/2024,3430,NYJ,4600,SEA,visitor,3,2.9866993023508566,SMI829636,4600,Jaxon Smith-Njigba,J.Smith-Njigba,WR,https://static.www.nfl.com/image/upload/{formatInstructions}/league/lfroslgx4bo5p641flvg,11,74,4,4,0,4,4,0,1.9902492305874175,3.6174999999999997,14.495000000000003
2024,REG,13,2024120105,59696,12/01/2024,3430,NYJ,4600,SEA,visitor,4,2.9866993023508566,LOC420915,4600,Tyler Lockett,T.Lockett,WR,https://static.www.nfl.com/image/upload/{formatInstructions}/league/yz9p4pfwr0iyakhnwj4z,16,16,3,3,0,3,3,0,1.5343879415402941,7.396666666666667,5.146666666666666
2024,REG,13,2024120105,59696,12/01/2024,3430,NYJ,4600,SEA,visitor,5,2.9866993023508566,BAR235889,4600,AJ Barner,A.Barner,TE,https://static.www.nfl.com/image/upload/{formatInstructions}/league/msnzbeyjoemcas9dm8vt,88,14,2,2,1,2,2,1,8.505859879731709,4.61,-1.7199999999999989
2024,REG,13,2024120106,59697,12/01/2024,5110,WAS,2100,TEN,home,1,2.9866993023508566,MCL278328,5110,Terry McLaurin,T.McLaurin,WR,https://static.www.nfl.com/image/upload/{formatInstructions}/league/wokz1etv1wj1vhbmvxgs,17,73,8,8,2,8,8,2,3.778220294561571,5.88875,6.9725
2024,REG,13,2024120106,59697,12/01/2024,5110,WAS,2100,TEN,home,2,2.9866993023508566,ERT800920,5110,Zach Ertz,Z.Ertz,TE,https://static.www.nfl.com/image/upload/{formatInstructions}/league/xktmmeumuoglbuam75iz,86,35,6,3,1,3,6,1,3.2521156550015977,3.858333333333334,7.631666666666665
2024,REG,13,2024120106,59697,12/01/2024,5110,WAS,2100,TEN,home,3,2.9866993023508566,BRO408220,5110,Dyami Brown,D.Brown,WR,https://static.www.nfl.com/image/upload/{formatInstructions}/league/mibh7ud59ygmzm19ivac,2,35,5,4,0,4,5,0,6.241314316864694,7.239999999999999,6.795999999999998
2024,REG,13,2024120106,59697,12/01/2024,5110,WAS,2100,TEN,home,4,2.9866993023508566,BRO567406,5110,Noah Brown,N.Brown,WR,https://static.www.nfl.com/image/upload/{formatInstructions}/league/nv6ix0p8965yiugsuhwh,85,27,4,3,0,3,4,0,4.376811459427192,5.66,8.922500000000001
2024,REG,13,2024120106,59697,12/01/2024,5110,WAS,2100,TEN,home,5,2.9866993023508566,ZAC133180,5110,Olamide Zaccheaus,O.Zaccheaus,WR,https://static.www.nfl.com/image/upload/{formatInstructions}/league/hcmdnfgnnvcp0qbktpxd,14,14,3,3,0,3,3,0,3.465485439978958,5.260000000000001,0.2799999999999976
2024,REG,13,2024120106,59697,12/01/2024,5110,WAS,2100,TEN,visitor,1,2.9866993023508566,WES567220,2100,Nick Westbrook-Ikhine,N.Westbrook-Ikhine,WR,https://static.www.nfl.com/image/upload/{formatInstructions}/league/rt9ic9wzwl2pevlxt1nd,15,61,8,3,2,3,8,2,2.343166740874928,7.83125,12.32125
2024,REG,13,2024120106,59697,12/01/2024,5110,WAS,2100,TEN,visitor,2,2.9866993023508566,RID652384,2100,Calvin Ridley,C.Ridley,WR,https://static.www.nfl.com/image/upload/{formatInstructions}/league/tmeij0cfgylmurfybs74,0,45,7,2,0,2,7,0,3.87384668165857,7.151428571428572,22.268571428571427
2024,REG,13,2024120106,59697,12/01/2024,5110,WAS,2100,TEN,visitor,3,2.9866993023508566,OKO283611,2100,Chig Okonkwo,C.Okonkwo,TE,https://static.www.nfl.com/image/upload/{formatInstructions}/league/ut2gqeq2lowknrro0wlu,85,27,6,3,0,3,6,0,4.070127929778695,5.7875,8.558333333333332
2024,REG,13,2024120106,59697,12/01/2024,5110,WAS,2100,TEN,visitor,4,2.9866993023508566,BOY378353,2100,Tyler Boyd,T.Boyd,WR,https://static.www.nfl.com/image/upload/{formatInstructions}/league/ttifog0hjxprlhkagugu,83,37,4,3,0,3,4,0,1.546123010331746,6.737500000000001,9.1975
2024,REG,13,2024120106,59697,12/01/2024,5110,WAS,2100,TEN,visitor,5,2.9866993023508566,WHY207645,2100,Josh Whyle,J.Whyle,TE,https://static.www.nfl.com/image/upload/{formatInstructions}/league/ccstvnbjzprcpb2j9xnb,81,3,3,1,0,1,3,0,3.2171692477251526,7.535,14.633333333333333
2024,REG,13,2024120107,59698,12/01/2024,0750,CAR,4900,TB,home,1,2.9866993023508566,THI510348,0750,Adam Thielen,A.Thielen,WR,https://static.www.nfl.com/image/upload/{formatInstructions}/league/pxehgo0l9xl03n7dronf,19,99,10,8,1,8,10,1,3.8352668318440166,5.335555555555555,10.644
2024,REG,13,2024120107,59698,12/01/2024,0750,CAR,4900,TB,home,2,2.9866993023508566,MOO249444,0750,David Moore,D.Moore,WR,https://static.www.nfl.com/image/upload/{formatInstructions}/league/i2esmsczxxoq7pzvg6yf,83,40,9,5,0,5,9,0,2.838645802998185,7.188571428571428,12.733333333333333
2024,REG,13,2024120107,59698,12/01/2024,0750,CAR,4900,TB,home,3,2.9866993023508566,LEG145351,0750,Xavier Legette,X.Legette,WR,https://static.www.nfl.com/image/upload/{formatInstructions}/league/a3etuvp3kqtwmtkioq8g,17,53,8,4,0,4,8,0,2.529462760970334,4.99,13.0475
2024,REG,13,2024120107,59698,12/01/2024,0750,CAR,4900,TB,home,4,2.9866993023508566,TRE718453,0750,Tommy Tremble,T.Tremble,TE,https://static.www.nfl.com/image/upload/{formatInstructions}/league/jn0kmd8lg9hu4fjnnat9,82,77,8,5,0,5,8,0,2.9128907988442405,7.93,5.811250000000001
2024,REG,13,2024120107,59698,12/01/2024,0750,CAR,4900,TB,home,5,2.9866993023508566,FRA593646,0750,Feleipe Franks,F.Franks,TE,https://static.www.nfl.com/image/private/{formatInstructions}/league/bymlmtfg2hjxymbheske,84,0,1,0,0,0,1,0,1.1119802156513399,4.76,17.25
2024,REG,13,2024120107,59698,12/01/2024,0750,CAR,4900,TB,visitor,1,2.9866993023508566,EVA534309,4900,Mike Evans,M.Evans,WR,https://static.www.nfl.com/image/upload/{formatInstructions}/league/vfsaie1uiokfczwv9p4d,13,118,12,8,1,8,12,1,2.605439215414552,8.084999999999999,11.544166666666667
2024,REG,13,2024120107,59698,12/01/2024,0750,CAR,4900,TB,visitor,2,2.9866993023508566,OTT712400,4900,Cade Otton,C.Otton,TE,https://static.www.nfl.com/image/upload/{formatInstructions}/league/mljam77kst1wlqd5y91v,88,20,7,4,0,4,7,0,3.173330579815833,5.771428571428571,1.000000000000001
2024,REG,13,2024120107,59698,12/01/2024,0750,CAR,4900,TB,visitor,3,2.9866993023508566,SHE495754,4900,Sterling Shepard,S.Shepard,WR,https://static.www.nfl.com/image/upload/{formatInstructions}/league/dphqvpkeselgrselrvma,17,42,7,4,0,4,7,0,2.5917555906901333,7.225714285714285,6.260000000000001
2024,REG,13,2024120107,59698,12/01/2024,0750,CAR,4900,TB,visitor,4,2.9866993023508566,MCM472299,4900,Jalen McMillan,J.McMillan,WR,https://static.www.nfl.com/image/upload/{formatInstructions}/league/zdxkyl8gy4dqiq6evfzp,15,25,3,2,0,2,3,0,4.13832938982945,5.39,9.186666666666667
2024,REG,13,2024120107,59698,12/01/2024,0750,CAR,4900,TB,visitor,5,2.9866993023508566,PAL683280,4900,Trey Palmer,T.Palmer,WR,https://static.www.nfl.com/image/upload/{formatInstructions}/league/zv0wdsdctgf2zw2ctumy,10,0,1,0,0,0,1,0,2.0902870616257516,8.12,20.89
2024,REG,13,2024120108,59699,12/01/2024,3300,NO,2510,LA,home,1,2.9866993023508566,HIL609597,3300,Taysom Hill,T.Hill,TE,https://static.www.nfl.com/image/upload/{formatInstructions}/league/q8itjlocg5do60qat4l3,7,37,7,5,0,5,7,0,3.214017856967826,7.6025,4.555714285714285
2024,REG,13,2024120108,59699,12/01/2024,3300,NO,2510,LA,home,2,2.9866993023508566,JOH398789,3300,Juwan Johnson,J.Johnson,TE,https://static.www.nfl.com/image/upload/{formatInstructions}/league/pdsl9w3agc9uvjqpq1jy,83,36,7,5,0,5,7,0,3.8239725310936836,6.8566666666666665,8.657142857142857
2024,REG,13,2024120108,59699,12/01/2024,3300,NO,2510,LA,home,3,2.9866993023508566,MOR096402,3300,Foster Moreau,F.Moreau,TE,https://static.www.nfl.com/image/upload/{formatInstructions}/league/hfcik9okcbwsbhgoaljy,87,6,4,2,0,2,4,0,1.685786645761146,2.9000000000000004,10.63
2024,REG,13,2024120108,59699,12/01/2024,3300,NO,2510,LA,home,4,2.9866993023508566,AUS749254,3300,Kevin Austin Jr.,K.Austin,WR,https://static.www.nfl.com/image/upload/{formatInstructions}/league/vdah0xfiadl04o4s6xd0,81,31,3,3,0,3,3,0,2.295760356860185,9.193333333333333,7.993333333333332
2024,REG,13,2024120108,59699,12/01/2024,3300,NO,2510,LA,home,5,2.9866993023508566,VAL142116,3300,Marquez Valdes-Scantling,M.Valdes-Scantling,WR,https://static.www.nfl.com/image/upload/{formatInstructions}/league/vn2bg6lhyl15xrymtd5g,10,36,3,2,1,2,3,1,2.1116463651810657,5.973333333333334,21.02
2024,REG,13,2024120108,59699,12/01/2024,3300,NO,2510,LA,visitor,1,2.9866993023508566,NAC559347,2510,Puka Nacua,P.Nacua,WR,https://static.www.nfl.com/image/upload/{formatInstructions}/league/i1pmrhua5gpvwgsqphxa,17,56,8,5,1,5,8,1,2.719764080965268,5.912857142857143,5.041250000000002
2024,REG,13,2024120108,59699,12/01/2024,3300,NO,2510,LA,visitor,2,2.9866993023508566,KUP534597,2510,Cooper Kupp,C.Kupp,WR,https://static.www.nfl.com/image/upload/{formatInstructions}/league/sq7zwzcgrajuk0hwwph2,10,17,6,3,0,3,6,0,1.623786628534803,8.483999999999998,8.306666666666667
2024,REG,13,2024120108,59699,12/01/2024,3300,NO,2510,LA,visitor,3,2.9866993023508566,ROB399065,2510,Demarcus Robinson,D.Robinson,WR,https://static.www.nfl.com/image/upload/{formatInstructions}/league/lakf0xue1qqb7ed4p6ge,15,49,3,2,1,2,3,1,3.6242583700529103,2.0533333333333332,14.483333333333333
2024,REG,13,2024120108,59699,12/01/2024,3300,NO,2510,LA,visitor,4,2.9866993023508566,ATW460468,2510,Tutu Atwell,T.Atwell,WR,https://static.www.nfl.com/image/upload/{formatInstructions}/league/hpvbp9pn7ifbh62nde0n,5,39,2,2,0,2,2,0,1.8781285536428913,7.63,20.135
2024,REG,13,2024120108,59699,12/01/2024,3300,NO,2510,LA,visitor,5,2.9866993023508566,LON317078,2510,Hunter Long,H.Long,TE,https://static.www.nfl.com/image/upload/{formatInstructions}/league/zfovepcmlr4bkmm96wgp,84,0,1,0,0,0,1,0,1.7545369759569005,6.67,-1.9799999999999969
2024,REG,13,2024120109,59700,12/01/2024,0325,BAL,3700,PHI,home,1,2.9866993023508566,LIK088990,0325,Isaiah Likely,I.Likely,TE,https://static.www.nfl.com/image/upload/{formatInstructions}/league/xmikfnklnpjmzjhbjrur,80,38,8,5,1,5,8,1,4.971648887959964,5.804285714285713,9.811250000000001
2024,REG,13,2024120109,59700,12/01/2024,0325,BAL,3700,PHI,home,2,2.9866993023508566,FLO577002,0325,Zay Flowers,Z.Flowers,WR,https://static.www.nfl.com/image/upload/{formatInstructions}/league/oidhqwg0fjvanyk57nc1,4,74,7,3,0,3,7,0,3.3440228290488667,5.659999999999999,18.235714285714284
2024,REG,13,2024120109,59700,12/01/2024,0325,BAL,3700,PHI,home,3,2.9866993023508566,AND701433,0325,Mark Andrews,M.Andrews,TE,https://static.www.nfl.com/image/upload/{formatInstructions}/league/y5maejm3puruskwc344y,89,67,7,6,1,6,7,1,3.3851056841281317,2.886,9.907142857142857
2024,REG,13,2024120109,59700,12/01/2024,0325,BAL,3700,PHI,home,4,2.9866993023508566,WAL505238,0325,Tylan Wallace,T.Wallace,WR,https://static.www.nfl.com/image/upload/{formatInstructions}/league/e3ghtadqh39zhu0iieht,16,14,2,2,0,2,2,0,3.6412620206663773,5.07,3.7300000000000004
2024,REG,13,2024120109,59700,12/01/2024,0325,BAL,3700,PHI,home,5,2.9866993023508566,AGH474619,0325,Nelson Agholor,N.Agholor,WR,https://static.www.nfl.com/image/upload/{formatInstructions}/league/wyxfkarcjgqdz3pl8nnr,15,0,2,0,0,0,2,0,0.8400623387451399,4.18,25.325000000000003
2024,REG,13,2024120109,59700,12/01/2024,0325,BAL,3700,PHI,visitor,1,2.9866993023508566,BRO413223,3700,A.J. Brown,A.Brown,WR,https://static.www.nfl.com/image/private/{formatInstructions}/league/a014sgzctarbvhwb35lw,11,66,6,5,0,5,6,0,2.476882240465743,6.293333333333334,13.928333333333335
2024,REG,13,2024120109,59700,12/01/2024,0325,BAL,3700,PHI,visitor,2,2.9866993023508566,GOE595520,3700,Dallas Goedert,D.Goedert,TE,https://static.www.nfl.com/image/upload/{formatInstructions}/league/wfj54vhw1zxwwb3vdi61,88,35,4,3,1,3,4,1,1.2288370186664905,6.4725,5.7425
2024,REG,13,2024120109,59700,12/01/2024,0325,BAL,3700,PHI,visitor,3,2.9866993023508566,COV404041,3700,Britain Covey,B.Covey,WR,https://static.www.nfl.com/image/upload/{formatInstructions}/league/zxyoxfakwak4h9eiv5mu,18,0,1,0,0,0,1,0,1.1157060544785138,6.58,3.9299999999999997
2024,REG,13,2024120109,59700,12/01/2024,0325,BAL,3700,PHI,visitor,4,2.9866993023508566,DOT282798,3700,Jahan Dotson,J.Dotson,WR,https://static.www.nfl.com/image/upload/{formatInstructions}/league/myxhp9oqtcv1peactbhv,83,7,1,1,0,1,1,0,3.8715629918677577,1.94,7.390000000000001
2024,REG,13,2024120109,59700,12/01/2024,0325,BAL,3700,PHI,visitor,5,2.9866993023508566,CAM230411,3700,Parris Campbell,P.Campbell,WR,https://static.www.nfl.com/image/upload/{formatInstructions}/league/zesqmghc8zchkvhsv9jb,80,0,1,0,0,0,1,0,1.2675172582651528,5.36,5.799999999999997
2024,REG,13,2024120110,59701,12/01/2024,0610,BUF,4500,SF,home,1,2.9866993023508566,SHA107427,0610,Khalil Shakir,K.Shakir,WR,https://static.www.nfl.com/image/upload/{formatInstructions}/league/ch2yarhiobqlvr9ls2yw,10,30,7,4,0,4,7,0,3.3771229743106304,6.277142857142857,6.2142857142857135
2024,REG,13,2024120110,59701,12/01/2024,0610,BUF,4500,SF,home,2,2.9866993023508566,COO487703,0610,Amari Cooper,A.Cooper,WR,https://static.www.nfl.com/image/upload/{formatInstructions}/league/zmtzqznqui37unmo5xv9,18,12,3,3,0,3,3,0,3.127076390146287,7.836666666666666,3.0599999999999974
2024,REG,13,2024120110,59701,12/01/2024,0610,BUF,4500,SF,home,3,2.9866993023508566,KNO490795,0610,Dawson Knox,D.Knox,TE,https://static.www.nfl.com/image/upload/{formatInstructions}/league/uazfj5l5vzow2oyfa1s6,88,56,2,2,0,2,2,0,3.787889290284911,6.455,17.659999999999997
2024,REG,13,2024120110,59701,12/01/2024,0610,BUF,4500,SF,home,4,2.9866993023508566,DAV104903,0610,Zach Davidson,Z.Davidson,TE,https://static.www.nfl.com/image/upload/{formatInstructions}/league/cxvetoci2tfigdcu27bf,84,0,1,0,0,0,1,0,1.2124768039018303,,11.84
2024,REG,13,2024120110,59701,12/01/2024,0610,BUF,4500,SF,home,5,2.9866993023508566,MOR489431,0610,Quintin Morris,Q.Morris,TE,https://static.www.nfl.com/image/upload/{formatInstructions}/league/ftrqrbuqecl9yhcqrcmw,85,14,1,1,0,1,1,0,4.80403996652817,,4.829999999999998
2024,REG,13,2024120110,59701,12/01/2024,0610,BUF,4500,SF,visitor,1,2.9866993023508566,SAM636097,4500,Deebo Samuel Sr.,D.Samuel,WR,https://static.www.nfl.com/image/upload/{formatInstructions}/league/shqoqpjwwoiexzy6cmgb,1,20,5,4,0,4,5,0,5.305461825228306,5.626,0.49000000000000055
2024,REG,13,2024120110,59701,12/01/2024,0610,BUF,4500,SF,visitor,2,2.9866993023508566,JEN497457,4500,Jauan Jennings,J.Jennings,WR,https://static.www.nfl.com/image/upload/{formatInstructions}/league/fqyzagb57zrtegmw69eb,15,56,5,3,0,3,5,0,2.136021258482283,5.39,12.963999999999999
2024,REG,13,2024120110,59701,12/01/2024,0610,BUF,4500,SF,visitor,3,2.9866993023508566,KIT388290,4500,George Kittle,G.Kittle,TE,https://static.www.nfl.com/image/upload/{formatInstructions}/league/ivkrikewqqdllzvano8h,85,7,2,1,0,1,2,0,3.308442150083292,9.370000000000001,2.0349999999999966
2024,REG,13,2024120110,59701,12/01/2024,0610,BUF,4500,SF,visitor,4,2.9866993023508566,PEA307677,4500,Ricky Pearsall,R.Pearsall,WR,https://static.www.nfl.com/image/upload/{formatInstructions}/league/akwepvt6qxwbgankljmv,14,0,1,0,0,0,1,0,0.6403124237432785,3.65,23.979999999999997
2024,REG,13,2024120200,59702,12/02/2024,1400,DEN,1050,CLE,home,1,2.9866993023508566,SUT333526,1400,Courtland Sutton,C.Sutton,WR,https://static.www.nfl.com/image/upload/{formatInstructions}/league/qts95gbd6hv65s9eiseq,14,102,9,6,0,6,9,0,2.270346405485912,8.7575,18.846666666666668
2024,REG,13,2024120200,59702,12/02/2024,1400,DEN,1050,CLE,home,2,2.9866993023508566,FRA545210,1400,Troy Franklin,T.Franklin,WR,https://static.www.nfl.com/image/upload/{formatInstructions}/league/w429urxwxc8sw4bsbvxz,16,28,5,2,0,2,5,0,1.3477147707475767,8.282,19.49
2024,REG,13,2024120200,59702,12/02/2024,1400,DEN,1050,CLE,home,3,2.9866993023508566,VEL175757,1400,Devaughn Vele,D.Vele,WR,https://static.www.nfl.com/image/upload/{formatInstructions}/league/f2lz4vsh2daurrwdamzv,17,16,4,1,0,1,4,0,2.443531889381755,8.28,9.937499999999998
2024,REG,13,2024120200,59702,12/02/2024,1400,DEN,1050,CLE,home,4,2.9866993023508566,MIM654774,1400,Marvin Mims Jr.,M.Mims,WR,https://static.www.nfl.com/image/upload/{formatInstructions}/league/trvilnckw7nprw1gkghl,19,105,4,3,1,3,4,1,4.33719398868427,7.44,17.8025
2024,REG,13,2024120200,59702,12/02/2024,1400,DEN,1050,CLE,home,5,2.9866993023508566,KRU507134,1400,Lucas Krull,L.Krull,TE,https://static.www.nfl.com/image/upload/{formatInstructions}/league/v3rdtydz7dh4s5oyzejs,85,24,3,3,0,3,3,0,3.708258131396836,5.56,4.576666666666668
2024,REG,13,2024120200,59702,12/02/2024,1400,DEN,1050,CLE,visitor,1,2.9866993023508566,NJO355964,1050,David Njoku,D.Njoku,TE,https://static.www.nfl.com/image/private/{formatInstructions}/league/ilvxwdllivrvwbuj69cm,85,52,17,9,2,9,17,2,2.4179216812550006,3.0307692307692307,5.685294117647059
2024,REG,13,2024120200,59702,12/02/2024,1400,DEN,1050,CLE,visitor,2,2.9866993023508566,MOO279723,1050,Elijah Moore,E.Moore,WR,https://static.www.nfl.com/image/private/{formatInstructions}/league/bhwvzckfhhcqhb7zdqyj,8,111,14,8,0,8,14,0,2.2556249040158263,5.492142857142857,9.707142857142857
2024,REG,13,2024120200,59702,12/02/2024,1400,DEN,1050,CLE,visitor,3,2.9866993023508566,JEU415291,1050,Jerry Jeudy,J.Jeudy,WR,https://static.www.nfl.com/image/upload/{formatInstructions}/league/szca1v9butuqkjs7ekpm,3,235,13,9,1,9,13,1,3.4730934313534485,5.966923076923077,15.087692307692306
2024,REG,13,2024120200,59702,12/02/2024,1400,DEN,1050,CLE,visitor,4,2.9866993023508566,WOO545683,1050,Mike Woods,M.Woods,WR,https://static.www.nfl.com/image/private/{formatInstructions}/league/qlps63mn8jfsvqgf7cub,81,43,5,3,0,3,5,0,2.7361316785534755,4.238,9.65
2024,REG,13,2024120200,59702,12/02/2024,1400,DEN,1050,CLE,visitor,5,2.9866993023508566,THR048621,1050,Jamari Thrash,J.Thrash,WR,https://static.www.nfl.com/image/upload/{formatInstructions}/league/khjue5xlvlhzha9znbl3,80,11,2,2,0,2,2,0,4.360592076510019,7.4,2.9749999999999943
2024,REG,14,2024120500,59703,12/05/2024,1540,DET,1800,GB,home,1,2.9866993023508566,WIL344909,1540,Jameson Williams,Ja.Williams,WR,https://static.www.nfl.com/image/upload/{formatInstructions}/league/kt6xzcnjbe9affdfsayt,9,80,8,5,0,5,8,0,3.836621702716002,6.64875,8.16375
2024,REG,14,2024120500,59703,12/05/2024,1540,DET,1800,GB,home,2,2.9866993023508566,PAT283375,1540,Tim Patrick,T.Patrick,WR,https://static.www.nfl.com/image/upload/{formatInstructions}/league/tsbe7jbwmgzby45hnb3j,17,43,7,6,2,6,7,2,3.4272943572477272,5.01,6.9857142857142875
2024,REG,14,2024120500,59703,12/05/2024,1540,DET,1800,GB,home,3,2.9866993023508566,LAP640235,1540,Sam LaPorta,S.LaPorta,TE,https://static.www.nfl.com/image/upload/{formatInstructions}/league/ucw8cfj5t5nwkx670wzu,87,54,7,5,0,5,7,0,2.9934191632875877,5.325,9.447142857142856
2024,REG,14,2024120500,59703,12/05/2024,1540,DET,1800,GB,home,4,2.9866993023508566,STB415291,1540,Amon-Ra St. Brown,A.St. Brown,WR,https://static.www.nfl.com/image/upload/{formatInstructions}/league/jmfuamqblg8jag0stpnq,14,43,6,5,0,5,6,0,2.1954711923818326,8.168000000000001,7.261666666666666
2024,REG,14,2024120500,59703,12/05/2024,1540,DET,1800,GB,home,5,2.9866993023508566,WRI121125,1540,Brock Wright,B.Wright,TE,https://static.www.nfl.com/image/upload/{formatInstructions}/league/irowew9hgqaa9vcd8fri,89,0,1,0,0,0,1,0,1.1799999999999997,4.24,26.75
2024,REG,14,2024120500,59703,12/05/2024,1540,DET,1800,GB,visitor,1,2.9866993023508566,WAT316591,1800,Christian Watson,C.Watson,WR,https://static.www.nfl.com/image/upload/{formatInstructions}/league/qenktpex0mep8er8dzxj,9,114,7,4,0,4,7,0,2.416812913592438,3.2099999999999995,13.274285714285714
2024,REG,14,2024120500,59703,12/05/2024,1540,DET,1800,GB,visitor,2,2.9866993023508566,KRA144054,1800,Tucker Kraft,T.Kraft,TE,https://static.www.nfl.com/image/upload/{formatInstructions}/league/klrmgekdzx1ywjjmixp7,85,41,5,3,1,3,5,1,3.509766820197806,7.58,6.1419999999999995
2024,REG,14,2024120500,59703,12/05/2024,1540,DET,1800,GB,visitor,3,2.9866993023508566,WIC622867,1800,Dontayvion Wicks,D.Wicks,WR,https://static.www.nfl.com/image/upload/{formatInstructions}/league/ghsev2bmz8kvhm8dsbey,13,49,5,4,0,4,5,0,2.874106459685416,4.959999999999999,9.686
2024,REG,14,2024120500,59703,12/05/2024,1540,DET,1800,GB,visitor,4,2.9866993023508566,SIM655854,1800,Ben Sims,B.Sims,TE,https://static.www.nfl.com/image/upload/{formatInstructions}/league/mfl9febpyc8nk2abxcf2,89,2,1,1,0,1,1,0,3.966761903618621,,1.7999999999999972
2024,REG,14,2024120500,59703,12/05/2024,1540,DET,1800,GB,visitor,5,2.9866993023508566,REE263142,1800,Jayden Reed,J.Reed,WR,https://static.www.nfl.com/image/upload/{formatInstructions}/league/blh2tfg9qjthqo2g6ot4,11,0,1,0,0,0,1,0,2.5935689695861153,6.08,4.850000000000001
2024,REG,14,2024120800,59704,12/08/2024,2700,MIA,3430,NYJ,home,1,2.9866993023508566,HIL628694,2700,Tyreek Hill,T.Hill,WR,https://static.www.nfl.com/image/upload/{formatInstructions}/league/gdwjlpbkenmnsibawkht,10,115,14,10,1,10,14,1,4.057989536769243,5.645714285714286,9.882857142857144
2024,REG,14,2024120800,59704,12/08/2024,2700,MIA,3430,NYJ,home,2,2.9866993023508566,WAD088683,2700,Jaylen Waddle,J.Waddle,WR,https://static.www.nfl.com/image/private/{formatInstructions}/league/qjsz2h6shbdnksctzeka,17,99,12,9,0,9,12,0,2.852793970741533,5.192,8.243333333333334
2024,REG,14,2024120800,59704,12/08/2024,2700,MIA,3430,NYJ,home,3,2.9866993023508566,SMI443054,2700,Jonnu Smith,J.Smith,TE,https://static.www.nfl.com/image/upload/{formatInstructions}/league/p8uldtljkzb6sile3wgx,9,44,4,3,1,3,4,1,3.1351708516287022,8.115,1.544999999999999
2024,REG,14,2024120800,59704,12/08/2024,2700,MIA,3430,NYJ,home,4,2.9866993023508566,BEC573252,2700,Odell Beckham Jr.,O.Beckham,WR,https://static.www.nfl.com/image/upload/{formatInstructions}/league/ffmalg3wr7lwnsz59i7v,3,1,1,1,0,1,1,0,5.291370332909997,,-1.3800000000000026
2024,REG,14,2024120800,59704,12/08/2024,2700,MIA,3430,NYJ,home,5,2.9866993023508566,WAS519225,2700,Malik Washington,M.Washington,WR,https://static.www.nfl.com/image/upload/{formatInstructions}/league/mlnnipvmbl92w7mmr1pa,83,0,1,0,0,0,1,0,1.177454882362804,1.69,18.82
2024,REG,14,2024120800,59704,12/08/2024,2700,MIA,3430,NYJ,visitor,1,2.9866993023508566,ADA218591,3430,Davante Adams,D.Adams,WR,https://static.www.nfl.com/image/upload/{formatInstructions}/league/jweoujpjv9u2a8k7wnos,17,109,11,9,1,9,11,1,3.926189015171201,5.947,6.777272727272726
2024,REG,14,2024120800,59704,12/08/2024,2700,MIA,3430,NYJ,visitor,2,2.9866993023508566,WIL691962,3430,Garrett Wilson,G.Wilson,WR,https://static.www.nfl.com/image/private/{formatInstructions}/league/llgosx4tokddwnyrgvbx,5,114,10,7,0,7,10,0,4.24595249243123,6.061999999999999,9.262
2024,REG,14,2024120800,59704,12/08/2024,2700,MIA,3430,NYJ,visitor,3,2.9866993023508566,CON185250,3430,Tyler Conklin,T.Conklin,TE,https://static.www.nfl.com/image/upload/{formatInstructions}/league/chajhumpfogd8effewe6,83,33,5,3,0,3,5,0,3.348058648418545,7.69,5.859999999999999
2024,REG,14,2024120800,59704,12/08/2024,2700,MIA,3430,NYJ,visitor,4,2.9866993023508566,RUC675714,3430,Jeremy Ruckert,J.Ruckert,TE,https://static.www.nfl.com/image/private/{formatInstructions}/league/w6bf97vbqitoyo5o7xaa,89,0,1,0,0,0,1,0,8.003961519147879,2.99,14.299999999999997
2024,REG,14,2024120800,59704,12/08/2024,2700,MIA,3430,NYJ,visitor,5,2.9866993023508566,LAZ043714,3430,Allen Lazard,A.Lazard,WR,https://static.www.nfl.com/image/private/{formatInstructions}/league/blrzk3bfnpneuyhsqiqg,10,18,1,1,0,1,1,0,6.778156091445522,5.19,15.14
2024,REG,14,2024120801,59705,12/08/2024,3000,MIN,0200,ATL,home,1,2.9866993023508566,ADD491056,3000,Jordan Addison,J.Addison,WR,https://static.www.nfl.com/image/upload/{formatInstructions}/league/tmyckmignrvy8truccwm,3,133,12,8,3,8,12,3,3.1781170531723153,5.693636363636364,12.826666666666666
2024,REG,14,2024120801,59705,12/08/2024,3000,MIN,0200,ATL,home,2,2.9866993023508566,JEF269287,3000,Justin Jefferson,J.Jefferson,WR,https://static.www.nfl.com/image/upload/{formatInstructions}/league/vrftbpzwk6qmv0zjcysg,18,132,7,7,2,7,7,2,3.5738671477459043,6.442857142857143,15.639999999999999
2024,REG,14,2024120801,59705,12/08/2024,3000,MIN,0200,ATL,home,3,2.9866993023508566,HOC422041,3000,T.J. Hockenson,T.Hockenson,TE,https://static.www.nfl.com/image/upload/{formatInstructions}/league/n9zhffstwzae8i5di6tk,87,45,5,4,0,4,5,0,3.5549217019906836,7.6899999999999995,9.389999999999999
2024,REG,14,2024120801,59705,12/08/2024,3000,MIN,0200,ATL,home,4,2.9866993023508566,OLI524360,3000,Josh Oliver,J.Oliver,TE,https://static.www.nfl.com/image/private/{formatInstructions}/league/pwd3muzyjclgjlwwtdah,84,26,2,1,0,1,2,0,3.4977773634070504,,4.670000000000002
2024,REG,14,2024120801,59705,12/08/2024,3000,MIN,0200,ATL,visitor,1,2.9866993023508566,MCC417118,0200,Ray-Ray McCloud,R.McCloud,WR,https://static.www.nfl.com/image/upload/{formatInstructions}/league/nvwn3sdihyyd2itjt7vy,34,98,11,8,0,8,11,0,3.4752037739850645,8.389090909090909,2.3336363636363644
2024,REG,14,2024120801,59705,12/08/2024,3000,MIN,0200,ATL,visitor,2,2.9866993023508566,LON013463,0200,Drake London,D.London,WR,https://static.www.nfl.com/image/upload/{formatInstructions}/league/wikjazqtt3uunjufgqrf,5,70,10,5,0,5,10,0,3.1677804922227146,7.140000000000001,8.992
2024,REG,14,2024120801,59705,12/08/2024,3000,MIN,0200,ATL,visitor,3,2.9866993023508566,MOO076900,0200,Darnell Mooney,D.Mooney,WR,https://static.www.nfl.com/image/upload/{formatInstructions}/league/c1ixyspw0eshl3a2qrly,1,142,7,6,0,6,7,0,3.8361319912757565,7.945714285714286,16.187142857142856
2024,REG,14,2024120801,59705,12/08/2024,3000,MIN,0200,ATL,visitor,4,2.9866993023508566,PIT516805,0200,Kyle Pitts,K.Pitts,TE,https://static.www.nfl.com/image/upload/{formatInstructions}/league/t8ymqyhvv8i1r80jyhy2,8,14,6,1,0,1,6,0,2.905955935583989,6.691666666666666,13.766666666666667
2024,REG,14,2024120801,59705,12/08/2024,3000,MIN,0200,ATL,visitor,5,2.9866993023508566,WOE138430,0200,Charlie Woerner,C.Woerner,TE,https://static.www.nfl.com/image/upload/{formatInstructions}/league/hllqdtlyjbs2gbdgn6lj,89,11,1,1,0,1,1,0,3.1097588330930095,3.83,9.36
2024,REG,14,2024120802,59706,12/08/2024,3410,NYG,3300,NO,home,1,2.9866993023508566,ROB717726,3410,Wan'Dale Robinson,W.Robinson,WR,https://static.www.nfl.com/image/upload/{formatInstructions}/league/z94hnehk9vgmvtad6sgi,17,38,11,4,0,4,11,0,2.4461372779691084,4.833333333333334,9.43818181818182
2024,REG,14,2024120802,59706,12/08/2024,3410,NYG,3300,NO,home,2,2.9866993023508566,NAB400459,3410,Malik Nabers,M.Nabers,WR,https://static.www.nfl.com/image/upload/{formatInstructions}/league/w3edoyyuomqlovvp9ixc,1,79,10,5,0,5,10,0,1.3633873784069945,4.004,12.516
2024,REG,14,2024120802,59706,12/08/2024,3410,NYG,3300,NO,home,3,2.9866993023508566,BEL680916,3410,Daniel Bellinger,D.Bellinger,TE,https://static.www.nfl.com/image/upload/{formatInstructions}/league/f9xmqszyicfahxrcqevp,82,45,7,5,0,5,7,0,3.192767547867404,10.108,5.5514285714285725
2024,REG,14,2024120802,59706,12/08/2024,3410,NYG,3300,NO,home,4,2.9866993023508566,SLA500077,3410,Darius Slayton,D.Slayton,WR,https://static.www.nfl.com/image/upload/{formatInstructions}/league/zhm6evj813ucss03ndlx,86,27,6,2,0,2,6,0,1.3111800039262402,4.824,16.028333333333332
2024,REG,14,2024120802,59706,12/08/2024,3410,NYG,3300,NO,home,5,2.9866993023508566,HYA420916,3410,Jalin Hyatt,J.Hyatt,WR,https://static.www.nfl.com/image/private/{formatInstructions}/league/ibftqfglvcqaipfdnr4f,13,0,2,0,0,0,2,0,2.51778887883778,8.445,15.434999999999999
2024,REG,14,2024120802,59706,12/08/2024,3410,NYG,3300,NO,visitor,1,2.9866993023508566,VAL142116,3300,Marquez Valdes-Scantling,M.Valdes-Scantling,WR,https://static.www.nfl.com/image/upload/{formatInstructions}/league/vn2bg6lhyl15xrymtd5g,10,51,7,4,0,4,7,0,3.5938903359706074,9.226666666666667,18.397142857142857
2024,REG,14,2024120802,59706,12/08/2024,3410,NYG,3300,NO,visitor,2,2.9866993023508566,AUS749254,3300,Kevin Austin Jr.,K.Austin,WR,https://static.www.nfl.com/image/upload/{formatInstructions}/league/vdah0xfiadl04o4s6xd0,81,5,5,1,0,1,5,0,4.86202432886194,9.906,16.363999999999997
2024,REG,14,2024120802,59706,12/08/2024,3410,NYG,3300,NO,visitor,3,2.9866993023508566,JOH398789,3300,Juwan Johnson,J.Johnson,TE,https://static.www.nfl.com/image/upload/{formatInstructions}/league/pdsl9w3agc9uvjqpq1jy,83,50,5,4,1,4,5,1,4.211614345990292,7.504,8.563999999999998
2024,REG,14,2024120802,59706,12/08/2024,3410,NYG,3300,NO,visitor,4,2.9866993023508566,PET735981,3300,Dante Pettis,D.Pettis,WR,https://static.www.nfl.com/image/upload/{formatInstructions}/league/niuogxqq09kajrcfewoi,17,0,2,0,0,0,2,0,2.499709886510788,7.465,8.584999999999997
2024,REG,14,2024120802,59706,12/08/2024,3410,NYG,3300,NO,visitor,5,2.9866993023508566,MOR096402,3300,Foster Moreau,F.Moreau,TE,https://static.www.nfl.com/image/upload/{formatInstructions}/league/hfcik9okcbwsbhgoaljy,87,40,2,2,0,2,2,0,0.9765842635834019,2.87,10.010000000000005
2024,REG,14,2024120803,59707,12/08/2024,3700,PHI,0750,CAR,home,1,2.9866993023508566,SMI206016,3700,DeVonta Smith,D.Smith,WR,https://static.www.nfl.com/image/upload/{formatInstructions}/league/bmdflwy52nsk7zpnfhwb,6,37,6,4,1,4,6,1,3.713128561822893,7.37,6.8549999999999995
2024,REG,14,2024120803,59707,12/08/2024,3700,PHI,0750,CAR,home,2,2.9866993023508566,BRO413223,3700,A.J. Brown,A.Brown,WR,https://static.www.nfl.com/image/private/{formatInstructions}/league/a014sgzctarbvhwb35lw,11,43,4,4,0,4,4,0,2.691861292856715,9.2375,8.065
2024,REG,14,2024120803,59707,12/08/2024,3700,PHI,0750,CAR,home,3,2.9866993023508566,CAL069215,3700,Grant Calcaterra,G.Calcaterra,TE,https://static.www.nfl.com/image/upload/{formatInstructions}/league/vxl0kathuej280k01d2r,81,16,3,3,1,3,3,1,3.9371815080168666,5.27,4.306666666666668
2024,REG,14,2024120803,59707,12/08/2024,3700,PHI,0750,CAR,home,4,2.9866993023508566,DOT282798,3700,Jahan Dotson,J.Dotson,WR,https://static.www.nfl.com/image/upload/{formatInstructions}/league/myxhp9oqtcv1peactbhv,83,5,2,1,0,1,2,0,5.520485462926874,11.73,5.48
2024,REG,14,2024120803,59707,12/08/2024,3700,PHI,0750,CAR,home,5,2.9866993023508566,WIL733437,3700,Johnny Wilson,J.Wilson,WR,https://static.www.nfl.com/image/upload/{formatInstructions}/league/cj13ngp4tjmi9621trrk,89,0,1,0,0,0,1,0,0.9404786015641183,,9.719999999999999
2024,REG,14,2024120803,59707,12/08/2024,3700,PHI,0750,CAR,visitor,1,2.9866993023508566,THI510348,0750,Adam Thielen,A.Thielen,WR,https://static.www.nfl.com/image/upload/{formatInstructions}/league/pxehgo0l9xl03n7dronf,19,102,11,9,0,9,11,0,2.41888168357362,5.872727272727272,11.767272727272728
2024,REG,14,2024120803,59707,12/08/2024,3700,PHI,0750,CAR,visitor,2,2.9866993023508566,LEG145351,0750,Xavier Legette,X.Legette,WR,https://static.www.nfl.com/image/upload/{formatInstructions}/league/a3etuvp3kqtwmtkioq8g,17,39,8,2,0,2,8,0,2.9626135081968132,5.31625,15.019999999999998
2024,REG,14,2024120803,59707,12/08/2024,3700,PHI,0750,CAR,visitor,3,2.9866993023508566,MOO249444,0750,David Moore,D.Moore,WR,https://static.www.nfl.com/image/upload/{formatInstructions}/league/i2esmsczxxoq7pzvg6yf,83,25,5,2,0,2,5,0,2.585889916695527,6.7780000000000005,11.347999999999995
2024,REG,14,2024120803,59707,12/08/2024,3700,PHI,0750,CAR,visitor,4,2.9866993023508566,TRE718453,0750,Tommy Tremble,T.Tremble,TE,https://static.www.nfl.com/image/upload/{formatInstructions}/league/jn0kmd8lg9hu4fjnnat9,82,3,2,1,1,1,2,1,2.160056020415764,4.56,3.910000000000002
2024,REG,14,2024120803,59707,12/08/2024,3700,PHI,0750,CAR,visitor,5,2.9866993023508566,THO444975,0750,Deven Thompkins,D.Thompkins,WR,https://static.www.nfl.com/image/private/{formatInstructions}/league/gt0yeyl9y8s6onw8wcdr,13,7,1,1,0,1,1,0,1.7447062790051504,6.53,5.640000000000001
2024,REG,14,2024120804,59708,12/08/2024,3900,PIT,1050,CLE,home,1,2.9866993023508566,MIL546315,3900,Scott Miller,S.Miller,WR,https://static.www.nfl.com/image/upload/{formatInstructions}/league/v5fxl6tig8qarofg0lo1,13,38,4,3,0,3,4,0,3.7297603375059825,6.1675,11.07
2024,REG,14,2024120804,59708,12/08/2024,3900,PIT,1050,CLE,home,2,2.9866993023508566,WIL000009,3900,Mike Williams,M.Williams,WR,https://static.www.nfl.com/image/upload/{formatInstructions}/league/vwu8nudrnk3l7samz8mf,18,36,4,3,0,3,4,0,2.091477663244218,4.8325,19.244999999999997
2024,REG,14,2024120804,59708,12/08/2024,3900,PIT,1050,CLE,home,3,2.9866993023508566,AUS738004,3900,Calvin Austin III,C.Austin,WR,https://static.www.nfl.com/image/private/{formatInstructions}/league/qlt6ztqcbu0uzad6aavt,19,4,4,1,0,1,4,0,4.7542856619588045,6.4475,10.86
2024,REG,14,2024120804,59708,12/08/2024,3900,PIT,1050,CLE,home,4,2.9866993023508566,FRE439769,3900,Pat Freiermuth,P.Freiermuth,TE,https://static.www.nfl.com/image/upload/{formatInstructions}/league/sozfjyy3bmntjv8tmqah,88,48,3,3,1,3,3,1,2.6475636947363803,5.6,11.15333333333333
2024,REG,14,2024120804,59708,12/08/2024,3900,PIT,1050,CLE,home,5,2.9866993023508566,PRU720361,3900,MyCole Pruitt,M.Pruitt,TE,https://static.www.nfl.com/image/upload/{formatInstructions}/league/jazo8egu5luwyxxcpjh8,81,-1,1,1,0,1,1,0,6.1769248012259315,,-3.4099999999999966
2024,REG,14,2024120804,59708,12/08/2024,3900,PIT,1050,CLE,visitor,1,2.9866993023508566,NJO355964,1050,David Njoku,D.Njoku,TE,https://static.www.nfl.com/image/private/{formatInstructions}/league/ilvxwdllivrvwbuj69cm,85,42,13,7,1,7,13,1,2.165990557745075,8.23,8.455384615384615
2024,REG,14,2024120804,59708,12/08/2024,3900,PIT,1050,CLE,visitor,2,2.9866993023508566,JEU415291,1050,Jerry Jeudy,J.Jeudy,WR,https://static.www.nfl.com/image/upload/{formatInstructions}/league/szca1v9butuqkjs7ekpm,3,64,6,5,1,5,6,1,3.075887509079113,5.4750000000000005,10.028333333333334
2024,REG,14,2024120804,59708,12/08/2024,3900,PIT,1050,CLE,visitor,3,2.9866993023508566,MOO279723,1050,Elijah Moore,E.Moore,WR,https://static.www.nfl.com/image/private/{formatInstructions}/league/bhwvzckfhhcqhb7zdqyj,8,34,4,3,0,3,4,0,4.254895595281597,4.5625,9.5
2024,REG,14,2024120804,59708,12/08/2024,3900,PIT,1050,CLE,visitor,4,2.9866993023508566,WOO545683,1050,Mike Woods,M.Woods,WR,https://static.www.nfl.com/image/private/{formatInstructions}/league/qlps63mn8jfsvqgf7cub,81,12,3,1,0,1,3,0,4.733062258927788,5.753333333333333,13.600000000000001
2024,REG,14,2024120804,59708,12/08/2024,3900,PIT,1050,CLE,visitor,5,2.9866993023508566,PRO085796,1050,James Proche,J.Proche,WR,https://static.www.nfl.com/image/upload/{formatInstructions}/league/me4h87meacls1jjh0cug,11,18,2,2,0,2,2,0,2.4917676046896053,9.19,9.085
2024,REG,14,2024120805,59709,12/08/2024,4900,TB,2520,LV,home,1,2.9866993023508566,MCM472299,4900,Jalen McMillan,J.McMillan,WR,https://static.www.nfl.com/image/upload/{formatInstructions}/league/zdxkyl8gy4dqiq6evfzp,15,59,7,4,2,4,7,2,3.3185633510356207,7.6257142857142854,8.89857142857143
2024,REG,14,2024120805,59709,12/08/2024,4900,TB,2520,LV,home,2,2.9866993023508566,SHE495754,4900,Sterling Shepard,S.Shepard,WR,https://static.www.nfl.com/image/upload/{formatInstructions}/league/dphqvpkeselgrselrvma,17,63,6,4,0,4,6,0,3.3836301762652643,7.956,9.038333333333332
2024,REG,14,2024120805,59709,12/08/2024,4900,TB,2520,LV,home,3,2.9866993023508566,EVA534309,4900,Mike Evans,M.Evans,WR,https://static.www.nfl.com/image/upload/{formatInstructions}/league/vfsaie1uiokfczwv9p4d,13,69,5,4,0,4,5,0,1.6862652704108154,9.879999999999999,13.358000000000004
2024,REG,14,2024120805,59709,12/08/2024,4900,TB,2520,LV,home,4,2.9866993023508566,OTT712400,4900,Cade Otton,C.Otton,TE,https://static.www.nfl.com/image/upload/{formatInstructions}/league/mljam77kst1wlqd5y91v,88,70,4,3,0,3,4,0,3.966168018041466,9.106666666666667,11.487499999999999
2024,REG,14,2024120805,59709,12/08/2024,4900,TB,2520,LV,visitor,1,2.9866993023508566,MEY171606,2520,Jakobi Meyers,J.Meyers,WR,https://static.www.nfl.com/image/upload/{formatInstructions}/league/p1abjttm5pu8gev0gwea,16,67,10,7,0,7,10,0,2.9294602375823255,7.202,8.109
2024,REG,14,2024120805,59709,12/08/2024,4900,TB,2520,LV,visitor,2,2.9866993023508566,MAY330676,2520,Michael Mayer,M.Mayer,TE,https://static.www.nfl.com/image/upload/{formatInstructions}/league/rmc4igjgu5za2va8rfe1,87,68,9,7,0,7,9,0,4.691063099227272,6.837777777777777,7.068888888888888
2024,REG,14,2024120805,59709,12/08/2024,4900,TB,2520,LV,visitor,3,2.9866993023508566,BOW196560,2520,Brock Bowers,B.Bowers,TE,https://static.www.nfl.com/image/upload/{formatInstructions}/league/mjy86xh8munoiur4hejf,89,49,5,3,0,3,5,0,3.0760817537577307,6.9375,6.796000000000002
2024,REG,14,2024120805,59709,12/08/2024,4900,TB,2520,LV,visitor,4,2.9866993023508566,TUC399910,2520,Tre Tucker,T.Tucker,WR,https://static.www.nfl.com/image/upload/{formatInstructions}/league/soebzcfwhgnjffwqv1ox,11,7,5,2,0,2,5,0,2.5187449761695655,5.5525,15.559999999999999
2024,REG,14,2024120805,59709,12/08/2024,4900,TB,2520,LV,visitor,5,2.9866993023508566,MAR482288,2520,Terrace Marshall Jr.,T.Marshall,WR,https://static.www.nfl.com/image/private/{formatInstructions}/league/wyzlucfowqdntj6nkh7m,80,6,1,1,0,1,1,0,4.016179776852623,9.94,3.969999999999999
2024,REG,14,2024120806,59710,12/08/2024,2100,TEN,2250,JAX,home,1,2.9866993023508566,RID652384,2100,Calvin Ridley,C.Ridley,WR,https://static.www.nfl.com/image/upload/{formatInstructions}/league/tmeij0cfgylmurfybs74,0,59,12,7,0,7,12,0,2.5038714264275637,5.2825,5.618333333333335
2024,REG,14,2024120806,59710,12/08/2024,2100,TEN,2250,JAX,home,2,2.9866993023508566,OKO283611,2100,Chig Okonkwo,C.Okonkwo,TE,https://static.www.nfl.com/image/upload/{formatInstructions}/league/ut2gqeq2lowknrro0wlu,85,8,4,3,0,3,4,0,4.2964222153508445,4.6175,4.759999999999996
2024,REG,14,2024120806,59710,12/08/2024,2100,TEN,2250,JAX,home,3,2.9866993023508566,BOY378353,2100,Tyler Boyd,T.Boyd,WR,https://static.www.nfl.com/image/upload/{formatInstructions}/league/ttifog0hjxprlhkagugu,83,7,4,1,0,1,4,0,0.9160414228993,6.146666666666667,13.37
2024,REG,14,2024120806,59710,12/08/2024,2100,TEN,2250,JAX,home,4,2.9866993023508566,WES567220,2100,Nick Westbrook-Ikhine,N.Westbrook-Ikhine,WR,https://static.www.nfl.com/image/upload/{formatInstructions}/league/rt9ic9wzwl2pevlxt1nd,15,19,2,1,0,1,2,0,1.7288965036987065,3.63,16.27
2024,REG,14,2024120806,59710,12/08/2024,2100,TEN,2250,JAX,home,5,2.9866993023508566,VAN643509,2100,Nick Vannett,N.Vannett,TE,https://static.www.nfl.com/image/upload/{formatInstructions}/league/srrlkx2mydsb8gfco6fp,84,4,2,1,0,1,2,0,2.900062670476777,5.35,3.060000000000003
2024,REG,14,2024120806,59710,12/08/2024,2100,TEN,2250,JAX,visitor,1,2.9866993023508566,THO419793,2250,Brian Thomas Jr.,B.Thomas,WR,https://static.www.nfl.com/image/upload/{formatInstructions}/league/gsz15iz0ppibhslzzgch,7,86,12,8,0,8,12,0,2.996368170539798,5.670909090909091,9.346666666666668
2024,REG,14,2024120806,59710,12/08/2024,2100,TEN,2250,JAX,visitor,2,2.9866993023508566,ENG726325,2250,Evan Engram,E.Engram,TE,https://static.www.nfl.com/image/upload/{formatInstructions}/league/sea0atk2feif4n75dvq8,17,33,6,4,0,4,6,0,4.724461432258939,4.526,2.9133333333333336
2024,REG,14,2024120806,59710,12/08/2024,2100,TEN,2250,JAX,visitor,3,2.9866993023508566,DUV459005,2250,Devin Duvernay,D.Duvernay,WR,https://static.www.nfl.com/image/upload/{formatInstructions}/league/wynmyjmvg7cee4y6i21n,12,8,3,3,0,3,3,0,1.8841961674740586,5.75,2.3933333333333358
2024,REG,14,2024120806,59710,12/08/2024,2100,TEN,2250,JAX,visitor,4,2.9866993023508566,WAS604325,2250,Parker Washington,P.Washington,WR,https://static.www.nfl.com/image/private/{formatInstructions}/league/pukz1x5ysxkhvsmcttdm,11,15,2,2,0,2,2,0,3.3832425774890176,7.715,5.990000000000002
2024,REG,14,2024120806,59710,12/08/2024,2100,TEN,2250,JAX,visitor,5,2.9866993023508566,STR188631,2250,Brenton Strange,B.Strange,TE,https://static.www.nfl.com/image/private/{formatInstructions}/league/trfk78mrfsafnbatyx2x,85,21,1,1,0,1,1,0,6.321471347716455,4.99,13.5
2024,REG,14,2024120807,59711,12/08/2024,3800,ARI,4600,SEA,home,1,2.9866993023508566,MCB743360,3800,Trey McBride,T.McBride,TE,https://static.www.nfl.com/image/upload/{formatInstructions}/league/hfdgljgi9gfaskomdl1h,85,70,14,7,0,7,14,0,2.7904540546822205,4.47,4.517142857142858
2024,REG,14,2024120807,59711,12/08/2024,3800,ARI,4600,SEA,home,2,2.9866993023508566,HAR648677,3800,Marvin Harrison Jr.,M.Harrison,WR,https://static.www.nfl.com/image/upload/{formatInstructions}/league/o6hg5zeofmxvzjjpo2sf,18,49,8,4,0,4,8,0,1.8065304544930036,6.1425,12.39875
2024,REG,14,2024120807,59711,12/08/2024,3800,ARI,4600,SEA,home,3,2.9866993023508566,WIL752419,3800,Michael Wilson,Mi.Wilson,WR,https://static.www.nfl.com/image/upload/{formatInstructions}/league/spsbduvpqe21tgkwhvbc,14,57,3,2,1,2,3,1,3.7074525408709156,4.663333333333333,11.709999999999999
2024,REG,14,2024120807,59711,12/08/2024,3800,ARI,4600,SEA,home,4,2.9866993023508566,JON403726,3800,Zay Jones,Z.Jones,WR,https://static.www.nfl.com/image/upload/{formatInstructions}/league/uxtqpnwdviolravhnrkw,17,13,2,1,0,1,2,0,1.6684516281367667,6.085,15.104999999999997
2024,REG,14,2024120807,59711,12/08/2024,3800,ARI,4600,SEA,home,5,2.9866993023508566,REI577302,3800,Tip Reiman,T.Reiman,TE,https://static.www.nfl.com/image/upload/{formatInstructions}/league/grt6fspk8dlqbuzcrq7m,87,14,1,1,0,1,1,0,10.167718524821584,3.07,-1.6000000000000014
2024,REG,14,2024120807,59711,12/08/2024,3800,ARI,4600,SEA,visitor,1,2.9866993023508566,MET363377,4600,DK Metcalf,D.Metcalf,WR,https://static.www.nfl.com/image/upload/{formatInstructions}/league/ezpzdcvzlu5ga4uv6oas,14,49,6,4,0,4,6,0,2.700832280214731,2.9916666666666667,9.836666666666666
2024,REG,14,2024120807,59711,12/08/2024,3800,ARI,4600,SEA,visitor,2,2.9866993023508566,SMI829636,4600,Jaxon Smith-Njigba,J.Smith-Njigba,WR,https://static.www.nfl.com/image/upload/{formatInstructions}/league/lfroslgx4bo5p641flvg,11,82,5,5,0,5,5,1,5.421354349388623,6.97,11.89
2024,REG,14,2024120807,59711,12/08/2024,3800,ARI,4600,SEA,visitor,3,2.9866993023508566,FAN405165,4600,Noah Fant,N.Fant,TE,https://static.www.nfl.com/image/private/{formatInstructions}/league/w1gqasldrg3jumzdqjvy,87,18,4,3,0,3,4,0,3.0104783492366547,5.476666666666667,8.622500000000002
2024,REG,14,2024120807,59711,12/08/2024,3800,ARI,4600,SEA,visitor,4,2.9866993023508566,BRO579945,4600,Pharaoh Brown,P.Brown,TE,https://static.www.nfl.com/image/upload/{formatInstructions}/league/ab0kbxsmasznlccuezcq,86,6,2,1,0,1,2,0,4.246300721362038,3.67,3.6299999999999955
2024,REG,14,2024120807,59711,12/08/2024,3800,ARI,4600,SEA,visitor,5,2.9866993023508566,LOC420915,4600,Tyler Lockett,T.Lockett,WR,https://static.www.nfl.com/image/upload/{formatInstructions}/league/yz9p4pfwr0iyakhnwj4z,16,0,1,0,0,0,1,0,0.7647875521999553,2.29,20.88
2024,REG,14,2024120808,59712,12/08/2024,2510,LA,0610,BUF,home,1,2.9866993023508566,NAC559347,2510,Puka Nacua,P.Nacua,WR,https://static.www.nfl.com/image/upload/{formatInstructions}/league/i1pmrhua5gpvwgsqphxa,17,162,14,12,1,12,14,1,3.2126062875165715,5.3961538461538465,6.878571428571429
2024,REG,14,2024120808,59712,12/08/2024,2510,LA,0610,BUF,home,2,2.9866993023508566,KUP534597,2510,Cooper Kupp,C.Kupp,WR,https://static.www.nfl.com/image/upload/{formatInstructions}/league/sq7zwzcgrajuk0hwwph2,10,92,8,5,1,5,8,1,3.095906267932194,7.627142857142856,13.193749999999998
2024,REG,14,2024120808,59712,12/08/2024,2510,LA,0610,BUF,home,3,2.9866993023508566,ATW460468,2510,Tutu Atwell,T.Atwell,WR,https://static.www.nfl.com/image/upload/{formatInstructions}/league/hpvbp9pn7ifbh62nde0n,5,45,3,3,0,3,3,0,4.749413051589847,7.263333333333333,12.196666666666665
2024,REG,14,2024120808,59712,12/08/2024,2510,LA,0610,BUF,home,4,2.9866993023508566,LON317078,2510,Hunter Long,H.Long,TE,https://static.www.nfl.com/image/upload/{formatInstructions}/league/zfovepcmlr4bkmm96wgp,84,0,1,0,0,0,1,0,1.0163660757817492,,2.769999999999996
2024,REG,14,2024120808,59712,12/08/2024,2510,LA,0610,BUF,home,5,2.9866993023508566,ROB399065,2510,Demarcus Robinson,D.Robinson,WR,https://static.www.nfl.com/image/upload/{formatInstructions}/league/lakf0xue1qqb7ed4p6ge,15,0,1,0,0,0,1,0,0.7495331880577304,2.14,25.959999999999994
2024,REG,14,2024120808,59712,12/08/2024,2510,LA,0610,BUF,visitor,1,2.9866993023508566,COO487703,0610,Amari Cooper,A.Cooper,WR,https://static.www.nfl.com/image/upload/{formatInstructions}/league/zmtzqznqui37unmo5xv9,18,95,14,6,0,6,14,0,2.8364920758877723,6.496428571428572,15.754999999999997
2024,REG,14,2024120808,59712,12/08/2024,2510,LA,0610,BUF,visitor,2,2.9866993023508566,SHA107427,0610,Khalil Shakir,K.Shakir,WR,https://static.www.nfl.com/image/upload/{formatInstructions}/league/ch2yarhiobqlvr9ls2yw,10,106,8,5,1,5,8,1,3.949950277610499,6.72,12.367499999999998
2024,REG,14,2024120808,59712,12/08/2024,2510,LA,0610,BUF,visitor,3,2.9866993023508566,HOL280459,0610,Mack Hollins,M.Hollins,WR,https://static.www.nfl.com/image/upload/{formatInstructions}/league/xchw7quzjszgrm6psbyg,13,57,6,4,1,4,6,1,3.2431226710464753,5.66,17.73
2024,REG,14,2024120808,59712,12/08/2024,2510,LA,0610,BUF,visitor,4,2.9866993023508566,SAM633285,0610,Curtis Samuel,C.Samuel,WR,https://static.www.nfl.com/image/upload/{formatInstructions}/league/mq62ulflifrpjrcyknbj,1,15,3,2,0,2,3,0,5.102120568279036,8.229999999999999,1.1799999999999997
2024,REG,14,2024120808,59712,12/08/2024,2510,LA,0610,BUF,visitor,5,2.9866993023508566,KNO490795,0610,Dawson Knox,D.Knox,TE,https://static.www.nfl.com/image/upload/{formatInstructions}/league/uazfj5l5vzow2oyfa1s6,88,5,1,1,0,1,1,0,4.405451168722675,2.88,-2.3900000000000006
2024,REG,14,2024120809,59713,12/08/2024,4500,SF,0810,CHI,home,1,2.9866993023508566,JEN497457,4500,Jauan Jennings,J.Jennings,WR,https://static.www.nfl.com/image/upload/{formatInstructions}/league/fqyzagb57zrtegmw69eb,15,90,8,7,2,7,8,2,2.453664922551023,6.0625,10.595
2024,REG,14,2024120809,59713,12/08/2024,4500,SF,0810,CHI,home,2,2.9866993023508566,KIT388290,4500,George Kittle,G.Kittle,TE,https://static.www.nfl.com/image/upload/{formatInstructions}/league/ivkrikewqqdllzvano8h,85,151,6,6,0,6,6,0,5.131063170006851,5.066666666666667,7.61
2024,REG,14,2024120809,59713,12/08/2024,4500,SF,0810,CHI,home,3,2.9866993023508566,SAM636097,4500,Deebo Samuel Sr.,D.Samuel,WR,https://static.www.nfl.com/image/upload/{formatInstructions}/league/shqoqpjwwoiexzy6cmgb,1,22,3,2,0,2,3,0,2.891369873634028,5.883333333333334,6.666666666666667
2024,REG,14,2024120809,59713,12/08/2024,4500,SF,0810,CHI,home,4,2.9866993023508566,PEA307677,4500,Ricky Pearsall,R.Pearsall,WR,https://static.www.nfl.com/image/upload/{formatInstructions}/league/akwepvt6qxwbgankljmv,14,5,2,1,0,1,2,0,2.456246941272302,8.055,17.744999999999997
2024,REG,14,2024120809,59713,12/08/2024,4500,SF,0810,CHI,home,5,2.9866993023508566,COW532087,4500,Jacob Cowing,J.Cowing,WR,https://static.www.nfl.com/image/upload/{formatInstructions}/league/q8luttpmauwatynr9iti,19,0,1,0,0,0,1,0,1.344061010519984,6.56,22.97
2024,REG,14,2024120809,59713,12/08/2024,4500,SF,0810,CHI,visitor,1,2.9866993023508566,MOO272423,0810,DJ Moore,D.Moore,WR,https://static.www.nfl.com/image/upload/{formatInstructions}/league/hqb9xnzm9brx79zl6wve,2,49,8,6,0,6,8,0,4.130601808965557,6.731428571428571,4.12125
2024,REG,14,2024120809,59713,12/08/2024,4500,SF,0810,CHI,visitor,2,2.9866993023508566,ODU426541,0810,Rome Odunze,R.Odunze,WR,https://static.www.nfl.com/image/upload/{formatInstructions}/league/labs8tstecnehvzfmrs5,15,42,5,4,2,4,5,2,2.2352147340619717,7.409999999999999,14.528
2024,REG,14,2024120809,59713,12/08/2024,4500,SF,0810,CHI,visitor,3,2.9866993023508566,ALL532966,0810,Keenan Allen,K.Allen,WR,https://static.www.nfl.com/image/upload/{formatInstructions}/league/lngo1onvkcqjnq7ozkuu,13,30,5,3,0,3,5,0,3.9610501594834133,6.688,7.241999999999997
2024,REG,14,2024120809,59713,12/08/2024,4500,SF,0810,CHI,visitor,4,2.9866993023508566,JOH137817,0810,Collin Johnson,C.Johnson,WR,https://static.www.nfl.com/image/upload/{formatInstructions}/league/ijr7bal4mbsaum2lp9dq,80,6,1,1,0,1,1,0,2.9545388811115605,6.9,3.510000000000005
2024,REG,14,2024120810,59714,12/08/2024,2310,KC,4400,LAC,home,1,2.9866993023508566,HOP161500,2310,DeAndre Hopkins,D.Hopkins,WR,https://static.www.nfl.com/image/upload/{formatInstructions}/league/viymeohipdn0voptrkzh,8,32,9,4,1,4,9,1,3.05152462729881,6.0311111111111115,15.145555555555555
2024,REG,14,2024120810,59714,12/08/2024,2310,KC,4400,LAC,home,2,2.9866993023508566,WOR741496,2310,Xavier Worthy,X.Worthy,WR,https://static.www.nfl.com/image/upload/{formatInstructions}/league/fvzbx5gpiqkogglyoo1w,1,41,6,5,0,5,6,0,4.8037670114358315,7.412000000000001,4.188333333333334
2024,REG,14,2024120810,59714,12/08/2024,2310,KC,4400,LAC,home,3,2.9866993023508566,KEL012458,2310,Travis Kelce,T.Kelce,TE,https://static.www.nfl.com/image/upload/{formatInstructions}/league/ilk4qbxxs6mt3v9zfvtg,87,45,6,5,0,5,6,0,3.832106647186491,7.462000000000001,7.680000000000002
2024,REG,14,2024120810,59714,12/08/2024,2310,KC,4400,LAC,home,4,2.9866993023508566,GRA757316,2310,Noah Gray,N.Gray,TE,https://static.www.nfl.com/image/upload/{formatInstructions}/league/erihh0eiq4m76k2ejvax,83,26,5,4,0,4,5,0,4.038401585713012,7.466666666666666,2.1780000000000017
2024,REG,14,2024120810,59714,12/08/2024,2310,KC,4400,LAC,home,5,2.9866993023508566,SMI829709,2310,JuJu Smith-Schuster,J.Smith-Schuster,WR,https://static.www.nfl.com/image/upload/{formatInstructions}/league/l0hsr6xsbsagzygcqhci,9,31,2,2,0,2,2,0,7.629298704670219,7.3100000000000005,8.959999999999997
2024,REG,14,2024120810,59714,12/08/2024,2310,KC,4400,LAC,visitor,1,2.9866993023508566,PAL451625,4400,Josh Palmer,J.Palmer,WR,https://static.www.nfl.com/image/upload/{formatInstructions}/league/dexbsmmldvsqtr83or5l,5,78,9,6,0,6,9,0,3.4147350934965868,8.59375,14.844444444444443
2024,REG,14,2024120810,59714,12/08/2024,2310,KC,4400,LAC,visitor,2,2.9866993023508566,JOH823261,4400,Quentin Johnston,Q.Johnston,WR,https://static.www.nfl.com/image/upload/{formatInstructions}/league/jbxlvsbokf9qdqtet1qr,1,48,7,5,1,5,7,1,3.4170428196387155,4.680000000000001,10.865714285714287
2024,REG,14,2024120810,59714,12/08/2024,2310,KC,4400,LAC,visitor,3,2.9866993023508566,DAV263132,4400,Derius Davis,D.Davis,WR,https://static.www.nfl.com/image/upload/{formatInstructions}/league/ctk98ws4ps6p4gaei6uu,12,1,4,2,0,2,4,0,3.3976603680325317,6.825,8.82
2024,REG,14,2024120810,59714,12/08/2024,2310,KC,4400,LAC,visitor,4,2.9866993023508566,SMA808525,4400,Stone Smartt,S.Smartt,TE,https://static.www.nfl.com/image/upload/{formatInstructions}/league/tazdjztvhpulguzuh78l,84,54,3,3,0,3,3,0,3.5208290367070916,7.486666666666667,13.546666666666667
2024,REG,14,2024120810,59714,12/08/2024,2310,KC,4400,LAC,visitor,5,2.9866993023508566,DIS743152,4400,Will Dissly,W.Dissly,TE,https://static.www.nfl.com/image/upload/{formatInstructions}/league/opdpeoconvviwkufolxr,81,19,2,2,0,2,2,0,5.111195045315083,8.969999999999999,1.3150000000000013
2024,REG,14,2024120900,59715,12/09/2024,1200,DAL,0920,CIN,home,1,2.9866993023508566,LAM138457,1200,CeeDee Lamb,C.Lamb,WR,https://static.www.nfl.com/image/upload/{formatInstructions}/league/tfuj9njqdw2dovkwhryc,88,93,7,6,1,6,7,1,2.117151604447286,4.003333333333333,7.415714285714286
2024,REG,14,2024120900,59715,12/09/2024,1200,DAL,0920,CIN,home,2,2.9866993023508566,FER146119,1200,Jake Ferguson,J.Ferguson,TE,https://static.www.nfl.com/image/upload/{formatInstructions}/league/lbvrn1ibwszd6tzgh6o1,87,32,6,3,0,3,6,0,2.4794042583150424,8.405,4.926666666666667
2024,REG,14,2024120900,59715,12/09/2024,1200,DAL,0920,CIN,home,3,2.9866993023508566,TUR785436,1200,KaVontae Turpin,K.Turpin,WR,https://static.www.nfl.com/image/upload/{formatInstructions}/league/lwkox2bvc6k3hqmidf4q,9,16,4,1,0,1,4,0,1.8097165063866552,4.183333333333333,14.5775
2024,REG,14,2024120900,59715,12/09/2024,1200,DAL,0920,CIN,home,4,2.9866993023508566,TOL148914,1200,Jalen Tolbert,J.Tolbert,WR,https://static.www.nfl.com/image/upload/{formatInstructions}/league/cek1m1cbly5rfmmmjpcc,1,0,3,0,0,0,3,0,2.009103763729859,1.905,9.086666666666668
2024,REG,14,2024120900,59715,12/09/2024,1200,DAL,0920,CIN,home,5,2.9866993023508566,COO299382,1200,Brandin Cooks,B.Cooks,WR,https://static.www.nfl.com/image/upload/{formatInstructions}/league/pjoksfxpbba4hevwpuop,3,3,3,1,1,1,3,1,1.3360901817974398,2.7133333333333334,9.406666666666666
2024,REG,14,2024120900,59715,12/09/2024,1200,DAL,0920,CIN,visitor,1,2.9866993023508566,CHA694469,0920,Ja'Marr Chase,J.Chase,WR,https://static.www.nfl.com/image/upload/{formatInstructions}/league/qkcb3qt2fhasfgtfuprd,1,177,18,14,2,14,18,2,2.9381762952481405,5.311176470588236,8.737222222222222
2024,REG,14,2024120900,59715,12/09/2024,1200,DAL,0920,CIN,visitor,2,2.9866993023508566,IOS307886,0920,Andrei Iosivas,A.Iosivas,WR,https://static.www.nfl.com/image/upload/{formatInstructions}/league/pgbqgzrxmbnmpcnkhsya,80,41,5,4,0,4,5,0,3.6345572153821997,6.7475000000000005,6.292000000000002
2024,REG,14,2024120900,59715,12/09/2024,1200,DAL,0920,CIN,visitor,3,2.9866993023508566,HIG387791,0920,Tee Higgins,T.Higgins,WR,https://static.www.nfl.com/image/upload/{formatInstructions}/league/swqgkrdmjecz3vumrex5,5,23,5,2,0,2,5,0,1.3468220140594434,8.374,9.302
2024,REG,14,2024120900,59715,12/09/2024,1200,DAL,0920,CIN,visitor,4,2.9866993023508566,GES490798,0920,Mike Gesicki,M.Gesicki,TE,https://static.www.nfl.com/image/upload/{formatInstructions}/league/zabpknonv9ozmkyw4qqt,88,24,3,3,0,3,3,0,3.6811906896396,4.66,3.0666666666666687
2024,REG,14,2024120900,59715,12/09/2024,1200,DAL,0920,CIN,visitor,5,2.9866993023508566,SAM093961,0920,Drew Sample,D.Sample,TE,https://static.www.nfl.com/image/upload/{formatInstructions}/league/xufsbdqfujdqnrnozhg4,89,13,2,2,0,2,2,0,3.5258956858954207,,3.980000000000004
2024,REG,15,2024121200,59716,12/12/2024,4500,SF,2510,LA,home,1,2.9866993023508566,JEN497457,4500,Jauan Jennings,J.Jennings,WR,https://static.www.nfl.com/image/upload/{formatInstructions}/league/fqyzagb57zrtegmw69eb,15,31,9,2,0,2,9,0,2.2555029601074623,3.897777777777778,13.085555555555558
2024,REG,15,2024121200,59716,12/12/2024,4500,SF,2510,LA,home,2,2.9866993023508566,SAM636097,4500,Deebo Samuel Sr.,D.Samuel,WR,https://static.www.nfl.com/image/upload/{formatInstructions}/league/shqoqpjwwoiexzy6cmgb,1,16,7,3,0,3,7,0,2.367935208148527,3.408333333333333,6.494285714285715
2024,REG,15,2024121200,59716,12/12/2024,4500,SF,2510,LA,home,3,2.9866993023508566,KIT388290,4500,George Kittle,G.Kittle,TE,https://static.www.nfl.com/image/upload/{formatInstructions}/league/ivkrikewqqdllzvano8h,85,61,7,4,0,4,7,0,1.8001695769793893,5.235714285714287,15.984285714285717
2024,REG,15,2024121200,59716,12/12/2024,4500,SF,2510,LA,home,4,2.9866993023508566,PEA307677,4500,Ricky Pearsall,R.Pearsall,WR,https://static.www.nfl.com/image/upload/{formatInstructions}/league/akwepvt6qxwbgankljmv,14,16,4,1,0,1,4,0,1.6787620455462455,5.11,18.095
2024,REG,15,2024121200,59716,12/12/2024,4500,SF,2510,LA,visitor,1,2.9866993023508566,NAC559347,2510,Puka Nacua,P.Nacua,WR,https://static.www.nfl.com/image/upload/{formatInstructions}/league/i1pmrhua5gpvwgsqphxa,17,97,8,7,0,7,8,0,2.9992856039119364,7.2325,9.17875
2024,REG,15,2024121200,59716,12/12/2024,4500,SF,2510,LA,visitor,2,2.9866993023508566,PAR483746,2510,Colby Parkinson,C.Parkinson,TE,https://static.www.nfl.com/image/upload/{formatInstructions}/league/crjyx8tutyzn8bomqbdc,86,21,5,2,0,2,5,0,3.382339513173464,4.35,7.750000000000002
2024,REG,15,2024121200,59716,12/12/2024,4500,SF,2510,LA,visitor,3,2.9866993023508566,KUP534597,2510,Cooper Kupp,C.Kupp,WR,https://static.www.nfl.com/image/upload/{formatInstructions}/league/sq7zwzcgrajuk0hwwph2,10,0,3,0,0,0,3,0,0.79195158868486,6.623333333333334,10.280000000000001
2024,REG,15,2024121200,59716,12/12/2024,4500,SF,2510,LA,visitor,4,2.9866993023508566,LON317078,2510,Hunter Long,H.Long,TE,https://static.www.nfl.com/image/upload/{formatInstructions}/league/zfovepcmlr4bkmm96wgp,84,17,2,2,0,2,2,0,5.258783998230966,4.715,2.850000000000005
2024,REG,15,2024121200,59716,12/12/2024,4500,SF,2510,LA,visitor,5,2.9866993023508566,ATW460468,2510,Tutu Atwell,T.Atwell,WR,https://static.www.nfl.com/image/upload/{formatInstructions}/league/hpvbp9pn7ifbh62nde0n,5,6,2,1,0,1,2,0,1.8933119542108978,8.075,8.915
2024,REG,15,2024121500,59717,12/15/2024,0750,CAR,1200,DAL,home,1,2.9866993023508566,THI510348,0750,Adam Thielen,A.Thielen,WR,https://static.www.nfl.com/image/upload/{formatInstructions}/league/pxehgo0l9xl03n7dronf,19,51,7,5,0,5,7,0,2.382769415940739,8.01,8.771428571428574
2024,REG,15,2024121500,59717,12/15/2024,0750,CAR,1200,DAL,home,2,2.9866993023508566,COK451291,0750,Jalen Coker,J.Coker,WR,https://static.www.nfl.com/image/upload/{formatInstructions}/league/wk9xewrixauh09f71pqh,18,110,6,4,1,4,6,1,3.0768828891551148,6.948333333333333,11.709999999999999
2024,REG,15,2024121500,59717,12/15/2024,0750,CAR,1200,DAL,home,3,2.9866993023508566,MOO249444,0750,David Moore,D.Moore,WR,https://static.www.nfl.com/image/upload/{formatInstructions}/league/i2esmsczxxoq7pzvg6yf,83,19,4,2,0,2,4,0,2.154862836891946,4.915,8.407499999999999
2024,REG,15,2024121500,59717,12/15/2024,0750,CAR,1200,DAL,home,4,2.9866993023508566,LEG145351,0750,Xavier Legette,X.Legette,WR,https://static.www.nfl.com/image/upload/{formatInstructions}/league/a3etuvp3kqtwmtkioq8g,17,7,3,2,0,2,3,0,2.2035263964541163,8.785,13.709999999999999
2024,REG,15,2024121500,59717,12/15/2024,0750,CAR,1200,DAL,home,5,2.9866993023508566,TRE718453,0750,Tommy Tremble,T.Tremble,TE,https://static.www.nfl.com/image/upload/{formatInstructions}/league/jn0kmd8lg9hu4fjnnat9,82,15,2,2,0,2,2,0,4.299669152335444,8.120000000000001,4.524999999999999
2024,REG,15,2024121500,59717,12/15/2024,0750,CAR,1200,DAL,visitor,1,2.9866993023508566,LAM138457,1200,CeeDee Lamb,C.Lamb,WR,https://static.www.nfl.com/image/upload/{formatInstructions}/league/tfuj9njqdw2dovkwhryc,88,116,13,9,1,9,13,1,3.555004386108234,7.618461538461539,6.273846153846152
2024,REG,15,2024121500,59717,12/15/2024,0750,CAR,1200,DAL,visitor,2,2.9866993023508566,COO299382,1200,Brandin Cooks,B.Cooks,WR,https://static.www.nfl.com/image/upload/{formatInstructions}/league/pjoksfxpbba4hevwpuop,3,34,5,3,0,3,5,0,2.8124494253745853,9.402000000000001,11.294
2024,REG,15,2024121500,59717,12/15/2024,0750,CAR,1200,DAL,visitor,3,2.9866993023508566,FER146119,1200,Jake Ferguson,J.Ferguson,TE,https://static.www.nfl.com/image/upload/{formatInstructions}/league/lbvrn1ibwszd6tzgh6o1,87,23,4,2,0,2,4,0,3.7437854817387413,4.585,5.28
2024,REG,15,2024121500,59717,12/15/2024,0750,CAR,1200,DAL,visitor,4,2.9866993023508566,TOL148914,1200,Jalen Tolbert,J.Tolbert,WR,https://static.www.nfl.com/image/upload/{formatInstructions}/league/cek1m1cbly5rfmmmjpcc,1,11,2,1,1,1,2,1,1.3192350755048552,4.035,15.369999999999997
2024,REG,15,2024121500,59717,12/15/2024,0750,CAR,1200,DAL,visitor,5,2.9866993023508566,BRO124672,1200,Jalen Brooks,J.Brooks,WR,https://static.www.nfl.com/image/upload/{formatInstructions}/league/jdwbrmypfsotpdw86w6u,83,17,1,1,1,1,1,1,0.7011419257183247,7.72,25.53
2024,REG,15,2024121501,59718,12/15/2024,1050,CLE,2310,KC,home,1,2.9866993023508566,JEU415291,1050,Jerry Jeudy,J.Jeudy,WR,https://static.www.nfl.com/image/upload/{formatInstructions}/league/szca1v9butuqkjs7ekpm,3,108,14,11,0,11,14,0,3.7204484763993055,5.630000000000001,7.828571428571429
2024,REG,15,2024121501,59718,12/15/2024,1050,CLE,2310,KC,home,2,2.9866993023508566,MOO279723,1050,Elijah Moore,E.Moore,WR,https://static.www.nfl.com/image/private/{formatInstructions}/league/bhwvzckfhhcqhb7zdqyj,8,-1,6,2,0,2,6,0,1.2450422473494636,4.898333333333333,14.076666666666668
2024,REG,15,2024121501,59718,12/15/2024,1050,CLE,2310,KC,home,3,2.9866993023508566,AKI501776,1050,Jordan Akins,J.Akins,TE,https://static.www.nfl.com/image/private/{formatInstructions}/league/fgkl9zfpy2yxrkxfge84,88,30,4,3,0,3,4,0,7.198754627817433,3.7933333333333334,2.325000000000002
2024,REG,15,2024121501,59718,12/15/2024,1050,CLE,2310,KC,home,4,2.9866993023508566,WOO545683,1050,Mike Woods,M.Woods,WR,https://static.www.nfl.com/image/private/{formatInstructions}/league/qlps63mn8jfsvqgf7cub,81,7,3,2,0,2,3,0,3.6318916534409786,6.510000000000001,12.020000000000003
2024,REG,15,2024121501,59718,12/15/2024,1050,CLE,2310,KC,home,5,2.9866993023508566,WHI639076,1050,Blake Whiteheart,B.Whiteheart,TE,https://static.www.nfl.com/image/upload/{formatInstructions}/league/kwsgfizrabfarbea4dbd,86,0,1,0,0,0,1,0,2.40276923569451,6.24,15.939999999999998
2024,REG,15,2024121501,59718,12/15/2024,1050,CLE,2310,KC,visitor,1,2.9866993023508566,WOR741496,2310,Xavier Worthy,X.Worthy,WR,https://static.www.nfl.com/image/upload/{formatInstructions}/league/fvzbx5gpiqkogglyoo1w,1,46,11,6,0,6,11,0,2.4332763471459518,5.946363636363636,8.894545454545453
2024,REG,15,2024121501,59718,12/15/2024,1050,CLE,2310,KC,visitor,2,2.9866993023508566,KEL012458,2310,Travis Kelce,T.Kelce,TE,https://static.www.nfl.com/image/upload/{formatInstructions}/league/ilk4qbxxs6mt3v9zfvtg,87,27,8,4,0,4,8,0,2.730230859226351,4.478,10.487499999999999
2024,REG,15,2024121501,59718,12/15/2024,1050,CLE,2310,KC,visitor,3,2.9866993023508566,HOP161500,2310,DeAndre Hopkins,D.Hopkins,WR,https://static.www.nfl.com/image/upload/{formatInstructions}/league/viymeohipdn0voptrkzh,8,36,6,5,0,5,6,0,0.8971739376186102,7.035,10.979999999999997
2024,REG,15,2024121501,59718,12/15/2024,1050,CLE,2310,KC,visitor,4,2.9866993023508566,GRA757316,2310,Noah Gray,N.Gray,TE,https://static.www.nfl.com/image/upload/{formatInstructions}/league/erihh0eiq4m76k2ejvax,83,21,5,2,1,2,5,1,2.2217782326203195,4.708,7.5
2024,REG,15,2024121501,59718,12/15/2024,1050,CLE,2310,KC,visitor,5,2.9866993023508566,SMI829709,2310,JuJu Smith-Schuster,J.Smith-Schuster,WR,https://static.www.nfl.com/image/upload/{formatInstructions}/league/l0hsr6xsbsagzygcqhci,9,7,3,1,1,1,3,1,2.4167600766506725,4.756666666666667,5.496666666666667
2024,REG,15,2024121502,59719,12/15/2024,2120,HOU,2700,MIA,home,1,2.9866993023508566,COL654119,2120,Nico Collins,N.Collins,WR,https://static.www.nfl.com/image/upload/{formatInstructions}/league/q7c9aq8rpremfygslmya,12,17,6,4,2,4,6,2,2.2366867692608303,5.726666666666667,9.726666666666667
2024,REG,15,2024121502,59719,12/15/2024,2120,HOU,2700,MIA,home,2,2.9866993023508566,SCH647271,2120,Dalton Schultz,D.Schultz,TE,https://static.www.nfl.com/image/upload/{formatInstructions}/league/ooatvpu1knzypdmjljo9,86,13,4,2,0,2,4,0,3.561465099688559,4.916666666666667,8.450000000000003
2024,REG,15,2024121502,59719,12/15/2024,2120,HOU,2700,MIA,home,3,2.9866993023508566,MET373452,2120,John Metchie III,J.Metchie,WR,https://static.www.nfl.com/image/upload/{formatInstructions}/league/zf0d6hiyqnmtst0vwdpv,8,17,4,2,0,2,4,0,2.7732493041177464,4.51,10.190000000000001
2024,REG,15,2024121502,59719,12/15/2024,2120,HOU,2700,MIA,home,4,2.9866993023508566,WOO561144,2120,Robert Woods,R.Woods,WR,https://static.www.nfl.com/image/upload/{formatInstructions}/league/ydjg5fylwkf5aaxiul6v,2,12,2,2,0,2,2,0,3.7549272491599313,5.615,5.219999999999999
2024,REG,15,2024121502,59719,12/15/2024,2120,HOU,2700,MIA,home,5,2.9866993023508566,DEL440817,2120,Tank Dell,T.Dell,WR,https://static.www.nfl.com/image/upload/{formatInstructions}/league/tqxgovzlhxj0jnwkcvtq,3,26,2,2,0,2,2,0,1.6497751221102663,8.845,11.334999999999999
2024,REG,15,2024121502,59719,12/15/2024,2120,HOU,2700,MIA,visitor,1,2.9866993023508566,SMI443054,2700,Jonnu Smith,J.Smith,TE,https://static.www.nfl.com/image/upload/{formatInstructions}/league/p8uldtljkzb6sile3wgx,9,48,11,9,1,9,11,1,3.8103037306459075,7.0042857142857144,3.727272727272728
2024,REG,15,2024121502,59719,12/15/2024,2120,HOU,2700,MIA,visitor,2,2.9866993023508566,HIL628694,2700,Tyreek Hill,T.Hill,WR,https://static.www.nfl.com/image/upload/{formatInstructions}/league/gdwjlpbkenmnsibawkht,10,36,7,2,0,2,7,0,1.7705698913123142,5.167142857142857,15.17
2024,REG,15,2024121502,59719,12/15/2024,2120,HOU,2700,MIA,visitor,3,2.9866993023508566,WAS519225,2700,Malik Washington,M.Washington,WR,https://static.www.nfl.com/image/upload/{formatInstructions}/league/mlnnipvmbl92w7mmr1pa,83,52,6,5,0,5,6,0,3.559431153971607,6.195,2.263333333333333
2024,REG,15,2024121502,59719,12/15/2024,2120,HOU,2700,MIA,visitor,4,2.9866993023508566,WAD088683,2700,Jaylen Waddle,J.Waddle,WR,https://static.www.nfl.com/image/private/{formatInstructions}/league/qjsz2h6shbdnksctzeka,17,0,2,0,0,0,2,0,1.4394247401080287,2.035,11.915
2024,REG,15,2024121502,59719,12/15/2024,2120,HOU,2700,MIA,visitor,5,2.9866993023508566,SMY283236,2700,Durham Smythe,D.Smythe,TE,https://static.www.nfl.com/image/upload/{formatInstructions}/league/twxkgrnpjotgyhwawfsv,81,8,1,1,0,1,1,0,3.965816435489673,,6.319999999999993
2024,REG,15,2024121503,59720,12/15/2024,2250,JAX,3430,NYJ,home,1,2.9866993023508566,THO419793,2250,Brian Thomas Jr.,B.Thomas,WR,https://static.www.nfl.com/image/upload/{formatInstructions}/league/gsz15iz0ppibhslzzgch,7,105,14,10,2,10,14,2,4.417298972024485,5.935384615384615,6.385714285714284
2024,REG,15,2024121503,59720,12/15/2024,2250,JAX,3430,NYJ,home,2,2.9866993023508566,STR188631,2250,Brenton Strange,B.Strange,TE,https://static.www.nfl.com/image/private/{formatInstructions}/league/trfk78mrfsafnbatyx2x,85,73,12,11,0,11,12,0,2.478449318009954,6.802222222222222,4.179166666666667
2024,REG,15,2024121503,59720,12/15/2024,2250,JAX,3430,NYJ,home,3,2.9866993023508566,WAS604325,2250,Parker Washington,P.Washington,WR,https://static.www.nfl.com/image/private/{formatInstructions}/league/pukz1x5ysxkhvsmcttdm,11,54,6,3,0,3,6,0,2.5057661460394667,5.651666666666666,14.508333333333331
2024,REG,15,2024121503,59720,12/15/2024,2250,JAX,3430,NYJ,home,4,2.9866993023508566,DUV459005,2250,Devin Duvernay,D.Duvernay,WR,https://static.www.nfl.com/image/upload/{formatInstructions}/league/wynmyjmvg7cee4y6i21n,12,42,4,3,0,3,4,0,5.142828609970639,9.8975,10.767500000000002
2024,REG,15,2024121503,59720,12/15/2024,2250,JAX,3430,NYJ,home,5,2.9866993023508566,REY398905,2250,Josh Reynolds,J.Reynolds,WR,https://static.www.nfl.com/image/upload/{formatInstructions}/league/ifukozhqlo1728h3gjnp,87,0,1,0,0,0,1,0,1.8049930747789666,2.0,11.049999999999997
2024,REG,15,2024121503,59720,12/15/2024,2250,JAX,3430,NYJ,visitor,1,2.9866993023508566,ADA218591,3430,Davante Adams,D.Adams,WR,https://static.www.nfl.com/image/upload/{formatInstructions}/league/jweoujpjv9u2a8k7wnos,17,198,12,9,2,9,12,2,3.767119221631745,4.284545454545454,11.590833333333334
2024,REG,15,2024121503,59720,12/15/2024,2250,JAX,3430,NYJ,visitor,2,2.9866993023508566,WIL691962,3430,Garrett Wilson,G.Wilson,WR,https://static.www.nfl.com/image/private/{formatInstructions}/league/llgosx4tokddwnyrgvbx,5,56,6,3,1,3,6,1,2.112377216785289,4.885,16.14833333333333
2024,REG,15,2024121503,59720,12/15/2024,2250,JAX,3430,NYJ,visitor,3,2.9866993023508566,LAZ043714,3430,Allen Lazard,A.Lazard,WR,https://static.www.nfl.com/image/private/{formatInstructions}/league/blrzk3bfnpneuyhsqiqg,10,0,4,0,0,0,4,0,2.0092305110233917,5.3875,16.729999999999997
2024,REG,15,2024121503,59720,12/15/2024,2250,JAX,3430,NYJ,visitor,4,2.9866993023508566,RUC675714,3430,Jeremy Ruckert,J.Ruckert,TE,https://static.www.nfl.com/image/private/{formatInstructions}/league/w6bf97vbqitoyo5o7xaa,89,12,3,1,0,1,3,0,3.89819382689331,8.09,7.926666666666666
2024,REG,15,2024121504,59721,12/15/2024,3300,NO,5110,WAS,home,1,2.9866993023508566,VAL142116,3300,Marquez Valdes-Scantling,M.Valdes-Scantling,WR,https://static.www.nfl.com/image/upload/{formatInstructions}/league/vn2bg6lhyl15xrymtd5g,10,64,7,2,0,2,7,0,2.9916655697267958,8.642857142857144,16.41857142857143
2024,REG,15,2024121504,59721,12/15/2024,3300,NO,5110,WAS,home,2,2.9866993023508566,PET735981,3300,Dante Pettis,D.Pettis,WR,https://static.www.nfl.com/image/upload/{formatInstructions}/league/niuogxqq09kajrcfewoi,17,24,5,2,0,2,5,0,4.094691093847342,6.644,10.719999999999999
2024,REG,15,2024121504,59721,12/15/2024,3300,NO,5110,WAS,home,3,2.9866993023508566,MOR096402,3300,Foster Moreau,F.Moreau,TE,https://static.www.nfl.com/image/upload/{formatInstructions}/league/hfcik9okcbwsbhgoaljy,87,39,4,4,1,4,4,1,2.7736888560730564,4.52,2.514999999999997
2024,REG,15,2024121504,59721,12/15/2024,3300,NO,5110,WAS,home,4,2.9866993023508566,JOH398789,3300,Juwan Johnson,J.Johnson,TE,https://static.www.nfl.com/image/upload/{formatInstructions}/league/pdsl9w3agc9uvjqpq1jy,83,12,3,2,0,2,3,0,3.066332028044453,5.125,8.333333333333334
2024,REG,15,2024121504,59721,12/15/2024,3300,NO,5110,WAS,home,5,2.9866993023508566,AUS749254,3300,Kevin Austin Jr.,K.Austin,WR,https://static.www.nfl.com/image/upload/{formatInstructions}/league/vdah0xfiadl04o4s6xd0,81,8,3,1,0,1,3,0,2.0185878566171245,6.646666666666666,13.506666666666666
2024,REG,15,2024121504,59721,12/15/2024,3300,NO,5110,WAS,visitor,1,2.9866993023508566,MCL278328,5110,Terry McLaurin,T.McLaurin,WR,https://static.www.nfl.com/image/upload/{formatInstructions}/league/wokz1etv1wj1vhbmvxgs,17,73,10,7,2,7,10,2,3.339911081935984,6.1866666666666665,19.278
2024,REG,15,2024121504,59721,12/15/2024,3300,NO,5110,WAS,visitor,2,2.9866993023508566,ZAC133180,5110,Olamide Zaccheaus,O.Zaccheaus,WR,https://static.www.nfl.com/image/upload/{formatInstructions}/league/hcmdnfgnnvcp0qbktpxd,14,36,4,3,0,3,4,0,4.787260817483775,8.335,3.2775
2024,REG,15,2024121504,59721,12/15/2024,3300,NO,5110,WAS,visitor,3,2.9866993023508566,BRO408220,5110,Dyami Brown,D.Brown,WR,https://static.www.nfl.com/image/upload/{formatInstructions}/league/mibh7ud59ygmzm19ivac,2,30,4,3,0,3,4,0,3.385211564820238,5.595,1.6100000000000003
2024,REG,15,2024121504,59721,12/15/2024,3300,NO,5110,WAS,visitor,4,2.9866993023508566,CRO697273,5110,Jamison Crowder,J.Crowder,WR,https://static.www.nfl.com/image/upload/{formatInstructions}/league/rfysbrjrvfdr72cx8who,80,27,3,3,0,3,3,0,2.1208725930197168,5.223333333333334,9.63
2024,REG,15,2024121504,59721,12/15/2024,3300,NO,5110,WAS,visitor,5,2.9866993023508566,ERT800920,5110,Zach Ertz,Z.Ertz,TE,https://static.www.nfl.com/image/upload/{formatInstructions}/league/xktmmeumuoglbuam75iz,86,25,2,2,0,2,2,0,2.508160863519512,7.17,6.664999999999999
2024,REG,15,2024121505,59722,12/15/2024,3410,NYG,0325,BAL,home,1,2.9866993023508566,NAB400459,3410,Malik Nabers,M.Nabers,WR,https://static.www.nfl.com/image/upload/{formatInstructions}/league/w3edoyyuomqlovvp9ixc,1,82,14,10,1,10,14,1,3.493917943835155,4.9775,6.216428571428572
2024,REG,15,2024121505,59722,12/15/2024,3410,NYG,0325,BAL,home,2,2.9866993023508566,ROB717726,3410,Wan'Dale Robinson,W.Robinson,WR,https://static.www.nfl.com/image/upload/{formatInstructions}/league/z94hnehk9vgmvtad6sgi,17,38,9,4,0,4,9,0,1.948016180992204,4.521111111111111,9.809999999999999
2024,REG,15,2024121505,59722,12/15/2024,3410,NYG,0325,BAL,home,3,2.9866993023508566,BEL680916,3410,Daniel Bellinger,D.Bellinger,TE,https://static.www.nfl.com/image/upload/{formatInstructions}/league/f9xmqszyicfahxrcqevp,82,35,3,3,0,3,3,0,4.907068690570599,5.513333333333333,5.713333333333334
2024,REG,15,2024121505,59722,12/15/2024,3410,NYG,0325,BAL,home,4,2.9866993023508566,SLA500077,3410,Darius Slayton,D.Slayton,WR,https://static.www.nfl.com/image/upload/{formatInstructions}/league/zhm6evj813ucss03ndlx,86,16,1,1,0,1,1,0,3.6334143721849252,5.11,7.189999999999998
2024,REG,15,2024121505,59722,12/15/2024,3410,NYG,0325,BAL,visitor,1,2.9866993023508566,FLO577002,0325,Zay Flowers,Z.Flowers,WR,https://static.www.nfl.com/image/upload/{formatInstructions}/league/oidhqwg0fjvanyk57nc1,4,53,7,6,0,6,7,0,4.7261297140917184,9.48857142857143,8.690000000000001
2024,REG,15,2024121505,59722,12/15/2024,3410,NYG,0325,BAL,visitor,2,2.9866993023508566,BAT103884,0325,Rashod Bateman,R.Bateman,WR,https://static.www.nfl.com/image/upload/{formatInstructions}/league/jkcapzvd65fxivefjv8l,7,80,5,3,2,3,5,2,4.904847692134209,6.5840000000000005,22.232
2024,REG,15,2024121505,59722,12/15/2024,3410,NYG,0325,BAL,visitor,3,2.9866993023508566,AND701433,0325,Mark Andrews,M.Andrews,TE,https://static.www.nfl.com/image/upload/{formatInstructions}/league/y5maejm3puruskwc344y,89,24,2,2,1,2,2,1,2.26155911405913,1.52,11.770000000000001
2024,REG,15,2024121505,59722,12/15/2024,3410,NYG,0325,BAL,visitor,4,2.9866993023508566,LIK088990,0325,Isaiah Likely,I.Likely,TE,https://static.www.nfl.com/image/upload/{formatInstructions}/league/xmikfnklnpjmzjhbjrur,80,17,2,2,0,2,2,0,8.059251042155928,9.46,3.594999999999999
2024,REG,15,2024121505,59722,12/15/2024,3410,NYG,0325,BAL,visitor,5,2.9866993023508566,WAL125280,0325,Devontez Walker,D.Walker,WR,https://static.www.nfl.com/image/upload/{formatInstructions}/league/jsgddyppttajr7czq18x,81,21,1,1,1,1,1,1,4.6253324204861155,6.23,27.739999999999995
2024,REG,15,2024121506,59723,12/15/2024,2100,TEN,0920,CIN,home,1,2.9866993023508566,OKO283611,2100,Chig Okonkwo,C.Okonkwo,TE,https://static.www.nfl.com/image/upload/{formatInstructions}/league/ut2gqeq2lowknrro0wlu,85,59,10,8,0,8,10,0,4.1688506340595906,9.555555555555555,5.476999999999999
2024,REG,15,2024121506,59723,12/15/2024,2100,TEN,0920,CIN,home,2,2.9866993023508566,WHY207645,2100,Josh Whyle,J.Whyle,TE,https://static.www.nfl.com/image/upload/{formatInstructions}/league/ccstvnbjzprcpb2j9xnb,81,37,5,5,1,5,5,1,3.963042861999715,7.11,7.581999999999999
2024,REG,15,2024121506,59723,12/15/2024,2100,TEN,0920,CIN,home,3,2.9866993023508566,RID652384,2100,Calvin Ridley,C.Ridley,WR,https://static.www.nfl.com/image/upload/{formatInstructions}/league/tmeij0cfgylmurfybs74,0,41,5,3,0,3,5,0,1.9874629015597982,3.9799999999999995,13.258000000000004
2024,REG,15,2024121506,59723,12/15/2024,2100,TEN,0920,CIN,home,4,2.9866993023508566,BOY378353,2100,Tyler Boyd,T.Boyd,WR,https://static.www.nfl.com/image/upload/{formatInstructions}/league/ttifog0hjxprlhkagugu,83,39,3,2,0,2,3,0,1.8912901369791655,8.443333333333333,5.6533333333333315
2024,REG,15,2024121506,59723,12/15/2024,2100,TEN,0920,CIN,home,5,2.9866993023508566,WES567220,2100,Nick Westbrook-Ikhine,N.Westbrook-Ikhine,WR,https://static.www.nfl.com/image/upload/{formatInstructions}/league/rt9ic9wzwl2pevlxt1nd,15,9,3,2,0,2,3,0,2.0805075422929993,4.676666666666667,5.679999999999997
2024,REG,15,2024121506,59723,12/15/2024,2100,TEN,0920,CIN,visitor,1,2.9866993023508566,CHA694469,0920,Ja'Marr Chase,J.Chase,WR,https://static.www.nfl.com/image/upload/{formatInstructions}/league/qkcb3qt2fhasfgtfuprd,1,94,11,9,0,9,11,0,3.543315346234778,5.973333333333333,5.818181818181817
2024,REG,15,2024121506,59723,12/15/2024,2100,TEN,0920,CIN,visitor,2,2.9866993023508566,HIG387791,0920,Tee Higgins,T.Higgins,WR,https://static.www.nfl.com/image/upload/{formatInstructions}/league/swqgkrdmjecz3vumrex5,5,88,8,5,1,5,8,1,1.9553390267363555,5.921250000000001,13.251249999999999
2024,REG,15,2024121506,59723,12/15/2024,2100,TEN,0920,CIN,visitor,3,2.9866993023508566,GES490798,0920,Mike Gesicki,M.Gesicki,TE,https://static.www.nfl.com/image/upload/{formatInstructions}/league/zabpknonv9ozmkyw4qqt,88,37,4,3,0,3,4,0,4.076772740119495,7.076666666666667,6.0625
2024,REG,15,2024121506,59723,12/15/2024,2100,TEN,0920,CIN,visitor,4,2.9866993023508566,IOS307886,0920,Andrei Iosivas,A.Iosivas,WR,https://static.www.nfl.com/image/upload/{formatInstructions}/league/pgbqgzrxmbnmpcnkhsya,80,5,4,1,0,1,4,0,2.2726259800638946,5.195,5.140000000000001
2024,REG,15,2024121506,59723,12/15/2024,2100,TEN,0920,CIN,visitor,5,2.9866993023508566,GRA307858,0920,Cam Grandy,C.Grandy,TE,https://static.www.nfl.com/image/upload/{formatInstructions}/league/uay5dmniqx1baal3q3uu,85,12,2,2,0,2,2,0,1.8564403254653743,3.4699999999999998,4.244999999999999
2024,REG,15,2024121507,59724,12/15/2024,3800,ARI,3200,NE,home,1,2.9866993023508566,MCB743360,3800,Trey McBride,T.McBride,TE,https://static.www.nfl.com/image/upload/{formatInstructions}/league/hfdgljgi9gfaskomdl1h,85,87,10,9,0,9,10,0,3.3664030795843316,4.6850000000000005,5.243000000000001
2024,REG,15,2024121507,59724,12/15/2024,3800,ARI,3200,NE,home,2,2.9866993023508566,HAR648677,3800,Marvin Harrison Jr.,M.Harrison,WR,https://static.www.nfl.com/image/upload/{formatInstructions}/league/o6hg5zeofmxvzjjpo2sf,18,32,6,2,0,2,6,0,2.2471486048103073,2.6300000000000003,14.49
2024,REG,15,2024121507,59724,12/15/2024,3800,ARI,3200,NE,home,3,2.9866993023508566,DOR793727,3800,Greg Dortch,G.Dortch,WR,https://static.www.nfl.com/image/upload/{formatInstructions}/league/gkog6lrht3rnktwiberj,4,60,3,3,0,3,3,0,5.648424273291596,6.51,-0.3133333333333373
2024,REG,15,2024121507,59724,12/15/2024,3800,ARI,3200,NE,home,4,2.9866993023508566,REI577302,3800,Tip Reiman,T.Reiman,TE,https://static.www.nfl.com/image/upload/{formatInstructions}/league/grt6fspk8dlqbuzcrq7m,87,8,3,2,0,2,3,0,4.814394574793022,9.17,1.8166666666666675
2024,REG,15,2024121507,59724,12/15/2024,3800,ARI,3200,NE,home,5,2.9866993023508566,WIL752419,3800,Michael Wilson,Mi.Wilson,WR,https://static.www.nfl.com/image/upload/{formatInstructions}/league/spsbduvpqe21tgkwhvbc,14,9,2,2,0,2,2,0,2.7881517735475163,7.995,4.259999999999998
2024,REG,15,2024121507,59724,12/15/2024,3800,ARI,3200,NE,visitor,1,2.9866993023508566,BOU482823,3200,Kayshon Boutte,K.Boutte,WR,https://static.www.nfl.com/image/private/{formatInstructions}/league/nz6t7jhx6erszovbv1bd,9,19,5,2,0,2,5,0,4.055049323423126,2.9259999999999997,16.434000000000005
2024,REG,15,2024121507,59724,12/15/2024,3800,ARI,3200,NE,visitor,2,2.9866993023508566,HEN617052,3200,Hunter Henry,H.Henry,TE,https://static.www.nfl.com/image/private/{formatInstructions}/league/sdjob9akppefyo7py5tj,85,25,4,4,0,4,4,0,3.582058305962393,3.1375,2.347500000000002
2024,REG,15,2024121507,59724,12/15/2024,3800,ARI,3200,NE,visitor,3,2.9866993023508566,HOO570770,3200,Austin Hooper,A.Hooper,TE,https://static.www.nfl.com/image/upload/{formatInstructions}/league/hj0ybtjspne3t1cso961,81,38,3,3,0,3,3,0,4.32187085964158,3.7999999999999994,7.416666666666664
2024,REG,15,2024121507,59724,12/15/2024,3800,ARI,3200,NE,visitor,4,2.9866993023508566,BOU434790,3200,Kendrick Bourne,K.Bourne,WR,https://static.www.nfl.com/image/private/{formatInstructions}/league/vrovcaqql9p6xsycko83,84,44,3,3,0,3,3,0,1.1109513128398085,2.54,11.013333333333335
2024,REG,15,2024121507,59724,12/15/2024,3800,ARI,3200,NE,visitor,5,2.9866993023508566,DOU259552,3200,Demario Douglas,D.Douglas,WR,https://static.www.nfl.com/image/private/{formatInstructions}/league/svnh61ottqtfmcqvnbj3,3,11,3,3,1,3,3,1,4.413752627823022,6.5,2.4233333333333325
2024,REG,15,2024121508,59725,12/15/2024,1400,DEN,2200,IND,home,1,2.9866993023508566,SUT333526,1400,Courtland Sutton,C.Sutton,WR,https://static.www.nfl.com/image/upload/{formatInstructions}/league/qts95gbd6hv65s9eiseq,14,32,9,3,1,3,9,1,1.7837647797046818,5.453333333333333,14.604444444444445
2024,REG,15,2024121508,59725,12/15/2024,1400,DEN,2200,IND,home,2,2.9866993023508566,FRA545210,1400,Troy Franklin,T.Franklin,WR,https://static.www.nfl.com/image/upload/{formatInstructions}/league/w429urxwxc8sw4bsbvxz,16,9,5,2,0,2,5,0,4.917779952764221,8.6725,6.603999999999999
2024,REG,15,2024121508,59725,12/15/2024,1400,DEN,2200,IND,home,3,2.9866993023508566,MIM654774,1400,Marvin Mims Jr.,M.Mims,WR,https://static.www.nfl.com/image/upload/{formatInstructions}/league/trvilnckw7nprw1gkghl,19,20,4,4,0,4,4,0,8.010058127371114,9.183333333333334,-3.9875000000000007
2024,REG,15,2024121508,59725,12/15/2024,1400,DEN,2200,IND,home,4,2.9866993023508566,KRU507134,1400,Lucas Krull,L.Krull,TE,https://static.www.nfl.com/image/upload/{formatInstructions}/league/v3rdtydz7dh4s5oyzejs,85,8,2,2,0,2,2,0,3.858797022889321,7.0,1.2149999999999999
2024,REG,15,2024121508,59725,12/15/2024,1400,DEN,2200,IND,home,5,2.9866993023508566,TRA447732,1400,Adam Trautman,A.Trautman,TE,https://static.www.nfl.com/image/upload/{formatInstructions}/league/qvqigum2qjhil0z3er2c,82,20,2,2,1,2,2,1,3.2082882589533743,4.734999999999999,11.33
2024,REG,15,2024121508,59725,12/15/2024,1400,DEN,2200,IND,visitor,1,2.9866993023508566,PIT228050,2200,Michael Pittman,M.Pittman,WR,https://static.www.nfl.com/image/private/{formatInstructions}/league/wnymcombo2plamteihiy,11,58,9,6,0,6,9,0,5.304778992630962,7.44125,7.575555555555553
2024,REG,15,2024121508,59725,12/15/2024,1400,DEN,2200,IND,visitor,2,2.9866993023508566,DOW686145,2200,Josh Downs,J.Downs,WR,https://static.www.nfl.com/image/upload/{formatInstructions}/league/zue2xxvfrignllqlhagu,1,32,8,3,0,3,8,0,2.7385883331696226,6.517142857142857,7.824999999999999
2024,REG,15,2024121508,59725,12/15/2024,1400,DEN,2200,IND,visitor,3,2.9866993023508566,GRA367521,2200,Kylen Granson,K.Granson,TE,https://static.www.nfl.com/image/upload/{formatInstructions}/league/rydvwc7sqwucvx14s8b4,83,47,4,3,0,3,4,0,3.2636302779012225,3.1574999999999998,5.15
2024,REG,15,2024121508,59725,12/15/2024,1400,DEN,2200,IND,visitor,4,2.9866993023508566,MIT056120,2200,Adonai Mitchell,A.Mitchell,WR,https://static.www.nfl.com/image/upload/{formatInstructions}/league/fztxucnxhoxep6utluyc,10,0,4,0,0,0,4,0,2.3014800081993716,9.33,20.8025
2024,REG,15,2024121508,59725,12/15/2024,1400,DEN,2200,IND,visitor,5,2.9866993023508566,PIE185673,2200,Alec Pierce,A.Pierce,WR,https://static.www.nfl.com/image/upload/{formatInstructions}/league/hvtcpccoigf9cghzkxcg,14,0,4,0,0,0,4,0,1.3483193393837487,8.1175,15.652500000000002
2024,REG,15,2024121509,59726,12/15/2024,1540,DET,0610,BUF,home,1,2.9866993023508566,STB415291,1540,Amon-Ra St. Brown,A.St. Brown,WR,https://static.www.nfl.com/image/upload/{formatInstructions}/league/jmfuamqblg8jag0stpnq,14,193,18,14,1,14,18,1,3.018125155178803,5.036,8.990000000000002
2024,REG,15,2024121509,59726,12/15/2024,1540,DET,0610,BUF,home,2,2.9866993023508566,LAP640235,1540,Sam LaPorta,S.LaPorta,TE,https://static.www.nfl.com/image/upload/{formatInstructions}/league/ucw8cfj5t5nwkx670wzu,87,111,10,7,0,7,10,0,3.980242495397441,6.1825,11.23
2024,REG,15,2024121509,59726,12/15/2024,1540,DET,0610,BUF,home,3,2.9866993023508566,PAT283375,1540,Tim Patrick,T.Patrick,WR,https://static.www.nfl.com/image/upload/{formatInstructions}/league/tsbe7jbwmgzby45hnb3j,17,30,8,4,1,4,8,1,4.1274347787073005,5.875,10.83625
2024,REG,15,2024121509,59726,12/15/2024,1540,DET,0610,BUF,home,4,2.9866993023508566,WIL344909,1540,Jameson Williams,Ja.Williams,WR,https://static.www.nfl.com/image/upload/{formatInstructions}/league/kt6xzcnjbe9affdfsayt,9,37,5,3,1,3,5,1,2.2589484936460784,5.448,14.877999999999997
2024,REG,15,2024121509,59726,12/15/2024,1540,DET,0610,BUF,home,5,2.9866993023508566,ROB365982,1540,Allen Robinson,A.Robinson,WR,https://static.www.nfl.com/image/upload/{formatInstructions}/league/fyukft9lraurbsq0laom,8,0,1,0,0,0,1,0,0.4382921400162195,1.93,7.780000000000001
2024,REG,15,2024121509,59726,12/15/2024,1540,DET,0610,BUF,visitor,1,2.9866993023508566,KIN069130,0610,Dalton Kincaid,D.Kincaid,TE,https://static.www.nfl.com/image/upload/{formatInstructions}/league/rsimqxdfwlb1n9qd4w3g,86,53,7,4,0,4,7,0,4.271675009263827,6.385000000000001,12.058571428571428
2024,REG,15,2024121509,59726,12/15/2024,1540,DET,0610,BUF,visitor,2,2.9866993023508566,SHA107427,0610,Khalil Shakir,K.Shakir,WR,https://static.www.nfl.com/image/upload/{formatInstructions}/league/ch2yarhiobqlvr9ls2yw,10,39,7,6,1,6,7,1,3.2537773647298978,4.836666666666667,5.695714285714287
2024,REG,15,2024121509,59726,12/15/2024,1540,DET,0610,BUF,visitor,3,2.9866993023508566,HOL280459,0610,Mack Hollins,M.Hollins,WR,https://static.www.nfl.com/image/upload/{formatInstructions}/league/xchw7quzjszgrm6psbyg,13,7,3,1,0,1,3,0,2.288593440050055,3.1633333333333336,10.18
2024,REG,15,2024121509,59726,12/15/2024,1540,DET,0610,BUF,visitor,4,2.9866993023508566,KNO490795,0610,Dawson Knox,D.Knox,TE,https://static.www.nfl.com/image/upload/{formatInstructions}/league/uazfj5l5vzow2oyfa1s6,88,42,3,2,0,2,3,0,4.074746988724332,4.765000000000001,8.92
2024,REG,15,2024121509,59726,12/15/2024,1540,DET,0610,BUF,visitor,5,2.9866993023508566,SAM633285,0610,Curtis Samuel,C.Samuel,WR,https://static.www.nfl.com/image/upload/{formatInstructions}/league/mq62ulflifrpjrcyknbj,1,1,2,1,0,1,2,0,3.680813771615461,1.88,-0.9899999999999984
2024,REG,15,2024121510,59727,12/15/2024,4400,LAC,4900,TB,home,1,2.9866993023508566,JOH823261,4400,Quentin Johnston,Q.Johnston,WR,https://static.www.nfl.com/image/upload/{formatInstructions}/league/jbxlvsbokf9qdqtet1qr,1,45,10,5,1,5,10,1,2.032986058467369,6.942,11.187000000000001
2024,REG,15,2024121510,59727,12/15/2024,4400,LAC,4900,TB,home,2,2.9866993023508566,MCC512833,4400,Ladd McConkey,L.McConkey,WR,https://static.www.nfl.com/image/upload/{formatInstructions}/league/wcx39ialovvxxnvs2bke,15,58,7,5,1,5,7,1,2.1773493370970685,6.171428571428572,7.812857142857142
2024,REG,15,2024121510,59727,12/15/2024,4400,LAC,4900,TB,home,3,2.9866993023508566,SMA808525,4400,Stone Smartt,S.Smartt,TE,https://static.www.nfl.com/image/upload/{formatInstructions}/league/tazdjztvhpulguzuh78l,84,50,6,5,0,5,6,0,4.359800434338669,5.541666666666667,8.816666666666665
2024,REG,15,2024121510,59727,12/15/2024,4400,LAC,4900,TB,home,4,2.9866993023508566,PAL451625,4400,Josh Palmer,J.Palmer,WR,https://static.www.nfl.com/image/upload/{formatInstructions}/league/dexbsmmldvsqtr83or5l,5,10,3,2,0,2,3,0,2.14110775047659,6.286666666666666,7.0200000000000005
2024,REG,15,2024121510,59727,12/15/2024,4400,LAC,4900,TB,home,5,2.9866993023508566,CHA553392,4400,DJ Chark,D.Chark,WR,https://static.www.nfl.com/image/upload/{formatInstructions}/league/skuieceh50r31ulwpo5s,9,16,2,2,0,2,2,0,5.519160151605963,9.850000000000001,6.959999999999997
2024,REG,15,2024121510,59727,12/15/2024,4400,LAC,4900,TB,visitor,1,2.9866993023508566,EVA534309,4900,Mike Evans,M.Evans,WR,https://static.www.nfl.com/image/upload/{formatInstructions}/league/vfsaie1uiokfczwv9p4d,13,159,11,9,2,9,11,2,2.6792433593148997,6.337272727272728,11.562727272727274
2024,REG,15,2024121510,59727,12/15/2024,4400,LAC,4900,TB,visitor,2,2.9866993023508566,MCM472299,4900,Jalen McMillan,J.McMillan,WR,https://static.www.nfl.com/image/upload/{formatInstructions}/league/zdxkyl8gy4dqiq6evfzp,15,75,6,5,1,5,6,1,3.5747316312685204,7.746666666666666,11.89
2024,REG,15,2024121510,59727,12/15/2024,4400,LAC,4900,TB,visitor,3,2.9866993023508566,OTT712400,4900,Cade Otton,C.Otton,TE,https://static.www.nfl.com/image/upload/{formatInstructions}/league/mljam77kst1wlqd5y91v,88,24,3,2,0,2,3,0,2.7195211632719896,3.2399999999999998,9.540000000000001
2024,REG,15,2024121510,59727,12/15/2024,4400,LAC,4900,TB,visitor,4,2.9866993023508566,SHE495754,4900,Sterling Shepard,S.Shepard,WR,https://static.www.nfl.com/image/upload/{formatInstructions}/league/dphqvpkeselgrselrvma,17,16,1,1,0,1,1,0,4.13019370005815,6.35,13.560000000000002
2024,REG,15,2024121510,59727,12/15/2024,4400,LAC,4900,TB,visitor,5,2.9866993023508566,MIL545030,4900,Ryan Miller,R.Miller,WR,https://static.www.nfl.com/image/upload/{formatInstructions}/league/maywscb6waflzzuaesew,81,1,1,1,0,1,1,0,6.164965531128296,6.45,-2.3499999999999943
2024,REG,15,2024121511,59728,12/15/2024,3700,PHI,3900,PIT,home,1,2.9866993023508566,SMI206016,3700,DeVonta Smith,D.Smith,WR,https://static.www.nfl.com/image/upload/{formatInstructions}/league/bmdflwy52nsk7zpnfhwb,6,109,12,11,1,11,12,1,4.292330587204156,5.607499999999999,5.6175
2024,REG,15,2024121511,59728,12/15/2024,3700,PHI,3900,PIT,home,2,2.9866993023508566,BRO413223,3700,A.J. Brown,A.Brown,WR,https://static.www.nfl.com/image/private/{formatInstructions}/league/a014sgzctarbvhwb35lw,11,110,11,8,1,8,11,1,2.5585921236743596,4.630909090909092,7.945454545454546
2024,REG,15,2024121511,59728,12/15/2024,3700,PHI,3900,PIT,home,3,2.9866993023508566,CAL069215,3700,Grant Calcaterra,G.Calcaterra,TE,https://static.www.nfl.com/image/upload/{formatInstructions}/league/vxl0kathuej280k01d2r,81,22,1,1,0,1,1,0,2.2389729788454327,,18.29
2024,REG,15,2024121511,59728,12/15/2024,3700,PHI,3900,PIT,home,4,2.9866993023508566,WIL733437,3700,Johnny Wilson,J.Wilson,WR,https://static.www.nfl.com/image/upload/{formatInstructions}/league/cj13ngp4tjmi9621trrk,89,0,1,0,0,0,1,0,3.3014239352134123,,1.4299999999999997
2024,REG,15,2024121511,59728,12/15/2024,3700,PHI,3900,PIT,home,5,2.9866993023508566,DOT282798,3700,Jahan Dotson,J.Dotson,WR,https://static.www.nfl.com/image/upload/{formatInstructions}/league/myxhp9oqtcv1peactbhv,83,0,1,0,0,0,1,0,2.018167485616589,6.32,30.319999999999993
2024,REG,15,2024121511,59728,12/15/2024,3700,PHI,3900,PIT,visitor,1,2.9866993023508566,FRE439769,3900,Pat Freiermuth,P.Freiermuth,TE,https://static.www.nfl.com/image/upload/{formatInstructions}/league/sozfjyy3bmntjv8tmqah,88,22,6,3,1,3,6,1,3.0700809272321052,5.421666666666667,8.608333333333334
2024,REG,15,2024121511,59728,12/15/2024,3700,PHI,3900,PIT,visitor,2,2.9866993023508566,AUS738004,3900,Calvin Austin III,C.Austin,WR,https://static.www.nfl.com/image/private/{formatInstructions}/league/qlt6ztqcbu0uzad6aavt,19,65,5,5,0,5,5,0,3.0018737530982396,4.986000000000001,9.218000000000002
2024,REG,15,2024121511,59728,12/15/2024,3700,PHI,3900,PIT,visitor,3,2.9866993023508566,WIL000009,3900,Mike Williams,M.Williams,WR,https://static.www.nfl.com/image/upload/{formatInstructions}/league/vwu8nudrnk3l7samz8mf,18,15,2,1,0,1,2,0,2.0927560677662265,7.05,9.669999999999998
2024,REG,15,2024121511,59728,12/15/2024,3700,PHI,3900,PIT,visitor,4,2.9866993023508566,JEF436716,3900,Van Jefferson,V.Jefferson,WR,https://static.www.nfl.com/image/upload/{formatInstructions}/league/v2vkt9htky3xawu8yskx,11,0,2,1,0,1,2,0,2.261876884147692,7.705,19.009999999999998
2024,REG,15,2024121511,59728,12/15/2024,3700,PHI,3900,PIT,visitor,5,2.9866993023508566,SKO738004,3900,Ben Skowronek,B.Skowronek,WR,https://static.www.nfl.com/image/upload/{formatInstructions}/league/piiqiz29g3jukdwkihw3,15,17,1,1,0,1,1,0,4.448865023801014,5.03,2.7900000000000063
2024,REG,15,2024121512,59729,12/15/2024,4600,SEA,1800,GB,home,1,2.9866993023508566,SMI829636,4600,Jaxon Smith-Njigba,J.Smith-Njigba,WR,https://static.www.nfl.com/image/upload/{formatInstructions}/league/lfroslgx4bo5p641flvg,11,83,12,10,0,10,12,0,3.4835954759159846,5.206666666666667,4.7625
2024,REG,15,2024121512,59729,12/15/2024,4600,SEA,1800,GB,home,2,2.9866993023508566,FAN405165,4600,Noah Fant,N.Fant,TE,https://static.www.nfl.com/image/private/{formatInstructions}/league/w1gqasldrg3jumzdqjvy,87,15,7,3,0,3,7,0,1.9912246413069596,7.048571428571428,8.857142857142856
2024,REG,15,2024121512,59729,12/15/2024,4600,SEA,1800,GB,home,3,2.9866993023508566,MET363377,4600,DK Metcalf,D.Metcalf,WR,https://static.www.nfl.com/image/upload/{formatInstructions}/league/ezpzdcvzlu5ga4uv6oas,14,28,3,3,0,3,3,0,2.8180168161557435,5.496666666666666,8.516666666666671
2024,REG,15,2024121512,59729,12/15/2024,4600,SEA,1800,GB,home,4,2.9866993023508566,BAR235889,4600,AJ Barner,A.Barner,TE,https://static.www.nfl.com/image/upload/{formatInstructions}/league/msnzbeyjoemcas9dm8vt,88,5,3,1,0,1,3,0,3.1825245914273665,7.853333333333334,8.733333333333333
2024,REG,15,2024121512,59729,12/15/2024,4600,SEA,1800,GB,home,5,2.9866993023508566,BOB556112,4600,Jake Bobo,J.Bobo,WR,https://static.www.nfl.com/image/upload/{formatInstructions}/league/vf5wazbhc3u7x7vjhojq,19,8,1,1,0,1,1,0,3.337079561532812,3.82,4.109999999999999
2024,REG,15,2024121512,59729,12/15/2024,4600,SEA,1800,GB,visitor,1,2.9866993023508566,WAT316591,1800,Christian Watson,C.Watson,WR,https://static.www.nfl.com/image/upload/{formatInstructions}/league/qenktpex0mep8er8dzxj,9,56,6,3,0,3,6,0,2.697714815548011,5.155,14.821666666666665
2024,REG,15,2024121512,59729,12/15/2024,4600,SEA,1800,GB,visitor,2,2.9866993023508566,REE263142,1800,Jayden Reed,J.Reed,WR,https://static.www.nfl.com/image/upload/{formatInstructions}/league/blh2tfg9qjthqo2g6ot4,11,34,6,5,0,5,6,0,5.816544411028595,9.0,-0.18500000000000227
2024,REG,15,2024121512,59729,12/15/2024,4600,SEA,1800,GB,visitor,3,2.9866993023508566,DOU043165,1800,Romeo Doubs,R.Doubs,WR,https://static.www.nfl.com/image/upload/{formatInstructions}/league/dyulbddqbqshoqdxgo63,87,40,5,3,2,3,5,2,2.639129360108059,4.214,17.194
2024,REG,15,2024121512,59729,12/15/2024,4600,SEA,1800,GB,visitor,4,2.9866993023508566,WIC622867,1800,Dontayvion Wicks,D.Wicks,WR,https://static.www.nfl.com/image/upload/{formatInstructions}/league/ghsev2bmz8kvhm8dsbey,13,14,2,2,0,2,2,0,4.959354750183154,3.92,2.0150000000000023
2024,REG,15,2024121512,59729,12/15/2024,4600,SEA,1800,GB,visitor,5,2.9866993023508566,KRA144054,1800,Tucker Kraft,T.Kraft,TE,https://static.www.nfl.com/image/upload/{formatInstructions}/league/klrmgekdzx1ywjjmixp7,85,34,2,2,0,2,2,0,3.802908741700153,,12.855000000000004
2024,REG,15,2024121600,59730,12/16/2024,3000,MIN,0810,CHI,home,1,2.9866993023508566,JEF269287,3000,Justin Jefferson,J.Jefferson,WR,https://static.www.nfl.com/image/upload/{formatInstructions}/league/vrftbpzwk6qmv0zjcysg,18,73,14,7,1,7,14,1,3.4328619390001824,7.167142857142857,12.673571428571426
2024,REG,15,2024121600,59730,12/16/2024,3000,MIN,0810,CHI,home,2,2.9866993023508566,ADD491056,3000,Jordan Addison,J.Addison,WR,https://static.www.nfl.com/image/upload/{formatInstructions}/league/tmyckmignrvy8truccwm,3,63,9,7,0,7,9,0,2.9759536610763746,7.261111111111112,8.92666666666667
2024,REG,15,2024121600,59730,12/16/2024,3000,MIN,0810,CHI,home,3,2.9866993023508566,HOC422041,3000,T.J. Hockenson,T.Hockenson,TE,https://static.www.nfl.com/image/upload/{formatInstructions}/league/n9zhffstwzae8i5di6tk,87,52,7,5,0,5,7,0,3.40105772843181,7.958571428571427,7.721428571428573
2024,REG,15,2024121600,59730,12/16/2024,3000,MIN,0810,CHI,home,4,2.9866993023508566,MUN312153,3000,Johnny Mundt,J.Mundt,TE,https://static.www.nfl.com/image/upload/{formatInstructions}/league/ievumbznrtys9b2esphz,86,0,1,0,0,0,1,0,8.874485900602915,,-0.7800000000000011
2024,REG,15,2024121600,59730,12/16/2024,3000,MIN,0810,CHI,home,5,2.9866993023508566,SHE566024,3000,Trent Sherfield,T.Sherfield,WR,https://static.www.nfl.com/image/upload/{formatInstructions}/league/esdvav44ezzmwbwe1rju,11,6,1,1,0,1,1,0,2.379285607067793,4.98,4.730000000000004
2024,REG,15,2024121600,59730,12/16/2024,3000,MIN,0810,CHI,visitor,1,2.9866993023508566,ALL532966,0810,Keenan Allen,K.Allen,WR,https://static.www.nfl.com/image/upload/{formatInstructions}/league/lngo1onvkcqjnq7ozkuu,13,82,13,6,1,6,13,1,3.8893982700667213,8.390833333333333,11.589230769230769
2024,REG,15,2024121600,59730,12/16/2024,3000,MIN,0810,CHI,visitor,2,2.9866993023508566,MOO272423,0810,DJ Moore,D.Moore,WR,https://static.www.nfl.com/image/upload/{formatInstructions}/league/hqb9xnzm9brx79zl6wve,2,46,8,8,0,8,8,0,5.280006170563909,8.951428571428572,0.5100000000000007
2024,REG,15,2024121600,59730,12/16/2024,3000,MIN,0810,CHI,visitor,3,2.9866993023508566,ODU426541,0810,Rome Odunze,R.Odunze,WR,https://static.www.nfl.com/image/upload/{formatInstructions}/league/labs8tstecnehvzfmrs5,15,39,7,2,0,2,7,0,2.301369759609291,8.405714285714286,13.045714285714283
2024,REG,15,2024121600,59730,12/16/2024,3000,MIN,0810,CHI,visitor,4,2.9866993023508566,KME200895,0810,Cole Kmet,C.Kmet,TE,https://static.www.nfl.com/image/upload/{formatInstructions}/league/fdxpctcmwjupassg9g9d,85,14,1,1,0,1,1,0,6.628725367670621,12.08,-0.6300000000000026
2024,REG,15,2024121600,59730,12/16/2024,3000,MIN,0810,CHI,visitor,5,2.9866993023508566,SCO719390,0810,Tyler Scott,T.Scott,WR,https://static.www.nfl.com/image/upload/{formatInstructions}/league/atxk3cex3cedv7drflrw,10,5,1,1,0,1,1,0,4.823121395942662,5.01,-2.319999999999993
2024,REG,15,2024121601,59731,12/16/2024,2520,LV,0200,ATL,home,1,2.9866993023508566,MEY171606,2520,Jakobi Meyers,J.Meyers,WR,https://static.www.nfl.com/image/upload/{formatInstructions}/league/p1abjttm5pu8gev0gwea,16,59,9,5,0,5,9,0,2.546211016839304,9.11375,11.92
2024,REG,15,2024121601,59731,12/16/2024,2520,LV,0200,ATL,home,2,2.9866993023508566,BOW196560,2520,Brock Bowers,B.Bowers,TE,https://static.www.nfl.com/image/upload/{formatInstructions}/league/mjy86xh8munoiur4hejf,89,35,6,3,0,3,6,0,1.5710097167847152,5.33,10.796666666666665
2024,REG,15,2024121601,59731,12/16/2024,2520,LV,0200,ATL,home,3,2.9866993023508566,TUC399910,2520,Tre Tucker,T.Tucker,WR,https://static.www.nfl.com/image/upload/{formatInstructions}/league/soebzcfwhgnjffwqv1ox,11,18,3,2,0,2,3,0,2.8779742529318395,7.78,13.85
2024,REG,15,2024121601,59731,12/16/2024,2520,LV,0200,ATL,home,4,2.9866993023508566,MAY330676,2520,Michael Mayer,M.Mayer,TE,https://static.www.nfl.com/image/upload/{formatInstructions}/league/rmc4igjgu5za2va8rfe1,87,11,2,1,0,1,2,0,2.451032622460567,8.09,17.794999999999998
2024,REG,15,2024121601,59731,12/16/2024,2520,LV,0200,ATL,home,5,2.9866993023508566,MAR482288,2520,Terrace Marshall Jr.,T.Marshall,WR,https://static.www.nfl.com/image/private/{formatInstructions}/league/wyzlucfowqdntj6nkh7m,80,7,1,1,0,1,1,0,2.34940417978687,8.81,7.469999999999999
2024,REG,15,2024121601,59731,12/16/2024,2520,LV,0200,ATL,visitor,1,2.9866993023508566,PIT516805,0200,Kyle Pitts,K.Pitts,TE,https://static.www.nfl.com/image/upload/{formatInstructions}/league/t8ymqyhvv8i1r80jyhy2,8,28,4,4,0,4,4,0,4.874708415718409,3.695,4.729999999999997
2024,REG,15,2024121601,59731,12/16/2024,2520,LV,0200,ATL,visitor,2,2.9866993023508566,MCC417118,0200,Ray-Ray McCloud,R.McCloud,WR,https://static.www.nfl.com/image/upload/{formatInstructions}/league/nvwn3sdihyyd2itjt7vy,34,14,3,1,0,1,3,0,2.5992351086197947,8.466666666666667,8.523333333333332
2024,REG,15,2024121601,59731,12/16/2024,2520,LV,0200,ATL,visitor,3,2.9866993023508566,LON013463,0200,Drake London,D.London,WR,https://static.www.nfl.com/image/upload/{formatInstructions}/league/wikjazqtt3uunjufgqrf,5,53,3,3,1,3,3,1,3.11512234450178,4.363333333333333,12.206666666666665
2024,REG,15,2024121601,59731,12/16/2024,2520,LV,0200,ATL,visitor,4,2.9866993023508566,WOE138430,0200,Charlie Woerner,C.Woerner,TE,https://static.www.nfl.com/image/upload/{formatInstructions}/league/hllqdtlyjbs2gbdgn6lj,89,7,3,2,0,2,3,0,6.714513464243754,,2.2933333333333343
2024,REG,15,2024121601,59731,12/16/2024,2520,LV,0200,ATL,visitor,5,2.9866993023508566,MOO076900,0200,Darnell Mooney,D.Mooney,WR,https://static.www.nfl.com/image/upload/{formatInstructions}/league/c1ixyspw0eshl3a2qrly,1,0,1,0,0,0,1,0,0.6800735254367692,7.89,9.900000000000006
2024,REG,16,2024121901,59742,12/19/2024,4400,LAC,1400,DEN,home,1,2.9866993023508566,JOH823261,4400,Quentin Johnston,Q.Johnston,WR,https://static.www.nfl.com/image/upload/{formatInstructions}/league/jbxlvsbokf9qdqtet1qr,1,18,6,3,0,3,6,0,3.3729425048521793,6.171666666666667,6.210000000000001
2024,REG,16,2024121901,59742,12/19/2024,4400,LAC,1400,DEN,home,2,2.9866993023508566,PAL451625,4400,Josh Palmer,J.Palmer,WR,https://static.www.nfl.com/image/upload/{formatInstructions}/league/dexbsmmldvsqtr83or5l,5,41,6,3,0,3,6,0,2.0481579602989455,6.218333333333334,16.485
2024,REG,16,2024121901,59742,12/19/2024,4400,LAC,1400,DEN,home,3,2.9866993023508566,MCC512833,4400,Ladd McConkey,L.McConkey,WR,https://static.www.nfl.com/image/upload/{formatInstructions}/league/wcx39ialovvxxnvs2bke,15,87,6,6,0,6,6,0,5.457740176353648,4.753333333333333,5.976666666666669
2024,REG,16,2024121901,59742,12/19/2024,4400,LAC,1400,DEN,home,4,2.9866993023508566,SMA808525,4400,Stone Smartt,S.Smartt,TE,https://static.www.nfl.com/image/upload/{formatInstructions}/league/tazdjztvhpulguzuh78l,84,37,3,3,0,3,3,0,6.3867732861284106,4.176666666666667,4.039999999999999
2024,REG,16,2024121901,59742,12/19/2024,4400,LAC,1400,DEN,home,5,2.9866993023508566,DAV263132,4400,Derius Davis,D.Davis,WR,https://static.www.nfl.com/image/upload/{formatInstructions}/league/ctk98ws4ps6p4gaei6uu,12,31,2,2,1,2,2,1,5.756632672593127,7.53,6.524999999999999
2024,REG,16,2024121901,59742,12/19/2024,4400,LAC,1400,DEN,visitor,1,2.9866993023508566,SUT333526,1400,Courtland Sutton,C.Sutton,WR,https://static.www.nfl.com/image/upload/{formatInstructions}/league/qts95gbd6hv65s9eiseq,14,50,6,5,0,5,6,0,3.2807906898370796,8.415000000000001,7.73
2024,REG,16,2024121901,59742,12/19/2024,4400,LAC,1400,DEN,visitor,2,2.9866993023508566,MIM654774,1400,Marvin Mims Jr.,M.Mims,WR,https://static.www.nfl.com/image/upload/{formatInstructions}/league/trvilnckw7nprw1gkghl,19,62,5,3,0,3,5,0,3.7915593910545766,4.933333333333333,12.302000000000001
2024,REG,16,2024121901,59742,12/19/2024,4400,LAC,1400,DEN,visitor,3,2.9866993023508566,KRU507134,1400,Lucas Krull,L.Krull,TE,https://static.www.nfl.com/image/upload/{formatInstructions}/league/v3rdtydz7dh4s5oyzejs,85,21,3,3,0,3,3,0,6.929092438136888,7.36,2.3133333333333326
2024,REG,16,2024121901,59742,12/19/2024,4400,LAC,1400,DEN,visitor,4,2.9866993023508566,FRA545210,1400,Troy Franklin,T.Franklin,WR,https://static.www.nfl.com/image/upload/{formatInstructions}/league/w429urxwxc8sw4bsbvxz,16,25,3,2,0,2,3,0,4.716241762735577,7.633333333333333,8.06
2024,REG,16,2024121901,59742,12/19/2024,4400,LAC,1400,DEN,visitor,5,2.9866993023508566,VEL175757,1400,Devaughn Vele,D.Vele,WR,https://static.www.nfl.com/image/upload/{formatInstructions}/league/f2lz4vsh2daurrwdamzv,17,21,3,2,1,2,3,1,1.6686076079795,4.183333333333334,7.419999999999997
2024,REG,16,2024122100,59733,12/21/2024,2310,KC,2120,HOU,home,1,2.9866993023508566,WOR741496,2310,Xavier Worthy,X.Worthy,WR,https://static.www.nfl.com/image/upload/{formatInstructions}/league/fvzbx5gpiqkogglyoo1w,1,65,11,7,1,7,11,1,3.862309188684183,6.834444444444445,5.9336363636363645
2024,REG,16,2024122100,59733,12/21/2024,2310,KC,2120,HOU,home,2,2.9866993023508566,BRO413218,2310,Marquise Brown,M.Brown,WR,https://static.www.nfl.com/image/upload/{formatInstructions}/league/ixuddegcphzmvjn4jq6r,5,45,8,5,0,5,8,0,4.17391740068722,7.2975,6.802500000000001
2024,REG,16,2024122100,59733,12/21/2024,2310,KC,2120,HOU,home,3,2.9866993023508566,KEL012458,2310,Travis Kelce,T.Kelce,TE,https://static.www.nfl.com/image/upload/{formatInstructions}/league/ilk4qbxxs6mt3v9zfvtg,87,30,7,5,0,5,7,0,4.355066708974808,6.6875,4.942857142857141
2024,REG,16,2024122100,59733,12/21/2024,2310,KC,2120,HOU,home,4,2.9866993023508566,HOP161500,2310,DeAndre Hopkins,D.Hopkins,WR,https://static.www.nfl.com/image/upload/{formatInstructions}/league/viymeohipdn0voptrkzh,8,37,4,4,0,4,4,0,4.376797538864999,4.845,7.447500000000001
2024,REG,16,2024122100,59733,12/21/2024,2310,KC,2120,HOU,home,5,2.9866993023508566,GRA757316,2310,Noah Gray,N.Gray,TE,https://static.www.nfl.com/image/upload/{formatInstructions}/league/erihh0eiq4m76k2ejvax,83,10,1,1,0,1,1,0,7.494884922398745,7.18,5.409999999999997
2024,REG,16,2024122100,59733,12/21/2024,2310,KC,2120,HOU,visitor,1,2.9866993023508566,COL654119,2120,Nico Collins,N.Collins,WR,https://static.www.nfl.com/image/upload/{formatInstructions}/league/q7c9aq8rpremfygslmya,12,60,10,7,0,7,10,0,2.2441388851383417,4.368,8.696
2024,REG,16,2024122100,59733,12/21/2024,2310,KC,2120,HOU,visitor,2,2.9866993023508566,SCH647271,2120,Dalton Schultz,D.Schultz,TE,https://static.www.nfl.com/image/upload/{formatInstructions}/league/ooatvpu1knzypdmjljo9,86,45,8,5,1,5,8,1,4.70955487488598,6.654000000000001,5.599999999999997
2024,REG,16,2024122100,59733,12/21/2024,2310,KC,2120,HOU,visitor,3,2.9866993023508566,DEL440817,2120,Tank Dell,T.Dell,WR,https://static.www.nfl.com/image/upload/{formatInstructions}/league/tqxgovzlhxj0jnwkcvtq,3,98,7,6,1,6,7,1,2.1748209476182394,3.5228571428571427,19.92428571428572
2024,REG,16,2024122100,59733,12/21/2024,2310,KC,2120,HOU,visitor,4,2.9866993023508566,WOO561144,2120,Robert Woods,R.Woods,WR,https://static.www.nfl.com/image/upload/{formatInstructions}/league/ydjg5fylwkf5aaxiul6v,2,19,6,3,0,3,6,0,4.444699783179822,4.1475,12.126666666666665
2024,REG,16,2024122100,59733,12/21/2024,2310,KC,2120,HOU,visitor,5,2.9866993023508566,HUT304546,2120,Xavier Hutchinson,X.Hutchinson,WR,https://static.www.nfl.com/image/upload/{formatInstructions}/league/vlxzxhej5ffelkxrqf4g,19,8,1,1,0,1,1,0,2.0167548190099884,6.85,5.939999999999998
2024,REG,16,2024122101,59734,12/21/2024,0325,BAL,3900,PIT,home,1,2.9866993023508566,FLO577002,0325,Zay Flowers,Z.Flowers,WR,https://static.www.nfl.com/image/upload/{formatInstructions}/league/oidhqwg0fjvanyk57nc1,4,100,8,5,0,5,8,0,2.641863526378065,6.827500000000001,13.415000000000001
2024,REG,16,2024122101,59734,12/21/2024,0325,BAL,3900,PIT,home,2,2.9866993023508566,AND701433,0325,Mark Andrews,M.Andrews,TE,https://static.www.nfl.com/image/upload/{formatInstructions}/league/y5maejm3puruskwc344y,89,37,6,4,1,4,6,1,1.9518451925914597,5.081666666666667,11.85
2024,REG,16,2024122101,59734,12/21/2024,0325,BAL,3900,PIT,home,3,2.9866993023508566,LIK088990,0325,Isaiah Likely,I.Likely,TE,https://static.www.nfl.com/image/upload/{formatInstructions}/league/xmikfnklnpjmzjhbjrur,80,29,3,3,1,3,3,1,4.7292545354067155,3.733333333333333,7.0
2024,REG,16,2024122101,59734,12/21/2024,0325,BAL,3900,PIT,home,4,2.9866993023508566,BAT103884,0325,Rashod Bateman,R.Bateman,WR,https://static.www.nfl.com/image/upload/{formatInstructions}/league/jkcapzvd65fxivefjv8l,7,14,3,1,1,1,3,1,3.5852057724457027,9.28,9.709999999999999
2024,REG,16,2024122101,59734,12/21/2024,0325,BAL,3900,PIT,visitor,1,2.9866993023508566,AUS738004,3900,Calvin Austin III,C.Austin,WR,https://static.www.nfl.com/image/private/{formatInstructions}/league/qlt6ztqcbu0uzad6aavt,19,65,5,4,0,4,5,0,1.9614517566559997,5.482,19.086000000000002
2024,REG,16,2024122101,59734,12/21/2024,0325,BAL,3900,PIT,visitor,2,2.9866993023508566,WIL000009,3900,Mike Williams,M.Williams,WR,https://static.www.nfl.com/image/upload/{formatInstructions}/league/vwu8nudrnk3l7samz8mf,18,24,3,3,0,3,3,0,3.0532860549187504,6.316666666666666,4.409999999999999
2024,REG,16,2024122101,59734,12/21/2024,0325,BAL,3900,PIT,visitor,3,2.9866993023508566,FRE439769,3900,Pat Freiermuth,P.Freiermuth,TE,https://static.www.nfl.com/image/upload/{formatInstructions}/league/sozfjyy3bmntjv8tmqah,88,16,3,3,0,3,3,0,2.8466283513847053,,4.476666666666664
2024,REG,16,2024122101,59734,12/21/2024,0325,BAL,3900,PIT,visitor,4,2.9866993023508566,JEF436716,3900,Van Jefferson,V.Jefferson,WR,https://static.www.nfl.com/image/upload/{formatInstructions}/league/v2vkt9htky3xawu8yskx,11,27,3,2,0,2,3,0,2.435187143292261,6.7299999999999995,9.736666666666666
2024,REG,16,2024122101,59734,12/21/2024,0325,BAL,3900,PIT,visitor,5,2.9866993023508566,SKO738004,3900,Ben Skowronek,B.Skowronek,WR,https://static.www.nfl.com/image/upload/{formatInstructions}/league/piiqiz29g3jukdwkihw3,15,25,2,2,0,2,2,0,1.9641101054024335,4.875,8.740000000000002
2024,REG,16,2024122202,59735,12/22/2024,0200,ATL,3410,NYG,home,1,2.9866993023508566,LON013463,0200,Drake London,D.London,WR,https://static.www.nfl.com/image/upload/{formatInstructions}/league/wikjazqtt3uunjufgqrf,5,59,8,5,0,5,8,0,2.4493061529650997,6.1000000000000005,6.6225000000000005
2024,REG,16,2024122202,59735,12/22/2024,0200,ATL,3410,NYG,home,2,2.9866993023508566,MOO076900,0200,Darnell Mooney,D.Mooney,WR,https://static.www.nfl.com/image/upload/{formatInstructions}/league/c1ixyspw0eshl3a2qrly,1,82,6,5,0,5,6,0,2.99161818642339,6.516666666666667,12.275
2024,REG,16,2024122202,59735,12/22/2024,0200,ATL,3410,NYG,home,3,2.9866993023508566,MCC417118,0200,Ray-Ray McCloud,R.McCloud,WR,https://static.www.nfl.com/image/upload/{formatInstructions}/league/nvwn3sdihyyd2itjt7vy,34,19,4,3,0,3,4,0,2.559287685067254,7.5566666666666675,3.1325000000000003
2024,REG,16,2024122202,59735,12/22/2024,0200,ATL,3410,NYG,home,4,2.9866993023508566,WOE138430,0200,Charlie Woerner,C.Woerner,TE,https://static.www.nfl.com/image/upload/{formatInstructions}/league/hllqdtlyjbs2gbdgn6lj,89,0,2,0,0,0,2,0,1.7022747566063128,,1.620000000000001
2024,REG,16,2024122202,59735,12/22/2024,0200,ATL,3410,NYG,home,5,2.9866993023508566,PIT516805,0200,Kyle Pitts,K.Pitts,TE,https://static.www.nfl.com/image/upload/{formatInstructions}/league/t8ymqyhvv8i1r80jyhy2,8,7,2,1,0,1,2,0,1.1928488623072373,6.959999999999999,4.155
2024,REG,16,2024122202,59735,12/22/2024,0200,ATL,3410,NYG,visitor,1,2.9866993023508566,NAB400459,3410,Malik Nabers,M.Nabers,WR,https://static.www.nfl.com/image/upload/{formatInstructions}/league/w3edoyyuomqlovvp9ixc,1,68,14,7,0,7,14,0,3.169568717981375,7.174999999999999,9.786428571428571
2024,REG,16,2024122202,59735,12/22/2024,0200,ATL,3410,NYG,visitor,2,2.9866993023508566,ROB717726,3410,Wan'Dale Robinson,W.Robinson,WR,https://static.www.nfl.com/image/upload/{formatInstructions}/league/z94hnehk9vgmvtad6sgi,17,62,12,7,0,7,12,0,2.6560487849003276,7.177272727272728,3.6358333333333337
2024,REG,16,2024122202,59735,12/22/2024,0200,ATL,3410,NYG,visitor,3,2.9866993023508566,SLA500077,3410,Darius Slayton,D.Slayton,WR,https://static.www.nfl.com/image/upload/{formatInstructions}/league/zhm6evj813ucss03ndlx,86,21,2,1,0,1,2,0,1.3159804838134783,9.515,18.200000000000003
2024,REG,16,2024122202,59735,12/22/2024,0200,ATL,3410,NYG,visitor,4,2.9866993023508566,HYA420916,3410,Jalin Hyatt,J.Hyatt,WR,https://static.www.nfl.com/image/private/{formatInstructions}/league/ibftqfglvcqaipfdnr4f,13,9,2,1,0,1,2,0,2.3586921534397423,1.9749999999999999,19.959999999999997
2024,REG,16,2024122202,59735,12/22/2024,0200,ATL,3410,NYG,visitor,5,2.9866993023508566,BEL680916,3410,Daniel Bellinger,D.Bellinger,TE,https://static.www.nfl.com/image/upload/{formatInstructions}/league/f9xmqszyicfahxrcqevp,82,5,2,1,0,1,2,0,0.7710496266855554,4.715,3.4450000000000003
2024,REG,16,2024122203,59736,12/22/2024,0610,BUF,3200,NE,home,1,2.9866993023508566,KIN069130,0610,Dalton Kincaid,D.Kincaid,TE,https://static.www.nfl.com/image/upload/{formatInstructions}/league/rsimqxdfwlb1n9qd4w3g,86,15,7,4,0,4,7,0,2.7628154055169074,5.1579999999999995,9.312857142857142
2024,REG,16,2024122203,59736,12/22/2024,0610,BUF,3200,NE,home,2,2.9866993023508566,SHA107427,0610,Khalil Shakir,K.Shakir,WR,https://static.www.nfl.com/image/upload/{formatInstructions}/league/ch2yarhiobqlvr9ls2yw,10,22,6,2,0,2,6,0,2.743316771584476,6.683333333333334,17.183333333333334
2024,REG,16,2024122203,59736,12/22/2024,0610,BUF,3200,NE,home,3,2.9866993023508566,HOL280459,0610,Mack Hollins,M.Hollins,WR,https://static.www.nfl.com/image/upload/{formatInstructions}/league/xchw7quzjszgrm6psbyg,13,25,3,2,0,2,3,0,1.8397882876109917,10.363333333333332,11.99333333333333
2024,REG,16,2024122203,59736,12/22/2024,0610,BUF,3200,NE,home,4,2.9866993023508566,COO487703,0610,Amari Cooper,A.Cooper,WR,https://static.www.nfl.com/image/upload/{formatInstructions}/league/zmtzqznqui37unmo5xv9,18,10,2,1,0,1,2,0,2.888769581572248,4.405,5.219999999999999
2024,REG,16,2024122203,59736,12/22/2024,0610,BUF,3200,NE,home,5,2.9866993023508566,COL295571,0610,Keon Coleman,K.Coleman,WR,https://static.www.nfl.com/image/upload/{formatInstructions}/league/ipwpdgb0cm3xy3d8zu1l,0,17,2,1,0,1,2,0,1.272870935507564,8.58,33.44
2024,REG,16,2024122203,59736,12/22/2024,0610,BUF,3200,NE,visitor,1,2.9866993023508566,HEN617052,3200,Hunter Henry,H.Henry,TE,https://static.www.nfl.com/image/private/{formatInstructions}/league/sdjob9akppefyo7py5tj,85,39,8,4,1,4,8,1,1.363809494596552,4.156666666666667,7.7425
2024,REG,16,2024122203,59736,12/22/2024,0610,BUF,3200,NE,visitor,2,2.9866993023508566,BOU482823,3200,Kayshon Boutte,K.Boutte,WR,https://static.www.nfl.com/image/private/{formatInstructions}/league/nz6t7jhx6erszovbv1bd,9,95,7,5,1,5,7,1,4.36503541649949,2.686666666666667,13.961428571428572
2024,REG,16,2024122203,59736,12/22/2024,0610,BUF,3200,NE,visitor,3,2.9866993023508566,HOO570770,3200,Austin Hooper,A.Hooper,TE,https://static.www.nfl.com/image/upload/{formatInstructions}/league/hj0ybtjspne3t1cso961,81,55,5,4,0,4,5,0,3.6027903061521203,5.275,10.297999999999998
2024,REG,16,2024122203,59736,12/22/2024,0610,BUF,3200,NE,visitor,4,2.9866993023508566,DOU259552,3200,Demario Douglas,D.Douglas,WR,https://static.www.nfl.com/image/private/{formatInstructions}/league/svnh61ottqtfmcqvnbj3,3,33,5,4,0,4,5,0,5.67531633953864,8.4825,0.006000000000000938
2024,REG,16,2024122203,59736,12/22/2024,0610,BUF,3200,NE,visitor,5,2.9866993023508566,BOU434790,3200,Kendrick Bourne,K.Bourne,WR,https://static.www.nfl.com/image/private/{formatInstructions}/league/vrovcaqql9p6xsycko83,84,18,2,2,0,2,2,0,1.287162378224219,5.9399999999999995,6.630000000000003
2024,REG,16,2024122204,59737,12/22/2024,0750,CAR,3800,ARI,home,1,2.9866993023508566,THI510348,0750,Adam Thielen,A.Thielen,WR,https://static.www.nfl.com/image/upload/{formatInstructions}/league/pxehgo0l9xl03n7dronf,19,43,6,5,1,5,6,1,2.69143225356003,6.388333333333333,11.201666666666668
2024,REG,16,2024122204,59737,12/22/2024,0750,CAR,3800,ARI,home,2,2.9866993023508566,COK451291,0750,Jalen Coker,J.Coker,WR,https://static.www.nfl.com/image/upload/{formatInstructions}/league/wk9xewrixauh09f71pqh,18,8,5,2,0,2,5,0,1.4888136040144473,6.016,9.822
2024,REG,16,2024122204,59737,12/22/2024,0750,CAR,3800,ARI,home,3,2.9866993023508566,MOO249444,0750,David Moore,D.Moore,WR,https://static.www.nfl.com/image/upload/{formatInstructions}/league/i2esmsczxxoq7pzvg6yf,83,39,3,2,1,2,3,1,1.9169484769324523,2.2166666666666663,15.093333333333332
2024,REG,16,2024122204,59737,12/22/2024,0750,CAR,3800,ARI,home,4,2.9866993023508566,TRE718453,0750,Tommy Tremble,T.Tremble,TE,https://static.www.nfl.com/image/upload/{formatInstructions}/league/jn0kmd8lg9hu4fjnnat9,82,32,3,3,0,3,3,0,2.4754546021918347,4.05,3.006666666666664
2024,REG,16,2024122204,59737,12/22/2024,0750,CAR,3800,ARI,home,5,2.9866993023508566,CHI740772,0750,Dan Chisena,D.Chisena,WR,https://static.www.nfl.com/image/upload/{formatInstructions}/league/dwiqdrtc7vgrvngxoiix,88,23,2,1,0,1,2,0,2.911529425704041,3.91,7.855
2024,REG,16,2024122204,59737,12/22/2024,0750,CAR,3800,ARI,visitor,1,2.9866993023508566,HAR648677,3800,Marvin Harrison Jr.,M.Harrison,WR,https://static.www.nfl.com/image/upload/{formatInstructions}/league/o6hg5zeofmxvzjjpo2sf,18,39,8,4,0,4,8,0,2.9718610104378445,9.02,10.6225
2024,REG,16,2024122204,59737,12/22/2024,0750,CAR,3800,ARI,visitor,2,2.9866993023508566,WIL752419,3800,Michael Wilson,Mi.Wilson,WR,https://static.www.nfl.com/image/upload/{formatInstructions}/league/spsbduvpqe21tgkwhvbc,14,44,5,2,0,2,5,0,3.366999104415439,8.272,15.878
2024,REG,16,2024122204,59737,12/22/2024,0750,CAR,3800,ARI,visitor,3,2.9866993023508566,MCB743360,3800,Trey McBride,T.McBride,TE,https://static.www.nfl.com/image/upload/{formatInstructions}/league/hfdgljgi9gfaskomdl1h,85,20,4,3,0,3,4,0,1.9789239204494704,4.193333333333333,5.579999999999998
2024,REG,16,2024122204,59737,12/22/2024,0750,CAR,3800,ARI,visitor,4,2.9866993023508566,DOR793727,3800,Greg Dortch,G.Dortch,WR,https://static.www.nfl.com/image/upload/{formatInstructions}/league/gkog6lrht3rnktwiberj,4,19,1,1,0,1,1,0,4.101828860398741,11.03,-2.3900000000000006
2024,REG,16,2024122204,59737,12/22/2024,0750,CAR,3800,ARI,visitor,5,2.9866993023508566,HIG138430,3800,Elijah Higgins,E.Higgins,TE,https://static.www.nfl.com/image/upload/{formatInstructions}/league/sodpdh4uhbhzjxbnmao1,84,0,1,0,0,0,1,0,3.8215441905072915,4.06,14.530000000000001
2024,REG,16,2024122205,59738,12/22/2024,0810,CHI,1540,DET,home,1,2.9866993023508566,ALL532966,0810,Keenan Allen,K.Allen,WR,https://static.www.nfl.com/image/upload/{formatInstructions}/league/lngo1onvkcqjnq7ozkuu,13,141,13,9,1,9,13,1,3.6262560610199097,7.364166666666667,10.876153846153848
2024,REG,16,2024122205,59738,12/22/2024,0810,CHI,1540,DET,home,2,2.9866993023508566,MOO272423,0810,DJ Moore,D.Moore,WR,https://static.www.nfl.com/image/upload/{formatInstructions}/league/hqb9xnzm9brx79zl6wve,2,68,10,7,0,7,10,0,3.407507596487728,5.8149999999999995,10.78
2024,REG,16,2024122205,59738,12/22/2024,0810,CHI,1540,DET,home,3,2.9866993023508566,ODU426541,0810,Rome Odunze,R.Odunze,WR,https://static.www.nfl.com/image/upload/{formatInstructions}/league/labs8tstecnehvzfmrs5,15,77,7,4,0,4,7,0,1.9515122132531115,3.5383333333333336,11.714285714285712
2024,REG,16,2024122205,59738,12/22/2024,0810,CHI,1540,DET,home,4,2.9866993023508566,KME200895,0810,Cole Kmet,C.Kmet,TE,https://static.www.nfl.com/image/upload/{formatInstructions}/league/fdxpctcmwjupassg9g9d,85,9,2,2,1,2,2,1,3.491731358503462,8.15,5.870000000000001
2024,REG,16,2024122205,59738,12/22/2024,0810,CHI,1540,DET,home,5,2.9866993023508566,JOH137817,0810,Collin Johnson,C.Johnson,WR,https://static.www.nfl.com/image/upload/{formatInstructions}/league/ijr7bal4mbsaum2lp9dq,80,0,1,0,0,0,1,0,3.064327006048801,4.9,12.41
2024,REG,16,2024122205,59738,12/22/2024,0810,CHI,1540,DET,visitor,1,2.9866993023508566,STB415291,1540,Amon-Ra St. Brown,A.St. Brown,WR,https://static.www.nfl.com/image/upload/{formatInstructions}/league/jmfuamqblg8jag0stpnq,14,70,8,6,1,6,8,1,3.5137289058434122,6.778571428571429,7.864999999999999
2024,REG,16,2024122205,59738,12/22/2024,0810,CHI,1540,DET,visitor,2,2.9866993023508566,WIL344909,1540,Jameson Williams,Ja.Williams,WR,https://static.www.nfl.com/image/upload/{formatInstructions}/league/kt6xzcnjbe9affdfsayt,9,143,7,5,1,5,7,1,2.62367459052234,5.634285714285714,11.932857142857143
2024,REG,16,2024122205,59738,12/22/2024,0810,CHI,1540,DET,visitor,3,2.9866993023508566,LAP640235,1540,Sam LaPorta,S.LaPorta,TE,https://static.www.nfl.com/image/upload/{formatInstructions}/league/ucw8cfj5t5nwkx670wzu,87,43,7,4,1,4,7,1,3.3415496082103155,8.088,4.837142857142858
2024,REG,16,2024122205,59738,12/22/2024,0810,CHI,1540,DET,visitor,4,2.9866993023508566,PAT283375,1540,Tim Patrick,T.Patrick,WR,https://static.www.nfl.com/image/upload/{formatInstructions}/league/tsbe7jbwmgzby45hnb3j,17,0,1,0,0,0,1,0,0.860232526704265,6.95,18.86
2024,REG,16,2024122206,59739,12/22/2024,2200,IND,2100,TEN,home,1,2.9866993023508566,DOW686145,2200,Josh Downs,J.Downs,WR,https://static.www.nfl.com/image/upload/{formatInstructions}/league/zue2xxvfrignllqlhagu,1,61,4,3,1,3,4,1,5.881449841561336,7.43,-0.8525000000000009
2024,REG,16,2024122206,59739,12/22/2024,2200,IND,2100,TEN,home,2,2.9866993023508566,PIT228050,2200,Michael Pittman,M.Pittman,WR,https://static.www.nfl.com/image/private/{formatInstructions}/league/wnymcombo2plamteihiy,11,19,3,2,0,2,3,0,2.3187985527059896,8.770000000000001,8.016666666666666
2024,REG,16,2024122206,59739,12/22/2024,2200,IND,2100,TEN,home,3,2.9866993023508566,ALI177980,2200,Mo Alie-Cox,M.Alie-Cox,TE,https://static.www.nfl.com/image/upload/{formatInstructions}/league/f4orwwthvtcyd3vfqjvs,81,15,2,1,0,1,2,0,3.5539852687144275,,4.080000000000002
2024,REG,16,2024122206,59739,12/22/2024,2200,IND,2100,TEN,home,4,2.9866993023508566,OGL659589,2200,Andrew Ogletree,A.Ogletree,TE,https://static.www.nfl.com/image/upload/{formatInstructions}/league/xrp8dougs6jb0denyorz,85,0,1,0,0,0,1,0,2.1731313812100765,9.54,20.01
2024,REG,16,2024122206,59739,12/22/2024,2200,IND,2100,TEN,home,5,2.9866993023508566,MIT056120,2200,Adonai Mitchell,A.Mitchell,WR,https://static.www.nfl.com/image/upload/{formatInstructions}/league/fztxucnxhoxep6utluyc,10,36,1,1,0,1,1,0,1.7362315513778674,2.22,31.150000000000006
2024,REG,16,2024122206,59739,12/22/2024,2200,IND,2100,TEN,visitor,1,2.9866993023508566,OKO283611,2100,Chig Okonkwo,C.Okonkwo,TE,https://static.www.nfl.com/image/upload/{formatInstructions}/league/ut2gqeq2lowknrro0wlu,85,81,11,9,0,9,11,0,4.138046839302756,7.411428571428572,6.159090909090907
2024,REG,16,2024122206,59739,12/22/2024,2200,IND,2100,TEN,visitor,2,2.9866993023508566,RID652384,2100,Calvin Ridley,C.Ridley,WR,https://static.www.nfl.com/image/upload/{formatInstructions}/league/tmeij0cfgylmurfybs74,0,78,5,3,1,3,5,1,1.883896138114166,5.72,21.035999999999998
2024,REG,16,2024122206,59739,12/22/2024,2200,IND,2100,TEN,visitor,3,2.9866993023508566,WES567220,2100,Nick Westbrook-Ikhine,N.Westbrook-Ikhine,WR,https://static.www.nfl.com/image/upload/{formatInstructions}/league/rt9ic9wzwl2pevlxt1nd,15,17,4,2,1,2,4,1,2.472132983837991,6.125,11.889999999999999
2024,REG,16,2024122206,59739,12/22/2024,2200,IND,2100,TEN,visitor,4,2.9866993023508566,BOY378353,2100,Tyler Boyd,T.Boyd,WR,https://static.www.nfl.com/image/upload/{formatInstructions}/league/ttifog0hjxprlhkagugu,83,20,3,2,0,2,3,0,1.9333809265091777,7.13,6.586666666666669
2024,REG,16,2024122206,59739,12/22/2024,2200,IND,2100,TEN,visitor,5,2.9866993023508566,MAR796418,2100,David Martin-Robinson,D.Martin-Robinson,TE,https://static.www.nfl.com/image/upload/{formatInstructions}/league/ijqnto6waarhbqizteg0,88,6,1,1,0,1,1,0,7.329372415152609,,0.4899999999999949
2024,REG,16,2024122207,59740,12/22/2024,3430,NYJ,2510,LA,home,1,2.9866993023508566,ADA218591,3430,Davante Adams,D.Adams,WR,https://static.www.nfl.com/image/upload/{formatInstructions}/league/jweoujpjv9u2a8k7wnos,17,68,13,7,1,7,13,1,3.1964099542561657,4.401666666666666,7.877692307692306
2024,REG,16,2024122207,59740,12/22/2024,3430,NYJ,2510,LA,home,2,2.9866993023508566,WIL691962,3430,Garrett Wilson,G.Wilson,WR,https://static.www.nfl.com/image/private/{formatInstructions}/league/llgosx4tokddwnyrgvbx,5,54,7,6,0,6,7,0,4.021507166035837,5.377142857142857,6.65142857142857
2024,REG,16,2024122207,59740,12/22/2024,3430,NYJ,2510,LA,home,3,2.9866993023508566,CON185250,3430,Tyler Conklin,T.Conklin,TE,https://static.www.nfl.com/image/upload/{formatInstructions}/league/chajhumpfogd8effewe6,83,59,7,5,0,5,7,0,4.473580794535787,5.676666666666667,6.952857142857144
2024,REG,16,2024122207,59740,12/22/2024,3430,NYJ,2510,LA,home,4,2.9866993023508566,LAZ043714,3430,Allen Lazard,A.Lazard,WR,https://static.www.nfl.com/image/private/{formatInstructions}/league/blrzk3bfnpneuyhsqiqg,10,20,5,2,0,2,5,0,3.725388433854602,4.854,5.516000000000001
2024,REG,16,2024122207,59740,12/22/2024,3430,NYJ,2510,LA,home,5,2.9866993023508566,RUC675714,3430,Jeremy Ruckert,J.Ruckert,TE,https://static.www.nfl.com/image/private/{formatInstructions}/league/w6bf97vbqitoyo5o7xaa,89,12,2,2,0,2,2,0,9.670207743927932,5.92,0.3999999999999986
2024,REG,16,2024122207,59740,12/22/2024,3430,NYJ,2510,LA,visitor,1,2.9866993023508566,NAC559347,2510,Puka Nacua,P.Nacua,WR,https://static.www.nfl.com/image/upload/{formatInstructions}/league/i1pmrhua5gpvwgsqphxa,17,56,9,8,0,8,9,0,4.541715311874222,6.51375,0.3544444444444458
2024,REG,16,2024122207,59740,12/22/2024,3430,NYJ,2510,LA,visitor,2,2.9866993023508566,KUP534597,2510,Cooper Kupp,C.Kupp,WR,https://static.www.nfl.com/image/upload/{formatInstructions}/league/sq7zwzcgrajuk0hwwph2,10,24,3,3,0,3,3,0,2.26036761885239,9.4,7.199999999999998
2024,REG,16,2024122207,59740,12/22/2024,3430,NYJ,2510,LA,visitor,3,2.9866993023508566,HIG033222,2510,Tyler Higbee,T.Higbee,TE,https://static.www.nfl.com/image/private/{formatInstructions}/league/vk9c6lr4d1pdt9sr86ua,89,11,2,1,1,1,2,1,3.482530133132612,2.48,2.825000000000003
2024,REG,16,2024122207,59740,12/22/2024,3430,NYJ,2510,LA,visitor,4,2.9866993023508566,ATW460468,2510,Tutu Atwell,T.Atwell,WR,https://static.www.nfl.com/image/upload/{formatInstructions}/league/hpvbp9pn7ifbh62nde0n,5,12,2,1,0,1,2,0,4.829882340799074,7.3,8.525000000000002
2024,REG,16,2024122207,59740,12/22/2024,3430,NYJ,2510,LA,visitor,5,2.9866993023508566,ROB399065,2510,Demarcus Robinson,D.Robinson,WR,https://static.www.nfl.com/image/upload/{formatInstructions}/league/lakf0xue1qqb7ed4p6ge,15,0,1,0,0,0,1,0,1.5143315356948817,1.79,22.53
2024,REG,16,2024122208,59741,12/22/2024,5110,WAS,3700,PHI,home,1,2.9866993023508566,ZAC133180,5110,Olamide Zaccheaus,O.Zaccheaus,WR,https://static.www.nfl.com/image/upload/{formatInstructions}/league/hcmdnfgnnvcp0qbktpxd,14,70,8,5,2,5,8,2,5.318276013881266,6.39,4.6
2024,REG,16,2024122208,59741,12/22/2024,5110,WAS,3700,PHI,home,2,2.9866993023508566,MCL278328,5110,Terry McLaurin,T.McLaurin,WR,https://static.www.nfl.com/image/upload/{formatInstructions}/league/wokz1etv1wj1vhbmvxgs,17,60,6,5,1,5,6,1,4.518606331319269,8.516,9.466666666666665
2024,REG,16,2024122208,59741,12/22/2024,5110,WAS,3700,PHI,home,3,2.9866993023508566,BRO408220,5110,Dyami Brown,D.Brown,WR,https://static.www.nfl.com/image/upload/{formatInstructions}/league/mibh7ud59ygmzm19ivac,2,56,5,4,0,4,5,0,2.702140501142771,8.058,15.655999999999997
2024,REG,16,2024122208,59741,12/22/2024,5110,WAS,3700,PHI,home,4,2.9866993023508566,CRO697273,5110,Jamison Crowder,J.Crowder,WR,https://static.www.nfl.com/image/upload/{formatInstructions}/league/rfysbrjrvfdr72cx8who,80,15,4,2,2,2,4,2,2.766552666948228,4.864999999999999,14.555
2024,REG,16,2024122208,59741,12/22/2024,5110,WAS,3700,PHI,home,5,2.9866993023508566,MCC038410,5110,Luke McCaffrey,L.McCaffrey,WR,https://static.www.nfl.com/image/upload/{formatInstructions}/league/iqzscuxu9lxjfhoyxsjg,12,13,3,1,0,1,3,0,3.494978644165217,8.51,8.306666666666667
2024,REG,16,2024122208,59741,12/22/2024,5110,WAS,3700,PHI,visitor,1,2.9866993023508566,BRO413223,3700,A.J. Brown,A.Brown,WR,https://static.www.nfl.com/image/private/{formatInstructions}/league/a014sgzctarbvhwb35lw,11,97,15,8,1,8,15,1,1.7629702772707898,5.046,10.406666666666666
2024,REG,16,2024122208,59741,12/22/2024,5110,WAS,3700,PHI,visitor,2,2.9866993023508566,SMI206016,3700,DeVonta Smith,D.Smith,WR,https://static.www.nfl.com/image/upload/{formatInstructions}/league/bmdflwy52nsk7zpnfhwb,6,51,8,6,0,6,8,0,2.616940971616484,6.435714285714285,7.282500000000001
2024,REG,16,2024122210,59743,12/22/2024,4600,SEA,3000,MIN,home,1,2.9866993023508566,SMI829636,4600,Jaxon Smith-Njigba,J.Smith-Njigba,WR,https://static.www.nfl.com/image/upload/{formatInstructions}/league/lfroslgx4bo5p641flvg,11,95,12,8,1,8,12,1,2.487411311832505,4.4775,12.0475
2024,REG,16,2024122210,59743,12/22/2024,4600,SEA,3000,MIN,home,2,2.9866993023508566,MET363377,4600,DK Metcalf,D.Metcalf,WR,https://static.www.nfl.com/image/upload/{formatInstructions}/league/ezpzdcvzlu5ga4uv6oas,14,57,7,3,1,3,7,1,2.346581642919793,3.505714285714286,16.467142857142857
2024,REG,16,2024122210,59743,12/22/2024,4600,SEA,3000,MIN,home,3,2.9866993023508566,FAN405165,4600,Noah Fant,N.Fant,TE,https://static.www.nfl.com/image/private/{formatInstructions}/league/w1gqasldrg3jumzdqjvy,87,50,6,3,0,3,6,0,4.144379838589775,3.8833333333333333,6.849999999999998
2024,REG,16,2024122210,59743,12/22/2024,4600,SEA,3000,MIN,home,4,2.9866993023508566,BAR235889,4600,AJ Barner,A.Barner,TE,https://static.www.nfl.com/image/upload/{formatInstructions}/league/msnzbeyjoemcas9dm8vt,88,13,2,2,1,2,2,1,2.9878264068526352,6.015,6.194999999999999
2024,REG,16,2024122210,59743,12/22/2024,4600,SEA,3000,MIN,home,5,2.9866993023508566,LOC420915,4600,Tyler Lockett,T.Lockett,WR,https://static.www.nfl.com/image/upload/{formatInstructions}/league/yz9p4pfwr0iyakhnwj4z,16,19,2,2,0,2,2,0,3.001697337382474,2.675,8.754999999999999
2024,REG,16,2024122210,59743,12/22/2024,4600,SEA,3000,MIN,visitor,1,2.9866993023508566,JEF269287,3000,Justin Jefferson,J.Jefferson,WR,https://static.www.nfl.com/image/upload/{formatInstructions}/league/vrftbpzwk6qmv0zjcysg,18,144,13,10,2,10,13,2,3.0936890236228347,4.1499999999999995,11.601538461538464
2024,REG,16,2024122210,59743,12/22/2024,4600,SEA,3000,MIN,visitor,2,2.9866993023508566,ADD491056,3000,Jordan Addison,J.Addison,WR,https://static.www.nfl.com/image/upload/{formatInstructions}/league/tmyckmignrvy8truccwm,3,35,8,5,1,5,8,1,3.36215710489039,4.08625,8.24375
2024,REG,16,2024122210,59743,12/22/2024,4600,SEA,3000,MIN,visitor,3,2.9866993023508566,HOC422041,3000,T.J. Hockenson,T.Hockenson,TE,https://static.www.nfl.com/image/upload/{formatInstructions}/league/n9zhffstwzae8i5di6tk,87,27,5,2,0,2,5,0,3.524197322908175,5.9625,9.288000000000004
2024,REG,16,2024122210,59743,12/22/2024,4600,SEA,3000,MIN,visitor,4,2.9866993023508566,NAI067484,3000,Jalen Nailor,J.Nailor,WR,https://static.www.nfl.com/image/upload/{formatInstructions}/league/fe9b3l4fz6n02gbr5zbt,83,5,2,1,0,1,2,0,0.8750797440500133,5.955,8.660000000000004
2024,REG,16,2024122210,59743,12/22/2024,4600,SEA,3000,MIN,visitor,5,2.9866993023508566,OLI524360,3000,Josh Oliver,J.Oliver,TE,https://static.www.nfl.com/image/private/{formatInstructions}/league/pwd3muzyjclgjlwwtdah,84,0,1,0,0,0,1,0,2.6082369524259135,8.87,6.509999999999998
2024,REG,16,2024122211,59744,12/22/2024,2520,LV,2250,JAX,home,1,2.9866993023508566,BOW196560,2520,Brock Bowers,B.Bowers,TE,https://static.www.nfl.com/image/upload/{formatInstructions}/league/mjy86xh8munoiur4hejf,89,99,13,11,0,11,13,0,3.5544396409834076,7.11125,3.3861538461538463
2024,REG,16,2024122211,59744,12/22/2024,2520,LV,2250,JAX,home,2,2.9866993023508566,MEY171606,2520,Jakobi Meyers,J.Meyers,WR,https://static.www.nfl.com/image/upload/{formatInstructions}/league/p1abjttm5pu8gev0gwea,16,41,5,2,0,2,5,0,2.77929504708185,3.4459999999999993,14.11
2024,REG,16,2024122211,59744,12/22/2024,2520,LV,2250,JAX,home,3,2.9866993023508566,TUC399910,2520,Tre Tucker,T.Tucker,WR,https://static.www.nfl.com/image/upload/{formatInstructions}/league/soebzcfwhgnjffwqv1ox,11,41,4,2,0,2,4,0,0.8725446625548972,2.1475,16.9575
2024,REG,16,2024122211,59744,12/22/2024,2520,LV,2250,JAX,home,4,2.9866993023508566,MAR482288,2520,Terrace Marshall Jr.,T.Marshall,WR,https://static.www.nfl.com/image/private/{formatInstructions}/league/wyzlucfowqdntj6nkh7m,80,0,1,0,0,0,1,0,7.478081304719816,3.96,2.780000000000001
2024,REG,16,2024122211,59744,12/22/2024,2520,LV,2250,JAX,home,5,2.9866993023508566,MAY330676,2520,Michael Mayer,M.Mayer,TE,https://static.www.nfl.com/image/upload/{formatInstructions}/league/rmc4igjgu5za2va8rfe1,87,0,1,0,0,0,1,0,0.6166036003787193,7.18,10.350000000000001
2024,REG,16,2024122211,59744,12/22/2024,2520,LV,2250,JAX,visitor,1,2.9866993023508566,THO419793,2250,Brian Thomas Jr.,B.Thomas,WR,https://static.www.nfl.com/image/upload/{formatInstructions}/league/gsz15iz0ppibhslzzgch,7,132,13,9,1,9,13,1,3.4560623688431997,6.87,10.053846153846155
2024,REG,16,2024122211,59744,12/22/2024,2520,LV,2250,JAX,visitor,2,2.9866993023508566,WAS604325,2250,Parker Washington,P.Washington,WR,https://static.www.nfl.com/image/private/{formatInstructions}/league/pukz1x5ysxkhvsmcttdm,11,54,6,6,0,6,6,0,4.834032893157475,8.39,6.719999999999999
2024,REG,16,2024122211,59744,12/22/2024,2520,LV,2250,JAX,visitor,3,2.9866993023508566,STR188631,2250,Brenton Strange,B.Strange,TE,https://static.www.nfl.com/image/private/{formatInstructions}/league/trfk78mrfsafnbatyx2x,85,22,4,2,0,2,4,0,2.319056482983611,4.7075,4.1875
2024,REG,16,2024122211,59744,12/22/2024,2520,LV,2250,JAX,visitor,4,2.9866993023508566,FAR615740,2250,Luke Farrell,L.Farrell,TE,https://static.www.nfl.com/image/upload/{formatInstructions}/league/f2z7wpmx7ngtxcqqedla,89,8,3,2,0,2,3,0,2.7697322844672505,7.555,3.1066666666666656
2024,REG,16,2024122211,59744,12/22/2024,2520,LV,2250,JAX,visitor,5,2.9866993023508566,DUV459005,2250,Devin Duvernay,D.Duvernay,WR,https://static.www.nfl.com/image/upload/{formatInstructions}/league/wynmyjmvg7cee4y6i21n,12,3,1,1,0,1,1,0,5.8193642264426115,4.59,3.5900000000000034
2024,REG,16,2024122212,59745,12/22/2024,2700,MIA,4500,SF,home,1,2.9866993023508566,HIL628694,2700,Tyreek Hill,T.Hill,WR,https://static.www.nfl.com/image/upload/{formatInstructions}/league/gdwjlpbkenmnsibawkht,10,29,7,3,1,3,7,1,2.132018318276998,3.67,13.734285714285715
2024,REG,16,2024122212,59745,12/22/2024,2700,MIA,4500,SF,home,2,2.9866993023508566,SMI443054,2700,Jonnu Smith,J.Smith,TE,https://static.www.nfl.com/image/upload/{formatInstructions}/league/p8uldtljkzb6sile3wgx,9,62,6,6,0,6,6,0,3.87608667009926,5.476666666666667,2.383333333333333
2024,REG,16,2024122212,59745,12/22/2024,2700,MIA,4500,SF,home,3,2.9866993023508566,WAS519225,2700,Malik Washington,M.Washington,WR,https://static.www.nfl.com/image/upload/{formatInstructions}/league/mlnnipvmbl92w7mmr1pa,83,28,4,3,0,3,4,0,1.9748451787223291,3.983333333333333,11.114999999999998
2024,REG,16,2024122212,59745,12/22/2024,2700,MIA,4500,SF,home,4,2.9866993023508566,CRA117607,2700,River Cracraft,R.Cracraft,WR,https://static.www.nfl.com/image/upload/{formatInstructions}/league/y8t968ntco72t8f8ryba,85,6,3,1,0,1,3,0,3.2449916238464396,7.286666666666666,7.540000000000002
2024,REG,16,2024122212,59745,12/22/2024,2700,MIA,4500,SF,home,5,2.9866993023508566,SMY283236,2700,Durham Smythe,D.Smythe,TE,https://static.www.nfl.com/image/upload/{formatInstructions}/league/twxkgrnpjotgyhwawfsv,81,5,2,1,0,1,2,0,2.8232788844657954,6.94,10.010000000000002
2024,REG,16,2024122212,59745,12/22/2024,2700,MIA,4500,SF,visitor,1,2.9866993023508566,KIT388290,4500,George Kittle,G.Kittle,TE,https://static.www.nfl.com/image/upload/{formatInstructions}/league/ivkrikewqqdllzvano8h,85,106,9,8,0,8,9,0,3.846246245083568,6.9675,4.024444444444444
2024,REG,16,2024122212,59745,12/22/2024,2700,MIA,4500,SF,visitor,2,2.9866993023508566,SAM636097,4500,Deebo Samuel Sr.,D.Samuel,WR,https://static.www.nfl.com/image/upload/{formatInstructions}/league/shqoqpjwwoiexzy6cmgb,1,96,9,7,0,7,9,1,4.982304362330293,7.538333333333334,2.5199999999999987
2024,REG,16,2024122212,59745,12/22/2024,2700,MIA,4500,SF,visitor,3,2.9866993023508566,JEN497457,4500,Jauan Jennings,J.Jennings,WR,https://static.www.nfl.com/image/upload/{formatInstructions}/league/fqyzagb57zrtegmw69eb,15,51,6,4,0,4,6,0,1.8896313327885939,6.063333333333333,14.26
2024,REG,16,2024122212,59745,12/22/2024,2700,MIA,4500,SF,visitor,4,2.9866993023508566,PEA307677,4500,Ricky Pearsall,R.Pearsall,WR,https://static.www.nfl.com/image/upload/{formatInstructions}/league/akwepvt6qxwbgankljmv,14,37,4,4,0,4,4,0,4.08936597515705,7.139999999999999,6.237500000000001
2024,REG,16,2024122212,59745,12/22/2024,2700,MIA,4500,SF,visitor,5,2.9866993023508566,SAU025752,4500,Eric Saubert,E.Saubert,TE,https://static.www.nfl.com/image/upload/{formatInstructions}/league/pxcadtlbynaz2qbffpei,82,2,1,1,1,1,1,1,2.9980326882807664,3.3,6.6
2024,REG,16,2024122213,59746,12/22/2024,1200,DAL,4900,TB,home,1,2.9866993023508566,FER146119,1200,Jake Ferguson,J.Ferguson,TE,https://static.www.nfl.com/image/upload/{formatInstructions}/league/lbvrn1ibwszd6tzgh6o1,87,40,9,6,0,6,9,0,2.855018055725524,5.614444444444445,1.193333333333332
2024,REG,16,2024122213,59746,12/22/2024,1200,DAL,4900,TB,home,2,2.9866993023508566,LAM138457,1200,CeeDee Lamb,C.Lamb,WR,https://static.www.nfl.com/image/upload/{formatInstructions}/league/tfuj9njqdw2dovkwhryc,88,105,8,7,0,7,8,0,3.0038444753201206,4.12375,10.30125
2024,REG,16,2024122213,59746,12/22/2024,1200,DAL,4900,TB,home,3,2.9866993023508566,TOL148914,1200,Jalen Tolbert,J.Tolbert,WR,https://static.www.nfl.com/image/upload/{formatInstructions}/league/cek1m1cbly5rfmmmjpcc,1,20,3,2,1,2,3,1,2.2386078132839278,5.726666666666667,17.953333333333333
2024,REG,16,2024122213,59746,12/22/2024,1200,DAL,4900,TB,home,4,2.9866993023508566,FLO245061,1200,Ryan Flournoy,R.Flournoy,WR,https://static.www.nfl.com/image/upload/{formatInstructions}/league/yq2tbkoz2anbit6zc8ms,80,41,3,3,0,3,3,0,4.832421850825329,5.385,8.26
2024,REG,16,2024122213,59746,12/22/2024,1200,DAL,4900,TB,home,5,2.9866993023508566,COO299382,1200,Brandin Cooks,B.Cooks,WR,https://static.www.nfl.com/image/upload/{formatInstructions}/league/pjoksfxpbba4hevwpuop,3,48,3,3,0,3,3,0,3.106281765924954,4.583333333333333,9.223333333333334
2024,REG,16,2024122213,59746,12/22/2024,1200,DAL,4900,TB,visitor,1,2.9866993023508566,EVA534309,4900,Mike Evans,M.Evans,WR,https://static.www.nfl.com/image/upload/{formatInstructions}/league/vfsaie1uiokfczwv9p4d,13,69,8,5,0,5,8,0,1.937570052442883,7.875,16.847499999999997
2024,REG,16,2024122213,59746,12/22/2024,1200,DAL,4900,TB,visitor,2,2.9866993023508566,DUR344537,4900,Payne Durham,P.Durham,TE,https://static.www.nfl.com/image/upload/{formatInstructions}/league/vrdqb2si9rpshhy51liq,87,29,7,5,0,5,7,0,4.672575211656269,6.53,6.107142857142857
2024,REG,16,2024122213,59746,12/22/2024,1200,DAL,4900,TB,visitor,3,2.9866993023508566,MCM472299,4900,Jalen McMillan,J.McMillan,WR,https://static.www.nfl.com/image/upload/{formatInstructions}/league/zdxkyl8gy4dqiq6evfzp,15,57,7,5,1,5,7,1,2.9215935087316183,8.487142857142857,14.685714285714285
2024,REG,16,2024122213,59746,12/22/2024,1200,DAL,4900,TB,visitor,4,2.9866993023508566,PAL683280,4900,Trey Palmer,T.Palmer,WR,https://static.www.nfl.com/image/upload/{formatInstructions}/league/zv0wdsdctgf2zw2ctumy,10,31,4,2,0,2,4,0,4.170219163130031,5.6225000000000005,22.147500000000004
2024,REG,16,2024122213,59746,12/22/2024,1200,DAL,4900,TB,visitor,5,2.9866993023508566,SHE495754,4900,Sterling Shepard,S.Shepard,WR,https://static.www.nfl.com/image/upload/{formatInstructions}/league/dphqvpkeselgrselrvma,17,20,3,1,0,1,3,0,4.236075763802175,5.72,14.850000000000001
2024,REG,16,2024122214,59732,12/22/2024,0920,CIN,1050,CLE,home,1,2.9866993023508566,HIG387791,0920,Tee Higgins,T.Higgins,WR,https://static.www.nfl.com/image/upload/{formatInstructions}/league/swqgkrdmjecz3vumrex5,5,58,11,8,1,8,11,1,3.2170894395217475,6.6481818181818175,7.7209090909090925
2024,REG,16,2024122214,59732,12/22/2024,0920,CIN,1050,CLE,home,2,2.9866993023508566,CHA694469,0920,Ja'Marr Chase,J.Chase,WR,https://static.www.nfl.com/image/upload/{formatInstructions}/league/qkcb3qt2fhasfgtfuprd,1,97,8,6,1,6,8,1,3.155008346730544,6.21625,10.00875
2024,REG,16,2024122214,59732,12/22/2024,0920,CIN,1050,CLE,home,3,2.9866993023508566,IOS307886,0920,Andrei Iosivas,A.Iosivas,WR,https://static.www.nfl.com/image/upload/{formatInstructions}/league/pgbqgzrxmbnmpcnkhsya,80,53,3,3,1,3,3,1,1.8729975422985852,5.609999999999999,17.453333333333333
2024,REG,16,2024122214,59732,12/22/2024,0920,CIN,1050,CLE,home,4,2.9866993023508566,GES490798,0920,Mike Gesicki,M.Gesicki,TE,https://static.www.nfl.com/image/upload/{formatInstructions}/league/zabpknonv9ozmkyw4qqt,88,14,2,2,0,2,2,0,4.441420685977368,6.955,3.9800000000000004
2024,REG,16,2024122214,59732,12/22/2024,0920,CIN,1050,CLE,home,5,2.9866993023508566,SAM093961,0920,Drew Sample,D.Sample,TE,https://static.www.nfl.com/image/upload/{formatInstructions}/league/xufsbdqfujdqnrnozhg4,89,12,1,1,0,1,1,0,5.343191929923535,3.44,1.9699999999999989
2024,REG,16,2024122214,59732,12/22/2024,0920,CIN,1050,CLE,visitor,1,2.9866993023508566,NJO355964,1050,David Njoku,D.Njoku,TE,https://static.www.nfl.com/image/private/{formatInstructions}/league/ilvxwdllivrvwbuj69cm,85,66,10,8,0,8,10,0,3.0138483183937708,8.441428571428572,4.874
2024,REG,16,2024122214,59732,12/22/2024,0920,CIN,1050,CLE,visitor,2,2.9866993023508566,MOO279723,1050,Elijah Moore,E.Moore,WR,https://static.www.nfl.com/image/private/{formatInstructions}/league/bhwvzckfhhcqhb7zdqyj,8,21,5,2,0,2,5,0,5.123086377448359,6.5225,8.328000000000003
2024,REG,16,2024122214,59732,12/22/2024,0920,CIN,1050,CLE,visitor,3,2.9866993023508566,WOO545683,1050,Mike Woods,M.Woods,WR,https://static.www.nfl.com/image/private/{formatInstructions}/league/qlps63mn8jfsvqgf7cub,81,0,3,0,0,0,3,0,3.2100472130889846,6.455,11.846666666666666
2024,REG,16,2024122214,59732,12/22/2024,0920,CIN,1050,CLE,visitor,4,2.9866993023508566,JEU415291,1050,Jerry Jeudy,J.Jeudy,WR,https://static.www.nfl.com/image/upload/{formatInstructions}/league/szca1v9butuqkjs7ekpm,3,20,3,2,0,2,3,0,1.945436726083847,5.745,7.06
2024,REG,16,2024122214,59732,12/22/2024,0920,CIN,1050,CLE,visitor,5,2.9866993023508566,AKI501776,1050,Jordan Akins,J.Akins,TE,https://static.www.nfl.com/image/private/{formatInstructions}/league/fgkl9zfpy2yxrkxfge84,88,8,2,1,0,1,2,0,3.527794486066213,7.12,7.324999999999999
2024,REG,16,2024122300,59747,12/23/2024,1800,GB,3300,NO,home,1,2.9866993023508566,WIC622867,1800,Dontayvion Wicks,D.Wicks,WR,https://static.www.nfl.com/image/upload/{formatInstructions}/league/ghsev2bmz8kvhm8dsbey,13,13,7,3,1,3,7,1,2.4653401281972656,5.5,7.815714285714287
2024,REG,16,2024122300,59747,12/23/2024,1800,GB,3300,NO,home,2,2.9866993023508566,REE263142,1800,Jayden Reed,J.Reed,WR,https://static.www.nfl.com/image/upload/{formatInstructions}/league/blh2tfg9qjthqo2g6ot4,11,76,4,3,0,3,4,0,1.8606865346767252,5.6425,18.897499999999997
2024,REG,16,2024122300,59747,12/23/2024,1800,GB,3300,NO,home,3,2.9866993023508566,KRA144054,1800,Tucker Kraft,T.Kraft,TE,https://static.www.nfl.com/image/upload/{formatInstructions}/league/klrmgekdzx1ywjjmixp7,85,63,4,3,0,3,4,0,5.557490449693168,5.215,4.325000000000001
2024,REG,16,2024122300,59747,12/23/2024,1800,GB,3300,NO,home,4,2.9866993023508566,DOU043165,1800,Romeo Doubs,R.Doubs,WR,https://static.www.nfl.com/image/upload/{formatInstructions}/league/dyulbddqbqshoqdxgo63,87,20,3,2,0,2,3,0,2.4517002191441257,4.47,14.726666666666668
2024,REG,16,2024122300,59747,12/23/2024,1800,GB,3300,NO,home,5,2.9866993023508566,MUS097324,1800,Luke Musgrave,L.Musgrave,TE,https://static.www.nfl.com/image/upload/{formatInstructions}/league/mn9nugrtq8kb8sysrvne,88,0,1,0,0,0,1,0,2.0026232796010324,2.63,6.509999999999998
2024,REG,16,2024122300,59747,12/23/2024,1800,GB,3300,NO,visitor,1,2.9866993023508566,PET735981,3300,Dante Pettis,D.Pettis,WR,https://static.www.nfl.com/image/upload/{formatInstructions}/league/bkn6mnwboawe7iucprxe,17,31,7,2,0,2,7,0,1.8105352862869186,6.835,12.360000000000001
2024,REG,16,2024122300,59747,12/23/2024,1800,GB,3300,NO,visitor,2,2.9866993023508566,AUS749254,3300,Kevin Austin Jr.,K.Austin,WR,https://static.www.nfl.com/image/upload/{formatInstructions}/league/vdah0xfiadl04o4s6xd0,81,17,4,1,0,1,4,0,2.7218598583609976,7.717499999999999,9.257500000000002
2024,REG,16,2024122300,59747,12/23/2024,1800,GB,3300,NO,visitor,3,2.9866993023508566,MOR096402,3300,Foster Moreau,F.Moreau,TE,https://static.www.nfl.com/image/upload/{formatInstructions}/league/hfcik9okcbwsbhgoaljy,87,33,3,2,0,2,3,0,2.945159724543297,6.706666666666667,8.589999999999998
2024,REG,16,2024122300,59747,12/23/2024,1800,GB,3300,NO,visitor,4,2.9866993023508566,JOH398789,3300,Juwan Johnson,J.Johnson,TE,https://static.www.nfl.com/image/upload/{formatInstructions}/league/pdsl9w3agc9uvjqpq1jy,83,27,2,2,0,2,2,0,1.8168669721351915,9.46,10.195
2024,REG,16,2024122300,59747,12/23/2024,1800,GB,3300,NO,visitor,5,2.9866993023508566,TIP628557,3300,Mason Tipton,M.Tipton,WR,https://static.www.nfl.com/image/upload/{formatInstructions}/league/ldzn20eu15intdsolw9i,84,0,1,0,0,0,1,0,0.8868483523128424,10.01,2.770000000000003
2024,REG,17,2024122500,59748,12/25/2024,3900,PIT,2310,KC,home,1,2.9866993023508566,FRE439769,3900,Pat Freiermuth,P.Freiermuth,TE,https://static.www.nfl.com/image/upload/{formatInstructions}/league/sozfjyy3bmntjv8tmqah,88,60,8,7,0,7,8,0,3.7978086533637696,6.005714285714285,7.268750000000001
2024,REG,17,2024122500,59748,12/25/2024,3900,PIT,2310,KC,home,2,2.9866993023508566,PIC576156,3900,George Pickens,G.Pickens,WR,https://static.www.nfl.com/image/upload/{formatInstructions}/league/klxzcb6p7ekngcognpiy,14,50,7,3,0,3,7,0,2.4015818468989543,5.2057142857142855,13.95142857142857
2024,REG,17,2024122500,59748,12/25/2024,3900,PIT,2310,KC,home,3,2.9866993023508566,AUS738004,3900,Calvin Austin III,C.Austin,WR,https://static.www.nfl.com/image/private/{formatInstructions}/league/qlt6ztqcbu0uzad6aavt,19,31,5,4,0,4,5,0,4.382290353231182,4.466666666666667,8.784
2024,REG,17,2024122500,59748,12/25/2024,3900,PIT,2310,KC,home,4,2.9866993023508566,WIL000009,3900,Mike Williams,M.Williams,WR,https://static.www.nfl.com/image/upload/{formatInstructions}/league/vwu8nudrnk3l7samz8mf,18,0,2,0,0,0,2,0,1.3169669606163885,4.0,23.994999999999997
2024,REG,17,2024122500,59748,12/25/2024,3900,PIT,2310,KC,home,5,2.9866993023508566,HEY274236,3900,Connor Heyward,Co.Heyward,TE,https://static.www.nfl.com/image/upload/{formatInstructions}/league/b9bnasge2v2dtctdtqnf,83,8,1,1,0,1,1,0,4.226925596695543,6.11,7.810000000000002
2024,REG,17,2024122500,59748,12/25/2024,3900,PIT,2310,KC,visitor,1,2.9866993023508566,KEL012458,2310,Travis Kelce,T.Kelce,TE,https://static.www.nfl.com/image/upload/{formatInstructions}/league/ilk4qbxxs6mt3v9zfvtg,87,84,11,8,1,8,11,1,4.340512625685896,6.6033333333333335,5.876363636363638
2024,REG,17,2024122500,59748,12/25/2024,3900,PIT,2310,KC,visitor,2,2.9866993023508566,WOR741496,2310,Xavier Worthy,X.Worthy,WR,https://static.www.nfl.com/image/upload/{formatInstructions}/league/fvzbx5gpiqkogglyoo1w,1,79,9,8,0,8,9,1,5.072129914530418,7.258571428571429,0.3455555555555551
2024,REG,17,2024122500,59748,12/25/2024,3900,PIT,2310,KC,visitor,3,2.9866993023508566,BRO413218,2310,Marquise Brown,M.Brown,WR,https://static.www.nfl.com/image/upload/{formatInstructions}/league/ixuddegcphzmvjn4jq6r,5,46,7,4,0,4,7,0,3.4446137559451446,8.162857142857144,8.665714285714285
2024,REG,17,2024122500,59748,12/25/2024,3900,PIT,2310,KC,visitor,4,2.9866993023508566,HOP161500,2310,DeAndre Hopkins,D.Hopkins,WR,https://static.www.nfl.com/image/upload/{formatInstructions}/league/viymeohipdn0voptrkzh,8,7,4,2,0,2,4,0,2.040162410927519,5.492500000000001,6.325000000000003
2024,REG,17,2024122500,59748,12/25/2024,3900,PIT,2310,KC,visitor,5,2.9866993023508566,WAT441238,2310,Justin Watson,Ju.Watson,WR,https://static.www.nfl.com/image/private/{formatInstructions}/league/vr9tayyujt23takv3hv3,84,60,2,2,1,2,2,1,1.7314222145482154,3.785,26.575000000000003
2024,REG,17,2024122501,59749,12/25/2024,2120,HOU,0325,BAL,home,1,2.9866993023508566,MET373452,2120,John Metchie III,J.Metchie,WR,https://static.www.nfl.com/image/upload/{formatInstructions}/league/zf0d6hiyqnmtst0vwdpv,8,48,8,5,0,5,8,0,2.5293693367308143,4.88,9.76125
2024,REG,17,2024122501,59749,12/25/2024,2120,HOU,0325,BAL,home,2,2.9866993023508566,COL654119,2120,Nico Collins,N.Collins,WR,https://static.www.nfl.com/image/upload/{formatInstructions}/league/q7c9aq8rpremfygslmya,12,59,6,3,0,3,6,0,2.251043385389658,5.544999999999999,19.688333333333333
2024,REG,17,2024122501,59749,12/25/2024,2120,HOU,0325,BAL,home,3,2.9866993023508566,SCH647271,2120,Dalton Schultz,D.Schultz,TE,https://static.www.nfl.com/image/upload/{formatInstructions}/league/ooatvpu1knzypdmjljo9,86,21,6,2,0,2,6,0,2.9534307476563075,5.62,6.226666666666666
2024,REG,17,2024122501,59749,12/25/2024,2120,HOU,0325,BAL,home,4,2.9866993023508566,HUT304546,2120,Xavier Hutchinson,X.Hutchinson,WR,https://static.www.nfl.com/image/upload/{formatInstructions}/league/vlxzxhej5ffelkxrqf4g,19,21,4,2,0,2,4,0,2.5704305163221948,7.5175,13.834999999999997
2024,REG,17,2024122501,59749,12/25/2024,2120,HOU,0325,BAL,home,5,2.9866993023508566,WOO561144,2120,Robert Woods,R.Woods,WR,https://static.www.nfl.com/image/upload/{formatInstructions}/league/ydjg5fylwkf5aaxiul6v,2,21,2,2,0,2,2,0,2.759841163940645,7.74,8.895
2024,REG,17,2024122501,59749,12/25/2024,2120,HOU,0325,BAL,visitor,1,2.9866993023508566,FLO577002,0325,Zay Flowers,Z.Flowers,WR,https://static.www.nfl.com/image/upload/{formatInstructions}/league/oidhqwg0fjvanyk57nc1,4,31,5,2,0,2,5,0,1.8643002735873062,7.975999999999999,14.786000000000001
2024,REG,17,2024122501,59749,12/25/2024,2120,HOU,0325,BAL,visitor,2,2.9866993023508566,WAL125280,0325,Devontez Walker,D.Walker,WR,https://static.www.nfl.com/image/upload/{formatInstructions}/league/jsgddyppttajr7czq18x,81,0,2,0,0,0,2,0,1.4250197258623993,2.5,31.835
2024,REG,17,2024122501,59749,12/25/2024,2120,HOU,0325,BAL,visitor,3,2.9866993023508566,AND701433,0325,Mark Andrews,M.Andrews,TE,https://static.www.nfl.com/image/upload/{formatInstructions}/league/y5maejm3puruskwc344y,89,68,2,2,1,2,2,1,5.527013123190983,4.925000000000001,11.335000000000004
2024,REG,17,2024122501,59749,12/25/2024,2120,HOU,0325,BAL,visitor,4,2.9866993023508566,BAT103884,0325,Rashod Bateman,R.Bateman,WR,https://static.www.nfl.com/image/upload/{formatInstructions}/league/jkcapzvd65fxivefjv8l,7,12,1,1,0,1,1,0,1.9356910910576597,6.7,10.690000000000001
2024,REG,17,2024122501,59749,12/25/2024,2120,HOU,0325,BAL,visitor,5,2.9866993023508566,MIL140090,0325,Anthony Miller,A.Miller,WR,https://static.www.nfl.com/image/upload/{formatInstructions}/league/uvxiydh3yxydavl2fgpr,6,16,1,1,0,1,1,0,1.33,3.24,16.25
2024,REG,17,2024122600,59750,12/26/2024,0810,CHI,4600,SEA,home,1,2.9866993023508566,ALL532966,0810,Keenan Allen,K.Allen,WR,https://static.www.nfl.com/image/upload/{formatInstructions}/league/lngo1onvkcqjnq7ozkuu,13,25,8,5,0,5,8,0,3.4311193517487975,4.12125,5.01875
2024,REG,17,2024122600,59750,12/26/2024,0810,CHI,4600,SEA,home,2,2.9866993023508566,MOO272423,0810,DJ Moore,D.Moore,WR,https://static.www.nfl.com/image/upload/{formatInstructions}/league/hqb9xnzm9brx79zl6wve,2,54,8,6,0,6,8,0,3.4045851217596548,5.547499999999999,5.634999999999998
2024,REG,17,2024122600,59750,12/26/2024,0810,CHI,4600,SEA,home,3,2.9866993023508566,ODU426541,0810,Rome Odunze,R.Odunze,WR,https://static.www.nfl.com/image/upload/{formatInstructions}/league/labs8tstecnehvzfmrs5,15,15,4,1,0,1,4,0,2.6494511994084085,3.3675,17.682499999999997
2024,REG,17,2024122600,59750,12/26/2024,0810,CHI,4600,SEA,home,4,2.9866993023508566,EVE166115,0810,Gerald Everett,G.Everett,TE,https://static.www.nfl.com/image/upload/{formatInstructions}/league/aayw74rhaupmfnnikzak,14,0,1,0,0,0,1,0,1.7477127910500616,2.55,19.46
2024,REG,17,2024122600,59750,12/26/2024,0810,CHI,4600,SEA,visitor,1,2.9866993023508566,SMI829636,4600,Jaxon Smith-Njigba,J.Smith-Njigba,WR,https://static.www.nfl.com/image/upload/{formatInstructions}/league/lfroslgx4bo5p641flvg,11,32,6,3,0,3,6,0,3.467862569172516,5.49,6.620000000000001
2024,REG,17,2024122600,59750,12/26/2024,0810,CHI,4600,SEA,visitor,2,2.9866993023508566,FAN405165,4600,Noah Fant,N.Fant,TE,https://static.www.nfl.com/image/private/{formatInstructions}/league/w1gqasldrg3jumzdqjvy,87,43,5,4,0,4,5,0,5.2174462332229545,7.045,0.7219999999999984
2024,REG,17,2024122600,59750,12/26/2024,0810,CHI,4600,SEA,visitor,3,2.9866993023508566,LOC420915,4600,Tyler Lockett,T.Lockett,WR,https://static.www.nfl.com/image/upload/{formatInstructions}/league/yz9p4pfwr0iyakhnwj4z,16,20,4,3,0,3,4,0,3.0120855043073003,6.8225,3.6625
2024,REG,17,2024122600,59750,12/26/2024,0810,CHI,4600,SEA,visitor,4,2.9866993023508566,MET363377,4600,DK Metcalf,D.Metcalf,WR,https://static.www.nfl.com/image/upload/{formatInstructions}/league/ezpzdcvzlu5ga4uv6oas,14,42,3,3,0,3,3,0,4.8318723956024,7.93,10.406666666666666
2024,REG,17,2024122600,59750,12/26/2024,0810,CHI,4600,SEA,visitor,5,2.9866993023508566,BRO579945,4600,Pharaoh Brown,P.Brown,TE,https://static.www.nfl.com/image/upload/{formatInstructions}/league/ab0kbxsmasznlccuezcq,86,4,1,1,0,1,1,0,4.613133425341174,,-1.75
2024,REG,17,2024122800,59753,12/28/2024,3200,NE,4400,LAC,home,1,2.9866993023508566,BOU482823,3200,Kayshon Boutte,K.Boutte,WR,https://static.www.nfl.com/image/private/{formatInstructions}/league/nz6t7jhx6erszovbv1bd,9,28,5,4,0,4,5,0,1.4240505436149669,7.614,11.424
2024,REG,17,2024122800,59753,12/28/2024,3200,NE,4400,LAC,home,2,2.9866993023508566,DOU259552,3200,Demario Douglas,D.Douglas,WR,https://static.www.nfl.com/image/private/{formatInstructions}/league/svnh61ottqtfmcqvnbj3,3,46,5,4,1,4,5,1,3.260605933983861,8.306000000000001,8.531999999999998
2024,REG,17,2024122800,59753,12/28/2024,3200,NE,4400,LAC,home,3,2.9866993023508566,BOU434790,3200,Kendrick Bourne,K.Bourne,WR,https://static.www.nfl.com/image/private/{formatInstructions}/league/vrovcaqql9p6xsycko83,84,22,4,2,0,2,4,0,3.5205640475350206,7.8675,10.870000000000001
2024,REG,17,2024122800,59753,12/28/2024,3200,NE,4400,LAC,home,4,2.9866993023508566,HOO570770,3200,Austin Hooper,A.Hooper,TE,https://static.www.nfl.com/image/upload/{formatInstructions}/league/hj0ybtjspne3t1cso961,81,19,3,3,0,3,3,0,1.9721352322766847,,5.276666666666666
2024,REG,17,2024122800,59753,12/28/2024,3200,NE,4400,LAC,home,5,2.9866993023508566,HEN617052,3200,Hunter Henry,H.Henry,TE,https://static.www.nfl.com/image/private/{formatInstructions}/league/sdjob9akppefyo7py5tj,85,0,2,0,0,0,2,0,1.2209354360014442,6.3149999999999995,9.510000000000002
2024,REG,17,2024122800,59753,12/28/2024,3200,NE,4400,LAC,visitor,1,2.9866993023508566,MCC512833,4400,Ladd McConkey,L.McConkey,WR,https://static.www.nfl.com/image/upload/{formatInstructions}/league/wcx39ialovvxxnvs2bke,15,94,10,8,2,8,10,2,3.9410424961677224,5.755,11.258
2024,REG,17,2024122800,59753,12/28/2024,3200,NE,4400,LAC,visitor,2,2.9866993023508566,JOH823261,4400,Quentin Johnston,Q.Johnston,WR,https://static.www.nfl.com/image/upload/{formatInstructions}/league/jbxlvsbokf9qdqtet1qr,1,48,8,5,0,5,8,0,3.93192119422116,7.89875,10.20375
2024,REG,17,2024122800,59753,12/28/2024,3200,NE,4400,LAC,visitor,3,2.9866993023508566,PAL451625,4400,Josh Palmer,J.Palmer,WR,https://static.www.nfl.com/image/upload/{formatInstructions}/league/dexbsmmldvsqtr83or5l,5,41,6,4,0,4,6,0,2.8020686491108724,6.0566666666666675,15.291666666666666
2024,REG,17,2024122800,59753,12/28/2024,3200,NE,4400,LAC,visitor,4,2.9866993023508566,CHA553392,4400,DJ Chark,D.Chark,WR,https://static.www.nfl.com/image/upload/{formatInstructions}/league/skuieceh50r31ulwpo5s,9,0,4,0,0,0,4,0,1.73958857537213,7.465,12.5925
2024,REG,17,2024122800,59753,12/28/2024,3200,NE,4400,LAC,visitor,5,2.9866993023508566,DIS743152,4400,Will Dissly,W.Dissly,TE,https://static.www.nfl.com/image/upload/{formatInstructions}/league/opdpeoconvviwkufolxr,81,21,3,2,0,2,3,0,4.938433165451072,4.720000000000001,-0.3166666666666688
2024,REG,17,2024122801,59751,12/28/2024,0920,CIN,1400,DEN,home,1,2.9866993023508566,CHA694469,0920,Ja'Marr Chase,J.Chase,WR,https://static.www.nfl.com/image/upload/{formatInstructions}/league/qkcb3qt2fhasfgtfuprd,1,102,15,9,0,9,15,0,2.6883677967358888,4.36,7.785333333333333
2024,REG,17,2024122801,59751,12/28/2024,0920,CIN,1400,DEN,home,2,2.9866993023508566,GES490798,0920,Mike Gesicki,M.Gesicki,TE,https://static.www.nfl.com/image/upload/{formatInstructions}/league/zabpknonv9ozmkyw4qqt,88,86,12,10,0,10,12,0,2.9005831250882905,4.924545454545455,5.704166666666666
2024,REG,17,2024122801,59751,12/28/2024,0920,CIN,1400,DEN,home,3,2.9866993023508566,HIG387791,0920,Tee Higgins,T.Higgins,WR,https://static.www.nfl.com/image/upload/{formatInstructions}/league/swqgkrdmjecz3vumrex5,5,131,12,11,3,11,12,3,1.9620672548502718,4.4158333333333335,10.874166666666666
2024,REG,17,2024122801,59751,12/28/2024,0920,CIN,1400,DEN,home,4,2.9866993023508566,IOS307886,0920,Andrei Iosivas,A.Iosivas,WR,https://static.www.nfl.com/image/upload/{formatInstructions}/league/pgbqgzrxmbnmpcnkhsya,80,59,4,3,0,3,4,0,1.5424468023116118,3.7074999999999996,11.04
2024,REG,17,2024122801,59751,12/28/2024,0920,CIN,1400,DEN,home,5,2.9866993023508566,GRA307858,0920,Cam Grandy,C.Grandy,TE,https://static.www.nfl.com/image/upload/{formatInstructions}/league/uay5dmniqx1baal3q3uu,85,7,1,1,0,1,1,0,3.2127869521647408,3.41,0.28000000000000114
2024,REG,17,2024122801,59751,12/28/2024,0920,CIN,1400,DEN,visitor,1,2.9866993023508566,SUT333526,1400,Courtland Sutton,C.Sutton,WR,https://static.www.nfl.com/image/upload/{formatInstructions}/league/qts95gbd6hv65s9eiseq,14,55,9,5,1,5,9,1,2.1215025152505587,2.9022222222222225,13.336666666666666
2024,REG,17,2024122801,59751,12/28/2024,0920,CIN,1400,DEN,visitor,2,2.9866993023508566,MIM654774,1400,Marvin Mims Jr.,M.Mims,WR,https://static.www.nfl.com/image/upload/{formatInstructions}/league/trvilnckw7nprw1gkghl,19,103,8,8,2,8,8,2,4.551844872772702,5.423333333333333,8.765
2024,REG,17,2024122801,59751,12/28/2024,0920,CIN,1400,DEN,visitor,3,2.9866993023508566,TRA447732,1400,Adam Trautman,A.Trautman,TE,https://static.www.nfl.com/image/upload/{formatInstructions}/league/qvqigum2qjhil0z3er2c,82,5,3,1,0,1,3,0,2.4235155828438013,6.14,2.723333333333334
2024,REG,17,2024122801,59751,12/28/2024,0920,CIN,1400,DEN,visitor,4,2.9866993023508566,FRA545210,1400,Troy Franklin,T.Franklin,WR,https://static.www.nfl.com/image/upload/{formatInstructions}/league/w429urxwxc8sw4bsbvxz,16,-1,2,1,0,1,2,0,3.3945839241819247,4.25,13.254999999999999
2024,REG,17,2024122801,59751,12/28/2024,0920,CIN,1400,DEN,visitor,5,2.9866993023508566,VEL175757,1400,Devaughn Vele,D.Vele,WR,https://static.www.nfl.com/image/upload/{formatInstructions}/league/f2lz4vsh2daurrwdamzv,17,27,2,2,0,2,2,0,4.429381440114841,3.8400000000000003,10.595
2024,REG,17,2024122802,59752,12/28/2024,2510,LA,3800,ARI,home,1,2.9866993023508566,NAC559347,2510,Puka Nacua,P.Nacua,WR,https://static.www.nfl.com/image/upload/{formatInstructions}/league/i1pmrhua5gpvwgsqphxa,17,129,14,10,0,10,14,0,2.891291341880461,5.961428571428572,5.515714285714286
2024,REG,17,2024122802,59752,12/28/2024,2510,LA,3800,ARI,home,2,2.9866993023508566,KUP534597,2510,Cooper Kupp,C.Kupp,WR,https://static.www.nfl.com/image/upload/{formatInstructions}/league/sq7zwzcgrajuk0hwwph2,10,29,3,1,0,1,3,0,3.2267739699583338,7.113333333333332,8.846666666666664
2024,REG,17,2024122802,59752,12/28/2024,2510,LA,3800,ARI,home,3,2.9866993023508566,HIG033222,2510,Tyler Higbee,T.Higbee,TE,https://static.www.nfl.com/image/private/{formatInstructions}/league/vk9c6lr4d1pdt9sr86ua,89,9,3,2,0,2,3,0,4.486207298916747,5.83,4.606666666666666
2024,REG,17,2024122802,59752,12/28/2024,2510,LA,3800,ARI,home,4,2.9866993023508566,ROB399065,2510,Demarcus Robinson,D.Robinson,WR,https://static.www.nfl.com/image/upload/{formatInstructions}/league/lakf0xue1qqb7ed4p6ge,15,0,2,0,0,0,2,0,3.685670408661499,2.7649999999999997,23.769999999999996
2024,REG,17,2024122802,59752,12/28/2024,2510,LA,3800,ARI,home,5,2.9866993023508566,ALL098299,2510,Davis Allen,D.Allen,TE,https://static.www.nfl.com/image/upload/{formatInstructions}/league/ihbec16pwn2ki5woyr4m,87,0,1,0,0,0,1,0,1.0998636279102956,7.92,16.739999999999995
2024,REG,17,2024122802,59752,12/28/2024,2510,LA,3800,ARI,visitor,1,2.9866993023508566,MCB743360,3800,Trey McBride,T.McBride,TE,https://static.www.nfl.com/image/upload/{formatInstructions}/league/hfdgljgi9gfaskomdl1h,85,123,16,12,1,12,16,1,3.2165523007038166,3.012,5.399375
2024,REG,17,2024122802,59752,12/28/2024,2510,LA,3800,ARI,visitor,2,2.9866993023508566,HAR648677,3800,Marvin Harrison Jr.,M.Harrison,WR,https://static.www.nfl.com/image/upload/{formatInstructions}/league/o6hg5zeofmxvzjjpo2sf,18,96,10,6,0,6,10,0,2.331616959240299,3.518,14.070999999999998
2024,REG,17,2024122802,59752,12/28/2024,2510,LA,3800,ARI,visitor,3,2.9866993023508566,WIL752419,3800,Michael Wilson,Mi.Wilson,WR,https://static.www.nfl.com/image/upload/{formatInstructions}/league/spsbduvpqe21tgkwhvbc,14,22,6,4,0,4,6,0,3.4042151576341024,5.515,9.495
2024,REG,17,2024122802,59752,12/28/2024,2510,LA,3800,ARI,visitor,4,2.9866993023508566,HIG138430,3800,Elijah Higgins,E.Higgins,TE,https://static.www.nfl.com/image/upload/{formatInstructions}/league/sodpdh4uhbhzjxbnmao1,84,23,3,2,0,2,3,0,3.9029520689277226,8.15,2.1699999999999995
2024,REG,17,2024122802,59752,12/28/2024,2510,LA,3800,ARI,visitor,5,2.9866993023508566,DOR793727,3800,Greg Dortch,G.Dortch,WR,https://static.www.nfl.com/image/upload/{formatInstructions}/league/gkog6lrht3rnktwiberj,4,18,3,3,0,3,3,0,3.103665603513307,8.76,0.7166666666666638
2024,REG,17,2024122903,59754,12/29/2024,3410,NYG,2200,IND,home,1,2.9866993023508566,NAB400459,3410,Malik Nabers,M.Nabers,WR,https://static.www.nfl.com/image/upload/{formatInstructions}/league/w3edoyyuomqlovvp9ixc,1,171,8,7,2,7,8,2,2.6384781211276556,6.77375,9.245
2024,REG,17,2024122903,59754,12/29/2024,3410,NYG,2200,IND,home,2,2.9866993023508566,ROB717726,3410,Wan'Dale Robinson,W.Robinson,WR,https://static.www.nfl.com/image/upload/{formatInstructions}/league/z94hnehk9vgmvtad6sgi,17,71,6,5,1,5,6,1,5.033236276190027,6.4,9.333333333333334
2024,REG,17,2024122903,59754,12/29/2024,3410,NYG,2200,IND,home,3,2.9866993023508566,SLA500077,3410,Darius Slayton,D.Slayton,WR,https://static.www.nfl.com/image/upload/{formatInstructions}/league/zhm6evj813ucss03ndlx,86,32,3,1,1,1,3,1,2.9746415792730385,3.723333333333333,13.160000000000002
2024,REG,17,2024122903,59754,12/29/2024,3410,NYG,2200,IND,home,4,2.9866993023508566,MAN285874,3410,Chris Manhertz,C.Manhertz,TE,https://static.www.nfl.com/image/upload/{formatInstructions}/league/edzj1uojuh7octginx1e,85,12,1,1,0,1,1,0,3.7095147930693004,6.39,6.950000000000003
2024,REG,17,2024122903,59754,12/29/2024,3410,NYG,2200,IND,visitor,1,2.9866993023508566,PIT228050,2200,Michael Pittman,M.Pittman,WR,https://static.www.nfl.com/image/private/{formatInstructions}/league/wnymcombo2plamteihiy,11,109,10,9,1,9,10,1,2.957032450610323,6.452222222222222,7.600999999999999
2024,REG,17,2024122903,59754,12/29/2024,3410,NYG,2200,IND,visitor,2,2.9866993023508566,PIE185673,2200,Alec Pierce,A.Pierce,WR,https://static.www.nfl.com/image/upload/{formatInstructions}/league/hvtcpccoigf9cghzkxcg,14,122,9,6,1,6,9,1,1.708094978891437,3.868888888888889,21.41444444444444
2024,REG,17,2024122903,59754,12/29/2024,3410,NYG,2200,IND,visitor,3,2.9866993023508566,DOW686145,2200,Josh Downs,J.Downs,WR,https://static.www.nfl.com/image/upload/{formatInstructions}/league/zue2xxvfrignllqlhagu,1,22,4,3,0,3,4,0,2.2727293054906808,6.06,5.905000000000001
2024,REG,17,2024122903,59754,12/29/2024,3410,NYG,2200,IND,visitor,4,2.9866993023508566,GRA367521,2200,Kylen Granson,K.Granson,TE,https://static.www.nfl.com/image/upload/{formatInstructions}/league/rydvwc7sqwucvx14s8b4,83,34,4,3,0,3,4,0,2.9320795935401276,3.39,2.2524999999999995
2024,REG,17,2024122903,59754,12/29/2024,3410,NYG,2200,IND,visitor,5,2.9866993023508566,MIT056120,2200,Adonai Mitchell,A.Mitchell,WR,https://static.www.nfl.com/image/upload/{formatInstructions}/league/fztxucnxhoxep6utluyc,10,22,4,2,0,2,4,0,2.983840034590269,9.275,10.332500000000001
2024,REG,17,2024122904,59755,12/29/2024,5110,WAS,0200,ATL,home,1,2.9866993023508566,ZAC133180,5110,Olamide Zaccheaus,O.Zaccheaus,WR,https://static.www.nfl.com/image/upload/{formatInstructions}/league/hcmdnfgnnvcp0qbktpxd,14,85,9,8,1,8,9,1,3.88966034354659,7.52875,6.085555555555555
2024,REG,17,2024122904,59755,12/29/2024,5110,WAS,0200,ATL,home,2,2.9866993023508566,MCL278328,5110,Terry McLaurin,T.McLaurin,WR,https://static.www.nfl.com/image/upload/{formatInstructions}/league/wokz1etv1wj1vhbmvxgs,17,5,7,1,0,1,7,0,2.213175936615581,7.095714285714286,12.788571428571432
2024,REG,17,2024122904,59755,12/29/2024,5110,WAS,0200,ATL,home,3,2.9866993023508566,ERT800920,5110,Zach Ertz,Z.Ertz,TE,https://static.www.nfl.com/image/upload/{formatInstructions}/league/xktmmeumuoglbuam75iz,86,72,7,6,2,6,7,2,3.616941363653737,6.6819999999999995,7.688571428571429
2024,REG,17,2024122904,59755,12/29/2024,5110,WAS,0200,ATL,home,4,2.9866993023508566,CRO697273,5110,Jamison Crowder,J.Crowder,WR,https://static.www.nfl.com/image/upload/{formatInstructions}/league/rfysbrjrvfdr72cx8who,80,25,5,3,0,3,5,0,2.30775202541298,6.72,8.048
2024,REG,17,2024122904,59755,12/29/2024,5110,WAS,0200,ATL,home,5,2.9866993023508566,BAT109191,5110,John Bates,J.Bates,TE,https://static.www.nfl.com/image/upload/{formatInstructions}/league/edpnkleev10rpzfgjakv,87,14,1,1,0,1,1,0,9.89603961188515,12.58,4.649999999999999
2024,REG,17,2024122904,59755,12/29/2024,5110,WAS,0200,ATL,visitor,1,2.9866993023508566,LON013463,0200,Drake London,D.London,WR,https://static.www.nfl.com/image/upload/{formatInstructions}/league/wikjazqtt3uunjufgqrf,5,106,13,7,0,7,13,0,2.9271570631789205,7.565454545454545,13.47
2024,REG,17,2024122904,59755,12/29/2024,5110,WAS,0200,ATL,visitor,2,2.9866993023508566,PIT516805,0200,Kyle Pitts,K.Pitts,TE,https://static.www.nfl.com/image/upload/{formatInstructions}/league/t8ymqyhvv8i1r80jyhy2,8,44,5,4,1,4,5,1,1.623215860074828,6.912000000000001,10.456
2024,REG,17,2024122904,59755,12/29/2024,5110,WAS,0200,ATL,visitor,3,2.9866993023508566,MOO076900,0200,Darnell Mooney,D.Mooney,WR,https://static.www.nfl.com/image/upload/{formatInstructions}/league/c1ixyspw0eshl3a2qrly,1,37,5,2,0,2,5,0,5.028736717852146,3.75,16.592
2024,REG,17,2024122904,59755,12/29/2024,5110,WAS,0200,ATL,visitor,4,2.9866993023508566,HOD250493,0200,KhaDarel Hodge,K.Hodge,WR,https://static.www.nfl.com/image/upload/{formatInstructions}/league/h3r6hfokmtgtxz8mljho,12,9,4,1,0,1,4,0,3.302546289033068,9.1525,19.777499999999996
2024,REG,17,2024122904,59755,12/29/2024,5110,WAS,0200,ATL,visitor,5,2.9866993023508566,MCC417118,0200,Ray-Ray McCloud,R.McCloud,WR,https://static.www.nfl.com/image/upload/{formatInstructions}/league/nvwn3sdihyyd2itjt7vy,34,13,1,1,0,1,1,0,2.252576302814179,2.19,2.740000000000002
2024,REG,17,2024122905,59756,12/29/2024,0610,BUF,3430,NYJ,home,1,2.9866993023508566,COL295571,0610,Keon Coleman,K.Coleman,WR,https://static.www.nfl.com/image/upload/{formatInstructions}/league/ipwpdgb0cm3xy3d8zu1l,0,27,7,3,1,3,7,1,2.1840757668935424,4.078571428571428,11.002857142857142
2024,REG,17,2024122905,59756,12/29/2024,0610,BUF,3430,NYJ,home,2,2.9866993023508566,SHA107427,0610,Khalil Shakir,K.Shakir,WR,https://static.www.nfl.com/image/upload/{formatInstructions}/league/ch2yarhiobqlvr9ls2yw,10,25,6,3,0,3,6,0,4.900884338866243,8.446666666666667,3.8583333333333347
2024,REG,17,2024122905,59756,12/29/2024,0610,BUF,3430,NYJ,home,3,2.9866993023508566,KNO490795,0610,Dawson Knox,D.Knox,TE,https://static.www.nfl.com/image/upload/{formatInstructions}/league/uazfj5l5vzow2oyfa1s6,88,4,3,1,0,1,3,0,1.2774205133953802,6.4866666666666655,6.80333333333333
2024,REG,17,2024122905,59756,12/29/2024,0610,BUF,3430,NYJ,home,4,2.9866993023508566,COO487703,0610,Amari Cooper,A.Cooper,WR,https://static.www.nfl.com/image/upload/{formatInstructions}/league/zmtzqznqui37unmo5xv9,18,56,3,3,1,3,3,1,1.101367408882433,5.286666666666666,18.233333333333334
2024,REG,17,2024122905,59756,12/29/2024,0610,BUF,3430,NYJ,home,5,2.9866993023508566,HOL280459,0610,Mack Hollins,M.Hollins,WR,https://static.www.nfl.com/image/upload/{formatInstructions}/league/xchw7quzjszgrm6psbyg,13,33,2,2,0,2,2,0,5.467759853227332,8.35,12.645000000000003
2024,REG,17,2024122905,59756,12/29/2024,0610,BUF,3430,NYJ,visitor,1,2.9866993023508566,ADA218591,3430,Davante Adams,D.Adams,WR,https://static.www.nfl.com/image/upload/{formatInstructions}/league/jweoujpjv9u2a8k7wnos,17,47,8,5,0,5,8,0,3.8306935574176006,6.105714285714286,3.487499999999999
2024,REG,17,2024122905,59756,12/29/2024,0610,BUF,3430,NYJ,visitor,2,2.9866993023508566,WIL691962,3430,Garrett Wilson,G.Wilson,WR,https://static.www.nfl.com/image/private/{formatInstructions}/league/llgosx4tokddwnyrgvbx,5,66,8,7,1,7,8,1,3.2212087353881493,3.41875,8.4125
2024,REG,17,2024122905,59756,12/29/2024,0610,BUF,3430,NYJ,visitor,3,2.9866993023508566,CON185250,3430,Tyler Conklin,T.Conklin,TE,https://static.www.nfl.com/image/upload/{formatInstructions}/league/chajhumpfogd8effewe6,83,57,8,8,1,8,8,1,4.896237328735614,7.82,1.722500000000001
2024,REG,17,2024122905,59756,12/29/2024,0610,BUF,3430,NYJ,visitor,4,2.9866993023508566,LAZ043714,3430,Allen Lazard,A.Lazard,WR,https://static.www.nfl.com/image/private/{formatInstructions}/league/blrzk3bfnpneuyhsqiqg,10,9,3,1,0,1,3,0,1.9081975956965458,5.609999999999999,14.246666666666668
2024,REG,17,2024122905,59756,12/29/2024,0610,BUF,3430,NYJ,visitor,5,2.9866993023508566,YEB415291,3430,Kenny Yeboah,K.Yeboah,TE,https://static.www.nfl.com/image/upload/{formatInstructions}/league/zjdw9hyw3jc7pmjf5nbv,88,0,2,0,0,0,2,0,4.875601864089008,7.92,8.945
2024,REG,17,2024122906,59757,12/29/2024,2250,JAX,2100,TEN,home,1,2.9866993023508566,THO419793,2250,Brian Thomas Jr.,B.Thomas,WR,https://static.www.nfl.com/image/upload/{formatInstructions}/league/gsz15iz0ppibhslzzgch,7,91,10,7,1,7,10,1,2.26006589624624,2.967,7.741
2024,REG,17,2024122906,59757,12/29/2024,2250,JAX,2100,TEN,home,2,2.9866993023508566,WAS604325,2250,Parker Washington,P.Washington,WR,https://static.www.nfl.com/image/private/{formatInstructions}/league/pukz1x5ysxkhvsmcttdm,11,31,3,3,1,3,3,1,2.677788595721402,5.233333333333333,10.726666666666667
2024,REG,17,2024122906,59757,12/29/2024,2250,JAX,2100,TEN,home,3,2.9866993023508566,DUV459005,2250,Devin Duvernay,D.Duvernay,WR,https://static.www.nfl.com/image/upload/{formatInstructions}/league/wynmyjmvg7cee4y6i21n,12,4,1,1,0,1,1,0,3.193305497443049,,2.719999999999999
2024,REG,17,2024122906,59757,12/29/2024,2250,JAX,2100,TEN,home,4,2.9866993023508566,JON759314,2250,Tim Jones,T.Jones,WR,https://static.www.nfl.com/image/private/{formatInstructions}/league/aufwsgk6syholp9f7dy6,15,11,1,1,0,1,1,0,2.551960031034966,4.55,10.32
2024,REG,17,2024122906,59757,12/29/2024,2250,JAX,2100,TEN,home,5,2.9866993023508566,STR188631,2250,Brenton Strange,B.Strange,TE,https://static.www.nfl.com/image/private/{formatInstructions}/league/trfk78mrfsafnbatyx2x,85,0,1,0,0,0,1,0,0.5515432893255089,12.79,3.5600000000000023
2024,REG,17,2024122906,59757,12/29/2024,2250,JAX,2100,TEN,visitor,1,2.9866993023508566,OKO283611,2100,Chig Okonkwo,C.Okonkwo,TE,https://static.www.nfl.com/image/upload/{formatInstructions}/league/ut2gqeq2lowknrro0wlu,85,42,7,5,0,5,7,0,4.343859067322928,5.73,6.897142857142858
2024,REG,17,2024122906,59757,12/29/2024,2250,JAX,2100,TEN,visitor,2,2.9866993023508566,WES567220,2100,Nick Westbrook-Ikhine,N.Westbrook-Ikhine,WR,https://static.www.nfl.com/image/upload/{formatInstructions}/league/rt9ic9wzwl2pevlxt1nd,15,37,6,3,0,3,6,0,1.003816430743524,5.1033333333333335,12.231666666666664
2024,REG,17,2024122906,59757,12/29/2024,2250,JAX,2100,TEN,visitor,3,2.9866993023508566,RID652384,2100,Calvin Ridley,C.Ridley,WR,https://static.www.nfl.com/image/upload/{formatInstructions}/league/tmeij0cfgylmurfybs74,0,84,6,5,0,5,6,0,2.6281253049229685,4.098333333333334,13.811666666666667
2024,REG,17,2024122906,59757,12/29/2024,2250,JAX,2100,TEN,visitor,4,2.9866993023508566,BOY378353,2100,Tyler Boyd,T.Boyd,WR,https://static.www.nfl.com/image/upload/{formatInstructions}/league/ttifog0hjxprlhkagugu,83,14,4,2,0,2,4,0,1.9043914826946553,5.1466666666666665,8.4875
2024,REG,17,2024122906,59757,12/29/2024,2250,JAX,2100,TEN,visitor,5,2.9866993023508566,WHY207645,2100,Josh Whyle,J.Whyle,TE,https://static.www.nfl.com/image/upload/{formatInstructions}/league/ccstvnbjzprcpb2j9xnb,81,0,1,0,0,0,1,0,0.9265527507918793,2.47,15.64
2024,REG,17,2024122907,59758,12/29/2024,3000,MIN,1800,GB,home,1,2.9866993023508566,JEF269287,3000,Justin Jefferson,J.Jefferson,WR,https://static.www.nfl.com/image/upload/{formatInstructions}/league/vrftbpzwk6qmv0zjcysg,18,92,11,8,0,8,11,0,4.068307698600381,5.698181818181818,6.969999999999999
2024,REG,17,2024122907,59758,12/29/2024,3000,MIN,1800,GB,home,2,2.9866993023508566,ADD491056,3000,Jordan Addison,J.Addison,WR,https://static.www.nfl.com/image/upload/{formatInstructions}/league/tmyckmignrvy8truccwm,3,69,8,6,1,6,8,1,3.169400046669741,8.897499999999999,13.07875
2024,REG,17,2024122907,59758,12/29/2024,3000,MIN,1800,GB,home,3,2.9866993023508566,HOC422041,3000,T.J. Hockenson,T.Hockenson,TE,https://static.www.nfl.com/image/upload/{formatInstructions}/league/n9zhffstwzae8i5di6tk,87,68,6,5,0,5,6,0,4.334665724765268,6.3,10.363333333333332
2024,REG,17,2024122907,59758,12/29/2024,3000,MIN,1800,GB,home,4,2.9866993023508566,NAI067484,3000,Jalen Nailor,J.Nailor,WR,https://static.www.nfl.com/image/upload/{formatInstructions}/league/fe9b3l4fz6n02gbr5zbt,83,81,5,5,1,5,5,1,4.429943634518813,6.272,14.778000000000002
2024,REG,17,2024122907,59758,12/29/2024,3000,MIN,1800,GB,home,5,2.9866993023508566,MUN312153,3000,Johnny Mundt,J.Mundt,TE,https://static.www.nfl.com/image/upload/{formatInstructions}/league/ievumbznrtys9b2esphz,86,7,1,1,0,1,1,0,7.710317762582812,,1.4399999999999977
2024,REG,17,2024122907,59758,12/29/2024,3000,MIN,1800,GB,visitor,1,2.9866993023508566,DOU043165,1800,Romeo Doubs,R.Doubs,WR,https://static.www.nfl.com/image/upload/{formatInstructions}/league/dyulbddqbqshoqdxgo63,87,58,11,7,0,7,11,0,3.3034203352232763,5.8572727272727265,9.139999999999999
2024,REG,17,2024122907,59758,12/29/2024,3000,MIN,1800,GB,visitor,2,2.9866993023508566,WIC622867,1800,Dontayvion Wicks,D.Wicks,WR,https://static.www.nfl.com/image/upload/{formatInstructions}/league/ghsev2bmz8kvhm8dsbey,13,43,5,4,0,4,5,0,2.098927604944442,3.95,13.502000000000004
2024,REG,17,2024122907,59758,12/29/2024,3000,MIN,1800,GB,visitor,3,2.9866993023508566,MEL575431,1800,Bo Melton,B.Melton,WR,https://static.www.nfl.com/image/upload/{formatInstructions}/league/bhmhwurwugjmymgjforf,80,18,4,3,0,3,4,0,1.6599048386950512,7.333333333333333,13.895000000000001
2024,REG,17,2024122907,59758,12/29/2024,3000,MIN,1800,GB,visitor,4,2.9866993023508566,REE263142,1800,Jayden Reed,J.Reed,WR,https://static.www.nfl.com/image/upload/{formatInstructions}/league/blh2tfg9qjthqo2g6ot4,11,6,4,1,0,1,4,0,2.041332681208992,3.8899999999999997,7.342500000000001
2024,REG,17,2024122907,59758,12/29/2024,3000,MIN,1800,GB,visitor,5,2.9866993023508566,KRA144054,1800,Tucker Kraft,T.Kraft,TE,https://static.www.nfl.com/image/upload/{formatInstructions}/league/klrmgekdzx1ywjjmixp7,85,53,3,2,0,2,3,0,4.374416249401723,6.416666666666667,9.136666666666665
2024,REG,17,2024122908,59759,12/29/2024,3300,NO,2520,LV,home,1,2.9866993023508566,JOH398789,3300,Juwan Johnson,J.Johnson,TE,https://static.www.nfl.com/image/upload/{formatInstructions}/league/pdsl9w3agc9uvjqpq1jy,83,66,10,6,0,6,10,0,3.0743818602656283,5.71875,9.305
2024,REG,17,2024122908,59759,12/29/2024,3300,NO,2520,LV,home,2,2.9866993023508566,MOR096402,3300,Foster Moreau,F.Moreau,TE,https://static.www.nfl.com/image/upload/{formatInstructions}/league/hfcik9okcbwsbhgoaljy,87,47,5,3,1,3,5,1,4.519159671988871,6.3759999999999994,11.276000000000002
2024,REG,17,2024122908,59759,12/29/2024,3300,NO,2520,LV,home,3,2.9866993023508566,PET735981,3300,Dante Pettis,D.Pettis,WR,https://static.www.nfl.com/image/upload/{formatInstructions}/league/bkn6mnwboawe7iucprxe,17,27,4,3,0,3,4,0,4.509504479753664,6.9350000000000005,9.377500000000001
2024,REG,17,2024122908,59759,12/29/2024,3300,NO,2520,LV,home,4,2.9866993023508566,WIL656498,3300,Cedrick Wilson Jr.,C.Wilson,WR,https://static.www.nfl.com/image/upload/{formatInstructions}/league/vuolr6nwwbrwwc5ldt7f,11,17,4,3,0,3,4,0,4.530968417205155,6.7025,3.022500000000001
2024,REG,17,2024122908,59759,12/29/2024,3300,NO,2520,LV,home,5,2.9866993023508566,VAL142116,3300,Marquez Valdes-Scantling,M.Valdes-Scantling,WR,https://static.www.nfl.com/image/upload/{formatInstructions}/league/vn2bg6lhyl15xrymtd5g,10,0,2,0,0,0,2,0,1.9237970429608588,7.5,15.684999999999999
2024,REG,17,2024122908,59759,12/29/2024,3300,NO,2520,LV,visitor,1,2.9866993023508566,MEY171606,2520,Jakobi Meyers,J.Meyers,WR,https://static.www.nfl.com/image/upload/{formatInstructions}/league/p1abjttm5pu8gev0gwea,16,61,9,5,1,5,9,1,1.581309274061507,6.791111111111111,11.812222222222223
2024,REG,17,2024122908,59759,12/29/2024,3300,NO,2520,LV,visitor,2,2.9866993023508566,TUC399910,2520,Tre Tucker,T.Tucker,WR,https://static.www.nfl.com/image/upload/{formatInstructions}/league/soebzcfwhgnjffwqv1ox,11,24,8,2,1,2,8,1,2.1345940176361506,5.03125,18.955000000000002
2024,REG,17,2024122908,59759,12/29/2024,3300,NO,2520,LV,visitor,3,2.9866993023508566,BOW196560,2520,Brock Bowers,B.Bowers,TE,https://static.www.nfl.com/image/upload/{formatInstructions}/league/mjy86xh8munoiur4hejf,89,77,7,7,0,7,7,0,3.291695786055135,5.8500000000000005,7.302857142857143
2024,REG,17,2024122908,59759,12/29/2024,3300,NO,2520,LV,visitor,4,2.9866993023508566,MAR482288,2520,Terrace Marshall Jr.,T.Marshall,WR,https://static.www.nfl.com/image/private/{formatInstructions}/league/wyzlucfowqdntj6nkh7m,80,28,2,1,0,1,2,0,0.9718893654987284,5.205,17.110000000000003
2024,REG,17,2024122908,59759,12/29/2024,3300,NO,2520,LV,visitor,5,2.9866993023508566,MAY330676,2520,Michael Mayer,M.Mayer,TE,https://static.www.nfl.com/image/upload/{formatInstructions}/league/rmc4igjgu5za2va8rfe1,87,14,2,1,0,1,2,0,2.410254360031404,2.75,7.395
2024,REG,17,2024122909,59760,12/29/2024,4900,TB,0750,CAR,home,1,2.9866993023508566,EVA534309,4900,Mike Evans,M.Evans,WR,https://static.www.nfl.com/image/upload/{formatInstructions}/league/vfsaie1uiokfczwv9p4d,13,97,9,8,2,8,9,2,2.813661479994622,7.08,11.322222222222221
2024,REG,17,2024122909,59760,12/29/2024,4900,TB,0750,CAR,home,2,2.9866993023508566,MCM472299,4900,Jalen McMillan,J.McMillan,WR,https://static.www.nfl.com/image/upload/{formatInstructions}/league/zdxkyl8gy4dqiq6evfzp,15,51,5,5,2,5,5,2,5.188568155183031,8.687999999999999,7.517999999999998
2024,REG,17,2024122909,59760,12/29/2024,4900,TB,0750,CAR,home,3,2.9866993023508566,MIL545030,4900,Ryan Miller,R.Miller,WR,https://static.www.nfl.com/image/upload/{formatInstructions}/league/maywscb6waflzzuaesew,81,26,4,2,0,2,4,0,3.0868531914400372,8.225,9.952499999999999
2024,REG,17,2024122909,59760,12/29/2024,4900,TB,0750,CAR,home,4,2.9866993023508566,CUL534924,4900,Devin Culp,D.Culp,TE,https://static.www.nfl.com/image/upload/{formatInstructions}/league/enm1dlbdrxtiwev6pjvi,82,52,4,3,0,3,4,0,3.010852372713129,7.3933333333333335,12.055
2024,REG,17,2024122909,59760,12/29/2024,4900,TB,0750,CAR,home,5,2.9866993023508566,DUR344537,4900,Payne Durham,P.Durham,TE,https://static.www.nfl.com/image/upload/{formatInstructions}/league/vrdqb2si9rpshhy51liq,87,36,3,2,1,2,3,1,5.362663096216713,4.01,14.413333333333334
2024,REG,17,2024122909,59760,12/29/2024,4900,TB,0750,CAR,visitor,1,2.9866993023508566,LEG145351,0750,Xavier Legette,X.Legette,WR,https://static.www.nfl.com/image/upload/{formatInstructions}/league/a3etuvp3kqtwmtkioq8g,17,28,9,5,0,5,9,0,1.672125855493476,6.69125,15.146666666666668
2024,REG,17,2024122909,59760,12/29/2024,4900,TB,0750,CAR,visitor,2,2.9866993023508566,THI510348,0750,Adam Thielen,A.Thielen,WR,https://static.www.nfl.com/image/upload/{formatInstructions}/league/pxehgo0l9xl03n7dronf,19,110,6,5,2,5,6,2,2.1577113312844696,6.473333333333334,19.278333333333336
2024,REG,17,2024122909,59760,12/29/2024,4900,TB,0750,CAR,visitor,3,2.9866993023508566,COK451291,0750,Jalen Coker,J.Coker,WR,https://static.www.nfl.com/image/upload/{formatInstructions}/league/wk9xewrixauh09f71pqh,18,35,2,2,0,2,2,0,1.567294132514838,5.91,17.044999999999998
2024,REG,17,2024122909,59760,12/29/2024,4900,TB,0750,CAR,visitor,4,2.9866993023508566,SAN343203,0750,Ja'Tavion Sanders,J.Sanders,TE,https://static.www.nfl.com/image/upload/{formatInstructions}/league/egisbinbqmttmub4po1g,0,5,1,1,0,1,1,0,1.3314653581674563,2.84,3.200000000000003
2024,REG,17,2024122909,59760,12/29/2024,4900,TB,0750,CAR,visitor,5,2.9866993023508566,CHI740772,0750,Dan Chisena,D.Chisena,WR,https://static.www.nfl.com/image/upload/{formatInstructions}/league/dwiqdrtc7vgrvngxoiix,88,8,1,1,0,1,1,0,1.8333848477611006,7.49,8.14
2024,REG,17,2024122910,59761,12/29/2024,3700,PHI,1200,DAL,home,1,2.9866993023508566,SMI206016,3700,DeVonta Smith,D.Smith,WR,https://static.www.nfl.com/image/upload/{formatInstructions}/league/bmdflwy52nsk7zpnfhwb,6,120,7,6,2,6,7,2,3.087938907871546,7.37,13.320000000000002
2024,REG,17,2024122910,59761,12/29/2024,3700,PHI,1200,DAL,home,2,2.9866993023508566,BRO413223,3700,A.J. Brown,A.Brown,WR,https://static.www.nfl.com/image/private/{formatInstructions}/league/a014sgzctarbvhwb35lw,11,36,5,3,1,3,5,1,1.0697970803100665,6.434,13.675999999999998
2024,REG,17,2024122910,59761,12/29/2024,3700,PHI,1200,DAL,home,3,2.9866993023508566,CAL069215,3700,Grant Calcaterra,G.Calcaterra,TE,https://static.www.nfl.com/image/upload/{formatInstructions}/league/vxl0kathuej280k01d2r,81,34,2,1,0,1,2,0,1.022735982961413,7.109999999999999,16.235000000000003
2024,REG,17,2024122910,59761,12/29/2024,3700,PHI,1200,DAL,home,4,2.9866993023508566,JEN184122,3700,E.J. Jenkins,E.Jenkins,TE,https://static.www.nfl.com/image/upload/{formatInstructions}/league/utbs1f78kfxb51b6asit,84,0,1,0,0,0,1,0,0.7605918747922569,7.88,5.989999999999998
2024,REG,17,2024122910,59761,12/29/2024,3700,PHI,1200,DAL,visitor,1,2.9866993023508566,COO299382,1200,Brandin Cooks,B.Cooks,WR,https://static.www.nfl.com/image/upload/{formatInstructions}/league/pjoksfxpbba4hevwpuop,3,52,8,4,0,4,8,0,2.543927939473985,5.63375,16.11625
2024,REG,17,2024122910,59761,12/29/2024,3700,PHI,1200,DAL,visitor,2,2.9866993023508566,FER146119,1200,Jake Ferguson,J.Ferguson,TE,https://static.www.nfl.com/image/upload/{formatInstructions}/league/lbvrn1ibwszd6tzgh6o1,87,18,5,3,0,3,5,0,2.600487208047879,5.5200000000000005,5.284000000000002
2024,REG,17,2024122910,59761,12/29/2024,3700,PHI,1200,DAL,visitor,3,2.9866993023508566,TOL148914,1200,Jalen Tolbert,J.Tolbert,WR,https://static.www.nfl.com/image/upload/{formatInstructions}/league/cek1m1cbly5rfmmmjpcc,1,30,4,3,1,3,4,1,3.1417786472780924,8.463333333333333,5.302500000000001
2024,REG,17,2024122910,59761,12/29/2024,3700,PHI,1200,DAL,visitor,4,2.9866993023508566,TUR785436,1200,KaVontae Turpin,K.Turpin,WR,https://static.www.nfl.com/image/upload/{formatInstructions}/league/lwkox2bvc6k3hqmidf4q,9,16,4,1,0,1,4,0,4.077316511234652,7.4366666666666665,3.6250000000000018
2024,REG,17,2024122910,59761,12/29/2024,3700,PHI,1200,DAL,visitor,5,2.9866993023508566,MIN170999,1200,Jonathan Mingo,J.Mingo,WR,https://static.www.nfl.com/image/upload/{formatInstructions}/league/slc08tcccvtyqr61dtkd,81,12,3,1,0,1,3,0,1.9356669026853013,5.986666666666667,16.753333333333334
2024,REG,17,2024122911,59762,12/29/2024,1050,CLE,2700,MIA,home,1,2.9866993023508566,JEU415291,1050,Jerry Jeudy,J.Jeudy,WR,https://static.www.nfl.com/image/upload/{formatInstructions}/league/szca1v9butuqkjs7ekpm,3,94,18,12,0,12,18,0,2.9556216510783115,7.108333333333333,6.258333333333333
2024,REG,17,2024122911,59762,12/29/2024,1050,CLE,2700,MIA,home,2,2.9866993023508566,AKI501776,1050,Jordan Akins,J.Akins,TE,https://static.www.nfl.com/image/private/{formatInstructions}/league/fgkl9zfpy2yxrkxfge84,88,49,8,6,0,6,8,0,4.187597815476241,4.2542857142857144,3.802500000000001
2024,REG,17,2024122911,59762,12/29/2024,1050,CLE,2700,MIA,home,3,2.9866993023508566,MOO279723,1050,Elijah Moore,E.Moore,WR,https://static.www.nfl.com/image/private/{formatInstructions}/league/bhwvzckfhhcqhb7zdqyj,8,1,5,1,0,1,5,0,2.808630732498929,5.002,7.465999999999999
2024,REG,17,2024122911,59762,12/29/2024,1050,CLE,2700,MIA,home,4,2.9866993023508566,WOO545683,1050,Mike Woods,M.Woods,WR,https://static.www.nfl.com/image/private/{formatInstructions}/league/qlps63mn8jfsvqgf7cub,81,3,3,1,0,1,3,0,1.5985267061245114,5.7,4.173333333333336
2024,REG,17,2024122911,59762,12/29/2024,1050,CLE,2700,MIA,home,5,2.9866993023508566,THR048621,1050,Jamari Thrash,J.Thrash,WR,https://static.www.nfl.com/image/upload/{formatInstructions}/league/khjue5xlvlhzha9znbl3,80,0,1,0,0,0,1,0,0.9677293009927974,9.29,6.569999999999993
2024,REG,17,2024122911,59762,12/29/2024,1050,CLE,2700,MIA,visitor,1,2.9866993023508566,HIL628694,2700,Tyreek Hill,T.Hill,WR,https://static.www.nfl.com/image/upload/{formatInstructions}/league/gdwjlpbkenmnsibawkht,10,105,9,9,0,9,9,0,3.4164861332680263,6.162222222222222,9.473333333333333
2024,REG,17,2024122911,59762,12/29/2024,1050,CLE,2700,MIA,visitor,2,2.9866993023508566,WAS519225,2700,Malik Washington,M.Washington,WR,https://static.www.nfl.com/image/upload/{formatInstructions}/league/mlnnipvmbl92w7mmr1pa,83,41,5,4,0,4,5,0,3.085282090722878,4.744,6.307999999999998
2024,REG,17,2024122911,59762,12/29/2024,1050,CLE,2700,MIA,visitor,3,2.9866993023508566,SMI443054,2700,Jonnu Smith,J.Smith,TE,https://static.www.nfl.com/image/upload/{formatInstructions}/league/p8uldtljkzb6sile3wgx,9,26,4,3,1,3,4,1,3.6209638744109145,5.12,1.3500000000000023
2024,REG,17,2024122911,59762,12/29/2024,1050,CLE,2700,MIA,visitor,4,2.9866993023508566,CRA117607,2700,River Cracraft,R.Cracraft,WR,https://static.www.nfl.com/image/upload/{formatInstructions}/league/y8t968ntco72t8f8ryba,85,16,1,1,0,1,1,0,1.9053870997778897,5.66,13.239999999999995
2024,REG,17,2024122911,59762,12/29/2024,1050,CLE,2700,MIA,visitor,5,2.9866993023508566,ESK561172,2700,Dee Eskridge,D.Eskridge,WR,https://static.www.nfl.com/image/upload/{formatInstructions}/league/rtcgfdtbltkjwicxryl8,82,8,1,1,0,1,1,0,6.415738461003536,,-3.0100000000000016
2024,REG,17,2024123000,59763,12/30/2024,4500,SF,1540,DET,home,1,2.9866993023508566,JEN497457,4500,Jauan Jennings,J.Jennings,WR,https://static.www.nfl.com/image/upload/{formatInstructions}/league/fqyzagb57zrtegmw69eb,15,67,10,7,0,7,10,0,2.6697386082713157,4.897,10.704999999999998
2024,REG,17,2024123000,59763,12/30/2024,4500,SF,1540,DET,home,2,2.9866993023508566,PEA307677,4500,Ricky Pearsall,R.Pearsall,WR,https://static.www.nfl.com/image/upload/{formatInstructions}/league/akwepvt6qxwbgankljmv,14,141,10,8,1,8,10,1,3.0967337171281666,5.036666666666666,13.063999999999998
2024,REG,17,2024123000,59763,12/30/2024,4500,SF,1540,DET,home,3,2.9866993023508566,KIT388290,4500,George Kittle,G.Kittle,TE,https://static.www.nfl.com/image/upload/{formatInstructions}/league/ivkrikewqqdllzvano8h,85,112,8,8,0,8,8,0,4.211235555760339,6.786,7.305000000000001
2024,REG,17,2024123000,59763,12/30/2024,4500,SF,1540,DET,home,4,2.9866993023508566,CON236839,4500,Chris Conley,C.Conley,WR,https://static.www.nfl.com/image/upload/{formatInstructions}/league/mr4h7vx02uwpr7xlfk6y,18,13,1,1,0,1,1,0,6.191647599791189,5.45,6.090000000000003
2024,REG,17,2024123000,59763,12/30/2024,4500,SF,1540,DET,home,5,2.9866993023508566,SAM636097,4500,Deebo Samuel Sr.,D.Samuel,WR,https://static.www.nfl.com/image/upload/{formatInstructions}/league/shqoqpjwwoiexzy6cmgb,1,5,1,1,0,1,1,1,4.267551991481768,6.5,-4.59
2024,REG,17,2024123000,59763,12/30/2024,4500,SF,1540,DET,visitor,1,2.9866993023508566,STB415291,1540,Amon-Ra St. Brown,A.St. Brown,WR,https://static.www.nfl.com/image/upload/{formatInstructions}/league/jmfuamqblg8jag0stpnq,14,60,10,8,1,8,10,1,3.9018808531060927,6.71125,6.536
2024,REG,17,2024123000,59763,12/30/2024,4500,SF,1540,DET,visitor,2,2.9866993023508566,WIL344909,1540,Jameson Williams,Ja.Williams,WR,https://static.www.nfl.com/image/upload/{formatInstructions}/league/kt6xzcnjbe9affdfsayt,9,77,8,5,1,5,8,1,3.7358206553347215,8.404285714285715,3.040000000000001
2024,REG,17,2024123000,59763,12/30/2024,4500,SF,1540,DET,visitor,3,2.9866993023508566,LAP640235,1540,Sam LaPorta,S.LaPorta,TE,https://static.www.nfl.com/image/upload/{formatInstructions}/league/ucw8cfj5t5nwkx670wzu,87,64,8,6,1,6,8,1,2.50613697503505,5.696666666666666,6.997500000000002
2024,REG,17,2024123000,59763,12/30/2024,4500,SF,1540,DET,visitor,4,2.9866993023508566,ROB365982,1540,Allen Robinson,A.Robinson,WR,https://static.www.nfl.com/image/upload/{formatInstructions}/league/fyukft9lraurbsq0laom,8,21,1,1,0,1,1,0,1.6321764610482499,3.69,16.83
2024,REG,18,2025010400,59766,01/04/2025,0325,BAL,1050,CLE,home,1,2.9866993023508566,BAT103884,0325,Rashod Bateman,R.Bateman,WR,https://static.www.nfl.com/image/upload/{formatInstructions}/league/jkcapzvd65fxivefjv8l,7,76,8,5,1,5,8,1,4.594495590967302,6.6375,13.47875
2024,REG,18,2025010400,59766,01/04/2025,0325,BAL,1050,CLE,home,2,2.9866993023508566,AND701433,0325,Mark Andrews,M.Andrews,TE,https://static.www.nfl.com/image/upload/{formatInstructions}/league/y5maejm3puruskwc344y,89,54,8,4,1,4,8,1,1.376561781688416,4.97625,15.46625
2024,REG,18,2025010400,59766,01/04/2025,0325,BAL,1050,CLE,home,3,2.9866993023508566,LIK088990,0325,Isaiah Likely,I.Likely,TE,https://static.www.nfl.com/image/upload/{formatInstructions}/league/xmikfnklnpjmzjhbjrur,80,38,5,3,0,3,5,0,3.327540360403104,10.586666666666666,7.901999999999999
2024,REG,18,2025010400,59766,01/04/2025,0325,BAL,1050,CLE,home,4,2.9866993023508566,FLO577002,0325,Zay Flowers,Z.Flowers,WR,https://static.www.nfl.com/image/upload/{formatInstructions}/league/oidhqwg0fjvanyk57nc1,4,12,2,1,0,1,2,0,3.6213654700090263,5.07,1.4999999999999964
2024,REG,18,2025010400,59766,01/04/2025,0325,BAL,1050,CLE,home,5,2.9866993023508566,WAL505238,0325,Tylan Wallace,T.Wallace,WR,https://static.www.nfl.com/image/upload/{formatInstructions}/league/e3ghtadqh39zhu0iieht,16,0,1,0,0,0,1,0,1.4418391033676417,2.55,8.079999999999998
2024,REG,18,2025010400,59766,01/04/2025,0325,BAL,1050,CLE,visitor,1,2.9866993023508566,JEU415291,1050,Jerry Jeudy,J.Jeudy,WR,https://static.www.nfl.com/image/upload/{formatInstructions}/league/szca1v9butuqkjs7ekpm,3,63,13,6,0,6,13,0,2.653456186559798,5.2475,8.07846153846154
2024,REG,18,2025010400,59766,01/04/2025,0325,BAL,1050,CLE,visitor,2,2.9866993023508566,AKI501776,1050,Jordan Akins,J.Akins,TE,https://static.www.nfl.com/image/private/{formatInstructions}/league/fgkl9zfpy2yxrkxfge84,88,60,8,6,1,6,8,1,3.680652489785607,4.456666666666666,7.61875
2024,REG,18,2025010400,59766,01/04/2025,0325,BAL,1050,CLE,visitor,3,2.9866993023508566,MOO279723,1050,Elijah Moore,E.Moore,WR,https://static.www.nfl.com/image/private/{formatInstructions}/league/bhwvzckfhhcqhb7zdqyj,8,36,5,3,0,3,5,0,3.818631786420691,6.026,8.072
2024,REG,18,2025010400,59766,01/04/2025,0325,BAL,1050,CLE,visitor,4,2.9866993023508566,THR048621,1050,Jamari Thrash,J.Thrash,WR,https://static.www.nfl.com/image/upload/{formatInstructions}/league/khjue5xlvlhzha9znbl3,80,0,1,0,0,0,1,0,0.9730878685915269,2.79,23.59
2024,REG,18,2025010400,59766,01/04/2025,0325,BAL,1050,CLE,visitor,5,2.9866993023508566,WHI639076,1050,Blake Whiteheart,B.Whiteheart,TE,https://static.www.nfl.com/image/upload/{formatInstructions}/league/kwsgfizrabfarbea4dbd,86,1,1,1,0,1,1,0,5.383994799403133,8.21,-0.6899999999999977
2024,REG,18,2025010401,59777,01/04/2025,3900,PIT,0920,CIN,home,1,2.9866993023508566,FRE439769,3900,Pat Freiermuth,P.Freiermuth,TE,https://static.www.nfl.com/image/upload/{formatInstructions}/league/sozfjyy3bmntjv8tmqah,88,85,11,8,1,8,11,1,3.8601318861641363,10.467142857142857,6.053636363636364
2024,REG,18,2025010401,59777,01/04/2025,3900,PIT,0920,CIN,home,2,2.9866993023508566,PIC576156,3900,George Pickens,G.Pickens,WR,https://static.www.nfl.com/image/upload/{formatInstructions}/league/klxzcb6p7ekngcognpiy,14,0,6,1,0,1,6,0,2.762941944946954,6.845,13.81
2024,REG,18,2025010401,59777,01/04/2025,3900,PIT,0920,CIN,home,3,2.9866993023508566,JEF436716,3900,Van Jefferson,V.Jefferson,WR,https://static.www.nfl.com/image/upload/{formatInstructions}/league/v2vkt9htky3xawu8yskx,11,18,4,3,0,3,4,0,1.469071730703736,3.7699999999999996,5.777500000000002
2024,REG,18,2025010401,59777,01/04/2025,3900,PIT,0920,CIN,home,4,2.9866993023508566,WIL000009,3900,Mike Williams,M.Williams,WR,https://static.www.nfl.com/image/upload/{formatInstructions}/league/vwu8nudrnk3l7samz8mf,18,25,1,1,0,1,1,0,1.97091349378911,2.37,22.89
2024,REG,18,2025010401,59777,01/04/2025,3900,PIT,0920,CIN,home,5,2.9866993023508566,AUS738004,3900,Calvin Austin III,C.Austin,WR,https://static.www.nfl.com/image/private/{formatInstructions}/league/qlt6ztqcbu0uzad6aavt,19,0,1,0,0,0,1,0,2.35280683440014,2.4,11.049999999999997
2024,REG,18,2025010401,59777,01/04/2025,3900,PIT,0920,CIN,visitor,1,2.9866993023508566,CHA694469,0920,Ja'Marr Chase,J.Chase,WR,https://static.www.nfl.com/image/upload/{formatInstructions}/league/qkcb3qt2fhasfgtfuprd,1,96,14,10,1,10,14,1,1.9941263245576657,4.6571428571428575,6.72
2024,REG,18,2025010401,59777,01/04/2025,3900,PIT,0920,CIN,visitor,2,2.9866993023508566,GES490798,0920,Mike Gesicki,M.Gesicki,TE,https://static.www.nfl.com/image/upload/{formatInstructions}/league/zabpknonv9ozmkyw4qqt,88,68,10,8,0,8,10,0,3.3952202755680774,4.691000000000001,5.542
2024,REG,18,2025010401,59777,01/04/2025,3900,PIT,0920,CIN,visitor,3,2.9866993023508566,HIG387791,0920,Tee Higgins,T.Higgins,WR,https://static.www.nfl.com/image/upload/{formatInstructions}/league/swqgkrdmjecz3vumrex5,5,53,5,4,0,4,5,0,1.8584837036365112,5.803999999999999,10.916
2024,REG,18,2025010401,59777,01/04/2025,3900,PIT,0920,CIN,visitor,4,2.9866993023508566,SAM093961,0920,Drew Sample,D.Sample,TE,https://static.www.nfl.com/image/upload/{formatInstructions}/league/xufsbdqfujdqnrnozhg4,89,14,4,4,0,4,4,0,3.835192229014568,4.0825,-1.7799999999999994
2024,REG,18,2025010401,59777,01/04/2025,3900,PIT,0920,CIN,visitor,5,2.9866993023508566,IOS307886,0920,Andrei Iosivas,A.Iosivas,WR,https://static.www.nfl.com/image/upload/{formatInstructions}/league/pgbqgzrxmbnmpcnkhsya,80,12,3,2,0,2,3,0,3.7503467671768043,5.62,5.773333333333333
2024,REG,18,2025010500,59764,01/05/2025,3800,ARI,4500,SF,home,1,2.9866993023508566,MCB743360,3800,Trey McBride,T.McBride,TE,https://static.www.nfl.com/image/upload/{formatInstructions}/league/hfdgljgi9gfaskomdl1h,85,65,11,7,1,7,11,1,2.522056343053735,4.861666666666667,7.513636363636363
2024,REG,18,2025010500,59764,01/05/2025,3800,ARI,4500,SF,home,2,2.9866993023508566,HAR648677,3800,Marvin Harrison Jr.,M.Harrison,WR,https://static.www.nfl.com/image/upload/{formatInstructions}/league/o6hg5zeofmxvzjjpo2sf,18,63,6,5,1,5,6,1,2.852860114738128,6.628333333333333,12.466666666666667
2024,REG,18,2025010500,59764,01/05/2025,3800,ARI,4500,SF,home,3,2.9866993023508566,JON403726,3800,Zay Jones,Z.Jones,WR,https://static.www.nfl.com/image/upload/{formatInstructions}/league/uxtqpnwdviolravhnrkw,17,46,5,4,0,4,5,0,3.3355631772266987,8.445,11.514
2024,REG,18,2025010500,59764,01/05/2025,3800,ARI,4500,SF,home,4,2.9866993023508566,DOR793727,3800,Greg Dortch,G.Dortch,WR,https://static.www.nfl.com/image/upload/{formatInstructions}/league/gkog6lrht3rnktwiberj,4,47,4,4,2,4,4,2,4.903847247678435,6.2,1.0849999999999973
2024,REG,18,2025010500,59764,01/05/2025,3800,ARI,4500,SF,home,5,2.9866993023508566,WEA802270,3800,Xavier Weaver,X.Weaver,WR,https://static.www.nfl.com/image/upload/{formatInstructions}/league/m2tuzam94o1qm46kwmxo,89,0,1,0,0,0,1,0,0.7496665925596552,3.17,17.459999999999994
2024,REG,18,2025010500,59764,01/05/2025,3800,ARI,4500,SF,visitor,1,2.9866993023508566,JEN497457,4500,Jauan Jennings,J.Jennings,WR,https://static.www.nfl.com/image/upload/{formatInstructions}/league/fqyzagb57zrtegmw69eb,15,52,10,7,0,7,10,0,2.455338574792037,6.798,5.946
2024,REG,18,2025010500,59764,01/05/2025,3800,ARI,4500,SF,visitor,2,2.9866993023508566,PEA307677,4500,Ricky Pearsall,R.Pearsall,WR,https://static.www.nfl.com/image/upload/{formatInstructions}/league/akwepvt6qxwbgankljmv,14,69,8,6,1,6,8,1,1.8357318059703522,5.645,8.4675
2024,REG,18,2025010500,59764,01/05/2025,3800,ARI,4500,SF,visitor,3,2.9866993023508566,SAU025752,4500,Eric Saubert,E.Saubert,TE,https://static.www.nfl.com/image/upload/{formatInstructions}/league/pxcadtlbynaz2qbffpei,82,17,5,4,0,4,5,0,1.9895350153553877,5.79,4.258
2024,REG,18,2025010500,59764,01/05/2025,3800,ARI,4500,SF,visitor,4,2.9866993023508566,CON236839,4500,Chris Conley,C.Conley,WR,https://static.www.nfl.com/image/upload/{formatInstructions}/league/mr4h7vx02uwpr7xlfk6y,18,59,4,4,0,4,4,0,3.677192414118351,4.4,11.242499999999998
2024,REG,18,2025010500,59764,01/05/2025,3800,ARI,4500,SF,visitor,5,2.9866993023508566,KIT388290,4500,George Kittle,G.Kittle,TE,https://static.www.nfl.com/image/upload/{formatInstructions}/league/ivkrikewqqdllzvano8h,85,27,3,2,0,2,3,0,3.6769287535670245,9.09,9.459999999999999
2024,REG,18,2025010501,59765,01/05/2025,0200,ATL,0750,CAR,home,1,2.9866993023508566,LON013463,0200,Drake London,D.London,WR,https://static.www.nfl.com/image/upload/{formatInstructions}/league/wikjazqtt3uunjufgqrf,5,187,18,10,2,10,18,2,1.9373394209709989,8.705555555555556,14.419444444444444
2024,REG,18,2025010501,59765,01/05/2025,0200,ATL,0750,CAR,home,2,2.9866993023508566,MCC417118,0200,Ray-Ray McCloud,R.McCloud,WR,https://static.www.nfl.com/image/upload/{formatInstructions}/league/nvwn3sdihyyd2itjt7vy,34,66,7,4,0,4,7,0,2.6654244287536537,9.065714285714284,14.137142857142859
2024,REG,18,2025010501,59765,01/05/2025,0200,ATL,0750,CAR,home,3,2.9866993023508566,PIT516805,0200,Kyle Pitts,K.Pitts,TE,https://static.www.nfl.com/image/upload/{formatInstructions}/league/t8ymqyhvv8i1r80jyhy2,8,15,3,2,0,2,3,0,4.138951889555911,5.43,5.323333333333333
2024,REG,18,2025010501,59765,01/05/2025,0200,ATL,0750,CAR,home,4,2.9866993023508566,HOD250493,0200,KhaDarel Hodge,K.Hodge,WR,https://static.www.nfl.com/image/upload/{formatInstructions}/league/h3r6hfokmtgtxz8mljho,12,24,2,1,0,1,2,0,2.704292045977006,6.825,11.485
2024,REG,18,2025010501,59765,01/05/2025,0200,ATL,0750,CAR,visitor,1,2.9866993023508566,COK451291,0750,Jalen Coker,J.Coker,WR,https://static.www.nfl.com/image/upload/{formatInstructions}/league/wk9xewrixauh09f71pqh,18,62,7,7,0,7,7,0,3.852256260783977,6.348571428571428,5.357142857142857
2024,REG,18,2025010501,59765,01/05/2025,0200,ATL,0750,CAR,visitor,2,2.9866993023508566,THI510348,0750,Adam Thielen,A.Thielen,WR,https://static.www.nfl.com/image/upload/{formatInstructions}/league/pxehgo0l9xl03n7dronf,19,44,6,5,0,5,6,0,3.234472168500051,7.6433333333333335,7.9333333333333345
2024,REG,18,2025010501,59765,01/05/2025,0200,ATL,0750,CAR,visitor,3,2.9866993023508566,LEG145351,0750,Xavier Legette,X.Legette,WR,https://static.www.nfl.com/image/upload/{formatInstructions}/league/a3etuvp3kqtwmtkioq8g,17,30,5,3,0,3,5,0,2.8371236002704343,3.8560000000000003,8.482
2024,REG,18,2025010501,59765,01/05/2025,0200,ATL,0750,CAR,visitor,4,2.9866993023508566,SAN343203,0750,Ja'Tavion Sanders,J.Sanders,TE,https://static.www.nfl.com/image/upload/{formatInstructions}/league/egisbinbqmttmub4po1g,0,35,5,3,0,3,5,0,3.571702880399415,8.139999999999999,7.090000000000003
2024,REG,18,2025010501,59765,01/05/2025,0200,ATL,0750,CAR,visitor,5,2.9866993023508566,TRE718453,0750,Tommy Tremble,T.Tremble,TE,https://static.www.nfl.com/image/upload/{formatInstructions}/league/jn0kmd8lg9hu4fjnnat9,82,30,3,2,1,2,3,1,5.884347378320513,5.285,10.226666666666665
2024,REG,18,2025010503,59767,01/05/2025,1200,DAL,5110,WAS,home,1,2.9866993023508566,COO299382,1200,Brandin Cooks,B.Cooks,WR,https://static.www.nfl.com/image/upload/{formatInstructions}/league/pjoksfxpbba4hevwpuop,3,15,9,3,0,3,9,0,2.3739931534191605,6.803333333333334,9.16888888888889
2024,REG,18,2025010503,59767,01/05/2025,1200,DAL,5110,WAS,home,2,2.9866993023508566,TOL148914,1200,Jalen Tolbert,J.Tolbert,WR,https://static.www.nfl.com/image/upload/{formatInstructions}/league/cek1m1cbly5rfmmmjpcc,1,98,6,4,0,4,6,0,5.531345318945653,5.835,8.524999999999997
2024,REG,18,2025010503,59767,01/05/2025,1200,DAL,5110,WAS,home,3,2.9866993023508566,TUR785436,1200,KaVontae Turpin,K.Turpin,WR,https://static.www.nfl.com/image/upload/{formatInstructions}/league/lwkox2bvc6k3hqmidf4q,9,53,5,3,0,3,5,0,4.084333553702918,6.758000000000001,16.412000000000003
2024,REG,18,2025010503,59767,01/05/2025,1200,DAL,5110,WAS,home,4,2.9866993023508566,FER146119,1200,Jake Ferguson,J.Ferguson,TE,https://static.www.nfl.com/image/upload/{formatInstructions}/league/lbvrn1ibwszd6tzgh6o1,87,12,4,2,0,2,4,0,2.6580045456394332,6.44,4.4625
2024,REG,18,2025010503,59767,01/05/2025,1200,DAL,5110,WAS,home,5,2.9866993023508566,MIN170999,1200,Jonathan Mingo,J.Mingo,WR,https://static.www.nfl.com/image/upload/{formatInstructions}/league/slc08tcccvtyqr61dtkd,81,24,2,2,0,2,2,0,1.0212249318074376,8.765,12.519999999999996
2024,REG,18,2025010503,59767,01/05/2025,1200,DAL,5110,WAS,visitor,1,2.9866993023508566,MCL278328,5110,Terry McLaurin,T.McLaurin,WR,https://static.www.nfl.com/image/upload/{formatInstructions}/league/wokz1etv1wj1vhbmvxgs,17,62,12,8,1,8,12,1,1.6352559494717847,7.403333333333332,10.019166666666665
2024,REG,18,2025010503,59767,01/05/2025,1200,DAL,5110,WAS,visitor,2,2.9866993023508566,ERT800920,5110,Zach Ertz,Z.Ertz,TE,https://static.www.nfl.com/image/upload/{formatInstructions}/league/xktmmeumuoglbuam75iz,86,44,5,5,1,5,5,1,2.076891859830647,6.712000000000001,6.0120000000000005
2024,REG,18,2025010503,59767,01/05/2025,1200,DAL,5110,WAS,visitor,3,2.9866993023508566,ZAC133180,5110,Olamide Zaccheaus,O.Zaccheaus,WR,https://static.www.nfl.com/image/upload/{formatInstructions}/league/hcmdnfgnnvcp0qbktpxd,14,51,5,2,0,2,5,0,1.8186949527755587,7.556,22.714000000000002
2024,REG,18,2025010503,59767,01/05/2025,1200,DAL,5110,WAS,visitor,4,2.9866993023508566,BRO408220,5110,Dyami Brown,D.Brown,WR,https://static.www.nfl.com/image/upload/{formatInstructions}/league/mibh7ud59ygmzm19ivac,2,16,4,3,0,3,4,0,4.939682626263132,8.0175,4.49
2024,REG,18,2025010503,59767,01/05/2025,1200,DAL,5110,WAS,visitor,5,2.9866993023508566,BAT109191,5110,John Bates,J.Bates,TE,https://static.www.nfl.com/image/upload/{formatInstructions}/league/edpnkleev10rpzfgjakv,87,0,1,0,0,0,1,0,1.5591343752223552,4.31,30.66
2024,REG,18,2025010504,59768,01/05/2025,1400,DEN,2310,KC,home,1,2.9866993023508566,SUT333526,1400,Courtland Sutton,C.Sutton,WR,https://static.www.nfl.com/image/upload/{formatInstructions}/league/qts95gbd6hv65s9eiseq,14,98,7,5,1,5,7,1,1.4413330620536446,3.3200000000000003,17.015714285714285
2024,REG,18,2025010504,59768,01/05/2025,1400,DEN,2310,KC,home,2,2.9866993023508566,MIM654774,1400,Marvin Mims Jr.,M.Mims,WR,https://static.www.nfl.com/image/upload/{formatInstructions}/league/trvilnckw7nprw1gkghl,19,51,5,5,2,5,5,2,7.4987085465577525,14.4,-4.1979999999999995
2024,REG,18,2025010504,59768,01/05/2025,1400,DEN,2310,KC,home,3,2.9866993023508566,VEL175757,1400,Devaughn Vele,D.Vele,WR,https://static.www.nfl.com/image/upload/{formatInstructions}/league/f2lz4vsh2daurrwdamzv,17,50,4,4,1,4,4,1,2.755139686152306,4.8566666666666665,11.245000000000001
2024,REG,18,2025010504,59768,01/05/2025,1400,DEN,2310,KC,home,4,2.9866993023508566,ADK346075,1400,Nate Adkins,N.Adkins,TE,https://static.www.nfl.com/image/upload/{formatInstructions}/league/zbvo4oy4twbharwpmsqv,45,25,3,3,0,3,3,0,3.7242976116385975,6.543333333333333,2.126666666666665
2024,REG,18,2025010504,59768,01/05/2025,1400,DEN,2310,KC,home,5,2.9866993023508566,FRA545210,1400,Troy Franklin,T.Franklin,WR,https://static.www.nfl.com/image/upload/{formatInstructions}/league/w429urxwxc8sw4bsbvxz,16,12,2,2,0,2,2,0,7.575850739056596,9.39,-4.025000000000002
2024,REG,18,2025010504,59768,01/05/2025,1400,DEN,2310,KC,visitor,1,2.9866993023508566,REM240921,2310,Nikko Remigio,N.Remigio,WR,https://static.www.nfl.com/image/private/{formatInstructions}/league/zyfiv72fmfh3unajdnu0,81,48,6,2,0,2,6,0,2.675747389237495,7.666666666666668,10.241666666666669
2024,REG,18,2025010504,59768,01/05/2025,1400,DEN,2310,KC,visitor,2,2.9866993023508566,WAT441238,2310,Justin Watson,Ju.Watson,WR,https://static.www.nfl.com/image/private/{formatInstructions}/league/vr9tayyujt23takv3hv3,84,5,3,1,0,1,3,0,1.0885251417780821,3.78,12.36333333333333
2024,REG,18,2025010504,59768,01/05/2025,1400,DEN,2310,KC,visitor,3,2.9866993023508566,HEN032321,2310,Peyton Hendershot,P.Hendershot,TE,https://static.www.nfl.com/image/upload/{formatInstructions}/league/d8plvjsvwdadr1ap93ci,88,25,2,2,0,2,2,0,6.056676667289807,8.870000000000001,3.4300000000000033
2024,REG,18,2025010504,59768,01/05/2025,1400,DEN,2310,KC,visitor,4,2.9866993023508566,SMI829709,2310,JuJu Smith-Schuster,J.Smith-Schuster,WR,https://static.www.nfl.com/image/upload/{formatInstructions}/league/l0hsr6xsbsagzygcqhci,9,4,2,1,0,1,2,0,1.3219885800626678,5.51,6.25
2024,REG,18,2025010504,59768,01/05/2025,1400,DEN,2310,KC,visitor,5,2.9866993023508566,GRA757316,2310,Noah Gray,N.Gray,TE,https://static.www.nfl.com/image/upload/{formatInstructions}/league/erihh0eiq4m76k2ejvax,83,1,1,1,0,1,1,0,3.2772702055216643,6.88,0.030000000000001137
2024,REG,18,2025010505,59769,01/05/2025,1540,DET,3000,MIN,home,1,2.9866993023508566,WIL344909,1540,Jameson Williams,Ja.Williams,WR,https://static.www.nfl.com/image/upload/{formatInstructions}/league/kt6xzcnjbe9affdfsayt,9,34,8,6,0,6,8,0,4.57042498601473,5.9375,8.317499999999999
2024,REG,18,2025010505,59769,01/05/2025,1540,DET,3000,MIN,home,2,2.9866993023508566,STB415291,1540,Amon-Ra St. Brown,A.St. Brown,WR,https://static.www.nfl.com/image/upload/{formatInstructions}/league/jmfuamqblg8jag0stpnq,14,77,7,6,0,6,7,0,3.777679425070633,4.511428571428572,8.051428571428572
2024,REG,18,2025010505,59769,01/05/2025,1540,DET,3000,MIN,home,3,2.9866993023508566,LAP640235,1540,Sam LaPorta,S.LaPorta,TE,https://static.www.nfl.com/image/upload/{formatInstructions}/league/ucw8cfj5t5nwkx670wzu,87,63,7,7,0,7,7,0,4.3918131913821785,5.955000000000001,5.147142857142858
2024,REG,18,2025010505,59769,01/05/2025,1540,DET,3000,MIN,home,4,2.9866993023508566,PAT283375,1540,Tim Patrick,T.Patrick,WR,https://static.www.nfl.com/image/upload/{formatInstructions}/league/tsbe7jbwmgzby45hnb3j,17,15,2,2,0,2,2,0,4.758272815068527,6.525,3.620000000000001
2024,REG,18,2025010505,59769,01/05/2025,1540,DET,3000,MIN,home,5,2.9866993023508566,RAY748263,1540,Kalif Raymond,K.Raymond,WR,https://static.www.nfl.com/image/upload/{formatInstructions}/league/hogsyuf9rqnzydmhbsht,11,11,1,1,0,1,1,0,1.9984994370777314,3.73,4.659999999999997
2024,REG,18,2025010505,59769,01/05/2025,1540,DET,3000,MIN,visitor,1,2.9866993023508566,JEF269287,3000,Justin Jefferson,J.Jefferson,WR,https://static.www.nfl.com/image/upload/{formatInstructions}/league/vrftbpzwk6qmv0zjcysg,18,54,9,3,0,3,9,0,3.1887602899029903,4.615,9.255555555555555
2024,REG,18,2025010505,59769,01/05/2025,1540,DET,3000,MIN,visitor,2,2.9866993023508566,HOC422041,3000,T.J. Hockenson,T.Hockenson,TE,https://static.www.nfl.com/image/upload/{formatInstructions}/league/n9zhffstwzae8i5di6tk,87,9,8,2,0,2,8,0,2.3584729471702905,3.19,9.055000000000001
2024,REG,18,2025010505,59769,01/05/2025,1540,DET,3000,MIN,visitor,3,2.9866993023508566,ADD491056,3000,Jordan Addison,J.Addison,WR,https://static.www.nfl.com/image/upload/{formatInstructions}/league/tmyckmignrvy8truccwm,3,0,6,1,0,1,6,0,2.4660936913439175,5.3566666666666665,16.355
2024,REG,18,2025010505,59769,01/05/2025,1540,DET,3000,MIN,visitor,4,2.9866993023508566,NAI067484,3000,Jalen Nailor,J.Nailor,WR,https://static.www.nfl.com/image/upload/{formatInstructions}/league/fe9b3l4fz6n02gbr5zbt,83,53,4,3,0,3,4,0,4.792793154414029,3.045,12.605
2024,REG,18,2025010505,59769,01/05/2025,1540,DET,3000,MIN,visitor,5,2.9866993023508566,OLI524360,3000,Josh Oliver,J.Oliver,TE,https://static.www.nfl.com/image/private/{formatInstructions}/league/pwd3muzyjclgjlwwtdah,84,16,3,2,0,2,3,0,2.9766928389879177,3.5666666666666664,3.616666666666667
2024,REG,18,2025010506,59770,01/05/2025,1800,GB,0810,CHI,home,1,2.9866993023508566,KRA144054,1800,Tucker Kraft,T.Kraft,TE,https://static.www.nfl.com/image/upload/{formatInstructions}/league/klrmgekdzx1ywjjmixp7,85,36,7,4,0,4,7,0,3.3440555159436913,9.2425,4.977142857142858
2024,REG,18,2025010506,59770,01/05/2025,1800,GB,0810,CHI,home,2,2.9866993023508566,WIC622867,1800,Dontayvion Wicks,D.Wicks,WR,https://static.www.nfl.com/image/upload/{formatInstructions}/league/ghsev2bmz8kvhm8dsbey,13,49,6,5,0,5,6,0,2.5404499903236064,8.865,8.858333333333333
2024,REG,18,2025010506,59770,01/05/2025,1800,GB,0810,CHI,home,3,2.9866993023508566,HEA759997,1800,Malik Heath,M.Heath,WR,https://static.www.nfl.com/image/upload/{formatInstructions}/league/xbhxvulvdrkbz5svka5f,18,53,5,3,0,3,5,0,2.7410910567084414,8.878,9.148000000000001
2024,REG,18,2025010506,59770,01/05/2025,1800,GB,0810,CHI,home,4,2.9866993023508566,REE263142,1800,Jayden Reed,J.Reed,WR,https://static.www.nfl.com/image/upload/{formatInstructions}/league/blh2tfg9qjthqo2g6ot4,11,48,2,2,0,2,2,0,2.3903350228734417,8.27,23.62
2024,REG,18,2025010506,59770,01/05/2025,1800,GB,0810,CHI,home,5,2.9866993023508566,MUS097324,1800,Luke Musgrave,L.Musgrave,TE,https://static.www.nfl.com/image/upload/{formatInstructions}/league/mn9nugrtq8kb8sysrvne,88,19,1,1,0,1,1,0,2.9167790454540725,4.82,18.840000000000003
2024,REG,18,2025010506,59770,01/05/2025,1800,GB,0810,CHI,visitor,1,2.9866993023508566,MOO272423,0810,DJ Moore,D.Moore,WR,https://static.www.nfl.com/image/upload/{formatInstructions}/league/hqb9xnzm9brx79zl6wve,2,86,10,9,1,9,10,1,3.3096532815755686,5.274444444444445,1.4709999999999994
2024,REG,18,2025010506,59770,01/05/2025,1800,GB,0810,CHI,visitor,2,2.9866993023508566,ALL532966,0810,Keenan Allen,K.Allen,WR,https://static.www.nfl.com/image/upload/{formatInstructions}/league/lngo1onvkcqjnq7ozkuu,13,25,3,3,0,3,3,0,3.845042620514697,8.61,7.260000000000001
2024,REG,18,2025010506,59770,01/05/2025,1800,GB,0810,CHI,visitor,3,2.9866993023508566,ODU426541,0810,Rome Odunze,R.Odunze,WR,https://static.www.nfl.com/image/upload/{formatInstructions}/league/labs8tstecnehvzfmrs5,15,18,2,2,0,2,2,0,5.540334229655398,9.6,6.989999999999998
2024,REG,18,2025010506,59770,01/05/2025,1800,GB,0810,CHI,visitor,4,2.9866993023508566,KME200895,0810,Cole Kmet,C.Kmet,TE,https://static.www.nfl.com/image/upload/{formatInstructions}/league/fdxpctcmwjupassg9g9d,85,3,2,2,0,2,2,0,1.757407020343063,5.26,0.8050000000000033
2024,REG,18,2025010507,59771,01/05/2025,2200,IND,2250,JAX,home,1,2.9866993023508566,DOW686145,2200,Josh Downs,J.Downs,WR,https://static.www.nfl.com/image/upload/{formatInstructions}/league/zue2xxvfrignllqlhagu,1,94,13,10,0,10,13,0,2.9163845518817744,5.578333333333333,5.026923076923077
2024,REG,18,2025010507,59771,01/05/2025,2200,IND,2250,JAX,home,2,2.9866993023508566,PIT228050,2200,Michael Pittman,M.Pittman,WR,https://static.www.nfl.com/image/private/{formatInstructions}/league/wnymcombo2plamteihiy,11,72,10,6,0,6,10,0,2.731565758587708,3.758,12.983
2024,REG,18,2025010507,59771,01/05/2025,2200,IND,2250,JAX,home,3,2.9866993023508566,GRA367521,2200,Kylen Granson,K.Granson,TE,https://static.www.nfl.com/image/upload/{formatInstructions}/league/rydvwc7sqwucvx14s8b4,83,7,4,1,0,1,4,0,3.088444661634651,4.66,12.787499999999998
2024,REG,18,2025010507,59771,01/05/2025,2200,IND,2250,JAX,home,4,2.9866993023508566,PIE185673,2200,Alec Pierce,A.Pierce,WR,https://static.www.nfl.com/image/upload/{formatInstructions}/league/hvtcpccoigf9cghzkxcg,14,57,2,2,1,2,2,1,0.8203013789470271,2.295,25.665
2024,REG,18,2025010507,59771,01/05/2025,2200,IND,2250,JAX,home,5,2.9866993023508566,ALI177980,2200,Mo Alie-Cox,M.Alie-Cox,TE,https://static.www.nfl.com/image/upload/{formatInstructions}/league/f4orwwthvtcyd3vfqjvs,81,0,1,0,0,0,1,0,4.291072127102962,4.04,25.159999999999997
2024,REG,18,2025010507,59771,01/05/2025,2200,IND,2250,JAX,visitor,1,2.9866993023508566,THO419793,2250,Brian Thomas Jr.,B.Thomas,WR,https://static.www.nfl.com/image/upload/{formatInstructions}/league/gsz15iz0ppibhslzzgch,7,103,11,7,0,7,11,0,2.349273353609408,7.23,14.421818181818184
2024,REG,18,2025010507,59771,01/05/2025,2200,IND,2250,JAX,visitor,2,2.9866993023508566,WAS604325,2250,Parker Washington,P.Washington,WR,https://static.www.nfl.com/image/private/{formatInstructions}/league/pukz1x5ysxkhvsmcttdm,11,15,4,2,1,2,4,1,2.8791188925415763,7.050000000000001,11.405
2024,REG,18,2025010507,59771,01/05/2025,2200,IND,2250,JAX,visitor,3,2.9866993023508566,STR188631,2250,Brenton Strange,B.Strange,TE,https://static.www.nfl.com/image/private/{formatInstructions}/league/trfk78mrfsafnbatyx2x,85,60,4,4,0,4,4,0,4.115331704133908,8.3675,8.887499999999998
2024,REG,18,2025010507,59771,01/05/2025,2200,IND,2250,JAX,visitor,4,2.9866993023508566,REY398905,2250,Josh Reynolds,J.Reynolds,WR,https://static.www.nfl.com/image/upload/{formatInstructions}/league/ifukozhqlo1728h3gjnp,87,11,3,1,0,1,3,0,1.1657407185804682,4.323333333333333,10.683333333333335
2024,REG,18,2025010507,59771,01/05/2025,2200,IND,2250,JAX,visitor,5,2.9866993023508566,FAR615740,2250,Luke Farrell,L.Farrell,TE,https://static.www.nfl.com/image/upload/{formatInstructions}/league/f2z7wpmx7ngtxcqqedla,89,4,1,1,0,1,1,0,2.2832433072276785,,2.5900000000000034
2024,REG,18,2025010508,59772,01/05/2025,2510,LA,4600,SEA,home,1,2.9866993023508566,ATW460468,2510,Tutu Atwell,T.Atwell,WR,https://static.www.nfl.com/image/upload/{formatInstructions}/league/hpvbp9pn7ifbh62nde0n,5,37,8,5,0,5,8,0,2.5740939485450918,4.6925,8.75
2024,REG,18,2025010508,59772,01/05/2025,2510,LA,4600,SEA,home,2,2.9866993023508566,HIG033222,2510,Tyler Higbee,T.Higbee,TE,https://static.www.nfl.com/image/private/{formatInstructions}/league/vk9c6lr4d1pdt9sr86ua,89,46,7,5,1,5,7,1,3.298474844864358,4.93,1.1828571428571435
2024,REG,18,2025010508,59772,01/05/2025,2510,LA,4600,SEA,home,3,2.9866993023508566,JOH711094,2510,Tyler Johnson,T.Johnson,WR,https://static.www.nfl.com/image/upload/{formatInstructions}/league/vktiajeyqc8s9s6mjws7,18,35,7,4,1,4,7,1,2.2595070204647265,6.271666666666667,5.745714285714285
2024,REG,18,2025010508,59772,01/05/2025,2510,LA,4600,SEA,home,4,2.9866993023508566,ROB399065,2510,Demarcus Robinson,D.Robinson,WR,https://static.www.nfl.com/image/upload/{formatInstructions}/league/lakf0xue1qqb7ed4p6ge,15,72,6,3,0,3,6,0,1.844901464252257,4.548333333333333,13.281666666666666
2024,REG,18,2025010508,59772,01/05/2025,2510,LA,4600,SEA,home,5,2.9866993023508566,WHI807684,2510,Jordan Whittington,J.Whittington,WR,https://static.www.nfl.com/image/upload/{formatInstructions}/league/x5j7yvx4iheje5vw4tek,88,86,4,3,0,3,4,0,6.4713714535423374,7.523333333333333,4.265
2024,REG,18,2025010508,59772,01/05/2025,2510,LA,4600,SEA,visitor,1,2.9866993023508566,FAN405165,4600,Noah Fant,N.Fant,TE,https://static.www.nfl.com/image/private/{formatInstructions}/league/w1gqasldrg3jumzdqjvy,87,63,6,5,1,5,6,1,4.259230866843412,3.718,5.673333333333335
2024,REG,18,2025010508,59772,01/05/2025,2510,LA,4600,SEA,visitor,2,2.9866993023508566,BAR235889,4600,AJ Barner,A.Barner,TE,https://static.www.nfl.com/image/upload/{formatInstructions}/league/msnzbeyjoemcas9dm8vt,88,34,5,5,1,5,5,1,3.332416879858718,7.283333333333334,1.276000000000001
2024,REG,18,2025010508,59772,01/05/2025,2510,LA,4600,SEA,visitor,3,2.9866993023508566,MET363377,4600,DK Metcalf,D.Metcalf,WR,https://static.www.nfl.com/image/upload/{formatInstructions}/league/ezpzdcvzlu5ga4uv6oas,14,53,5,3,1,3,5,1,1.3299946570569259,3.836,19.976000000000003
2024,REG,18,2025010508,59772,01/05/2025,2510,LA,4600,SEA,visitor,4,2.9866993023508566,SMI829636,4600,Jaxon Smith-Njigba,J.Smith-Njigba,WR,https://static.www.nfl.com/image/upload/{formatInstructions}/league/lfroslgx4bo5p641flvg,11,9,5,4,0,4,5,0,5.576962609585981,7.68,-0.9820000000000004
2024,REG,18,2025010508,59772,01/05/2025,2510,LA,4600,SEA,visitor,5,2.9866993023508566,LOC420915,4600,Tyler Lockett,T.Lockett,WR,https://static.www.nfl.com/image/upload/{formatInstructions}/league/yz9p4pfwr0iyakhnwj4z,16,28,4,2,0,2,4,0,2.807670582449708,8.965,18.8975
2024,REG,18,2025010509,59773,01/05/2025,2520,LV,4400,LAC,home,1,2.9866993023508566,MEY171606,2520,Jakobi Meyers,J.Meyers,WR,https://static.www.nfl.com/image/upload/{formatInstructions}/league/p1abjttm5pu8gev0gwea,16,123,10,9,1,9,10,1,2.001805636013547,7.438,13.13
2024,REG,18,2025010509,59773,01/05/2025,2520,LV,4400,LAC,home,2,2.9866993023508566,BOW196560,2520,Brock Bowers,B.Bowers,TE,https://static.www.nfl.com/image/upload/{formatInstructions}/league/mjy86xh8munoiur4hejf,89,50,9,4,1,4,9,1,2.584424670205557,7.021249999999999,11.833333333333334
2024,REG,18,2025010509,59773,01/05/2025,2520,LV,4400,LAC,home,3,2.9866993023508566,MAY330676,2520,Michael Mayer,M.Mayer,TE,https://static.www.nfl.com/image/upload/{formatInstructions}/league/rmc4igjgu5za2va8rfe1,87,21,4,4,0,4,4,0,5.157395461304072,6.235,2.232499999999999
2024,REG,18,2025010509,59773,01/05/2025,2520,LV,4400,LAC,home,4,2.9866993023508566,TUC399910,2520,Tre Tucker,T.Tucker,WR,https://static.www.nfl.com/image/upload/{formatInstructions}/league/soebzcfwhgnjffwqv1ox,11,24,4,3,0,3,4,0,1.5566070352120198,8.432500000000001,14.352500000000001
2024,REG,18,2025010509,59773,01/05/2025,2520,LV,4400,LAC,visitor,1,2.9866993023508566,JOH823261,4400,Quentin Johnston,Q.Johnston,WR,https://static.www.nfl.com/image/upload/{formatInstructions}/league/jbxlvsbokf9qdqtet1qr,1,186,14,13,0,13,14,0,4.615776229812453,6.411428571428572,9.532142857142858
2024,REG,18,2025010509,59773,01/05/2025,2520,LV,4400,LAC,visitor,2,2.9866993023508566,MCC512833,4400,Ladd McConkey,L.McConkey,WR,https://static.www.nfl.com/image/upload/{formatInstructions}/league/wcx39ialovvxxnvs2bke,15,95,8,5,0,5,8,0,3.5075661557127744,6.119999999999999,9.10625
2024,REG,18,2025010509,59773,01/05/2025,2520,LV,4400,LAC,visitor,3,2.9866993023508566,DIS743152,4400,Will Dissly,W.Dissly,TE,https://static.www.nfl.com/image/upload/{formatInstructions}/league/opdpeoconvviwkufolxr,81,42,6,5,1,5,6,1,3.6422588699486336,6.872,4.446666666666666
2024,REG,18,2025010509,59773,01/05/2025,2520,LV,4400,LAC,visitor,4,2.9866993023508566,CHA553392,4400,DJ Chark,D.Chark,WR,https://static.www.nfl.com/image/upload/{formatInstructions}/league/skuieceh50r31ulwpo5s,9,6,3,1,1,1,3,1,1.196722032375273,5.14,17.876666666666665
2024,REG,18,2025010509,59773,01/05/2025,2520,LV,4400,LAC,visitor,5,2.9866993023508566,DAV263132,4400,Derius Davis,D.Davis,WR,https://static.www.nfl.com/image/upload/{formatInstructions}/league/ctk98ws4ps6p4gaei6uu,12,5,1,1,0,1,1,0,4.261267417095532,,3.1899999999999977
2024,REG,18,2025010510,59774,01/05/2025,3200,NE,0610,BUF,home,1,2.9866993023508566,BOU482823,3200,Kayshon Boutte,K.Boutte,WR,https://static.www.nfl.com/image/private/{formatInstructions}/league/nz6t7jhx6erszovbv1bd,9,117,7,7,1,7,7,1,2.4880882548863714,5.615714285714286,12.604285714285714
2024,REG,18,2025010510,59774,01/05/2025,3200,NE,0610,BUF,home,2,2.9866993023508566,HOO570770,3200,Austin Hooper,A.Hooper,TE,https://static.www.nfl.com/image/upload/{formatInstructions}/league/hj0ybtjspne3t1cso961,81,27,6,4,0,4,6,0,1.4553305874239262,6.98,4.239999999999999
2024,REG,18,2025010510,59774,01/05/2025,3200,NE,0610,BUF,home,3,2.9866993023508566,DOU259552,3200,Demario Douglas,D.Douglas,WR,https://static.www.nfl.com/image/private/{formatInstructions}/league/svnh61ottqtfmcqvnbj3,3,34,4,3,0,3,4,0,2.7705315128040207,7.5375,13.1525
2024,REG,18,2025010510,59774,01/05/2025,3200,NE,0610,BUF,home,4,2.9866993023508566,BOU434790,3200,Kendrick Bourne,K.Bourne,WR,https://static.www.nfl.com/image/private/{formatInstructions}/league/vrovcaqql9p6xsycko83,84,12,2,2,0,2,2,0,1.9567560561864847,2.3,6.200000000000003
2024,REG,18,2025010510,59774,01/05/2025,3200,NE,0610,BUF,home,5,2.9866993023508566,BEL377608,3200,Jaheim Bell,J.Bell,TE,https://static.www.nfl.com/image/upload/{formatInstructions}/league/psbwq5bse6vv9bpzqssr,88,19,1,1,0,1,1,0,6.228001284521381,11.97,15.64
2024,REG,18,2025010510,59774,01/05/2025,3200,NE,0610,BUF,visitor,1,2.9866993023508566,COL295571,0610,Keon Coleman,K.Coleman,WR,https://static.www.nfl.com/image/upload/{formatInstructions}/league/ipwpdgb0cm3xy3d8zu1l,0,31,10,2,0,2,10,0,1.3193018022678045,5.7877777777777775,19.642
2024,REG,18,2025010510,59774,01/05/2025,3200,NE,0610,BUF,visitor,2,2.9866993023508566,SAM633285,0610,Curtis Samuel,C.Samuel,WR,https://static.www.nfl.com/image/upload/{formatInstructions}/league/mq62ulflifrpjrcyknbj,1,52,8,7,0,7,8,0,5.218854952212096,6.804285714285714,-0.256250000000001
2024,REG,18,2025010510,59774,01/05/2025,3200,NE,0610,BUF,visitor,3,2.9866993023508566,HOL280459,0610,Mack Hollins,M.Hollins,WR,https://static.www.nfl.com/image/upload/{formatInstructions}/league/xchw7quzjszgrm6psbyg,13,25,4,3,0,3,4,0,2.239965391095201,5.49,7.100000000000003
2024,REG,18,2025010510,59774,01/05/2025,3200,NE,0610,BUF,visitor,4,2.9866993023508566,MOR489431,0610,Quintin Morris,Q.Morris,TE,https://static.www.nfl.com/image/upload/{formatInstructions}/league/ftrqrbuqecl9yhcqrcmw,85,20,4,3,0,3,4,0,3.073197715703776,5.975,2.7174999999999976
2024,REG,18,2025010511,59775,01/05/2025,3430,NYJ,2700,MIA,home,1,2.9866993023508566,ADA218591,3430,Davante Adams,D.Adams,WR,https://static.www.nfl.com/image/upload/{formatInstructions}/league/jweoujpjv9u2a8k7wnos,17,88,12,6,1,6,12,1,3.4822148176431735,4.288181818181818,10.975
2024,REG,18,2025010511,59775,01/05/2025,3430,NYJ,2700,MIA,home,2,2.9866993023508566,WIL691962,3430,Garrett Wilson,G.Wilson,WR,https://static.www.nfl.com/image/private/{formatInstructions}/league/llgosx4tokddwnyrgvbx,5,51,5,4,0,4,5,0,5.163404825302992,7.782000000000001,2.866000000000001
2024,REG,18,2025010511,59775,01/05/2025,3430,NYJ,2700,MIA,home,3,2.9866993023508566,LAZ043714,3430,Allen Lazard,A.Lazard,WR,https://static.www.nfl.com/image/private/{formatInstructions}/league/blrzk3bfnpneuyhsqiqg,10,71,3,3,1,3,3,1,4.335216951870014,2.83,14.366666666666667
2024,REG,18,2025010511,59775,01/05/2025,3430,NYJ,2700,MIA,home,4,2.9866993023508566,CON185250,3430,Tyler Conklin,T.Conklin,TE,https://static.www.nfl.com/image/upload/{formatInstructions}/league/chajhumpfogd8effewe6,83,16,3,2,1,2,3,1,3.2565606381437164,5.676666666666667,8.886666666666665
2024,REG,18,2025010511,59775,01/05/2025,3430,NYJ,2700,MIA,home,5,2.9866993023508566,RUC675714,3430,Jeremy Ruckert,J.Ruckert,TE,https://static.www.nfl.com/image/private/{formatInstructions}/league/w6bf97vbqitoyo5o7xaa,89,5,2,1,0,1,2,0,3.2506495566635403,6.220000000000001,3.0700000000000003
2024,REG,18,2025010511,59775,01/05/2025,3430,NYJ,2700,MIA,visitor,1,2.9866993023508566,SMI443054,2700,Jonnu Smith,J.Smith,TE,https://static.www.nfl.com/image/upload/{formatInstructions}/league/p8uldtljkzb6sile3wgx,9,56,12,9,1,9,12,1,3.0789250997577287,5.630909090909091,4.639166666666667
2024,REG,18,2025010511,59775,01/05/2025,3430,NYJ,2700,MIA,visitor,2,2.9866993023508566,WAD088683,2700,Jaylen Waddle,J.Waddle,WR,https://static.www.nfl.com/image/private/{formatInstructions}/league/qjsz2h6shbdnksctzeka,17,44,9,4,0,4,9,0,2.6459559383467064,5.43375,12.402222222222223
2024,REG,18,2025010511,59775,01/05/2025,3430,NYJ,2700,MIA,visitor,3,2.9866993023508566,WAS519225,2700,Malik Washington,M.Washington,WR,https://static.www.nfl.com/image/upload/{formatInstructions}/league/mlnnipvmbl92w7mmr1pa,83,48,5,4,0,4,5,0,4.421221179993726,5.4399999999999995,5.5760000000000005
2024,REG,18,2025010511,59775,01/05/2025,3430,NYJ,2700,MIA,visitor,4,2.9866993023508566,CRA117607,2700,River Cracraft,R.Cracraft,WR,https://static.www.nfl.com/image/upload/{formatInstructions}/league/y8t968ntco72t8f8ryba,85,38,4,4,0,4,4,0,3.4388435453351196,5.08,7.240000000000001
2024,REG,18,2025010511,59775,01/05/2025,3430,NYJ,2700,MIA,visitor,5,2.9866993023508566,HIL628694,2700,Tyreek Hill,T.Hill,WR,https://static.www.nfl.com/image/upload/{formatInstructions}/league/gdwjlpbkenmnsibawkht,10,20,3,2,0,2,3,0,1.1653737276576484,6.493333333333332,13.209999999999999
2024,REG,18,2025010512,59776,01/05/2025,3700,PHI,3410,NYG,home,1,2.9866993023508566,DOT282798,3700,Jahan Dotson,J.Dotson,WR,https://static.www.nfl.com/image/upload/{formatInstructions}/league/myxhp9oqtcv1peactbhv,83,94,11,7,0,7,11,0,3.013037229382741,7.932727272727272,10.351818181818182
2024,REG,18,2025010512,59776,01/05/2025,3700,PHI,3410,NYG,home,2,2.9866993023508566,GOE595520,3700,Dallas Goedert,D.Goedert,TE,https://static.www.nfl.com/image/upload/{formatInstructions}/league/wfj54vhw1zxwwb3vdi61,88,55,6,4,0,4,6,0,2.6681942526628837,6.8066666666666675,7.2316666666666665
2024,REG,18,2025010512,59776,01/05/2025,3700,PHI,3410,NYG,home,3,2.9866993023508566,SMI024570,3700,Ainias Smith,A.Smith,WR,https://static.www.nfl.com/image/upload/{formatInstructions}/league/curtawk9bzyg88w5jrg8,82,35,6,4,1,4,6,1,2.5852544573761436,6.8116666666666665,6.240000000000002
2024,REG,18,2025010512,59776,01/05/2025,3700,PHI,3410,NYG,home,4,2.9866993023508566,WIL733437,3700,Johnny Wilson,J.Wilson,WR,https://static.www.nfl.com/image/upload/{formatInstructions}/league/cj13ngp4tjmi9621trrk,89,24,5,3,0,3,5,0,2.1508145791369584,8.936,6.772000000000001
2024,REG,18,2025010512,59776,01/05/2025,3700,PHI,3410,NYG,home,5,2.9866993023508566,CAL069215,3700,Grant Calcaterra,G.Calcaterra,TE,https://static.www.nfl.com/image/upload/{formatInstructions}/league/vxl0kathuej280k01d2r,81,10,4,2,0,2,4,0,2.722364152104858,3.5525,3.0950000000000024
2024,REG,18,2025010512,59776,01/05/2025,3700,PHI,3410,NYG,visitor,1,2.9866993023508566,ROB717726,3410,Wan'Dale Robinson,W.Robinson,WR,https://static.www.nfl.com/image/upload/{formatInstructions}/league/z94hnehk9vgmvtad6sgi,17,43,11,10,0,10,11,0,3.9373826554413967,6.863333333333333,1.0199999999999996
2024,REG,18,2025010512,59776,01/05/2025,3700,PHI,3410,NYG,visitor,2,2.9866993023508566,NAB400459,3410,Malik Nabers,M.Nabers,WR,https://static.www.nfl.com/image/upload/{formatInstructions}/league/w3edoyyuomqlovvp9ixc,1,64,8,5,1,5,8,1,4.030638267786961,6.0375,6.26875
2024,REG,18,2025010512,59776,01/05/2025,3700,PHI,3410,NYG,visitor,3,2.9866993023508566,BEL680916,3410,Daniel Bellinger,D.Bellinger,TE,https://static.www.nfl.com/image/upload/{formatInstructions}/league/f9xmqszyicfahxrcqevp,82,9,2,2,0,2,2,0,6.57318410541035,,0.3500000000000014
2024,REG,18,2025010512,59776,01/05/2025,3700,PHI,3410,NYG,visitor,4,2.9866993023508566,HYA420916,3410,Jalin Hyatt,J.Hyatt,WR,https://static.www.nfl.com/image/private/{formatInstructions}/league/ibftqfglvcqaipfdnr4f,13,0,1,0,0,0,1,0,1.6378339354159293,7.1,29.450000000000003
2024,REG,18,2025010512,59776,01/05/2025,3700,PHI,3410,NYG,visitor,5,2.9866993023508566,SLA500077,3410,Darius Slayton,D.Slayton,WR,https://static.www.nfl.com/image/upload/{formatInstructions}/league/zhm6evj813ucss03ndlx,86,0,1,0,0,0,1,0,0.5721887800367987,8.67,9.319999999999993
2024,REG,18,2025010514,59778,01/05/2025,4900,TB,3300,NO,home,1,2.9866993023508566,EVA534309,4900,Mike Evans,M.Evans,WR,https://static.www.nfl.com/image/upload/{formatInstructions}/league/vfsaie1uiokfczwv9p4d,13,89,14,9,0,9,14,0,2.4315443157559833,5.6207142857142856,10.080714285714285
2024,REG,18,2025010514,59778,01/05/2025,4900,TB,3300,NO,home,2,2.9866993023508566,MCM472299,4900,Jalen McMillan,J.McMillan,WR,https://static.www.nfl.com/image/upload/{formatInstructions}/league/zdxkyl8gy4dqiq6evfzp,15,74,6,5,1,5,6,1,2.5194931482250524,6.178333333333334,12.093333333333334
2024,REG,18,2025010514,59778,01/05/2025,4900,TB,3300,NO,home,3,2.9866993023508566,CUL534924,4900,Devin Culp,D.Culp,TE,https://static.www.nfl.com/image/upload/{formatInstructions}/league/enm1dlbdrxtiwev6pjvi,82,36,2,2,0,2,2,0,1.2438445728784453,8.4,12.140000000000004
2024,REG,18,2025010514,59778,01/05/2025,4900,TB,3300,NO,home,4,2.9866993023508566,SHE495754,4900,Sterling Shepard,S.Shepard,WR,https://static.www.nfl.com/image/upload/{formatInstructions}/league/dphqvpkeselgrselrvma,17,11,2,1,0,1,2,0,4.341380303788158,6.735,8.920000000000002
2024,REG,18,2025010514,59778,01/05/2025,4900,TB,3300,NO,home,5,2.9866993023508566,DUR344537,4900,Payne Durham,P.Durham,TE,https://static.www.nfl.com/image/upload/{formatInstructions}/league/vrdqb2si9rpshhy51liq,87,16,2,2,1,2,2,1,2.413790824173378,6.7299999999999995,11.885000000000002
2024,REG,18,2025010514,59778,01/05/2025,4900,TB,3300,NO,visitor,1,2.9866993023508566,VAL142116,3300,Marquez Valdes-Scantling,M.Valdes-Scantling,WR,https://static.www.nfl.com/image/upload/{formatInstructions}/league/vn2bg6lhyl15xrymtd5g,10,33,8,3,0,3,8,0,2.0104953208037633,3.935714285714286,15.4925
2024,REG,18,2025010514,59778,01/05/2025,4900,TB,3300,NO,visitor,2,2.9866993023508566,JOH398789,3300,Juwan Johnson,J.Johnson,TE,https://static.www.nfl.com/image/upload/{formatInstructions}/league/pdsl9w3agc9uvjqpq1jy,83,80,7,6,0,6,7,0,3.3667062658321614,6.579999999999999,7.924285714285714
2024,REG,18,2025010514,59778,01/05/2025,4900,TB,3300,NO,visitor,3,2.9866993023508566,PET735981,3300,Dante Pettis,D.Pettis,WR,https://static.www.nfl.com/image/upload/{formatInstructions}/league/bkn6mnwboawe7iucprxe,17,16,6,2,1,2,6,1,3.100622290431032,8.123333333333333,10.673333333333334
2024,REG,18,2025010514,59778,01/05/2025,4900,TB,3300,NO,visitor,4,2.9866993023508566,WIL656498,3300,Cedrick Wilson Jr.,C.Wilson,WR,https://static.www.nfl.com/image/upload/{formatInstructions}/league/vuolr6nwwbrwwc5ldt7f,11,22,5,3,0,3,5,0,4.1498740261298765,4.772,4.8020000000000005
2024,REG,18,2025010514,59778,01/05/2025,4900,TB,3300,NO,visitor,5,2.9866993023508566,MOR096402,3300,Foster Moreau,F.Moreau,TE,https://static.www.nfl.com/image/upload/{formatInstructions}/league/hfcik9okcbwsbhgoaljy,87,31,4,4,0,4,4,0,5.017414129566428,3.2533333333333325,2.9324999999999983
2024,REG,18,2025010515,59779,01/05/2025,2100,TEN,2120,HOU,home,1,2.9866993023508566,WHY207645,2100,Josh Whyle,J.Whyle,TE,https://static.www.nfl.com/image/upload/{formatInstructions}/league/ccstvnbjzprcpb2j9xnb,81,29,7,5,0,5,7,0,3.97616046728627,5.854,3.5457142857142863
2024,REG,18,2025010515,59779,01/05/2025,2100,TEN,2120,HOU,home,2,2.9866993023508566,WES567220,2100,Nick Westbrook-Ikhine,N.Westbrook-Ikhine,WR,https://static.www.nfl.com/image/upload/{formatInstructions}/league/rt9ic9wzwl2pevlxt1nd,15,50,7,4,0,4,7,0,3.4081419901983026,4.32,9.07
2024,REG,18,2025010515,59779,01/05/2025,2100,TEN,2120,HOU,home,3,2.9866993023508566,RID652384,2100,Calvin Ridley,C.Ridley,WR,https://static.www.nfl.com/image/upload/{formatInstructions}/league/tmeij0cfgylmurfybs74,0,76,5,3,0,3,5,0,2.6712332146696496,7.662000000000001,18.942
2024,REG,18,2025010515,59779,01/05/2025,2100,TEN,2120,HOU,home,4,2.9866993023508566,OLI201080,2100,Bryce Oliver,B.Oliver,WR,https://static.www.nfl.com/image/upload/{formatInstructions}/league/njv8cbvhuobk2fe6uslj,80,15,3,1,0,1,3,0,4.031877684176604,6.793333333333334,10.09333333333333
2024,REG,18,2025010515,59779,01/05/2025,2100,TEN,2120,HOU,home,5,2.9866993023508566,VAN643509,2100,Nick Vannett,N.Vannett,TE,https://static.www.nfl.com/image/upload/{formatInstructions}/league/srrlkx2mydsb8gfco6fp,84,26,2,2,0,2,2,0,3.483299178268219,8.6,-1.4050000000000011
2024,REG,18,2025010515,59779,01/05/2025,2100,TEN,2120,HOU,visitor,1,2.9866993023508566,COL654119,2120,Nico Collins,N.Collins,WR,https://static.www.nfl.com/image/upload/{formatInstructions}/league/q7c9aq8rpremfygslmya,12,38,5,5,1,5,5,1,3.0823291329917177,4.638,5.613999999999999
2024,REG,18,2025010515,59779,01/05/2025,2100,TEN,2120,HOU,visitor,2,2.9866993023508566,JOH000017,2120,Diontae Johnson,D.Johnson,WR,https://static.www.nfl.com/image/upload/{formatInstructions}/league/rjtil6ilydmwoy0btlt7,82,12,4,2,0,2,4,0,3.2943363595625437,4.473333333333334,8.905000000000001
2024,REG,18,2025010515,59779,01/05/2025,2100,TEN,2120,HOU,visitor,3,2.9866993023508566,MET373452,2120,John Metchie III,J.Metchie,WR,https://static.www.nfl.com/image/upload/{formatInstructions}/league/zf0d6hiyqnmtst0vwdpv,8,24,4,2,0,2,4,0,1.151004218917413,3.7325,7.2925
2024,REG,18,2025010515,59779,01/05/2025,2100,TEN,2120,HOU,visitor,4,2.9866993023508566,SCH647271,2120,Dalton Schultz,D.Schultz,TE,https://static.www.nfl.com/image/upload/{formatInstructions}/league/ooatvpu1knzypdmjljo9,86,29,3,3,0,3,3,0,2.8369011578229135,5.946666666666666,8.02
2024,REG,18,2025010515,59779,01/05/2025,2100,TEN,2120,HOU,visitor,5,2.9866993023508566,WOO561144,2120,Robert Woods,R.Woods,WR,https://static.www.nfl.com/image/upload/{formatInstructions}/league/ydjg5fylwkf5aaxiul6v,2,39,3,2,0,2,3,0,2.995991494610194,2.8966666666666665,13.463333333333336
2024,POST,19,2025011100,59829,01/11/2025,2120,HOU,4400,LAC,home,1,2.9866993023508566,COL654119,2120,Nico Collins,N.Collins,WR,https://static.www.nfl.com/image/upload/{formatInstructions}/league/q7c9aq8rpremfygslmya,12,122,8,7,1,7,8,1,2.4891153591861213,6.7562500000000005,14.006250000000001
2024,POST,19,2025011100,59829,01/11/2025,2120,HOU,4400,LAC,home,2,2.9866993023508566,MET373452,2120,John Metchie III,J.Metchie,WR,https://static.www.nfl.com/image/upload/{formatInstructions}/league/zf0d6hiyqnmtst0vwdpv,8,28,8,4,0,4,8,0,3.162210343975968,7.25,9.848749999999999
2024,POST,19,2025011100,59829,01/11/2025,2120,HOU,4400,LAC,home,3,2.9866993023508566,STO763332,2120,Cade Stover,C.Stover,TE,https://static.www.nfl.com/image/upload/{formatInstructions}/league/ehruudekjzjney5dircm,87,28,4,4,0,4,4,0,5.015217358444396,7.526666666666666,2.0299999999999976
2024,POST,19,2025011100,59829,01/11/2025,2120,HOU,4400,LAC,home,4,2.9866993023508566,WOO561144,2120,Robert Woods,R.Woods,WR,https://static.www.nfl.com/image/upload/{formatInstructions}/league/ydjg5fylwkf5aaxiul6v,2,22,4,2,0,2,4,0,1.6926327079491204,5.5725,8.57
2024,POST,19,2025011100,59829,01/11/2025,2120,HOU,4400,LAC,home,5,2.9866993023508566,SCH647271,2120,Dalton Schultz,D.Schultz,TE,https://static.www.nfl.com/image/upload/{formatInstructions}/league/ooatvpu1knzypdmjljo9,86,23,4,2,0,2,4,0,2.6008025968794826,4.39,10.090000000000002
2024,POST,19,2025011100,59829,01/11/2025,2120,HOU,4400,LAC,visitor,1,2.9866993023508566,MCC512833,4400,Ladd McConkey,L.McConkey,WR,https://static.www.nfl.com/image/upload/{formatInstructions}/league/wcx39ialovvxxnvs2bke,15,197,14,9,1,9,14,1,2.8205109904212877,8.00923076923077,13.993571428571427
2024,POST,19,2025011100,59829,01/11/2025,2120,HOU,4400,LAC,visitor,2,2.9866993023508566,JOH823261,4400,Quentin Johnston,Q.Johnston,WR,https://static.www.nfl.com/image/upload/{formatInstructions}/league/jbxlvsbokf9qdqtet1qr,1,0,5,0,0,0,5,0,1.846409693703777,2.902,16.728
2024,POST,19,2025011100,59829,01/11/2025,2120,HOU,4400,LAC,visitor,3,2.9866993023508566,DIS743152,4400,Will Dissly,W.Dissly,TE,https://static.www.nfl.com/image/upload/{formatInstructions}/league/opdpeoconvviwkufolxr,81,16,5,2,0,2,5,0,4.074660819989575,6.6925,6.663999999999999
2024,POST,19,2025011100,59829,01/11/2025,2120,HOU,4400,LAC,visitor,4,2.9866993023508566,CHA553392,4400,DJ Chark,D.Chark,WR,https://static.www.nfl.com/image/upload/{formatInstructions}/league/skuieceh50r31ulwpo5s,9,10,4,1,0,1,4,0,3.4770052847595116,8.73,17.822499999999998
2024,POST,19,2025011100,59829,01/11/2025,2120,HOU,4400,LAC,visitor,5,2.9866993023508566,DAV263132,4400,Derius Davis,D.Davis,WR,https://static.www.nfl.com/image/upload/{formatInstructions}/league/ctk98ws4ps6p4gaei6uu,12,4,1,1,0,1,1,0,11.327391579706239,,-7.269999999999996
2024,POST,19,2025011101,59830,01/11/2025,0325,BAL,3900,PIT,home,1,2.9866993023508566,LIK088990,0325,Isaiah Likely,I.Likely,TE,https://static.www.nfl.com/image/upload/{formatInstructions}/league/xmikfnklnpjmzjhbjrur,80,53,4,3,0,3,4,0,2.2763680548873517,6.536666666666666,8.999999999999998
2024,POST,19,2025011101,59830,01/11/2025,0325,BAL,3900,PIT,home,2,2.9866993023508566,AND701433,0325,Mark Andrews,M.Andrews,TE,https://static.www.nfl.com/image/upload/{formatInstructions}/league/y5maejm3puruskwc344y,89,27,3,2,0,2,3,0,3.63702944024922,8.35,7.25333333333333
2024,POST,19,2025011101,59830,01/11/2025,0325,BAL,3900,PIT,home,3,2.9866993023508566,MIL140090,0325,Anthony Miller,A.Miller,WR,https://static.www.nfl.com/image/upload/{formatInstructions}/league/uvxiydh3yxydavl2fgpr,6,12,3,3,0,3,3,0,1.890201326649865,6.766666666666667,3.789999999999997
2024,POST,19,2025011101,59830,01/11/2025,0325,BAL,3900,PIT,home,4,2.9866993023508566,BAT103884,0325,Rashod Bateman,R.Bateman,WR,https://static.www.nfl.com/image/upload/{formatInstructions}/league/jkcapzvd65fxivefjv8l,7,24,2,2,1,2,2,1,1.0878119189900939,5.565,13.360000000000001
2024,POST,19,2025011101,59830,01/11/2025,0325,BAL,3900,PIT,home,5,2.9866993023508566,WAL505238,0325,Tylan Wallace,T.Wallace,WR,https://static.www.nfl.com/image/upload/{formatInstructions}/league/e3ghtadqh39zhu0iieht,16,21,2,1,0,1,2,0,2.436770189451529,5.105,6.984999999999999
2024,POST,19,2025011101,59830,01/11/2025,0325,BAL,3900,PIT,visitor,1,2.9866993023508566,PIC576156,3900,George Pickens,G.Pickens,WR,https://static.www.nfl.com/image/upload/{formatInstructions}/league/klxzcb6p7ekngcognpiy,14,87,5,5,1,5,5,1,2.7884532222879663,6.202,12.334
2024,POST,19,2025011101,59830,01/11/2025,0325,BAL,3900,PIT,visitor,2,2.9866993023508566,FRE439769,3900,Pat Freiermuth,P.Freiermuth,TE,https://static.www.nfl.com/image/upload/{formatInstructions}/league/sozfjyy3bmntjv8tmqah,88,15,4,3,0,3,4,0,5.278864128093044,5.2749999999999995,3.505000000000001
2024,POST,19,2025011101,59830,01/11/2025,0325,BAL,3900,PIT,visitor,3,2.9866993023508566,WAS185860,3900,Darnell Washington,D.Washington,TE,https://static.www.nfl.com/image/upload/{formatInstructions}/league/i6bxioxqzrc9hepszyjf,80,9,3,1,0,1,3,0,3.9252990519821562,3.06,4.836666666666669
2024,POST,19,2025011101,59830,01/11/2025,0325,BAL,3900,PIT,visitor,4,2.9866993023508566,AUS738004,3900,Calvin Austin III,C.Austin,WR,https://static.www.nfl.com/image/private/{formatInstructions}/league/qlt6ztqcbu0uzad6aavt,19,25,2,1,0,1,2,0,1.3207875882750657,6.63,34.755
2024,POST,19,2025011101,59830,01/11/2025,0325,BAL,3900,PIT,visitor,5,2.9866993023508566,WIL000009,3900,Mike Williams,M.Williams,WR,https://static.www.nfl.com/image/upload/{formatInstructions}/league/vwu8nudrnk3l7samz8mf,18,37,2,1,0,1,2,0,0.8704700761439979,2.25,11.940000000000001
2024,POST,19,2025011200,59831,01/12/2025,0610,BUF,1400,DEN,home,1,2.9866993023508566,SHA107427,0610,Khalil Shakir,K.Shakir,WR,https://static.www.nfl.com/image/upload/{formatInstructions}/league/ch2yarhiobqlvr9ls2yw,10,61,6,6,0,6,6,0,5.602023577253512,7.69,1.6833333333333336
2024,POST,19,2025011200,59831,01/12/2025,0610,BUF,1400,DEN,home,2,2.9866993023508566,COO487703,0610,Amari Cooper,A.Cooper,WR,https://static.www.nfl.com/image/upload/{formatInstructions}/league/zmtzqznqui37unmo5xv9,18,8,3,2,0,2,3,0,3.57572615461012,7.8500000000000005,6.436666666666667
2024,POST,19,2025011200,59831,01/12/2025,0610,BUF,1400,DEN,home,3,2.9866993023508566,KNO490795,0610,Dawson Knox,D.Knox,TE,https://static.www.nfl.com/image/upload/{formatInstructions}/league/uazfj5l5vzow2oyfa1s6,88,38,3,2,0,2,3,0,3.929115510120512,5.283333333333332,14.6
2024,POST,19,2025011200,59831,01/12/2025,0610,BUF,1400,DEN,home,4,2.9866993023508566,SAM633285,0610,Curtis Samuel,C.Samuel,WR,https://static.www.nfl.com/image/upload/{formatInstructions}/league/mq62ulflifrpjrcyknbj,1,68,3,3,1,3,3,1,5.515861444167746,5.913333333333334,7.213333333333334
2024,POST,19,2025011200,59831,01/12/2025,0610,BUF,1400,DEN,home,5,2.9866993023508566,COL295571,0610,Keon Coleman,K.Coleman,WR,https://static.www.nfl.com/image/upload/{formatInstructions}/league/ipwpdgb0cm3xy3d8zu1l,0,5,3,1,0,1,3,0,1.7027348530903577,5.746666666666667,12.723333333333334
2024,POST,19,2025011200,59831,01/12/2025,0610,BUF,1400,DEN,visitor,1,2.9866993023508566,SUT333526,1400,Courtland Sutton,C.Sutton,WR,https://static.www.nfl.com/image/upload/{formatInstructions}/league/qts95gbd6hv65s9eiseq,14,75,9,5,0,5,9,0,2.923742178632469,6.528888888888889,16.688888888888886
2024,POST,19,2025011200,59831,01/12/2025,0610,BUF,1400,DEN,visitor,2,2.9866993023508566,MIM654774,1400,Marvin Mims Jr.,M.Mims,WR,https://static.www.nfl.com/image/upload/{formatInstructions}/league/trvilnckw7nprw1gkghl,19,12,4,2,0,2,4,0,2.9302322398907394,6.123333333333334,9.4125
2024,POST,19,2025011200,59831,01/12/2025,0610,BUF,1400,DEN,visitor,3,2.9866993023508566,FRA545210,1400,Troy Franklin,T.Franklin,WR,https://static.www.nfl.com/image/upload/{formatInstructions}/league/w429urxwxc8sw4bsbvxz,16,54,3,2,1,2,3,1,2.095224254743235,6.696666666666666,19.753333333333334
2024,POST,19,2025011200,59831,01/12/2025,0610,BUF,1400,DEN,visitor,4,2.9866993023508566,VEL175757,1400,Devaughn Vele,D.Vele,WR,https://static.www.nfl.com/image/upload/{formatInstructions}/league/f2lz4vsh2daurrwdamzv,17,0,2,0,0,0,2,0,3.544141745700503,6.91,8.119999999999997
2024,POST,19,2025011200,59831,01/12/2025,0610,BUF,1400,DEN,visitor,5,2.9866993023508566,TRA447732,1400,Adam Trautman,A.Trautman,TE,https://static.www.nfl.com/image/upload/{formatInstructions}/league/qvqigum2qjhil0z3er2c,82,2,1,1,0,1,1,0,4.08100477823783,6.44,0.6400000000000006
2024,POST,19,2025011201,59832,01/12/2025,3700,PHI,1800,GB,home,1,2.9866993023508566,GOE595520,3700,Dallas Goedert,D.Goedert,TE,https://static.www.nfl.com/image/upload/{formatInstructions}/league/wfj54vhw1zxwwb3vdi61,88,47,6,4,1,4,6,1,4.092363597083088,8.07,4.126666666666668
2024,POST,19,2025011201,59832,01/12/2025,3700,PHI,1800,GB,home,2,2.9866993023508566,SMI206016,3700,DeVonta Smith,D.Smith,WR,https://static.www.nfl.com/image/upload/{formatInstructions}/league/bmdflwy52nsk7zpnfhwb,6,55,4,4,0,4,4,0,5.5657054181714765,8.1725,8.925000000000002
2024,POST,19,2025011201,59832,01/12/2025,3700,PHI,1800,GB,home,3,2.9866993023508566,BRO413223,3700,A.J. Brown,A.Brown,WR,https://static.www.nfl.com/image/private/{formatInstructions}/league/a014sgzctarbvhwb35lw,11,10,3,1,0,1,3,0,0.8160797543896533,5.2,15.673333333333332
2024,POST,19,2025011201,59832,01/12/2025,3700,PHI,1800,GB,home,4,2.9866993023508566,DOT282798,3700,Jahan Dotson,J.Dotson,WR,https://static.www.nfl.com/image/upload/{formatInstructions}/league/myxhp9oqtcv1peactbhv,83,11,2,1,1,1,2,1,2.52768818639208,10.16,12.225000000000001
2024,POST,19,2025011201,59832,01/12/2025,3700,PHI,1800,GB,home,5,2.9866993023508566,CAL069215,3700,Grant Calcaterra,G.Calcaterra,TE,https://static.www.nfl.com/image/upload/{formatInstructions}/league/vxl0kathuej280k01d2r,81,4,1,1,0,1,1,0,5.0362287477834045,,5.340000000000003
2024,POST,19,2025011201,59832,01/12/2025,3700,PHI,1800,GB,visitor,1,2.9866993023508566,WIC622867,1800,Dontayvion Wicks,D.Wicks,WR,https://static.www.nfl.com/image/upload/{formatInstructions}/league/ghsev2bmz8kvhm8dsbey,13,39,6,2,0,2,6,0,1.2497609906217824,7.489999999999999,17.08666666666667
2024,POST,19,2025011201,59832,01/12/2025,3700,PHI,1800,GB,visitor,2,2.9866993023508566,KRA144054,1800,Tucker Kraft,T.Kraft,TE,https://static.www.nfl.com/image/upload/{formatInstructions}/league/klrmgekdzx1ywjjmixp7,85,26,5,5,0,5,5,0,4.2719402346452435,4.997999999999999,0.9879999999999995
2024,POST,19,2025011201,59832,01/12/2025,3700,PHI,1800,GB,visitor,3,2.9866993023508566,REE263142,1800,Jayden Reed,J.Reed,WR,https://static.www.nfl.com/image/upload/{formatInstructions}/league/blh2tfg9qjthqo2g6ot4,11,46,4,4,0,4,4,0,3.7011043830165473,4.3075,6.8149999999999995
2024,POST,19,2025011201,59832,01/12/2025,3700,PHI,1800,GB,visitor,4,2.9866993023508566,HEA759997,1800,Malik Heath,M.Heath,WR,https://static.www.nfl.com/image/upload/{formatInstructions}/league/xbhxvulvdrkbz5svka5f,18,0,4,0,0,0,4,0,2.7775436581307185,8.775,10.760000000000002
2024,POST,19,2025011201,59832,01/12/2025,3700,PHI,1800,GB,visitor,5,2.9866993023508566,MEL575431,1800,Bo Melton,B.Melton,WR,https://static.www.nfl.com/image/upload/{formatInstructions}/league/bhmhwurwugjmymgjforf,80,16,3,1,0,1,3,0,2.042058488108038,3.893333333333333,26.313333333333333
2024,POST,19,2025011202,59833,01/12/2025,4900,TB,5110,WAS,home,1,2.9866993023508566,EVA534309,4900,Mike Evans,M.Evans,WR,https://static.www.nfl.com/image/upload/{formatInstructions}/league/vfsaie1uiokfczwv9p4d,13,92,7,7,1,7,7,1,3.0496895991113666,4.864285714285715,9.225714285714284
2024,POST,19,2025011202,59833,01/12/2025,4900,TB,5110,WAS,home,2,2.9866993023508566,MCM472299,4900,Jalen McMillan,J.McMillan,WR,https://static.www.nfl.com/image/upload/{formatInstructions}/league/zdxkyl8gy4dqiq6evfzp,15,41,4,2,0,2,4,0,4.1126069063831725,5.1375,14.087499999999999
2024,POST,19,2025011202,59833,01/12/2025,4900,TB,5110,WAS,home,3,2.9866993023508566,OTT712400,4900,Cade Otton,C.Otton,TE,https://static.www.nfl.com/image/upload/{formatInstructions}/league/mljam77kst1wlqd5y91v,88,32,2,2,0,2,2,0,4.302815591303235,4.73,5.785
2024,POST,19,2025011202,59833,01/12/2025,4900,TB,5110,WAS,visitor,1,2.9866993023508566,MCL278328,5110,Terry McLaurin,T.McLaurin,WR,https://static.www.nfl.com/image/upload/{formatInstructions}/league/wokz1etv1wj1vhbmvxgs,17,89,10,7,1,7,10,1,2.0181158976643574,5.798,11.785
2024,POST,19,2025011202,59833,01/12/2025,4900,TB,5110,WAS,visitor,2,2.9866993023508566,BRO408220,5110,Dyami Brown,D.Brown,WR,https://static.www.nfl.com/image/upload/{formatInstructions}/league/mibh7ud59ygmzm19ivac,2,89,5,5,1,5,5,1,5.488150967537666,6.632,10.336000000000002
2024,POST,19,2025011202,59833,01/12/2025,4900,TB,5110,WAS,visitor,3,2.9866993023508566,ERT800920,5110,Zach Ertz,Z.Ertz,TE,https://static.www.nfl.com/image/upload/{formatInstructions}/league/xktmmeumuoglbuam75iz,86,23,4,2,0,2,4,0,2.9012488988953145,5.4075,8.159999999999997
2024,POST,19,2025011202,59833,01/12/2025,4900,TB,5110,WAS,visitor,4,2.9866993023508566,ZAC133180,5110,Olamide Zaccheaus,O.Zaccheaus,WR,https://static.www.nfl.com/image/upload/{formatInstructions}/league/hcmdnfgnnvcp0qbktpxd,14,19,3,3,0,3,3,0,5.36393868229183,8.135,-1.4533333333333307
2024,POST,19,2025011202,59833,01/12/2025,4900,TB,5110,WAS,visitor,5,2.9866993023508566,BAT109191,5110,John Bates,J.Bates,TE,https://static.www.nfl.com/image/upload/{formatInstructions}/league/edpnkleev10rpzfgjakv,87,0,1,0,0,0,1,0,1.4750254235097093,,1.0
2024,POST,19,2025011300,59834,01/13/2025,2510,LA,3000,MIN,home,1,2.9866993023508566,NAC559347,2510,Puka Nacua,P.Nacua,WR,https://static.www.nfl.com/image/upload/{formatInstructions}/league/i1pmrhua5gpvwgsqphxa,17,44,9,5,0,5,9,0,2.868874639401443,6.82875,4.195555555555555
2024,POST,19,2025011300,59834,01/13/2025,2510,LA,3000,MIN,home,2,2.9866993023508566,HIG033222,2510,Tyler Higbee,T.Higbee,TE,https://static.www.nfl.com/image/private/{formatInstructions}/league/vk9c6lr4d1pdt9sr86ua,89,58,5,5,0,5,5,0,4.238923367322565,4.212000000000001,4.855999999999997
2024,POST,19,2025011300,59834,01/13/2025,2510,LA,3000,MIN,home,3,2.9866993023508566,LON317078,2510,Hunter Long,H.Long,TE,https://static.www.nfl.com/image/upload/{formatInstructions}/league/zfovepcmlr4bkmm96wgp,84,13,2,1,0,1,2,0,0.8010326174999026,3.79,23.905
2024,POST,19,2025011300,59834,01/13/2025,2510,LA,3000,MIN,home,4,2.9866993023508566,PAR483746,2510,Colby Parkinson,C.Parkinson,TE,https://static.www.nfl.com/image/upload/{formatInstructions}/league/crjyx8tutyzn8bomqbdc,86,13,2,2,0,2,2,0,3.4503535610548046,6.555,2.2950000000000017
2024,POST,19,2025011300,59834,01/13/2025,2510,LA,3000,MIN,home,5,2.9866993023508566,ROB399065,2510,Demarcus Robinson,D.Robinson,WR,https://static.www.nfl.com/image/upload/{formatInstructions}/league/lakf0xue1qqb7ed4p6ge,15,23,2,1,0,1,2,0,2.015015446880618,6.944999999999999,19.284999999999997
2024,POST,19,2025011300,59834,01/13/2025,2510,LA,3000,MIN,visitor,1,2.9866993023508566,JEF269287,3000,Justin Jefferson,J.Jefferson,WR,https://static.www.nfl.com/image/upload/{formatInstructions}/league/vrftbpzwk6qmv0zjcysg,18,58,8,5,0,5,8,0,3.2425274839156,5.3637500000000005,17.80875
2024,POST,19,2025011300,59834,01/13/2025,2510,LA,3000,MIN,visitor,2,2.9866993023508566,ADD491056,3000,Jordan Addison,J.Addison,WR,https://static.www.nfl.com/image/upload/{formatInstructions}/league/tmyckmignrvy8truccwm,3,29,8,3,0,3,8,0,1.1474429644521398,4.435,18.85125
2024,POST,19,2025011300,59834,01/13/2025,2510,LA,3000,MIN,visitor,3,2.9866993023508566,NAI067484,3000,Jalen Nailor,J.Nailor,WR,https://static.www.nfl.com/image/upload/{formatInstructions}/league/fe9b3l4fz6n02gbr5zbt,83,33,5,3,0,3,5,0,3.0346070107220897,7.895999999999999,12.998
2024,POST,19,2025011300,59834,01/13/2025,2510,LA,3000,MIN,visitor,4,2.9866993023508566,HOC422041,3000,T.J. Hockenson,T.Hockenson,TE,https://static.www.nfl.com/image/upload/{formatInstructions}/league/n9zhffstwzae8i5di6tk,87,64,5,5,1,5,5,1,2.542228952171769,4.287999999999999,6.248
2024,POST,19,2025011300,59834,01/13/2025,2510,LA,3000,MIN,visitor,5,2.9866993023508566,SHE566024,3000,Trent Sherfield,T.Sherfield,WR,https://static.www.nfl.com/image/upload/{formatInstructions}/league/esdvav44ezzmwbwe1rju,11,8,3,2,0,2,3,0,3.087143153684582,3.2366666666666664,7.139999999999996
2024,POST,20,2025011800,59835,01/18/2025,2310,KC,2120,HOU,home,1,2.9866993023508566,KEL012458,2310,Travis Kelce,T.Kelce,TE,https://static.www.nfl.com/image/upload/{formatInstructions}/league/ilk4qbxxs6mt3v9zfvtg,87,117,8,7,1,7,8,1,3.8269993923309933,6.715714285714285,8.225000000000001
2024,POST,20,2025011800,59835,01/18/2025,2310,KC,2120,HOU,home,2,2.9866993023508566,WOR741496,2310,Xavier Worthy,X.Worthy,WR,https://static.www.nfl.com/image/upload/{formatInstructions}/league/fvzbx5gpiqkogglyoo1w,1,45,6,5,0,5,6,0,4.263869009762545,8.549999999999999,0.4100000000000013
2024,POST,20,2025011800,59835,01/18/2025,2310,KC,2120,HOU,home,3,2.9866993023508566,GRA757316,2310,Noah Gray,N.Gray,TE,https://static.www.nfl.com/image/upload/{formatInstructions}/league/erihh0eiq4m76k2ejvax,83,13,3,3,0,3,3,0,1.5594408332951335,7.18,3.1866666666666674
2024,POST,20,2025011800,59835,01/18/2025,2310,KC,2120,HOU,home,4,2.9866993023508566,BRO413218,2310,Marquise Brown,M.Brown,WR,https://static.www.nfl.com/image/upload/{formatInstructions}/league/ixuddegcphzmvjn4jq6r,5,0,2,0,0,0,2,0,1.0890077384933268,7.015000000000001,31.14
2024,POST,20,2025011800,59835,01/18/2025,2310,KC,2120,HOU,home,5,2.9866993023508566,HOP161500,2310,DeAndre Hopkins,D.Hopkins,WR,https://static.www.nfl.com/image/upload/{formatInstructions}/league/viymeohipdn0voptrkzh,8,0,1,0,0,0,1,0,0.7752418977325687,2.3,4.450000000000003
2024,POST,20,2025011800,59835,01/18/2025,2310,KC,2120,HOU,visitor,1,2.9866993023508566,COL654119,2120,Nico Collins,N.Collins,WR,https://static.www.nfl.com/image/upload/{formatInstructions}/league/q7c9aq8rpremfygslmya,12,81,8,5,0,5,8,0,1.8925684050604568,5.1175,12.631250000000001
2024,POST,20,2025011800,59835,01/18/2025,2310,KC,2120,HOU,visitor,2,2.9866993023508566,HUT304546,2120,Xavier Hutchinson,X.Hutchinson,WR,https://static.www.nfl.com/image/upload/{formatInstructions}/league/vlxzxhej5ffelkxrqf4g,19,52,6,4,0,4,6,0,2.046926528969974,4.065,9.598333333333334
2024,POST,20,2025011800,59835,01/18/2025,2310,KC,2120,HOU,visitor,3,2.9866993023508566,SCH647271,2120,Dalton Schultz,D.Schultz,TE,https://static.www.nfl.com/image/upload/{formatInstructions}/league/ooatvpu1knzypdmjljo9,86,63,4,4,0,4,4,0,2.5139098751039324,8.956666666666667,11.735000000000001
2024,POST,20,2025011800,59835,01/18/2025,2310,KC,2120,HOU,visitor,4,2.9866993023508566,MET373452,2120,John Metchie III,J.Metchie,WR,https://static.www.nfl.com/image/upload/{formatInstructions}/league/zf0d6hiyqnmtst0vwdpv,8,35,2,2,0,2,2,0,3.342506400746273,5.01,15.125
2024,POST,20,2025011800,59835,01/18/2025,2310,KC,2120,HOU,visitor,5,2.9866993023508566,WAY428537,2120,Jared Wayne,J.Wayne,WR,https://static.www.nfl.com/image/private/{formatInstructions}/league/udca0jyyym0k7vh2f5yr,14,0,2,0,0,0,2,0,1.9085827931928998,5.375,16.930000000000003
2024,POST,20,2025011801,59836,01/18/2025,1540,DET,5110,WAS,home,1,2.9866993023508566,STB415291,1540,Amon-Ra St. Brown,A.St. Brown,WR,https://static.www.nfl.com/image/upload/{formatInstructions}/league/jmfuamqblg8jag0stpnq,14,137,10,8,0,8,10,0,3.5685229223222996,5.754,8.846
2024,POST,20,2025011801,59836,01/18/2025,1540,DET,5110,WAS,home,2,2.9866993023508566,LAP640235,1540,Sam LaPorta,S.LaPorta,TE,https://static.www.nfl.com/image/upload/{formatInstructions}/league/ucw8cfj5t5nwkx670wzu,87,51,7,6,1,6,7,1,3.203121286212576,7.5625,5.065714285714285
2024,POST,20,2025011801,59836,01/18/2025,1540,DET,5110,WAS,home,3,2.9866993023508566,PAT283375,1540,Tim Patrick,T.Patrick,WR,https://static.www.nfl.com/image/upload/{formatInstructions}/league/tsbe7jbwmgzby45hnb3j,17,22,4,1,0,1,4,0,2.2459637390122698,5.475,13.717500000000001
2024,POST,20,2025011801,59836,01/18/2025,1540,DET,5110,WAS,home,4,2.9866993023508566,WIL344909,1540,Jameson Williams,Ja.Williams,WR,https://static.www.nfl.com/image/upload/{formatInstructions}/league/kt6xzcnjbe9affdfsayt,9,19,4,1,0,1,4,0,2.2667773390831707,8.129999999999999,27.9075
2024,POST,20,2025011801,59836,01/18/2025,1540,DET,5110,WAS,home,5,2.9866993023508566,RAY748263,1540,Kalif Raymond,K.Raymond,WR,https://static.www.nfl.com/image/upload/{formatInstructions}/league/hogsyuf9rqnzydmhbsht,11,37,3,3,0,3,3,0,3.9927262772144885,10.473333333333334,4.503333333333333
2024,POST,20,2025011801,59836,01/18/2025,1540,DET,5110,WAS,visitor,1,2.9866993023508566,BRO408220,5110,Dyami Brown,D.Brown,WR,https://static.www.nfl.com/image/upload/{formatInstructions}/league/mibh7ud59ygmzm19ivac,2,98,8,6,0,6,8,0,2.8785809366338424,4.2299999999999995,11.838749999999997
2024,POST,20,2025011801,59836,01/18/2025,1540,DET,5110,WAS,visitor,2,2.9866993023508566,MCL278328,5110,Terry McLaurin,T.McLaurin,WR,https://static.www.nfl.com/image/upload/{formatInstructions}/league/wokz1etv1wj1vhbmvxgs,17,87,6,4,1,4,6,1,5.494066106071084,7.463333333333334,1.0583333333333336
2024,POST,20,2025011801,59836,01/18/2025,1540,DET,5110,WAS,visitor,3,2.9866993023508566,ERT800920,5110,Zach Ertz,Z.Ertz,TE,https://static.www.nfl.com/image/upload/{formatInstructions}/league/xktmmeumuoglbuam75iz,86,28,5,5,1,5,5,1,2.741198773246598,5.986666666666667,4.4
2024,POST,20,2025011801,59836,01/18/2025,1540,DET,5110,WAS,visitor,4,2.9866993023508566,CRO697273,5110,Jamison Crowder,J.Crowder,WR,https://static.www.nfl.com/image/upload/{formatInstructions}/league/rfysbrjrvfdr72cx8who,80,25,2,2,0,2,2,0,4.885834906053394,7.46,6.289999999999999
2024,POST,20,2025011801,59836,01/18/2025,1540,DET,5110,WAS,visitor,5,2.9866993023508566,ZAC133180,5110,Olamide Zaccheaus,O.Zaccheaus,WR,https://static.www.nfl.com/image/upload/{formatInstructions}/league/hcmdnfgnnvcp0qbktpxd,14,0,2,0,0,0,2,0,0.9675129197850673,5.295,12.965
2024,POST,20,2025011900,59837,01/19/2025,3700,PHI,2510,LA,home,1,2.9866993023508566,BRO413223,3700,A.J. Brown,A.Brown,WR,https://static.www.nfl.com/image/private/{formatInstructions}/league/a014sgzctarbvhwb35lw,11,14,7,2,0,2,7,0,1.6544274871136528,6.0842857142857145,13.474285714285713
2024,POST,20,2025011900,59837,01/19/2025,3700,PHI,2510,LA,home,2,2.9866993023508566,GOE595520,3700,Dallas Goedert,D.Goedert,TE,https://static.www.nfl.com/image/upload/{formatInstructions}/league/wfj54vhw1zxwwb3vdi61,88,56,4,4,0,4,4,0,4.039175170908358,3.563333333333334,6.1875
2024,POST,20,2025011900,59837,01/19/2025,3700,PHI,2510,LA,home,3,2.9866993023508566,SMI206016,3700,DeVonta Smith,D.Smith,WR,https://static.www.nfl.com/image/upload/{formatInstructions}/league/bmdflwy52nsk7zpnfhwb,6,21,4,4,0,4,4,0,3.5893467059454767,8.22,2.4499999999999993
2024,POST,20,2025011900,59837,01/19/2025,3700,PHI,2510,LA,visitor,1,2.9866993023508566,NAC559347,2510,Puka Nacua,P.Nacua,WR,https://static.www.nfl.com/image/upload/{formatInstructions}/league/i1pmrhua5gpvwgsqphxa,17,97,14,6,0,6,14,0,2.5112435999817544,7.695714285714286,11.497857142857143
2024,POST,20,2025011900,59837,01/19/2025,3700,PHI,2510,LA,visitor,2,2.9866993023508566,HIG033222,2510,Tyler Higbee,T.Higbee,TE,https://static.www.nfl.com/image/private/{formatInstructions}/league/vk9c6lr4d1pdt9sr86ua,89,54,10,7,1,7,10,1,4.173927648614349,4.483333333333333,2.6900000000000004
2024,POST,20,2025011900,59837,01/19/2025,3700,PHI,2510,LA,visitor,3,2.9866993023508566,KUP534597,2510,Cooper Kupp,C.Kupp,WR,https://static.www.nfl.com/image/upload/{formatInstructions}/league/sq7zwzcgrajuk0hwwph2,10,61,7,5,0,5,7,0,3.248942893464721,6.109999999999999,13.215714285714284
2024,POST,20,2025011900,59837,01/19/2025,3700,PHI,2510,LA,visitor,4,2.9866993023508566,ROB399065,2510,Demarcus Robinson,D.Robinson,WR,https://static.www.nfl.com/image/upload/{formatInstructions}/league/lakf0xue1qqb7ed4p6ge,15,74,7,3,0,3,7,0,1.345774837284105,6.941428571428572,16.084285714285716
2024,POST,20,2025011900,59837,01/19/2025,3700,PHI,2510,LA,visitor,5,2.9866993023508566,PAR483746,2510,Colby Parkinson,C.Parkinson,TE,https://static.www.nfl.com/image/upload/{formatInstructions}/league/crjyx8tutyzn8bomqbdc,86,9,2,2,1,2,2,1,2.123734586910648,6.32,5.71
2024,POST,20,2025011901,59838,01/19/2025,0610,BUF,0325,BAL,home,1,2.9866993023508566,SHA107427,0610,Khalil Shakir,K.Shakir,WR,https://static.www.nfl.com/image/upload/{formatInstructions}/league/ch2yarhiobqlvr9ls2yw,10,67,7,6,0,6,7,0,3.4368149987985697,5.355,6.344285714285713
2024,POST,20,2025011901,59838,01/19/2025,0610,BUF,0325,BAL,home,2,2.9866993023508566,KIN069130,0610,Dalton Kincaid,D.Kincaid,TE,https://static.www.nfl.com/image/upload/{formatInstructions}/league/rsimqxdfwlb1n9qd4w3g,86,11,2,1,0,1,2,0,3.844906707647145,2.13,10.25
2024,POST,20,2025011901,59838,01/19/2025,0610,BUF,0325,BAL,home,3,2.9866993023508566,SAM633285,0610,Curtis Samuel,C.Samuel,WR,https://static.www.nfl.com/image/upload/{formatInstructions}/league/mq62ulflifrpjrcyknbj,1,9,2,2,0,2,2,0,4.713966465054358,9.04,1.1750000000000007
2024,POST,20,2025011901,59838,01/19/2025,0610,BUF,0325,BAL,home,4,2.9866993023508566,HOL280459,0610,Mack Hollins,M.Hollins,WR,https://static.www.nfl.com/image/upload/{formatInstructions}/league/xchw7quzjszgrm6psbyg,13,12,2,1,0,1,2,0,6.357994388335442,8.21,14.975000000000001
2024,POST,20,2025011901,59838,01/19/2025,0610,BUF,0325,BAL,home,5,2.9866993023508566,KNO490795,0610,Dawson Knox,D.Knox,TE,https://static.www.nfl.com/image/upload/{formatInstructions}/league/uazfj5l5vzow2oyfa1s6,88,0,2,1,0,1,2,0,2.9930287534845155,6.645,11.355
2024,POST,20,2025011901,59838,01/19/2025,0610,BUF,0325,BAL,visitor,1,2.9866993023508566,AND701433,0325,Mark Andrews,M.Andrews,TE,https://static.www.nfl.com/image/upload/{formatInstructions}/league/y5maejm3puruskwc344y,89,61,7,5,0,5,7,0,4.369371213585667,4.423333333333333,8.424285714285714
2024,POST,20,2025011901,59838,01/19/2025,0610,BUF,0325,BAL,visitor,2,2.9866993023508566,LIK088990,0325,Isaiah Likely,I.Likely,TE,https://static.www.nfl.com/image/upload/{formatInstructions}/league/xmikfnklnpjmzjhbjrur,80,73,5,4,1,4,5,1,3.5395581615151928,6.7749999999999995,16.532
2024,POST,20,2025011901,59838,01/19/2025,0610,BUF,0325,BAL,visitor,3,2.9866993023508566,BAT103884,0325,Rashod Bateman,R.Bateman,WR,https://static.www.nfl.com/image/upload/{formatInstructions}/league/jkcapzvd65fxivefjv8l,7,66,5,4,1,4,5,1,3.7188218089754983,6.142,15.212
2024,POST,20,2025011901,59838,01/19/2025,0610,BUF,0325,BAL,visitor,4,2.9866993023508566,AGH474619,0325,Nelson Agholor,N.Agholor,WR,https://static.www.nfl.com/image/upload/{formatInstructions}/league/wyxfkarcjgqdz3pl8nnr,15,0,1,0,0,0,1,0,2.8102846830881765,7.15,3.6599999999999966
2024,POST,20,2025011901,59838,01/19/2025,0610,BUF,0325,BAL,visitor,5,2.9866993023508566,MIL140090,0325,Anthony Miller,A.Miller,WR,https://static.www.nfl.com/image/upload/{formatInstructions}/league/uvxiydh3yxydavl2fgpr,6,16,1,1,0,1,1,0,5.695515779979897,8.64,3.729999999999997
2024,POST,21,2025012600,59839,01/26/2025,3700,PHI,5110,WAS,home,1,2.9866993023508566,GOE595520,3700,Dallas Goedert,D.Goedert,TE,https://static.www.nfl.com/image/upload/{formatInstructions}/league/wfj54vhw1zxwwb3vdi61,88,85,8,7,0,7,8,0,5.102511430427283,7.66875,5.1587499999999995
2024,POST,21,2025012600,59839,01/26/2025,3700,PHI,5110,WAS,home,2,2.9866993023508566,BRO413223,3700,A.J. Brown,A.Brown,WR,https://static.www.nfl.com/image/private/{formatInstructions}/league/a014sgzctarbvhwb35lw,11,96,8,6,1,6,8,1,2.949667883825079,5.39625,11.14
2024,POST,21,2025012600,59839,01/26/2025,3700,PHI,5110,WAS,home,3,2.9866993023508566,SMI206016,3700,DeVonta Smith,D.Smith,WR,https://static.www.nfl.com/image/upload/{formatInstructions}/league/bmdflwy52nsk7zpnfhwb,6,45,4,4,0,4,4,0,5.988206720510709,9.2425,3.5149999999999997
2024,POST,21,2025012600,59839,01/26/2025,3700,PHI,5110,WAS,visitor,1,2.9866993023508566,ERT800920,5110,Zach Ertz,Z.Ertz,TE,https://static.www.nfl.com/image/upload/{formatInstructions}/league/xktmmeumuoglbuam75iz,86,104,16,11,0,11,16,0,4.100899049095535,5.183571428571428,6.581874999999999
2024,POST,21,2025012600,59839,01/26/2025,3700,PHI,5110,WAS,visitor,2,2.9866993023508566,MCL278328,5110,Terry McLaurin,T.McLaurin,WR,https://static.www.nfl.com/image/upload/{formatInstructions}/league/wokz1etv1wj1vhbmvxgs,17,51,7,3,1,3,7,1,1.882737054918222,4.69,13.782857142857141
2024,POST,21,2025012600,59839,01/26/2025,3700,PHI,5110,WAS,visitor,3,2.9866993023508566,ZAC133180,5110,Olamide Zaccheaus,O.Zaccheaus,WR,https://static.www.nfl.com/image/upload/{formatInstructions}/league/hcmdnfgnnvcp0qbktpxd,14,26,5,4,0,4,5,0,4.566156818314852,8.366000000000001,1.647999999999999
2024,POST,21,2025012600,59839,01/26/2025,3700,PHI,5110,WAS,visitor,4,2.9866993023508566,BRO408220,5110,Dyami Brown,D.Brown,WR,https://static.www.nfl.com/image/upload/{formatInstructions}/league/mibh7ud59ygmzm19ivac,2,42,5,3,0,3,5,0,2.390626129926569,6.0249999999999995,10.733999999999998
2024,POST,21,2025012600,59839,01/26/2025,3700,PHI,5110,WAS,visitor,5,2.9866993023508566,CRO697273,5110,Jamison Crowder,J.Crowder,WR,https://static.www.nfl.com/image/upload/{formatInstructions}/league/rfysbrjrvfdr72cx8who,80,4,3,1,0,1,3,0,3.9177130462698884,6.076666666666667,6.033333333333334
2024,POST,21,2025012601,59840,01/26/2025,2310,KC,0610,BUF,home,1,2.9866993023508566,WOR741496,2310,Xavier Worthy,X.Worthy,WR,https://static.www.nfl.com/image/upload/{formatInstructions}/league/fvzbx5gpiqkogglyoo1w,1,85,7,6,1,6,7,1,3.6823502127048533,5.067142857142857,6.7700000000000005
2024,POST,21,2025012601,59840,01/26/2025,2310,KC,0610,BUF,home,2,2.9866993023508566,BRO413218,2310,Marquise Brown,M.Brown,WR,https://static.www.nfl.com/image/upload/{formatInstructions}/league/ixuddegcphzmvjn4jq6r,5,35,5,3,0,3,5,0,2.729117597974181,3.28,13.244
2024,POST,21,2025012601,59840,01/26/2025,2310,KC,0610,BUF,home,3,2.9866993023508566,KEL012458,2310,Travis Kelce,T.Kelce,TE,https://static.www.nfl.com/image/upload/{formatInstructions}/league/ilk4qbxxs6mt3v9zfvtg,87,19,4,2,0,2,4,0,3.24220780167165,7.875,3.7849999999999984
2024,POST,21,2025012601,59840,01/26/2025,2310,KC,0610,BUF,home,4,2.9866993023508566,SMI829709,2310,JuJu Smith-Schuster,J.Smith-Schuster,WR,https://static.www.nfl.com/image/upload/{formatInstructions}/league/l0hsr6xsbsagzygcqhci,9,60,3,2,0,2,3,0,3.379880356788022,5.2266666666666675,11.786666666666669
2024,POST,21,2025012601,59840,01/26/2025,2310,KC,0610,BUF,home,5,2.9866993023508566,HOP161500,2310,DeAndre Hopkins,D.Hopkins,WR,https://static.www.nfl.com/image/upload/{formatInstructions}/league/viymeohipdn0voptrkzh,8,11,2,1,0,1,2,0,2.2802318967679582,4.91,5.749999999999999
2024,POST,21,2025012601,59840,01/26/2025,2310,KC,0610,BUF,visitor,1,2.9866993023508566,SHA107427,0610,Khalil Shakir,K.Shakir,WR,https://static.www.nfl.com/image/upload/{formatInstructions}/league/ch2yarhiobqlvr9ls2yw,10,46,7,6,0,6,7,0,4.045787226674994,5.627142857142857,4.129999999999998
2024,POST,21,2025012601,59840,01/26/2025,2310,KC,0610,BUF,visitor,2,2.9866993023508566,HOL280459,0610,Mack Hollins,M.Hollins,WR,https://static.www.nfl.com/image/upload/{formatInstructions}/league/xchw7quzjszgrm6psbyg,13,73,4,3,1,3,4,1,1.1663289971318247,3.4324999999999997,19.495000000000005
2024,POST,21,2025012601,59840,01/26/2025,2310,KC,0610,BUF,visitor,3,2.9866993023508566,COL295571,0610,Keon Coleman,K.Coleman,WR,https://static.www.nfl.com/image/upload/{formatInstructions}/league/ipwpdgb0cm3xy3d8zu1l,0,12,4,1,0,1,4,0,2.362985802954153,2.56,18.050000000000004
2024,POST,21,2025012601,59840,01/26/2025,2310,KC,0610,BUF,visitor,4,2.9866993023508566,KIN069130,0610,Dalton Kincaid,D.Kincaid,TE,https://static.www.nfl.com/image/upload/{formatInstructions}/league/rsimqxdfwlb1n9qd4w3g,86,13,4,2,0,2,4,0,2.5708464047309763,10.25,8.747499999999999
2024,POST,21,2025012601,59840,01/26/2025,2310,KC,0610,BUF,visitor,5,2.9866993023508566,COO487703,0610,Amari Cooper,A.Cooper,WR,https://static.www.nfl.com/image/upload/{formatInstructions}/league/zmtzqznqui37unmo5xv9,18,33,4,4,0,4,4,0,4.324833515609135,5.925,3.4899999999999984
2024,POST,23,2025020900,59841,02/09/2025,3700,PHI,2310,KC,home,1,2.9866993023508566,BRO413223,3700,A.J. Brown,A.Brown,WR,https://static.www.nfl.com/image/private/{formatInstructions}/league/a014sgzctarbvhwb35lw,11,43,5,3,1,3,5,1,1.5629955424617912,2.5100000000000002,15.044
2024,POST,23,2025020900,59841,02/09/2025,3700,PHI,2310,KC,home,2,2.9866993023508566,SMI206016,3700,DeVonta Smith,D.Smith,WR,https://static.www.nfl.com/image/upload/{formatInstructions}/league/bmdflwy52nsk7zpnfhwb,6,69,5,4,1,4,5,1,2.22157707926482,7.470000000000001,14.751999999999999
2024,POST,23,2025020900,59841,02/09/2025,3700,PHI,2310,KC,home,3,2.9866993023508566,DOT282798,3700,Jahan Dotson,J.Dotson,WR,https://static.www.nfl.com/image/upload/{formatInstructions}/league/myxhp9oqtcv1peactbhv,83,42,3,2,0,2,3,0,3.603633263300976,4.71,8.463333333333333
2024,POST,23,2025020900,59841,02/09/2025,3700,PHI,2310,KC,home,4,2.9866993023508566,GOE595520,3700,Dallas Goedert,D.Goedert,TE,https://static.www.nfl.com/image/upload/{formatInstructions}/league/wfj54vhw1zxwwb3vdi61,88,27,2,2,0,2,2,0,8.9881168884737,10.645,10.810000000000002
2024,POST,23,2025020900,59841,02/09/2025,3700,PHI,2310,KC,home,5,2.9866993023508566,WIL733437,3700,Johnny Wilson,J.Wilson,WR,https://static.www.nfl.com/image/upload/{formatInstructions}/league/cj13ngp4tjmi9621trrk,89,0,1,0,0,0,1,0,4.235965061234567,5.64,1.230000000000004
2024,POST,23,2025020900,59841,02/09/2025,3700,PHI,2310,KC,visitor,1,2.9866993023508566,WOR741496,2310,Xavier Worthy,X.Worthy,WR,https://static.www.nfl.com/image/upload/{formatInstructions}/league/fvzbx5gpiqkogglyoo1w,1,157,8,8,2,8,8,2,4.9591130970239305,8.16,14.27625
2024,POST,23,2025020900,59841,02/09/2025,3700,PHI,2310,KC,visitor,2,2.9866993023508566,BRO413218,2310,Marquise Brown,M.Brown,WR,https://static.www.nfl.com/image/upload/{formatInstructions}/league/ixuddegcphzmvjn4jq6r,5,15,6,2,0,2,6,0,3.302615012474508,4.943333333333333,6.356666666666666
2024,POST,23,2025020900,59841,02/09/2025,3700,PHI,2310,KC,visitor,3,2.9866993023508566,KEL012458,2310,Travis Kelce,T.Kelce,TE,https://static.www.nfl.com/image/upload/{formatInstructions}/league/ilk4qbxxs6mt3v9zfvtg,87,39,6,4,0,4,6,0,4.168131793286264,6.741666666666667,5.27
2024,POST,23,2025020900,59841,02/09/2025,3700,PHI,2310,KC,visitor,4,2.9866993023508566,HOP161500,2310,DeAndre Hopkins,D.Hopkins,WR,https://static.www.nfl.com/image/upload/{formatInstructions}/league/viymeohipdn0voptrkzh,8,18,5,2,1,2,5,1,3.4462308862530016,7.676,11.974
2024,POST,23,2025020900,59841,02/09/2025,3700,PHI,2310,KC,visitor,5,2.9866993023508566,SMI829709,2310,JuJu Smith-Schuster,J.Smith-Schuster,WR,https://static.www.nfl.com/image/upload/{formatInstructions}/league/l0hsr6xsbsagzygcqhci,9,16,2,2,0,2,2,0,5.208025234731984,5.095000000000001,2.8499999999999996
