season,season_type,week,game_id,game_key,game_date,home_team_id,home_team_abbr,visitor_team_id,visitor_team_abbr,side,rank,league_average_separation_to_qb,esb_id,gsis_id,team_id,player_name,short_name,position,headshot,jersey_number,tackles,assists,sacks,forced_fumbles,blitz_count,avg_separation_to_qb
2023,PRE,0,2023080351,59445,08/03/2023,1050,CLE,3430,NYJ,home,1,4.577731882513236,MCG794607,00-0038574,1050,Isaiah McGuire,I.McGuire,DE,,57,1,1,0,0,13,4.794488484745087
2023,PRE,0,2023080351,59445,08/03/2023,1050,CLE,3430,NYJ,home,2,4.577731882513236,KAM329673,00-0036705,1050,Sam Kamara,S.Kamara,OLB,https://static.www.nfl.com/image/private/{formatInstructions}/league/hcggr5vnynnhx8tbybiz,92,1,1,0,0,11,3.8931994428208965
2023,PRE,0,2023080351,59445,08/03/2023,1050,CLE,3430,NYJ,home,3,4.577731882513236,THO203380,00-0037314,1050,Isaiah Thomas,I.Thomas,DE,https://static.www.nfl.com/image/private/{formatInstructions}/league/nosbtflnnnkmlfp2sxy5,58,1,1,0,0,11,4.027496770708232
2023,PRE,0,2023080351,59445,08/03/2023,1050,CLE,3430,NYJ,home,4,4.577731882513236,TOG319136,00-0036883,1050,Tommy Togiai,T.Togiai,DT,https://static.www.nfl.com/image/private/{formatInstructions}/league/go13hdfp4ckq8cpit909,93,0,1,0,0,10,4.6627319683477895
2023,PRE,0,2023080351,59445,08/03/2023,1050,CLE,3430,NYJ,visitor,1,4.577731882513236,SMA791275,00-0033963,3430,Tanzel Smart,T.Smart,DT,https://static.www.nfl.com/image/private/{formatInstructions}/league/rwhxbxfygcscouwigdkb,79,3,0,0,0,22,4.99819097859656
2023,PRE,0,2023080351,59445,08/03/2023,1050,CLE,3430,NYJ,visitor,2,4.577731882513236,SPE570569,00-0036668,3430,Marquiss Spencer,M.Spencer,DE,https://static.www.nfl.com/image/private/{formatInstructions}/league/tzgvsrahbirsgzergdcz,51,0,0,0,0,16,5.277275235398915
2023,PRE,0,2023080351,59445,08/03/2023,1050,CLE,3430,NYJ,visitor,3,4.577731882513236,ODE690714,00-0033969,3430,Ifeadi Odenigbo,I.Odenigbo,DE,https://static.www.nfl.com/image/private/{formatInstructions}/league/x9lbcp0y9zchvstyy6of,92,2,0,0,0,15,3.7465307998715507
2023,PRE,0,2023080351,59445,08/03/2023,1050,CLE,3430,NYJ,visitor,4,4.577731882513236,MAC301314,00-0035519,3430,Isaiah Mack,I.Mack,NT,https://static.www.nfl.com/image/private/{formatInstructions}/league/gtxd4a8tqz9raigt9dmc,97,1,2,0,0,14,5.444098885048089
2023,PRE,1,2023081051,59446,08/10/2023,3200,NE,2120,HOU,home,1,4.577731882513236,ROB240088,00-0037298,3200,Sam Roberts,S.Roberts,DT,https://static.www.nfl.com/image/private/{formatInstructions}/league/yqwaomrkdmfwowbykpfz,96,1,0,0,0,21,4.680666821992599
2023,PRE,1,2023081051,59446,08/10/2023,3200,NE,2120,HOU,home,2,4.577731882513236,PHA415666,00-0037711,3200,Jeremiah Pharms,J.Pharms,DE,,70,3,3,0,0,16,4.84246264725383
2023,PRE,1,2023081051,59446,08/10/2023,3200,NE,2120,HOU,home,3,4.577731882513236,EKU059326,00-0034251,3200,Daniel Ekuale,D.Ekuale,DT,https://static.www.nfl.com/image/private/{formatInstructions}/league/lj9dekf0gg90pljbtbiq,95,1,1,1,0,15,4.638303373496551
2023,PRE,1,2023081051,59446,08/10/2023,3200,NE,2120,HOU,home,4,4.577731882513236,JEN457643,00-0036193,3200,Anfernee Jennings,A.Jennings,OLB,https://static.www.nfl.com/image/private/{formatInstructions}/league/rhpdybqsxdk8fo1wczc3,33,0,1,0,0,14,5.671298185774996
2023,PRE,1,2023081051,59446,08/10/2023,3200,NE,2120,HOU,visitor,1,4.577731882513236,RIV455810,00-0033920,2120,Derek Rivers,D.Rivers,DE,https://static.www.nfl.com/image/private/{formatInstructions}/league/raxkuoi9asirauurtz6o,95,1,0,0,0,10,4.598858304333442
2023,PRE,1,2023081051,59446,08/10/2023,3200,NE,2120,HOU,visitor,2,4.577731882513236,WIN475149,00-0035654,2120,Chase Winovich,C.Winovich,DE,https://static.www.nfl.com/image/private/{formatInstructions}/league/pbnpzaqm5bba9dfrtmis,50,1,1,1,0,9,3.194489153320571
2023,PRE,1,2023081051,59446,08/10/2023,3200,NE,2120,HOU,visitor,3,4.577731882513236,LOP508807,00-0036568,2120,Roy Lopez,R.Lopez,DT,https://static.www.nfl.com/image/private/{formatInstructions}/league/fznv2qiirufj0vcl6rtq,91,0,0,0,0,9,4.855269734526401
2023,PRE,1,2023081051,59446,08/10/2023,3200,NE,2120,HOU,visitor,4,4.577731882513236,COW324122,00-0035278,2120,Byron Cowart,B.Cowart,DT,https://static.www.nfl.com/image/private/{formatInstructions}/league/jkoevuew3mayrv3rzw11,90,1,0,0,0,8,5.047164228140036
2023,PRE,1,2023081052,59447,08/10/2023,4600,SEA,3000,MIN,home,1,4.577731882513236,BEL475318,00-0038444,4600,Levi Bell,L.Bell,DE,,98,2,0,1,0,14,4.253921214888046
2023,PRE,1,2023081052,59447,08/10/2023,4600,SEA,3000,MIN,home,2,4.577731882513236,MOR480831,00-0038591,4600,Mike Morris,M.Morris,DE,,94,0,0,0,0,13,4.92029811357569
2023,PRE,1,2023081052,59447,08/10/2023,4600,SEA,3000,MIN,home,3,4.577731882513236,SYK409665,00-0038771,4600,Jacob Sykes,J.Sykes,DT,,69,0,0,0,0,13,4.093550435248421
2023,PRE,1,2023081052,59447,08/10/2023,4600,SEA,3000,MIN,home,4,4.577731882513236,ADA519905,00-0035946,4600,Myles Adams,M.Adams,DE,https://static.www.nfl.com/image/private/{formatInstructions}/league/yfejqb1tjkht5kue8y7x,95,1,0,0,0,11,5.660552534756284
2023,PRE,1,2023081052,59447,08/10/2023,4600,SEA,3000,MIN,visitor,1,4.577731882513236,VIL034607,00-0037499,3000,Luiji Vilain,L.Vilain,OLB,https://static.www.nfl.com/image/private/{formatInstructions}/league/bpryqmz7y33c1o9gfq6w,43,2,1,1,1,18,4.634028746735832
2023,PRE,1,2023081052,59447,08/10/2023,4600,SEA,3000,MIN,visitor,2,4.577731882513236,BLA246567,00-0036289,3000,Ross Blacklock,R.Blacklock,DT,https://static.www.nfl.com/image/private/{formatInstructions}/league/bhfz75verrtkscghgjjz,96,0,1,0,0,16,5.111647753128282
2023,PRE,1,2023081052,59447,08/10/2023,4600,SEA,3000,MIN,visitor,3,4.577731882513236,WEA573489,00-0036216,3000,Curtis Weaver,C.Weaver,DE,https://static.www.nfl.com/image/private/{formatInstructions}/league/jvaesk96t4eh2ghtsiy3,54,1,1,0,0,14,5.115996713321393
2023,PRE,1,2023081052,59447,08/10/2023,4600,SEA,3000,MIN,visitor,4,4.577731882513236,CAR787212,00-0038801,3000,Andre Carter,A.Carter,OLB,,55,0,2,0,0,9,4.900722415681049
2023,PRE,1,2023081151,59448,08/11/2023,1540,DET,3410,NYG,home,1,4.577731882513236,OKW059326,00-0032655,1540,Romeo Okwara,R.Okwara,OLB,https://static.www.nfl.com/image/private/{formatInstructions}/league/nhjoafscsbmruroqbshb,95,1,1,1,0,20,4.494731645907163
2023,PRE,1,2023081151,59448,08/11/2023,1540,DET,3410,NYG,home,2,4.577731882513236,JON078068,00-0035841,1540,Benito Jones,B.Jones,DT,https://static.www.nfl.com/image/private/{formatInstructions}/league/ka6ejrf9hptbsafv4tym,94,1,0,1,0,14,5.180706488317425
2023,PRE,1,2023081151,59448,08/11/2023,1540,DET,3410,NYG,home,3,4.577731882513236,OKW029663,00-0036249,1540,Julian Okwara,J.Okwara,OLB,https://static.www.nfl.com/image/private/{formatInstructions}/league/q4caf6zjiyfzdp6oixh7,99,3,0,3,0,13,3.4061716653075935
2023,PRE,1,2023081151,59448,08/11/2023,1540,DET,3410,NYG,home,4,4.577731882513236,SMI143477,00-0038661,1540,Chris Smith,C.Smith,DT,,92,0,0,0,0,13,5.337318694175315
2023,PRE,1,2023081151,59448,08/11/2023,1540,DET,3410,NYG,visitor,1,4.577731882513236,SMI462933,00-0036180,3410,Kobe Smith,K.Smith,DT,https://static.www.nfl.com/image/private/{formatInstructions}/league/juqzah6scwug5cawh41m,72,2,2,0,0,19,5.993519236625413
2023,PRE,1,2023081151,59448,08/11/2023,1540,DET,3410,NYG,visitor,2,4.577731882513236,RIL285297,00-0038506,3410,Jordon Riley,J.Riley,DT,https://static.www.nfl.com/image/private/{formatInstructions}/league/rp3khzp5pvryos9ym8gd,95,0,1,0,0,19,5.112365988576095
2023,PRE,1,2023081151,59448,08/11/2023,1540,DET,3410,NYG,visitor,3,4.577731882513236,BOW172625,00-0033324,3410,Tashawn Bower,T.Bower,DE,https://static.www.nfl.com/image/private/{formatInstructions}/league/h6ioogkk8kw2ik3vfdjd,94,3,2,0,0,15,6.073369665765761
2023,PRE,1,2023081151,59448,08/11/2023,1540,DET,3410,NYG,visitor,4,4.577731882513236,XIM308281,00-0035708,3410,Oshane Ximines,O.Ximines,OLB,https://static.www.nfl.com/image/private/{formatInstructions}/league/prrxhzpeo2lyxq2cddak,53,0,2,0,0,13,4.326456681231283
2023,PRE,1,2023081152,59449,08/11/2023,4900,TB,3900,PIT,home,1,4.577731882513236,RAS254236,00-0036517,4900,Hamilcar Rashed,H.Rashed,DE,https://static.www.nfl.com/image/private/{formatInstructions}/league/blfsydswt1fg26qdgigw,46,0,0,0,0,14,3.840929321506163
2023,PRE,1,2023081152,59449,08/11/2023,4900,TB,3900,PIT,home,2,4.577731882513236,GIL284053,00-0036045,4900,Cam Gill,C.Gill,OLB,https://static.www.nfl.com/image/private/{formatInstructions}/league/o3drcxfcxgeqhny6omgo,49,1,1,1,0,12,4.34992355807218
2023,PRE,1,2023081152,59449,08/11/2023,4900,TB,3900,PIT,home,3,4.577731882513236,SEN026161,00-0034363,4900,Deadrin Senat,D.Senat,DT,https://static.www.nfl.com/image/private/{formatInstructions}/league/k9qe9xiwsb7yjso8owoh,95,1,0,0,0,9,5.096207551151647
2023,PRE,1,2023081152,59449,08/11/2023,4900,TB,3900,PIT,home,4,4.577731882513236,OCO519549,00-0033595,4900,Pat O'Connor,P.O'Connor,DE,https://static.www.nfl.com/image/private/{formatInstructions}/league/jlvbx9x17tcnhitj2hdm,79,0,0,0,0,8,3.675662647762893
2023,PRE,1,2023081152,59449,08/11/2023,4900,TB,3900,PIT,visitor,1,4.577731882513236,PER004237,00-0038746,3900,David Perales,D.Perales,DE,,40,0,1,0,0,25,4.986025159021991
2023,PRE,1,2023081152,59449,08/11/2023,4900,TB,3900,PIT,visitor,2,4.577731882513236,ROC122287,00-0036845,3900,Quincy Roche,Q.Roche,OLB,https://static.www.nfl.com/image/private/{formatInstructions}/league/tehfnbwkohaoj9nncdwd,48,1,1,1,0,18,4.20717609005355
2023,PRE,1,2023081152,59449,08/11/2023,4900,TB,3900,PIT,visitor,3,4.577731882513236,NDU370795,00-0039016,3900,Toby Ndukwe,T.Ndukwe,DE,,45,2,0,0,0,18,4.049817321908726
2023,PRE,1,2023081152,59449,08/11/2023,4900,TB,3900,PIT,visitor,4,4.577731882513236,JON586955,00-0037551,3900,Manny Jones,M.Jones,DE,https://static.www.nfl.com/image/private/{formatInstructions}/league/ep5ov956i52mqpj5z3rv,72,0,0,0,0,14,3.8583514316614376
2023,PRE,1,2023081153,59450,08/11/2023,0920,CIN,1800,GB,home,1,4.577731882513236,TUF103822,00-0036881,0920,Jay Tufele,J.Tufele,DT,https://static.www.nfl.com/image/private/{formatInstructions}/league/mfzaltdiwf4vglulxs9t,97,2,3,0,0,22,5.146480480374143
2023,PRE,1,2023081153,59450,08/11/2023,0920,CIN,1800,GB,home,2,4.577731882513236,DAV264341,00-0036148,0920,Domenique Davis,D.Davis,DT,,72,0,0,0,0,19,3.997663773975231
2023,PRE,1,2023081153,59450,08/11/2023,0920,CIN,1800,GB,home,3,4.577731882513236,GUN666191,00-0037760,0920,Jeff Gunter,J.Gunter,DE,https://static.www.nfl.com/image/private/{formatInstructions}/league/avgrdamq739wwfvsvf5r,93,0,1,0,0,18,4.869856585587806
2023,PRE,1,2023081153,59450,08/11/2023,0920,CIN,1800,GB,home,4,4.577731882513236,MUR519902,00-0038546,0920,Myles Murphy,M.Murphy,DE,,99,1,1,0,0,18,5.063915838553638
2023,PRE,1,2023081153,59450,08/11/2023,0920,CIN,1800,GB,visitor,1,4.577731882513236,WOO268652,00-0038387,1800,Colby Wooden,C.Wooden,DT,,96,0,2,0,0,23,4.687739844463368
2023,PRE,1,2023081153,59450,08/11/2023,0920,CIN,1800,GB,visitor,2,4.577731882513236,COX147946,00-0038463,1800,Brenton Cox,B.Cox,OLB,,57,0,0,0,0,19,4.488634744413042
2023,PRE,1,2023081153,59450,08/11/2023,0920,CIN,1800,GB,visitor,3,4.577731882513236,BRO132842,00-0038398,1800,Karl Brooks,K.Brooks,DT,,94,1,0,0,0,18,4.88335141833459
2023,PRE,1,2023081153,59450,08/11/2023,0920,CIN,1800,GB,visitor,4,4.577731882513236,BAN561270,00-0038462,1800,Keshawn Banks,K.Banks,DE,,51,2,0,0,0,16,4.566209287028506
2023,PRE,1,2023081154,59451,08/11/2023,2700,MIA,0200,ATL,home,1,4.577731882513236,HAN083056,00-0034371,2700,Da'Shawn Hand,D.Hand,DE,https://static.www.nfl.com/image/private/{formatInstructions}/league/sp7wnujii8u8ad0pbbts,93,0,3,0,0,10,5.827814102002554
2023,PRE,1,2023081154,59451,08/11/2023,2700,MIA,0200,ATL,home,2,4.577731882513236,REE340587,00-0034954,2700,Malik Reed,M.Reed,OLB,https://static.www.nfl.com/image/private/{formatInstructions}/league/jkdge98qusbr7oyaowr2,47,1,1,0,0,10,4.500745600221066
2023,PRE,1,2023081154,59451,08/11/2023,2700,MIA,0200,ATL,home,3,4.577731882513236,TWY430123,00-0036651,2700,Jaylen Twyman,J.Twyman,DT,https://static.www.nfl.com/image/private/{formatInstructions}/league/abgcz7bfhgsb2agu38yi,97,1,2,1,0,10,4.263243467453465
2023,PRE,1,2023081154,59451,08/11/2023,2700,MIA,0200,ATL,home,4,4.577731882513236,PIL215335,00-0038694,2700,Brandon Pili,B.Pili,DT,,96,1,3,0,0,10,7.421989931617754
2023,PRE,1,2023081154,59451,08/11/2023,2700,MIA,0200,ATL,visitor,1,4.577731882513236,HUG083882,00-0035455,0200,Albert Huggins,A.Huggins,DT,https://static.www.nfl.com/image/private/{formatInstructions}/league/fjdtu19bcxfzwn5mwgye,94,1,3,0,0,14,3.6818194652840157
2023,PRE,1,2023081154,59451,08/11/2023,2700,MIA,0200,ATL,visitor,2,4.577731882513236,HOR341124,00-0037585,0200,Timmy Horne,T.Horne,DT,,98,2,1,0,0,14,3.94750861316978
2023,PRE,1,2023081154,59451,08/11/2023,2700,MIA,0200,ATL,visitor,3,4.577731882513236,OGU424705,00-0036949,0200,Adetokunbo Ogundeji,A.Ogundeji,OLB,https://static.www.nfl.com/image/private/{formatInstructions}/league/mkikvvel2l4lrucglgto,92,1,1,0,0,13,5.697753353154773
2023,PRE,1,2023081154,59451,08/11/2023,2700,MIA,0200,ATL,visitor,4,4.577731882513236,GAZ426541,00-0035903,0200,Joe Gaziano,J.Gaziano,DE,https://static.www.nfl.com/image/private/{formatInstructions}/league/iakzkfpjk11ak9vuqtci,99,1,2,0,0,11,3.640609697396887
2023,PRE,1,2023081155,59452,08/11/2023,1050,CLE,5110,WAS,home,1,4.577731882513236,MCG794607,00-0038574,1050,Isaiah McGuire,I.McGuire,DE,,57,0,0,0,0,14,3.901187138785034
2023,PRE,1,2023081155,59452,08/11/2023,1050,CLE,5110,WAS,home,2,4.577731882513236,IKA415291,00-0038561,1050,Siaki Ika,S.Ika,DT,,62,1,0,0,0,11,4.80039311299058
2023,PRE,1,2023081155,59452,08/11/2023,1050,CLE,5110,WAS,home,3,4.577731882513236,KAM329673,00-0036705,1050,Sam Kamara,S.Kamara,OLB,https://static.www.nfl.com/image/private/{formatInstructions}/league/aakuha494hvtrja3dwjn,92,0,0,0,0,10,3.6663472650684077
2023,PRE,1,2023081155,59452,08/11/2023,1050,CLE,5110,WAS,home,4,4.577731882513236,HUR501348,00-0034746,1050,Maurice Hurst,M.Hurst,DT,https://static.www.nfl.com/image/private/{formatInstructions}/league/btulh0hzwyegjyz4hce7,90,0,2,0,0,9,3.5994483086499707
2023,PRE,1,2023081155,59452,08/11/2023,1050,CLE,5110,WAS,visitor,1,4.577731882513236,AND036084,00-0034587,5110,Abdullah Anderson,A.Anderson,DE,https://static.www.nfl.com/image/private/{formatInstructions}/league/orujrkmrq1jdafjnewww,92,1,1,0,0,20,4.919995749326164
2023,PRE,1,2023081155,59452,08/11/2023,1050,CLE,5110,WAS,visitor,2,4.577731882513236,POT207457,00-0036050,5110,Benning Potoa'e,B.Potoa'e,DE,https://static.www.nfl.com/image/private/{formatInstructions}/league/hdmondxh6umv3osye6fj,79,0,0,0,0,18,4.216719873924436
2023,PRE,1,2023081155,59452,08/11/2023,1050,CLE,5110,WAS,visitor,3,4.577731882513236,RID334254,00-0037283,5110,John Ridgeway,J.Ridgeway,DT,https://static.www.nfl.com/image/private/{formatInstructions}/league/uashkoz2rfyz4erjqnx4,91,0,0,0,0,17,5.177863275968799
2023,PRE,1,2023081155,59452,08/11/2023,1050,CLE,5110,WAS,visitor,4,4.577731882513236,JON826252,00-0038635,5110,Andre Jones,A.Jones,DE,,48,1,0,0,0,15,5.499381198792002
2023,PRE,1,2023081156,59453,08/11/2023,3800,ARI,1400,DEN,home,1,4.577731882513236,STI401047,00-0038623,3800,Dante Stills,D.Stills,DT,,55,1,2,0,0,17,5.371245282408979
2023,PRE,1,2023081156,59453,08/11/2023,3800,ARI,1400,DEN,home,2,4.577731882513236,THO063745,00-0037815,3800,Cameron Thomas,C.Thomas,OLB,https://static.www.nfl.com/image/private/{formatInstructions}/league/psphnap6soh4dwyhov8j,97,3,0,1,0,15,4.735049946674781
2023,PRE,1,2023081156,59453,08/11/2023,3800,ARI,1400,DEN,home,3,4.577731882513236,WAT180320,00-0033563,3800,Carlos Watkins,C.Watkins,DE,https://static.www.nfl.com/image/private/{formatInstructions}/league/z5xvctejgwrk2t3xd4vn,94,1,0,0,0,14,5.616516737837476
2023,PRE,1,2023081156,59453,08/11/2023,3800,ARI,1400,DEN,home,4,4.577731882513236,DIM738004,00-0036896,3800,Victor Dimukeje,V.Dimukeje,OLB,,52,1,1,0,0,14,4.3686220681624865
2023,PRE,1,2023081156,59453,08/11/2023,3800,ARI,1400,DEN,visitor,1,4.577731882513236,GAR070519,00-0037051,1400,Elijah Garcia,E.Garcia,DT,https://static.www.nfl.com/image/private/{formatInstructions}/league/i17gtgvmbknnjb41exop,95,3,0,2,0,23,3.832040658352106
2023,PRE,1,2023081156,59453,08/11/2023,3800,ARI,1400,DEN,visitor,2,4.577731882513236,INC485869,00-0038791,1400,Thomas Incoom,T.Incoom,DE,,59,1,1,0,0,23,4.539849589803756
2023,PRE,1,2023081156,59453,08/11/2023,3800,ARI,1400,DEN,visitor,3,4.577731882513236,JAC277405,00-0037294,1400,Jordan Jackson,J.Jackson,DT,https://static.www.nfl.com/image/private/{formatInstructions}/league/fgrklq4y2is4yod2ivlc,90,1,1,0,0,20,4.702064855086565
2023,PRE,1,2023081156,59453,08/11/2023,3800,ARI,1400,DEN,visitor,4,4.577731882513236,HAY642687,00-0038790,1400,Marcus Haynes,M.Haynes,DE,,52,1,1,0,0,20,5.0171585766597255
2023,PRE,1,2023081251,59454,08/12/2023,0810,CHI,2100,TEN,home,1,4.577731882513236,GIP564972,00-0036305,0810,Trevis Gipson,T.Gipson,OLB,https://static.www.nfl.com/image/private/{formatInstructions}/league/nqabc8l1ouclhfxaj2fe,99,3,2,1,0,22,3.1285940609616016
2023,PRE,1,2023081251,59454,08/12/2023,0810,CHI,2100,TEN,home,2,4.577731882513236,PIC705993,00-0038937,0810,Zacch Pickens,Z.Pickens,DT,,96,2,2,1,0,21,3.7847867392054297
2023,PRE,1,2023081251,59454,08/12/2023,0810,CHI,2100,TEN,home,3,4.577731882513236,DEX634187,00-0039070,0810,Gervon Dexter,G.Dexter,DT,,98,1,1,0,0,17,3.831030044124111
2023,PRE,1,2023081251,59454,08/12/2023,0810,CHI,2100,TEN,home,4,4.577731882513236,LEW729970,00-0036419,0810,Terrell Lewis,T.Lewis,OLB,https://static.www.nfl.com/image/private/{formatInstructions}/league/so2vxzo4a3qqrtgpezki,52,2,0,2,1,16,3.7015978025969303
2023,PRE,1,2023081251,59454,08/12/2023,0810,CHI,2100,TEN,visitor,1,4.577731882513236,OKU096406,00-0037602,2100,Sam Okuayinonu,S.Okuayinonu,DE,https://static.www.nfl.com/image/private/{formatInstructions}/league/g1hkqb4cumovcqwfpzzj,59,2,0,1,0,16,4.308396404909113
2023,PRE,1,2023081251,59454,08/12/2023,0810,CHI,2100,TEN,visitor,2,4.577731882513236,JOH321843,00-0033940,2100,Jaleel Johnson,J.Johnson,DT,https://static.www.nfl.com/image/private/{formatInstructions}/league/otkhxfhetd93llo1cox9,94,2,2,0,0,13,5.506051073054345
2023,PRE,1,2023081251,59454,08/12/2023,0810,CHI,2100,TEN,visitor,3,4.577731882513236,MUR186262,00-0038851,2100,Caleb Murphy,C.Murphy,DE,,42,3,0,1,0,11,4.610265243563179
2023,PRE,1,2023081251,59454,08/12/2023,0810,CHI,2100,TEN,visitor,4,4.577731882513236,MCL605621,00-0038850,2100,T.K. McLendon,T.McLendon,DE,,69,1,0,0,0,9,3.40133673828623
2023,PRE,1,2023081252,59455,08/12/2023,0610,BUF,2200,IND,home,1,4.577731882513236,RAY427102,00-0032221,0610,Shane Ray,S.Ray,OLB,https://static.www.nfl.com/image/private/{formatInstructions}/league/wvexepmn7guhq4e9psuf,49,1,1,0,0,10,3.890436108289111
2023,PRE,1,2023081252,59455,08/12/2023,0610,BUF,2200,IND,home,2,4.577731882513236,SET509598,00-0034397,0610,Tim Settle,T.Settle,DT,https://static.www.nfl.com/image/private/{formatInstructions}/league/zerowwkyyepb4hllqsq9,99,1,0,1,0,10,4.632559809186892
2023,PRE,1,2023081252,59455,08/12/2023,0610,BUF,2200,IND,home,3,4.577731882513236,OLI290385,00-0035230,0610,Ed Oliver,E.Oliver,DT,https://static.www.nfl.com/image/private/{formatInstructions}/league/wk5gdknxmikobyzgchkg,91,0,0,0,0,9,4.0367316757610565
2023,PRE,1,2023081252,59455,08/12/2023,0610,BUF,2200,IND,home,4,4.577731882513236,BRO208500,00-0035315,0610,Cortez Broughton,C.Broughton,DT,https://static.www.nfl.com/image/private/{formatInstructions}/league/oalkoxrl5raxkppkeens,94,1,2,0,0,9,3.919251307020703
2023,PRE,1,2023081252,59455,08/12/2023,0610,BUF,2200,IND,visitor,1,4.577731882513236,MUH405540,00-0033964,2200,Al-Quadin Muhammad,A.Muhammad,DE,https://static.www.nfl.com/image/private/{formatInstructions}/league/qgzgezkkoycldlnaatq8,97,1,0,1,0,19,4.098059538718933
2023,PRE,1,2023081252,59455,08/12/2023,0610,BUF,2200,IND,visitor,2,4.577731882513236,ODE707589,00-0036480,2200,Dayo Odeyingbo,D.Odeyingbo,DE,https://static.www.nfl.com/image/private/{formatInstructions}/league/bzjmmqwsdbhy6te5mjem,54,1,0,1,0,19,4.003407627711303
2023,PRE,1,2023081252,59455,08/12/2023,0610,BUF,2200,IND,visitor,3,4.577731882513236,AGI415291,00-0036420,2200,McTelvin Agim,M.Agim,DE,https://static.www.nfl.com/image/private/{formatInstructions}/league/wqzyiuh6l8fv2hxnyy30,98,0,0,0,0,17,4.555692805146258
2023,PRE,1,2023081252,59455,08/12/2023,0610,BUF,2200,IND,visitor,4,4.577731882513236,JOH227083,00-0037269,2200,Eric Johnson,E.Johnson,DT,,93,1,0,0,0,15,3.9363788805308717
2023,PRE,1,2023081253,59456,08/12/2023,0750,CAR,3430,NYJ,home,1,4.577731882513236,JON527179,00-0036831,0750,Kobe Jones,K.Jones,OLB,https://static.www.nfl.com/image/private/{formatInstructions}/league/dhuqslt27ujx7fbuygj6,91,0,4,0,0,16,6.457594580428672
2023,PRE,1,2023081253,59456,08/12/2023,0750,CAR,3430,NYJ,home,2,4.577731882513236,JOH204752,00-0038535,0750,D.J. Johnson,D.Johnson,OLB,,52,1,2,0,0,13,5.18090478839459
2023,PRE,1,2023081253,59456,08/12/2023,0750,CAR,3430,NYJ,home,3,4.577731882513236,WIL234247,00-0031795,0750,DeShawn Williams,D.Williams,DT,https://static.www.nfl.com/image/private/{formatInstructions}/league/kxwwtqql1axmzr2yrsop,96,1,1,0,0,12,5.3154464997087105
2023,PRE,1,2023081253,59456,08/12/2023,0750,CAR,3430,NYJ,home,4,4.577731882513236,BAR528318,00-0037043,0750,Amare Barno,A.Barno,OLB,https://static.www.nfl.com/image/private/{formatInstructions}/league/xbvgepqg2bcyav3lopqi,90,1,0,1,0,11,4.967403003026482
2023,PRE,1,2023081253,59456,08/12/2023,0750,CAR,3430,NYJ,visitor,1,4.577731882513236,HEC611682,00-0034461,3430,Bruce Hector,B.Hector,DT,https://static.www.nfl.com/image/private/{formatInstructions}/league/utleemgkjhg6fxg9o78m,69,1,2,1,1,20,4.590843428583512
2023,PRE,1,2023081253,59456,08/12/2023,0750,CAR,3430,NYJ,visitor,2,4.577731882513236,TAU217769,00-0033298,3430,Pita Taumoepenu,P.Taumoepenu,OLB,https://static.www.nfl.com/image/private/{formatInstructions}/league/w7uipjwa6hppmdddnech,97,0,0,0,0,17,4.570381655551593
2023,PRE,1,2023081253,59456,08/12/2023,0750,CAR,3430,NYJ,visitor,3,4.577731882513236,ALE760816,00-0038491,3430,Deslin Alexandre,D.Alexandre,DE,https://static.www.nfl.com/image/private/{formatInstructions}/league/xvmibbthpymaygmgshlr,98,1,1,1,0,16,4.050081370817656
2023,PRE,1,2023081253,59456,08/12/2023,0750,CAR,3430,NYJ,visitor,4,4.577731882513236,SPE570569,00-0036668,3430,Marquiss Spencer,M.Spencer,DE,https://static.www.nfl.com/image/private/{formatInstructions}/league/qfjfrl5ocvouhlbwcz6o,51,0,0,0,0,13,4.4353090982997685
2023,PRE,1,2023081254,59457,08/12/2023,1200,DAL,2250,JAX,home,1,4.577731882513236,GAL636611,00-0036366,1200,Neville Gallimore,N.Gallimore,DT,https://static.www.nfl.com/image/private/{formatInstructions}/league/mbcprh7yhwhtgkapbglo,96,0,1,0,0,18,3.7852117676896992
2023,PRE,1,2023081254,59457,08/12/2023,1200,DAL,2250,JAX,home,2,4.577731882513236,BAN737249,00-0034969,1200,Ben Banogu,B.Banogu,DE,https://static.www.nfl.com/image/private/{formatInstructions}/league/p9k6kdaayai1uggtqruq,94,1,0,0,0,15,4.221277358349897
2023,PRE,1,2023081254,59457,08/12/2023,1200,DAL,2250,JAX,home,3,4.577731882513236,GOL699429,00-0036982,1200,Chauncey Golston,C.Golston,DE,https://static.www.nfl.com/image/private/{formatInstructions}/league/kabi7w1ivl2x2jqte3my,99,0,1,0,0,14,4.200464646536529
2023,PRE,1,2023081254,59457,08/12/2023,1200,DAL,2250,JAX,home,4,4.577731882513236,JOH212341,00-0038736,1200,Durrell Johnson,D.Johnson,DE,,51,0,0,0,0,11,4.48196446716383
2023,PRE,1,2023081254,59457,08/12/2023,1200,DAL,2250,JAX,visitor,1,4.577731882513236,ABD685761,00-0038580,2250,Yasir Abdullah,Y.Abdullah,OLB,,56,1,2,1,0,20,4.427881791343205
2023,PRE,1,2023081254,59457,08/12/2023,1200,DAL,2250,JAX,visitor,2,4.577731882513236,SMI443087,00-0036868,2250,Jordan Smith,J.Smith,OLB,https://static.www.nfl.com/image/private/{formatInstructions}/league/bycpto5ud1uyyegvz29e,92,4,1,0,0,16,4.697048580186662
2023,PRE,1,2023081254,59457,08/12/2023,1200,DAL,2250,JAX,visitor,3,4.577731882513236,COL249753,00-0038666,2250,D.J. Coleman,D.Coleman,DE,,54,1,1,0,0,16,5.589184523283835
2023,PRE,1,2023081254,59457,08/12/2023,1200,DAL,2250,JAX,visitor,4,4.577731882513236,LAC735924,00-0038940,2250,Tyler Lacy,T.Lacy,DE,,93,1,0,0,0,15,3.9214032064195687
2023,PRE,1,2023081255,59458,08/12/2023,0325,BAL,3700,PHI,home,1,4.577731882513236,NIC386640,00-0037181,0325,Rayshad Nichols,R.Nichols,DT,https://static.www.nfl.com/image/private/{formatInstructions}/league/vx3ewnkgxwth471mbw4i,91,3,1,0,0,17,3.8197139506334756
2023,PRE,1,2023081255,59458,08/12/2023,0325,BAL,3700,PHI,home,2,4.577731882513236,JON768782,00-0037756,0325,Travis Jones,T.Jones,DT,https://static.www.nfl.com/image/private/{formatInstructions}/league/p6t83nbwjpojx2vf16zb,98,1,1,0,0,13,3.499495702253396
2023,PRE,1,2023081255,59458,08/12/2023,0325,BAL,3700,PHI,home,3,4.577731882513236,ROB705359,00-0038505,0325,Tavius Robinson,T.Robinson,OLB,,95,0,0,0,0,13,4.039557168956443
2023,PRE,1,2023081255,59458,08/12/2023,0325,BAL,3700,PHI,home,4,4.577731882513236,SAN383239,00-0038461,0325,Kelle Sanders,K.Sanders,LB,,56,1,2,0,0,13,4.006635372292612
2023,PRE,1,2023081255,59458,08/12/2023,0325,BAL,3700,PHI,visitor,1,4.577731882513236,ROB527009,00-0036878,3700,Janarius Robinson,J.Robinson,DE,https://static.www.nfl.com/image/private/{formatInstructions}/league/airulfyxvgw5a2ykppht,59,0,0,0,0,18,4.356990218284073
2023,PRE,1,2023081255,59458,08/12/2023,0325,BAL,3700,PHI,visitor,2,4.577731882513236,TUI688947,00-0036920,3700,Marlon Tuipulotu,M.Tuipulotu,DT,https://static.www.nfl.com/image/private/{formatInstructions}/league/qeo97d7wi8diclcdkdhj,95,1,1,0,0,14,4.390244895401186
2023,PRE,1,2023081255,59458,08/12/2023,0325,BAL,3700,PHI,visitor,3,4.577731882513236,ELL761367,00-0037134,3700,Noah Elliss,N.Elliss,DT,,61,1,0,0,0,14,4.208849957972514
2023,PRE,1,2023081255,59458,08/12/2023,0325,BAL,3700,PHI,visitor,4,4.577731882513236,OJO426541,00-0038412,3700,Moro Ojomo,M.Ojomo,DT,,72,1,2,0,0,14,4.0223641187681825
2023,PRE,1,2023081256,59459,08/12/2023,2510,LA,4400,LAC,home,1,4.577731882513236,BRO823765,00-0036855,2510,Earnest Brown,E.Brown,DE,https://static.www.nfl.com/image/private/{formatInstructions}/league/hgmehcvwhxtnr4n6vuro,90,0,1,0,0,12,3.5700366346927317
2023,PRE,1,2023081256,59459,08/12/2023,2510,LA,4400,LAC,home,2,4.577731882513236,MUR050645,00-0036237,2510,Larrell Murchison,L.Murchison,DT,https://static.www.nfl.com/image/private/{formatInstructions}/league/laqctwueakltgjhblryt,52,0,1,0,0,10,3.9760419743762725
2023,PRE,1,2023081256,59459,08/12/2023,2510,LA,4400,LAC,home,3,4.577731882513236,HAR091976,00-0037843,2510,Daniel Hardy,D.Hardy,OLB,https://static.www.nfl.com/image/private/{formatInstructions}/league/jjpg1nreyq0gh2brpvpb,44,0,2,0,0,9,3.4256229130547893
2023,PRE,1,2023081256,59459,08/12/2023,2510,LA,4400,LAC,home,4,4.577731882513236,COP391558,00-0035607,2510,Marquise Copeland,M.Copeland,DT,https://static.www.nfl.com/image/private/{formatInstructions}/league/ceozvvacindeaxzvewg3,93,0,1,0,0,8,3.6827697292569144
2023,PRE,1,2023081256,59459,08/12/2023,2510,LA,4400,LAC,visitor,1,4.577731882513236,KEM109590,00-0036789,4400,Carlo Kemp,C.Kemp,DE,https://static.www.nfl.com/image/private/{formatInstructions}/league/teqackw91apgoohodgo0,54,0,1,0,0,20,3.886344701721731
2023,PRE,1,2023081256,59459,08/12/2023,2510,LA,4400,LAC,visitor,2,4.577731882513236,SHE242976,00-0037474,4400,Ty Shelby,T.Shelby,DE,https://static.www.nfl.com/image/private/{formatInstructions}/league/zs1r2jsb5wwxash9aptj,59,2,0,0,0,19,4.536909005888191
2023,PRE,1,2023081256,59459,08/12/2023,2510,LA,4400,LAC,visitor,3,4.577731882513236,CLA383865,00-0038861,4400,Jerrod Clark,J.Clark,DT,,72,1,2,0,0,16,3.822073832110408
2023,PRE,1,2023081256,59459,08/12/2023,2510,LA,4400,LAC,visitor,4,4.577731882513236,MOA193801,00-0035985,4400,David Moa,D.Moa,DT,https://static.www.nfl.com/image/private/{formatInstructions}/league/n95d4esakuqldwgt1i3v,50,0,0,0,0,13,5.674814816242986
2023,PRE,1,2023081351,59460,08/13/2023,3300,NO,2310,KC,home,1,4.577731882513236,BRE510679,00-0038995,3300,Bryan Bresee,B.Bresee,DT,,90,0,0,0,0,17,5.072165765604312
2023,PRE,1,2023081351,59460,08/13/2023,3300,NO,2310,KC,home,2,4.577731882513236,KPA593274,00-0033902,3300,Tanoh Kpassagnon,T.Kpassagnon,DE,https://static.www.nfl.com/image/private/{formatInstructions}/league/yvw5gcpbagv1jwlf8jj8,92,1,0,0,0,14,4.563193236667949
2023,PRE,1,2023081351,59460,08/13/2023,3300,NO,2310,KC,home,3,4.577731882513236,ROA281802,00-0035763,3300,Malcolm Roach,M.Roach,DT,https://static.www.nfl.com/image/private/{formatInstructions}/league/g8zpuwrfmhbqydnc0i45,97,0,2,0,0,14,5.2929380971779265
2023,PRE,1,2023081351,59460,08/13/2023,3300,NO,2310,KC,home,4,4.577731882513236,TUR646253,00-0036926,3300,Payton Turner,P.Turner,DE,https://static.www.nfl.com/image/private/{formatInstructions}/league/ovrpbe0on402xslor7po,98,0,2,0,0,14,4.6416047457321294
2023,PRE,1,2023081351,59460,08/13/2023,3300,NO,2310,KC,visitor,1,4.577731882513236,ANU415291,00-0039006,2310,Felix Anudike-Uzomah,F.Anudike-Uzomah,DE,https://static.www.nfl.com/image/private/{formatInstructions}/league/xjdzhqhgtqixpxi91pts,97,0,1,0,0,16,3.094769796309622
2023,PRE,1,2023081351,59460,08/13/2023,3300,NO,2310,KC,visitor,2,4.577731882513236,WIL186900,00-0035857,2310,Chris Williams,C.Williams,DT,https://static.www.nfl.com/image/private/{formatInstructions}/league/pr4c2gup63wwj25tg0nx,70,1,1,0,0,15,5.327447299307638
2023,PRE,1,2023081351,59460,08/13/2023,3300,NO,2310,KC,visitor,3,4.577731882513236,HER564752,00-0036682,2310,Malik Herring,M.Herring,DE,https://static.www.nfl.com/image/private/{formatInstructions}/league/ir79zipa6gfaqg81apgj,94,0,0,0,0,14,3.614421440691644
2023,PRE,1,2023081351,59460,08/13/2023,3300,NO,2310,KC,visitor,4,4.577731882513236,THO489203,00-0038983,2310,B.J. Thompson,B.Thompson,DE,https://static.www.nfl.com/image/private/{formatInstructions}/league/tw0unomsafrlaoql6qo7,53,0,0,0,0,12,4.4374100073221365
2023,PRE,1,2023081352,59461,08/13/2023,2520,LV,4500,SF,home,1,4.577731882513236,WIL603954,00-0033912,2520,Jordan Willis,J.Willis,DE,https://static.www.nfl.com/image/private/{formatInstructions}/league/jjkurl7wnljbngqkzhmx,99,1,1,0,0,14,3.3508393056943313
2023,PRE,1,2023081352,59461,08/13/2023,2520,LV,4500,SF,home,2,4.577731882513236,KOO195832,00-0036989,2520,Malcolm Koonce,M.Koonce,DE,https://static.www.nfl.com/image/private/{formatInstructions}/league/yf23g2h4elpzsreaaqtp,51,1,0,0,0,14,3.8585469001466928
2023,PRE,1,2023081352,59461,08/13/2023,2520,LV,4500,SF,home,3,4.577731882513236,BUT490520,00-0037280,2520,Matthew Butler,M.Butler,DT,https://static.www.nfl.com/image/private/{formatInstructions}/league/dembzv1xpserfseq559n,94,0,1,0,0,12,5.261578663397209
2023,PRE,1,2023081352,59461,08/13/2023,2520,LV,4500,SF,home,4,4.577731882513236,SIL701377,00-0038634,2520,Nesta Jade Silvera,N.Silvera,DT,,97,0,2,0,0,12,5.627345599878699
2023,PRE,1,2023081352,59461,08/13/2023,2520,LV,4500,SF,visitor,1,4.577731882513236,DAV093525,00-0036291,4500,Marlon Davidson,M.Davidson,DT,https://static.www.nfl.com/image/private/{formatInstructions}/league/t2nhgfbm9oj6yctllvdq,62,3,0,0,0,12,4.489492504634813
2023,PRE,1,2023081352,59461,08/13/2023,2520,LV,4500,SF,visitor,2,4.577731882513236,MCG421261,00-0032162,4500,T.Y. McGill,T.McGill,DT,https://static.www.nfl.com/image/private/{formatInstructions}/league/vx3z8ppcagdgsmw44oef,96,0,0,0,0,11,5.028861872933174
2023,PRE,1,2023081352,59461,08/13/2023,2520,LV,4500,SF,visitor,3,4.577731882513236,CHA646504,00-0033541,4500,Taco Charlton,T.Charlton,DE,https://static.www.nfl.com/image/private/{formatInstructions}/league/vfj6yqbgzkb09odi6xfc,77,0,0,0,0,10,4.972798956926051
2023,PRE,1,2023081352,59461,08/13/2023,2520,LV,4500,SF,visitor,4,4.577731882513236,SPE012055,00-0034774,4500,Breeland Speaks,B.Speaks,DE,https://static.www.nfl.com/image/private/{formatInstructions}/league/iwoqqfijishlrsxe0ee2,66,1,0,0,0,9,5.156879059671666
2023,PRE,2,2023081751,59462,08/17/2023,3700,PHI,1050,CLE,home,1,4.577731882513236,JAC565942,00-0036921,3700,Tarron Jackson,Ta.Jackson,DE,https://static.www.nfl.com/image/private/{formatInstructions}/league/mqxysk2vrikxvh3me8xh,75,1,2,0,0,36,4.345187985632159
2023,PRE,2,2023081751,59462,08/17/2023,3700,PHI,1050,CLE,home,2,4.577731882513236,ROB527009,00-0036878,3700,Janarius Robinson,J.Robinson,DE,https://static.www.nfl.com/image/private/{formatInstructions}/league/airulfyxvgw5a2ykppht,59,2,1,0,0,35,4.8306192108678445
2023,PRE,2,2023081751,59462,08/17/2023,3700,PHI,1050,CLE,home,3,4.577731882513236,ELL761367,00-0037134,3700,Noah Elliss,N.Elliss,DT,,61,1,1,0,0,23,4.651352370330209
2023,PRE,2,2023081751,59462,08/17/2023,3700,PHI,1050,CLE,home,4,4.577731882513236,SAG034607,00-0035720,3700,Olive Sagapolu,O.Sagapolu,DT,https://static.www.nfl.com/image/private/{formatInstructions}/league/ddxb6fxbq570ufp0wq8u,66,1,0,0,0,20,5.066667191519213
2023,PRE,2,2023081751,59462,08/17/2023,3700,PHI,1050,CLE,visitor,1,4.577731882513236,IKA415291,00-0038561,1050,Siaki Ika,S.Ika,DT,,62,0,1,0,0,16,4.481735159113431
2023,PRE,2,2023081751,59462,08/17/2023,3700,PHI,1050,CLE,visitor,2,4.577731882513236,MCG794607,00-0038574,1050,Isaiah McGuire,I.McGuire,DE,,57,1,1,0,0,15,4.635286144880265
2023,PRE,2,2023081751,59462,08/17/2023,3700,PHI,1050,CLE,visitor,3,4.577731882513236,KAM329673,00-0036705,1050,Sam Kamara,S.Kamara,OLB,https://static.www.nfl.com/image/private/{formatInstructions}/league/aakuha494hvtrja3dwjn,92,0,1,0,0,13,3.980933421909742
2023,PRE,2,2023081751,59462,08/17/2023,3700,PHI,1050,CLE,visitor,4,4.577731882513236,MAR648923,00-0038716,1050,Jeremiah Martin,J.Martin,DE,,69,1,1,0,0,13,4.348121591586374
2023,PRE,2,2023081851,59463,08/18/2023,3410,NYG,0750,CAR,home,1,4.577731882513236,RIL285297,00-0038506,3410,Jordon Riley,J.Riley,DT,https://static.www.nfl.com/image/private/{formatInstructions}/league/rp3khzp5pvryos9ym8gd,95,2,1,0,0,14,5.7025643491649864
2023,PRE,2,2023081851,59463,08/18/2023,3410,NYG,0750,CAR,home,2,4.577731882513236,XIM308281,00-0035708,3410,Oshane Ximines,O.Ximines,OLB,https://static.www.nfl.com/image/private/{formatInstructions}/league/prrxhzpeo2lyxq2cddak,53,0,0,0,0,12,4.174842711956845
2023,PRE,2,2023081851,59463,08/18/2023,3410,NYG,0750,CAR,home,3,4.577731882513236,FOX718674,00-0037447,3410,Tomon Fox,T.Fox,OLB,https://static.www.nfl.com/image/private/{formatInstructions}/league/u8ynfxadlmh0ygk7fyvj,49,2,1,1,0,10,4.507014090080316
2023,PRE,2,2023081851,59463,08/18/2023,3410,NYG,0750,CAR,home,4,4.577731882513236,SMI462933,00-0036180,3410,Kobe Smith,K.Smith,DT,https://static.www.nfl.com/image/private/{formatInstructions}/league/juqzah6scwug5cawh41m,72,0,2,0,0,9,5.036180600434036
2023,PRE,2,2023081851,59463,08/18/2023,3410,NYG,0750,CAR,visitor,1,4.577731882513236,WIL471387,00-0036007,0750,Raequan Williams,R.Williams,DT,https://static.www.nfl.com/image/private/{formatInstructions}/league/bbx4ea6gbdwtly5jg4nn,92,2,2,1,0,16,5.331767469430818
2023,PRE,2,2023081851,59463,08/18/2023,3410,NYG,0750,CAR,visitor,2,4.577731882513236,BAR528318,00-0037043,0750,Amare Barno,A.Barno,OLB,https://static.www.nfl.com/image/private/{formatInstructions}/league/xbvgepqg2bcyav3lopqi,90,1,0,0,0,16,5.030487848205373
2023,PRE,2,2023081851,59463,08/18/2023,3410,NYG,0750,CAR,visitor,3,4.577731882513236,WIL234247,00-0031795,0750,DeShawn Williams,D.Williams,DT,https://static.www.nfl.com/image/private/{formatInstructions}/league/kxwwtqql1axmzr2yrsop,96,0,2,0,0,12,5.647437369270132
2023,PRE,2,2023081851,59463,08/18/2023,3410,NYG,0750,CAR,visitor,4,4.577731882513236,JON527179,00-0036831,0750,Kobe Jones,K.Jones,OLB,https://static.www.nfl.com/image/private/{formatInstructions}/league/dhuqslt27ujx7fbuygj6,91,1,1,0,0,12,6.256385500262264
2023,PRE,2,2023081852,59464,08/18/2023,0200,ATL,0920,CIN,home,1,4.577731882513236,HUG083882,00-0035455,0200,Albert Huggins,A.Huggins,DT,https://static.www.nfl.com/image/private/{formatInstructions}/league/fjdtu19bcxfzwn5mwgye,94,0,0,0,0,13,3.6738251986072994
2023,PRE,2,2023081852,59464,08/18/2023,0200,ATL,0920,CIN,home,2,4.577731882513236,HAR647601,00-0038980,0200,Zach Harrison,Z.Harrison,DE,,96,0,2,0,0,13,5.093417332592557
2023,PRE,2,2023081852,59464,08/18/2023,0200,ATL,0920,CIN,home,3,4.577731882513236,TUR012037,00-0034354,0200,Kemoko Turay,K.Turay,DE,https://static.www.nfl.com/image/private/{formatInstructions}/league/zxutsh3ix53bwyfe5go5,52,1,1,0,0,11,5.752577190621245
2023,PRE,2,2023081852,59464,08/18/2023,0200,ATL,0920,CIN,home,4,4.577731882513236,DAV218046,00-0036352,0200,Carlos Davis,C.Davis,DT,https://static.www.nfl.com/image/private/{formatInstructions}/league/ayibnyol34jyimtsgdcf,74,0,0,0,0,11,4.530517815676864
2023,PRE,2,2023081852,59464,08/18/2023,0200,ATL,0920,CIN,visitor,1,4.577731882513236,GUN666191,00-0037760,0920,Jeff Gunter,J.Gunter,DE,https://static.www.nfl.com/image/private/{formatInstructions}/league/avgrdamq739wwfvsvf5r,93,2,1,0,0,17,3.64996797097897
2023,PRE,2,2023081852,59464,08/18/2023,0200,ATL,0920,CIN,visitor,2,4.577731882513236,CAR786801,00-0037804,0920,Zach Carter,Z.Carter,DT,,95,2,0,0,1,14,4.626937408906993
2023,PRE,2,2023081852,59464,08/18/2023,0200,ATL,0920,CIN,visitor,3,4.577731882513236,OSS029663,00-0036902,0920,Joseph Ossai,J.Ossai,DE,https://static.www.nfl.com/image/private/{formatInstructions}/league/xxby0uemzgmuntjsq5n8,58,1,0,0,0,10,3.8419371393637904
2023,PRE,2,2023081852,59464,08/18/2023,0200,ATL,0920,CIN,visitor,4,4.577731882513236,JOH789803,00-0036611,0920,Raymond Johnson,R.Johnson,DE,https://static.www.nfl.com/image/private/{formatInstructions}/league/qcmwspi2zhcrxct1txdh,56,1,4,0,0,9,5.175213719883321
2023,PRE,2,2023081951,59465,08/19/2023,1540,DET,2250,JAX,home,1,4.577731882513236,OKW059326,00-0032655,1540,Romeo Okwara,R.Okwara,OLB,https://static.www.nfl.com/image/private/{formatInstructions}/league/nhjoafscsbmruroqbshb,95,1,2,0,0,20,4.338390069150837
2023,PRE,2,2023081951,59465,08/19/2023,1540,DET,2250,JAX,home,2,4.577731882513236,OKW029663,00-0036249,1540,Julian Okwara,J.Okwara,OLB,https://static.www.nfl.com/image/private/{formatInstructions}/league/q4caf6zjiyfzdp6oixh7,99,0,0,0,0,17,4.701571984263796
2023,PRE,2,2023081951,59465,08/19/2023,1540,DET,2250,JAX,home,3,4.577731882513236,COV546722,00-0031619,1540,Christian Covington,C.Covington,NT,https://static.www.nfl.com/image/private/{formatInstructions}/league/mrw0r5efcpjq3nrojno2,52,0,3,0,0,13,4.153801954993185
2023,PRE,2,2023081951,59465,08/19/2023,1540,DET,2250,JAX,home,4,4.577731882513236,ONW663851,00-0036954,1540,Levi Onwuzurike,L.Onwuzurike,DE,https://static.www.nfl.com/image/private/{formatInstructions}/league/weahflgxu5lkdpetbin6,91,0,0,0,0,13,4.139081408576815
2023,PRE,2,2023081951,59465,08/19/2023,1540,DET,2250,JAX,visitor,1,4.577731882513236,LAC735924,00-0038940,2250,Tyler Lacy,T.Lacy,DE,,93,2,1,0,0,18,4.508580915614463
2023,PRE,2,2023081951,59465,08/19/2023,1540,DET,2250,JAX,visitor,2,4.577731882513236,GOT428790,00-0033064,2250,Adam Gotsis,A.Gotsis,DE,https://static.www.nfl.com/image/private/{formatInstructions}/league/zlpgdrd2lcmf4vtrfczs,96,0,1,0,0,13,4.027537407558562
2023,PRE,2,2023081951,59465,08/19/2023,1540,DET,2250,JAX,visitor,3,4.577731882513236,SMI443087,00-0036868,2250,Jordan Smith,J.Smith,OLB,https://static.www.nfl.com/image/private/{formatInstructions}/league/bycpto5ud1uyyegvz29e,92,0,0,0,0,13,4.026575089127858
2023,PRE,2,2023081951,59465,08/19/2023,1540,DET,2250,JAX,visitor,4,4.577731882513236,CHA031652,00-0036286,2250,K'Lavon Chaisson,K.Chaisson,OLB,https://static.www.nfl.com/image/private/{formatInstructions}/league/f5wku16ni4o2mafug0nf,45,0,0,0,0,12,2.8927712972264565
2023,PRE,2,2023081952,59466,08/19/2023,2120,HOU,2700,MIA,home,1,4.577731882513236,DAV513989,00-0036430,2120,Khalil Davis,K.Davis,DT,https://static.www.nfl.com/image/private/{formatInstructions}/league/yikg5vl10u5s6skhxuea,94,2,1,0,0,14,4.064481664103061
2023,PRE,2,2023081952,59466,08/19/2023,2120,HOU,2700,MIA,home,2,4.577731882513236,HOR555159,00-0039009,2120,Dylan Horton,D.Horton,DE,,92,0,1,0,0,14,3.5334184765270114
2023,PRE,2,2023081952,59466,08/19/2023,2120,HOU,2700,MIA,home,3,4.577731882513236,HIN240815,00-0037459,2120,Kurt Hinish,K.Hinish,DT,https://static.www.nfl.com/image/private/{formatInstructions}/league/krgltdptl9a42lvunwcv,93,1,1,0,0,12,3.415256028749289
2023,PRE,2,2023081952,59466,08/19/2023,2120,HOU,2700,MIA,home,4,4.577731882513236,LOP508807,00-0036568,2120,Roy Lopez,R.Lopez,DT,https://static.www.nfl.com/image/private/{formatInstructions}/league/fznv2qiirufj0vcl6rtq,91,0,0,0,0,11,3.9330918314637784
2023,PRE,2,2023081952,59466,08/19/2023,2120,HOU,2700,MIA,visitor,1,4.577731882513236,PIL215335,00-0038694,2700,Brandon Pili,B.Pili,DT,,96,0,2,0,0,13,3.9134837934619346
2023,PRE,2,2023081952,59466,08/19/2023,2120,HOU,2700,MIA,visitor,2,4.577731882513236,TWY430123,00-0036651,2700,Jaylen Twyman,J.Twyman,DT,https://static.www.nfl.com/image/private/{formatInstructions}/league/abgcz7bfhgsb2agu38yi,97,0,0,0,0,12,4.331817563853583
2023,PRE,2,2023081952,59466,08/19/2023,2120,HOU,2700,MIA,visitor,3,4.577731882513236,BRO106916,00-0036537,2700,Josiah Bronson,J.Bronson,DT,https://static.www.nfl.com/image/private/{formatInstructions}/league/mtzkglfhf5bfo6tqjs0z,95,0,1,0,0,12,4.939439391265755
2023,PRE,2,2023081952,59466,08/19/2023,2120,HOU,2700,MIA,visitor,4,4.577731882513236,GOO086516,00-0037315,2700,Cameron Goode,C.Goode,OLB,https://static.www.nfl.com/image/private/{formatInstructions}/league/r8kmtbsz20ku9pshbdg0,53,0,0,0,0,12,2.797881317955708
2023,PRE,2,2023081953,59467,08/19/2023,3900,PIT,0610,BUF,home,1,4.577731882513236,PER004237,00-0038746,3900,David Perales,D.Perales,DE,https://static.www.nfl.com/image/private/{formatInstructions}/league/pzxahy1e5debmyj6sweg,40,2,1,0,0,17,5.05404547848749
2023,PRE,2,2023081953,59467,08/19/2023,3900,PIT,0610,BUF,home,2,4.577731882513236,LOU563605,00-0036843,3900,Isaiahh Loudermilk,I.Loudermilk,DE,https://static.www.nfl.com/image/private/{formatInstructions}/league/o4tx7br62sjxwsfbmo6z,92,1,1,0,0,15,4.7075933034895225
2023,PRE,2,2023081953,59467,08/19/2023,3900,PIT,0610,BUF,home,3,4.577731882513236,HER042107,00-0038577,3900,Nick Herbig,Ni.Herbig,OLB,https://static.www.nfl.com/image/private/{formatInstructions}/league/ibki8oibuhdfj7ghrrp3,51,2,0,1,1,15,3.6618186582578707
2023,PRE,2,2023081953,59467,08/19/2023,3900,PIT,0610,BUF,home,4,4.577731882513236,WAT453754,00-0034992,3900,Armon Watts,A.Watts,NT,https://static.www.nfl.com/image/private/{formatInstructions}/league/g1csewhvcsq9fzvpfvwz,94,0,0,0,0,14,3.977645808937511
2023,PRE,2,2023081953,59467,08/19/2023,3900,PIT,0610,BUF,visitor,1,4.577731882513236,OLI290385,00-0035230,0610,Ed Oliver,E.Oliver,DT,https://static.www.nfl.com/image/private/{formatInstructions}/league/wk5gdknxmikobyzgchkg,91,0,1,0,0,10,6.00128059039719
2023,PRE,2,2023081953,59467,08/19/2023,3900,PIT,0610,BUF,visitor,2,4.577731882513236,ROU617685,00-0036914,0610,Gregory Rousseau,G.Rousseau,DE,https://static.www.nfl.com/image/private/{formatInstructions}/league/insb9f4qznbgcfyreogp,50,3,0,1,1,10,5.4308461113612285
2023,PRE,2,2023081953,59467,08/19/2023,3900,PIT,0610,BUF,visitor,3,4.577731882513236,SET509598,00-0034397,0610,Tim Settle,T.Settle,DT,https://static.www.nfl.com/image/private/{formatInstructions}/league/zerowwkyyepb4hllqsq9,99,0,0,0,0,9,5.941457333828252
2023,PRE,2,2023081953,59467,08/19/2023,3900,PIT,0610,BUF,visitor,4,4.577731882513236,BAS141481,00-0036553,0610,Carlos Basham,C.Basham,DE,https://static.www.nfl.com/image/private/{formatInstructions}/league/c3f39wokidtacmi8wadr,55,2,1,0,0,9,4.086658822685911
2023,PRE,2,2023081954,59468,08/19/2023,2200,IND,0810,CHI,home,1,4.577731882513236,KAR259489,00-0036341,2200,Khalid Kareem,K.Kareem,DE,https://static.www.nfl.com/image/private/{formatInstructions}/league/ividdypxgovbqeizhvj6,55,3,2,1,0,22,4.554932160633981
2023,PRE,2,2023081954,59468,08/19/2023,2200,IND,0810,CHI,home,2,4.577731882513236,LEO239780,00-0038404,2200,Titus Leo,T.Leo,DE,,91,3,4,1,0,21,4.3480586502230185
2023,PRE,2,2023081954,59468,08/19/2023,2200,IND,0810,CHI,home,3,4.577731882513236,AGI415291,00-0036420,2200,McTelvin Agim,M.Agim,DE,https://static.www.nfl.com/image/private/{formatInstructions}/league/wqzyiuh6l8fv2hxnyy30,98,2,2,0,0,20,4.834793835154484
2023,PRE,2,2023081954,59468,08/19/2023,2200,IND,0810,CHI,home,4,4.577731882513236,ADE021468,00-0039031,2200,Adetomiwa Adebawore,A.Adebawore,DT,,95,1,0,0,0,14,3.750402875478115
2023,PRE,2,2023081954,59468,08/19/2023,2200,IND,0810,CHI,visitor,1,4.577731882513236,DEX634187,00-0039070,0810,Gervon Dexter,G.Dexter,DT,,98,1,0,0,0,16,4.730145049860505
2023,PRE,2,2023081954,59468,08/19/2023,2200,IND,0810,CHI,visitor,2,4.577731882513236,PIC705993,00-0038937,0810,Zacch Pickens,Z.Pickens,DT,,96,3,0,0,0,13,5.208992298322247
2023,PRE,2,2023081954,59468,08/19/2023,2200,IND,0810,CHI,visitor,3,4.577731882513236,GIP564972,00-0036305,0810,Trevis Gipson,T.Gipson,OLB,https://static.www.nfl.com/image/private/{formatInstructions}/league/nqabc8l1ouclhfxaj2fe,99,0,3,0,0,11,4.328374981676252
2023,PRE,2,2023081954,59468,08/19/2023,2200,IND,0810,CHI,visitor,4,4.577731882513236,BRO255526,00-0034394,0810,Andrew Brown,A.Brown,NT,https://static.www.nfl.com/image/private/{formatInstructions}/league/heu1susadiq5soqjuu95,92,0,2,0,0,9,4.04577234267791
2023,PRE,2,2023081955,59469,08/19/2023,3430,NYJ,4900,TB,home,1,4.577731882513236,SMA791275,00-0033963,3430,Tanzel Smart,T.Smart,DT,https://static.www.nfl.com/image/private/{formatInstructions}/league/e5zudbrpqe60xnsmoogt,79,1,4,0,0,16,5.498683432671311
2023,PRE,2,2023081955,59469,08/19/2023,3430,NYJ,4900,TB,home,2,4.577731882513236,HUF090844,00-0036151,3430,Bryce Huff,B.Huff,DE,https://static.www.nfl.com/image/private/{formatInstructions}/league/we20nyvj1dcdepuob9xh,47,1,1,1,1,11,2.7982297971593373
2023,PRE,2,2023081955,59469,08/19/2023,3430,NYJ,4900,TB,home,3,4.577731882513236,CLE454836,00-0038107,3430,Micheal Clemons,M.Clemons,DE,https://static.www.nfl.com/image/private/{formatInstructions}/league/updhjnquszg3nlmfry8b,72,1,0,0,0,11,4.197674169336521
2023,PRE,2,2023081955,59469,08/19/2023,3430,NYJ,4900,TB,home,4,4.577731882513236,TAU217769,00-0033298,3430,Pita Taumoepenu,P.Taumoepenu,OLB,https://static.www.nfl.com/image/private/{formatInstructions}/league/w7uipjwa6hppmdddnech,50,0,1,0,0,10,3.572337459418155
2023,PRE,2,2023081955,59469,08/19/2023,3430,NYJ,4900,TB,visitor,1,4.577731882513236,WAT735190,00-0038958,4900,Markees Watts,M.Watts,DE,,58,0,1,0,0,18,3.5107389525646058
2023,PRE,2,2023081955,59469,08/19/2023,3430,NYJ,4900,TB,visitor,2,4.577731882513236,PRE787321,00-0035969,4900,Willington Previlon,W.Previlon,DT,https://static.www.nfl.com/image/private/{formatInstructions}/league/amutxxovxlwfn5jhah3q,93,0,0,0,0,13,3.368189454978492
2023,PRE,2,2023081955,59469,08/19/2023,3430,NYJ,4900,TB,visitor,3,4.577731882513236,OCO519549,00-0033595,4900,Pat O'Connor,P.O'Connor,DE,https://static.www.nfl.com/image/private/{formatInstructions}/league/jlvbx9x17tcnhitj2hdm,79,0,0,0,0,12,5.133111680596442
2023,PRE,2,2023081955,59469,08/19/2023,3430,NYJ,4900,TB,visitor,4,4.577731882513236,SEN026161,00-0034363,4900,Deadrin Senat,D.Senat,DT,https://static.www.nfl.com/image/private/{formatInstructions}/league/k9qe9xiwsb7yjso8owoh,95,0,0,0,0,12,5.4989698292609335
2023,PRE,2,2023081956,59470,08/19/2023,1800,GB,3200,NE,home,1,4.577731882513236,WOO268652,00-0038387,1800,Colby Wooden,C.Wooden,DT,,96,1,2,0,0,23,4.481926250739238
2023,PRE,2,2023081956,59470,08/19/2023,1800,GB,3200,NE,home,2,4.577731882513236,BRO132842,00-0038398,1800,Karl Brooks,K.Brooks,DT,,94,1,0,0,0,18,4.693164308030175
2023,PRE,2,2023081956,59470,08/19/2023,1800,GB,3200,NE,home,3,4.577731882513236,FOR256596,00-0037094,1800,Jonathan Ford,J.Ford,DT,https://static.www.nfl.com/image/private/{formatInstructions}/league/eea7ss4ffercsxzeqhb8,99,0,0,0,0,11,4.5154089963891995
2023,PRE,2,2023081956,59470,08/19/2023,1800,GB,3200,NE,home,4,4.577731882513236,MOS008081,00-0037364,1800,Arron Mosby,A.Mosby,OLB,https://static.www.nfl.com/image/private/{formatInstructions}/league/wgg1dyb7bbkzy00dhxut,53,0,0,0,0,11,4.7515971404145745
2023,PRE,2,2023081956,59470,08/19/2023,1800,GB,3200,NE,visitor,1,4.577731882513236,EKU059326,00-0034251,3200,Daniel Ekuale,D.Ekuale,DT,https://static.www.nfl.com/image/private/{formatInstructions}/league/lj9dekf0gg90pljbtbiq,95,1,0,0,0,13,4.60509084345589
2023,PRE,2,2023081956,59470,08/19/2023,1800,GB,3200,NE,visitor,2,4.577731882513236,JEN457643,00-0036193,3200,Anfernee Jennings,A.Jennings,OLB,https://static.www.nfl.com/image/private/{formatInstructions}/league/rhpdybqsxdk8fo1wczc3,33,1,0,0,0,12,3.986177108450772
2023,PRE,2,2023081956,59470,08/19/2023,1800,GB,3200,NE,visitor,3,4.577731882513236,PHA415666,00-0037711,3200,Jeremiah Pharms,J.Pharms,DE,,70,2,0,0,0,12,4.93839934661802
2023,PRE,2,2023081956,59470,08/19/2023,1800,GB,3200,NE,visitor,4,4.577731882513236,ROB240088,00-0037298,3200,Sam Roberts,S.Roberts,DT,https://static.www.nfl.com/image/private/{formatInstructions}/league/yqwaomrkdmfwowbykpfz,96,5,1,0,0,11,5.781780187561573
2023,PRE,2,2023081957,59471,08/19/2023,3000,MIN,2100,TEN,home,1,4.577731882513236,VIL034607,00-0037499,3000,Luiji Vilain,L.Vilain,OLB,https://static.www.nfl.com/image/private/{formatInstructions}/league/bpryqmz7y33c1o9gfq6w,43,1,1,0,0,12,3.7583244324493683
2023,PRE,2,2023081957,59471,08/19/2023,3000,MIN,2100,TEN,home,2,4.577731882513236,DAY392066,00-0033010,3000,Sheldon Day,S.Day,DT,https://static.www.nfl.com/image/private/{formatInstructions}/league/i2gh05uxbvacyknpibpb,52,3,0,1,1,11,3.6139327694672905
2023,PRE,2,2023081957,59471,08/19/2023,3000,MIN,2100,TEN,home,3,4.577731882513236,SMI754580,00-0035910,3000,T.J. Smith,T.Smith,DT,https://static.www.nfl.com/image/private/{formatInstructions}/league/xbdmpbdjn1emkbarphfo,50,2,2,0,0,11,4.00449032786883
2023,PRE,2,2023081957,59471,08/19/2023,3000,MIN,2100,TEN,home,4,4.577731882513236,OTO207645,00-0037274,3000,Esezi Otomewo,E.Otomewo,DE,https://static.www.nfl.com/image/private/{formatInstructions}/league/vurccz1uflfgjby95chn,90,0,4,0,0,8,4.076520106212039
2023,PRE,2,2023081957,59471,08/19/2023,3000,MIN,2100,TEN,visitor,1,4.577731882513236,OKU096406,00-0037602,2100,Sam Okuayinonu,S.Okuayinonu,DE,https://static.www.nfl.com/image/private/{formatInstructions}/league/g1hkqb4cumovcqwfpzzj,59,0,1,0,0,15,4.710612819596585
2023,PRE,2,2023081957,59471,08/19/2023,3000,MIN,2100,TEN,visitor,2,4.577731882513236,WEA680064,00-0036938,2100,Rashad Weaver,R.Weaver,OLB,https://static.www.nfl.com/image/private/{formatInstructions}/league/asdwuixxsxda3ghhfuvt,99,1,0,1,0,14,4.59813416682239
2023,PRE,2,2023081957,59471,08/19/2023,3000,MIN,2100,TEN,visitor,3,4.577731882513236,TAR666268,00-0036181,2100,Teair Tart,T.Tart,DT,https://static.www.nfl.com/image/private/{formatInstructions}/league/klk9vuxhrmlmqnw0ee5l,93,1,0,0,0,12,5.463644459833044
2023,PRE,2,2023081957,59471,08/19/2023,3000,MIN,2100,TEN,visitor,4,4.577731882513236,MUR186262,00-0038851,2100,Caleb Murphy,C.Murphy,DE,,42,3,1,2,0,12,4.700249141679717
2023,PRE,2,2023081958,59472,08/19/2023,3800,ARI,2310,KC,home,1,4.577731882513236,LUK662948,00-0037330,3800,Jesse Luketa,J.Luketa,OLB,https://static.www.nfl.com/image/private/{formatInstructions}/league/lyrm9sipu0fvrycageta,43,2,1,0,0,14,5.000200796664837
2023,PRE,2,2023081958,59472,08/19/2023,3800,ARI,2310,KC,home,2,4.577731882513236,LAW494873,00-0036373,3800,Rashard Lawrence,R.Lawrence,NT,https://static.www.nfl.com/image/private/{formatInstructions}/league/aqxkxovelybcyjqekr7d,90,0,0,0,0,12,5.035303387076116
2023,PRE,2,2023081958,59472,08/19/2023,3800,ARI,2310,KC,home,3,4.577731882513236,DIM738004,00-0036896,3800,Victor Dimukeje,V.Dimukeje,OLB,,52,0,0,0,0,12,5.594767025624054
2023,PRE,2,2023081958,59472,08/19/2023,3800,ARI,2310,KC,home,4,4.577731882513236,WAT180320,00-0033563,3800,Carlos Watkins,C.Watkins,DE,https://static.www.nfl.com/image/private/{formatInstructions}/league/z5xvctejgwrk2t3xd4vn,94,1,0,0,0,11,5.118522470446327
2023,PRE,2,2023081958,59472,08/19/2023,3800,ARI,2310,KC,visitor,1,4.577731882513236,ANU415291,00-0039006,2310,Felix Anudike-Uzomah,F.Anudike-Uzomah,DE,https://static.www.nfl.com/image/private/{formatInstructions}/league/xjdzhqhgtqixpxi91pts,97,0,1,0,0,17,4.086882340016545
2023,PRE,2,2023081958,59472,08/19/2023,3800,ARI,2310,KC,visitor,2,4.577731882513236,KAI420988,00-0036632,2310,Joshua Kaindoh,J.Kaindoh,DE,https://static.www.nfl.com/image/private/{formatInstructions}/league/somwh7aluteoea5ow0mv,59,0,1,0,0,16,3.861593306634845
2023,PRE,2,2023081958,59472,08/19/2023,3800,ARI,2310,KC,visitor,3,4.577731882513236,HER564752,00-0036682,2310,Malik Herring,M.Herring,DE,https://static.www.nfl.com/image/private/{formatInstructions}/league/ir79zipa6gfaqg81apgj,94,2,0,0,0,14,4.959402659334673
2023,PRE,2,2023081958,59472,08/19/2023,3800,ARI,2310,KC,visitor,4,4.577731882513236,OME565785,00-0035279,2310,Charles Omenihu,C.Omenihu,DE,https://static.www.nfl.com/image/private/{formatInstructions}/league/gifirpqrsnqfhtx6mq5g,90,0,0,0,0,12,4.662631659753939
2023,PRE,2,2023081959,59473,08/19/2023,4500,SF,1400,DEN,home,1,4.577731882513236,BRY411402,00-0035531,4500,Austin Bryant,A.Bryant,OLB,https://static.www.nfl.com/image/private/{formatInstructions}/league/m2erwywyrvobkjsfvjf3,56,0,0,0,0,15,4.67063464128373
2023,PRE,2,2023081959,59473,08/19/2023,4500,SF,1400,DEN,home,2,4.577731882513236,BAR589801,00-0033746,4500,Alex Barrett,A.Barrett,DE,https://static.www.nfl.com/image/private/{formatInstructions}/league/hhca8whuxsu186e6gvvz,58,1,0,0,0,14,4.381801150690379
2023,PRE,2,2023081959,59473,08/19/2023,4500,SF,1400,DEN,home,3,4.577731882513236,MCG421261,00-0032162,4500,T.Y. McGill,T.McGill,DT,https://static.www.nfl.com/image/private/{formatInstructions}/league/vx3z8ppcagdgsmw44oef,96,2,1,1,0,12,4.40455335912831
2023,PRE,2,2023081959,59473,08/19/2023,4500,SF,1400,DEN,home,4,4.577731882513236,DAV093525,00-0036291,4500,Marlon Davidson,M.Davidson,DT,https://static.www.nfl.com/image/private/{formatInstructions}/league/t2nhgfbm9oj6yctllvdq,62,2,0,1,0,12,4.53687948408465
2023,PRE,2,2023081959,59473,08/19/2023,4500,SF,1400,DEN,visitor,1,4.577731882513236,GAR070519,00-0037051,1400,Elijah Garcia,E.Garcia,DT,https://static.www.nfl.com/image/private/{formatInstructions}/league/i17gtgvmbknnjb41exop,95,0,2,0,0,21,4.215922532392382
2023,PRE,2,2023081959,59473,08/19/2023,4500,SF,1400,DEN,visitor,2,4.577731882513236,JAC277405,00-0037294,1400,Jordan Jackson,J.Jackson,DT,https://static.www.nfl.com/image/private/{formatInstructions}/league/fgrklq4y2is4yod2ivlc,90,0,1,0,0,17,4.351479066539468
2023,PRE,2,2023081959,59473,08/19/2023,4500,SF,1400,DEN,visitor,3,4.577731882513236,BON490179,00-0037249,1400,Nik Bonitto,N.Bonitto,OLB,https://static.www.nfl.com/image/private/{formatInstructions}/league/ucbusrnaui7cqx92r9yb,42,1,0,0,0,15,3.9420012064980523
2023,PRE,2,2023081959,59473,08/19/2023,4500,SF,1400,DEN,visitor,4,4.577731882513236,ALL656181,00-0035248,1400,Zach Allen,Z.Allen,DE,https://static.www.nfl.com/image/private/{formatInstructions}/league/txwl1gscqjgatzykealx,99,3,0,1,0,11,4.732268075563036
2023,PRE,2,2023081960,59474,08/19/2023,2510,LA,2520,LV,home,1,4.577731882513236,THO266349,00-0037057,2510,Keir Thomas,K.Thomas,OLB,https://static.www.nfl.com/image/private/{formatInstructions}/league/npb2suos96pi8e5xugj9,96,2,1,1,0,25,3.945354839476374
2023,PRE,2,2023081960,59474,08/19/2023,2510,LA,2520,LV,home,2,4.577731882513236,VAN795032,00-0037515,2510,Zach VanValkenburg,Z.VanValkenburg,DE,https://static.www.nfl.com/image/private/{formatInstructions}/league/ismo7ntclzq3byj4qctg,51,2,3,0,0,18,4.657515476008005
2023,PRE,2,2023081960,59474,08/19/2023,2510,LA,2520,LV,home,3,4.577731882513236,TUR561805,00-0039138,2510,Kobie Turner,K.Turner,DT,https://static.www.nfl.com/image/private/{formatInstructions}/league/ouhisfkb6jyedo6jj0m4,91,0,0,0,0,18,4.410299337414113
2023,PRE,2,2023081960,59474,08/19/2023,2510,LA,2520,LV,home,4,4.577731882513236,HAM767654,00-0039076,2510,Nick Hampton,N.Hampton,OLB,https://static.www.nfl.com/image/private/{formatInstructions}/league/s54ih7rdv1rhuwgjktno,31,0,0,0,0,17,4.424107883841151
2023,PRE,2,2023081960,59474,08/19/2023,2510,LA,2520,LV,visitor,1,4.577731882513236,KOO195832,00-0036989,2520,Malcolm Koonce,M.Koonce,DE,https://static.www.nfl.com/image/private/{formatInstructions}/league/nvgan7b6roodcugsa9iy,51,1,0,0,0,13,4.911476783329968
2023,PRE,2,2023081960,59474,08/19/2023,2510,LA,2520,LV,visitor,2,4.577731882513236,WIL603954,00-0033912,2520,Jordan Willis,J.Willis,DE,https://static.www.nfl.com/image/private/{formatInstructions}/league/imwccwkvlhglwhhis6nn,99,2,0,0,0,12,5.242502526700576
2023,PRE,2,2023081960,59474,08/19/2023,2510,LA,2520,LV,visitor,3,4.577731882513236,PLA350627,00-0038919,2520,Adam Plant,A.Plant,DE,https://static.www.nfl.com/image/private/{formatInstructions}/league/dlhetx81joa1i9qushuq,52,0,0,0,0,10,5.529964804889408
2023,PRE,2,2023081960,59474,08/19/2023,2510,LA,2520,LV,visitor,4,4.577731882513236,TAR379035,00-0038921,2520,George Tarlas,G.Tarlas,DE,https://static.www.nfl.com/image/private/{formatInstructions}/league/w1bkwak7ehvlb1hs9rsv,79,0,0,0,0,10,4.8873237480089
2023,PRE,2,2023081961,59475,08/19/2023,4600,SEA,1200,DAL,home,1,4.577731882513236,ADA519905,00-0035946,4600,Myles Adams,M.Adams,DE,https://static.www.nfl.com/image/private/{formatInstructions}/league/yfejqb1tjkht5kue8y7x,95,3,0,1,0,15,4.650109636698915
2023,PRE,2,2023081961,59475,08/19/2023,4600,SEA,1200,DAL,home,2,4.577731882513236,MAF415291,00-0038133,4600,Boye Mafe,B.Mafe,OLB,https://static.www.nfl.com/image/private/{formatInstructions}/league/fe1daindcovej6yt9p7u,53,1,1,0,0,12,4.200631629034607
2023,PRE,2,2023081961,59475,08/19/2023,4600,SEA,1200,DAL,home,3,4.577731882513236,HAL274589,00-0039047,4600,Derick Hall,D.Hall,OLB,,58,1,0,1,0,12,4.1250433623644165
2023,PRE,2,2023081961,59475,08/19/2023,4600,SEA,1200,DAL,home,4,4.577731882513236,SYK409665,00-0038771,4600,Jacob Sykes,J.Sykes,DT,,69,1,1,0,0,12,4.609324961268048
2023,PRE,2,2023081961,59475,08/19/2023,4600,SEA,1200,DAL,visitor,1,4.577731882513236,SMI511850,00-0038545,1200,Mazi Smith,M.Smith,DT,,58,0,0,0,0,11,6.030388790303752
2023,PRE,2,2023081961,59475,08/19/2023,4600,SEA,1200,DAL,visitor,2,4.577731882513236,WIL515041,00-0037665,1200,Sam Williams,S.Williams,DE,https://static.www.nfl.com/image/private/{formatInstructions}/league/jsgvul09vncjre9pftsu,54,2,0,1,0,9,4.491628493435888
2023,PRE,2,2023081961,59475,08/19/2023,4600,SEA,1200,DAL,visitor,3,4.577731882513236,GAL636611,00-0036366,1200,Neville Gallimore,N.Gallimore,DT,https://static.www.nfl.com/image/private/{formatInstructions}/league/mbcprh7yhwhtgkapbglo,96,1,0,0,0,7,6.322940864316026
2023,PRE,2,2023081961,59475,08/19/2023,4600,SEA,1200,DAL,visitor,4,4.577731882513236,BOH051911,00-0036649,1200,Quinton Bohanna,Q.Bohanna,DT,https://static.www.nfl.com/image/private/{formatInstructions}/league/dh9hr0tsf4iykwhsg4kr,98,0,0,0,0,7,5.934312291809641
2023,PRE,2,2023082051,59476,08/20/2023,4400,LAC,3300,NO,home,1,4.577731882513236,MAT347280,00-0038614,4400,Scott Matlock,S.Matlock,DT,,99,2,0,0,0,20,5.567838943510912
2023,PRE,2,2023082051,59476,08/20/2023,4400,LAC,3300,NO,home,2,4.577731882513236,HIN633853,00-0037375,4400,Christopher Hinton,C.Hinton,DT,,91,1,2,1,0,19,5.032966012115777
2023,PRE,2,2023082051,59476,08/20/2023,4400,LAC,3300,NO,home,3,4.577731882513236,CLA383865,00-0038861,4400,Jerrod Clark,J.Clark,DT,,72,1,2,0,0,18,4.558624602624102
2023,PRE,2,2023082051,59476,08/20/2023,4400,LAC,3300,NO,home,4,4.577731882513236,MOA193801,00-0035985,4400,David Moa,D.Moa,DT,https://static.www.nfl.com/image/private/{formatInstructions}/league/n95d4esakuqldwgt1i3v,50,1,2,0,0,16,5.283679257825307
2023,PRE,2,2023082051,59476,08/20/2023,4400,LAC,3300,NO,visitor,1,4.577731882513236,FOS081863,00-0039143,3300,Isaiah Foskey,I.Foskey,DE,,55,0,1,0,0,31,4.051473879568055
2023,PRE,2,2023082051,59476,08/20/2023,4400,LAC,3300,NO,visitor,2,4.577731882513236,PHI458702,00-0035507,3300,Kyle Phillips,K.Phillips,DE,https://static.www.nfl.com/image/private/{formatInstructions}/league/mdcbrgtriuuljs1snkba,91,0,0,0,0,27,4.424155508584014
2023,PRE,2,2023082051,59476,08/20/2023,4400,LAC,3300,NO,visitor,3,4.577731882513236,HEF347575,00-0036788,3300,Jack Heflin,J.Heflin,DT,https://static.www.nfl.com/image/private/{formatInstructions}/league/akagyewqfuhiv7ef0tcn,95,0,1,0,0,18,3.8685389545314055
2023,PRE,2,2023082051,59476,08/20/2023,4400,LAC,3300,NO,visitor,4,4.577731882513236,EMI415291,00-0037660,3300,Prince Emili,P.Emili,DT,https://static.www.nfl.com/image/private/{formatInstructions}/league/trxv8wragonu8q9m23ra,57,0,1,0,0,18,3.9919888331794766
2023,PRE,2,2023082151,59477,08/21/2023,5110,WAS,0325,BAL,home,1,4.577731882513236,RID334254,00-0037283,5110,John Ridgeway,J.Ridgeway,DT,https://static.www.nfl.com/image/private/{formatInstructions}/league/uashkoz2rfyz4erjqnx4,91,0,0,0,0,12,4.957497137932337
2023,PRE,2,2023082151,59477,08/21/2023,5110,WAS,0325,BAL,home,2,4.577731882513236,AND036084,00-0034587,5110,Abdullah Anderson,A.Anderson,DE,https://static.www.nfl.com/image/private/{formatInstructions}/league/orujrkmrq1jdafjnewww,92,2,0,0,0,11,4.876121113050733
2023,PRE,2,2023082151,59477,08/21/2023,5110,WAS,0325,BAL,home,3,4.577731882513236,JON826252,00-0038635,5110,Andre Jones,A.Jones,DE,,48,2,0,0,0,9,5.2564344353507195
2023,PRE,2,2023082151,59477,08/21/2023,5110,WAS,0325,BAL,home,4,4.577731882513236,OBA109286,00-0031500,5110,Efe Obada,E.Obada,DE,https://static.www.nfl.com/image/private/{formatInstructions}/league/dfocuhjoelefgxia1vrq,97,0,1,0,0,8,4.417081673011699
2023,PRE,2,2023082151,59477,08/21/2023,5110,WAS,0325,BAL,visitor,1,4.577731882513236,NIC386640,00-0037181,0325,Rayshad Nichols,R.Nichols,DT,https://static.www.nfl.com/image/private/{formatInstructions}/league/vx3ewnkgxwth471mbw4i,91,1,0,0,0,25,4.924239857267664
2023,PRE,2,2023082151,59477,08/21/2023,5110,WAS,0325,BAL,visitor,2,4.577731882513236,MOO060557,00-0037179,0325,Jeremiah Moon,J.Moon,OLB,https://static.www.nfl.com/image/private/{formatInstructions}/league/vhy7uxelcniludii7jjo,48,2,2,1,0,24,4.194988947742931
2023,PRE,2,2023082151,59477,08/21/2023,5110,WAS,0325,BAL,visitor,3,4.577731882513236,BOT734206,00-0038445,0325,Trey Botts,T.Botts,DT,,93,1,2,0,0,24,4.27236098244681
2023,PRE,2,2023082151,59477,08/21/2023,5110,WAS,0325,BAL,visitor,4,4.577731882513236,CAE598899,00-0038446,0325,Kai Caesar,K.Caesar,DT,,60,0,0,0,0,23,4.934514181250205
2023,PRE,3,2023082451,59478,08/24/2023,0200,ATL,3900,PIT,home,1,4.577731882513236,HAR363833,00-0034612,0200,Demone Harris,D.Harris,DE,https://static.www.nfl.com/image/private/{formatInstructions}/league/kfuqmct4q5zhxpktfkri,69,3,1,1,0,10,4.083879790297681
2023,PRE,3,2023082451,59478,08/24/2023,0200,ATL,3900,PIT,home,2,4.577731882513236,LON014708,00-0036204,0200,Lacale London,L.London,DT,https://static.www.nfl.com/image/private/{formatInstructions}/league/eactkhffxw3z40dy2o9y,72,3,0,0,0,10,5.4397986391269235
2023,PRE,3,2023082451,59478,08/24/2023,0200,ATL,3900,PIT,home,3,4.577731882513236,DAV218046,00-0036352,0200,Carlos Davis,C.Davis,DT,https://static.www.nfl.com/image/private/{formatInstructions}/league/joyiwnhaj36xygplruym,74,0,1,0,0,8,5.019477855251229
2023,PRE,3,2023082451,59478,08/24/2023,0200,ATL,3900,PIT,home,4,4.577731882513236,SCO231185,00-0035971,0200,Delontae Scott,D.Scott,DE,https://static.www.nfl.com/image/private/{formatInstructions}/league/avqwy4ruedlxmygcgkyf,73,1,2,0,0,8,3.6308297877875786
2023,PRE,3,2023082451,59478,08/24/2023,0200,ATL,3900,PIT,visitor,1,4.577731882513236,HER042107,00-0038577,3900,Nick Herbig,Ni.Herbig,OLB,https://static.www.nfl.com/image/private/{formatInstructions}/league/ibki8oibuhdfj7ghrrp3,51,3,0,1,0,14,4.181997674440455
2023,PRE,3,2023082451,59478,08/24/2023,0200,ATL,3900,PIT,visitor,2,4.577731882513236,WAT453754,00-0034992,3900,Armon Watts,A.Watts,NT,https://static.www.nfl.com/image/private/{formatInstructions}/league/g1csewhvcsq9fzvpfvwz,94,1,0,0,0,13,5.196190928295291
2023,PRE,3,2023082451,59478,08/24/2023,0200,ATL,3900,PIT,visitor,3,4.577731882513236,LOU563605,00-0036843,3900,Isaiahh Loudermilk,I.Loudermilk,DE,https://static.www.nfl.com/image/private/{formatInstructions}/league/o4tx7br62sjxwsfbmo6z,92,1,1,0,0,13,4.37745744148874
2023,PRE,3,2023082451,59478,08/24/2023,0200,ATL,3900,PIT,visitor,4,4.577731882513236,ROC122287,00-0036845,3900,Quincy Roche,Q.Roche,OLB,https://static.www.nfl.com/image/private/{formatInstructions}/league/u4t89yjzxq2kk8fnm0pa,48,2,0,1,1,13,3.5540818354177026
2023,PRE,3,2023082452,59479,08/24/2023,3700,PHI,2200,IND,home,1,4.577731882513236,WIL751005,00-0036689,3700,Marvin Wilson,M.Wilson,DT,https://static.www.nfl.com/image/private/{formatInstructions}/league/mhncj9h5uhnukc7szrqf,73,2,2,0,0,20,4.087332794820226
2023,PRE,3,2023082452,59479,08/24/2023,3700,PHI,2200,IND,home,2,4.577731882513236,SAN209843,00-0039192,3700,Caleb Sanders,C.Sanders,DT,,67,1,2,0,0,20,4.887026198051904
2023,PRE,3,2023082452,59479,08/24/2023,3700,PHI,2200,IND,home,3,4.577731882513236,SAG034607,00-0035720,3700,Olive Sagapolu,O.Sagapolu,DT,https://static.www.nfl.com/image/private/{formatInstructions}/league/ddxb6fxbq570ufp0wq8u,66,1,0,0,0,19,3.9303393187183966
2023,PRE,3,2023082452,59479,08/24/2023,3700,PHI,2200,IND,home,4,4.577731882513236,ROB527009,00-0036878,3700,Janarius Robinson,J.Robinson,DE,https://static.www.nfl.com/image/private/{formatInstructions}/league/airulfyxvgw5a2ykppht,59,0,2,0,0,19,3.8163280008574114
2023,PRE,3,2023082452,59479,08/24/2023,3700,PHI,2200,IND,visitor,1,4.577731882513236,AGI415291,00-0036420,2200,McTelvin Agim,M.Agim,DE,https://static.www.nfl.com/image/private/{formatInstructions}/league/wqzyiuh6l8fv2hxnyy30,98,1,2,0,0,22,4.162339388882746
2023,PRE,3,2023082452,59479,08/24/2023,3700,PHI,2200,IND,visitor,2,4.577731882513236,KAR259489,00-0036341,2200,Khalid Kareem,K.Kareem,DE,https://static.www.nfl.com/image/private/{formatInstructions}/league/ividdypxgovbqeizhvj6,55,2,0,1,0,22,4.171267632153638
2023,PRE,3,2023082452,59479,08/24/2023,3700,PHI,2200,IND,visitor,3,4.577731882513236,ODE707589,00-0036480,2200,Dayo Odeyingbo,D.Odeyingbo,DE,https://static.www.nfl.com/image/private/{formatInstructions}/league/bzjmmqwsdbhy6te5mjem,54,1,1,1,0,18,3.6906976248757326
2023,PRE,3,2023082452,59479,08/24/2023,3700,PHI,2200,IND,visitor,4,4.577731882513236,ADE021468,00-0039031,2200,Adetomiwa Adebawore,A.Adebawore,DT,,95,0,0,0,0,17,4.449404674289838
2023,PRE,3,2023082551,59480,08/25/2023,0750,CAR,1540,DET,home,1,4.577731882513236,JON527179,00-0036831,0750,Kobe Jones,K.Jones,OLB,https://static.www.nfl.com/image/private/{formatInstructions}/league/xdxjc4vnupkltascbzk6,91,0,2,0,0,18,4.197205603698571
2023,PRE,3,2023082551,59480,08/25/2023,0750,CAR,1540,DET,home,2,4.577731882513236,LEO772615,00-0038782,0750,Eku Leota,E.Leota,OLB,https://static.www.nfl.com/image/private/{formatInstructions}/league/cp5jr9iu2pdxdf06ceg8,46,2,0,0,0,18,4.01431412072855
2023,PRE,3,2023082551,59480,08/25/2023,0750,CAR,1540,DET,home,3,4.577731882513236,WIL471387,00-0036007,0750,Raequan Williams,R.Williams,DT,https://static.www.nfl.com/image/private/{formatInstructions}/league/bbh32r9kv3ikrjxi8irz,92,0,2,0,0,15,4.225888404455229
2023,PRE,3,2023082551,59480,08/25/2023,0750,CAR,1540,DET,home,4,4.577731882513236,THU557677,00-0034723,0750,Nick Thurman,N.Thurman,DE,https://static.www.nfl.com/image/private/{formatInstructions}/league/gylykyqizhmcxosx0tmy,76,0,1,0,0,11,4.185507674045088
2023,PRE,3,2023082551,59480,08/25/2023,0750,CAR,1540,DET,visitor,1,4.577731882513236,HOU460710,00-0037310,1540,James Houston,J.Houston,OLB,https://static.www.nfl.com/image/private/{formatInstructions}/league/o4dbyhaw2t3potudmnvv,41,1,2,1,0,32,4.37303648030075
2023,PRE,3,2023082551,59480,08/25/2023,0750,CAR,1540,DET,visitor,2,4.577731882513236,COV546722,00-0031619,1540,Christian Covington,C.Covington,NT,https://static.www.nfl.com/image/private/{formatInstructions}/league/mrw0r5efcpjq3nrojno2,52,1,1,0,0,28,4.372961871483602
2023,PRE,3,2023082551,59480,08/25/2023,0750,CAR,1540,DET,visitor,3,4.577731882513236,OKW059326,00-0032655,1540,Romeo Okwara,R.Okwara,OLB,https://static.www.nfl.com/image/private/{formatInstructions}/league/nhjoafscsbmruroqbshb,95,0,1,0,0,21,4.476931814134022
2023,PRE,3,2023082551,59480,08/25/2023,0750,CAR,1540,DET,visitor,4,4.577731882513236,ONW663851,00-0036954,1540,Levi Onwuzurike,L.Onwuzurike,DE,https://static.www.nfl.com/image/private/{formatInstructions}/league/weahflgxu5lkdpetbin6,91,1,1,0,0,18,3.579810926679974
2023,PRE,3,2023082552,59481,08/25/2023,2100,TEN,3200,NE,home,1,4.577731882513236,OKU096406,00-0037602,2100,Sam Okuayinonu,S.Okuayinonu,DE,https://static.www.nfl.com/image/private/{formatInstructions}/league/g1hkqb4cumovcqwfpzzj,59,1,3,0,0,12,5.047110627132757
2023,PRE,3,2023082552,59481,08/25/2023,2100,TEN,3200,NE,home,2,4.577731882513236,MUR186262,00-0038851,2100,Caleb Murphy,C.Murphy,DE,,42,1,0,1,1,12,3.7860590322759857
2023,PRE,3,2023082552,59481,08/25/2023,2100,TEN,3200,NE,home,3,4.577731882513236,PEK467819,00-0032463,2100,Kyle Peko,K.Peko,DT,https://static.www.nfl.com/image/private/{formatInstructions}/league/itweaxrd3xlmwzzip8xj,95,1,0,1,1,11,4.2128700410470605
2023,PRE,3,2023082552,59481,08/25/2023,2100,TEN,3200,NE,home,4,4.577731882513236,PEE689214,00-0037603,2100,Jayden Peevy,J.Peevy,DT,https://static.www.nfl.com/image/private/{formatInstructions}/league/bqe2ao3yx5jhujqllptr,92,3,1,0,0,11,4.262140033647643
2023,PRE,3,2023082552,59481,08/25/2023,2100,TEN,3200,NE,visitor,1,4.577731882513236,PER238147,00-0036978,3200,Ronnie Perkins,R.Perkins,DE,https://static.www.nfl.com/image/private/{formatInstructions}/league/u1xcshqpcbe7itlp8ydg,51,6,3,0,0,12,3.1661486603481883
2023,PRE,3,2023082552,59481,08/25/2023,2100,TEN,3200,NE,visitor,2,4.577731882513236,PHA415666,00-0037711,3200,Jeremiah Pharms,J.Pharms,DE,,70,1,2,0,0,12,3.835743840528769
2023,PRE,3,2023082552,59481,08/25/2023,2100,TEN,3200,NE,visitor,3,4.577731882513236,TAV064951,00-0039012,3200,Justus Tavai,Ju.Tavai,DT,https://static.www.nfl.com/image/private/{formatInstructions}/league/lhi7ofxvq0zqptk4fyvx,94,1,2,0,0,10,4.3933744256381635
2023,PRE,3,2023082552,59481,08/25/2023,2100,TEN,3200,NE,visitor,4,4.577731882513236,ROB240088,00-0037298,3200,Sam Roberts,S.Roberts,DT,https://static.www.nfl.com/image/private/{formatInstructions}/league/yqwaomrkdmfwowbykpfz,96,4,3,1,0,9,2.7742470337109366
2023,PRE,3,2023082553,59482,08/25/2023,4500,SF,4400,LAC,home,1,4.577731882513236,JAC142755,00-0037826,4500,Drake Jackson,D.Jackson,DE,https://static.www.nfl.com/image/private/{formatInstructions}/league/qpszpd2h4ulbm2ghav6o,95,0,1,0,0,9,3.872243321709457
2023,PRE,3,2023082553,59482,08/25/2023,4500,SF,4400,LAC,home,2,4.577731882513236,BAR589801,00-0033746,4500,Alex Barrett,A.Barrett,DE,https://static.www.nfl.com/image/private/{formatInstructions}/league/hhca8whuxsu186e6gvvz,58,1,3,0,0,8,4.340565494222005
2023,PRE,3,2023082553,59482,08/25/2023,4500,SF,4400,LAC,home,3,4.577731882513236,BRY411402,00-0035531,4500,Austin Bryant,A.Bryant,OLB,https://static.www.nfl.com/image/private/{formatInstructions}/league/m2erwywyrvobkjsfvjf3,56,0,2,0,0,7,6.069940036896588
2023,PRE,3,2023082553,59482,08/25/2023,4500,SF,4400,LAC,home,4,4.577731882513236,KIN708236,00-0036260,4500,Javon Kinlaw,J.Kinlaw,DT,https://static.www.nfl.com/image/private/{formatInstructions}/league/lwpjojsgfbi7ipmfbigq,99,0,0,0,0,7,3.8791123206473075
2023,PRE,3,2023082553,59482,08/25/2023,4500,SF,4400,LAC,visitor,1,4.577731882513236,KEM109590,00-0036789,4400,Carlo Kemp,C.Kemp,DE,https://static.www.nfl.com/image/private/{formatInstructions}/league/teqackw91apgoohodgo0,54,2,0,0,1,13,6.241191454775716
2023,PRE,3,2023082553,59482,08/25/2023,4500,SF,4400,LAC,visitor,2,4.577731882513236,CLA383865,00-0038861,4400,Jerrod Clark,J.Clark,DT,,72,0,1,0,0,13,3.5787235579635017
2023,PRE,3,2023082553,59482,08/25/2023,4500,SF,4400,LAC,visitor,3,4.577731882513236,HIN633853,00-0037375,4400,Christopher Hinton,C.Hinton,DT,,91,2,0,0,0,12,4.395743895069124
2023,PRE,3,2023082553,59482,08/25/2023,4500,SF,4400,LAC,visitor,4,4.577731882513236,SHE242976,00-0037474,4400,Ty Shelby,T.Shelby,DE,https://static.www.nfl.com/image/private/{formatInstructions}/league/zs1r2jsb5wwxash9aptj,59,1,0,0,0,12,3.8343429205605104
2023,PRE,3,2023082651,59483,08/26/2023,5110,WAS,0920,CIN,home,1,4.577731882513236,AND036084,00-0034587,5110,Abdullah Anderson,A.Anderson,DE,https://static.www.nfl.com/image/private/{formatInstructions}/league/lmz7sewlenweyfvntro6,92,1,2,0,0,20,4.228454011340735
2023,PRE,3,2023082651,59483,08/26/2023,5110,WAS,0920,CIN,home,2,4.577731882513236,HEN624398,00-0038581,5110,K.J. Henry,K.Henry,DE,https://static.www.nfl.com/image/private/{formatInstructions}/league/i57qk0k8xgsrmm9clmwa,55,0,1,0,0,20,4.250876331307972
2023,PRE,3,2023082651,59483,08/26/2023,5110,WAS,0920,CIN,home,3,4.577731882513236,JON826252,00-0038635,5110,Andre Jones,A.Jones,DE,,48,0,0,0,0,20,5.4026442398303
2023,PRE,3,2023082651,59483,08/26/2023,5110,WAS,0920,CIN,home,4,4.577731882513236,POT207457,00-0036050,5110,Benning Potoa'e,B.Potoa'e,DE,https://static.www.nfl.com/image/private/{formatInstructions}/league/dwe4xk0m7dyrifff5rtq,79,1,0,0,0,18,5.128616201867131
2023,PRE,3,2023082651,59483,08/26/2023,5110,WAS,0920,CIN,visitor,1,4.577731882513236,PES098312,00-0038888,0920,Tautala Pesefea,T.Pesefea,DT,,53,1,2,0,0,23,4.601795048241174
2023,PRE,3,2023082651,59483,08/26/2023,5110,WAS,0920,CIN,visitor,2,4.577731882513236,GUN666191,00-0037760,0920,Jeff Gunter,J.Gunter,DE,https://static.www.nfl.com/image/private/{formatInstructions}/league/avgrdamq739wwfvsvf5r,93,1,1,1,0,18,4.147387608778699
2023,PRE,3,2023082651,59483,08/26/2023,5110,WAS,0920,CIN,visitor,3,4.577731882513236,DAV264341,00-0036148,0920,Domenique Davis,D.Davis,DT,,72,5,3,1,0,16,4.67005561755097
2023,PRE,3,2023082651,59483,08/26/2023,5110,WAS,0920,CIN,visitor,4,4.577731882513236,JOH789803,00-0036611,0920,Raymond Johnson,R.Johnson,DE,https://static.www.nfl.com/image/private/{formatInstructions}/league/qcmwspi2zhcrxct1txdh,56,2,1,0,0,16,3.9772022328714014
2023,PRE,3,2023082652,59484,08/26/2023,1800,GB,4600,SEA,home,1,4.577731882513236,BAN561270,00-0038462,1800,Keshawn Banks,K.Banks,DE,,51,1,0,0,0,15,4.355035249367109
2023,PRE,3,2023082652,59484,08/26/2023,1800,GB,4600,SEA,home,2,4.577731882513236,FOR256596,00-0037094,1800,Jonathan Ford,J.Ford,DT,https://static.www.nfl.com/image/private/{formatInstructions}/league/eea7ss4ffercsxzeqhb8,99,0,0,0,0,13,5.025373339658044
2023,PRE,3,2023082652,59484,08/26/2023,1800,GB,4600,SEA,home,3,4.577731882513236,COX147946,00-0038463,1800,Brenton Cox,B.Cox,OLB,,57,1,1,0,0,12,3.947317099530339
2023,PRE,3,2023082652,59484,08/26/2023,1800,GB,4600,SEA,home,4,4.577731882513236,SLA483638,00-0035004,1800,Chris Slayton,C.Slayton,DT,https://static.www.nfl.com/image/private/{formatInstructions}/league/jdcrul08shjiuyofsv3u,98,0,0,0,0,10,4.5861941648715
2023,PRE,3,2023082652,59484,08/26/2023,1800,GB,4600,SEA,visitor,1,4.577731882513236,FER196947,00-0039037,4600,Jordan Ferguson,J.Ferguson,DE,,42,3,2,0,0,22,5.440602664357055
2023,PRE,3,2023082652,59484,08/26/2023,1800,GB,4600,SEA,visitor,2,4.577731882513236,SMI766470,00-0037080,4600,Tyreke Smith,T.Smith,OLB,https://static.www.nfl.com/image/private/{formatInstructions}/league/rzmtc4rqinua7wxnefbc,92,2,4,0,0,18,5.145307405983696
2023,PRE,3,2023082652,59484,08/26/2023,1800,GB,4600,SEA,visitor,3,4.577731882513236,BEL475318,00-0038444,4600,Levi Bell,L.Bell,DE,,98,2,2,0,0,18,6.445334272938022
2023,PRE,3,2023082652,59484,08/26/2023,1800,GB,4600,SEA,visitor,4,4.577731882513236,SYK409665,00-0038771,4600,Jacob Sykes,J.Sykes,DT,https://static.www.nfl.com/image/private/{formatInstructions}/league/duss4kmyrxfbhns0uydb,69,3,1,0,0,16,5.186628501091557
2023,PRE,3,2023082653,59485,08/26/2023,3000,MIN,3800,ARI,home,1,4.577731882513236,ROY283610,00-0038584,3000,Jaquelin Roy,J.Roy,NT,,78,1,1,0,0,23,4.485842069107978
2023,PRE,3,2023082653,59485,08/26/2023,3000,MIN,3800,ARI,home,2,4.577731882513236,WHI664905,00-0037638,3000,Benton Whitley,B.Whitley,DE,https://static.www.nfl.com/image/private/{formatInstructions}/league/dfd8dti7sil2jqtcveb9,51,4,0,0,0,21,3.7759034466403145
2023,PRE,3,2023082653,59485,08/26/2023,3000,MIN,3800,ARI,home,3,4.577731882513236,VIL034607,00-0037499,3000,Luiji Vilain,L.Vilain,OLB,https://static.www.nfl.com/image/private/{formatInstructions}/league/bpryqmz7y33c1o9gfq6w,43,1,1,0,0,19,4.978029242543554
2023,PRE,3,2023082653,59485,08/26/2023,3000,MIN,3800,ARI,home,4,4.577731882513236,SMI754580,00-0035910,3000,T.J. Smith,T.Smith,DT,https://static.www.nfl.com/image/private/{formatInstructions}/league/xbdmpbdjn1emkbarphfo,50,3,1,0,0,18,3.9870822743903918
2023,PRE,3,2023082653,59485,08/26/2023,3000,MIN,3800,ARI,visitor,1,4.577731882513236,ANE712660,00-0037592,3800,David Anenih,D.Anenih,OLB,https://static.www.nfl.com/image/private/{formatInstructions}/league/hdivpncrququjnukvyoq,57,0,1,0,0,17,3.6857217567297265
2023,PRE,3,2023082653,59485,08/26/2023,3000,MIN,3800,ARI,visitor,2,4.577731882513236,STR637423,00-0035334,3800,Kevin Strong,K.Strong,DE,https://static.www.nfl.com/image/private/{formatInstructions}/league/ivw680fbock1uzjhnpv7,92,1,3,0,0,13,3.8538763711838437
2023,PRE,3,2023082653,59485,08/26/2023,3000,MIN,3800,ARI,visitor,3,4.577731882513236,MCC418364,00-0037496,3800,Zach McCloud,Z.McCloud,OLB,https://static.www.nfl.com/image/private/{formatInstructions}/league/jvqbscoiccs8yknyoiwr,53,3,3,3,0,13,4.402608175189501
2023,PRE,3,2023082653,59485,08/26/2023,3000,MIN,3800,ARI,visitor,4,4.577731882513236,BAN376964,00-0035928,3800,Eric Banks,E.Banks,DT,https://static.www.nfl.com/image/private/{formatInstructions}/league/tqxvkgcnkzkzpjxxlcig,96,1,2,1,0,12,4.541320806629799
2023,PRE,3,2023082654,59486,08/26/2023,2310,KC,1050,CLE,home,1,4.577731882513236,KAI420988,00-0036632,2310,Joshua Kaindoh,J.Kaindoh,DE,https://static.www.nfl.com/image/private/{formatInstructions}/league/dvvqjfgnzsecdhnzihcz,59,1,1,1,0,23,4.246764024420503
2023,PRE,3,2023082654,59486,08/26/2023,2310,KC,1050,CLE,home,2,4.577731882513236,OME565785,00-0035279,2310,Charles Omenihu,C.Omenihu,DE,https://static.www.nfl.com/image/private/{formatInstructions}/league/n7hyavaepvuienrmh9bi,90,1,1,1,0,19,3.7354330093275045
2023,PRE,3,2023082654,59486,08/26/2023,2310,KC,1050,CLE,home,3,4.577731882513236,WIS074405,00-0035423,2310,Daniel Wise,D.Wise,DE,https://static.www.nfl.com/image/private/{formatInstructions}/league/detu2rnql7lpxcme3dzb,96,3,0,0,0,18,4.289823458404665
2023,PRE,3,2023082654,59486,08/26/2023,2310,KC,1050,CLE,home,4,4.577731882513236,WIL186900,00-0035857,2310,Chris Williams,C.Williams,DT,https://static.www.nfl.com/image/private/{formatInstructions}/league/yxhnefmu476mhmsqwsxo,70,0,0,0,0,16,4.336485690367298
2023,PRE,3,2023082654,59486,08/26/2023,2310,KC,1050,CLE,visitor,1,4.577731882513236,KAM329673,00-0036705,1050,Sam Kamara,S.Kamara,OLB,https://static.www.nfl.com/image/private/{formatInstructions}/league/aakuha494hvtrja3dwjn,92,2,1,1,0,19,3.772708086075855
2023,PRE,3,2023082654,59486,08/26/2023,2310,KC,1050,CLE,visitor,2,4.577731882513236,MCG794607,00-0038574,1050,Isaiah McGuire,I.McGuire,DE,,57,1,0,0,0,17,3.329746130626307
2023,PRE,3,2023082654,59486,08/26/2023,2310,KC,1050,CLE,visitor,3,4.577731882513236,TOG319136,00-0036883,1050,Tommy Togiai,T.Togiai,DT,https://static.www.nfl.com/image/private/{formatInstructions}/league/mfhvw8hns4sunwsicol1,93,0,1,0,0,16,4.842047557464622
2023,PRE,3,2023082654,59486,08/26/2023,2310,KC,1050,CLE,visitor,4,4.577731882513236,IKA415291,00-0038561,1050,Siaki Ika,S.Ika,DT,,62,1,1,1,0,16,3.7408088318048693
2023,PRE,3,2023082655,59487,08/26/2023,0810,CHI,0610,BUF,home,1,4.577731882513236,DEX634187,00-0039070,0810,Gervon Dexter,G.Dexter,DT,,98,1,0,0,0,22,3.6766800231214787
2023,PRE,3,2023082655,59487,08/26/2023,0810,CHI,0610,BUF,home,2,4.577731882513236,LEW729970,00-0036419,0810,Terrell Lewis,Te.Lewis,OLB,https://static.www.nfl.com/image/private/{formatInstructions}/league/so2vxzo4a3qqrtgpezki,52,0,0,0,0,21,4.745392304045332
2023,PRE,3,2023082655,59487,08/26/2023,0810,CHI,0610,BUF,home,3,4.577731882513236,GIP564972,00-0036305,0810,Trevis Gipson,T.Gipson,OLB,https://static.www.nfl.com/image/private/{formatInstructions}/league/nqabc8l1ouclhfxaj2fe,99,1,0,1,1,20,4.3041894469390165
2023,PRE,3,2023082655,59487,08/26/2023,0810,CHI,0610,BUF,home,4,4.577731882513236,PIC705993,00-0038937,0810,Zacch Pickens,Z.Pickens,DT,,96,2,1,0,0,19,4.3871029959460754
2023,PRE,3,2023082655,59487,08/26/2023,0810,CHI,0610,BUF,visitor,1,4.577731882513236,JON024084,00-0037431,0610,Kingsley Jonathan,K.Jonathan,DE,https://static.www.nfl.com/image/private/{formatInstructions}/league/bjmtthbz2biyz7whzv9y,59,2,0,0,0,14,4.270274820818011
2023,PRE,3,2023082655,59487,08/26/2023,0810,CHI,0610,BUF,visitor,2,4.577731882513236,CLI440207,00-0035850,0610,Kameron Cline,K.Cline,DE,https://static.www.nfl.com/image/private/{formatInstructions}/league/e3wkkfhtmniltxgczoca,96,0,1,0,0,13,4.627759081039063
2023,PRE,3,2023082655,59487,08/26/2023,0810,CHI,0610,BUF,visitor,3,4.577731882513236,BRO208500,00-0035315,0610,Cortez Broughton,C.Broughton,DT,https://static.www.nfl.com/image/private/{formatInstructions}/league/oalkoxrl5raxkppkeens,94,1,1,0,0,9,4.437805100834703
2023,PRE,3,2023082655,59487,08/26/2023,0810,CHI,0610,BUF,visitor,4,4.577731882513236,SET509598,00-0034397,0610,Tim Settle,T.Settle,DT,https://static.www.nfl.com/image/private/{formatInstructions}/league/zerowwkyyepb4hllqsq9,99,0,0,0,0,8,4.348569564179076
2023,PRE,3,2023082656,59488,08/26/2023,3410,NYG,3430,NYJ,home,1,4.577731882513236,XIM308281,00-0035708,3410,Oshane Ximines,O.Ximines,OLB,https://static.www.nfl.com/image/private/{formatInstructions}/league/prrxhzpeo2lyxq2cddak,53,0,0,0,0,20,5.308080128315643
2023,PRE,3,2023082656,59488,08/26/2023,3410,NYG,3430,NYJ,home,2,4.577731882513236,FOX718674,00-0037447,3410,Tomon Fox,T.Fox,OLB,https://static.www.nfl.com/image/private/{formatInstructions}/league/u8ynfxadlmh0ygk7fyvj,49,2,0,0,0,16,4.332450729007313
2023,PRE,3,2023082656,59488,08/26/2023,3410,NYG,3430,NYJ,home,3,4.577731882513236,SMI462933,00-0036180,3410,Kobe Smith,K.Smith,DT,https://static.www.nfl.com/image/private/{formatInstructions}/league/juqzah6scwug5cawh41m,72,1,1,0,0,14,4.899350160394434
2023,PRE,3,2023082656,59488,08/26/2023,3410,NYG,3430,NYJ,home,4,4.577731882513236,RIL285297,00-0038506,3410,Jordon Riley,J.Riley,DT,https://static.www.nfl.com/image/private/{formatInstructions}/league/rp3khzp5pvryos9ym8gd,95,0,1,0,0,13,4.674982484030199
2023,PRE,3,2023082656,59488,08/26/2023,3410,NYG,3430,NYJ,visitor,1,4.577731882513236,HEC611682,00-0034461,3430,Bruce Hector,B.Hector,DT,https://static.www.nfl.com/image/private/{formatInstructions}/league/utleemgkjhg6fxg9o78m,69,2,2,2,0,17,4.778478979000006
2023,PRE,3,2023082656,59488,08/26/2023,3410,NYG,3430,NYJ,visitor,2,4.577731882513236,SPE570569,00-0036668,3430,Marquiss Spencer,M.Spencer,DE,https://static.www.nfl.com/image/private/{formatInstructions}/league/qfjfrl5ocvouhlbwcz6o,51,1,1,0,0,17,5.063375935426906
2023,PRE,3,2023082656,59488,08/26/2023,3410,NYG,3430,NYJ,visitor,3,4.577731882513236,TAU217769,00-0033298,3430,Pita Taumoepenu,P.Taumoepenu,OLB,https://static.www.nfl.com/image/private/{formatInstructions}/league/w7uipjwa6hppmdddnech,50,1,1,1,0,16,4.286217863964183
2023,PRE,3,2023082656,59488,08/26/2023,3410,NYG,3430,NYJ,visitor,4,4.577731882513236,SMA791275,00-0033963,3430,Tanzel Smart,T.Smart,DT,https://static.www.nfl.com/image/private/{formatInstructions}/league/e5zudbrpqe60xnsmoogt,79,0,3,0,0,14,4.804522093670856
2023,PRE,3,2023082657,59489,08/26/2023,4900,TB,0325,BAL,home,1,4.577731882513236,DIA051911,00-0039068,4900,YaYa Diaby,Y.Diaby,OLB,,0,0,0,0,0,13,3.590481040538533
2023,PRE,3,2023082657,59489,08/26/2023,4900,TB,0325,BAL,home,2,4.577731882513236,GAI306107,00-0035667,4900,Greg Gaines,G.Gaines,NT,https://static.www.nfl.com/image/private/{formatInstructions}/league/g57nifhwdplvj6tbqbq6,96,1,1,0,0,12,4.390476947053509
2023,PRE,3,2023082657,59489,08/26/2023,4900,TB,0325,BAL,home,3,4.577731882513236,PRE787321,00-0035969,4900,Willington Previlon,W.Previlon,DT,https://static.www.nfl.com/image/private/{formatInstructions}/league/amutxxovxlwfn5jhah3q,93,0,1,0,0,11,4.026139432293283
2023,PRE,3,2023082657,59489,08/26/2023,4900,TB,0325,BAL,home,4,4.577731882513236,OCO519549,00-0033595,4900,Pat O'Connor,P.O'Connor,DE,https://static.www.nfl.com/image/private/{formatInstructions}/league/jlvbx9x17tcnhitj2hdm,79,1,1,0,0,9,4.119963873136427
2023,PRE,3,2023082657,59489,08/26/2023,4900,TB,0325,BAL,visitor,1,4.577731882513236,MOO060557,00-0037179,0325,Jeremiah Moon,J.Moon,OLB,https://static.www.nfl.com/image/private/{formatInstructions}/league/vhy7uxelcniludii7jjo,48,0,3,0,0,19,5.946282241919013
2023,PRE,3,2023082657,59489,08/26/2023,4900,TB,0325,BAL,visitor,2,4.577731882513236,BOT734206,00-0038445,0325,Trey Botts,T.Botts,DT,,93,2,1,1,0,15,5.114970407005995
2023,PRE,3,2023082657,59489,08/26/2023,4900,TB,0325,BAL,visitor,3,4.577731882513236,OJA415291,00-0038142,0325,David Ojabo,D.Ojabo,OLB,https://static.www.nfl.com/image/private/{formatInstructions}/league/sldmrjskelz8ehlnyndd,90,0,1,0,0,14,4.5708169768125675
2023,PRE,3,2023082657,59489,08/26/2023,4900,TB,0325,BAL,visitor,4,4.577731882513236,CAE598899,00-0038446,0325,Kai Caesar,K.Caesar,DT,,60,0,1,0,0,14,5.483316232989698
2023,PRE,3,2023082658,59490,08/26/2023,2250,JAX,2700,MIA,home,1,4.577731882513236,SMI443087,00-0036868,2250,Jordan Smith,J.Smith,OLB,https://static.www.nfl.com/image/private/{formatInstructions}/league/bycpto5ud1uyyegvz29e,92,1,0,0,0,14,5.748401320451691
2023,PRE,3,2023082658,59490,08/26/2023,2250,JAX,2700,MIA,home,2,4.577731882513236,LED229262,00-0033582,2250,Jeremiah Ledbetter,J.Ledbetter,DE,https://static.www.nfl.com/image/private/{formatInstructions}/league/tai2d8inkwck9zwquudz,99,2,1,0,0,13,5.893937943542403
2023,PRE,3,2023082658,59490,08/26/2023,2250,JAX,2700,MIA,home,3,4.577731882513236,DIX123909,00-0037061,2250,De'Shaan Dixon,D.Dixon,OLB,https://static.www.nfl.com/image/private/{formatInstructions}/league/qsphzk2qwdptbvpbcb0o,47,0,0,0,0,13,4.065841386697117
2023,PRE,3,2023082658,59490,08/26/2023,2250,JAX,2700,MIA,home,4,4.577731882513236,GOT428790,00-0033064,2250,Adam Gotsis,A.Gotsis,DE,https://static.www.nfl.com/image/private/{formatInstructions}/league/zlpgdrd2lcmf4vtrfczs,96,1,1,0,0,10,5.639310630072042
2023,PRE,3,2023082658,59490,08/26/2023,2250,JAX,2700,MIA,visitor,1,4.577731882513236,TWY430123,00-0036651,2700,Jaylen Twyman,J.Twyman,DT,https://static.www.nfl.com/image/private/{formatInstructions}/league/abgcz7bfhgsb2agu38yi,97,1,1,0,0,13,4.5764928084416505
2023,PRE,3,2023082658,59490,08/26/2023,2250,JAX,2700,MIA,visitor,2,4.577731882513236,BRO106916,00-0036537,2700,Josiah Bronson,J.Bronson,DT,https://static.www.nfl.com/image/private/{formatInstructions}/league/mtzkglfhf5bfo6tqjs0z,95,2,0,0,0,13,4.701092724889832
2023,PRE,3,2023082658,59490,08/26/2023,2250,JAX,2700,MIA,visitor,3,4.577731882513236,PIL215335,00-0038694,2700,Brandon Pili,B.Pili,DT,,96,0,0,0,0,13,4.649084953754942
2023,PRE,3,2023082658,59490,08/26/2023,2250,JAX,2700,MIA,visitor,4,4.577731882513236,OGB059326,00-0033073,2700,Emmanuel Ogbah,E.Ogbah,DE,https://static.www.nfl.com/image/private/{formatInstructions}/league/ch8e3xqiavbj85qnmypm,91,0,0,0,0,11,4.58859796407294
2023,PRE,3,2023082659,59491,08/26/2023,1200,DAL,2520,LV,home,1,4.577731882513236,FEH618217,00-0038575,1200,Viliami Fehoko,V.Fehoko,DE,,93,1,2,0,0,22,3.930440132447678
2023,PRE,3,2023082659,59491,08/26/2023,1200,DAL,2520,LV,home,2,4.577731882513236,BAN737249,00-0034969,1200,Ben Banogu,B.Banogu,DE,https://static.www.nfl.com/image/private/{formatInstructions}/league/p9k6kdaayai1uggtqruq,94,0,1,0,0,17,3.5922820315944497
2023,PRE,3,2023082659,59491,08/26/2023,1200,DAL,2520,LV,home,3,4.577731882513236,BOH051911,00-0036649,1200,Quinton Bohanna,Q.Bohanna,DT,https://static.www.nfl.com/image/private/{formatInstructions}/league/dh9hr0tsf4iykwhsg4kr,98,0,0,0,0,17,4.7937208328751595
2023,PRE,3,2023082659,59491,08/26/2023,1200,DAL,2520,LV,home,4,4.577731882513236,LAN028469,00-0038737,1200,Isaiah Land,I.Land,ILB,,53,1,1,0,0,12,3.5982563580221796
2023,PRE,3,2023082659,59491,08/26/2023,1200,DAL,2520,LV,visitor,1,4.577731882513236,BUT490520,00-0037280,2520,Matthew Butler,M.Butler,DT,https://static.www.nfl.com/image/private/{formatInstructions}/league/vhsqeoesjhqewbm9wzi1,94,1,1,0,0,19,4.246790541608101
2023,PRE,3,2023082659,59491,08/26/2023,1200,DAL,2520,LV,visitor,2,4.577731882513236,TAR379035,00-0038921,2520,George Tarlas,G.Tarlas,DE,https://static.www.nfl.com/image/private/{formatInstructions}/league/w1bkwak7ehvlb1hs9rsv,79,2,1,1,0,19,5.504418735839037
2023,PRE,3,2023082659,59491,08/26/2023,1200,DAL,2520,LV,visitor,3,4.577731882513236,PLA350627,00-0038919,2520,Adam Plant,A.Plant,DE,https://static.www.nfl.com/image/private/{formatInstructions}/league/dlhetx81joa1i9qushuq,52,0,2,0,0,18,5.161054987437459
2023,PRE,3,2023082659,59491,08/26/2023,1200,DAL,2520,LV,visitor,4,4.577731882513236,SIL701377,00-0038634,2520,Nesta Jade Silvera,N.Silvera,DT,,97,2,3,0,0,15,4.728857610923985
2023,PRE,3,2023082660,59492,08/26/2023,1400,DEN,2510,LA,home,1,4.577731882513236,JAC277405,00-0037294,1400,Jordan Jackson,J.Jackson,DT,https://static.www.nfl.com/image/private/{formatInstructions}/league/scjox7dz4wndu6ypvwjx,90,1,1,0,0,22,4.846477676088598
2023,PRE,3,2023082660,59492,08/26/2023,1400,DEN,2510,LA,home,2,4.577731882513236,GAR070519,00-0037051,1400,Elijah Garcia,E.Garcia,DT,https://static.www.nfl.com/image/private/{formatInstructions}/league/mrqadlol0gfyxwg5dtlv,95,1,1,0,0,18,3.9736679547534925
2023,PRE,3,2023082660,59492,08/26/2023,1400,DEN,2510,LA,home,3,4.577731882513236,HAY642687,00-0038790,1400,Marcus Haynes,M.Haynes,DE,https://static.www.nfl.com/image/private/{formatInstructions}/league/gelzf6qhluipkk5jgwrs,52,2,1,0,0,15,6.422126088893507
2023,PRE,3,2023082660,59492,08/26/2023,1400,DEN,2510,LA,home,4,4.577731882513236,INC485869,00-0038791,1400,Thomas Incoom,T.Incoom,DE,https://static.www.nfl.com/image/private/{formatInstructions}/league/f12ltq9btbrvzxcije7q,59,2,0,1,0,15,4.253453583824972
2023,PRE,3,2023082660,59492,08/26/2023,1400,DEN,2510,LA,visitor,1,4.577731882513236,VAN795032,00-0037515,2510,Zach VanValkenburg,Z.VanValkenburg,DE,https://static.www.nfl.com/image/private/{formatInstructions}/league/ismo7ntclzq3byj4qctg,51,2,1,0,0,22,4.659839010577861
2023,PRE,3,2023082660,59492,08/26/2023,1400,DEN,2510,LA,visitor,2,4.577731882513236,MUR050645,00-0036237,2510,Larrell Murchison,L.Murchison,DT,https://static.www.nfl.com/image/private/{formatInstructions}/league/laqctwueakltgjhblryt,52,2,0,0,0,17,5.132779529257453
2023,PRE,3,2023082660,59492,08/26/2023,1400,DEN,2510,LA,visitor,3,4.577731882513236,CAR748191,00-0035916,2510,T.J. Carter,T.Carter,DE,,98,2,0,0,0,17,5.28712276848412
2023,PRE,3,2023082660,59492,08/26/2023,1400,DEN,2510,LA,visitor,4,4.577731882513236,COP391558,00-0035607,2510,Marquise Copeland,M.Copeland,DT,https://static.www.nfl.com/image/private/{formatInstructions}/league/ldtwwdjwltsbch8evaqy,93,3,0,1,0,16,5.6965182138593
2023,PRE,3,2023082751,59493,08/27/2023,3300,NO,2120,HOU,home,1,4.577731882513236,PHI458702,00-0035507,3300,Kyle Phillips,K.Phillips,DE,https://static.www.nfl.com/image/private/{formatInstructions}/league/mdcbrgtriuuljs1snkba,91,1,2,0,0,21,5.334074140605561
2023,PRE,3,2023082751,59493,08/27/2023,3300,NO,2120,HOU,home,2,4.577731882513236,FOS081863,00-0039143,3300,Isaiah Foskey,I.Foskey,DE,,55,1,1,1,0,21,5.289042989214633
2023,PRE,3,2023082751,59493,08/27/2023,3300,NO,2120,HOU,home,3,4.577731882513236,LAL564972,00-0035816,3300,Niko Lalos,N.Lalos,DE,https://static.www.nfl.com/image/private/{formatInstructions}/league/oj5kpko4j2cdgpgd9ucz,54,1,1,1,0,17,5.015210310531005
2023,PRE,3,2023082751,59493,08/27/2023,3300,NO,2120,HOU,home,4,4.577731882513236,BRE510679,00-0038995,3300,Bryan Bresee,B.Bresee,DT,,90,1,0,0,0,14,5.093517097399821
2023,PRE,3,2023082751,59493,08/27/2023,3300,NO,2120,HOU,visitor,1,4.577731882513236,DAV513989,00-0036430,2120,Khalil Davis,K.Davis,DT,https://static.www.nfl.com/image/private/{formatInstructions}/league/yikg5vl10u5s6skhxuea,94,1,2,1,0,25,4.825945247394343
2023,PRE,3,2023082751,59493,08/27/2023,3300,NO,2120,HOU,visitor,2,4.577731882513236,HOR555159,00-0039009,2120,Dylan Horton,D.Horton,DE,,92,1,0,0,0,22,4.184239012362706
2023,PRE,3,2023082751,59493,08/27/2023,3300,NO,2120,HOU,visitor,3,4.577731882513236,HIN240815,00-0037459,2120,Kurt Hinish,K.Hinish,DT,https://static.www.nfl.com/image/private/{formatInstructions}/league/krgltdptl9a42lvunwcv,93,1,0,0,0,19,3.9792172361444185
2023,PRE,3,2023082751,59493,08/27/2023,3300,NO,2120,HOU,visitor,4,4.577731882513236,COW324122,00-0035278,2120,Byron Cowart,B.Cowart,DT,https://static.www.nfl.com/image/private/{formatInstructions}/league/jkoevuew3mayrv3rzw11,90,0,1,0,0,18,4.764451354253587
2023,REG,1,2023090700,59173,09/07/2023,2310,KC,1540,DET,home,1,4.577731882513236,DAN721566,00-0036378,2310,Michael Danna,M.Danna,DE,https://static.www.nfl.com/image/private/{formatInstructions}/league/oiywq8es1rm2rjnpbouw,51,4,2,1,0,25,4.399238136318972
2023,REG,1,2023090700,59173,09/07/2023,2310,KC,1540,DET,home,2,4.577731882513236,KAR303382,00-0037192,2310,George Karlaftis,G.Karlaftis,DE,https://static.www.nfl.com/image/private/{formatInstructions}/league/kwmi9hcgixedzkqo0hd9,56,3,4,0,0,22,4.058896135553121
2023,REG,1,2023090700,59173,09/07/2023,2310,KC,1540,DET,home,3,4.577731882513236,WHA652597,00-0035890,2310,Tershawn Wharton,T.Wharton,DT,https://static.www.nfl.com/image/private/{formatInstructions}/league/pbuynfvzq7bojcivxbba,98,0,0,0,0,18,4.318190590449508
2023,REG,1,2023090700,59173,09/07/2023,2310,KC,1540,DET,home,4,4.577731882513236,ANU415291,00-0039006,2310,Felix Anudike-Uzomah,F.Anudike-Uzomah,DE,https://static.www.nfl.com/image/private/{formatInstructions}/league/gb4f5df4ligovpbk76r0,97,2,0,0,0,12,3.7998203114738867
2023,REG,1,2023090700,59173,09/07/2023,2310,KC,1540,DET,visitor,1,4.577731882513236,HUT099869,00-0037236,1540,Aidan Hutchinson,A.Hutchinson,DE,https://static.www.nfl.com/image/private/{formatInstructions}/league/zywrtjyja5l8efay1six,97,3,1,0,0,30,4.515148966996752
2023,REG,1,2023090700,59173,09/07/2023,2310,KC,1540,DET,visitor,2,4.577731882513236,HAR348374,00-0033880,1540,Charles Harris,C.Harris,OLB,https://static.www.nfl.com/image/private/{formatInstructions}/league/pcbi9d4g6yf4kxrurct1,53,1,1,0,0,20,5.402319495862635
2023,REG,1,2023090700,59173,09/07/2023,2310,KC,1540,DET,visitor,3,4.577731882513236,MCN611247,00-0036624,1540,Alim McNeill,A.McNeill,NT,https://static.www.nfl.com/image/private/{formatInstructions}/league/hrqtcha6t35jwvoswc1k,54,0,2,0,0,20,4.588774217566646
2023,REG,1,2023090700,59173,09/07/2023,2310,KC,1540,DET,visitor,4,4.577731882513236,JON078068,00-0035841,1540,Benito Jones,B.Jones,DT,https://static.www.nfl.com/image/private/{formatInstructions}/league/g2wfbtdqtccgf99yecj9,94,3,1,0,0,16,5.947750187203875
2023,REG,1,2023091000,59174,09/10/2023,0200,ATL,0750,CAR,home,1,4.577731882513236,CAM208843,00-0026190,0200,Calais Campbell,C.Campbell,DE,https://static.www.nfl.com/image/private/{formatInstructions}/league/wbrve7zrrqiuknohpecm,93,1,0,0,0,26,4.3032434914599484
2023,REG,1,2023091000,59174,09/10/2023,0200,ATL,0750,CAR,home,2,4.577731882513236,DUP507860,00-0032146,0200,Bud Dupree,B.Dupree,OLB,https://static.www.nfl.com/image/private/{formatInstructions}/league/i2b1ykt4jgmdabmwoqoo,48,0,3,0,0,26,4.918724206299953
2023,REG,1,2023091000,59174,09/10/2023,0200,ATL,0750,CAR,home,3,4.577731882513236,JAR254349,00-0031583,0200,Grady Jarrett,G.Jarrett,DT,https://static.www.nfl.com/image/private/{formatInstructions}/league/u661ulortedxea2p1sq7,97,1,2,0,0,26,3.860163235763478
2023,REG,1,2023091000,59174,09/10/2023,0200,ATL,0750,CAR,home,4,4.577731882513236,ONY164481,00-0033051,0200,David Onyemata,D.Onyemata,DT,https://static.www.nfl.com/image/private/{formatInstructions}/league/uyu66sa3d2gpsh5tyhxw,90,2,2,0,0,16,3.914497586064201
2023,REG,1,2023091000,59174,09/10/2023,0200,ATL,0750,CAR,visitor,1,4.577731882513236,BUR435186,00-0035713,0750,Brian Burns,B.Burns,OLB,https://static.www.nfl.com/image/private/{formatInstructions}/league/pigkreclt8lczii5r2on,0,5,2,2,1,14,4.435259049778163
2023,REG,1,2023091000,59174,09/10/2023,0200,ATL,0750,CAR,visitor,2,4.577731882513236,BRO393541,00-0036220,0750,Derrick Brown,Der.Brown,DE,https://static.www.nfl.com/image/private/{formatInstructions}/league/snjd4zlvrynmvcnlohej,95,8,0,1,0,14,4.253214995351419
2023,REG,1,2023091000,59174,09/10/2023,0200,ATL,0750,CAR,visitor,3,4.577731882513236,HOU476949,00-0028008,0750,Justin Houston,J.Houston,OLB,https://static.www.nfl.com/image/private/{formatInstructions}/league/dtzoiwbtc880lbbknvya,50,1,1,0,0,11,4.634936289922911
2023,REG,1,2023091000,59174,09/10/2023,0200,ATL,0750,CAR,visitor,4,4.577731882513236,TUT703400,00-0035409,0750,Shy Tuttle,S.Tuttle,DT,https://static.www.nfl.com/image/private/{formatInstructions}/league/t9s9gvxf5pli26vg6oo6,99,0,3,0,0,9,5.03946163614628
2023,REG,1,2023091001,59175,09/10/2023,0325,BAL,2120,HOU,home,1,4.577731882513236,MAD784440,00-0036130,0325,Justin Madubuike,J.Madubuike,DT,https://static.www.nfl.com/image/private/{formatInstructions}/league/tvitcjl2ahtfjqogd2rx,92,1,1,1,0,30,4.42314118207855
2023,REG,1,2023091001,59175,09/10/2023,0325,BAL,2120,HOU,home,2,4.577731882513236,CLO535848,00-0031364,0325,Jadeveon Clowney,J.Clowney,OLB,https://static.www.nfl.com/image/private/{formatInstructions}/league/rmuagbaye1s4hfevcqov,24,1,0,0,0,26,4.545764093877056
2023,REG,1,2023091001,59175,09/10/2023,0325,BAL,2120,HOU,home,3,4.577731882513236,OWE012098,00-0036940,0325,Odafe Oweh,O.Oweh,OLB,https://static.www.nfl.com/image/private/{formatInstructions}/league/zlf34rejm1bnlc07izfd,99,2,1,0,0,23,4.35353005434785
2023,REG,1,2023091001,59175,09/10/2023,0325,BAL,2120,HOU,home,4,4.577731882513236,PIE424893,00-0032574,0325,Michael Pierce,M.Pierce,NT,https://static.www.nfl.com/image/private/{formatInstructions}/league/tydggsdjwzhhl36qztc0,58,0,3,0,0,20,5.021509976633981
2023,REG,1,2023091001,59175,09/10/2023,0325,BAL,2120,HOU,visitor,1,4.577731882513236,GRE397948,00-0036224,2120,Jonathan Greenard,J.Greenard,DE,https://static.www.nfl.com/image/private/{formatInstructions}/league/mgn1hyalnf83cwhn7iwo,52,4,1,1,0,15,5.110899318100255
2023,REG,1,2023091001,59175,09/10/2023,0325,BAL,2120,HOU,visitor,2,4.577731882513236,AND627364,00-0039108,2120,Will Anderson,W.Anderson,DE,https://static.www.nfl.com/image/private/{formatInstructions}/league/ip0s1uogbdsiwpmx9fd8,51,4,2,1,0,14,4.044676626557745
2023,REG,1,2023091001,59175,09/10/2023,0325,BAL,2120,HOU,visitor,3,4.577731882513236,COL633184,00-0033131,2120,Maliek Collins,M.Collins,DT,https://static.www.nfl.com/image/private/{formatInstructions}/league/y9hbtlxivjzgaassmpwt,96,1,1,0,0,11,4.344640273376831
2023,REG,1,2023091001,59175,09/10/2023,0325,BAL,2120,HOU,visitor,4,4.577731882513236,HUG532081,00-0027881,2120,Jerry Hughes,J.Hughes,DE,https://static.www.nfl.com/image/private/{formatInstructions}/league/kpaim2ei9sq4kl3ye4li,55,0,0,0,0,10,4.2809869709484385
2023,REG,1,2023091002,59176,09/10/2023,1050,CLE,0920,CIN,home,1,4.577731882513236,GAR528896,00-0033868,1050,Myles Garrett,M.Garrett,DE,https://static.www.nfl.com/image/private/{formatInstructions}/league/y33rmtjxhgil7cjcftlc,95,2,0,1,0,21,3.6492099571446595
2023,REG,1,2023091002,59176,09/10/2023,1050,CLE,0920,CIN,home,2,4.577731882513236,SMI827086,00-0031576,1050,Za'Darius Smith,Z.Smith,OLB,https://static.www.nfl.com/image/private/{formatInstructions}/league/xysjqfrdv1bvqocjyhsu,99,0,2,0,0,20,3.494917197229351
2023,REG,1,2023091002,59176,09/10/2023,1050,CLE,0920,CIN,home,3,4.577731882513236,TOM676763,00-0033546,1050,Dalvin Tomlinson,D.Tomlinson,DT,https://static.www.nfl.com/image/private/{formatInstructions}/league/bopmatmiwmclctokq7b6,94,0,1,0,0,19,4.130202316618802
2023,REG,1,2023091002,59176,09/10/2023,1050,CLE,0920,CIN,home,4,4.577731882513236,OKO385924,00-0034807,1050,Ogbonnia Okoronkwo,O.Okoronkwo,DE,https://static.www.nfl.com/image/private/{formatInstructions}/league/wmrog0aalbtkxnvsywej,54,2,1,1,0,16,4.293222688579367
2023,REG,1,2023091002,59176,09/10/2023,1050,CLE,0920,CIN,visitor,1,4.577731882513236,HUB387605,00-0034834,0920,Sam Hubbard,S.Hubbard,DE,https://static.www.nfl.com/image/private/{formatInstructions}/league/fedpaaymkmox3miypjkl,94,3,5,0,0,17,3.967490151393386
2023,REG,1,2023091002,59176,09/10/2023,1050,CLE,0920,CIN,visitor,2,4.577731882513236,REA148116,00-0032424,0920,D.J. Reader,D.Reader,NT,https://static.www.nfl.com/image/private/{formatInstructions}/league/v17stoz8ugqx9vebprz0,98,2,1,0,0,16,4.441901509234204
2023,REG,1,2023091002,59176,09/10/2023,1050,CLE,0920,CIN,visitor,3,4.577731882513236,HEN324452,00-0033935,0920,Trey Hendrickson,T.Hendrickson,DE,https://static.www.nfl.com/image/private/{formatInstructions}/league/ypeza1qplqqjbvowe2im,91,1,2,1,0,16,3.83361730406691
2023,REG,1,2023091002,59176,09/10/2023,1050,CLE,0920,CIN,visitor,4,4.577731882513236,HIL096836,00-0034800,0920,B.J. Hill,B.Hill,DT,https://static.www.nfl.com/image/private/{formatInstructions}/league/kzclgv44hziqf33iwtyx,92,3,1,1,0,13,3.4901555112423273
2023,REG,1,2023091003,59177,09/10/2023,2200,IND,2250,JAX,home,1,4.577731882513236,PAY168986,00-0036479,2200,Kwity Paye,K.Paye,DE,https://static.www.nfl.com/image/private/{formatInstructions}/league/qo9cpabig7tusr8r49ud,51,3,1,1,0,20,3.944934499331363
2023,REG,1,2023091003,59177,09/10/2023,2200,IND,2250,JAX,home,2,4.577731882513236,EBU355964,00-0033945,2200,Samson Ebukam,S.Ebukam,DE,https://static.www.nfl.com/image/private/{formatInstructions}/league/feoglrxvambjd4u4tdq6,52,2,0,0,0,19,4.012401268533144
2023,REG,1,2023091003,59177,09/10/2023,2200,IND,2250,JAX,home,3,4.577731882513236,STE757436,00-0033952,2200,Grover Stewart,G.Stewart,DT,https://static.www.nfl.com/image/private/{formatInstructions}/league/itfivv55jb7j4twbsz0a,90,4,1,0,0,19,3.782205726548145
2023,REG,1,2023091003,59177,09/10/2023,2200,IND,2250,JAX,home,4,4.577731882513236,BUC768760,00-0032378,2200,DeForest Buckner,D.Buckner,DT,https://static.www.nfl.com/image/private/{formatInstructions}/league/ls2tzitcuhmhwug8ohwj,99,4,3,1,1,18,3.697906699677416
2023,REG,1,2023091003,59177,09/10/2023,2200,IND,2250,JAX,visitor,1,4.577731882513236,ALL528759,00-0035642,2250,Josh Allen,J.Allen,OLB,https://static.www.nfl.com/image/private/{formatInstructions}/league/q807jedjb7igab4graoe,41,7,3,3,0,23,3.6858353897049843
2023,REG,1,2023091003,59177,09/10/2023,2200,IND,2250,JAX,visitor,2,4.577731882513236,WAL335860,00-0037235,2250,Travon Walker,T.Walker,OLB,https://static.www.nfl.com/image/private/{formatInstructions}/league/u578pgqmortimghxzgev,44,3,3,1,0,22,4.539383209453624
2023,REG,1,2023091003,59177,09/10/2023,2200,IND,2250,JAX,visitor,3,4.577731882513236,ROB360907,00-0032667,2250,Roy Robertson-Harris,R.Robertson-Harris,DT,https://static.www.nfl.com/image/private/{formatInstructions}/league/rb0pmtszstbyggfqtriw,95,2,2,0,0,19,4.389059686338276
2023,REG,1,2023091003,59177,09/10/2023,2200,IND,2250,JAX,visitor,4,4.577731882513236,LED229262,00-0033582,2250,Jeremiah Ledbetter,J.Ledbetter,DE,https://static.www.nfl.com/image/private/{formatInstructions}/league/bptimfgpdnvwcpgghwe7,99,0,1,0,0,15,5.533732972464022
2023,REG,1,2023091004,59178,09/10/2023,3000,MIN,4900,TB,home,1,4.577731882513236,HUN529240,00-0031565,3000,Danielle Hunter,D.Hunter,OLB,https://static.www.nfl.com/image/private/{formatInstructions}/league/mcimj8g9r5vhy4rzreih,99,4,3,1,0,27,4.370351847960262
2023,REG,1,2023091004,59178,09/10/2023,3000,MIN,4900,TB,home,2,4.577731882513236,PHI215142,00-0034782,3000,Harrison Phillips,H.Phillips,DT,https://static.www.nfl.com/image/private/{formatInstructions}/league/qyfhltyov0a0rigpe0mu,97,5,3,0,0,25,4.5914107302955385
2023,REG,1,2023091004,59178,09/10/2023,3000,MIN,4900,TB,home,3,4.577731882513236,WON272160,00-0036335,3000,D.J. Wonnum,D.Wonnum,OLB,https://static.www.nfl.com/image/private/{formatInstructions}/league/eyocajqgfrigi444hnkq,98,0,3,0,0,25,5.3211003076142696
2023,REG,1,2023091004,59178,09/10/2023,3000,MIN,4900,TB,home,4,4.577731882513236,LOW617631,00-0032412,3000,Dean Lowry,D.Lowry,DE,https://static.www.nfl.com/image/private/{formatInstructions}/league/xkqgj7bc4xgebhm2mhsw,94,2,3,0,0,18,5.805192985675839
2023,REG,1,2023091004,59178,09/10/2023,3000,MIN,4900,TB,visitor,1,4.577731882513236,HAL437521,00-0038127,4900,Logan Hall,L.Hall,DE,https://static.www.nfl.com/image/private/{formatInstructions}/league/xlv9kzmd5tk8cv9rmqlq,90,1,1,0,0,24,4.408192684782241
2023,REG,1,2023091004,59178,09/10/2023,3000,MIN,4900,TB,visitor,2,4.577731882513236,VEA065410,00-0034773,4900,Vita Vea,V.Vea,NT,https://static.www.nfl.com/image/private/{formatInstructions}/league/e3pgjmrbpteyzrcpkxap,50,3,1,0,0,20,5.047301527531525
2023,REG,1,2023091004,59178,09/10/2023,3000,MIN,4900,TB,visitor,3,4.577731882513236,BAR645290,00-0031101,4900,Shaquil Barrett,S.Barrett,OLB,https://static.www.nfl.com/image/private/{formatInstructions}/league/eiilfj6qiri4n9xrclwe,7,3,1,0,0,17,4.251978811753683
2023,REG,1,2023091004,59178,09/10/2023,3000,MIN,4900,TB,visitor,4,4.577731882513236,GAI306107,00-0035667,4900,Greg Gaines,G.Gaines,NT,https://static.www.nfl.com/image/private/{formatInstructions}/league/oywvgxko6axdtokuhgor,96,0,0,0,0,17,5.386875100703029
2023,REG,1,2023091005,59179,09/10/2023,3300,NO,2100,TEN,home,1,4.577731882513236,JOR051224,00-0027962,3300,Cameron Jordan,C.Jordan,DE,https://static.www.nfl.com/image/private/{formatInstructions}/league/jbcyxaoosrmj0pn5ynjb,94,2,3,0,0,25,4.746879462688296
2023,REG,1,2023091005,59179,09/10/2023,3300,NO,2100,TEN,home,2,4.577731882513236,GRA291153,00-0035402,3300,Carl Granderson,C.Granderson,DE,https://static.www.nfl.com/image/private/{formatInstructions}/league/n1thp9nf1gnbj3epsec5,96,1,2,1,0,23,3.7140607945458526
2023,REG,1,2023091005,59179,09/10/2023,3300,NO,2100,TEN,home,3,4.577731882513236,BRE510679,00-0038995,3300,Bryan Bresee,B.Bresee,DT,https://static.www.nfl.com/image/private/{formatInstructions}/league/ndia5grzqsvtxhql50ss,90,0,1,0,0,15,3.4635482356085188
2023,REG,1,2023091005,59179,09/10/2023,3300,NO,2100,TEN,home,4,4.577731882513236,KPA593274,00-0033902,3300,Tanoh Kpassagnon,T.Kpassagnon,DE,https://static.www.nfl.com/image/private/{formatInstructions}/league/ilr1bs7qesfq7fryeetc,92,1,0,0,0,12,3.214429296447999
2023,REG,1,2023091005,59179,09/10/2023,3300,NO,2100,TEN,visitor,1,4.577731882513236,SIM204336,00-0035643,2100,Jeffery Simmons,J.Simmons,DT,https://static.www.nfl.com/image/private/{formatInstructions}/league/bmlla8bf1h8hxulhcwhv,98,3,2,1,0,29,4.668795528091189
2023,REG,1,2023091005,59179,09/10/2023,3300,NO,2100,TEN,visitor,2,4.577731882513236,LAN159704,00-0034828,2100,Harold Landry,H.Landry,OLB,https://static.www.nfl.com/image/private/{formatInstructions}/league/akafrpdcokvwz2psbbmj,58,1,0,0,0,24,3.6642523802363574
2023,REG,1,2023091005,59179,09/10/2023,3300,NO,2100,TEN,visitor,3,4.577731882513236,AUT529722,00-0031254,2100,Denico Autry,D.Autry,DE,https://static.www.nfl.com/image/private/{formatInstructions}/league/fm0gjc1jtbgmmsr4gs9l,96,4,1,1,0,22,3.285277550257459
2023,REG,1,2023091005,59179,09/10/2023,3300,NO,2100,TEN,visitor,4,4.577731882513236,KEY099037,00-0034825,2100,Arden Key,A.Key,OLB,https://static.www.nfl.com/image/private/{formatInstructions}/league/psoje6looquofelpery9,49,1,3,1,0,22,2.9124842135336664
2023,REG,1,2023091006,59180,09/10/2023,3900,PIT,4500,SF,home,1,4.577731882513236,WAT587616,00-0033886,3900,T.J. Watt,T.Watt,OLB,https://static.www.nfl.com/image/private/{formatInstructions}/league/yuqxfzlqjuz7yho5fdpg,90,5,0,3,2,21,4.161790712069406
2023,REG,1,2023091006,59180,09/10/2023,3900,PIT,4500,SF,home,2,4.577731882513236,OGU431455,00-0033905,3900,Larry Ogunjobi,L.Ogunjobi,DT,https://static.www.nfl.com/image/private/{formatInstructions}/league/lwy0ylpaxchvs61rbkjk,99,2,0,0,0,20,3.987912133597353
2023,REG,1,2023091006,59180,09/10/2023,3900,PIT,4500,SF,home,3,4.577731882513236,HIG595832,00-0036333,3900,Alex Highsmith,A.Highsmith,OLB,https://static.www.nfl.com/image/private/{formatInstructions}/league/xovqquaydxhhxbsiumfu,56,4,3,0,0,17,4.468185894319605
2023,REG,1,2023091006,59180,09/10/2023,3900,PIT,4500,SF,home,4,4.577731882513236,ADA519824,00-0033929,3900,Montravius Adams,M.Adams,NT,https://static.www.nfl.com/image/private/{formatInstructions}/league/bt78obedupn95s6fq3m3,57,0,2,0,0,12,4.732893121197915
2023,REG,1,2023091006,59180,09/10/2023,3900,PIT,4500,SF,visitor,1,4.577731882513236,HAR143881,00-0033109,4500,Javon Hargrave,J.Hargrave,DT,https://static.www.nfl.com/image/private/{formatInstructions}/league/z8mrwlgmuug7yjkood5k,98,2,1,1,0,28,3.7819682735570126
2023,REG,1,2023091006,59180,09/10/2023,3900,PIT,4500,SF,visitor,2,4.577731882513236,ARM057964,00-0032164,4500,Arik Armstead,A.Armstead,DT,https://static.www.nfl.com/image/private/{formatInstructions}/league/pfagislv7uhsnwi7pviu,91,0,0,0,0,27,3.9839064646503295
2023,REG,1,2023091006,59180,09/10/2023,3900,PIT,4500,SF,visitor,3,4.577731882513236,BOS073285,00-0035717,4500,Nick Bosa,N.Bosa,DE,https://static.www.nfl.com/image/private/{formatInstructions}/league/pzdj8ys2wqjc92hafziy,97,1,1,0,0,22,4.030943987923464
2023,REG,1,2023091006,59180,09/10/2023,3900,PIT,4500,SF,visitor,4,4.577731882513236,FER558663,00-0035692,4500,Clelin Ferrell,C.Ferrell,DE,https://static.www.nfl.com/image/private/{formatInstructions}/league/vhx1ps64hgi1edob2pgd,94,1,1,0,0,22,3.7438311638508064
2023,REG,1,2023091007,59181,09/10/2023,5110,WAS,3800,ARI,home,1,4.577731882513236,ALL512725,00-0033523,5110,Jonathan Allen,J.Allen,DT,https://static.www.nfl.com/image/private/{formatInstructions}/league/uyc2yzn3jzzmx8zkswex,93,3,1,1,0,26,4.439200528643604
2023,REG,1,2023091007,59181,09/10/2023,5110,WAS,3800,ARI,home,2,4.577731882513236,SWE034375,00-0035647,5110,Montez Sweat,M.Sweat,DE,https://static.www.nfl.com/image/private/{formatInstructions}/league/hnx2ujifcc1ad4gw0iby,90,4,1,1,2,24,4.332311047704601
2023,REG,1,2023091007,59181,09/10/2023,5110,WAS,3800,ARI,home,3,4.577731882513236,PAY281222,00-0034333,5110,Daron Payne,D.Payne,DT,https://static.www.nfl.com/image/private/{formatInstructions}/league/vxrbsde7ynj9mahsxfcs,94,2,0,0,0,23,5.227316329341688
2023,REG,1,2023091007,59181,09/10/2023,5110,WAS,3800,ARI,home,4,4.577731882513236,SMI841542,00-0036351,5110,James Smith-Williams,J.Smith-Williams,DE,https://static.www.nfl.com/image/private/{formatInstructions}/league/cxuqt6yyheqe5lhsfoue,96,1,2,0,0,17,4.577609033021666
2023,REG,1,2023091007,59181,09/10/2023,5110,WAS,3800,ARI,visitor,1,4.577731882513236,COL214397,00-0035636,3800,L.J. Collier,L.Collier,DE,https://static.www.nfl.com/image/private/{formatInstructions}/league/i39nt3smr30rgznvlal3,91,2,0,0,0,20,3.6039960021061646
2023,REG,1,2023091007,59181,09/10/2023,5110,WAS,3800,ARI,visitor,2,4.577731882513236,THO063745,00-0037815,3800,Cameron Thomas,C.Thomas,OLB,https://static.www.nfl.com/image/private/{formatInstructions}/league/o2sjlgsv60hod3zljns1,97,0,1,0,0,15,3.333604787759288
2023,REG,1,2023091007,59181,09/10/2023,5110,WAS,3800,ARI,visitor,3,4.577731882513236,LED300302,00-0035343,3800,Jonathan Ledbetter,J.Ledbetter,DE,https://static.www.nfl.com/image/private/{formatInstructions}/league/vipmbrcixn2huexfkobd,93,3,3,1,0,14,2.75461403647018
2023,REG,1,2023091007,59181,09/10/2023,5110,WAS,3800,ARI,visitor,4,4.577731882513236,COL712276,00-0036933,3800,Zaven Collins,Z.Collins,OLB,https://static.www.nfl.com/image/private/{formatInstructions}/league/vrcmqlsrh8zwppjce3z6,25,0,2,0,0,13,3.2504651692593143
2023,REG,1,2023091008,59182,09/10/2023,0810,CHI,1800,GB,home,1,4.577731882513236,NGA355963,00-0033123,0810,Yannick Ngakoue,Y.Ngakoue,DE,https://static.www.nfl.com/image/private/{formatInstructions}/league/gm3h8c0ov8hffmaw7efj,91,3,1,1,0,22,4.330516621552209
2023,REG,1,2023091008,59182,09/10/2023,0810,CHI,1800,GB,home,2,4.577731882513236,WAL115858,00-0033782,0810,DeMarcus Walker,D.Walker,DE,https://static.www.nfl.com/image/private/{formatInstructions}/league/rfvqk3uflt2uwxrfwio7,95,2,0,0,0,21,3.7258632712014954
2023,REG,1,2023091008,59182,09/10/2023,0810,CHI,1800,GB,home,3,4.577731882513236,JON518335,00-0034677,0810,Justin Jones,Ju.Jones,DT,https://static.www.nfl.com/image/private/{formatInstructions}/league/zsfbwgrrxrqbahv318xu,93,0,0,0,0,19,4.346717114385021
2023,REG,1,2023091008,59182,09/10/2023,0810,CHI,1800,GB,home,4,4.577731882513236,ROB404567,00-0037082,0810,Dominique Robinson,D.Robinson,DE,https://static.www.nfl.com/image/private/{formatInstructions}/league/xsmvebmev3kkxkqqsdxm,90,1,0,0,0,11,4.390286708053607
2023,REG,1,2023091008,59182,09/10/2023,0810,CHI,1800,GB,visitor,1,4.577731882513236,ENA040912,00-0037083,1800,Kingsley Enagbare,K.Enagbare,OLB,https://static.www.nfl.com/image/private/{formatInstructions}/league/kddda5mwycbataolsnm4,55,1,0,0,0,18,4.646144362919554
2023,REG,1,2023091008,59182,09/10/2023,0810,CHI,1800,GB,visitor,2,4.577731882513236,VAN639767,00-0039112,1800,Lukas Van Ness,L.Van Ness,OLB,https://static.www.nfl.com/image/private/{formatInstructions}/league/ssoaiw0yh7lcoui0pyko,90,2,0,1,0,17,3.9729055360059484
2023,REG,1,2023091008,59182,09/10/2023,0810,CHI,1800,GB,visitor,3,4.577731882513236,WOO268652,00-0038387,1800,Colby Wooden,C.Wooden,DT,https://static.www.nfl.com/image/private/{formatInstructions}/league/apd5qiesjmxzvleu8xj3,96,1,0,0,0,17,3.944912298250074
2023,REG,1,2023091008,59182,09/10/2023,0810,CHI,1800,GB,visitor,4,4.577731882513236,CLA409251,00-0033120,1800,Kenny Clark,K.Clark,NT,https://static.www.nfl.com/image/private/{formatInstructions}/league/xehidvio5jubhvwgsklr,97,0,2,0,1,16,3.8857328229208523
2023,REG,1,2023091009,59183,09/10/2023,1400,DEN,2520,LV,home,1,4.577731882513236,ALL656181,00-0035248,1400,Zach Allen,Z.Allen,DE,https://static.www.nfl.com/image/private/{formatInstructions}/league/jbqsgpcisn8px60ab3xf,99,2,3,0,0,19,3.781747118565607
2023,REG,1,2023091009,59183,09/10/2023,1400,DEN,2520,LV,home,2,4.577731882513236,JON230048,00-0033297,1400,D.J. Jones,D.Jones,DT,https://static.www.nfl.com/image/private/{formatInstructions}/league/n3bcrpe6uvhwtp43aphs,93,2,1,0,0,13,5.576765890071489
2023,REG,1,2023091009,59183,09/10/2023,1400,DEN,2520,LV,home,3,4.577731882513236,HAR450542,00-0035073,1400,Jonathan Harris,J.Harris,DE,https://static.www.nfl.com/image/private/{formatInstructions}/league/ys2maliulozxjdujbpdl,92,2,2,0,0,13,5.105563379866767
2023,REG,1,2023091009,59183,09/10/2023,1400,DEN,2520,LV,home,4,4.577731882513236,CLA296952,00-0032210,1400,Frank Clark,F.Clark,DE,https://static.www.nfl.com/image/private/{formatInstructions}/league/t2wa5lnn7f88yy8hi3pb,55,2,0,0,0,12,4.406779068632116
2023,REG,1,2023091009,59183,09/10/2023,1400,DEN,2520,LV,visitor,1,4.577731882513236,CRO371007,00-0034973,2520,Maxx Crosby,M.Crosby,DE,https://static.www.nfl.com/image/private/{formatInstructions}/league/ryx2ur9vl647z34ltt2q,98,2,3,1,0,22,3.9636633214665693
2023,REG,1,2023091009,59183,09/10/2023,1400,DEN,2520,LV,visitor,2,4.577731882513236,WIL806943,00-0038541,2520,Tyree Wilson,T.Wilson,OLB,https://static.www.nfl.com/image/private/{formatInstructions}/league/xep4qycckzwyglne5cfc,9,0,1,0,0,16,4.462136384449697
2023,REG,1,2023091009,59183,09/10/2023,1400,DEN,2520,LV,visitor,3,4.577731882513236,TIL189606,00-0035674,2520,Jerry Tillery,J.Tillery,DT,https://static.www.nfl.com/image/private/{formatInstructions}/league/wacmikdak7zlgknkqzgc,90,1,2,1,0,14,5.340107769590725
2023,REG,1,2023091009,59183,09/10/2023,1400,DEN,2520,LV,visitor,4,4.577731882513236,BUT106408,00-0033381,2520,Adam Butler,A.Butler,DE,https://static.www.nfl.com/image/private/{formatInstructions}/league/ijlj4afpy1na9i9hxfvc,69,0,0,0,0,12,4.837252035794616
2023,REG,1,2023091010,59184,09/10/2023,4400,LAC,2700,MIA,home,1,4.577731882513236,BOS037607,00-0033156,4400,Joey Bosa,J.Bosa,OLB,https://static.www.nfl.com/image/private/{formatInstructions}/league/blspods4zgvknmjvesvk,97,1,0,0,0,33,4.0785903291107575
2023,REG,1,2023091010,59184,09/10/2023,4400,LAC,2700,MIA,home,2,4.577731882513236,MAC325122,00-0031040,4400,Khalil Mack,K.Mack,OLB,https://static.www.nfl.com/image/private/{formatInstructions}/league/hkxmcpv1vobtydr4yt7n,52,2,0,0,0,26,4.816419567017359
2023,REG,1,2023091010,59184,09/10/2023,4400,LAC,2700,MIA,home,3,4.577731882513236,JOS280126,00-0034810,4400,Sebastian Joseph,S.Joseph,NT,https://static.www.nfl.com/image/private/{formatInstructions}/league/smlfibms0dabjqpf29wg,51,0,0,0,0,23,4.958187541162958
2023,REG,1,2023091010,59184,09/10/2023,4400,LAC,2700,MIA,home,4,4.577731882513236,FOX250058,00-0032671,4400,Morgan Fox,M.Fox,DE,https://static.www.nfl.com/image/private/{formatInstructions}/league/qvo06vbj0iivq9xntc1c,56,0,0,0,0,19,5.599890811222631
2023,REG,1,2023091010,59184,09/10/2023,4400,LAC,2700,MIA,visitor,1,4.577731882513236,WIL081088,00-0035231,2700,Christian Wilkins,C.Wilkins,DT,https://static.www.nfl.com/image/private/{formatInstructions}/league/yngx6poa67gosj2oiwk1,94,1,2,0,0,27,5.165969499664662
2023,REG,1,2023091010,59184,09/10/2023,4400,LAC,2700,MIA,visitor,2,4.577731882513236,CHU028799,00-0034832,2700,Bradley Chubb,B.Chubb,OLB,https://static.www.nfl.com/image/private/{formatInstructions}/league/to1i0hqzw9xoy0tgm9ck,2,2,2,0,0,26,4.66463430402069
2023,REG,1,2023091010,59184,09/10/2023,4400,LAC,2700,MIA,visitor,3,4.577731882513236,PHI254734,00-0036934,2700,Jaelan Phillips,J.Phillips,OLB,https://static.www.nfl.com/image/private/{formatInstructions}/league/warwtqmk5irvbnc4p92p,15,6,5,0,0,25,4.471499866245711
2023,REG,1,2023091010,59184,09/10/2023,4400,LAC,2700,MIA,visitor,4,4.577731882513236,SIE410345,00-0034285,2700,Zach Sieler,Z.Sieler,DT,https://static.www.nfl.com/image/private/{formatInstructions}/league/me66zdnhvswxahqsvlrn,92,3,1,1,0,20,5.2038858015107365
2023,REG,1,2023091011,59185,09/10/2023,3200,NE,3700,PHI,home,1,4.577731882513236,JUD442977,00-0032415,3200,Matt Judon,M.Judon,OLB,https://static.www.nfl.com/image/private/{formatInstructions}/league/gzqaca6m73uzgwczrw7z,9,3,0,1,0,18,3.9154882668507613
2023,REG,1,2023091011,59185,09/10/2023,3200,NE,3700,PHI,home,2,4.577731882513236,WIS078731,00-0033947,3200,Deatrich Wise,D.Wise,DE,https://static.www.nfl.com/image/private/{formatInstructions}/league/bxwmlzyorjsos6w7g2x6,91,2,2,0,0,18,4.738619750410959
2023,REG,1,2023091011,59185,09/10/2023,3200,NE,3700,PHI,home,3,4.577731882513236,BAR221986,00-0036981,3200,Christian Barmore,C.Barmore,DT,https://static.www.nfl.com/image/private/{formatInstructions}/league/h4rtemvkpsx1uyjvnm63,90,1,1,0,0,17,3.4457739343065263
2023,REG,1,2023091011,59185,09/10/2023,3200,NE,3700,PHI,home,4,4.577731882513236,GOD093943,00-0033860,3200,Davon Godchaux,D.Godchaux,NT,https://static.www.nfl.com/image/private/{formatInstructions}/league/vdvrll3sffp00ijreboc,92,0,1,0,0,15,6.002520578065125
2023,REG,1,2023091011,59185,09/10/2023,3200,NE,3700,PHI,visitor,1,4.577731882513236,SWE031587,00-0034381,3700,Josh Sweat,J.Sweat,DE,https://static.www.nfl.com/image/private/{formatInstructions}/league/r8tbgqchezlbyykxvloz,94,0,2,0,0,38,4.008488095594442
2023,REG,1,2023091011,59185,09/10/2023,3200,NE,3700,PHI,visitor,2,4.577731882513236,RED324095,00-0033875,3700,Haason Reddick,H.Reddick,OLB,https://static.www.nfl.com/image/private/{formatInstructions}/league/qqfxdnlmmyzbh27lmxgi,7,0,1,0,0,36,4.163906149495483
2023,REG,1,2023091011,59185,09/10/2023,3200,NE,3700,PHI,visitor,3,4.577731882513236,COX200177,00-0029653,3700,Fletcher Cox,F.Cox,DT,https://static.www.nfl.com/image/private/{formatInstructions}/league/guiegvu50wdv6lzspebo,91,1,2,0,0,31,4.703216097780605
2023,REG,1,2023091011,59185,09/10/2023,3200,NE,3700,PHI,visitor,4,4.577731882513236,CAR656628,00-0038386,3700,Jalen Carter,J.Carter,DT,https://static.www.nfl.com/image/private/{formatInstructions}/league/l1xdbx3qtrtbv6scixbn,98,1,0,1,0,24,4.037008691246694
2023,REG,1,2023091012,59186,09/10/2023,4600,SEA,2510,LA,home,1,4.577731882513236,REE257783,00-0032387,4600,Jarran Reed,Ja.Reed,DT,https://static.www.nfl.com/image/private/{formatInstructions}/league/hp86k8wv76vaid3dyzen,90,2,1,0,0,23,4.415561919835049
2023,REG,1,2023091012,59186,09/10/2023,4600,SEA,2510,LA,home,2,4.577731882513236,JON263738,00-0035678,4600,Dre'Mont Jones,D.Jones,DE,https://static.www.nfl.com/image/private/{formatInstructions}/league/jtymiyxibjaktdm0h9by,55,1,2,0,0,22,5.005608511644978
2023,REG,1,2023091012,59186,09/10/2023,4600,SEA,2510,LA,home,3,4.577731882513236,NWO593274,00-0034350,4600,Uchenna Nwosu,U.Nwosu,OLB,https://static.www.nfl.com/image/private/{formatInstructions}/league/z6fbgjrfgltuiq1okiex,10,2,1,0,0,21,3.561954695026216
2023,REG,1,2023091012,59186,09/10/2023,4600,SEA,2510,LA,home,4,4.577731882513236,TAY146193,00-0036413,4600,Darrell Taylor,D.Taylor,OLB,https://static.www.nfl.com/image/private/{formatInstructions}/league/rrrbcen1jk8j6fktbxnr,52,1,0,0,0,17,3.5300057715099675
2023,REG,1,2023091012,59186,09/10/2023,4600,SEA,2510,LA,visitor,1,4.577731882513236,DON134977,00-0031388,2510,Aaron Donald,A.Donald,DT,https://static.www.nfl.com/image/private/{formatInstructions}/league/gou42dathlyc1rfn4pga,99,2,2,0,0,19,4.213371790987275
2023,REG,1,2023091012,59186,09/10/2023,4600,SEA,2510,LA,visitor,2,4.577731882513236,TUR561805,00-0039138,2510,Kobie Turner,K.Turner,DT,https://static.www.nfl.com/image/private/{formatInstructions}/league/ouhisfkb6jyedo6jj0m4,91,0,2,0,0,15,5.3803209632661115
2023,REG,1,2023091012,59186,09/10/2023,4600,SEA,2510,LA,visitor,3,4.577731882513236,YOU127040,00-0039137,2510,Byron Young,B.Young,OLB,https://static.www.nfl.com/image/private/{formatInstructions}/league/bdfvfh0776dv0sn447pq,0,3,1,0,0,14,4.449384683046719
2023,REG,1,2023091012,59186,09/10/2023,4600,SEA,2510,LA,visitor,4,4.577731882513236,HOE044723,00-0035933,2510,Michael Hoecht,M.Hoecht,DT,https://static.www.nfl.com/image/private/{formatInstructions}/league/ufxnrf3mqht5ijy0ln2i,97,1,2,0,0,13,4.771695532173778
2023,REG,1,2023091013,59187,09/10/2023,3410,NYG,1200,DAL,home,1,4.577731882513236,LAW288048,00-0035683,3410,Dexter Lawrence,D.Lawrence,DT,https://static.www.nfl.com/image/private/{formatInstructions}/league/mq1gfsw7gfz3jithkivb,97,1,3,0,0,16,3.1552176480447174
2023,REG,1,2023091013,59187,09/10/2023,3410,NYG,1200,DAL,home,2,4.577731882513236,WIL426411,00-0031933,3410,Leonard Williams,L.Williams,DT,https://static.www.nfl.com/image/private/{formatInstructions}/league/nbs0nno2aekmxfryiykv,99,1,1,0,0,15,3.8489085293105965
2023,REG,1,2023091013,59187,09/10/2023,3410,NYG,1200,DAL,home,3,4.577731882513236,OJU415291,00-0036552,3410,Azeez Ojulari,A.Ojulari,OLB,https://static.www.nfl.com/image/private/{formatInstructions}/league/k41l7r8hicknnv9bu59h,51,0,1,0,0,15,4.54788866149909
2023,REG,1,2023091013,59187,09/10/2023,3410,NYG,1200,DAL,home,4,4.577731882513236,THI172866,00-0037611,3410,Kayvon Thibodeaux,K.Thibodeaux,OLB,https://static.www.nfl.com/image/private/{formatInstructions}/league/ssdyrj5nmrcos9zv1e4d,5,1,3,0,0,14,4.911814269101194
2023,REG,1,2023091013,59187,09/10/2023,3410,NYG,1200,DAL,visitor,1,4.577731882513236,FOW382785,00-0032052,1200,Dante Fowler,D.Fowler,OLB,https://static.www.nfl.com/image/private/{formatInstructions}/league/mrrgp8biyypfu6ikmpue,56,0,0,0,0,18,3.6007286048520957
2023,REG,1,2023091013,59187,09/10/2023,3410,NYG,1200,DAL,visitor,2,4.577731882513236,GOL699429,00-0036982,1200,Chauncey Golston,C.Golston,DE,https://static.www.nfl.com/image/private/{formatInstructions}/league/pujipnonv93bzijwmqmy,99,1,1,1,1,15,4.587564080385162
2023,REG,1,2023091013,59187,09/10/2023,3410,NYG,1200,DAL,visitor,3,4.577731882513236,WIL515041,00-0037665,1200,Sam Williams,S.Williams,DE,https://static.www.nfl.com/image/private/{formatInstructions}/league/baxolgz2splpqgdl1ojr,54,0,2,0,0,15,3.4001528735059963
2023,REG,1,2023091013,59187,09/10/2023,3410,NYG,1200,DAL,visitor,4,4.577731882513236,PAR753418,00-0036932,1200,Micah Parsons,M.Parsons,OLB,https://static.www.nfl.com/image/private/{formatInstructions}/league/vnasvto6q1izyolgu7db,11,2,1,1,0,14,3.4480520604898883
2023,REG,1,2023091100,59188,09/11/2023,3430,NYJ,0610,BUF,home,1,4.577731882513236,WIL132672,00-0035718,3430,Quinnen Williams,Q.Williams,NT,https://static.www.nfl.com/image/private/{formatInstructions}/league/ftjeq2xr9mvck8mfkute,95,2,3,0,0,28,4.113494318895656
2023,REG,1,2023091100,59188,09/11/2023,3430,NYJ,0610,BUF,home,2,4.577731882513236,JOH789955,00-0037663,3430,Jermaine Johnson,J.Johnson,OLB,https://static.www.nfl.com/image/private/{formatInstructions}/league/tksswzrbrb6ndpbczqon,11,4,1,1,0,27,4.814843318615842
2023,REG,1,2023091100,59188,09/11/2023,3430,NYJ,0610,BUF,home,3,4.577731882513236,JEF350399,00-0032416,3430,Quinton Jefferson,Q.Jefferson,DE,https://static.www.nfl.com/image/private/{formatInstructions}/league/jjo6ujxfsbzpbumpsf0e,70,2,1,2,0,20,3.8578017584351847
2023,REG,1,2023091100,59188,09/11/2023,3430,NYJ,0610,BUF,home,4,4.577731882513236,FRA563573,00-0034805,3430,John Franklin-Myers,J.Franklin-Myers,DE,https://static.www.nfl.com/image/private/{formatInstructions}/league/q4aysumc2wxfocjtpdkl,91,1,3,1,0,20,5.094841135575947
2023,REG,1,2023091100,59188,09/11/2023,3430,NYJ,0610,BUF,visitor,1,4.577731882513236,JON200565,00-0031054,0610,DaQuan Jones,D.Jones,DT,https://static.www.nfl.com/image/private/{formatInstructions}/league/eu9welnxn0w9otfxkz0k,92,2,0,0,0,11,2.812167941441565
2023,REG,1,2023091100,59188,09/11/2023,3430,NYJ,0610,BUF,visitor,2,4.577731882513236,ROU617685,00-0036914,0610,Gregory Rousseau,G.Rousseau,DE,https://static.www.nfl.com/image/private/{formatInstructions}/league/insb9f4qznbgcfyreogp,50,1,0,0,1,11,3.5437906791444718
2023,REG,1,2023091100,59188,09/11/2023,3430,NYJ,0610,BUF,visitor,3,4.577731882513236,FLO758060,00-0033072,0610,Leonard Floyd,L.Floyd,DE,https://static.www.nfl.com/image/private/{formatInstructions}/league/mmexfoamcspblwripdan,56,1,2,1,0,10,3.286716087147556
2023,REG,1,2023091100,59188,09/11/2023,3430,NYJ,0610,BUF,visitor,4,4.577731882513236,OLI290385,00-0035230,0610,Ed Oliver,E.Oliver,DT,https://static.www.nfl.com/image/private/{formatInstructions}/league/e2nyrgwol6dnvxotljae,91,3,2,0,0,9,3.761640996163256
2023,REG,2,2023091400,59189,09/14/2023,3700,PHI,3000,MIN,home,1,4.577731882513236,COX200177,00-0029653,3700,Fletcher Cox,F.Cox,DT,https://static.www.nfl.com/image/private/{formatInstructions}/league/guiegvu50wdv6lzspebo,91,0,1,0,0,33,4.453865673766394
2023,REG,2,2023091400,59189,09/14/2023,3700,PHI,3000,MIN,home,2,4.577731882513236,SWE031587,00-0034381,3700,Josh Sweat,J.Sweat,DE,https://static.www.nfl.com/image/private/{formatInstructions}/league/r8tbgqchezlbyykxvloz,94,1,0,1,1,29,3.082548492955334
2023,REG,2,2023091400,59189,09/14/2023,3700,PHI,3000,MIN,home,3,4.577731882513236,RED324095,00-0033875,3700,Haason Reddick,H.Reddick,OLB,https://static.www.nfl.com/image/private/{formatInstructions}/league/qqfxdnlmmyzbh27lmxgi,7,0,0,0,0,28,4.528980373818255
2023,REG,2,2023091400,59189,09/14/2023,3700,PHI,3000,MIN,home,4,4.577731882513236,CAR656628,00-0038386,3700,Jalen Carter,J.Carter,DT,https://static.www.nfl.com/image/private/{formatInstructions}/league/l1xdbx3qtrtbv6scixbn,98,2,0,0,0,24,3.664994915354305
2023,REG,2,2023091400,59189,09/14/2023,3700,PHI,3000,MIN,visitor,1,4.577731882513236,HUN529240,00-0031565,3000,Danielle Hunter,D.Hunter,OLB,https://static.www.nfl.com/image/private/{formatInstructions}/league/mcimj8g9r5vhy4rzreih,99,5,3,3,0,18,3.8852671001501045
2023,REG,2,2023091400,59189,09/14/2023,3700,PHI,3000,MIN,visitor,2,4.577731882513236,PHI215142,00-0034782,3000,Harrison Phillips,H.Phillips,DT,https://static.www.nfl.com/image/private/{formatInstructions}/league/qyfhltyov0a0rigpe0mu,97,7,6,0,0,18,4.761020847493457
2023,REG,2,2023091400,59189,09/14/2023,3700,PHI,3000,MIN,visitor,3,4.577731882513236,WON272160,00-0036335,3000,D.J. Wonnum,D.Wonnum,OLB,https://static.www.nfl.com/image/private/{formatInstructions}/league/eyocajqgfrigi444hnkq,98,1,3,0,0,15,4.0959871680138376
2023,REG,2,2023091400,59189,09/14/2023,3700,PHI,3000,MIN,visitor,4,4.577731882513236,JON826250,00-0037007,3000,Patrick Jones,P.Jones,OLB,https://static.www.nfl.com/image/private/{formatInstructions}/league/ir3m4wipss4exri1xenv,91,1,1,0,0,13,4.37279490772397
2023,REG,2,2023091700,59190,09/17/2023,0200,ATL,1800,GB,home,1,4.577731882513236,JAR254349,00-0031583,0200,Grady Jarrett,G.Jarrett,DT,https://static.www.nfl.com/image/private/{formatInstructions}/league/u661ulortedxea2p1sq7,97,1,2,0,0,18,4.494374975064239
2023,REG,2,2023091700,59190,09/17/2023,0200,ATL,1800,GB,home,2,4.577731882513236,DUP507860,00-0032146,0200,Bud Dupree,B.Dupree,OLB,https://static.www.nfl.com/image/private/{formatInstructions}/league/i2b1ykt4jgmdabmwoqoo,48,1,0,0,0,16,4.66950475599064
2023,REG,2,2023091700,59190,09/17/2023,0200,ATL,1800,GB,home,3,4.577731882513236,CAM208843,00-0026190,0200,Calais Campbell,C.Campbell,DE,https://static.www.nfl.com/image/private/{formatInstructions}/league/wbrve7zrrqiuknohpecm,93,1,2,0,0,13,5.49336560386178
2023,REG,2,2023091700,59190,09/17/2023,0200,ATL,1800,GB,home,4,4.577731882513236,ONY164481,00-0033051,0200,David Onyemata,D.Onyemata,DT,https://static.www.nfl.com/image/private/{formatInstructions}/league/uyu66sa3d2gpsh5tyhxw,90,0,2,0,0,13,5.241160505783559
2023,REG,2,2023091700,59190,09/17/2023,0200,ATL,1800,GB,visitor,1,4.577731882513236,CLA409251,00-0033120,1800,Kenny Clark,K.Clark,DE,https://static.www.nfl.com/image/private/{formatInstructions}/league/xehidvio5jubhvwgsklr,97,1,5,0,0,17,4.211359620132503
2023,REG,2,2023091700,59190,09/17/2023,0200,ATL,1800,GB,visitor,2,4.577731882513236,SMI576520,00-0031935,1800,Preston Smith,P.Smith,OLB,https://static.www.nfl.com/image/private/{formatInstructions}/league/pohwua1xxcajtggbemhr,91,4,2,0,0,16,4.048987418449063
2023,REG,2,2023091700,59190,09/17/2023,0200,ATL,1800,GB,visitor,3,4.577731882513236,WYA279831,00-0037075,1800,Devonte Wyatt,D.Wyatt,DE,https://static.www.nfl.com/image/private/{formatInstructions}/league/jqnqdhhwbfkp8idpe4c5,95,0,3,0,0,13,4.44999199751924
2023,REG,2,2023091700,59190,09/17/2023,0200,ATL,1800,GB,visitor,4,4.577731882513236,GAR766759,00-0034967,1800,Rashan Gary,R.Gary,OLB,https://static.www.nfl.com/image/private/{formatInstructions}/league/t4clz4xe8sfxszmvohfo,52,0,2,0,0,8,5.281971102892817
2023,REG,2,2023091701,59191,09/17/2023,0610,BUF,2520,LV,home,1,4.577731882513236,OLI290385,00-0035230,0610,Ed Oliver,E.Oliver,DT,https://static.www.nfl.com/image/private/{formatInstructions}/league/e2nyrgwol6dnvxotljae,91,2,1,0,0,14,3.974666961871062
2023,REG,2,2023091701,59191,09/17/2023,0610,BUF,2520,LV,home,2,4.577731882513236,ROU617685,00-0036914,0610,Gregory Rousseau,G.Rousseau,DE,https://static.www.nfl.com/image/private/{formatInstructions}/league/insb9f4qznbgcfyreogp,50,2,1,0,0,14,4.004726857872645
2023,REG,2,2023091701,59191,09/17/2023,0610,BUF,2520,LV,home,3,4.577731882513236,FLO758060,00-0033072,0610,Leonard Floyd,L.Floyd,DE,https://static.www.nfl.com/image/private/{formatInstructions}/league/mmexfoamcspblwripdan,56,1,1,0,0,12,3.4879454158753966
2023,REG,2,2023091701,59191,09/17/2023,0610,BUF,2520,LV,home,4,4.577731882513236,EPE415291,00-0036192,0610,A.J. Epenesa,A.Epenesa,DE,https://static.www.nfl.com/image/private/{formatInstructions}/league/nimlvhdjfwqumq8ecrlw,57,0,0,0,0,10,4.546423963925664
2023,REG,2,2023091701,59191,09/17/2023,0610,BUF,2520,LV,visitor,1,4.577731882513236,CRO371007,00-0034973,2520,Maxx Crosby,M.Crosby,DE,https://static.www.nfl.com/image/private/{formatInstructions}/league/ryx2ur9vl647z34ltt2q,98,6,1,0,0,30,6.020443076637268
2023,REG,2,2023091701,59191,09/17/2023,0610,BUF,2520,LV,visitor,2,4.577731882513236,WIL806943,00-0038541,2520,Tyree Wilson,T.Wilson,DE,https://static.www.nfl.com/image/private/{formatInstructions}/league/xep4qycckzwyglne5cfc,9,1,1,0,0,15,4.839138377129548
2023,REG,2,2023091701,59191,09/17/2023,0610,BUF,2520,LV,visitor,3,4.577731882513236,BUT106408,00-0033381,2520,Adam Butler,A.Butler,DT,https://static.www.nfl.com/image/private/{formatInstructions}/league/ijlj4afpy1na9i9hxfvc,69,0,1,0,0,14,4.853538435604658
2023,REG,2,2023091701,59191,09/17/2023,0610,BUF,2520,LV,visitor,4,4.577731882513236,NIC157723,00-0034387,2520,Bilal Nichols,B.Nichols,DT,https://static.www.nfl.com/image/private/{formatInstructions}/league/hmct6mcyuclokjajt1i7,91,2,1,0,0,12,5.70801206608866
2023,REG,2,2023091702,59192,09/17/2023,0920,CIN,0325,BAL,home,1,4.577731882513236,HIL096836,00-0034800,0920,B.J. Hill,B.Hill,DT,https://static.www.nfl.com/image/private/{formatInstructions}/league/kzclgv44hziqf33iwtyx,92,2,1,0,0,19,4.394487556873157
2023,REG,2,2023091702,59192,09/17/2023,0920,CIN,0325,BAL,home,2,4.577731882513236,HUB387605,00-0034834,0920,Sam Hubbard,S.Hubbard,DE,https://static.www.nfl.com/image/private/{formatInstructions}/league/fedpaaymkmox3miypjkl,94,2,2,0,0,19,4.601652549577459
2023,REG,2,2023091702,59192,09/17/2023,0920,CIN,0325,BAL,home,3,4.577731882513236,HEN324452,00-0033935,0920,Trey Hendrickson,T.Hendrickson,DE,https://static.www.nfl.com/image/private/{formatInstructions}/league/ypeza1qplqqjbvowe2im,91,1,1,0,0,17,4.290210783966426
2023,REG,2,2023091702,59192,09/17/2023,0920,CIN,0325,BAL,home,4,4.577731882513236,REA148116,00-0032424,0920,D.J. Reader,D.Reader,NT,https://static.www.nfl.com/image/private/{formatInstructions}/league/v17stoz8ugqx9vebprz0,98,2,0,0,0,16,4.18076142962851
2023,REG,2,2023091702,59192,09/17/2023,0920,CIN,0325,BAL,visitor,1,4.577731882513236,CLO535848,00-0031364,0325,Jadeveon Clowney,J.Clowney,OLB,https://static.www.nfl.com/image/private/{formatInstructions}/league/rmuagbaye1s4hfevcqov,24,3,1,1,0,29,3.525848398669609
2023,REG,2,2023091702,59192,09/17/2023,0920,CIN,0325,BAL,visitor,2,4.577731882513236,PIE424893,00-0032574,0325,Michael Pierce,M.Pierce,NT,https://static.www.nfl.com/image/private/{formatInstructions}/league/tydggsdjwzhhl36qztc0,58,1,1,0,0,26,4.29282118144582
2023,REG,2,2023091702,59192,09/17/2023,0920,CIN,0325,BAL,visitor,3,4.577731882513236,OJA415291,00-0038142,0325,David Ojabo,D.Ojabo,OLB,https://static.www.nfl.com/image/private/{formatInstructions}/league/tqkvnubvn1gkgj1gnv7p,90,2,0,0,0,22,4.3302348645803495
2023,REG,2,2023091702,59192,09/17/2023,0920,CIN,0325,BAL,visitor,4,4.577731882513236,MAD784440,00-0036130,0325,Justin Madubuike,J.Madubuike,DT,https://static.www.nfl.com/image/private/{formatInstructions}/league/tvitcjl2ahtfjqogd2rx,92,0,2,0,0,21,3.62843060999811
2023,REG,2,2023091703,59193,09/17/2023,1540,DET,4600,SEA,home,1,4.577731882513236,HUT099869,00-0037236,1540,Aidan Hutchinson,A.Hutchinson,DE,https://static.www.nfl.com/image/private/{formatInstructions}/league/zywrtjyja5l8efay1six,97,2,0,0,0,30,5.30774962322396
2023,REG,2,2023091703,59193,09/17/2023,1540,DET,4600,SEA,home,2,4.577731882513236,MCN611247,00-0036624,1540,Alim McNeill,A.McNeill,DT,https://static.www.nfl.com/image/private/{formatInstructions}/league/hrqtcha6t35jwvoswc1k,54,0,0,0,0,24,5.884887504427881
2023,REG,2,2023091703,59193,09/17/2023,1540,DET,4600,SEA,home,3,4.577731882513236,COM275428,00-0035265,1540,John Cominsky,J.Cominsky,DE,https://static.www.nfl.com/image/private/{formatInstructions}/league/u6asvfs4kqjcuxvvz0tl,79,0,0,0,0,22,5.889537626911143
2023,REG,2,2023091703,59193,09/17/2023,1540,DET,4600,SEA,home,4,4.577731882513236,JON078068,00-0035841,1540,Benito Jones,B.Jones,DT,https://static.www.nfl.com/image/private/{formatInstructions}/league/g2wfbtdqtccgf99yecj9,94,0,0,0,0,20,5.617542607982163
2023,REG,2,2023091703,59193,09/17/2023,1540,DET,4600,SEA,visitor,1,4.577731882513236,JON263738,00-0035678,4600,Dre'Mont Jones,D.Jones,DE,https://static.www.nfl.com/image/private/{formatInstructions}/league/jtymiyxibjaktdm0h9by,55,1,1,1,0,27,4.129061603491173
2023,REG,2,2023091703,59193,09/17/2023,1540,DET,4600,SEA,visitor,2,4.577731882513236,NWO593274,00-0034350,4600,Uchenna Nwosu,U.Nwosu,OLB,https://static.www.nfl.com/image/private/{formatInstructions}/league/z6fbgjrfgltuiq1okiex,10,2,0,0,1,25,4.057201900069213
2023,REG,2,2023091703,59193,09/17/2023,1540,DET,4600,SEA,visitor,3,4.577731882513236,REE257783,00-0032387,4600,Jarran Reed,Ja.Reed,NT,https://static.www.nfl.com/image/private/{formatInstructions}/league/hp86k8wv76vaid3dyzen,90,1,1,0,0,21,3.709451430245506
2023,REG,2,2023091703,59193,09/17/2023,1540,DET,4600,SEA,visitor,4,4.577731882513236,TAY146193,00-0036413,4600,Darrell Taylor,D.Taylor,OLB,https://static.www.nfl.com/image/private/{formatInstructions}/league/rrrbcen1jk8j6fktbxnr,52,3,0,0,0,21,4.031601800743137
2023,REG,2,2023091704,59194,09/17/2023,2120,HOU,2200,IND,home,1,4.577731882513236,GRE397948,00-0036224,2120,Jonathan Greenard,J.Greenard,DE,https://static.www.nfl.com/image/private/{formatInstructions}/league/mgn1hyalnf83cwhn7iwo,52,1,2,0,0,22,4.528643167145426
2023,REG,2,2023091704,59194,09/17/2023,2120,HOU,2200,IND,home,2,4.577731882513236,COL633184,00-0033131,2120,Maliek Collins,M.Collins,DT,https://static.www.nfl.com/image/private/{formatInstructions}/league/y9hbtlxivjzgaassmpwt,96,1,0,0,0,20,4.598719276852868
2023,REG,2,2023091704,59194,09/17/2023,2120,HOU,2200,IND,home,3,4.577731882513236,AND627364,00-0039108,2120,Will Anderson,W.Anderson,DE,https://static.www.nfl.com/image/private/{formatInstructions}/league/ip0s1uogbdsiwpmx9fd8,51,2,1,0,0,20,3.7321520067919876
2023,REG,2,2023091704,59194,09/17/2023,2120,HOU,2200,IND,home,4,4.577731882513236,RAN676464,00-0032759,2120,Sheldon Rankins,S.Rankins,DT,https://static.www.nfl.com/image/private/{formatInstructions}/league/i3u6yg3pjksljugpb86f,98,3,0,0,0,17,5.569333047694062
2023,REG,2,2023091704,59194,09/17/2023,2120,HOU,2200,IND,visitor,1,4.577731882513236,BUC768760,00-0032378,2200,DeForest Buckner,D.Buckner,DT,https://static.www.nfl.com/image/private/{formatInstructions}/league/ls2tzitcuhmhwug8ohwj,99,4,0,1,0,33,3.9552725321265436
2023,REG,2,2023091704,59194,09/17/2023,2120,HOU,2200,IND,visitor,2,4.577731882513236,EBU355964,00-0033945,2200,Samson Ebukam,S.Ebukam,DE,https://static.www.nfl.com/image/private/{formatInstructions}/league/feoglrxvambjd4u4tdq6,52,2,0,1,0,31,3.75154881318448
2023,REG,2,2023091704,59194,09/17/2023,2120,HOU,2200,IND,visitor,3,4.577731882513236,PAY168986,00-0036479,2200,Kwity Paye,K.Paye,DE,https://static.www.nfl.com/image/private/{formatInstructions}/league/qo9cpabig7tusr8r49ud,51,3,2,1,0,30,3.4693570636435163
2023,REG,2,2023091704,59194,09/17/2023,2120,HOU,2200,IND,visitor,4,4.577731882513236,ODE707589,00-0036480,2200,Dayo Odeyingbo,D.Odeyingbo,DE,https://static.www.nfl.com/image/private/{formatInstructions}/league/cui1htwwnpbwayzucahk,54,0,1,0,1,27,4.154680762719309
2023,REG,2,2023091705,59195,09/17/2023,2250,JAX,2310,KC,home,1,4.577731882513236,WAL335860,00-0037235,2250,Travon Walker,T.Walker,OLB,https://static.www.nfl.com/image/private/{formatInstructions}/league/u578pgqmortimghxzgev,44,1,1,0,0,26,4.831377882823411
2023,REG,2,2023091705,59195,09/17/2023,2250,JAX,2310,KC,home,2,4.577731882513236,ALL528759,00-0035642,2250,Josh Allen,J.Allen,OLB,https://static.www.nfl.com/image/private/{formatInstructions}/league/q807jedjb7igab4graoe,41,1,0,0,0,21,4.461378216364147
2023,REG,2,2023091705,59195,09/17/2023,2250,JAX,2310,KC,home,3,4.577731882513236,ROB360907,00-0032667,2250,Roy Robertson-Harris,R.Robertson-Harris,DT,https://static.www.nfl.com/image/private/{formatInstructions}/league/rb0pmtszstbyggfqtriw,95,1,1,0,0,19,4.080645130679956
2023,REG,2,2023091705,59195,09/17/2023,2250,JAX,2310,KC,home,4,4.577731882513236,LED229262,00-0033582,2250,Jeremiah Ledbetter,J.Ledbetter,DE,https://static.www.nfl.com/image/private/{formatInstructions}/league/bptimfgpdnvwcpgghwe7,99,0,0,0,0,14,5.284057997612929
2023,REG,2,2023091705,59195,09/17/2023,2250,JAX,2310,KC,visitor,1,4.577731882513236,KAR303382,00-0037192,2310,George Karlaftis,G.Karlaftis,DE,https://static.www.nfl.com/image/private/{formatInstructions}/league/kwmi9hcgixedzkqo0hd9,56,1,3,1,0,30,5.508676575089242
2023,REG,2,2023091705,59195,09/17/2023,2250,JAX,2310,KC,visitor,2,4.577731882513236,DAN721566,00-0036378,2310,Michael Danna,M.Danna,DE,https://static.www.nfl.com/image/private/{formatInstructions}/league/oiywq8es1rm2rjnpbouw,51,0,2,0,0,27,4.4806958756307615
2023,REG,2,2023091705,59195,09/17/2023,2250,JAX,2310,KC,visitor,3,4.577731882513236,JON162595,00-0032762,2310,Chris Jones,C.Jones,DT,https://static.www.nfl.com/image/private/{formatInstructions}/league/tzeyeldnaaxjsg4beczj,95,1,1,1,0,20,4.348065989599952
2023,REG,2,2023091705,59195,09/17/2023,2250,JAX,2310,KC,visitor,4,4.577731882513236,NNA157287,00-0034818,2310,Derrick Nnadi,D.Nnadi,DT,https://static.www.nfl.com/image/private/{formatInstructions}/league/fokp5h37zl5qkfsachb3,91,0,3,0,0,12,4.209753953836833
2023,REG,2,2023091706,59196,09/17/2023,4900,TB,0810,CHI,home,1,4.577731882513236,VEA065410,00-0034773,4900,Vita Vea,V.Vea,NT,https://static.www.nfl.com/image/private/{formatInstructions}/league/e3pgjmrbpteyzrcpkxap,50,2,1,1,0,22,3.6760555178939125
2023,REG,2,2023091706,59196,09/17/2023,4900,TB,0810,CHI,home,2,4.577731882513236,HAL437521,00-0038127,4900,Logan Hall,L.Hall,DE,https://static.www.nfl.com/image/private/{formatInstructions}/league/xlv9kzmd5tk8cv9rmqlq,90,0,1,0,0,19,4.187050360899823
2023,REG,2,2023091706,59196,09/17/2023,4900,TB,0810,CHI,home,3,4.577731882513236,TRY409291,00-0036967,4900,Joe Tryon,J.Tryon,OLB,https://static.www.nfl.com/image/private/{formatInstructions}/league/jayvmjizkv6spj8y93f7,9,4,0,2,0,13,2.699072339304099
2023,REG,2,2023091706,59196,09/17/2023,4900,TB,0810,CHI,home,4,4.577731882513236,GRE497414,00-0037627,4900,Mike Greene,M.Greene,DT,https://static.www.nfl.com/image/private/{formatInstructions}/league/tvtarifjt8ta8rk5s4qe,91,0,1,0,0,13,3.3054946889947723
2023,REG,2,2023091706,59196,09/17/2023,4900,TB,0810,CHI,visitor,1,4.577731882513236,NGA355963,00-0033123,0810,Yannick Ngakoue,Y.Ngakoue,DE,https://static.www.nfl.com/image/private/{formatInstructions}/league/gm3h8c0ov8hffmaw7efj,91,1,1,0,0,21,4.128490245079483
2023,REG,2,2023091706,59196,09/17/2023,4900,TB,0810,CHI,visitor,2,4.577731882513236,GRE330410,00-0034831,0810,Rasheem Green,R.Green,DE,https://static.www.nfl.com/image/private/{formatInstructions}/league/q5a4fmrm2xxioqe5ijpi,94,1,0,0,0,17,4.54319525197368
2023,REG,2,2023091706,59196,09/17/2023,4900,TB,0810,CHI,visitor,3,4.577731882513236,JON518335,00-0034677,0810,Justin Jones,Ju.Jones,DT,https://static.www.nfl.com/image/private/{formatInstructions}/league/zsfbwgrrxrqbahv318xu,93,2,1,0,0,17,3.2435770347104103
2023,REG,2,2023091706,59196,09/17/2023,4900,TB,0810,CHI,visitor,4,4.577731882513236,WAL115858,00-0033782,0810,DeMarcus Walker,D.Walker,DE,https://static.www.nfl.com/image/private/{formatInstructions}/league/rfvqk3uflt2uwxrfwio7,95,1,0,0,0,14,3.9809824860646796
2023,REG,2,2023091707,59197,09/17/2023,2100,TEN,4400,LAC,home,1,4.577731882513236,SIM204336,00-0035643,2100,Jeffery Simmons,J.Simmons,DT,https://static.www.nfl.com/image/private/{formatInstructions}/league/bmlla8bf1h8hxulhcwhv,98,2,3,1,0,29,4.631190302701066
2023,REG,2,2023091707,59197,09/17/2023,2100,TEN,4400,LAC,home,2,4.577731882513236,AUT529722,00-0031254,2100,Denico Autry,D.Autry,DE,https://static.www.nfl.com/image/private/{formatInstructions}/league/fm0gjc1jtbgmmsr4gs9l,96,3,0,1,0,27,3.9505692726597292
2023,REG,2,2023091707,59197,09/17/2023,2100,TEN,4400,LAC,home,3,4.577731882513236,KEY099037,00-0034825,2100,Arden Key,A.Key,OLB,https://static.www.nfl.com/image/private/{formatInstructions}/league/psoje6looquofelpery9,49,0,0,0,0,27,3.8878897565586072
2023,REG,2,2023091707,59197,09/17/2023,2100,TEN,4400,LAC,home,4,4.577731882513236,LAN159704,00-0034828,2100,Harold Landry,H.Landry,OLB,https://static.www.nfl.com/image/private/{formatInstructions}/league/akafrpdcokvwz2psbbmj,58,1,2,1,0,22,4.844047867706199
2023,REG,2,2023091707,59197,09/17/2023,2100,TEN,4400,LAC,visitor,1,4.577731882513236,MAC325122,00-0031040,4400,Khalil Mack,K.Mack,DE,https://static.www.nfl.com/image/private/{formatInstructions}/league/hkxmcpv1vobtydr4yt7n,52,3,3,0,0,17,4.688589833144842
2023,REG,2,2023091707,59197,09/17/2023,2100,TEN,4400,LAC,visitor,2,4.577731882513236,JOH064658,00-0032763,4400,Austin Johnson,A.Johnson,DT,https://static.www.nfl.com/image/private/{formatInstructions}/league/yw0n2arlqinekrb9izou,98,2,2,0,0,15,4.237970745154085
2023,REG,2,2023091707,59197,09/17/2023,2100,TEN,4400,LAC,visitor,3,4.577731882513236,TUI720077,00-0039111,4400,Tuli Tuipulotu,T.Tuipulotu,DE,https://static.www.nfl.com/image/private/{formatInstructions}/league/wdiuxzxcsalogxhdxdec,45,3,4,1,0,15,3.5339164924754742
2023,REG,2,2023091707,59197,09/17/2023,2100,TEN,4400,LAC,visitor,4,4.577731882513236,JOS280126,00-0034810,4400,Sebastian Joseph,S.Joseph,DT,https://static.www.nfl.com/image/private/{formatInstructions}/league/smlfibms0dabjqpf29wg,51,0,4,0,0,11,3.7741925968650594
2023,REG,2,2023091708,59198,09/17/2023,3800,ARI,3410,NYG,home,1,4.577731882513236,STR637423,00-0035334,3800,Kevin Strong,K.Strong,NT,https://static.www.nfl.com/image/private/{formatInstructions}/league/ayepxrrynzz6cnxf5xco,92,1,0,0,0,20,5.272080392903369
2023,REG,2,2023091708,59198,09/17/2023,3800,ARI,3410,NYG,home,2,4.577731882513236,LED300302,00-0035343,3800,Jonathan Ledbetter,J.Ledbetter,DE,https://static.www.nfl.com/image/private/{formatInstructions}/league/vipmbrcixn2huexfkobd,93,2,0,0,0,18,5.420275365389481
2023,REG,2,2023091708,59198,09/17/2023,3800,ARI,3410,NYG,home,3,4.577731882513236,COL712276,00-0036933,3800,Zaven Collins,Z.Collins,OLB,https://static.www.nfl.com/image/private/{formatInstructions}/league/vrcmqlsrh8zwppjce3z6,25,2,1,0,0,17,5.3375317068344055
2023,REG,2,2023091708,59198,09/17/2023,3800,ARI,3410,NYG,home,4,4.577731882513236,THO063745,00-0037815,3800,Cameron Thomas,C.Thomas,OLB,https://static.www.nfl.com/image/private/{formatInstructions}/league/o2sjlgsv60hod3zljns1,97,1,0,0,0,16,4.5609736233385405
2023,REG,2,2023091708,59198,09/17/2023,3800,ARI,3410,NYG,visitor,1,4.577731882513236,LAW288048,00-0035683,3410,Dexter Lawrence,D.Lawrence,NT,https://static.www.nfl.com/image/private/{formatInstructions}/league/mq1gfsw7gfz3jithkivb,97,3,1,0,0,21,3.3648391169570546
2023,REG,2,2023091708,59198,09/17/2023,3800,ARI,3410,NYG,visitor,2,4.577731882513236,THI172866,00-0037611,3410,Kayvon Thibodeaux,K.Thibodeaux,OLB,https://static.www.nfl.com/image/private/{formatInstructions}/league/ssdyrj5nmrcos9zv1e4d,5,0,0,0,0,21,5.3405690575752915
2023,REG,2,2023091708,59198,09/17/2023,3800,ARI,3410,NYG,visitor,3,4.577731882513236,WIL426411,00-0031933,3410,Leonard Williams,L.Williams,DT,https://static.www.nfl.com/image/private/{formatInstructions}/league/nbs0nno2aekmxfryiykv,99,0,0,0,0,19,4.138732081229592
2023,REG,2,2023091708,59198,09/17/2023,3800,ARI,3410,NYG,visitor,4,4.577731882513236,WAR208421,00-0033046,3410,Jihad Ward,J.Ward,DE,https://static.www.nfl.com/image/private/{formatInstructions}/league/woivzfnzublubulaiox1,55,1,0,0,0,12,4.761964754258255
2023,REG,2,2023091709,59199,09/17/2023,2510,LA,4500,SF,home,1,4.577731882513236,DON134977,00-0031388,2510,Aaron Donald,A.Donald,DT,https://static.www.nfl.com/image/private/{formatInstructions}/league/gou42dathlyc1rfn4pga,99,0,0,0,0,19,4.794496348455751
2023,REG,2,2023091709,59199,09/17/2023,2510,LA,4500,SF,home,2,4.577731882513236,TUR561805,00-0039138,2510,Kobie Turner,K.Turner,NT,https://static.www.nfl.com/image/private/{formatInstructions}/league/ouhisfkb6jyedo6jj0m4,91,1,1,0,0,13,3.805091634627241
2023,REG,2,2023091709,59199,09/17/2023,2510,LA,4500,SF,home,3,4.577731882513236,HOE044723,00-0035933,2510,Michael Hoecht,M.Hoecht,OLB,https://static.www.nfl.com/image/private/{formatInstructions}/league/ufxnrf3mqht5ijy0ln2i,97,4,2,0,0,11,4.484742452255492
2023,REG,2,2023091709,59199,09/17/2023,2510,LA,4500,SF,home,4,4.577731882513236,YOU127040,00-0039137,2510,Byron Young,B.Young,OLB,https://static.www.nfl.com/image/private/{formatInstructions}/league/bdfvfh0776dv0sn447pq,0,3,2,1,0,11,4.440799273947622
2023,REG,2,2023091709,59199,09/17/2023,2510,LA,4500,SF,visitor,1,4.577731882513236,BOS073285,00-0035717,4500,Nick Bosa,N.Bosa,DE,https://static.www.nfl.com/image/private/{formatInstructions}/league/pzdj8ys2wqjc92hafziy,97,1,1,0,0,41,4.0088418762174145
2023,REG,2,2023091709,59199,09/17/2023,2510,LA,4500,SF,visitor,2,4.577731882513236,ARM057964,00-0032164,4500,Arik Armstead,A.Armstead,DT,https://static.www.nfl.com/image/private/{formatInstructions}/league/pfagislv7uhsnwi7pviu,91,3,1,0,0,32,4.74930275200483
2023,REG,2,2023091709,59199,09/17/2023,2510,LA,4500,SF,visitor,3,4.577731882513236,HAR143881,00-0033109,4500,Javon Hargrave,J.Hargrave,DT,https://static.www.nfl.com/image/private/{formatInstructions}/league/z8mrwlgmuug7yjkood5k,98,0,1,0,0,32,3.622008753898742
2023,REG,2,2023091709,59199,09/17/2023,2510,LA,4500,SF,visitor,4,4.577731882513236,FER558663,00-0035692,4500,Clelin Ferrell,C.Ferrell,DE,https://static.www.nfl.com/image/private/{formatInstructions}/league/vhx1ps64hgi1edob2pgd,94,0,0,0,0,27,4.803176667590624
2023,REG,2,2023091710,59200,09/17/2023,1200,DAL,3430,NYJ,home,1,4.577731882513236,PAR753418,00-0036932,1200,Micah Parsons,M.Parsons,OLB,https://static.www.nfl.com/image/private/{formatInstructions}/league/vnasvto6q1izyolgu7db,11,4,0,2,1,20,2.647249073592419
2023,REG,2,2023091710,59200,09/17/2023,1200,DAL,3430,NYJ,home,2,4.577731882513236,LAW282118,00-0031411,1200,Demarcus Lawrence,D.Lawrence,DE,https://static.www.nfl.com/image/private/{formatInstructions}/league/zqkya3dftem6ykdpsjem,90,2,0,0,0,13,2.744410360435289
2023,REG,2,2023091710,59200,09/17/2023,1200,DAL,3430,NYJ,home,3,4.577731882513236,ODI118654,00-0036942,1200,Osa Odighizuwa,O.Odighizuwa,DT,https://static.www.nfl.com/image/private/{formatInstructions}/league/l6baz1fnywtp18wcydrd,97,2,0,1,0,13,2.9632018953357506
2023,REG,2,2023091710,59200,09/17/2023,1200,DAL,3430,NYJ,home,4,4.577731882513236,GOL699429,00-0036982,1200,Chauncey Golston,C.Golston,DT,https://static.www.nfl.com/image/private/{formatInstructions}/league/pujipnonv93bzijwmqmy,99,0,1,0,0,9,3.9542355840711383
2023,REG,2,2023091710,59200,09/17/2023,1200,DAL,3430,NYJ,visitor,1,4.577731882513236,JOH789955,00-0037663,3430,Jermaine Johnson,J.Johnson,OLB,https://static.www.nfl.com/image/private/{formatInstructions}/league/tksswzrbrb6ndpbczqon,11,4,0,0,0,25,5.151968876820938
2023,REG,2,2023091710,59200,09/17/2023,1200,DAL,3430,NYJ,visitor,2,4.577731882513236,WIL132672,00-0035718,3430,Quinnen Williams,Q.Williams,NT,https://static.www.nfl.com/image/private/{formatInstructions}/league/ftjeq2xr9mvck8mfkute,95,5,1,0,0,23,4.45611884379301
2023,REG,2,2023091710,59200,09/17/2023,1200,DAL,3430,NYJ,visitor,3,4.577731882513236,FRA563573,00-0034805,3430,John Franklin-Myers,J.Franklin-Myers,DE,https://static.www.nfl.com/image/private/{formatInstructions}/league/q4aysumc2wxfocjtpdkl,91,2,0,0,0,15,4.280360435832208
2023,REG,2,2023091710,59200,09/17/2023,1200,DAL,3430,NYJ,visitor,4,4.577731882513236,JEF350399,00-0032416,3430,Quinton Jefferson,Q.Jefferson,DE,https://static.www.nfl.com/image/private/{formatInstructions}/league/jjo6ujxfsbzpbumpsf0e,70,1,3,0,0,14,4.77075452034177
2023,REG,2,2023091711,59201,09/17/2023,1400,DEN,5110,WAS,home,1,4.577731882513236,ALL656181,00-0035248,1400,Zach Allen,Z.Allen,DE,https://static.www.nfl.com/image/private/{formatInstructions}/league/jbqsgpcisn8px60ab3xf,99,0,2,0,0,31,4.232518968750279
2023,REG,2,2023091711,59201,09/17/2023,1400,DEN,5110,WAS,home,2,4.577731882513236,GRE789590,00-0032197,1400,Randy Gregory,R.Gregory,OLB,https://static.www.nfl.com/image/private/{formatInstructions}/league/lgbv1xvdo0uit7uwkdek,5,3,2,1,0,23,4.670678537701068
2023,REG,2,2023091711,59201,09/17/2023,1400,DEN,5110,WAS,home,3,4.577731882513236,BON490179,00-0037249,1400,Nik Bonitto,N.Bonitto,OLB,https://static.www.nfl.com/image/private/{formatInstructions}/league/anc7attkmiqpqqocleun,42,2,0,1,0,22,3.3301061188900722
2023,REG,2,2023091711,59201,09/17/2023,1400,DEN,5110,WAS,home,4,4.577731882513236,COO617139,00-0036952,1400,Jonathon Cooper,J.Cooper,OLB,https://static.www.nfl.com/image/private/{formatInstructions}/league/dvuos7qbtpi5jmo41sry,0,3,5,2,1,19,4.0852696185988835
2023,REG,2,2023091711,59201,09/17/2023,1400,DEN,5110,WAS,visitor,1,4.577731882513236,ALL512725,00-0033523,5110,Jonathan Allen,J.Allen,DT,https://static.www.nfl.com/image/private/{formatInstructions}/league/uyc2yzn3jzzmx8zkswex,93,1,2,0,0,21,4.50678286131124
2023,REG,2,2023091711,59201,09/17/2023,1400,DEN,5110,WAS,visitor,2,4.577731882513236,PAY281222,00-0034333,5110,Daron Payne,D.Payne,DT,https://static.www.nfl.com/image/private/{formatInstructions}/league/vxrbsde7ynj9mahsxfcs,94,5,0,1,0,19,4.647303706604004
2023,REG,2,2023091711,59201,09/17/2023,1400,DEN,5110,WAS,visitor,3,4.577731882513236,SWE034375,00-0035647,5110,Montez Sweat,M.Sweat,DE,https://static.www.nfl.com/image/private/{formatInstructions}/league/hnx2ujifcc1ad4gw0iby,90,2,2,1,0,18,3.8199578848767692
2023,REG,2,2023091711,59201,09/17/2023,1400,DEN,5110,WAS,visitor,4,4.577731882513236,YOU146550,00-0036321,5110,Chase Young,C.Young,DE,https://static.www.nfl.com/image/private/{formatInstructions}/league/unhlp0qze9qqegfxe6rd,99,2,1,1,0,17,3.9203469590712294
2023,REG,2,2023091712,59202,09/17/2023,3200,NE,2700,MIA,home,1,4.577731882513236,WIS078731,00-0033947,3200,Deatrich Wise,D.Wise,DE,https://static.www.nfl.com/image/private/{formatInstructions}/league/bxwmlzyorjsos6w7g2x6,91,0,3,0,0,18,4.952152040815448
2023,REG,2,2023091712,59202,09/17/2023,3200,NE,2700,MIA,home,2,4.577731882513236,JUD442977,00-0032415,3200,Matt Judon,M.Judon,OLB,https://static.www.nfl.com/image/private/{formatInstructions}/league/gzqaca6m73uzgwczrw7z,9,4,0,1,0,17,4.298166017500489
2023,REG,2,2023091712,59202,09/17/2023,3200,NE,2700,MIA,home,3,4.577731882513236,BAR221986,00-0036981,3200,Christian Barmore,C.Barmore,DT,https://static.www.nfl.com/image/private/{formatInstructions}/league/h4rtemvkpsx1uyjvnm63,90,1,0,0,0,16,4.295017169792589
2023,REG,2,2023091712,59202,09/17/2023,3200,NE,2700,MIA,home,4,4.577731882513236,EKU059326,00-0034251,3200,Daniel Ekuale,D.Ekuale,DT,https://static.www.nfl.com/image/private/{formatInstructions}/league/lj9dekf0gg90pljbtbiq,95,0,0,0,0,13,4.6067359396313075
2023,REG,2,2023091712,59202,09/17/2023,3200,NE,2700,MIA,visitor,1,4.577731882513236,WIL081088,00-0035231,2700,Christian Wilkins,C.Wilkins,DE,https://static.www.nfl.com/image/private/{formatInstructions}/league/yngx6poa67gosj2oiwk1,94,4,2,1,0,30,4.608786083782651
2023,REG,2,2023091712,59202,09/17/2023,3200,NE,2700,MIA,visitor,2,4.577731882513236,VAN463493,00-0035272,2700,Andrew Van Ginkel,A.Van Ginkel,OLB,https://static.www.nfl.com/image/private/{formatInstructions}/league/tq7dbfmycd7qrbal5lvb,43,2,4,1,0,30,4.1496584044630405
2023,REG,2,2023091712,59202,09/17/2023,3200,NE,2700,MIA,visitor,3,4.577731882513236,CHU028799,00-0034832,2700,Bradley Chubb,B.Chubb,OLB,https://static.www.nfl.com/image/private/{formatInstructions}/league/to1i0hqzw9xoy0tgm9ck,2,5,2,1,1,29,3.449202919370932
2023,REG,2,2023091712,59202,09/17/2023,3200,NE,2700,MIA,visitor,4,4.577731882513236,SIE410345,00-0034285,2700,Zach Sieler,Z.Sieler,DE,https://static.www.nfl.com/image/private/{formatInstructions}/league/me66zdnhvswxahqsvlrn,92,1,3,0,0,28,4.587291461043433
2023,REG,2,2023091800,59203,09/18/2023,0750,CAR,3300,NO,home,1,4.577731882513236,BRO393541,00-0036220,0750,Derrick Brown,Der.Brown,DE,https://static.www.nfl.com/image/private/{formatInstructions}/league/snjd4zlvrynmvcnlohej,95,4,3,0,0,34,4.718429410478449
2023,REG,2,2023091800,59203,09/18/2023,0750,CAR,3300,NO,home,2,4.577731882513236,BUR435186,00-0035713,0750,Brian Burns,B.Burns,OLB,https://static.www.nfl.com/image/private/{formatInstructions}/league/pigkreclt8lczii5r2on,0,0,2,0,0,26,4.107615090904852
2023,REG,2,2023091800,59203,09/18/2023,0750,CAR,3300,NO,home,3,4.577731882513236,HOU476949,00-0028008,0750,Justin Houston,J.Houston,OLB,https://static.www.nfl.com/image/private/{formatInstructions}/league/dtzoiwbtc880lbbknvya,50,1,1,0,0,25,3.7729626339490743
2023,REG,2,2023091800,59203,09/18/2023,0750,CAR,3300,NO,home,4,4.577731882513236,WIL234247,00-0031795,0750,DeShawn Williams,D.Williams,DE,https://static.www.nfl.com/image/private/{formatInstructions}/league/bapcfixbhpeqj6t3z1e9,96,2,1,0,0,18,5.32608168251863
2023,REG,2,2023091800,59203,09/18/2023,0750,CAR,3300,NO,visitor,1,4.577731882513236,GRA291153,00-0035402,3300,Carl Granderson,C.Granderson,DE,https://static.www.nfl.com/image/private/{formatInstructions}/league/n1thp9nf1gnbj3epsec5,96,2,0,1,1,20,4.677812609374202
2023,REG,2,2023091800,59203,09/18/2023,0750,CAR,3300,NO,visitor,2,4.577731882513236,JOR051224,00-0027962,3300,Cameron Jordan,C.Jordan,DE,https://static.www.nfl.com/image/private/{formatInstructions}/league/jbcyxaoosrmj0pn5ynjb,94,1,3,0,0,19,4.554848735334497
2023,REG,2,2023091800,59203,09/18/2023,0750,CAR,3300,NO,visitor,3,4.577731882513236,SHE517895,00-0034760,3300,Nathan Shepherd,N.Shepherd,DT,https://static.www.nfl.com/image/private/{formatInstructions}/league/etxkcvubkmc4x2qncx5d,93,1,1,1,0,16,5.2063437808808475
2023,REG,2,2023091800,59203,09/18/2023,0750,CAR,3300,NO,visitor,4,4.577731882513236,SAU693939,00-0035656,3300,Khalen Saunders,K.Saunders,DT,https://static.www.nfl.com/image/private/{formatInstructions}/league/ezc70oyuoknohnm1ugw0,99,3,1,0,0,15,5.426301310958332
2023,REG,2,2023091801,59204,09/18/2023,3900,PIT,1050,CLE,home,1,4.577731882513236,WAT587616,00-0033886,3900,T.J. Watt,T.Watt,OLB,https://static.www.nfl.com/image/private/{formatInstructions}/league/yuqxfzlqjuz7yho5fdpg,90,2,2,1,0,31,4.8107505040944565
2023,REG,2,2023091801,59204,09/18/2023,3900,PIT,1050,CLE,home,2,4.577731882513236,HIG595832,00-0036333,3900,Alex Highsmith,A.Highsmith,OLB,https://static.www.nfl.com/image/private/{formatInstructions}/league/xovqquaydxhhxbsiumfu,56,5,2,1,1,28,4.061437268833563
2023,REG,2,2023091801,59204,09/18/2023,3900,PIT,1050,CLE,home,3,4.577731882513236,ADA519824,00-0033929,3900,Montravius Adams,M.Adams,NT,https://static.www.nfl.com/image/private/{formatInstructions}/league/bt78obedupn95s6fq3m3,57,1,2,0,1,21,4.45336304495666
2023,REG,2,2023091801,59204,09/18/2023,3900,PIT,1050,CLE,home,4,4.577731882513236,OGU431455,00-0033905,3900,Larry Ogunjobi,L.Ogunjobi,DT,https://static.www.nfl.com/image/private/{formatInstructions}/league/lwy0ylpaxchvs61rbkjk,99,3,1,1,0,20,5.109754490230834
2023,REG,2,2023091801,59204,09/18/2023,3900,PIT,1050,CLE,visitor,1,4.577731882513236,SMI827086,00-0031576,1050,Za'Darius Smith,Z.Smith,DE,https://static.www.nfl.com/image/private/{formatInstructions}/league/xysjqfrdv1bvqocjyhsu,99,1,0,0,0,20,4.428478413512723
2023,REG,2,2023091801,59204,09/18/2023,3900,PIT,1050,CLE,visitor,2,4.577731882513236,GAR528896,00-0033868,1050,Myles Garrett,M.Garrett,DE,https://static.www.nfl.com/image/private/{formatInstructions}/league/y33rmtjxhgil7cjcftlc,95,1,0,0,0,19,3.8862144559853
2023,REG,2,2023091801,59204,09/18/2023,3900,PIT,1050,CLE,visitor,3,4.577731882513236,TOM676763,00-0033546,1050,Dalvin Tomlinson,D.Tomlinson,DT,https://static.www.nfl.com/image/private/{formatInstructions}/league/bopmatmiwmclctokq7b6,94,0,0,0,0,15,3.4251391945621688
2023,REG,2,2023091801,59204,09/18/2023,3900,PIT,1050,CLE,visitor,4,4.577731882513236,OKO385924,00-0034807,1050,Ogbonnia Okoronkwo,O.Okoronkwo,DE,https://static.www.nfl.com/image/private/{formatInstructions}/league/wmrog0aalbtkxnvsywej,54,1,2,0,0,14,4.63544182332768
2023,REG,3,2023092100,59205,09/21/2023,4500,SF,3410,NYG,home,1,4.577731882513236,BOS073285,00-0035717,4500,Nick Bosa,N.Bosa,DE,https://static.www.nfl.com/image/private/{formatInstructions}/league/pzdj8ys2wqjc92hafziy,97,2,1,1,0,24,4.887781547904582
2023,REG,3,2023092100,59205,09/21/2023,4500,SF,3410,NYG,home,2,4.577731882513236,ARM057964,00-0032164,4500,Arik Armstead,A.Armstead,DT,https://static.www.nfl.com/image/private/{formatInstructions}/league/pfagislv7uhsnwi7pviu,91,0,0,0,0,23,5.183000726877046
2023,REG,3,2023092100,59205,09/21/2023,4500,SF,3410,NYG,home,3,4.577731882513236,JAC142755,00-0037826,4500,Drake Jackson,D.Jackson,DE,https://static.www.nfl.com/image/private/{formatInstructions}/league/qpszpd2h4ulbm2ghav6o,95,0,0,0,0,22,5.126753493300883
2023,REG,3,2023092100,59205,09/21/2023,4500,SF,3410,NYG,home,4,4.577731882513236,HAR143881,00-0033109,4500,Javon Hargrave,J.Hargrave,DT,https://static.www.nfl.com/image/private/{formatInstructions}/league/z8mrwlgmuug7yjkood5k,98,1,2,1,0,21,4.065817795241084
2023,REG,3,2023092100,59205,09/21/2023,4500,SF,3410,NYG,visitor,1,4.577731882513236,WIL426411,00-0031933,3410,Leonard Williams,L.Williams,DT,https://static.www.nfl.com/image/private/{formatInstructions}/league/nbs0nno2aekmxfryiykv,99,4,2,0,0,29,4.504218029206155
2023,REG,3,2023092100,59205,09/21/2023,4500,SF,3410,NYG,visitor,2,4.577731882513236,LAW288048,00-0035683,3410,Dexter Lawrence,D.Lawrence,NT,https://static.www.nfl.com/image/private/{formatInstructions}/league/mq1gfsw7gfz3jithkivb,97,4,3,0,0,28,4.451194335481581
2023,REG,3,2023092100,59205,09/21/2023,4500,SF,3410,NYG,visitor,3,4.577731882513236,THI172866,00-0037611,3410,Kayvon Thibodeaux,K.Thibodeaux,OLB,https://static.www.nfl.com/image/private/{formatInstructions}/league/ssdyrj5nmrcos9zv1e4d,5,1,2,1,0,26,5.31765003442167
2023,REG,3,2023092100,59205,09/21/2023,4500,SF,3410,NYG,visitor,4,4.577731882513236,WAR208421,00-0033046,3410,Jihad Ward,J.Ward,DE,https://static.www.nfl.com/image/private/{formatInstructions}/league/woivzfnzublubulaiox1,55,1,0,0,0,15,5.3705749980538275
2023,REG,3,2023092400,59206,09/24/2023,0325,BAL,2200,IND,home,1,4.577731882513236,CLO535848,00-0031364,0325,Jadeveon Clowney,J.Clowney,OLB,https://static.www.nfl.com/image/private/{formatInstructions}/league/rmuagbaye1s4hfevcqov,24,2,1,0,0,30,4.491931380311907
2023,REG,3,2023092400,59206,09/24/2023,0325,BAL,2200,IND,home,2,4.577731882513236,MAD784440,00-0036130,0325,Justin Madubuike,J.Madubuike,DT,https://static.www.nfl.com/image/private/{formatInstructions}/league/tvitcjl2ahtfjqogd2rx,92,4,0,0,0,25,4.397732263624374
2023,REG,3,2023092400,59206,09/24/2023,0325,BAL,2200,IND,home,3,4.577731882513236,PIE424893,00-0032574,0325,Michael Pierce,M.Pierce,NT,https://static.www.nfl.com/image/private/{formatInstructions}/league/tydggsdjwzhhl36qztc0,58,3,2,0,0,24,5.24229773347759
2023,REG,3,2023092400,59206,09/24/2023,0325,BAL,2200,IND,home,4,4.577731882513236,MOO060557,00-0037179,0325,Jeremiah Moon,J.Moon,OLB,https://static.www.nfl.com/image/private/{formatInstructions}/league/emrumg4njata7npeirhk,48,2,3,0,0,21,4.694777347137576
2023,REG,3,2023092400,59206,09/24/2023,0325,BAL,2200,IND,visitor,1,4.577731882513236,BUC768760,00-0032378,2200,DeForest Buckner,D.Buckner,DT,https://static.www.nfl.com/image/private/{formatInstructions}/league/ls2tzitcuhmhwug8ohwj,99,1,1,0,0,27,3.797203326846702
2023,REG,3,2023092400,59206,09/24/2023,0325,BAL,2200,IND,visitor,2,4.577731882513236,PAY168986,00-0036479,2200,Kwity Paye,K.Paye,DE,https://static.www.nfl.com/image/private/{formatInstructions}/league/qo9cpabig7tusr8r49ud,51,3,0,1,0,25,3.7657017061852947
2023,REG,3,2023092400,59206,09/24/2023,0325,BAL,2200,IND,visitor,3,4.577731882513236,EBU355964,00-0033945,2200,Samson Ebukam,S.Ebukam,DE,https://static.www.nfl.com/image/private/{formatInstructions}/league/feoglrxvambjd4u4tdq6,52,4,1,1,1,24,4.069209282805832
2023,REG,3,2023092400,59206,09/24/2023,0325,BAL,2200,IND,visitor,4,4.577731882513236,STE757436,00-0033952,2200,Grover Stewart,G.Stewart,DT,https://static.www.nfl.com/image/private/{formatInstructions}/league/itfivv55jb7j4twbsz0a,90,3,2,0,0,17,3.7783913251703476
2023,REG,3,2023092401,59207,09/24/2023,1050,CLE,2100,TEN,home,1,4.577731882513236,GAR528896,00-0033868,1050,Myles Garrett,M.Garrett,DE,https://static.www.nfl.com/image/private/{formatInstructions}/league/y33rmtjxhgil7cjcftlc,95,4,1,3,1,25,3.3940828842199973
2023,REG,3,2023092401,59207,09/24/2023,1050,CLE,2100,TEN,home,2,4.577731882513236,OKO385924,00-0034807,1050,Ogbonnia Okoronkwo,O.Okoronkwo,DE,https://static.www.nfl.com/image/private/{formatInstructions}/league/wmrog0aalbtkxnvsywej,54,1,1,0,0,20,4.786662452946316
2023,REG,3,2023092401,59207,09/24/2023,1050,CLE,2100,TEN,home,3,4.577731882513236,SMI827086,00-0031576,1050,Za'Darius Smith,Z.Smith,DE,https://static.www.nfl.com/image/private/{formatInstructions}/league/xysjqfrdv1bvqocjyhsu,99,0,2,0,0,18,4.182808148286391
2023,REG,3,2023092401,59207,09/24/2023,1050,CLE,2100,TEN,home,4,4.577731882513236,TOM676763,00-0033546,1050,Dalvin Tomlinson,D.Tomlinson,DT,https://static.www.nfl.com/image/private/{formatInstructions}/league/bopmatmiwmclctokq7b6,94,0,1,0,0,15,4.172468079847548
2023,REG,3,2023092401,59207,09/24/2023,1050,CLE,2100,TEN,visitor,1,4.577731882513236,SIM204336,00-0035643,2100,Jeffery Simmons,J.Simmons,DT,https://static.www.nfl.com/image/private/{formatInstructions}/league/bmlla8bf1h8hxulhcwhv,98,2,0,0,0,23,5.392657951459973
2023,REG,3,2023092401,59207,09/24/2023,1050,CLE,2100,TEN,visitor,2,4.577731882513236,AUT529722,00-0031254,2100,Denico Autry,D.Autry,DE,https://static.www.nfl.com/image/private/{formatInstructions}/league/fm0gjc1jtbgmmsr4gs9l,96,2,0,1,1,21,4.627979218573809
2023,REG,3,2023092401,59207,09/24/2023,1050,CLE,2100,TEN,visitor,3,4.577731882513236,KEY099037,00-0034825,2100,Arden Key,A.Key,OLB,https://static.www.nfl.com/image/private/{formatInstructions}/league/psoje6looquofelpery9,49,1,2,0,0,15,4.990897806648544
2023,REG,3,2023092401,59207,09/24/2023,1050,CLE,2100,TEN,visitor,4,4.577731882513236,LAN159704,00-0034828,2100,Harold Landry,H.Landry,OLB,https://static.www.nfl.com/image/private/{formatInstructions}/league/akafrpdcokvwz2psbbmj,58,1,1,0,0,14,4.583717167818516
2023,REG,3,2023092402,59208,09/24/2023,1540,DET,0200,ATL,home,1,4.577731882513236,HUT099869,00-0037236,1540,Aidan Hutchinson,A.Hutchinson,DE,https://static.www.nfl.com/image/private/{formatInstructions}/league/zywrtjyja5l8efay1six,97,3,1,2,1,31,4.227899321335793
2023,REG,3,2023092402,59208,09/24/2023,1540,DET,0200,ATL,home,2,4.577731882513236,HAR348374,00-0033880,1540,Charles Harris,C.Harris,DE,https://static.www.nfl.com/image/private/{formatInstructions}/league/pcbi9d4g6yf4kxrurct1,53,3,0,1,0,27,4.705309647771569
2023,REG,3,2023092402,59208,09/24/2023,1540,DET,0200,ATL,home,3,4.577731882513236,COM275428,00-0035265,1540,John Cominsky,J.Cominsky,DE,https://static.www.nfl.com/image/private/{formatInstructions}/league/u6asvfs4kqjcuxvvz0tl,79,0,1,0,0,24,4.798129070792664
2023,REG,3,2023092402,59208,09/24/2023,1540,DET,0200,ATL,home,4,4.577731882513236,MCN611247,00-0036624,1540,Alim McNeill,A.McNeill,DT,https://static.www.nfl.com/image/private/{formatInstructions}/league/hrqtcha6t35jwvoswc1k,54,2,1,1,0,19,4.4203320505421315
2023,REG,3,2023092402,59208,09/24/2023,1540,DET,0200,ATL,visitor,1,4.577731882513236,DUP507860,00-0032146,0200,Bud Dupree,B.Dupree,OLB,https://static.www.nfl.com/image/private/{formatInstructions}/league/i2b1ykt4jgmdabmwoqoo,48,2,0,0,0,23,4.876897022161447
2023,REG,3,2023092402,59208,09/24/2023,1540,DET,0200,ATL,visitor,2,4.577731882513236,JAR254349,00-0031583,0200,Grady Jarrett,G.Jarrett,DT,https://static.www.nfl.com/image/private/{formatInstructions}/league/u661ulortedxea2p1sq7,97,2,2,0,0,22,3.77586132330011
2023,REG,3,2023092402,59208,09/24/2023,1540,DET,0200,ATL,visitor,3,4.577731882513236,CAM208843,00-0026190,0200,Calais Campbell,C.Campbell,DE,https://static.www.nfl.com/image/private/{formatInstructions}/league/wbrve7zrrqiuknohpecm,93,1,2,0,0,17,5.011532233138871
2023,REG,3,2023092402,59208,09/24/2023,1540,DET,0200,ATL,visitor,4,4.577731882513236,ONY164481,00-0033051,0200,David Onyemata,D.Onyemata,DT,https://static.www.nfl.com/image/private/{formatInstructions}/league/uyu66sa3d2gpsh5tyhxw,90,1,2,0,0,14,3.892053139840951
2023,REG,3,2023092403,59209,09/24/2023,1800,GB,3300,NO,home,1,4.577731882513236,CLA409251,00-0033120,1800,Kenny Clark,K.Clark,DE,https://static.www.nfl.com/image/private/{formatInstructions}/league/xehidvio5jubhvwgsklr,97,3,1,1,0,33,4.140880309401953
2023,REG,3,2023092403,59209,09/24/2023,1800,GB,3300,NO,home,2,4.577731882513236,SMI576520,00-0031935,1800,Preston Smith,P.Smith,OLB,https://static.www.nfl.com/image/private/{formatInstructions}/league/pohwua1xxcajtggbemhr,91,0,1,0,0,24,4.455892088587652
2023,REG,3,2023092403,59209,09/24/2023,1800,GB,3300,NO,home,3,4.577731882513236,BRO132842,00-0038398,1800,Karl Brooks,K.Brooks,NT,https://static.www.nfl.com/image/private/{formatInstructions}/league/guin0qvgptaeequepnvk,94,0,0,0,0,20,3.942610124267678
2023,REG,3,2023092403,59209,09/24/2023,1800,GB,3300,NO,home,4,4.577731882513236,GAR766759,00-0034967,1800,Rashan Gary,R.Gary,OLB,https://static.www.nfl.com/image/private/{formatInstructions}/league/t4clz4xe8sfxszmvohfo,52,3,0,3,0,19,3.1821663531997917
2023,REG,3,2023092403,59209,09/24/2023,1800,GB,3300,NO,visitor,1,4.577731882513236,JOR051224,00-0027962,3300,Cameron Jordan,C.Jordan,DE,https://static.www.nfl.com/image/private/{formatInstructions}/league/jbcyxaoosrmj0pn5ynjb,94,0,0,0,0,35,4.343761928459551
2023,REG,3,2023092403,59209,09/24/2023,1800,GB,3300,NO,visitor,2,4.577731882513236,GRA291153,00-0035402,3300,Carl Granderson,C.Granderson,DE,https://static.www.nfl.com/image/private/{formatInstructions}/league/n1thp9nf1gnbj3epsec5,96,2,2,0,0,25,5.081901845305314
2023,REG,3,2023092403,59209,09/24/2023,1800,GB,3300,NO,visitor,3,4.577731882513236,BRE510679,00-0038995,3300,Bryan Bresee,B.Bresee,DT,https://static.www.nfl.com/image/private/{formatInstructions}/league/ndia5grzqsvtxhql50ss,90,2,0,0,0,19,4.248496135316418
2023,REG,3,2023092403,59209,09/24/2023,1800,GB,3300,NO,visitor,4,4.577731882513236,SHE517895,00-0034760,3300,Nathan Shepherd,N.Shepherd,DT,https://static.www.nfl.com/image/private/{formatInstructions}/league/etxkcvubkmc4x2qncx5d,93,0,1,0,0,16,4.452854254564025
2023,REG,3,2023092404,59210,09/24/2023,2250,JAX,2120,HOU,home,1,4.577731882513236,ROB360907,00-0032667,2250,Roy Robertson-Harris,R.Robertson-Harris,DT,https://static.www.nfl.com/image/private/{formatInstructions}/league/rb0pmtszstbyggfqtriw,95,2,3,0,0,20,4.174187735873025
2023,REG,3,2023092404,59210,09/24/2023,2250,JAX,2120,HOU,home,2,4.577731882513236,WAL335860,00-0037235,2250,Travon Walker,T.Walker,OLB,https://static.www.nfl.com/image/private/{formatInstructions}/league/u578pgqmortimghxzgev,44,3,1,0,0,19,3.9287549136890116
2023,REG,3,2023092404,59210,09/24/2023,2250,JAX,2120,HOU,home,3,4.577731882513236,ALL528759,00-0035642,2250,Josh Allen,J.Allen,OLB,https://static.www.nfl.com/image/private/{formatInstructions}/league/q807jedjb7igab4graoe,41,0,2,0,0,18,3.441483682882757
2023,REG,3,2023092404,59210,09/24/2023,2250,JAX,2120,HOU,home,4,4.577731882513236,FAT652601,00-0034275,2250,Folorunso Fatukasi,F.Fatukasi,DT,https://static.www.nfl.com/image/private/{formatInstructions}/league/b2vqwq8lg6vqgco0xhq1,94,2,0,0,0,12,5.373467375954981
2023,REG,3,2023092404,59210,09/24/2023,2250,JAX,2120,HOU,visitor,1,4.577731882513236,GRE397948,00-0036224,2120,Jonathan Greenard,J.Greenard,DE,https://static.www.nfl.com/image/private/{formatInstructions}/league/mgn1hyalnf83cwhn7iwo,52,3,0,0,0,20,4.037760832751303
2023,REG,3,2023092404,59210,09/24/2023,2250,JAX,2120,HOU,visitor,2,4.577731882513236,AND627364,00-0039108,2120,Will Anderson,W.Anderson,DE,https://static.www.nfl.com/image/private/{formatInstructions}/league/ip0s1uogbdsiwpmx9fd8,51,3,1,0,0,20,3.540601807213677
2023,REG,3,2023092404,59210,09/24/2023,2250,JAX,2120,HOU,visitor,3,4.577731882513236,HIN240815,00-0037459,2120,Kurt Hinish,K.Hinish,DT,https://static.www.nfl.com/image/private/{formatInstructions}/league/kga9pwwrucw7uvqt3pj7,93,1,2,0,0,19,4.753559880085778
2023,REG,3,2023092404,59210,09/24/2023,2250,JAX,2120,HOU,visitor,4,4.577731882513236,HUG532081,00-0027881,2120,Jerry Hughes,J.Hughes,DE,https://static.www.nfl.com/image/private/{formatInstructions}/league/kpaim2ei9sq4kl3ye4li,55,2,0,0,0,18,4.056723863810287
2023,REG,3,2023092405,59211,09/24/2023,2700,MIA,1400,DEN,home,1,4.577731882513236,CHU028799,00-0034832,2700,Bradley Chubb,B.Chubb,OLB,https://static.www.nfl.com/image/private/{formatInstructions}/league/to1i0hqzw9xoy0tgm9ck,2,1,0,0,0,22,3.119724194992241
2023,REG,3,2023092405,59211,09/24/2023,2700,MIA,1400,DEN,home,2,4.577731882513236,SIE410345,00-0034285,2700,Zach Sieler,Z.Sieler,DE,https://static.www.nfl.com/image/private/{formatInstructions}/league/me66zdnhvswxahqsvlrn,92,0,1,0,0,18,4.274234363734774
2023,REG,3,2023092405,59211,09/24/2023,2700,MIA,1400,DEN,home,3,4.577731882513236,DAV626617,00-0036213,2700,Raekwon Davis,R.Davis,NT,https://static.www.nfl.com/image/private/{formatInstructions}/league/lltwebtstkiujskcosiw,98,0,0,0,0,18,5.0599390754249685
2023,REG,3,2023092405,59211,09/24/2023,2700,MIA,1400,DEN,home,4,4.577731882513236,WIL081088,00-0035231,2700,Christian Wilkins,C.Wilkins,DE,https://static.www.nfl.com/image/private/{formatInstructions}/league/yngx6poa67gosj2oiwk1,94,1,2,0,0,16,4.299784615986855
2023,REG,3,2023092405,59211,09/24/2023,2700,MIA,1400,DEN,visitor,1,4.577731882513236,ALL656181,00-0035248,1400,Zach Allen,Z.Allen,DE,https://static.www.nfl.com/image/private/{formatInstructions}/league/jbqsgpcisn8px60ab3xf,99,3,4,0,0,21,5.3069023687699985
2023,REG,3,2023092405,59211,09/24/2023,2700,MIA,1400,DEN,visitor,2,4.577731882513236,HAR450542,00-0035073,1400,Jonathan Harris,J.Harris,DE,https://static.www.nfl.com/image/private/{formatInstructions}/league/ys2maliulozxjdujbpdl,92,3,2,0,0,17,5.375962177598288
2023,REG,3,2023092405,59211,09/24/2023,2700,MIA,1400,DEN,visitor,3,4.577731882513236,GRE789590,00-0032197,1400,Randy Gregory,R.Gregory,OLB,https://static.www.nfl.com/image/private/{formatInstructions}/league/lgbv1xvdo0uit7uwkdek,5,0,0,0,0,14,4.395436003698754
2023,REG,3,2023092405,59211,09/24/2023,2700,MIA,1400,DEN,visitor,4,4.577731882513236,COO617139,00-0036952,1400,Jonathon Cooper,J.Cooper,OLB,https://static.www.nfl.com/image/private/{formatInstructions}/league/dvuos7qbtpi5jmo41sry,0,3,3,0,0,14,4.48517937912876
2023,REG,3,2023092406,59212,09/24/2023,3000,MIN,4400,LAC,home,1,4.577731882513236,HUN529240,00-0031565,3000,Danielle Hunter,D.Hunter,OLB,https://static.www.nfl.com/image/private/{formatInstructions}/league/mcimj8g9r5vhy4rzreih,99,3,1,1,1,40,4.883721708359064
2023,REG,3,2023092406,59212,09/24/2023,3000,MIN,4400,LAC,home,2,4.577731882513236,WON272160,00-0036335,3000,D.J. Wonnum,D.Wonnum,OLB,https://static.www.nfl.com/image/private/{formatInstructions}/league/eyocajqgfrigi444hnkq,98,0,1,0,0,37,4.93060517741295
2023,REG,3,2023092406,59212,09/24/2023,3000,MIN,4400,LAC,home,3,4.577731882513236,PHI215142,00-0034782,3000,Harrison Phillips,H.Phillips,DT,https://static.www.nfl.com/image/private/{formatInstructions}/league/qyfhltyov0a0rigpe0mu,97,2,0,0,0,25,4.450478062405275
2023,REG,3,2023092406,59212,09/24/2023,3000,MIN,4400,LAC,home,4,4.577731882513236,JON826250,00-0037007,3000,Patrick Jones,P.Jones,OLB,https://static.www.nfl.com/image/private/{formatInstructions}/league/ir3m4wipss4exri1xenv,91,0,1,0,0,21,4.865843174021286
2023,REG,3,2023092406,59212,09/24/2023,3000,MIN,4400,LAC,visitor,1,4.577731882513236,MAC325122,00-0031040,4400,Khalil Mack,K.Mack,DE,https://static.www.nfl.com/image/private/{formatInstructions}/league/hkxmcpv1vobtydr4yt7n,52,1,0,0,0,36,4.602744430809214
2023,REG,3,2023092406,59212,09/24/2023,3000,MIN,4400,LAC,visitor,2,4.577731882513236,TUI720077,00-0039111,4400,Tuli Tuipulotu,T.Tuipulotu,DE,https://static.www.nfl.com/image/private/{formatInstructions}/league/wdiuxzxcsalogxhdxdec,45,4,0,1,0,33,3.414021527800256
2023,REG,3,2023092406,59212,09/24/2023,3000,MIN,4400,LAC,visitor,3,4.577731882513236,FOX250058,00-0032671,4400,Morgan Fox,M.Fox,DT,https://static.www.nfl.com/image/private/{formatInstructions}/league/qvo06vbj0iivq9xntc1c,56,1,0,1,0,25,4.102967529259761
2023,REG,3,2023092406,59212,09/24/2023,3000,MIN,4400,LAC,visitor,4,4.577731882513236,JOS280126,00-0034810,4400,Sebastian Joseph,S.Joseph,DT,https://static.www.nfl.com/image/private/{formatInstructions}/league/smlfibms0dabjqpf29wg,51,2,2,1,0,22,3.8057573340732747
2023,REG,3,2023092407,59213,09/24/2023,3430,NYJ,3200,NE,home,1,4.577731882513236,WIL132672,00-0035718,3430,Quinnen Williams,Q.Williams,NT,https://static.www.nfl.com/image/private/{formatInstructions}/league/ftjeq2xr9mvck8mfkute,95,1,0,0,0,23,3.6062606514033746
2023,REG,3,2023092407,59213,09/24/2023,3430,NYJ,3200,NE,home,2,4.577731882513236,JOH789955,00-0037663,3430,Jermaine Johnson,J.Johnson,OLB,https://static.www.nfl.com/image/private/{formatInstructions}/league/tksswzrbrb6ndpbczqon,11,2,1,0,0,22,4.117451085385507
2023,REG,3,2023092407,59213,09/24/2023,3430,NYJ,3200,NE,home,3,4.577731882513236,FRA563573,00-0034805,3430,John Franklin-Myers,J.Franklin-Myers,DE,https://static.www.nfl.com/image/private/{formatInstructions}/league/q4aysumc2wxfocjtpdkl,91,1,1,0,0,20,4.185660079991509
2023,REG,3,2023092407,59213,09/24/2023,3430,NYJ,3200,NE,home,4,4.577731882513236,HUF090844,00-0036151,3430,Bryce Huff,B.Huff,DE,https://static.www.nfl.com/image/private/{formatInstructions}/league/we20nyvj1dcdepuob9xh,47,1,0,0,0,12,3.637270840062037
2023,REG,3,2023092407,59213,09/24/2023,3430,NYJ,3200,NE,visitor,1,4.577731882513236,WIS078731,00-0033947,3200,Deatrich Wise,D.Wise,DE,https://static.www.nfl.com/image/private/{formatInstructions}/league/bxwmlzyorjsos6w7g2x6,91,1,1,0,0,23,3.8817521677960447
2023,REG,3,2023092407,59213,09/24/2023,3430,NYJ,3200,NE,visitor,2,4.577731882513236,BAR221986,00-0036981,3200,Christian Barmore,C.Barmore,DT,https://static.www.nfl.com/image/private/{formatInstructions}/league/h4rtemvkpsx1uyjvnm63,90,1,1,1,0,23,3.157563031509608
2023,REG,3,2023092407,59213,09/24/2023,3430,NYJ,3200,NE,visitor,3,4.577731882513236,JUD442977,00-0032415,3200,Matt Judon,M.Judon,OLB,https://static.www.nfl.com/image/private/{formatInstructions}/league/gzqaca6m73uzgwczrw7z,9,2,3,2,0,18,3.5348932842938057
2023,REG,3,2023092407,59213,09/24/2023,3430,NYJ,3200,NE,visitor,4,4.577731882513236,GUY230716,00-0028171,3200,Lawrence Guy,L.Guy,DT,https://static.www.nfl.com/image/private/{formatInstructions}/league/jyc3hf6lyt5js3b7oon8,93,0,0,0,0,15,5.310117475172876
2023,REG,3,2023092408,59214,09/24/2023,5110,WAS,0610,BUF,home,1,4.577731882513236,YOU146550,00-0036321,5110,Chase Young,C.Young,DE,https://static.www.nfl.com/image/private/{formatInstructions}/league/unhlp0qze9qqegfxe6rd,99,3,0,0,0,22,5.504942569614752
2023,REG,3,2023092408,59214,09/24/2023,5110,WAS,0610,BUF,home,2,4.577731882513236,ALL512725,00-0033523,5110,Jonathan Allen,J.Allen,DT,https://static.www.nfl.com/image/private/{formatInstructions}/league/uyc2yzn3jzzmx8zkswex,93,0,1,0,0,21,4.360528462283021
2023,REG,3,2023092408,59214,09/24/2023,5110,WAS,0610,BUF,home,3,4.577731882513236,PAY281222,00-0034333,5110,Daron Payne,D.Payne,DT,https://static.www.nfl.com/image/private/{formatInstructions}/league/vxrbsde7ynj9mahsxfcs,94,3,0,0,0,21,5.767640625705681
2023,REG,3,2023092408,59214,09/24/2023,5110,WAS,0610,BUF,home,4,4.577731882513236,SWE034375,00-0035647,5110,Montez Sweat,M.Sweat,DE,https://static.www.nfl.com/image/private/{formatInstructions}/league/hnx2ujifcc1ad4gw0iby,90,1,0,0,0,18,5.052397532718838
2023,REG,3,2023092408,59214,09/24/2023,5110,WAS,0610,BUF,visitor,1,4.577731882513236,OLI290385,00-0035230,0610,Ed Oliver,E.Oliver,DT,https://static.www.nfl.com/image/private/{formatInstructions}/league/e2nyrgwol6dnvxotljae,91,2,2,1,0,19,3.52256611184232
2023,REG,3,2023092408,59214,09/24/2023,5110,WAS,0610,BUF,visitor,2,4.577731882513236,JON200565,00-0031054,0610,DaQuan Jones,D.Jones,DT,https://static.www.nfl.com/image/private/{formatInstructions}/league/eu9welnxn0w9otfxkz0k,92,1,4,1,0,15,2.5699546702692064
2023,REG,3,2023092408,59214,09/24/2023,5110,WAS,0610,BUF,visitor,3,4.577731882513236,EPE415291,00-0036192,0610,A.J. Epenesa,A.Epenesa,DE,https://static.www.nfl.com/image/private/{formatInstructions}/league/nimlvhdjfwqumq8ecrlw,57,1,0,1,0,15,3.56904051488971
2023,REG,3,2023092408,59214,09/24/2023,5110,WAS,0610,BUF,visitor,4,4.577731882513236,ROU617685,00-0036914,0610,Gregory Rousseau,G.Rousseau,DE,https://static.www.nfl.com/image/private/{formatInstructions}/league/insb9f4qznbgcfyreogp,50,2,0,1,0,15,2.906382275974145
2023,REG,3,2023092409,59215,09/24/2023,4600,SEA,0750,CAR,home,1,4.577731882513236,NWO593274,00-0034350,4600,Uchenna Nwosu,U.Nwosu,OLB,https://static.www.nfl.com/image/private/{formatInstructions}/league/z6fbgjrfgltuiq1okiex,10,2,0,0,0,38,4.222520041963987
2023,REG,3,2023092409,59215,09/24/2023,4600,SEA,0750,CAR,home,2,4.577731882513236,MAF415291,00-0038133,4600,Boye Mafe,B.Mafe,OLB,https://static.www.nfl.com/image/private/{formatInstructions}/league/sqtz8e4f9ccfhioap0qp,53,1,0,1,0,37,3.6754466272988524
2023,REG,3,2023092409,59215,09/24/2023,4600,SEA,0750,CAR,home,3,4.577731882513236,EDW608536,00-0032265,4600,Mario Edwards,M.Edwards,DE,https://static.www.nfl.com/image/private/{formatInstructions}/league/v6scke6urion0phdjllc,97,0,0,0,0,30,3.6396023459123117
2023,REG,3,2023092409,59215,09/24/2023,4600,SEA,0750,CAR,home,4,4.577731882513236,REE257783,00-0032387,4600,Jarran Reed,Ja.Reed,NT,https://static.www.nfl.com/image/private/{formatInstructions}/league/hp86k8wv76vaid3dyzen,90,5,3,2,0,29,4.017471872235303
2023,REG,3,2023092409,59215,09/24/2023,4600,SEA,0750,CAR,visitor,1,4.577731882513236,BRO393541,00-0036220,0750,Derrick Brown,Der.Brown,DE,https://static.www.nfl.com/image/private/{formatInstructions}/league/snjd4zlvrynmvcnlohej,95,3,2,0,0,24,4.295202156273575
2023,REG,3,2023092409,59215,09/24/2023,4600,SEA,0750,CAR,visitor,2,4.577731882513236,BUR435186,00-0035713,0750,Brian Burns,B.Burns,OLB,https://static.www.nfl.com/image/private/{formatInstructions}/league/pigkreclt8lczii5r2on,0,3,1,1,0,16,3.8446381603047755
2023,REG,3,2023092409,59215,09/24/2023,4600,SEA,0750,CAR,visitor,3,4.577731882513236,HOU476949,00-0028008,0750,Justin Houston,J.Houston,OLB,https://static.www.nfl.com/image/private/{formatInstructions}/league/dtzoiwbtc880lbbknvya,50,2,0,0,0,13,4.301261702833975
2023,REG,3,2023092409,59215,09/24/2023,4600,SEA,0750,CAR,visitor,4,4.577731882513236,WIL234247,00-0031795,0750,DeShawn Williams,D.Williams,DE,https://static.www.nfl.com/image/private/{formatInstructions}/league/bapcfixbhpeqj6t3z1e9,96,3,1,0,0,11,5.539410560465718
2023,REG,3,2023092410,59216,09/24/2023,3800,ARI,1200,DAL,home,1,4.577731882513236,FOT415291,00-0036371,3800,Leki Fotu,L.Fotu,NT,https://static.www.nfl.com/image/private/{formatInstructions}/league/gxwqqog47cwgrhfblo9x,95,0,1,0,0,19,5.762702801110654
2023,REG,3,2023092410,59216,09/24/2023,3800,ARI,1200,DAL,home,2,4.577731882513236,STR637423,00-0035334,3800,Kevin Strong,K.Strong,NT,https://static.www.nfl.com/image/private/{formatInstructions}/league/ayepxrrynzz6cnxf5xco,92,0,3,0,0,18,4.363053257864681
2023,REG,3,2023092410,59216,09/24/2023,3800,ARI,1200,DAL,home,3,4.577731882513236,LED300302,00-0035343,3800,Jonathan Ledbetter,J.Ledbetter,DE,https://static.www.nfl.com/image/private/{formatInstructions}/league/vipmbrcixn2huexfkobd,93,3,1,0,0,18,4.39083795210935
2023,REG,3,2023092410,59216,09/24/2023,3800,ARI,1200,DAL,home,4,4.577731882513236,THO063745,00-0037815,3800,Cameron Thomas,C.Thomas,OLB,https://static.www.nfl.com/image/private/{formatInstructions}/league/o2sjlgsv60hod3zljns1,97,2,0,0,0,18,4.080796767260088
2023,REG,3,2023092410,59216,09/24/2023,3800,ARI,1200,DAL,visitor,1,4.577731882513236,PAR753418,00-0036932,1200,Micah Parsons,M.Parsons,OLB,https://static.www.nfl.com/image/private/{formatInstructions}/league/vnasvto6q1izyolgu7db,11,2,3,1,0,18,3.9289380366402895
2023,REG,3,2023092410,59216,09/24/2023,3800,ARI,1200,DAL,visitor,2,4.577731882513236,LAW282118,00-0031411,1200,Demarcus Lawrence,D.Lawrence,DE,https://static.www.nfl.com/image/private/{formatInstructions}/league/zqkya3dftem6ykdpsjem,90,4,1,1,0,17,4.5559262969877405
2023,REG,3,2023092410,59216,09/24/2023,3800,ARI,1200,DAL,visitor,3,4.577731882513236,HAN169902,00-0030063,1200,Johnathan Hankins,J.Hankins,DT,https://static.www.nfl.com/image/private/{formatInstructions}/league/oo876ldvyo6xyaxy9wn7,95,0,4,0,0,10,5.10623805751096
2023,REG,3,2023092410,59216,09/24/2023,3800,ARI,1200,DAL,visitor,4,4.577731882513236,ODI118654,00-0036942,1200,Osa Odighizuwa,O.Odighizuwa,DT,https://static.www.nfl.com/image/private/{formatInstructions}/league/l6baz1fnywtp18wcydrd,97,1,1,0,0,10,4.2016400120567345
2023,REG,3,2023092411,59217,09/24/2023,2310,KC,0810,CHI,home,1,4.577731882513236,WHA652597,00-0035890,2310,Tershawn Wharton,T.Wharton,DT,https://static.www.nfl.com/image/private/{formatInstructions}/league/pbuynfvzq7bojcivxbba,98,1,0,0,0,14,4.737623478028508
2023,REG,3,2023092411,59217,09/24/2023,2310,KC,0810,CHI,home,2,4.577731882513236,ANU415291,00-0039006,2310,Felix Anudike-Uzomah,F.Anudike-Uzomah,DE,https://static.www.nfl.com/image/private/{formatInstructions}/league/gb4f5df4ligovpbk76r0,97,2,1,0,0,13,3.842100920860527
2023,REG,3,2023092411,59217,09/24/2023,2310,KC,0810,CHI,home,3,4.577731882513236,DAN721566,00-0036378,2310,Michael Danna,M.Danna,DE,https://static.www.nfl.com/image/private/{formatInstructions}/league/oiywq8es1rm2rjnpbouw,51,3,0,1,0,12,3.686650055333967
2023,REG,3,2023092411,59217,09/24/2023,2310,KC,0810,CHI,home,4,4.577731882513236,KAR303382,00-0037192,2310,George Karlaftis,G.Karlaftis,DE,https://static.www.nfl.com/image/private/{formatInstructions}/league/kwmi9hcgixedzkqo0hd9,56,1,1,0,0,12,3.8455716850462935
2023,REG,3,2023092411,59217,09/24/2023,2310,KC,0810,CHI,visitor,1,4.577731882513236,NGA355963,00-0033123,0810,Yannick Ngakoue,Y.Ngakoue,DE,https://static.www.nfl.com/image/private/{formatInstructions}/league/gm3h8c0ov8hffmaw7efj,91,1,1,0,0,29,3.985589798712544
2023,REG,3,2023092411,59217,09/24/2023,2310,KC,0810,CHI,visitor,2,4.577731882513236,WAL115858,00-0033782,0810,DeMarcus Walker,D.Walker,DE,https://static.www.nfl.com/image/private/{formatInstructions}/league/rfvqk3uflt2uwxrfwio7,95,0,0,0,0,25,4.58131903482187
2023,REG,3,2023092411,59217,09/24/2023,2310,KC,0810,CHI,visitor,3,4.577731882513236,JON518335,00-0034677,0810,Justin Jones,Ju.Jones,DT,https://static.www.nfl.com/image/private/{formatInstructions}/league/zsfbwgrrxrqbahv318xu,93,1,1,0,0,22,4.611231594025001
2023,REG,3,2023092411,59217,09/24/2023,2310,KC,0810,CHI,visitor,4,4.577731882513236,BIL462662,00-0033066,0810,Andrew Billings,A.Billings,DT,https://static.www.nfl.com/image/private/{formatInstructions}/league/pg8iar3d8s2to8pt3yvz,97,1,2,0,0,15,4.328802996869615
2023,REG,3,2023092412,59218,09/24/2023,2520,LV,3900,PIT,home,1,4.577731882513236,CRO371007,00-0034973,2520,Maxx Crosby,M.Crosby,DE,https://static.www.nfl.com/image/private/{formatInstructions}/league/ryx2ur9vl647z34ltt2q,98,1,2,1,0,16,4.059934039166459
2023,REG,3,2023092412,59218,09/24/2023,2520,LV,3900,PIT,home,2,4.577731882513236,TIL189606,00-0035674,2520,Jerry Tillery,J.Tillery,DT,https://static.www.nfl.com/image/private/{formatInstructions}/league/wacmikdak7zlgknkqzgc,90,1,1,0,0,10,3.776893021621266
2023,REG,3,2023092412,59218,09/24/2023,2520,LV,3900,PIT,home,3,4.577731882513236,JEN271683,00-0030070,2520,John Jenkins,J.Jenkins,DT,https://static.www.nfl.com/image/private/{formatInstructions}/league/giku8dgkab0ztinvamoy,95,2,4,0,0,9,3.5940707741436406
2023,REG,3,2023092412,59218,09/24/2023,2520,LV,3900,PIT,home,4,4.577731882513236,KOO195832,00-0036989,2520,Malcolm Koonce,M.Koonce,DE,https://static.www.nfl.com/image/private/{formatInstructions}/league/nvgan7b6roodcugsa9iy,51,2,0,0,0,9,2.9770864093255542
2023,REG,3,2023092412,59218,09/24/2023,2520,LV,3900,PIT,visitor,1,4.577731882513236,WAT587616,00-0033886,3900,T.J. Watt,T.Watt,OLB,https://static.www.nfl.com/image/private/{formatInstructions}/league/yuqxfzlqjuz7yho5fdpg,90,2,0,2,0,35,4.0281295963703245
2023,REG,3,2023092412,59218,09/24/2023,2520,LV,3900,PIT,visitor,2,4.577731882513236,HIG595832,00-0036333,3900,Alex Highsmith,A.Highsmith,OLB,https://static.www.nfl.com/image/private/{formatInstructions}/league/xovqquaydxhhxbsiumfu,56,0,0,0,0,30,3.3963803985392227
2023,REG,3,2023092412,59218,09/24/2023,2520,LV,3900,PIT,visitor,3,4.577731882513236,OGU431455,00-0033905,3900,Larry Ogunjobi,L.Ogunjobi,DT,https://static.www.nfl.com/image/private/{formatInstructions}/league/lwy0ylpaxchvs61rbkjk,99,0,1,0,0,27,4.226211839636469
2023,REG,3,2023092412,59218,09/24/2023,2520,LV,3900,PIT,visitor,4,4.577731882513236,ADA519824,00-0033929,3900,Montravius Adams,M.Adams,NT,https://static.www.nfl.com/image/private/{formatInstructions}/league/bt78obedupn95s6fq3m3,57,1,1,0,0,27,3.9128957258228403
2023,REG,3,2023092500,59219,09/25/2023,4900,TB,3700,PHI,home,1,4.577731882513236,HAL437521,00-0038127,4900,Logan Hall,L.Hall,DE,https://static.www.nfl.com/image/private/{formatInstructions}/league/xlv9kzmd5tk8cv9rmqlq,90,2,0,0,0,19,4.774295197255928
2023,REG,3,2023092500,59219,09/25/2023,4900,TB,3700,PHI,home,2,4.577731882513236,BAR645290,00-0031101,4900,Shaquil Barrett,S.Barrett,OLB,https://static.www.nfl.com/image/private/{formatInstructions}/league/eiilfj6qiri4n9xrclwe,7,0,0,0,0,17,4.926050006314227
2023,REG,3,2023092500,59219,09/25/2023,4900,TB,3700,PHI,home,3,4.577731882513236,GAI306107,00-0035667,4900,Greg Gaines,G.Gaines,NT,https://static.www.nfl.com/image/private/{formatInstructions}/league/oywvgxko6axdtokuhgor,96,0,3,0,0,17,4.825999663913379
2023,REG,3,2023092500,59219,09/25/2023,4900,TB,3700,PHI,home,4,4.577731882513236,TRY409291,00-0036967,4900,Joe Tryon,J.Tryon,OLB,https://static.www.nfl.com/image/private/{formatInstructions}/league/jayvmjizkv6spj8y93f7,9,2,0,0,0,16,4.383339404830028
2023,REG,3,2023092500,59219,09/25/2023,4900,TB,3700,PHI,visitor,1,4.577731882513236,RED324095,00-0033875,3700,Haason Reddick,H.Reddick,OLB,https://static.www.nfl.com/image/private/{formatInstructions}/league/qqfxdnlmmyzbh27lmxgi,7,0,0,0,0,17,4.419824310203479
2023,REG,3,2023092500,59219,09/25/2023,4900,TB,3700,PHI,visitor,2,4.577731882513236,SWE031587,00-0034381,3700,Josh Sweat,J.Sweat,DE,https://static.www.nfl.com/image/private/{formatInstructions}/league/r8tbgqchezlbyykxvloz,94,3,1,0,0,17,4.82770259001248
2023,REG,3,2023092500,59219,09/25/2023,4900,TB,3700,PHI,visitor,3,4.577731882513236,COX200177,00-0029653,3700,Fletcher Cox,F.Cox,DT,https://static.www.nfl.com/image/private/{formatInstructions}/league/guiegvu50wdv6lzspebo,91,0,2,0,0,15,3.5230573212702763
2023,REG,3,2023092500,59219,09/25/2023,4900,TB,3700,PHI,visitor,4,4.577731882513236,CAR656628,00-0038386,3700,Jalen Carter,J.Carter,DT,https://static.www.nfl.com/image/private/{formatInstructions}/league/l1xdbx3qtrtbv6scixbn,98,1,1,0,2,12,4.524669411016473
2023,REG,3,2023092501,59220,09/25/2023,0920,CIN,2510,LA,home,1,4.577731882513236,HEN324452,00-0033935,0920,Trey Hendrickson,T.Hendrickson,DE,https://static.www.nfl.com/image/private/{formatInstructions}/league/ypeza1qplqqjbvowe2im,91,2,0,2,0,30,3.9621378563821295
2023,REG,3,2023092501,59220,09/25/2023,0920,CIN,2510,LA,home,2,4.577731882513236,HUB387605,00-0034834,0920,Sam Hubbard,S.Hubbard,DE,https://static.www.nfl.com/image/private/{formatInstructions}/league/fedpaaymkmox3miypjkl,94,5,1,1,0,29,4.239700047675814
2023,REG,3,2023092501,59220,09/25/2023,0920,CIN,2510,LA,home,3,4.577731882513236,HIL096836,00-0034800,0920,B.J. Hill,B.Hill,DT,https://static.www.nfl.com/image/private/{formatInstructions}/league/kzclgv44hziqf33iwtyx,92,2,0,1,0,26,4.6969680983406725
2023,REG,3,2023092501,59220,09/25/2023,0920,CIN,2510,LA,home,4,4.577731882513236,REA148116,00-0032424,0920,D.J. Reader,D.Reader,NT,https://static.www.nfl.com/image/private/{formatInstructions}/league/v17stoz8ugqx9vebprz0,98,2,0,1,0,17,4.48603745456624
2023,REG,3,2023092501,59220,09/25/2023,0920,CIN,2510,LA,visitor,1,4.577731882513236,YOU127040,00-0039137,2510,Byron Young,B.Young,OLB,https://static.www.nfl.com/image/private/{formatInstructions}/league/bdfvfh0776dv0sn447pq,0,4,1,0,0,42,3.334443028879658
2023,REG,3,2023092501,59220,09/25/2023,0920,CIN,2510,LA,visitor,2,4.577731882513236,DON134977,00-0031388,2510,Aaron Donald,A.Donald,DT,https://static.www.nfl.com/image/private/{formatInstructions}/league/gou42dathlyc1rfn4pga,99,5,2,1,0,39,3.6740390551758444
2023,REG,3,2023092501,59220,09/25/2023,0920,CIN,2510,LA,visitor,3,4.577731882513236,TUR561805,00-0039138,2510,Kobie Turner,K.Turner,NT,https://static.www.nfl.com/image/private/{formatInstructions}/league/ouhisfkb6jyedo6jj0m4,91,0,1,0,0,32,3.9895495938032246
2023,REG,3,2023092501,59220,09/25/2023,0920,CIN,2510,LA,visitor,4,4.577731882513236,HOE044723,00-0035933,2510,Michael Hoecht,M.Hoecht,OLB,https://static.www.nfl.com/image/private/{formatInstructions}/league/ufxnrf3mqht5ijy0ln2i,97,1,2,0,0,30,4.357105006761431
2023,REG,4,2023092800,59221,09/28/2023,1800,GB,1540,DET,home,1,4.577731882513236,CLA409251,00-0033120,1800,Kenny Clark,K.Clark,DE,https://static.www.nfl.com/image/private/{formatInstructions}/league/xehidvio5jubhvwgsklr,97,0,1,0,0,22,4.990889916579413
2023,REG,4,2023092800,59221,09/28/2023,1800,GB,1540,DET,home,2,4.577731882513236,SMI576520,00-0031935,1800,Preston Smith,P.Smith,OLB,https://static.www.nfl.com/image/private/{formatInstructions}/league/pohwua1xxcajtggbemhr,91,4,1,0,0,18,4.612395297968319
2023,REG,4,2023092800,59221,09/28/2023,1800,GB,1540,DET,home,3,4.577731882513236,GAR766759,00-0034967,1800,Rashan Gary,R.Gary,OLB,https://static.www.nfl.com/image/private/{formatInstructions}/league/t4clz4xe8sfxszmvohfo,52,0,0,0,0,13,2.949107633466355
2023,REG,4,2023092800,59221,09/28/2023,1800,GB,1540,DET,home,4,4.577731882513236,SLA560348,00-0036642,1800,Tedarrell Slaton,T.Slaton,NT,https://static.www.nfl.com/image/private/{formatInstructions}/league/a2xoezbu6p8rg0dfl7fz,93,2,2,0,0,13,4.597558061229974
2023,REG,4,2023092800,59221,09/28/2023,1800,GB,1540,DET,visitor,1,4.577731882513236,HUT099869,00-0037236,1540,Aidan Hutchinson,A.Hutchinson,DE,https://static.www.nfl.com/image/private/{formatInstructions}/league/zywrtjyja5l8efay1six,97,1,1,1,0,32,4.579849516672994
2023,REG,4,2023092800,59221,09/28/2023,1800,GB,1540,DET,visitor,2,4.577731882513236,HAR348374,00-0033880,1540,Charles Harris,C.Harris,DE,https://static.www.nfl.com/image/private/{formatInstructions}/league/pcbi9d4g6yf4kxrurct1,53,1,1,0,0,26,4.643487580036927
2023,REG,4,2023092800,59221,09/28/2023,1800,GB,1540,DET,visitor,3,4.577731882513236,COM275428,00-0035265,1540,John Cominsky,J.Cominsky,DE,https://static.www.nfl.com/image/private/{formatInstructions}/league/u6asvfs4kqjcuxvvz0tl,79,3,2,1,0,23,4.24698245263149
2023,REG,4,2023092800,59221,09/28/2023,1800,GB,1540,DET,visitor,4,4.577731882513236,MCN611247,00-0036624,1540,Alim McNeill,A.McNeill,DT,https://static.www.nfl.com/image/private/{formatInstructions}/league/hrqtcha6t35jwvoswc1k,54,2,0,1,0,19,4.495320383038056
2023,REG,4,2023100100,59222,10/01/2023,2250,JAX,0200,ATL,home,1,4.577731882513236,ALL528759,00-0035642,2250,Josh Allen,J.Allen,OLB,https://static.www.nfl.com/image/private/{formatInstructions}/league/q807jedjb7igab4graoe,41,3,0,3,1,25,3.221911643888705
2023,REG,4,2023100100,59222,10/01/2023,2250,JAX,0200,ATL,home,2,4.577731882513236,ROB360907,00-0032667,2250,Roy Robertson-Harris,R.Robertson-Harris,DT,https://static.www.nfl.com/image/private/{formatInstructions}/league/rb0pmtszstbyggfqtriw,95,1,1,0,0,24,4.295679285108691
2023,REG,4,2023100100,59222,10/01/2023,2250,JAX,0200,ATL,home,3,4.577731882513236,WAL335860,00-0037235,2250,Travon Walker,T.Walker,OLB,https://static.www.nfl.com/image/private/{formatInstructions}/league/u578pgqmortimghxzgev,44,2,0,1,0,22,4.199966007248311
2023,REG,4,2023100100,59222,10/01/2023,2250,JAX,0200,ATL,home,4,4.577731882513236,BLA326665,00-0032107,2250,Angelo Blackson,A.Blackson,DT,https://static.www.nfl.com/image/private/{formatInstructions}/league/s2wy6non3zji8ebhshkn,90,1,1,0,0,11,4.851694444790923
2023,REG,4,2023100100,59222,10/01/2023,2250,JAX,0200,ATL,visitor,1,4.577731882513236,JAR254349,00-0031583,0200,Grady Jarrett,G.Jarrett,DT,https://static.www.nfl.com/image/private/{formatInstructions}/league/u661ulortedxea2p1sq7,97,2,3,0,0,19,4.38437448071524
2023,REG,4,2023100100,59222,10/01/2023,2250,JAX,0200,ATL,visitor,2,4.577731882513236,ONY164481,00-0033051,0200,David Onyemata,D.Onyemata,DT,https://static.www.nfl.com/image/private/{formatInstructions}/league/uyu66sa3d2gpsh5tyhxw,90,2,5,1,0,17,4.328117932330481
2023,REG,4,2023100100,59222,10/01/2023,2250,JAX,0200,ATL,visitor,3,4.577731882513236,DUP507860,00-0032146,0200,Bud Dupree,B.Dupree,OLB,https://static.www.nfl.com/image/private/{formatInstructions}/league/i2b1ykt4jgmdabmwoqoo,48,0,5,0,0,16,4.753132272557779
2023,REG,4,2023100100,59222,10/01/2023,2250,JAX,0200,ATL,visitor,4,4.577731882513236,CAM208843,00-0026190,0200,Calais Campbell,C.Campbell,DE,https://static.www.nfl.com/image/private/{formatInstructions}/league/wbrve7zrrqiuknohpecm,93,1,5,0,0,14,5.152756978424221
2023,REG,4,2023100101,59223,10/01/2023,0610,BUF,2700,MIA,home,1,4.577731882513236,JON200565,00-0031054,0610,DaQuan Jones,D.Jones,DT,https://static.www.nfl.com/image/private/{formatInstructions}/league/eu9welnxn0w9otfxkz0k,92,2,0,1,0,21,4.404709756362572
2023,REG,4,2023100101,59223,10/01/2023,0610,BUF,2700,MIA,home,2,4.577731882513236,OLI290385,00-0035230,0610,Ed Oliver,E.Oliver,DT,https://static.www.nfl.com/image/private/{formatInstructions}/league/e2nyrgwol6dnvxotljae,91,3,0,1,0,21,5.222098690689157
2023,REG,4,2023100101,59223,10/01/2023,0610,BUF,2700,MIA,home,3,4.577731882513236,ROU617685,00-0036914,0610,Gregory Rousseau,G.Rousseau,DE,https://static.www.nfl.com/image/private/{formatInstructions}/league/insb9f4qznbgcfyreogp,50,3,0,2,0,20,4.92277633565406
2023,REG,4,2023100101,59223,10/01/2023,0610,BUF,2700,MIA,home,4,4.577731882513236,FLO758060,00-0033072,0610,Leonard Floyd,L.Floyd,DE,https://static.www.nfl.com/image/private/{formatInstructions}/league/mmexfoamcspblwripdan,56,1,1,0,0,18,3.7211947829029786
2023,REG,4,2023100101,59223,10/01/2023,0610,BUF,2700,MIA,visitor,1,4.577731882513236,WIL081088,00-0035231,2700,Christian Wilkins,C.Wilkins,DE,https://static.www.nfl.com/image/private/{formatInstructions}/league/yngx6poa67gosj2oiwk1,94,1,1,0,0,17,4.272858870213519
2023,REG,4,2023100101,59223,10/01/2023,0610,BUF,2700,MIA,visitor,2,4.577731882513236,VAN463493,00-0035272,2700,Andrew Van Ginkel,A.Van Ginkel,OLB,https://static.www.nfl.com/image/private/{formatInstructions}/league/tq7dbfmycd7qrbal5lvb,43,4,1,2,0,17,5.104233538260154
2023,REG,4,2023100101,59223,10/01/2023,0610,BUF,2700,MIA,visitor,3,4.577731882513236,SIE410345,00-0034285,2700,Zach Sieler,Z.Sieler,DE,https://static.www.nfl.com/image/private/{formatInstructions}/league/me66zdnhvswxahqsvlrn,92,3,1,0,0,16,4.773418068960439
2023,REG,4,2023100101,59223,10/01/2023,0610,BUF,2700,MIA,visitor,4,4.577731882513236,CHU028799,00-0034832,2700,Bradley Chubb,B.Chubb,OLB,https://static.www.nfl.com/image/private/{formatInstructions}/league/to1i0hqzw9xoy0tgm9ck,2,1,1,0,0,14,4.888273357381631
2023,REG,4,2023100102,59224,10/01/2023,0750,CAR,3000,MIN,home,1,4.577731882513236,BUR435186,00-0035713,0750,Brian Burns,B.Burns,OLB,https://static.www.nfl.com/image/private/{formatInstructions}/league/pigkreclt8lczii5r2on,0,0,1,0,0,15,3.6094701622259446
2023,REG,4,2023100102,59224,10/01/2023,0750,CAR,3000,MIN,home,2,4.577731882513236,BRO393541,00-0036220,0750,Derrick Brown,Der.Brown,DE,https://static.www.nfl.com/image/private/{formatInstructions}/league/snjd4zlvrynmvcnlohej,95,0,3,0,0,14,4.536084070699052
2023,REG,4,2023100102,59224,10/01/2023,0750,CAR,3000,MIN,home,3,4.577731882513236,GRO610423,00-0036288,0750,Yetur Gross-Matos,Y.Gross-Matos,OLB,https://static.www.nfl.com/image/private/{formatInstructions}/league/fxi23cpqddqvbwwxf5xb,97,4,0,1,0,10,4.366551908568886
2023,REG,4,2023100102,59224,10/01/2023,0750,CAR,3000,MIN,home,4,4.577731882513236,TUT703400,00-0035409,0750,Shy Tuttle,S.Tuttle,DT,https://static.www.nfl.com/image/private/{formatInstructions}/league/t9s9gvxf5pli26vg6oo6,99,2,0,0,0,8,4.705388026344099
2023,REG,4,2023100102,59224,10/01/2023,0750,CAR,3000,MIN,visitor,1,4.577731882513236,HUN529240,00-0031565,3000,Danielle Hunter,D.Hunter,OLB,https://static.www.nfl.com/image/private/{formatInstructions}/league/mcimj8g9r5vhy4rzreih,99,3,1,0,0,26,4.5706696732388306
2023,REG,4,2023100102,59224,10/01/2023,0750,CAR,3000,MIN,visitor,2,4.577731882513236,DAV004893,00-0034344,3000,Marcus Davenport,M.Davenport,OLB,https://static.www.nfl.com/image/private/{formatInstructions}/league/uv5y5x7lnwodheymbaub,0,1,3,1,0,20,4.598228594466861
2023,REG,4,2023100102,59224,10/01/2023,0750,CAR,3000,MIN,visitor,3,4.577731882513236,PHI215142,00-0034782,3000,Harrison Phillips,H.Phillips,DT,https://static.www.nfl.com/image/private/{formatInstructions}/league/qyfhltyov0a0rigpe0mu,97,2,2,0,0,16,4.139319383027656
2023,REG,4,2023100102,59224,10/01/2023,0750,CAR,3000,MIN,visitor,4,4.577731882513236,WON272160,00-0036335,3000,D.J. Wonnum,D.Wonnum,OLB,https://static.www.nfl.com/image/private/{formatInstructions}/league/eyocajqgfrigi444hnkq,98,4,2,1,0,15,4.877748203088376
2023,REG,4,2023100103,59225,10/01/2023,0810,CHI,1400,DEN,home,1,4.577731882513236,WAL115858,00-0033782,0810,DeMarcus Walker,D.Walker,DE,https://static.www.nfl.com/image/private/{formatInstructions}/league/rfvqk3uflt2uwxrfwio7,95,1,1,0,0,19,4.0085614990297
2023,REG,4,2023100103,59225,10/01/2023,0810,CHI,1400,DEN,home,2,4.577731882513236,NGA355963,00-0033123,0810,Yannick Ngakoue,Y.Ngakoue,DE,https://static.www.nfl.com/image/private/{formatInstructions}/league/gm3h8c0ov8hffmaw7efj,91,0,0,0,0,17,4.194073964508738
2023,REG,4,2023100103,59225,10/01/2023,0810,CHI,1400,DEN,home,3,4.577731882513236,JON518335,00-0034677,0810,Justin Jones,Ju.Jones,DT,https://static.www.nfl.com/image/private/{formatInstructions}/league/zsfbwgrrxrqbahv318xu,93,2,2,0,0,16,4.978571663779609
2023,REG,4,2023100103,59225,10/01/2023,0810,CHI,1400,DEN,home,4,4.577731882513236,BIL462662,00-0033066,0810,Andrew Billings,A.Billings,DT,https://static.www.nfl.com/image/private/{formatInstructions}/league/pg8iar3d8s2to8pt3yvz,97,1,0,0,0,11,4.067893981383943
2023,REG,4,2023100103,59225,10/01/2023,0810,CHI,1400,DEN,visitor,1,4.577731882513236,ALL656181,00-0035248,1400,Zach Allen,Z.Allen,DE,https://static.www.nfl.com/image/private/{formatInstructions}/league/jbqsgpcisn8px60ab3xf,99,0,4,0,0,27,4.044976408610873
2023,REG,4,2023100103,59225,10/01/2023,0810,CHI,1400,DEN,visitor,2,4.577731882513236,COO617139,00-0036952,1400,Jonathon Cooper,J.Cooper,OLB,https://static.www.nfl.com/image/private/{formatInstructions}/league/dvuos7qbtpi5jmo41sry,0,2,3,1,0,21,3.244902336598006
2023,REG,4,2023100103,59225,10/01/2023,0810,CHI,1400,DEN,visitor,3,4.577731882513236,BON490179,00-0037249,1400,Nik Bonitto,N.Bonitto,OLB,https://static.www.nfl.com/image/private/{formatInstructions}/league/anc7attkmiqpqqocleun,42,3,1,2,1,21,3.779514007932526
2023,REG,4,2023100103,59225,10/01/2023,0810,CHI,1400,DEN,visitor,4,4.577731882513236,JON230048,00-0033297,1400,D.J. Jones,D.Jones,NT,https://static.www.nfl.com/image/private/{formatInstructions}/league/n3bcrpe6uvhwtp43aphs,93,4,0,0,0,17,4.293127819118467
2023,REG,4,2023100104,59226,10/01/2023,1050,CLE,0325,BAL,home,1,4.577731882513236,GAR528896,00-0033868,1050,Myles Garrett,M.Garrett,DE,https://static.www.nfl.com/image/private/{formatInstructions}/league/y33rmtjxhgil7cjcftlc,95,1,1,1,0,15,2.7067768818630187
2023,REG,4,2023100104,59226,10/01/2023,1050,CLE,0325,BAL,home,2,4.577731882513236,SMI827086,00-0031576,1050,Za'Darius Smith,Z.Smith,DE,https://static.www.nfl.com/image/private/{formatInstructions}/league/xysjqfrdv1bvqocjyhsu,99,0,1,0,0,12,3.39612149317621
2023,REG,4,2023100104,59226,10/01/2023,1050,CLE,0325,BAL,home,3,4.577731882513236,TOM676763,00-0033546,1050,Dalvin Tomlinson,D.Tomlinson,DT,https://static.www.nfl.com/image/private/{formatInstructions}/league/bopmatmiwmclctokq7b6,94,1,2,0,0,10,3.5840483654277384
2023,REG,4,2023100104,59226,10/01/2023,1050,CLE,0325,BAL,home,4,4.577731882513236,OKO385924,00-0034807,1050,Ogbonnia Okoronkwo,O.Okoronkwo,DE,https://static.www.nfl.com/image/private/{formatInstructions}/league/wmrog0aalbtkxnvsywej,54,2,0,1,0,10,4.334509615184505
2023,REG,4,2023100104,59226,10/01/2023,1050,CLE,0325,BAL,visitor,1,4.577731882513236,MAD784440,00-0036130,0325,Justin Madubuike,J.Madubuike,DT,https://static.www.nfl.com/image/private/{formatInstructions}/league/tvitcjl2ahtfjqogd2rx,92,1,1,1,0,23,3.7632705755433795
2023,REG,4,2023100104,59226,10/01/2023,1050,CLE,0325,BAL,visitor,2,4.577731882513236,CLO535848,00-0031364,0325,Jadeveon Clowney,J.Clowney,OLB,https://static.www.nfl.com/image/private/{formatInstructions}/league/rmuagbaye1s4hfevcqov,24,2,0,0,0,21,3.785062519980151
2023,REG,4,2023100104,59226,10/01/2023,1050,CLE,0325,BAL,visitor,3,4.577731882513236,PIE424893,00-0032574,0325,Michael Pierce,M.Pierce,NT,https://static.www.nfl.com/image/private/{formatInstructions}/league/tydggsdjwzhhl36qztc0,58,0,0,0,0,16,4.809171472611875
2023,REG,4,2023100104,59226,10/01/2023,1050,CLE,0325,BAL,visitor,4,4.577731882513236,VAN656604,00-0031360,0325,Kyle Van Noy,K.Van Noy,OLB,https://static.www.nfl.com/image/private/{formatInstructions}/league/znklqcbz96hplzfzqunt,50,0,0,0,0,12,3.0626262062852145
2023,REG,4,2023100105,59227,10/01/2023,2120,HOU,3900,PIT,home,1,4.577731882513236,AND627364,00-0039108,2120,Will Anderson,W.Anderson,DE,https://static.www.nfl.com/image/private/{formatInstructions}/league/ip0s1uogbdsiwpmx9fd8,51,1,1,0,0,16,4.398214934831569
2023,REG,4,2023100105,59227,10/01/2023,2120,HOU,3900,PIT,home,2,4.577731882513236,COL633184,00-0033131,2120,Maliek Collins,M.Collins,DT,https://static.www.nfl.com/image/private/{formatInstructions}/league/y9hbtlxivjzgaassmpwt,96,0,1,0,0,15,4.2472358997888495
2023,REG,4,2023100105,59227,10/01/2023,2120,HOU,3900,PIT,home,3,4.577731882513236,RAN676464,00-0032759,2120,Sheldon Rankins,S.Rankins,DT,https://static.www.nfl.com/image/private/{formatInstructions}/league/i3u6yg3pjksljugpb86f,98,2,2,0,0,13,4.601969747183021
2023,REG,4,2023100105,59227,10/01/2023,2120,HOU,3900,PIT,home,4,4.577731882513236,GRE397948,00-0036224,2120,Jonathan Greenard,J.Greenard,DE,https://static.www.nfl.com/image/private/{formatInstructions}/league/mgn1hyalnf83cwhn7iwo,52,4,1,2,0,12,4.014898599661493
2023,REG,4,2023100105,59227,10/01/2023,2120,HOU,3900,PIT,visitor,1,4.577731882513236,WAT587616,00-0033886,3900,T.J. Watt,T.Watt,OLB,https://static.www.nfl.com/image/private/{formatInstructions}/league/yuqxfzlqjuz7yho5fdpg,90,1,1,0,0,20,4.44735135002418
2023,REG,4,2023100105,59227,10/01/2023,2120,HOU,3900,PIT,visitor,2,4.577731882513236,HIG595832,00-0036333,3900,Alex Highsmith,A.Highsmith,OLB,https://static.www.nfl.com/image/private/{formatInstructions}/league/xovqquaydxhhxbsiumfu,56,0,3,0,0,18,3.664399551978103
2023,REG,4,2023100105,59227,10/01/2023,2120,HOU,3900,PIT,visitor,3,4.577731882513236,OGU431455,00-0033905,3900,Larry Ogunjobi,L.Ogunjobi,DT,https://static.www.nfl.com/image/private/{formatInstructions}/league/lwy0ylpaxchvs61rbkjk,99,2,2,0,0,13,4.510431444250029
2023,REG,4,2023100105,59227,10/01/2023,2120,HOU,3900,PIT,visitor,4,4.577731882513236,ADA519824,00-0033929,3900,Montravius Adams,M.Adams,NT,https://static.www.nfl.com/image/private/{formatInstructions}/league/bt78obedupn95s6fq3m3,57,2,2,0,0,12,5.266092462816187
2023,REG,4,2023100106,59228,10/01/2023,2200,IND,2510,LA,home,1,4.577731882513236,EBU355964,00-0033945,2200,Samson Ebukam,S.Ebukam,DE,https://static.www.nfl.com/image/private/{formatInstructions}/league/feoglrxvambjd4u4tdq6,52,2,2,0,0,28,3.2438129807020606
2023,REG,4,2023100106,59228,10/01/2023,2200,IND,2510,LA,home,2,4.577731882513236,ODE707589,00-0036480,2200,Dayo Odeyingbo,D.Odeyingbo,DE,https://static.www.nfl.com/image/private/{formatInstructions}/league/cui1htwwnpbwayzucahk,54,5,2,1,1,25,4.131266742788694
2023,REG,4,2023100106,59228,10/01/2023,2200,IND,2510,LA,home,3,4.577731882513236,PAY168986,00-0036479,2200,Kwity Paye,K.Paye,DE,https://static.www.nfl.com/image/private/{formatInstructions}/league/qo9cpabig7tusr8r49ud,51,0,0,0,0,21,3.77507886916984
2023,REG,4,2023100106,59228,10/01/2023,2200,IND,2510,LA,home,4,4.577731882513236,LEW752680,00-0034359,2200,Tyquan Lewis,Ty.Lewis,DE,https://static.www.nfl.com/image/private/{formatInstructions}/league/p52drq3oa12bcvxjkjih,94,1,0,0,0,20,4.362694576325506
2023,REG,4,2023100106,59228,10/01/2023,2200,IND,2510,LA,visitor,1,4.577731882513236,DON134977,00-0031388,2510,Aaron Donald,A.Donald,DT,https://static.www.nfl.com/image/private/{formatInstructions}/league/gou42dathlyc1rfn4pga,99,3,2,1,0,16,3.7556153286950082
2023,REG,4,2023100106,59228,10/01/2023,2200,IND,2510,LA,visitor,2,4.577731882513236,YOU127040,00-0039137,2510,Byron Young,B.Young,OLB,https://static.www.nfl.com/image/private/{formatInstructions}/league/bdfvfh0776dv0sn447pq,0,1,1,0,0,15,4.089459911872451
2023,REG,4,2023100106,59228,10/01/2023,2200,IND,2510,LA,visitor,3,4.577731882513236,TUR561805,00-0039138,2510,Kobie Turner,K.Turner,NT,https://static.www.nfl.com/image/private/{formatInstructions}/league/ouhisfkb6jyedo6jj0m4,91,2,1,0,0,12,4.533459139209625
2023,REG,4,2023100106,59228,10/01/2023,2200,IND,2510,LA,visitor,4,4.577731882513236,HOE044723,00-0035933,2510,Michael Hoecht,M.Hoecht,OLB,https://static.www.nfl.com/image/private/{formatInstructions}/league/ufxnrf3mqht5ijy0ln2i,97,1,4,0,0,9,4.484334414913625
2023,REG,4,2023100107,59229,10/01/2023,3300,NO,4900,TB,home,1,4.577731882513236,JOR051224,00-0027962,3300,Cameron Jordan,C.Jordan,DE,https://static.www.nfl.com/image/private/{formatInstructions}/league/jbcyxaoosrmj0pn5ynjb,94,3,1,0,0,27,4.953454247213447
2023,REG,4,2023100107,59229,10/01/2023,3300,NO,4900,TB,home,2,4.577731882513236,GRA291153,00-0035402,3300,Carl Granderson,C.Granderson,DE,https://static.www.nfl.com/image/private/{formatInstructions}/league/n1thp9nf1gnbj3epsec5,96,2,2,0,0,23,5.896011443059532
2023,REG,4,2023100107,59229,10/01/2023,3300,NO,4900,TB,home,3,4.577731882513236,SHE517895,00-0034760,3300,Nathan Shepherd,N.Shepherd,DT,https://static.www.nfl.com/image/private/{formatInstructions}/league/etxkcvubkmc4x2qncx5d,93,1,3,0,0,14,5.201723270149264
2023,REG,4,2023100107,59229,10/01/2023,3300,NO,4900,TB,home,4,4.577731882513236,SAU693939,00-0035656,3300,Khalen Saunders,K.Saunders,DT,https://static.www.nfl.com/image/private/{formatInstructions}/league/ezc70oyuoknohnm1ugw0,99,0,5,0,0,12,5.300472897330508
2023,REG,4,2023100107,59229,10/01/2023,3300,NO,4900,TB,visitor,1,4.577731882513236,VEA065410,00-0034773,4900,Vita Vea,V.Vea,NT,https://static.www.nfl.com/image/private/{formatInstructions}/league/e3pgjmrbpteyzrcpkxap,50,2,1,2,1,23,4.2274759496185155
2023,REG,4,2023100107,59229,10/01/2023,3300,NO,4900,TB,visitor,2,4.577731882513236,BAR645290,00-0031101,4900,Shaquil Barrett,S.Barrett,OLB,https://static.www.nfl.com/image/private/{formatInstructions}/league/eiilfj6qiri4n9xrclwe,7,3,0,0,0,22,4.555265090731281
2023,REG,4,2023100107,59229,10/01/2023,3300,NO,4900,TB,visitor,3,4.577731882513236,TRY409291,00-0036967,4900,Joe Tryon,J.Tryon,OLB,https://static.www.nfl.com/image/private/{formatInstructions}/league/jayvmjizkv6spj8y93f7,9,1,1,0,0,21,4.830506635374859
2023,REG,4,2023100107,59229,10/01/2023,3300,NO,4900,TB,visitor,4,4.577731882513236,HAL437521,00-0038127,4900,Logan Hall,L.Hall,DE,https://static.www.nfl.com/image/private/{formatInstructions}/league/xlv9kzmd5tk8cv9rmqlq,90,1,0,0,0,21,4.093052446001815
2023,REG,4,2023100108,59230,10/01/2023,3700,PHI,5110,WAS,home,1,4.577731882513236,SWE031587,00-0034381,3700,Josh Sweat,J.Sweat,DE,https://static.www.nfl.com/image/private/{formatInstructions}/league/r8tbgqchezlbyykxvloz,94,3,2,1,0,28,3.2529383110540335
2023,REG,4,2023100108,59230,10/01/2023,3700,PHI,5110,WAS,home,2,4.577731882513236,COX200177,00-0029653,3700,Fletcher Cox,F.Cox,DT,https://static.www.nfl.com/image/private/{formatInstructions}/league/guiegvu50wdv6lzspebo,91,2,2,0,0,26,4.087808913186037
2023,REG,4,2023100108,59230,10/01/2023,3700,PHI,5110,WAS,home,3,4.577731882513236,RED324095,00-0033875,3700,Haason Reddick,H.Reddick,OLB,https://static.www.nfl.com/image/private/{formatInstructions}/league/qqfxdnlmmyzbh27lmxgi,7,1,1,1,0,26,3.76948651781104
2023,REG,4,2023100108,59230,10/01/2023,3700,PHI,5110,WAS,home,4,4.577731882513236,WIL454157,00-0036916,3700,Milton Williams,M.Williams,DT,https://static.www.nfl.com/image/private/{formatInstructions}/league/unxu6akdbeyuefvbtqnc,93,2,1,0,0,18,3.449239904226955
2023,REG,4,2023100108,59230,10/01/2023,3700,PHI,5110,WAS,visitor,1,4.577731882513236,PAY281222,00-0034333,5110,Daron Payne,D.Payne,DT,https://static.www.nfl.com/image/private/{formatInstructions}/league/vxrbsde7ynj9mahsxfcs,94,0,0,0,0,34,4.989237338844759
2023,REG,4,2023100108,59230,10/01/2023,3700,PHI,5110,WAS,visitor,2,4.577731882513236,YOU146550,00-0036321,5110,Chase Young,C.Young,DE,https://static.www.nfl.com/image/private/{formatInstructions}/league/unhlp0qze9qqegfxe6rd,99,2,1,1,0,30,3.7624626974822593
2023,REG,4,2023100108,59230,10/01/2023,3700,PHI,5110,WAS,visitor,3,4.577731882513236,SWE034375,00-0035647,5110,Montez Sweat,M.Sweat,DE,https://static.www.nfl.com/image/private/{formatInstructions}/league/hnx2ujifcc1ad4gw0iby,90,3,0,0,0,29,3.549171572590685
2023,REG,4,2023100108,59230,10/01/2023,3700,PHI,5110,WAS,visitor,4,4.577731882513236,ALL512725,00-0033523,5110,Jonathan Allen,J.Allen,DT,https://static.www.nfl.com/image/private/{formatInstructions}/league/uyc2yzn3jzzmx8zkswex,93,2,2,1,0,26,4.353770397616105
2023,REG,4,2023100109,59231,10/01/2023,2100,TEN,0920,CIN,home,1,4.577731882513236,SIM204336,00-0035643,2100,Jeffery Simmons,J.Simmons,DT,https://static.www.nfl.com/image/private/{formatInstructions}/league/bmlla8bf1h8hxulhcwhv,98,1,1,0,0,29,4.138865863547453
2023,REG,4,2023100109,59231,10/01/2023,2100,TEN,0920,CIN,home,2,4.577731882513236,AUT529722,00-0031254,2100,Denico Autry,D.Autry,DE,https://static.www.nfl.com/image/private/{formatInstructions}/league/fm0gjc1jtbgmmsr4gs9l,96,0,4,0,0,24,3.971511044980582
2023,REG,4,2023100109,59231,10/01/2023,2100,TEN,0920,CIN,home,3,4.577731882513236,KEY099037,00-0034825,2100,Arden Key,A.Key,OLB,https://static.www.nfl.com/image/private/{formatInstructions}/league/psoje6looquofelpery9,49,1,0,1,0,24,3.8374512188668892
2023,REG,4,2023100109,59231,10/01/2023,2100,TEN,0920,CIN,home,4,4.577731882513236,LAN159704,00-0034828,2100,Harold Landry,H.Landry,OLB,https://static.www.nfl.com/image/private/{formatInstructions}/league/akafrpdcokvwz2psbbmj,58,1,1,0,0,19,4.461765541493944
2023,REG,4,2023100109,59231,10/01/2023,2100,TEN,0920,CIN,visitor,1,4.577731882513236,HIL096836,00-0034800,0920,B.J. Hill,B.Hill,DT,https://static.www.nfl.com/image/private/{formatInstructions}/league/kzclgv44hziqf33iwtyx,92,0,1,0,0,17,4.202459709749922
2023,REG,4,2023100109,59231,10/01/2023,2100,TEN,0920,CIN,visitor,2,4.577731882513236,HUB387605,00-0034834,0920,Sam Hubbard,S.Hubbard,DE,https://static.www.nfl.com/image/private/{formatInstructions}/league/fedpaaymkmox3miypjkl,94,4,0,1,0,16,3.891113359781304
2023,REG,4,2023100109,59231,10/01/2023,2100,TEN,0920,CIN,visitor,3,4.577731882513236,HEN324452,00-0033935,0920,Trey Hendrickson,T.Hendrickson,DE,https://static.www.nfl.com/image/private/{formatInstructions}/league/ypeza1qplqqjbvowe2im,91,3,3,0,0,15,3.482875372651096
2023,REG,4,2023100109,59231,10/01/2023,2100,TEN,0920,CIN,visitor,4,4.577731882513236,SAM062951,00-0036850,0920,Cam Sample,C.Sample,DE,https://static.www.nfl.com/image/private/{formatInstructions}/league/kvkvhvbvcebjkevxjdhd,96,0,0,0,0,13,4.578318404600854
2023,REG,4,2023100110,59232,10/01/2023,4400,LAC,2520,LV,home,1,4.577731882513236,TUI720077,00-0039111,4400,Tuli Tuipulotu,T.Tuipulotu,DE,https://static.www.nfl.com/image/private/{formatInstructions}/league/wdiuxzxcsalogxhdxdec,45,3,1,0,0,32,4.502028707197462
2023,REG,4,2023100110,59232,10/01/2023,4400,LAC,2520,LV,home,2,4.577731882513236,MAC325122,00-0031040,4400,Khalil Mack,K.Mack,DE,https://static.www.nfl.com/image/private/{formatInstructions}/league/hkxmcpv1vobtydr4yt7n,52,8,2,6,2,30,3.3385797647424784
2023,REG,4,2023100110,59232,10/01/2023,4400,LAC,2520,LV,home,3,4.577731882513236,JOS280126,00-0034810,4400,Sebastian Joseph,S.Joseph,DT,https://static.www.nfl.com/image/private/{formatInstructions}/league/smlfibms0dabjqpf29wg,51,3,1,0,0,24,3.857632440443654
2023,REG,4,2023100110,59232,10/01/2023,4400,LAC,2520,LV,home,4,4.577731882513236,FOX250058,00-0032671,4400,Morgan Fox,M.Fox,DT,https://static.www.nfl.com/image/private/{formatInstructions}/league/qvo06vbj0iivq9xntc1c,56,2,0,1,0,17,3.4152583972393766
2023,REG,4,2023100110,59232,10/01/2023,4400,LAC,2520,LV,visitor,1,4.577731882513236,CRO371007,00-0034973,2520,Maxx Crosby,M.Crosby,DE,https://static.www.nfl.com/image/private/{formatInstructions}/league/ryx2ur9vl647z34ltt2q,98,5,3,2,0,19,4.009725427338814
2023,REG,4,2023100110,59232,10/01/2023,4400,LAC,2520,LV,visitor,2,4.577731882513236,BUT106408,00-0033381,2520,Adam Butler,A.Butler,DT,https://static.www.nfl.com/image/private/{formatInstructions}/league/ijlj4afpy1na9i9hxfvc,69,2,1,0,0,11,4.507282594216037
2023,REG,4,2023100110,59232,10/01/2023,4400,LAC,2520,LV,visitor,3,4.577731882513236,JEN271683,00-0030070,2520,John Jenkins,J.Jenkins,DT,https://static.www.nfl.com/image/private/{formatInstructions}/league/giku8dgkab0ztinvamoy,95,5,1,0,0,10,4.237930065523033
2023,REG,4,2023100110,59232,10/01/2023,4400,LAC,2520,LV,visitor,4,4.577731882513236,NIC157723,00-0034387,2520,Bilal Nichols,B.Nichols,DT,https://static.www.nfl.com/image/private/{formatInstructions}/league/hmct6mcyuclokjajt1i7,91,2,0,0,0,10,4.225757133008189
2023,REG,4,2023100111,59233,10/01/2023,1200,DAL,3200,NE,home,1,4.577731882513236,PAR753418,00-0036932,1200,Micah Parsons,M.Parsons,OLB,https://static.www.nfl.com/image/private/{formatInstructions}/league/vnasvto6q1izyolgu7db,11,1,1,0,0,22,4.2943089369849865
2023,REG,4,2023100111,59233,10/01/2023,1200,DAL,3200,NE,home,2,4.577731882513236,ODI118654,00-0036942,1200,Osa Odighizuwa,O.Odighizuwa,DT,https://static.www.nfl.com/image/private/{formatInstructions}/league/l6baz1fnywtp18wcydrd,97,2,1,0,0,15,4.950066851369244
2023,REG,4,2023100111,59233,10/01/2023,1200,DAL,3200,NE,home,3,4.577731882513236,LAW282118,00-0031411,1200,Demarcus Lawrence,D.Lawrence,DE,https://static.www.nfl.com/image/private/{formatInstructions}/league/zqkya3dftem6ykdpsjem,90,0,1,0,0,13,4.741403733540675
2023,REG,4,2023100111,59233,10/01/2023,1200,DAL,3200,NE,home,4,4.577731882513236,FOW382785,00-0032052,1200,Dante Fowler,D.Fowler,DE,https://static.www.nfl.com/image/private/{formatInstructions}/league/mrrgp8biyypfu6ikmpue,56,1,0,1,1,11,4.523977053847418
2023,REG,4,2023100111,59233,10/01/2023,1200,DAL,3200,NE,visitor,1,4.577731882513236,WIS078731,00-0033947,3200,Deatrich Wise,D.Wise,DE,https://static.www.nfl.com/image/private/{formatInstructions}/league/bxwmlzyorjsos6w7g2x6,91,2,2,1,0,19,4.607788271000186
2023,REG,4,2023100111,59233,10/01/2023,1200,DAL,3200,NE,visitor,2,4.577731882513236,BAR221986,00-0036981,3200,Christian Barmore,C.Barmore,DT,https://static.www.nfl.com/image/private/{formatInstructions}/league/h4rtemvkpsx1uyjvnm63,90,1,0,0,0,17,5.410927231968236
2023,REG,4,2023100111,59233,10/01/2023,1200,DAL,3200,NE,visitor,3,4.577731882513236,JUD442977,00-0032415,3200,Matt Judon,M.Judon,OLB,https://static.www.nfl.com/image/private/{formatInstructions}/league/gzqaca6m73uzgwczrw7z,9,1,0,0,0,16,5.688091804668834
2023,REG,4,2023100111,59233,10/01/2023,1200,DAL,3200,NE,visitor,4,4.577731882513236,GOD093943,00-0033860,3200,Davon Godchaux,D.Godchaux,NT,https://static.www.nfl.com/image/private/{formatInstructions}/league/vdvrll3sffp00ijreboc,92,0,1,0,0,15,4.664355042031045
2023,REG,4,2023100112,59234,10/01/2023,4500,SF,3800,ARI,home,1,4.577731882513236,JAC142755,00-0037826,4500,Drake Jackson,D.Jackson,DE,https://static.www.nfl.com/image/private/{formatInstructions}/league/qpszpd2h4ulbm2ghav6o,95,0,1,0,0,26,3.6529608139524194
2023,REG,4,2023100112,59234,10/01/2023,4500,SF,3800,ARI,home,2,4.577731882513236,BOS073285,00-0035717,4500,Nick Bosa,N.Bosa,DE,https://static.www.nfl.com/image/private/{formatInstructions}/league/pzdj8ys2wqjc92hafziy,97,1,0,0,0,24,3.5921811647605284
2023,REG,4,2023100112,59234,10/01/2023,4500,SF,3800,ARI,home,3,4.577731882513236,ARM057964,00-0032164,4500,Arik Armstead,A.Armstead,DT,https://static.www.nfl.com/image/private/{formatInstructions}/league/pfagislv7uhsnwi7pviu,91,1,1,0,0,23,4.460061995839798
2023,REG,4,2023100112,59234,10/01/2023,4500,SF,3800,ARI,home,4,4.577731882513236,HAR143881,00-0033109,4500,Javon Hargrave,J.Hargrave,DT,https://static.www.nfl.com/image/private/{formatInstructions}/league/z8mrwlgmuug7yjkood5k,98,2,2,1,0,21,3.5630028432660312
2023,REG,4,2023100112,59234,10/01/2023,4500,SF,3800,ARI,visitor,1,4.577731882513236,FOT415291,00-0036371,3800,Leki Fotu,L.Fotu,NT,https://static.www.nfl.com/image/private/{formatInstructions}/league/gxwqqog47cwgrhfblo9x,95,2,2,0,0,13,4.7812169646998575
2023,REG,4,2023100112,59234,10/01/2023,4500,SF,3800,ARI,visitor,2,4.577731882513236,STI401047,00-0038623,3800,Dante Stills,D.Stills,DE,https://static.www.nfl.com/image/private/{formatInstructions}/league/mjw66yx6mafncshskyob,55,1,1,0,0,10,5.058591098774247
2023,REG,4,2023100112,59234,10/01/2023,4500,SF,3800,ARI,visitor,3,4.577731882513236,STR637423,00-0035334,3800,Kevin Strong,K.Strong,NT,https://static.www.nfl.com/image/private/{formatInstructions}/league/ayepxrrynzz6cnxf5xco,92,1,1,0,0,9,4.137790587048783
2023,REG,4,2023100112,59234,10/01/2023,4500,SF,3800,ARI,visitor,4,4.577731882513236,BAN376964,00-0035928,3800,Eric Banks,E.Banks,DT,https://static.www.nfl.com/image/private/{formatInstructions}/league/tqxvkgcnkzkzpjxxlcig,96,1,0,0,0,8,4.289872611757543
2023,REG,4,2023100113,59235,10/01/2023,3430,NYJ,2310,KC,home,1,4.577731882513236,JEF350399,00-0032416,3430,Quinton Jefferson,Q.Jefferson,DE,https://static.www.nfl.com/image/private/{formatInstructions}/league/jjo6ujxfsbzpbumpsf0e,70,2,1,0,0,17,4.9498408073473925
2023,REG,4,2023100113,59235,10/01/2023,3430,NYJ,2310,KC,home,2,4.577731882513236,THO381630,00-0033870,3430,Solomon Thomas,S.Thomas,DT,https://static.www.nfl.com/image/private/{formatInstructions}/league/umuabhaoizdehmj7ifbw,94,1,0,0,0,16,4.059499106095609
2023,REG,4,2023100113,59235,10/01/2023,3430,NYJ,2310,KC,home,3,4.577731882513236,WIL132672,00-0035718,3430,Quinnen Williams,Q.Williams,NT,https://static.www.nfl.com/image/private/{formatInstructions}/league/ftjeq2xr9mvck8mfkute,95,3,1,0,0,15,5.1736686622932515
2023,REG,4,2023100113,59235,10/01/2023,3430,NYJ,2310,KC,home,4,4.577731882513236,FRA563573,00-0034805,3430,John Franklin-Myers,J.Franklin-Myers,DE,https://static.www.nfl.com/image/private/{formatInstructions}/league/q4aysumc2wxfocjtpdkl,91,1,1,0,0,12,3.895364729673451
2023,REG,4,2023100113,59235,10/01/2023,3430,NYJ,2310,KC,visitor,1,4.577731882513236,DAN721566,00-0036378,2310,Michael Danna,M.Danna,DE,https://static.www.nfl.com/image/private/{formatInstructions}/league/oiywq8es1rm2rjnpbouw,51,2,2,0,0,31,5.215222215223052
2023,REG,4,2023100113,59235,10/01/2023,3430,NYJ,2310,KC,visitor,2,4.577731882513236,KAR303382,00-0037192,2310,George Karlaftis,G.Karlaftis,DE,https://static.www.nfl.com/image/private/{formatInstructions}/league/kwmi9hcgixedzkqo0hd9,56,1,0,0,0,27,4.108587943412382
2023,REG,4,2023100113,59235,10/01/2023,3430,NYJ,2310,KC,visitor,3,4.577731882513236,JON162595,00-0032762,2310,Chris Jones,C.Jones,DT,https://static.www.nfl.com/image/private/{formatInstructions}/league/tzeyeldnaaxjsg4beczj,95,2,1,1,0,26,3.6695569995673867
2023,REG,4,2023100113,59235,10/01/2023,3430,NYJ,2310,KC,visitor,4,4.577731882513236,NNA157287,00-0034818,2310,Derrick Nnadi,D.Nnadi,DT,https://static.www.nfl.com/image/private/{formatInstructions}/league/fokp5h37zl5qkfsachb3,91,2,0,0,0,14,4.866087666067719
2023,REG,4,2023100200,59236,10/02/2023,3410,NYG,4600,SEA,home,1,4.577731882513236,OJU415291,00-0036552,3410,Azeez Ojulari,A.Ojulari,DE,https://static.www.nfl.com/image/private/{formatInstructions}/league/k41l7r8hicknnv9bu59h,51,1,0,0,0,17,4.49489030804698
2023,REG,4,2023100200,59236,10/02/2023,3410,NYG,4600,SEA,home,2,4.577731882513236,THI172866,00-0037611,3410,Kayvon Thibodeaux,K.Thibodeaux,OLB,https://static.www.nfl.com/image/private/{formatInstructions}/league/ssdyrj5nmrcos9zv1e4d,5,2,0,2,0,13,3.962405190564285
2023,REG,4,2023100200,59236,10/02/2023,3410,NYG,4600,SEA,home,3,4.577731882513236,LAW288048,00-0035683,3410,Dexter Lawrence,D.Lawrence,NT,https://static.www.nfl.com/image/private/{formatInstructions}/league/mq1gfsw7gfz3jithkivb,97,2,1,0,0,10,4.009088158128535
2023,REG,4,2023100200,59236,10/02/2023,3410,NYG,4600,SEA,home,4,4.577731882513236,WIL426411,00-0031933,3410,Leonard Williams,L.Williams,DT,https://static.www.nfl.com/image/private/{formatInstructions}/league/nbs0nno2aekmxfryiykv,99,1,1,0,0,9,4.855395713310601
2023,REG,4,2023100200,59236,10/02/2023,3410,NYG,4600,SEA,visitor,1,4.577731882513236,EDW608536,00-0032265,4600,Mario Edwards,M.Edwards,DE,https://static.www.nfl.com/image/private/{formatInstructions}/league/v6scke6urion0phdjllc,97,2,1,1,1,19,3.8344022855293063
2023,REG,4,2023100200,59236,10/02/2023,3410,NYG,4600,SEA,visitor,2,4.577731882513236,JON263738,00-0035678,4600,Dre'Mont Jones,D.Jones,DE,https://static.www.nfl.com/image/private/{formatInstructions}/league/jtymiyxibjaktdm0h9by,55,2,2,0,0,19,3.7816339774119037
2023,REG,4,2023100200,59236,10/02/2023,3410,NYG,4600,SEA,visitor,3,4.577731882513236,NWO593274,00-0034350,4600,Uchenna Nwosu,U.Nwosu,OLB,https://static.www.nfl.com/image/private/{formatInstructions}/league/z6fbgjrfgltuiq1okiex,10,4,2,2,1,18,3.569635337596374
2023,REG,4,2023100200,59236,10/02/2023,3410,NYG,4600,SEA,visitor,4,4.577731882513236,REE257783,00-0032387,4600,Jarran Reed,Ja.Reed,NT,https://static.www.nfl.com/image/private/{formatInstructions}/league/hp86k8wv76vaid3dyzen,90,3,0,0,0,17,4.221909691775781
2023,REG,5,2023100500,59237,10/05/2023,5110,WAS,0810,CHI,home,1,4.577731882513236,ALL512725,00-0033523,5110,Jonathan Allen,J.Allen,DT,https://static.www.nfl.com/image/private/{formatInstructions}/league/uyc2yzn3jzzmx8zkswex,93,2,5,1,0,23,4.911635836086653
2023,REG,5,2023100500,59237,10/05/2023,5110,WAS,0810,CHI,home,2,4.577731882513236,PAY281222,00-0034333,5110,Daron Payne,D.Payne,DT,https://static.www.nfl.com/image/private/{formatInstructions}/league/vxrbsde7ynj9mahsxfcs,94,1,4,0,1,21,5.009169027711084
2023,REG,5,2023100500,59237,10/05/2023,5110,WAS,0810,CHI,home,3,4.577731882513236,YOU146550,00-0036321,5110,Chase Young,C.Young,DE,https://static.www.nfl.com/image/private/{formatInstructions}/league/unhlp0qze9qqegfxe6rd,99,1,1,0,0,21,3.673959855746384
2023,REG,5,2023100500,59237,10/05/2023,5110,WAS,0810,CHI,home,4,4.577731882513236,SWE034375,00-0035647,5110,Montez Sweat,M.Sweat,DE,https://static.www.nfl.com/image/private/{formatInstructions}/league/hnx2ujifcc1ad4gw0iby,90,4,2,1,0,18,4.281898748229916
2023,REG,5,2023100500,59237,10/05/2023,5110,WAS,0810,CHI,visitor,1,4.577731882513236,NGA355963,00-0033123,0810,Yannick Ngakoue,Y.Ngakoue,DE,https://static.www.nfl.com/image/private/{formatInstructions}/league/gm3h8c0ov8hffmaw7efj,91,2,1,1,0,42,3.7131142875156122
2023,REG,5,2023100500,59237,10/05/2023,5110,WAS,0810,CHI,visitor,2,4.577731882513236,JON518335,00-0034677,0810,Justin Jones,Ju.Jones,DT,https://static.www.nfl.com/image/private/{formatInstructions}/league/zsfbwgrrxrqbahv318xu,93,0,1,0,0,35,3.783203889297163
2023,REG,5,2023100500,59237,10/05/2023,5110,WAS,0810,CHI,visitor,3,4.577731882513236,WAL115858,00-0033782,0810,DeMarcus Walker,D.Walker,DE,https://static.www.nfl.com/image/private/{formatInstructions}/league/rfvqk3uflt2uwxrfwio7,95,2,2,1,0,34,3.8853223484066413
2023,REG,5,2023100500,59237,10/05/2023,5110,WAS,0810,CHI,visitor,4,4.577731882513236,DEX634187,00-0039070,0810,Gervon Dexter,G.Dexter,DT,https://static.www.nfl.com/image/private/{formatInstructions}/league/vj6m4qixxhqmufrr5ilo,99,0,1,0,0,21,3.283001266430069
2023,REG,5,2023100800,59238,10/08/2023,0610,BUF,2250,JAX,home,1,4.577731882513236,OLI290385,00-0035230,0610,Ed Oliver,E.Oliver,DT,https://static.www.nfl.com/image/private/{formatInstructions}/league/e2nyrgwol6dnvxotljae,91,5,4,1,0,28,4.144935465230079
2023,REG,5,2023100800,59238,10/08/2023,0610,BUF,2250,JAX,home,2,4.577731882513236,FLO758060,00-0033072,0610,Leonard Floyd,L.Floyd,DE,https://static.www.nfl.com/image/private/{formatInstructions}/league/mmexfoamcspblwripdan,56,2,0,2,1,21,4.576333609222858
2023,REG,5,2023100800,59238,10/08/2023,0610,BUF,2250,JAX,home,3,4.577731882513236,EPE415291,00-0036192,0610,A.J. Epenesa,A.Epenesa,DE,https://static.www.nfl.com/image/private/{formatInstructions}/league/nimlvhdjfwqumq8ecrlw,57,2,2,2,1,21,5.2441688896929675
2023,REG,5,2023100800,59238,10/08/2023,0610,BUF,2250,JAX,home,4,4.577731882513236,VIC633060,00-0034125,0610,Kendal Vickers,K.Vickers,DT,https://static.www.nfl.com/image/private/{formatInstructions}/league/n8xor1dvceatqtebe4cv,93,1,1,0,0,16,4.779517919939164
2023,REG,5,2023100800,59238,10/08/2023,0610,BUF,2250,JAX,visitor,1,4.577731882513236,ALL528759,00-0035642,2250,Josh Allen,J.Allen,OLB,https://static.www.nfl.com/image/private/{formatInstructions}/league/q807jedjb7igab4graoe,41,1,0,0,0,25,4.760560659900648
2023,REG,5,2023100800,59238,10/08/2023,0610,BUF,2250,JAX,visitor,2,4.577731882513236,WAL335860,00-0037235,2250,Travon Walker,T.Walker,OLB,https://static.www.nfl.com/image/private/{formatInstructions}/league/u578pgqmortimghxzgev,44,1,0,0,0,25,4.862426214989219
2023,REG,5,2023100800,59238,10/08/2023,0610,BUF,2250,JAX,visitor,3,4.577731882513236,ROB360907,00-0032667,2250,Roy Robertson-Harris,R.Robertson-Harris,DT,https://static.www.nfl.com/image/private/{formatInstructions}/league/rb0pmtszstbyggfqtriw,95,0,2,0,0,21,4.842826260132002
2023,REG,5,2023100800,59238,10/08/2023,0610,BUF,2250,JAX,visitor,4,4.577731882513236,LED229262,00-0033582,2250,Jeremiah Ledbetter,J.Ledbetter,DE,https://static.www.nfl.com/image/private/{formatInstructions}/league/bptimfgpdnvwcpgghwe7,99,0,0,0,0,15,5.16426854379088
2023,REG,5,2023100801,59239,10/08/2023,0200,ATL,2120,HOU,home,1,4.577731882513236,DUP507860,00-0032146,0200,Bud Dupree,B.Dupree,OLB,https://static.www.nfl.com/image/private/{formatInstructions}/league/i2b1ykt4jgmdabmwoqoo,48,1,0,0,0,19,5.175284780800246
2023,REG,5,2023100801,59239,10/08/2023,0200,ATL,2120,HOU,home,2,4.577731882513236,JAR254349,00-0031583,0200,Grady Jarrett,G.Jarrett,DT,https://static.www.nfl.com/image/private/{formatInstructions}/league/u661ulortedxea2p1sq7,97,1,3,0,0,19,4.193140202386343
2023,REG,5,2023100801,59239,10/08/2023,0200,ATL,2120,HOU,home,3,4.577731882513236,ONY164481,00-0033051,0200,David Onyemata,D.Onyemata,DT,https://static.www.nfl.com/image/private/{formatInstructions}/league/uyu66sa3d2gpsh5tyhxw,90,2,0,0,0,19,4.2372377924926985
2023,REG,5,2023100801,59239,10/08/2023,0200,ATL,2120,HOU,home,4,4.577731882513236,CAR716453,00-0034360,0200,Lorenzo Carter,L.Carter,OLB,https://static.www.nfl.com/image/private/{formatInstructions}/league/vzt4cv29hrn9dw0wtpze,0,2,0,0,0,13,4.883688921661037
2023,REG,5,2023100801,59239,10/08/2023,0200,ATL,2120,HOU,visitor,1,4.577731882513236,GRE397948,00-0036224,2120,Jonathan Greenard,J.Greenard,DE,https://static.www.nfl.com/image/private/{formatInstructions}/league/mgn1hyalnf83cwhn7iwo,52,2,1,0,0,27,4.757886905376741
2023,REG,5,2023100801,59239,10/08/2023,0200,ATL,2120,HOU,visitor,2,4.577731882513236,RAN676464,00-0032759,2120,Sheldon Rankins,S.Rankins,DT,https://static.www.nfl.com/image/private/{formatInstructions}/league/i3u6yg3pjksljugpb86f,98,2,1,0,0,25,4.706099748656322
2023,REG,5,2023100801,59239,10/08/2023,0200,ATL,2120,HOU,visitor,3,4.577731882513236,COL633184,00-0033131,2120,Maliek Collins,M.Collins,DT,https://static.www.nfl.com/image/private/{formatInstructions}/league/y9hbtlxivjzgaassmpwt,96,2,0,0,0,24,4.386814620896433
2023,REG,5,2023100801,59239,10/08/2023,0200,ATL,2120,HOU,visitor,4,4.577731882513236,AND627364,00-0039108,2120,Will Anderson,W.Anderson,DE,https://static.www.nfl.com/image/private/{formatInstructions}/league/ip0s1uogbdsiwpmx9fd8,51,4,2,0,0,21,4.8836984615306624
2023,REG,5,2023100802,59240,10/08/2023,1540,DET,0750,CAR,home,1,4.577731882513236,HUT099869,00-0037236,1540,Aidan Hutchinson,A.Hutchinson,DE,https://static.www.nfl.com/image/private/{formatInstructions}/league/zywrtjyja5l8efay1six,97,3,0,1,0,29,4.549738706225801
2023,REG,5,2023100802,59240,10/08/2023,1540,DET,0750,CAR,home,2,4.577731882513236,JON078068,00-0035841,1540,Benito Jones,B.Jones,DT,https://static.www.nfl.com/image/private/{formatInstructions}/league/g2wfbtdqtccgf99yecj9,94,0,1,0,0,23,5.022293640769766
2023,REG,5,2023100802,59240,10/08/2023,1540,DET,0750,CAR,home,3,4.577731882513236,MCN611247,00-0036624,1540,Alim McNeill,A.McNeill,DT,https://static.www.nfl.com/image/private/{formatInstructions}/league/hrqtcha6t35jwvoswc1k,54,2,1,0,1,23,4.297976203395224
2023,REG,5,2023100802,59240,10/08/2023,1540,DET,0750,CAR,home,4,4.577731882513236,OKW059326,00-0032655,1540,Romeo Okwara,R.Okwara,DE,https://static.www.nfl.com/image/private/{formatInstructions}/league/rkasbg8asew3pyozpkcu,95,0,0,0,0,21,4.296913720599901
2023,REG,5,2023100802,59240,10/08/2023,1540,DET,0750,CAR,visitor,1,4.577731882513236,BRO393541,00-0036220,0750,Derrick Brown,Der.Brown,DE,https://static.www.nfl.com/image/private/{formatInstructions}/league/snjd4zlvrynmvcnlohej,95,2,4,0,0,22,4.991199687509073
2023,REG,5,2023100802,59240,10/08/2023,1540,DET,0750,CAR,visitor,2,4.577731882513236,BUR435186,00-0035713,0750,Brian Burns,B.Burns,OLB,https://static.www.nfl.com/image/private/{formatInstructions}/league/pigkreclt8lczii5r2on,0,3,1,1,0,20,3.8282712382941533
2023,REG,5,2023100802,59240,10/08/2023,1540,DET,0750,CAR,visitor,3,4.577731882513236,TUT703400,00-0035409,0750,Shy Tuttle,S.Tuttle,DT,https://static.www.nfl.com/image/private/{formatInstructions}/league/t9s9gvxf5pli26vg6oo6,99,1,3,0,0,15,6.847199741303442
2023,REG,5,2023100802,59240,10/08/2023,1540,DET,0750,CAR,visitor,4,4.577731882513236,RAY370566,00-0037203,0750,LaBryan Ray,L.Ray,DE,https://static.www.nfl.com/image/private/{formatInstructions}/league/aaxrprqjme4rwnuxe0vh,93,0,1,0,0,10,6.418780647626797
2023,REG,5,2023100803,59241,10/08/2023,2200,IND,2100,TEN,home,1,4.577731882513236,EBU355964,00-0033945,2200,Samson Ebukam,S.Ebukam,DE,https://static.www.nfl.com/image/private/{formatInstructions}/league/feoglrxvambjd4u4tdq6,52,2,1,1,0,22,3.3201029575719816
2023,REG,5,2023100803,59241,10/08/2023,2200,IND,2100,TEN,home,2,4.577731882513236,BUC768760,00-0032378,2200,DeForest Buckner,D.Buckner,DT,https://static.www.nfl.com/image/private/{formatInstructions}/league/ls2tzitcuhmhwug8ohwj,99,1,5,0,0,21,3.004829006532576
2023,REG,5,2023100803,59241,10/08/2023,2200,IND,2100,TEN,home,3,4.577731882513236,ODE707589,00-0036480,2200,Dayo Odeyingbo,D.Odeyingbo,DE,https://static.www.nfl.com/image/private/{formatInstructions}/league/cui1htwwnpbwayzucahk,54,1,2,0,0,19,3.9000153421081674
2023,REG,5,2023100803,59241,10/08/2023,2200,IND,2100,TEN,home,4,4.577731882513236,LEW752680,00-0034359,2200,Tyquan Lewis,Ty.Lewis,DE,https://static.www.nfl.com/image/private/{formatInstructions}/league/p52drq3oa12bcvxjkjih,94,0,0,0,0,18,2.6841624344271655
2023,REG,5,2023100803,59241,10/08/2023,2200,IND,2100,TEN,visitor,1,4.577731882513236,SIM204336,00-0035643,2100,Jeffery Simmons,J.Simmons,DT,https://static.www.nfl.com/image/private/{formatInstructions}/league/bmlla8bf1h8hxulhcwhv,98,1,2,0,0,19,4.062749766728867
2023,REG,5,2023100803,59241,10/08/2023,2200,IND,2100,TEN,visitor,2,4.577731882513236,AUT529722,00-0031254,2100,Denico Autry,D.Autry,DE,https://static.www.nfl.com/image/private/{formatInstructions}/league/fm0gjc1jtbgmmsr4gs9l,96,0,2,0,0,18,3.869311684694737
2023,REG,5,2023100803,59241,10/08/2023,2200,IND,2100,TEN,visitor,3,4.577731882513236,LAN159704,00-0034828,2100,Harold Landry,H.Landry,OLB,https://static.www.nfl.com/image/private/{formatInstructions}/league/akafrpdcokvwz2psbbmj,58,2,2,0,0,18,4.34708998965402
2023,REG,5,2023100803,59241,10/08/2023,2200,IND,2100,TEN,visitor,4,4.577731882513236,KEY099037,00-0034825,2100,Arden Key,A.Key,OLB,https://static.www.nfl.com/image/private/{formatInstructions}/league/psoje6looquofelpery9,49,0,2,0,0,14,4.038281458236012
2023,REG,5,2023100804,59242,10/08/2023,2700,MIA,3410,NYG,home,1,4.577731882513236,VAN463493,00-0035272,2700,Andrew Van Ginkel,A.Van Ginkel,OLB,https://static.www.nfl.com/image/private/{formatInstructions}/league/tq7dbfmycd7qrbal5lvb,43,3,0,1,0,21,4.668829395913676
2023,REG,5,2023100804,59242,10/08/2023,2700,MIA,3410,NYG,home,2,4.577731882513236,CHU028799,00-0034832,2700,Bradley Chubb,B.Chubb,OLB,https://static.www.nfl.com/image/private/{formatInstructions}/league/to1i0hqzw9xoy0tgm9ck,2,5,2,0,0,20,3.599409994924811
2023,REG,5,2023100804,59242,10/08/2023,2700,MIA,3410,NYG,home,3,4.577731882513236,WIL081088,00-0035231,2700,Christian Wilkins,C.Wilkins,DE,https://static.www.nfl.com/image/private/{formatInstructions}/league/yngx6poa67gosj2oiwk1,94,0,4,0,0,18,3.8694644181746063
2023,REG,5,2023100804,59242,10/08/2023,2700,MIA,3410,NYG,home,4,4.577731882513236,SIE410345,00-0034285,2700,Zach Sieler,Z.Sieler,DE,https://static.www.nfl.com/image/private/{formatInstructions}/league/me66zdnhvswxahqsvlrn,92,6,1,2,0,17,4.726746383308276
2023,REG,5,2023100804,59242,10/08/2023,2700,MIA,3410,NYG,visitor,1,4.577731882513236,THI172866,00-0037611,3410,Kayvon Thibodeaux,K.Thibodeaux,OLB,https://static.www.nfl.com/image/private/{formatInstructions}/league/ssdyrj5nmrcos9zv1e4d,5,1,1,1,0,24,4.832266231817183
2023,REG,5,2023100804,59242,10/08/2023,2700,MIA,3410,NYG,visitor,2,4.577731882513236,WIL426411,00-0031933,3410,Leonard Williams,L.Williams,DT,https://static.www.nfl.com/image/private/{formatInstructions}/league/nbs0nno2aekmxfryiykv,99,1,1,0,0,19,4.473039300560707
2023,REG,5,2023100804,59242,10/08/2023,2700,MIA,3410,NYG,visitor,3,4.577731882513236,LAW288048,00-0035683,3410,Dexter Lawrence,D.Lawrence,NT,https://static.www.nfl.com/image/private/{formatInstructions}/league/mq1gfsw7gfz3jithkivb,97,1,0,0,0,19,4.573496975095614
2023,REG,5,2023100804,59242,10/08/2023,2700,MIA,3410,NYG,visitor,4,4.577731882513236,OJU415291,00-0036552,3410,Azeez Ojulari,A.Ojulari,DE,https://static.www.nfl.com/image/private/{formatInstructions}/league/k41l7r8hicknnv9bu59h,51,0,0,0,0,14,5.18681640362931
2023,REG,5,2023100805,59243,10/08/2023,3200,NE,3300,NO,home,1,4.577731882513236,WIS078731,00-0033947,3200,Deatrich Wise,D.Wise,DE,https://static.www.nfl.com/image/private/{formatInstructions}/league/bxwmlzyorjsos6w7g2x6,91,4,3,0,0,16,4.302156364849579
2023,REG,5,2023100805,59243,10/08/2023,3200,NE,3300,NO,home,2,4.577731882513236,GUY230716,00-0028171,3200,Lawrence Guy,L.Guy,DT,https://static.www.nfl.com/image/private/{formatInstructions}/league/jyc3hf6lyt5js3b7oon8,93,2,2,0,0,13,5.4810376180003155
2023,REG,5,2023100805,59243,10/08/2023,3200,NE,3300,NO,home,3,4.577731882513236,WHI315646,00-0039148,3200,Keion White,K.White,DE,https://static.www.nfl.com/image/private/{formatInstructions}/league/rjc9qgamwszqabbidwla,99,0,1,0,0,12,3.980986191563255
2023,REG,5,2023100805,59243,10/08/2023,3200,NE,3300,NO,home,4,4.577731882513236,GOD093943,00-0033860,3200,Davon Godchaux,D.Godchaux,NT,https://static.www.nfl.com/image/private/{formatInstructions}/league/vdvrll3sffp00ijreboc,92,2,3,0,0,11,5.210437472254191
2023,REG,5,2023100805,59243,10/08/2023,3200,NE,3300,NO,visitor,1,4.577731882513236,GRA291153,00-0035402,3300,Carl Granderson,C.Granderson,DE,https://static.www.nfl.com/image/private/{formatInstructions}/league/n1thp9nf1gnbj3epsec5,96,3,1,1,0,20,4.2375140748805835
2023,REG,5,2023100805,59243,10/08/2023,3200,NE,3300,NO,visitor,2,4.577731882513236,JOR051224,00-0027962,3300,Cameron Jordan,C.Jordan,DE,https://static.www.nfl.com/image/private/{formatInstructions}/league/jbcyxaoosrmj0pn5ynjb,94,0,2,0,0,19,4.045302324242031
2023,REG,5,2023100805,59243,10/08/2023,3200,NE,3300,NO,visitor,3,4.577731882513236,BRE510679,00-0038995,3300,Bryan Bresee,B.Bresee,DT,https://static.www.nfl.com/image/private/{formatInstructions}/league/ndia5grzqsvtxhql50ss,90,0,0,0,0,19,3.974052864138089
2023,REG,5,2023100805,59243,10/08/2023,3200,NE,3300,NO,visitor,4,4.577731882513236,KPA593274,00-0033902,3300,Tanoh Kpassagnon,T.Kpassagnon,DE,https://static.www.nfl.com/image/private/{formatInstructions}/league/ilr1bs7qesfq7fryeetc,92,1,1,0,0,18,3.786837765697316
2023,REG,5,2023100806,59244,10/08/2023,3900,PIT,0325,BAL,home,1,4.577731882513236,WAT587616,00-0033886,3900,T.J. Watt,T.Watt,OLB,https://static.www.nfl.com/image/private/{formatInstructions}/league/yuqxfzlqjuz7yho5fdpg,90,2,0,2,0,29,4.218424393522158
2023,REG,5,2023100806,59244,10/08/2023,3900,PIT,0325,BAL,home,2,4.577731882513236,HIG595832,00-0036333,3900,Alex Highsmith,A.Highsmith,OLB,https://static.www.nfl.com/image/private/{formatInstructions}/league/xovqquaydxhhxbsiumfu,56,1,1,1,1,27,3.3409214829698985
2023,REG,5,2023100806,59244,10/08/2023,3900,PIT,0325,BAL,home,3,4.577731882513236,ADA519824,00-0033929,3900,Montravius Adams,M.Adams,NT,https://static.www.nfl.com/image/private/{formatInstructions}/league/bt78obedupn95s6fq3m3,57,0,2,0,0,26,4.362828202018323
2023,REG,5,2023100806,59244,10/08/2023,3900,PIT,0325,BAL,home,4,4.577731882513236,OGU431455,00-0033905,3900,Larry Ogunjobi,L.Ogunjobi,DT,https://static.www.nfl.com/image/private/{formatInstructions}/league/lwy0ylpaxchvs61rbkjk,99,1,0,0,1,25,3.902235991844086
2023,REG,5,2023100806,59244,10/08/2023,3900,PIT,0325,BAL,visitor,1,4.577731882513236,PIE424893,00-0032574,0325,Michael Pierce,M.Pierce,NT,https://static.www.nfl.com/image/private/{formatInstructions}/league/tydggsdjwzhhl36qztc0,58,0,2,0,0,21,4.476544684999574
2023,REG,5,2023100806,59244,10/08/2023,3900,PIT,0325,BAL,visitor,2,4.577731882513236,CLO535848,00-0031364,0325,Jadeveon Clowney,J.Clowney,OLB,https://static.www.nfl.com/image/private/{formatInstructions}/league/rmuagbaye1s4hfevcqov,24,0,1,0,0,20,4.781483900993705
2023,REG,5,2023100806,59244,10/08/2023,3900,PIT,0325,BAL,visitor,3,4.577731882513236,MAD784440,00-0036130,0325,Justin Madubuike,J.Madubuike,DT,https://static.www.nfl.com/image/private/{formatInstructions}/league/tvitcjl2ahtfjqogd2rx,92,3,2,0,0,20,3.747255120155381
2023,REG,5,2023100806,59244,10/08/2023,3900,PIT,0325,BAL,visitor,4,4.577731882513236,VAN656604,00-0031360,0325,Kyle Van Noy,K.Van Noy,OLB,https://static.www.nfl.com/image/private/{formatInstructions}/league/znklqcbz96hplzfzqunt,50,1,0,0,0,17,3.78770769627156
2023,REG,5,2023100807,59245,10/08/2023,3800,ARI,0920,CIN,home,1,4.577731882513236,GAR121450,00-0034473,3800,Dennis Gardeck,D.Gardeck,OLB,https://static.www.nfl.com/image/private/{formatInstructions}/league/apa15w67lwuxt4ucnqhc,45,1,1,0,0,22,3.7535408190665747
2023,REG,5,2023100807,59245,10/08/2023,3800,ARI,0920,CIN,home,2,4.577731882513236,COL712276,00-0036933,3800,Zaven Collins,Z.Collins,OLB,https://static.www.nfl.com/image/private/{formatInstructions}/league/vrcmqlsrh8zwppjce3z6,25,1,0,1,0,21,4.956814604864754
2023,REG,5,2023100807,59245,10/08/2023,3800,ARI,0920,CIN,home,3,4.577731882513236,STI401047,00-0038623,3800,Dante Stills,D.Stills,DE,https://static.www.nfl.com/image/private/{formatInstructions}/league/mjw66yx6mafncshskyob,55,4,2,1,0,21,4.050452867822096
2023,REG,5,2023100807,59245,10/08/2023,3800,ARI,0920,CIN,home,4,4.577731882513236,STR637423,00-0035334,3800,Kevin Strong,K.Strong,NT,https://static.www.nfl.com/image/private/{formatInstructions}/league/ayepxrrynzz6cnxf5xco,92,4,1,1,0,19,4.276353763594571
2023,REG,5,2023100807,59245,10/08/2023,3800,ARI,0920,CIN,visitor,1,4.577731882513236,HIL096836,00-0034800,0920,B.J. Hill,B.Hill,DT,https://static.www.nfl.com/image/private/{formatInstructions}/league/kzclgv44hziqf33iwtyx,92,0,0,0,0,18,3.4661691359194036
2023,REG,5,2023100807,59245,10/08/2023,3800,ARI,0920,CIN,visitor,2,4.577731882513236,HUB387605,00-0034834,0920,Sam Hubbard,S.Hubbard,DE,https://static.www.nfl.com/image/private/{formatInstructions}/league/fedpaaymkmox3miypjkl,94,3,0,0,0,15,4.413350303129957
2023,REG,5,2023100807,59245,10/08/2023,3800,ARI,0920,CIN,visitor,3,4.577731882513236,HEN324452,00-0033935,0920,Trey Hendrickson,T.Hendrickson,DE,https://static.www.nfl.com/image/private/{formatInstructions}/league/ypeza1qplqqjbvowe2im,91,2,2,2,1,14,3.5239549642856463
2023,REG,5,2023100807,59245,10/08/2023,3800,ARI,0920,CIN,visitor,4,4.577731882513236,REA148116,00-0032424,0920,D.J. Reader,D.Reader,NT,https://static.www.nfl.com/image/private/{formatInstructions}/league/v17stoz8ugqx9vebprz0,98,1,2,0,0,11,3.4503213706071083
2023,REG,5,2023100808,59246,10/08/2023,2510,LA,3700,PHI,home,1,4.577731882513236,DON134977,00-0031388,2510,Aaron Donald,A.Donald,DT,https://static.www.nfl.com/image/private/{formatInstructions}/league/gou42dathlyc1rfn4pga,99,1,3,0,0,19,4.644837922491797
2023,REG,5,2023100808,59246,10/08/2023,2510,LA,3700,PHI,home,2,4.577731882513236,WIL385174,00-0035944,2510,Jonah Williams,J.Williams,DE,https://static.www.nfl.com/image/private/{formatInstructions}/league/fqj4ojziiq1vjjwwnens,92,2,2,0,0,17,4.616704742303754
2023,REG,5,2023100808,59246,10/08/2023,2510,LA,3700,PHI,home,3,4.577731882513236,YOU127040,00-0039137,2510,Byron Young,B.Young,OLB,https://static.www.nfl.com/image/private/{formatInstructions}/league/bdfvfh0776dv0sn447pq,0,0,2,0,0,16,4.532720157941512
2023,REG,5,2023100808,59246,10/08/2023,2510,LA,3700,PHI,home,4,4.577731882513236,HOE044723,00-0035933,2510,Michael Hoecht,M.Hoecht,OLB,https://static.www.nfl.com/image/private/{formatInstructions}/league/ufxnrf3mqht5ijy0ln2i,97,3,3,0,0,15,4.498732672442906
2023,REG,5,2023100808,59246,10/08/2023,2510,LA,3700,PHI,visitor,1,4.577731882513236,SWE031587,00-0034381,3700,Josh Sweat,J.Sweat,DE,https://static.www.nfl.com/image/private/{formatInstructions}/league/r8tbgqchezlbyykxvloz,94,3,0,0,1,28,3.224073594356422
2023,REG,5,2023100808,59246,10/08/2023,2510,LA,3700,PHI,visitor,2,4.577731882513236,RED324095,00-0033875,3700,Haason Reddick,H.Reddick,OLB,https://static.www.nfl.com/image/private/{formatInstructions}/league/qqfxdnlmmyzbh27lmxgi,7,2,0,2,0,24,4.32284078622947
2023,REG,5,2023100808,59246,10/08/2023,2510,LA,3700,PHI,visitor,3,4.577731882513236,CAR656628,00-0038386,3700,Jalen Carter,J.Carter,DT,https://static.www.nfl.com/image/private/{formatInstructions}/league/l1xdbx3qtrtbv6scixbn,98,3,1,2,0,23,4.5053201482312275
2023,REG,5,2023100808,59246,10/08/2023,2510,LA,3700,PHI,visitor,4,4.577731882513236,WIL454157,00-0036916,3700,Milton Williams,M.Williams,DT,https://static.www.nfl.com/image/private/{formatInstructions}/league/unxu6akdbeyuefvbtqnc,93,0,2,0,0,21,4.397418085683476
2023,REG,5,2023100809,59247,10/08/2023,1400,DEN,3430,NYJ,home,1,4.577731882513236,ALL656181,00-0035248,1400,Zach Allen,Z.Allen,DE,https://static.www.nfl.com/image/private/{formatInstructions}/league/jbqsgpcisn8px60ab3xf,99,4,1,1,1,24,4.032656166510681
2023,REG,5,2023100809,59247,10/08/2023,1400,DEN,3430,NYJ,home,2,4.577731882513236,HAR450542,00-0035073,1400,Jonathan Harris,J.Harris,DE,https://static.www.nfl.com/image/private/{formatInstructions}/league/ys2maliulozxjdujbpdl,92,3,2,0,0,20,4.315667763200695
2023,REG,5,2023100809,59247,10/08/2023,1400,DEN,3430,NYJ,home,3,4.577731882513236,COO617139,00-0036952,1400,Jonathon Cooper,J.Cooper,OLB,https://static.www.nfl.com/image/private/{formatInstructions}/league/dvuos7qbtpi5jmo41sry,0,3,1,0,0,20,3.5288202312304997
2023,REG,5,2023100809,59247,10/08/2023,1400,DEN,3430,NYJ,home,4,4.577731882513236,BON490179,00-0037249,1400,Nik Bonitto,N.Bonitto,OLB,https://static.www.nfl.com/image/private/{formatInstructions}/league/anc7attkmiqpqqocleun,42,2,0,2,0,15,4.211155327412883
2023,REG,5,2023100809,59247,10/08/2023,1400,DEN,3430,NYJ,visitor,1,4.577731882513236,WIL132672,00-0035718,3430,Quinnen Williams,Q.Williams,NT,https://static.www.nfl.com/image/private/{formatInstructions}/league/ftjeq2xr9mvck8mfkute,95,1,0,0,0,17,3.9231976111316733
2023,REG,5,2023100809,59247,10/08/2023,1400,DEN,3430,NYJ,visitor,2,4.577731882513236,JOH789955,00-0037663,3430,Jermaine Johnson,J.Johnson,OLB,https://static.www.nfl.com/image/private/{formatInstructions}/league/tksswzrbrb6ndpbczqon,11,2,1,1,1,17,4.107563342760555
2023,REG,5,2023100809,59247,10/08/2023,1400,DEN,3430,NYJ,visitor,3,4.577731882513236,FRA563573,00-0034805,3430,John Franklin-Myers,J.Franklin-Myers,DE,https://static.www.nfl.com/image/private/{formatInstructions}/league/q4aysumc2wxfocjtpdkl,91,1,1,0,0,14,4.834699306775325
2023,REG,5,2023100809,59247,10/08/2023,1400,DEN,3430,NYJ,visitor,4,4.577731882513236,JEF350399,00-0032416,3430,Quinton Jefferson,Q.Jefferson,DE,https://static.www.nfl.com/image/private/{formatInstructions}/league/jjo6ujxfsbzpbumpsf0e,70,1,0,0,0,11,4.341569073517757
2023,REG,5,2023100810,59248,10/08/2023,3000,MIN,2310,KC,home,1,4.577731882513236,HUN529240,00-0031565,3000,Danielle Hunter,D.Hunter,OLB,https://static.www.nfl.com/image/private/{formatInstructions}/league/mcimj8g9r5vhy4rzreih,99,1,1,1,0,27,5.0577849525473875
2023,REG,5,2023100810,59248,10/08/2023,3000,MIN,2310,KC,home,2,4.577731882513236,DAV004893,00-0034344,3000,Marcus Davenport,M.Davenport,OLB,https://static.www.nfl.com/image/private/{formatInstructions}/league/uv5y5x7lnwodheymbaub,0,2,1,1,0,25,4.6577550777827454
2023,REG,5,2023100810,59248,10/08/2023,3000,MIN,2310,KC,home,3,4.577731882513236,WON272160,00-0036335,3000,D.J. Wonnum,D.Wonnum,OLB,https://static.www.nfl.com/image/private/{formatInstructions}/league/eyocajqgfrigi444hnkq,98,1,2,0,0,22,4.839935217870473
2023,REG,5,2023100810,59248,10/08/2023,3000,MIN,2310,KC,home,4,4.577731882513236,BUL366378,00-0033093,3000,Jonathan Bullard,J.Bullard,DE,https://static.www.nfl.com/image/private/{formatInstructions}/league/hgxa0we4sgcfdb7wim77,90,1,7,0,0,18,5.156009866476442
2023,REG,5,2023100810,59248,10/08/2023,3000,MIN,2310,KC,visitor,1,4.577731882513236,DAN721566,00-0036378,2310,Michael Danna,M.Danna,DE,https://static.www.nfl.com/image/private/{formatInstructions}/league/oiywq8es1rm2rjnpbouw,51,2,1,1,0,39,4.012224463719898
2023,REG,5,2023100810,59248,10/08/2023,3000,MIN,2310,KC,visitor,2,4.577731882513236,JON162595,00-0032762,2310,Chris Jones,C.Jones,DT,https://static.www.nfl.com/image/private/{formatInstructions}/league/tzeyeldnaaxjsg4beczj,95,1,1,1,0,37,3.996006663747785
2023,REG,5,2023100810,59248,10/08/2023,3000,MIN,2310,KC,visitor,3,4.577731882513236,KAR303382,00-0037192,2310,George Karlaftis,G.Karlaftis,DE,https://static.www.nfl.com/image/private/{formatInstructions}/league/kwmi9hcgixedzkqo0hd9,56,1,0,0,0,37,4.653458211742619
2023,REG,5,2023100810,59248,10/08/2023,3000,MIN,2310,KC,visitor,4,4.577731882513236,NNA157287,00-0034818,2310,Derrick Nnadi,D.Nnadi,DT,https://static.www.nfl.com/image/private/{formatInstructions}/league/fokp5h37zl5qkfsachb3,91,1,0,0,0,19,4.541247718236732
2023,REG,5,2023100811,59249,10/08/2023,4500,SF,1200,DAL,home,1,4.577731882513236,BOS073285,00-0035717,4500,Nick Bosa,N.Bosa,DE,https://static.www.nfl.com/image/private/{formatInstructions}/league/pzdj8ys2wqjc92hafziy,97,2,2,0,0,19,4.297360952816888
2023,REG,5,2023100811,59249,10/08/2023,4500,SF,1200,DAL,home,2,4.577731882513236,FER558663,00-0035692,4500,Clelin Ferrell,C.Ferrell,DE,https://static.www.nfl.com/image/private/{formatInstructions}/league/vhx1ps64hgi1edob2pgd,94,2,0,0,0,17,4.307525330150475
2023,REG,5,2023100811,59249,10/08/2023,4500,SF,1200,DAL,home,3,4.577731882513236,ARM057964,00-0032164,4500,Arik Armstead,A.Armstead,DT,https://static.www.nfl.com/image/private/{formatInstructions}/league/pfagislv7uhsnwi7pviu,91,0,2,0,0,14,3.7353325308285386
2023,REG,5,2023100811,59249,10/08/2023,4500,SF,1200,DAL,home,4,4.577731882513236,HAR143881,00-0033109,4500,Javon Hargrave,J.Hargrave,DT,https://static.www.nfl.com/image/private/{formatInstructions}/league/z8mrwlgmuug7yjkood5k,98,1,0,0,0,14,4.640612778329078
2023,REG,5,2023100811,59249,10/08/2023,4500,SF,1200,DAL,visitor,1,4.577731882513236,PAR753418,00-0036932,1200,Micah Parsons,M.Parsons,OLB,https://static.www.nfl.com/image/private/{formatInstructions}/league/vnasvto6q1izyolgu7db,11,1,3,0,0,19,4.197303669818706
2023,REG,5,2023100811,59249,10/08/2023,4500,SF,1200,DAL,visitor,2,4.577731882513236,ODI118654,00-0036942,1200,Osa Odighizuwa,O.Odighizuwa,DT,https://static.www.nfl.com/image/private/{formatInstructions}/league/l6baz1fnywtp18wcydrd,97,2,1,0,0,13,3.7321229789127814
2023,REG,5,2023100811,59249,10/08/2023,4500,SF,1200,DAL,visitor,3,4.577731882513236,HAN169902,00-0030063,1200,Johnathan Hankins,J.Hankins,DT,https://static.www.nfl.com/image/private/{formatInstructions}/league/oo876ldvyo6xyaxy9wn7,95,2,1,0,0,11,4.833095081991807
2023,REG,5,2023100811,59249,10/08/2023,4500,SF,1200,DAL,visitor,4,4.577731882513236,LAW282118,00-0031411,1200,Demarcus Lawrence,D.Lawrence,DE,https://static.www.nfl.com/image/private/{formatInstructions}/league/zqkya3dftem6ykdpsjem,90,0,4,0,0,10,4.345108145469888
2023,REG,5,2023100900,59250,10/09/2023,2520,LV,1800,GB,home,1,4.577731882513236,CRO371007,00-0034973,2520,Maxx Crosby,M.Crosby,DE,https://static.www.nfl.com/image/private/{formatInstructions}/league/ryx2ur9vl647z34ltt2q,98,4,1,1,0,25,4.723808531111618
2023,REG,5,2023100900,59250,10/09/2023,2520,LV,1800,GB,home,2,4.577731882513236,BUT106408,00-0033381,2520,Adam Butler,A.Butler,DT,https://static.www.nfl.com/image/private/{formatInstructions}/league/ijlj4afpy1na9i9hxfvc,69,1,1,0,0,18,4.465694020792224
2023,REG,5,2023100900,59250,10/09/2023,2520,LV,1800,GB,home,3,4.577731882513236,NIC157723,00-0034387,2520,Bilal Nichols,B.Nichols,DT,https://static.www.nfl.com/image/private/{formatInstructions}/league/hmct6mcyuclokjajt1i7,91,2,2,0,0,15,5.074456043796869
2023,REG,5,2023100900,59250,10/09/2023,2520,LV,1800,GB,home,4,4.577731882513236,KOO195832,00-0036989,2520,Malcolm Koonce,M.Koonce,DE,https://static.www.nfl.com/image/private/{formatInstructions}/league/nvgan7b6roodcugsa9iy,51,0,3,0,0,13,4.752851971594428
2023,REG,5,2023100900,59250,10/09/2023,2520,LV,1800,GB,visitor,1,4.577731882513236,CLA409251,00-0033120,1800,Kenny Clark,K.Clark,DE,https://static.www.nfl.com/image/private/{formatInstructions}/league/xehidvio5jubhvwgsklr,97,2,3,1,0,21,4.937675633384541
2023,REG,5,2023100900,59250,10/09/2023,2520,LV,1800,GB,visitor,2,4.577731882513236,SMI576520,00-0031935,1800,Preston Smith,P.Smith,OLB,https://static.www.nfl.com/image/private/{formatInstructions}/league/pohwua1xxcajtggbemhr,91,2,1,1,0,19,4.33133769395122
2023,REG,5,2023100900,59250,10/09/2023,2520,LV,1800,GB,visitor,3,4.577731882513236,WYA279831,00-0037075,1800,Devonte Wyatt,D.Wyatt,DE,https://static.www.nfl.com/image/private/{formatInstructions}/league/jqnqdhhwbfkp8idpe4c5,95,0,1,0,0,15,4.315967171202928
2023,REG,5,2023100900,59250,10/09/2023,2520,LV,1800,GB,visitor,4,4.577731882513236,GAR766759,00-0034967,1800,Rashan Gary,R.Gary,OLB,https://static.www.nfl.com/image/private/{formatInstructions}/league/t4clz4xe8sfxszmvohfo,52,2,2,1,0,14,3.9015455485596164
2023,REG,6,2023101200,59251,10/12/2023,2310,KC,1400,DEN,home,1,4.577731882513236,DAN721566,00-0036378,2310,Michael Danna,M.Danna,DE,https://static.www.nfl.com/image/private/{formatInstructions}/league/oiywq8es1rm2rjnpbouw,51,1,0,0,0,20,4.65578099019218
2023,REG,6,2023101200,59251,10/12/2023,2310,KC,1400,DEN,home,2,4.577731882513236,JON162595,00-0032762,2310,Chris Jones,C.Jones,DT,https://static.www.nfl.com/image/private/{formatInstructions}/league/tzeyeldnaaxjsg4beczj,95,2,2,1,0,18,3.672395263130755
2023,REG,6,2023101200,59251,10/12/2023,2310,KC,1400,DEN,home,3,4.577731882513236,KAR303382,00-0037192,2310,George Karlaftis,G.Karlaftis,DE,https://static.www.nfl.com/image/private/{formatInstructions}/league/kwmi9hcgixedzkqo0hd9,56,2,1,0,0,14,3.7562760167976506
2023,REG,6,2023101200,59251,10/12/2023,2310,KC,1400,DEN,home,4,4.577731882513236,WHA652597,00-0035890,2310,Tershawn Wharton,T.Wharton,DT,https://static.www.nfl.com/image/private/{formatInstructions}/league/pbuynfvzq7bojcivxbba,98,0,0,0,0,5,5.522059809099963
2023,REG,6,2023101200,59251,10/12/2023,2310,KC,1400,DEN,visitor,1,4.577731882513236,ALL656181,00-0035248,1400,Zach Allen,Z.Allen,DE,https://static.www.nfl.com/image/private/{formatInstructions}/league/jbqsgpcisn8px60ab3xf,99,2,2,1,0,30,4.656593800337967
2023,REG,6,2023101200,59251,10/12/2023,2310,KC,1400,DEN,visitor,2,4.577731882513236,COO617139,00-0036952,1400,Jonathon Cooper,J.Cooper,OLB,https://static.www.nfl.com/image/private/{formatInstructions}/league/dvuos7qbtpi5jmo41sry,0,3,0,1,0,23,5.045622985911719
2023,REG,6,2023101200,59251,10/12/2023,2310,KC,1400,DEN,visitor,3,4.577731882513236,BON490179,00-0037249,1400,Nik Bonitto,N.Bonitto,OLB,https://static.www.nfl.com/image/private/{formatInstructions}/league/anc7attkmiqpqqocleun,42,2,1,0,0,23,5.4262770524509065
2023,REG,6,2023101200,59251,10/12/2023,2310,KC,1400,DEN,visitor,4,4.577731882513236,HAR450542,00-0035073,1400,Jonathan Harris,J.Harris,DE,https://static.www.nfl.com/image/private/{formatInstructions}/league/ys2maliulozxjdujbpdl,92,2,1,0,0,21,4.733920269566261
2023,REG,6,2023101500,59252,10/15/2023,2100,TEN,0325,BAL,home,1,4.577731882513236,SIM204336,00-0035643,2100,Jeffery Simmons,J.Simmons,DT,https://static.www.nfl.com/image/private/{formatInstructions}/league/bmlla8bf1h8hxulhcwhv,98,2,0,0,0,22,4.364653430248258
2023,REG,6,2023101500,59252,10/15/2023,2100,TEN,0325,BAL,home,2,4.577731882513236,AUT529722,00-0031254,2100,Denico Autry,D.Autry,DE,https://static.www.nfl.com/image/private/{formatInstructions}/league/fm0gjc1jtbgmmsr4gs9l,96,2,2,0,0,19,3.715952928625471
2023,REG,6,2023101500,59252,10/15/2023,2100,TEN,0325,BAL,home,3,4.577731882513236,KEY099037,00-0034825,2100,Arden Key,A.Key,OLB,https://static.www.nfl.com/image/private/{formatInstructions}/league/psoje6looquofelpery9,49,0,0,0,0,17,3.310403642236682
2023,REG,6,2023101500,59252,10/15/2023,2100,TEN,0325,BAL,home,4,4.577731882513236,LAN159704,00-0034828,2100,Harold Landry,H.Landry,OLB,https://static.www.nfl.com/image/private/{formatInstructions}/league/akafrpdcokvwz2psbbmj,58,5,0,1,0,11,4.016393485574802
2023,REG,6,2023101500,59252,10/15/2023,2100,TEN,0325,BAL,visitor,1,4.577731882513236,MAD784440,00-0036130,0325,Justin Madubuike,J.Madubuike,DT,https://static.www.nfl.com/image/private/{formatInstructions}/league/tvitcjl2ahtfjqogd2rx,92,4,1,2,0,17,3.277202471982736
2023,REG,6,2023101500,59252,10/15/2023,2100,TEN,0325,BAL,visitor,2,4.577731882513236,CLO535848,00-0031364,0325,Jadeveon Clowney,J.Clowney,OLB,https://static.www.nfl.com/image/private/{formatInstructions}/league/rmuagbaye1s4hfevcqov,24,2,0,2,0,15,3.3751772316558015
2023,REG,6,2023101500,59252,10/15/2023,2100,TEN,0325,BAL,visitor,3,4.577731882513236,VAN656604,00-0031360,0325,Kyle Van Noy,K.Van Noy,OLB,https://static.www.nfl.com/image/private/{formatInstructions}/league/znklqcbz96hplzfzqunt,50,1,0,1,0,14,3.529839171359796
2023,REG,6,2023101500,59252,10/15/2023,2100,TEN,0325,BAL,visitor,4,4.577731882513236,PIE424893,00-0032574,0325,Michael Pierce,M.Pierce,NT,https://static.www.nfl.com/image/private/{formatInstructions}/league/tydggsdjwzhhl36qztc0,58,1,0,0,0,13,4.053041472639077
2023,REG,6,2023101501,59253,10/15/2023,0200,ATL,5110,WAS,home,1,4.577731882513236,JAR254349,00-0031583,0200,Grady Jarrett,G.Jarrett,DT,https://static.www.nfl.com/image/private/{formatInstructions}/league/u661ulortedxea2p1sq7,97,1,1,1,0,15,3.4583272616271277
2023,REG,6,2023101501,59253,10/15/2023,0200,ATL,5110,WAS,home,2,4.577731882513236,ONY164481,00-0033051,0200,David Onyemata,D.Onyemata,DT,https://static.www.nfl.com/image/private/{formatInstructions}/league/uyu66sa3d2gpsh5tyhxw,90,2,2,0,0,13,4.402364661633323
2023,REG,6,2023101501,59253,10/15/2023,0200,ATL,5110,WAS,home,3,4.577731882513236,DUP507860,00-0032146,0200,Bud Dupree,B.Dupree,OLB,https://static.www.nfl.com/image/private/{formatInstructions}/league/i2b1ykt4jgmdabmwoqoo,48,1,3,1,0,12,4.992833155475036
2023,REG,6,2023101501,59253,10/15/2023,0200,ATL,5110,WAS,home,4,4.577731882513236,CAM208843,00-0026190,0200,Calais Campbell,C.Campbell,DE,https://static.www.nfl.com/image/private/{formatInstructions}/league/wbrve7zrrqiuknohpecm,93,3,1,1,0,11,4.605703163280325
2023,REG,6,2023101501,59253,10/15/2023,0200,ATL,5110,WAS,visitor,1,4.577731882513236,PAY281222,00-0034333,5110,Daron Payne,D.Payne,DT,https://static.www.nfl.com/image/private/{formatInstructions}/league/vxrbsde7ynj9mahsxfcs,94,3,1,0,0,36,5.0701240613577365
2023,REG,6,2023101501,59253,10/15/2023,0200,ATL,5110,WAS,visitor,2,4.577731882513236,YOU146550,00-0036321,5110,Chase Young,C.Young,DE,https://static.www.nfl.com/image/private/{formatInstructions}/league/unhlp0qze9qqegfxe6rd,99,0,1,0,0,36,4.013634745832048
2023,REG,6,2023101501,59253,10/15/2023,0200,ATL,5110,WAS,visitor,3,4.577731882513236,ALL512725,00-0033523,5110,Jonathan Allen,J.Allen,DT,https://static.www.nfl.com/image/private/{formatInstructions}/league/uyc2yzn3jzzmx8zkswex,93,5,1,0,0,33,5.075897062417979
2023,REG,6,2023101501,59253,10/15/2023,0200,ATL,5110,WAS,visitor,4,4.577731882513236,SWE034375,00-0035647,5110,Montez Sweat,M.Sweat,DE,https://static.www.nfl.com/image/private/{formatInstructions}/league/hnx2ujifcc1ad4gw0iby,90,1,0,0,0,22,4.811733398789179
2023,REG,6,2023101502,59254,10/15/2023,0810,CHI,3000,MIN,home,1,4.577731882513236,NGA355963,00-0033123,0810,Yannick Ngakoue,Y.Ngakoue,DE,https://static.www.nfl.com/image/private/{formatInstructions}/league/gm3h8c0ov8hffmaw7efj,91,3,0,0,0,26,4.025951004751463
2023,REG,6,2023101502,59254,10/15/2023,0810,CHI,3000,MIN,home,2,4.577731882513236,WAL115858,00-0033782,0810,DeMarcus Walker,D.Walker,DE,https://static.www.nfl.com/image/private/{formatInstructions}/league/rfvqk3uflt2uwxrfwio7,95,1,2,0,0,24,3.99768717447329
2023,REG,6,2023101502,59254,10/15/2023,0810,CHI,3000,MIN,home,3,4.577731882513236,JON518335,00-0034677,0810,Justin Jones,Ju.Jones,DT,https://static.www.nfl.com/image/private/{formatInstructions}/league/zsfbwgrrxrqbahv318xu,93,5,2,0,0,24,4.085709957819122
2023,REG,6,2023101502,59254,10/15/2023,0810,CHI,3000,MIN,home,4,4.577731882513236,ROB404567,00-0037082,0810,Dominique Robinson,D.Robinson,DE,https://static.www.nfl.com/image/private/{formatInstructions}/league/xsmvebmev3kkxkqqsdxm,90,0,2,0,0,15,3.8315099264861825
2023,REG,6,2023101502,59254,10/15/2023,0810,CHI,3000,MIN,visitor,1,4.577731882513236,WON272160,00-0036335,3000,D.J. Wonnum,D.Wonnum,OLB,https://static.www.nfl.com/image/private/{formatInstructions}/league/eyocajqgfrigi444hnkq,98,3,1,1,0,22,3.8284661323959495
2023,REG,6,2023101502,59254,10/15/2023,0810,CHI,3000,MIN,visitor,2,4.577731882513236,HUN529240,00-0031565,3000,Danielle Hunter,D.Hunter,OLB,https://static.www.nfl.com/image/private/{formatInstructions}/league/mcimj8g9r5vhy4rzreih,99,6,1,2,0,21,4.675059876568456
2023,REG,6,2023101502,59254,10/15/2023,0810,CHI,3000,MIN,visitor,3,4.577731882513236,PHI215142,00-0034782,3000,Harrison Phillips,H.Phillips,DT,https://static.www.nfl.com/image/private/{formatInstructions}/league/qyfhltyov0a0rigpe0mu,97,3,1,1,0,17,4.065524051522192
2023,REG,6,2023101502,59254,10/15/2023,0810,CHI,3000,MIN,visitor,4,4.577731882513236,BUL366378,00-0033093,3000,Jonathan Bullard,J.Bullard,DE,https://static.www.nfl.com/image/private/{formatInstructions}/league/hgxa0we4sgcfdb7wim77,90,2,2,0,0,16,4.572182117957339
2023,REG,6,2023101503,59255,10/15/2023,0920,CIN,4600,SEA,home,1,4.577731882513236,HUB387605,00-0034834,0920,Sam Hubbard,S.Hubbard,DE,https://static.www.nfl.com/image/private/{formatInstructions}/league/fedpaaymkmox3miypjkl,94,4,2,1,0,34,3.8923385444361314
2023,REG,6,2023101503,59255,10/15/2023,0920,CIN,4600,SEA,home,2,4.577731882513236,HEN324452,00-0033935,0920,Trey Hendrickson,T.Hendrickson,DE,https://static.www.nfl.com/image/private/{formatInstructions}/league/ypeza1qplqqjbvowe2im,91,3,1,1,0,30,3.6944187351293634
2023,REG,6,2023101503,59255,10/15/2023,0920,CIN,4600,SEA,home,3,4.577731882513236,HIL096836,00-0034800,0920,B.J. Hill,B.Hill,DT,https://static.www.nfl.com/image/private/{formatInstructions}/league/kzclgv44hziqf33iwtyx,92,3,2,0,0,29,3.9528426238843752
2023,REG,6,2023101503,59255,10/15/2023,0920,CIN,4600,SEA,home,4,4.577731882513236,REA148116,00-0032424,0920,D.J. Reader,D.Reader,NT,https://static.www.nfl.com/image/private/{formatInstructions}/league/v17stoz8ugqx9vebprz0,98,2,1,0,0,28,4.333160545826865
2023,REG,6,2023101503,59255,10/15/2023,0920,CIN,4600,SEA,visitor,1,4.577731882513236,REE257783,00-0032387,4600,Jarran Reed,Ja.Reed,NT,https://static.www.nfl.com/image/private/{formatInstructions}/league/hp86k8wv76vaid3dyzen,90,1,2,1,0,25,3.8514280972005497
2023,REG,6,2023101503,59255,10/15/2023,0920,CIN,4600,SEA,visitor,2,4.577731882513236,JON263738,00-0035678,4600,Dre'Mont Jones,D.Jones,DE,https://static.www.nfl.com/image/private/{formatInstructions}/league/jtymiyxibjaktdm0h9by,55,3,0,1,0,23,3.548125866643215
2023,REG,6,2023101503,59255,10/15/2023,0920,CIN,4600,SEA,visitor,3,4.577731882513236,NWO593274,00-0034350,4600,Uchenna Nwosu,U.Nwosu,OLB,https://static.www.nfl.com/image/private/{formatInstructions}/league/z6fbgjrfgltuiq1okiex,10,1,0,0,0,21,4.255577599279906
2023,REG,6,2023101503,59255,10/15/2023,0920,CIN,4600,SEA,visitor,4,4.577731882513236,MAF415291,00-0038133,4600,Boye Mafe,B.Mafe,OLB,https://static.www.nfl.com/image/private/{formatInstructions}/league/sqtz8e4f9ccfhioap0qp,53,1,1,1,0,19,3.631198523723325
2023,REG,6,2023101504,59256,10/15/2023,1050,CLE,4500,SF,home,1,4.577731882513236,SMI827086,00-0031576,1050,Za'Darius Smith,Z.Smith,DE,https://static.www.nfl.com/image/private/{formatInstructions}/league/xysjqfrdv1bvqocjyhsu,99,0,0,0,0,18,3.73248478898252
2023,REG,6,2023101504,59256,10/15/2023,1050,CLE,4500,SF,home,2,4.577731882513236,GAR528896,00-0033868,1050,Myles Garrett,M.Garrett,DE,https://static.www.nfl.com/image/private/{formatInstructions}/league/y33rmtjxhgil7cjcftlc,95,1,2,0,0,18,3.26911100076796
2023,REG,6,2023101504,59256,10/15/2023,1050,CLE,4500,SF,home,3,4.577731882513236,OKO385924,00-0034807,1050,Ogbonnia Okoronkwo,O.Okoronkwo,DE,https://static.www.nfl.com/image/private/{formatInstructions}/league/wmrog0aalbtkxnvsywej,54,1,0,0,0,14,4.134052715940354
2023,REG,6,2023101504,59256,10/15/2023,1050,CLE,4500,SF,home,4,4.577731882513236,TOM676763,00-0033546,1050,Dalvin Tomlinson,D.Tomlinson,DT,https://static.www.nfl.com/image/private/{formatInstructions}/league/bopmatmiwmclctokq7b6,94,1,0,0,0,12,4.075265155423575
2023,REG,6,2023101504,59256,10/15/2023,1050,CLE,4500,SF,visitor,1,4.577731882513236,BOS073285,00-0035717,4500,Nick Bosa,N.Bosa,DE,https://static.www.nfl.com/image/private/{formatInstructions}/league/pzdj8ys2wqjc92hafziy,97,3,0,1,0,30,4.64387263148249
2023,REG,6,2023101504,59256,10/15/2023,1050,CLE,4500,SF,visitor,2,4.577731882513236,ARM057964,00-0032164,4500,Arik Armstead,A.Armstead,DT,https://static.www.nfl.com/image/private/{formatInstructions}/league/pfagislv7uhsnwi7pviu,91,3,0,0,0,24,4.774710010130281
2023,REG,6,2023101504,59256,10/15/2023,1050,CLE,4500,SF,visitor,3,4.577731882513236,HAR143881,00-0033109,4500,Javon Hargrave,J.Hargrave,DT,https://static.www.nfl.com/image/private/{formatInstructions}/league/z8mrwlgmuug7yjkood5k,98,5,1,0,0,18,3.55527420932891
2023,REG,6,2023101504,59256,10/15/2023,1050,CLE,4500,SF,visitor,4,4.577731882513236,FER558663,00-0035692,4500,Clelin Ferrell,C.Ferrell,DE,https://static.www.nfl.com/image/private/{formatInstructions}/league/vhx1ps64hgi1edob2pgd,94,2,2,0,0,11,4.361683811324064
2023,REG,6,2023101505,59257,10/15/2023,2120,HOU,3300,NO,home,1,4.577731882513236,AND627364,00-0039108,2120,Will Anderson,W.Anderson,DE,https://static.www.nfl.com/image/private/{formatInstructions}/league/ip0s1uogbdsiwpmx9fd8,51,2,1,0,0,34,3.1814389662306466
2023,REG,6,2023101505,59257,10/15/2023,2120,HOU,3300,NO,home,2,4.577731882513236,COL633184,00-0033131,2120,Maliek Collins,M.Collins,DT,https://static.www.nfl.com/image/private/{formatInstructions}/league/y9hbtlxivjzgaassmpwt,96,0,4,0,0,32,4.268793410052822
2023,REG,6,2023101505,59257,10/15/2023,2120,HOU,3300,NO,home,3,4.577731882513236,GRE397948,00-0036224,2120,Jonathan Greenard,J.Greenard,DE,https://static.www.nfl.com/image/private/{formatInstructions}/league/mgn1hyalnf83cwhn7iwo,52,1,2,0,0,31,3.300787061759773
2023,REG,6,2023101505,59257,10/15/2023,2120,HOU,3300,NO,home,4,4.577731882513236,RAN676464,00-0032759,2120,Sheldon Rankins,S.Rankins,DT,https://static.www.nfl.com/image/private/{formatInstructions}/league/i3u6yg3pjksljugpb86f,98,5,1,1,0,28,4.171840637770732
2023,REG,6,2023101505,59257,10/15/2023,2120,HOU,3300,NO,visitor,1,4.577731882513236,JOR051224,00-0027962,3300,Cameron Jordan,C.Jordan,DE,https://static.www.nfl.com/image/private/{formatInstructions}/league/jbcyxaoosrmj0pn5ynjb,94,1,1,0,0,19,5.578127701548892
2023,REG,6,2023101505,59257,10/15/2023,2120,HOU,3300,NO,visitor,2,4.577731882513236,GRA291153,00-0035402,3300,Carl Granderson,C.Granderson,DE,https://static.www.nfl.com/image/private/{formatInstructions}/league/n1thp9nf1gnbj3epsec5,96,3,3,1,0,16,3.8513921343339352
2023,REG,6,2023101505,59257,10/15/2023,2120,HOU,3300,NO,visitor,3,4.577731882513236,BRE510679,00-0038995,3300,Bryan Bresee,B.Bresee,DT,https://static.www.nfl.com/image/private/{formatInstructions}/league/ndia5grzqsvtxhql50ss,90,0,0,0,0,15,5.033467449834737
2023,REG,6,2023101505,59257,10/15/2023,2120,HOU,3300,NO,visitor,4,4.577731882513236,ROA281802,00-0035763,3300,Malcolm Roach,M.Roach,DT,https://static.www.nfl.com/image/private/{formatInstructions}/league/fcduktfjoebmwuqvqcjo,97,0,0,0,0,11,4.667380593905243
2023,REG,6,2023101506,59258,10/15/2023,2250,JAX,2200,IND,home,1,4.577731882513236,ALL528759,00-0035642,2250,Josh Allen,J.Allen,OLB,https://static.www.nfl.com/image/private/{formatInstructions}/league/q807jedjb7igab4graoe,41,3,1,1,1,38,3.713573700388907
2023,REG,6,2023101506,59258,10/15/2023,2250,JAX,2200,IND,home,2,4.577731882513236,WAL335860,00-0037235,2250,Travon Walker,T.Walker,OLB,https://static.www.nfl.com/image/private/{formatInstructions}/league/u578pgqmortimghxzgev,44,1,3,0,0,32,3.859448273036395
2023,REG,6,2023101506,59258,10/15/2023,2250,JAX,2200,IND,home,3,4.577731882513236,ROB360907,00-0032667,2250,Roy Robertson-Harris,R.Robertson-Harris,DT,https://static.www.nfl.com/image/private/{formatInstructions}/league/rb0pmtszstbyggfqtriw,95,0,1,0,0,31,3.7743185547391764
2023,REG,6,2023101506,59258,10/15/2023,2250,JAX,2200,IND,home,4,4.577731882513236,GOT428790,00-0033064,2250,Adam Gotsis,A.Gotsis,DE,https://static.www.nfl.com/image/private/{formatInstructions}/league/bhdskzabt3vxpmsyfzxk,96,1,1,0,0,23,4.758607273543868
2023,REG,6,2023101506,59258,10/15/2023,2250,JAX,2200,IND,visitor,1,4.577731882513236,BUC768760,00-0032378,2200,DeForest Buckner,D.Buckner,DT,https://static.www.nfl.com/image/private/{formatInstructions}/league/ls2tzitcuhmhwug8ohwj,99,1,2,1,0,18,4.5712116231676125
2023,REG,6,2023101506,59258,10/15/2023,2250,JAX,2200,IND,visitor,2,4.577731882513236,PAY168986,00-0036479,2200,Kwity Paye,K.Paye,DE,https://static.www.nfl.com/image/private/{formatInstructions}/league/qo9cpabig7tusr8r49ud,51,0,2,0,0,17,4.846641397877447
2023,REG,6,2023101506,59258,10/15/2023,2250,JAX,2200,IND,visitor,3,4.577731882513236,STE757436,00-0033952,2200,Grover Stewart,G.Stewart,DT,https://static.www.nfl.com/image/private/{formatInstructions}/league/itfivv55jb7j4twbsz0a,90,1,1,0,0,16,4.922164489543411
2023,REG,6,2023101506,59258,10/15/2023,2250,JAX,2200,IND,visitor,4,4.577731882513236,EBU355964,00-0033945,2200,Samson Ebukam,S.Ebukam,DE,https://static.www.nfl.com/image/private/{formatInstructions}/league/feoglrxvambjd4u4tdq6,52,3,0,1,0,15,4.879668171359275
2023,REG,6,2023101507,59259,10/15/2023,2700,MIA,0750,CAR,home,1,4.577731882513236,WIL081088,00-0035231,2700,Christian Wilkins,C.Wilkins,DE,https://static.www.nfl.com/image/private/{formatInstructions}/league/yngx6poa67gosj2oiwk1,94,2,3,2,0,32,3.9904253869073205
2023,REG,6,2023101507,59259,10/15/2023,2700,MIA,0750,CAR,home,2,4.577731882513236,SIE410345,00-0034285,2700,Zach Sieler,Z.Sieler,DE,https://static.www.nfl.com/image/private/{formatInstructions}/league/me66zdnhvswxahqsvlrn,92,1,1,1,0,29,4.651009711746667
2023,REG,6,2023101507,59259,10/15/2023,2700,MIA,0750,CAR,home,3,4.577731882513236,CHU028799,00-0034832,2700,Bradley Chubb,B.Chubb,OLB,https://static.www.nfl.com/image/private/{formatInstructions}/league/to1i0hqzw9xoy0tgm9ck,2,4,2,1,1,24,4.114739494885733
2023,REG,6,2023101507,59259,10/15/2023,2700,MIA,0750,CAR,home,4,4.577731882513236,PHI254734,00-0036934,2700,Jaelan Phillips,J.Phillips,OLB,https://static.www.nfl.com/image/private/{formatInstructions}/league/warwtqmk5irvbnc4p92p,15,0,1,0,0,20,3.6353902869385464
2023,REG,6,2023101507,59259,10/15/2023,2700,MIA,0750,CAR,visitor,1,4.577731882513236,BRO393541,00-0036220,0750,Derrick Brown,Der.Brown,DE,https://static.www.nfl.com/image/private/{formatInstructions}/league/snjd4zlvrynmvcnlohej,95,0,1,0,0,20,5.220544080428134
2023,REG,6,2023101507,59259,10/15/2023,2700,MIA,0750,CAR,visitor,2,4.577731882513236,BUR435186,00-0035713,0750,Brian Burns,B.Burns,OLB,https://static.www.nfl.com/image/private/{formatInstructions}/league/pigkreclt8lczii5r2on,0,2,0,0,0,19,3.8101827375554933
2023,REG,6,2023101507,59259,10/15/2023,2700,MIA,0750,CAR,visitor,3,4.577731882513236,WIL234247,00-0031795,0750,DeShawn Williams,D.Williams,DE,https://static.www.nfl.com/image/private/{formatInstructions}/league/bapcfixbhpeqj6t3z1e9,96,0,3,0,0,11,5.671416299896251
2023,REG,6,2023101507,59259,10/15/2023,2700,MIA,0750,CAR,visitor,4,4.577731882513236,GRO610423,00-0036288,0750,Yetur Gross-Matos,Y.Gross-Matos,OLB,https://static.www.nfl.com/image/private/{formatInstructions}/league/fxi23cpqddqvbwwxf5xb,97,0,3,0,0,10,5.922282971750174
2023,REG,6,2023101508,59260,10/15/2023,4900,TB,1540,DET,home,1,4.577731882513236,VEA065410,00-0034773,4900,Vita Vea,V.Vea,NT,https://static.www.nfl.com/image/private/{formatInstructions}/league/e3pgjmrbpteyzrcpkxap,50,4,2,0,1,30,4.208651334899839
2023,REG,6,2023101508,59260,10/15/2023,4900,TB,1540,DET,home,2,4.577731882513236,BAR645290,00-0031101,4900,Shaquil Barrett,S.Barrett,OLB,https://static.www.nfl.com/image/private/{formatInstructions}/league/eiilfj6qiri4n9xrclwe,7,2,2,0,0,27,4.813247924901246
2023,REG,6,2023101508,59260,10/15/2023,4900,TB,1540,DET,home,3,4.577731882513236,KAN046143,00-0039063,4900,Calijah Kancey,C.Kancey,DE,https://static.www.nfl.com/image/private/{formatInstructions}/league/tmd2noaeemowsnshtzsn,94,1,2,1,0,27,3.7881938219454376
2023,REG,6,2023101508,59260,10/15/2023,4900,TB,1540,DET,home,4,4.577731882513236,HAL437521,00-0038127,4900,Logan Hall,L.Hall,DE,https://static.www.nfl.com/image/private/{formatInstructions}/league/xlv9kzmd5tk8cv9rmqlq,90,0,1,0,0,25,4.348589409122664
2023,REG,6,2023101508,59260,10/15/2023,4900,TB,1540,DET,visitor,1,4.577731882513236,HUT099869,00-0037236,1540,Aidan Hutchinson,A.Hutchinson,DE,https://static.www.nfl.com/image/private/{formatInstructions}/league/zywrtjyja5l8efay1six,97,1,2,0,0,31,4.499863286358214
2023,REG,6,2023101508,59260,10/15/2023,4900,TB,1540,DET,visitor,2,4.577731882513236,COM275428,00-0035265,1540,John Cominsky,J.Cominsky,DE,https://static.www.nfl.com/image/private/{formatInstructions}/league/u6asvfs4kqjcuxvvz0tl,79,0,1,0,0,28,4.2231711842586455
2023,REG,6,2023101508,59260,10/15/2023,4900,TB,1540,DET,visitor,3,4.577731882513236,MCN611247,00-0036624,1540,Alim McNeill,A.McNeill,DT,https://static.www.nfl.com/image/private/{formatInstructions}/league/hrqtcha6t35jwvoswc1k,54,0,0,0,0,23,4.163972117965233
2023,REG,6,2023101508,59260,10/15/2023,4900,TB,1540,DET,visitor,4,4.577731882513236,HAR348374,00-0033880,1540,Charles Harris,C.Harris,DE,https://static.www.nfl.com/image/private/{formatInstructions}/league/pcbi9d4g6yf4kxrurct1,53,0,0,0,0,12,4.592778558967567
2023,REG,6,2023101509,59261,10/15/2023,2520,LV,3200,NE,home,1,4.577731882513236,CRO371007,00-0034973,2520,Maxx Crosby,M.Crosby,DE,https://static.www.nfl.com/image/private/{formatInstructions}/league/ryx2ur9vl647z34ltt2q,98,4,3,0,0,35,4.049484086217431
2023,REG,6,2023101509,59261,10/15/2023,2520,LV,3200,NE,home,2,4.577731882513236,NIC157723,00-0034387,2520,Bilal Nichols,B.Nichols,DT,https://static.www.nfl.com/image/private/{formatInstructions}/league/hmct6mcyuclokjajt1i7,91,2,2,0,0,18,4.680648915737656
2023,REG,6,2023101509,59261,10/15/2023,2520,LV,3200,NE,home,3,4.577731882513236,BUT106408,00-0033381,2520,Adam Butler,A.Butler,DT,https://static.www.nfl.com/image/private/{formatInstructions}/league/ijlj4afpy1na9i9hxfvc,69,2,0,1,0,16,4.681613600518278
2023,REG,6,2023101509,59261,10/15/2023,2520,LV,3200,NE,home,4,4.577731882513236,JEN271683,00-0030070,2520,John Jenkins,J.Jenkins,DT,https://static.www.nfl.com/image/private/{formatInstructions}/league/giku8dgkab0ztinvamoy,95,2,1,1,0,14,3.939291496821533
2023,REG,6,2023101509,59261,10/15/2023,2520,LV,3200,NE,visitor,1,4.577731882513236,WIS078731,00-0033947,3200,Deatrich Wise,D.Wise,DE,https://static.www.nfl.com/image/private/{formatInstructions}/league/bxwmlzyorjsos6w7g2x6,91,1,1,0,0,22,4.637118315933275
2023,REG,6,2023101509,59261,10/15/2023,2520,LV,3200,NE,visitor,2,4.577731882513236,BAR221986,00-0036981,3200,Christian Barmore,C.Barmore,DT,https://static.www.nfl.com/image/private/{formatInstructions}/league/h4rtemvkpsx1uyjvnm63,90,4,1,0,0,22,4.303729501903681
2023,REG,6,2023101509,59261,10/15/2023,2520,LV,3200,NE,visitor,3,4.577731882513236,JEN457643,00-0036193,3200,Anfernee Jennings,A.Jennings,OLB,https://static.www.nfl.com/image/private/{formatInstructions}/league/rhpdybqsxdk8fo1wczc3,33,5,1,0,0,17,5.039071294894865
2023,REG,6,2023101509,59261,10/15/2023,2520,LV,3200,NE,visitor,4,4.577731882513236,GOD093943,00-0033860,3200,Davon Godchaux,D.Godchaux,NT,https://static.www.nfl.com/image/private/{formatInstructions}/league/vdvrll3sffp00ijreboc,92,1,3,0,0,15,4.288358801890601
2023,REG,6,2023101510,59262,10/15/2023,2510,LA,3800,ARI,home,1,4.577731882513236,DON134977,00-0031388,2510,Aaron Donald,A.Donald,DT,https://static.www.nfl.com/image/private/{formatInstructions}/league/gou42dathlyc1rfn4pga,99,3,2,0,0,32,4.099355378127272
2023,REG,6,2023101510,59262,10/15/2023,2510,LA,3800,ARI,home,2,4.577731882513236,TUR561805,00-0039138,2510,Kobie Turner,K.Turner,NT,https://static.www.nfl.com/image/private/{formatInstructions}/league/ouhisfkb6jyedo6jj0m4,91,2,3,0,0,29,4.059224932158903
2023,REG,6,2023101510,59262,10/15/2023,2510,LA,3800,ARI,home,3,4.577731882513236,YOU127040,00-0039137,2510,Byron Young,B.Young,OLB,https://static.www.nfl.com/image/private/{formatInstructions}/league/bdfvfh0776dv0sn447pq,0,3,3,1,1,27,4.0791390805541035
2023,REG,6,2023101510,59262,10/15/2023,2510,LA,3800,ARI,home,4,4.577731882513236,HOE044723,00-0035933,2510,Michael Hoecht,M.Hoecht,OLB,https://static.www.nfl.com/image/private/{formatInstructions}/league/ufxnrf3mqht5ijy0ln2i,97,2,2,0,0,14,4.892479824978659
2023,REG,6,2023101510,59262,10/15/2023,2510,LA,3800,ARI,visitor,1,4.577731882513236,THO063745,00-0037815,3800,Cameron Thomas,C.Thomas,OLB,https://static.www.nfl.com/image/private/{formatInstructions}/league/o2sjlgsv60hod3zljns1,97,0,2,0,0,13,4.062328021245078
2023,REG,6,2023101510,59262,10/15/2023,2510,LA,3800,ARI,visitor,2,4.577731882513236,STR637423,00-0035334,3800,Kevin Strong,K.Strong,NT,https://static.www.nfl.com/image/private/{formatInstructions}/league/ayepxrrynzz6cnxf5xco,92,1,0,1,0,12,5.1210476816453046
2023,REG,6,2023101510,59262,10/15/2023,2510,LA,3800,ARI,visitor,3,4.577731882513236,LED300302,00-0035343,3800,Jonathan Ledbetter,J.Ledbetter,DE,https://static.www.nfl.com/image/private/{formatInstructions}/league/vipmbrcixn2huexfkobd,93,2,2,0,0,11,5.577949507356016
2023,REG,6,2023101510,59262,10/15/2023,2510,LA,3800,ARI,visitor,4,4.577731882513236,STI401047,00-0038623,3800,Dante Stills,D.Stills,DE,https://static.www.nfl.com/image/private/{formatInstructions}/league/mjw66yx6mafncshskyob,55,0,4,0,0,11,4.605197889992035
2023,REG,6,2023101511,59263,10/15/2023,3430,NYJ,3700,PHI,home,1,4.577731882513236,WIL132672,00-0035718,3430,Quinnen Williams,Q.Williams,NT,https://static.www.nfl.com/image/private/{formatInstructions}/league/ftjeq2xr9mvck8mfkute,95,1,1,0,0,23,4.563797491944439
2023,REG,6,2023101511,59263,10/15/2023,3430,NYJ,3700,PHI,home,2,4.577731882513236,FRA563573,00-0034805,3430,John Franklin-Myers,J.Franklin-Myers,DE,https://static.www.nfl.com/image/private/{formatInstructions}/league/q4aysumc2wxfocjtpdkl,91,1,1,0,0,22,5.179291948710597
2023,REG,6,2023101511,59263,10/15/2023,3430,NYJ,3700,PHI,home,3,4.577731882513236,JOH789955,00-0037663,3430,Jermaine Johnson,J.Johnson,OLB,https://static.www.nfl.com/image/private/{formatInstructions}/league/tksswzrbrb6ndpbczqon,11,2,0,0,0,21,4.336150863369895
2023,REG,6,2023101511,59263,10/15/2023,3430,NYJ,3700,PHI,home,4,4.577731882513236,HUF090844,00-0036151,3430,Bryce Huff,B.Huff,DE,https://static.www.nfl.com/image/private/{formatInstructions}/league/we20nyvj1dcdepuob9xh,47,2,1,1,0,19,3.5675170627397903
2023,REG,6,2023101511,59263,10/15/2023,3430,NYJ,3700,PHI,visitor,1,4.577731882513236,RED324095,00-0033875,3700,Haason Reddick,H.Reddick,OLB,https://static.www.nfl.com/image/private/{formatInstructions}/league/qqfxdnlmmyzbh27lmxgi,7,4,1,2,0,25,4.3883231903924775
2023,REG,6,2023101511,59263,10/15/2023,3430,NYJ,3700,PHI,visitor,2,4.577731882513236,COX200177,00-0029653,3700,Fletcher Cox,F.Cox,DT,https://static.www.nfl.com/image/private/{formatInstructions}/league/guiegvu50wdv6lzspebo,91,1,0,0,0,23,4.2377407889070335
2023,REG,6,2023101511,59263,10/15/2023,3430,NYJ,3700,PHI,visitor,3,4.577731882513236,DAV487265,00-0037073,3700,Jordan Davis,J.Davis,DT,https://static.www.nfl.com/image/private/{formatInstructions}/league/woqb6yohpkcydp989ed2,90,0,3,0,0,21,4.701413261704245
2023,REG,6,2023101511,59263,10/15/2023,3430,NYJ,3700,PHI,visitor,4,4.577731882513236,SWE031587,00-0034381,3700,Josh Sweat,J.Sweat,DE,https://static.www.nfl.com/image/private/{formatInstructions}/league/r8tbgqchezlbyykxvloz,94,2,0,1,0,20,3.3932739415100466
2023,REG,6,2023101512,59264,10/15/2023,0610,BUF,3410,NYG,home,1,4.577731882513236,OLI290385,00-0035230,0610,Ed Oliver,E.Oliver,DT,https://static.www.nfl.com/image/private/{formatInstructions}/league/e2nyrgwol6dnvxotljae,91,0,0,0,0,24,4.629338456298808
2023,REG,6,2023101512,59264,10/15/2023,0610,BUF,3410,NYG,home,2,4.577731882513236,ROU617685,00-0036914,0610,Gregory Rousseau,G.Rousseau,DE,https://static.www.nfl.com/image/private/{formatInstructions}/league/insb9f4qznbgcfyreogp,50,3,1,0,0,18,4.052002063206594
2023,REG,6,2023101512,59264,10/15/2023,0610,BUF,3410,NYG,home,3,4.577731882513236,FLO758060,00-0033072,0610,Leonard Floyd,L.Floyd,DE,https://static.www.nfl.com/image/private/{formatInstructions}/league/mmexfoamcspblwripdan,56,2,0,1,0,15,4.2528931874436955
2023,REG,6,2023101512,59264,10/15/2023,0610,BUF,3410,NYG,home,4,4.577731882513236,MIL597654,00-0027940,0610,Von Miller,V.Miller,OLB,https://static.www.nfl.com/image/private/{formatInstructions}/league/cjg7rsgxpx0cskvyiaxo,40,0,0,0,0,13,4.449561184514807
2023,REG,6,2023101512,59264,10/15/2023,0610,BUF,3410,NYG,visitor,1,4.577731882513236,WIL426411,00-0031933,3410,Leonard Williams,L.Williams,DT,https://static.www.nfl.com/image/private/{formatInstructions}/league/nbs0nno2aekmxfryiykv,99,4,2,0,0,21,5.1983010282355595
2023,REG,6,2023101512,59264,10/15/2023,0610,BUF,3410,NYG,visitor,2,4.577731882513236,LAW288048,00-0035683,3410,Dexter Lawrence,D.Lawrence,NT,https://static.www.nfl.com/image/private/{formatInstructions}/league/mq1gfsw7gfz3jithkivb,97,1,0,0,0,17,4.458661256031933
2023,REG,6,2023101512,59264,10/15/2023,0610,BUF,3410,NYG,visitor,3,4.577731882513236,THI172866,00-0037611,3410,Kayvon Thibodeaux,K.Thibodeaux,OLB,https://static.www.nfl.com/image/private/{formatInstructions}/league/ssdyrj5nmrcos9zv1e4d,5,1,0,0,0,17,5.299424317695476
2023,REG,6,2023101512,59264,10/15/2023,0610,BUF,3410,NYG,visitor,4,4.577731882513236,WAR208421,00-0033046,3410,Jihad Ward,J.Ward,DE,https://static.www.nfl.com/image/private/{formatInstructions}/league/woivzfnzublubulaiox1,55,2,0,0,0,10,5.905526986008648
2023,REG,6,2023101600,59265,10/16/2023,4400,LAC,1200,DAL,home,1,4.577731882513236,MAC325122,00-0031040,4400,Khalil Mack,K.Mack,DE,https://static.www.nfl.com/image/private/{formatInstructions}/league/hkxmcpv1vobtydr4yt7n,52,2,2,1,0,22,3.8910531530380363
2023,REG,6,2023101600,59265,10/16/2023,4400,LAC,1200,DAL,home,2,4.577731882513236,TUI720077,00-0039111,4400,Tuli Tuipulotu,T.Tuipulotu,DE,https://static.www.nfl.com/image/private/{formatInstructions}/league/wdiuxzxcsalogxhdxdec,45,2,0,0,0,17,3.773484062994863
2023,REG,6,2023101600,59265,10/16/2023,4400,LAC,1200,DAL,home,3,4.577731882513236,FOX250058,00-0032671,4400,Morgan Fox,M.Fox,DT,https://static.www.nfl.com/image/private/{formatInstructions}/league/qvo06vbj0iivq9xntc1c,56,2,0,2,0,16,4.162993078660777
2023,REG,6,2023101600,59265,10/16/2023,4400,LAC,1200,DAL,home,4,4.577731882513236,BOS037607,00-0033156,4400,Joey Bosa,J.Bosa,DE,https://static.www.nfl.com/image/private/{formatInstructions}/league/blspods4zgvknmjvesvk,97,2,0,0,0,13,4.311513955699633
2023,REG,6,2023101600,59265,10/16/2023,4400,LAC,1200,DAL,visitor,1,4.577731882513236,PAR753418,00-0036932,1200,Micah Parsons,M.Parsons,OLB,https://static.www.nfl.com/image/private/{formatInstructions}/league/vnasvto6q1izyolgu7db,11,1,1,1,0,29,4.039128747232277
2023,REG,6,2023101600,59265,10/16/2023,4400,LAC,1200,DAL,visitor,2,4.577731882513236,ODI118654,00-0036942,1200,Osa Odighizuwa,O.Odighizuwa,DT,https://static.www.nfl.com/image/private/{formatInstructions}/league/l6baz1fnywtp18wcydrd,97,5,2,0,0,17,3.6242571754357327
2023,REG,6,2023101600,59265,10/16/2023,4400,LAC,1200,DAL,visitor,3,4.577731882513236,LAW282118,00-0031411,1200,Demarcus Lawrence,D.Lawrence,DE,https://static.www.nfl.com/image/private/{formatInstructions}/league/zqkya3dftem6ykdpsjem,90,3,0,0,0,16,4.698957240317133
2023,REG,6,2023101600,59265,10/16/2023,4400,LAC,1200,DAL,visitor,4,4.577731882513236,ARM218905,00-0034373,1200,Dorance Armstrong,D.Armstrong,DE,https://static.www.nfl.com/image/private/{formatInstructions}/league/tcudmhrcnl85ii2t3wvy,92,1,1,0,0,15,4.17378755513507
2023,REG,7,2023101900,59266,10/19/2023,3300,NO,2250,JAX,home,1,4.577731882513236,JOR051224,00-0027962,3300,Cameron Jordan,C.Jordan,DE,https://static.www.nfl.com/image/private/{formatInstructions}/league/jbcyxaoosrmj0pn5ynjb,94,0,2,0,0,24,5.962755466577046
2023,REG,7,2023101900,59266,10/19/2023,3300,NO,2250,JAX,home,2,4.577731882513236,GRA291153,00-0035402,3300,Carl Granderson,C.Granderson,DE,https://static.www.nfl.com/image/private/{formatInstructions}/league/n1thp9nf1gnbj3epsec5,96,5,1,0,0,22,4.580395276018724
2023,REG,7,2023101900,59266,10/19/2023,3300,NO,2250,JAX,home,3,4.577731882513236,BRE510679,00-0038995,3300,Bryan Bresee,B.Bresee,DT,https://static.www.nfl.com/image/private/{formatInstructions}/league/ndia5grzqsvtxhql50ss,90,0,0,0,0,18,4.4437860866598875
2023,REG,7,2023101900,59266,10/19/2023,3300,NO,2250,JAX,home,4,4.577731882513236,SHE517895,00-0034760,3300,Nathan Shepherd,N.Shepherd,DT,https://static.www.nfl.com/image/private/{formatInstructions}/league/etxkcvubkmc4x2qncx5d,93,1,0,0,0,8,4.919011242415809
2023,REG,7,2023101900,59266,10/19/2023,3300,NO,2250,JAX,visitor,1,4.577731882513236,ALL528759,00-0035642,2250,Josh Allen,J.Allen,OLB,https://static.www.nfl.com/image/private/{formatInstructions}/league/q807jedjb7igab4graoe,41,1,1,0,0,33,3.5853636814297634
2023,REG,7,2023101900,59266,10/19/2023,3300,NO,2250,JAX,visitor,2,4.577731882513236,ROB360907,00-0032667,2250,Roy Robertson-Harris,R.Robertson-Harris,DT,https://static.www.nfl.com/image/private/{formatInstructions}/league/rb0pmtszstbyggfqtriw,95,1,1,0,0,31,4.389871473787925
2023,REG,7,2023101900,59266,10/19/2023,3300,NO,2250,JAX,visitor,3,4.577731882513236,SMO474349,00-0033907,2250,Dawuane Smoot,D.Smoot,DE,https://static.www.nfl.com/image/private/{formatInstructions}/league/uhvavmpqyqc24me7bmbi,91,2,0,1,1,31,3.824495472415412
2023,REG,7,2023101900,59266,10/19/2023,3300,NO,2250,JAX,visitor,4,4.577731882513236,WAL335860,00-0037235,2250,Travon Walker,T.Walker,OLB,https://static.www.nfl.com/image/private/{formatInstructions}/league/u578pgqmortimghxzgev,44,0,1,0,0,31,3.9510617876331477
2023,REG,7,2023102200,59267,10/22/2023,0325,BAL,1540,DET,home,1,4.577731882513236,MAD784440,00-0036130,0325,Justin Madubuike,J.Madubuike,DT,https://static.www.nfl.com/image/private/{formatInstructions}/league/tvitcjl2ahtfjqogd2rx,92,3,0,1,1,32,3.7661992540024802
2023,REG,7,2023102200,59267,10/22/2023,0325,BAL,1540,DET,home,2,4.577731882513236,CLO535848,00-0031364,0325,Jadeveon Clowney,J.Clowney,OLB,https://static.www.nfl.com/image/private/{formatInstructions}/league/rmuagbaye1s4hfevcqov,24,1,0,0,0,31,3.9368464988196332
2023,REG,7,2023102200,59267,10/22/2023,0325,BAL,1540,DET,home,3,4.577731882513236,OWE012098,00-0036940,0325,Odafe Oweh,O.Oweh,OLB,https://static.www.nfl.com/image/private/{formatInstructions}/league/zlf34rejm1bnlc07izfd,99,2,1,1,1,30,4.329095318983169
2023,REG,7,2023102200,59267,10/22/2023,0325,BAL,1540,DET,home,4,4.577731882513236,PIE424893,00-0032574,0325,Michael Pierce,M.Pierce,NT,https://static.www.nfl.com/image/private/{formatInstructions}/league/tydggsdjwzhhl36qztc0,58,2,0,0,0,26,4.714221373703657
2023,REG,7,2023102200,59267,10/22/2023,0325,BAL,1540,DET,visitor,1,4.577731882513236,HUT099869,00-0037236,1540,Aidan Hutchinson,A.Hutchinson,DE,https://static.www.nfl.com/image/private/{formatInstructions}/league/zywrtjyja5l8efay1six,97,2,2,0,0,16,4.761906327599471
2023,REG,7,2023102200,59267,10/22/2023,0325,BAL,1540,DET,visitor,2,4.577731882513236,COM275428,00-0035265,1540,John Cominsky,J.Cominsky,DE,https://static.www.nfl.com/image/private/{formatInstructions}/league/u6asvfs4kqjcuxvvz0tl,79,0,2,0,0,10,4.368091699008901
2023,REG,7,2023102200,59267,10/22/2023,0325,BAL,1540,DET,visitor,3,4.577731882513236,JON078068,00-0035841,1540,Benito Jones,B.Jones,DT,https://static.www.nfl.com/image/private/{formatInstructions}/league/g2wfbtdqtccgf99yecj9,94,0,0,0,0,10,4.73860091207592
2023,REG,7,2023102200,59267,10/22/2023,0325,BAL,1540,DET,visitor,4,4.577731882513236,BUG562722,00-0035219,1540,Isaiah Buggs,I.Buggs,DT,https://static.www.nfl.com/image/private/{formatInstructions}/league/fpx9zf3ok9xhrergynxi,96,4,0,0,0,8,3.509968377012629
2023,REG,7,2023102201,59268,10/22/2023,0810,CHI,2520,LV,home,1,4.577731882513236,NGA355963,00-0033123,0810,Yannick Ngakoue,Y.Ngakoue,DE,https://static.www.nfl.com/image/private/{formatInstructions}/league/gm3h8c0ov8hffmaw7efj,91,0,1,0,0,40,4.30612898278485
2023,REG,7,2023102201,59268,10/22/2023,0810,CHI,2520,LV,home,2,4.577731882513236,JON518335,00-0034677,0810,Justin Jones,Ju.Jones,DT,https://static.www.nfl.com/image/private/{formatInstructions}/league/zsfbwgrrxrqbahv318xu,93,2,1,1,0,29,4.444190767099325
2023,REG,7,2023102201,59268,10/22/2023,0810,CHI,2520,LV,home,3,4.577731882513236,WAL115858,00-0033782,0810,DeMarcus Walker,D.Walker,DE,https://static.www.nfl.com/image/private/{formatInstructions}/league/rfvqk3uflt2uwxrfwio7,95,0,0,0,0,28,4.420711659161005
2023,REG,7,2023102201,59268,10/22/2023,0810,CHI,2520,LV,home,4,4.577731882513236,GRE330410,00-0034831,0810,Rasheem Green,R.Green,DE,https://static.www.nfl.com/image/private/{formatInstructions}/league/q5a4fmrm2xxioqe5ijpi,94,0,1,0,0,19,5.056545933098437
2023,REG,7,2023102201,59268,10/22/2023,0810,CHI,2520,LV,visitor,1,4.577731882513236,CRO371007,00-0034973,2520,Maxx Crosby,M.Crosby,DE,https://static.www.nfl.com/image/private/{formatInstructions}/league/ryx2ur9vl647z34ltt2q,98,2,3,1,0,18,4.543818757894964
2023,REG,7,2023102201,59268,10/22/2023,0810,CHI,2520,LV,visitor,2,4.577731882513236,NIC157723,00-0034387,2520,Bilal Nichols,B.Nichols,DT,https://static.www.nfl.com/image/private/{formatInstructions}/league/hmct6mcyuclokjajt1i7,91,2,2,0,0,11,3.859119379925492
2023,REG,7,2023102201,59268,10/22/2023,0810,CHI,2520,LV,visitor,3,4.577731882513236,TIL189606,00-0035674,2520,Jerry Tillery,J.Tillery,DT,https://static.www.nfl.com/image/private/{formatInstructions}/league/wacmikdak7zlgknkqzgc,90,1,0,0,0,11,5.307073586922484
2023,REG,7,2023102201,59268,10/22/2023,0810,CHI,2520,LV,visitor,4,4.577731882513236,JEN271683,00-0030070,2520,John Jenkins,J.Jenkins,DT,https://static.www.nfl.com/image/private/{formatInstructions}/league/giku8dgkab0ztinvamoy,95,2,2,0,0,9,4.881320116884307
2023,REG,7,2023102202,59269,10/22/2023,2200,IND,1050,CLE,home,1,4.577731882513236,BUC768760,00-0032378,2200,DeForest Buckner,D.Buckner,DT,https://static.www.nfl.com/image/private/{formatInstructions}/league/ls2tzitcuhmhwug8ohwj,99,3,2,0,0,32,4.659077370375709
2023,REG,7,2023102202,59269,10/22/2023,2200,IND,1050,CLE,home,2,4.577731882513236,PAY168986,00-0036479,2200,Kwity Paye,K.Paye,DE,https://static.www.nfl.com/image/private/{formatInstructions}/league/qo9cpabig7tusr8r49ud,51,4,1,0,0,25,4.812905149434792
2023,REG,7,2023102202,59269,10/22/2023,2200,IND,1050,CLE,home,3,4.577731882513236,EBU355964,00-0033945,2200,Samson Ebukam,S.Ebukam,DE,https://static.www.nfl.com/image/private/{formatInstructions}/league/feoglrxvambjd4u4tdq6,52,3,1,0,0,22,4.0461741350214995
2023,REG,7,2023102202,59269,10/22/2023,2200,IND,1050,CLE,home,4,4.577731882513236,LEW752680,00-0034359,2200,Tyquan Lewis,Ty.Lewis,DE,https://static.www.nfl.com/image/private/{formatInstructions}/league/p52drq3oa12bcvxjkjih,94,1,2,0,0,19,3.2935077127204915
2023,REG,7,2023102202,59269,10/22/2023,2200,IND,1050,CLE,visitor,1,4.577731882513236,OKO385924,00-0034807,1050,Ogbonnia Okoronkwo,O.Okoronkwo,DE,https://static.www.nfl.com/image/private/{formatInstructions}/league/wmrog0aalbtkxnvsywej,54,3,1,0,0,16,3.6248298716629312
2023,REG,7,2023102202,59269,10/22/2023,2200,IND,1050,CLE,visitor,2,4.577731882513236,SMI827086,00-0031576,1050,Za'Darius Smith,Z.Smith,DE,https://static.www.nfl.com/image/private/{formatInstructions}/league/xysjqfrdv1bvqocjyhsu,99,4,0,1,1,14,5.460213690646642
2023,REG,7,2023102202,59269,10/22/2023,2200,IND,1050,CLE,visitor,3,4.577731882513236,TOM676763,00-0033546,1050,Dalvin Tomlinson,D.Tomlinson,DT,https://static.www.nfl.com/image/private/{formatInstructions}/league/bopmatmiwmclctokq7b6,94,1,3,0,0,13,5.1288044129215065
2023,REG,7,2023102202,59269,10/22/2023,2200,IND,1050,CLE,visitor,4,4.577731882513236,GAR528896,00-0033868,1050,Myles Garrett,M.Garrett,DE,https://static.www.nfl.com/image/private/{formatInstructions}/league/y33rmtjxhgil7cjcftlc,95,7,2,2,2,12,4.199056050989253
2023,REG,7,2023102203,59270,10/22/2023,3200,NE,0610,BUF,home,1,4.577731882513236,WIS078731,00-0033947,3200,Deatrich Wise,D.Wise,DE,https://static.www.nfl.com/image/private/{formatInstructions}/league/bxwmlzyorjsos6w7g2x6,91,1,2,0,0,29,5.2343674618897555
2023,REG,7,2023102203,59270,10/22/2023,3200,NE,0610,BUF,home,2,4.577731882513236,JEN457643,00-0036193,3200,Anfernee Jennings,A.Jennings,OLB,https://static.www.nfl.com/image/private/{formatInstructions}/league/rhpdybqsxdk8fo1wczc3,33,5,1,0,0,28,5.820049583499261
2023,REG,7,2023102203,59270,10/22/2023,3200,NE,0610,BUF,home,3,4.577731882513236,BAR221986,00-0036981,3200,Christian Barmore,C.Barmore,DT,https://static.www.nfl.com/image/private/{formatInstructions}/league/h4rtemvkpsx1uyjvnm63,90,2,1,1,0,18,4.3333465568355
2023,REG,7,2023102203,59270,10/22/2023,3200,NE,0610,BUF,home,4,4.577731882513236,GOD093943,00-0033860,3200,Davon Godchaux,D.Godchaux,NT,https://static.www.nfl.com/image/private/{formatInstructions}/league/vdvrll3sffp00ijreboc,92,3,2,0,0,12,3.9661467892322944
2023,REG,7,2023102203,59270,10/22/2023,3200,NE,0610,BUF,visitor,1,4.577731882513236,SET509598,00-0034397,0610,Tim Settle,T.Settle,DT,https://static.www.nfl.com/image/private/{formatInstructions}/league/zerowwkyyepb4hllqsq9,99,1,0,0,0,19,4.50120288368996
2023,REG,7,2023102203,59270,10/22/2023,3200,NE,0610,BUF,visitor,2,4.577731882513236,PHI386190,00-0031557,0610,Jordan Phillips,J.Phillips,DT,https://static.www.nfl.com/image/private/{formatInstructions}/league/wszqz3dvuccaaorqrw4b,97,0,0,0,0,18,4.638085383426984
2023,REG,7,2023102203,59270,10/22/2023,3200,NE,0610,BUF,visitor,3,4.577731882513236,FLO758060,00-0033072,0610,Leonard Floyd,L.Floyd,DE,https://static.www.nfl.com/image/private/{formatInstructions}/league/mmexfoamcspblwripdan,56,0,0,0,0,18,4.995092905712668
2023,REG,7,2023102203,59270,10/22/2023,3200,NE,0610,BUF,visitor,4,4.577731882513236,EPE415291,00-0036192,0610,A.J. Epenesa,A.Epenesa,DE,https://static.www.nfl.com/image/private/{formatInstructions}/league/nimlvhdjfwqumq8ecrlw,57,0,2,0,0,17,3.8926927252097054
2023,REG,7,2023102204,59271,10/22/2023,3410,NYG,5110,WAS,home,1,4.577731882513236,THI172866,00-0037611,3410,Kayvon Thibodeaux,K.Thibodeaux,OLB,https://static.www.nfl.com/image/private/{formatInstructions}/league/ssdyrj5nmrcos9zv1e4d,5,1,3,1,0,26,4.056680594489246
2023,REG,7,2023102204,59271,10/22/2023,3410,NYG,5110,WAS,home,2,4.577731882513236,WIL426411,00-0031933,3410,Leonard Williams,L.Williams,DT,https://static.www.nfl.com/image/private/{formatInstructions}/league/nbs0nno2aekmxfryiykv,99,2,0,1,0,25,4.049146876299042
2023,REG,7,2023102204,59271,10/22/2023,3410,NYG,5110,WAS,home,3,4.577731882513236,LAW288048,00-0035683,3410,Dexter Lawrence,D.Lawrence,NT,https://static.www.nfl.com/image/private/{formatInstructions}/league/mq1gfsw7gfz3jithkivb,97,2,4,2,0,24,3.3314834990126614
2023,REG,7,2023102204,59271,10/22/2023,3410,NYG,5110,WAS,home,4,4.577731882513236,WAR208421,00-0033046,3410,Jihad Ward,J.Ward,DE,https://static.www.nfl.com/image/private/{formatInstructions}/league/woivzfnzublubulaiox1,55,0,0,0,0,23,5.385174970413863
2023,REG,7,2023102204,59271,10/22/2023,3410,NYG,5110,WAS,visitor,1,4.577731882513236,YOU146550,00-0036321,5110,Chase Young,C.Young,DE,https://static.www.nfl.com/image/private/{formatInstructions}/league/unhlp0qze9qqegfxe6rd,99,3,0,2,0,21,4.182686359112564
2023,REG,7,2023102204,59271,10/22/2023,3410,NYG,5110,WAS,visitor,2,4.577731882513236,ALL512725,00-0033523,5110,Jonathan Allen,J.Allen,DT,https://static.www.nfl.com/image/private/{formatInstructions}/league/uyc2yzn3jzzmx8zkswex,93,2,1,0,0,20,5.100880223860878
2023,REG,7,2023102204,59271,10/22/2023,3410,NYG,5110,WAS,visitor,3,4.577731882513236,SWE034375,00-0035647,5110,Montez Sweat,M.Sweat,DE,https://static.www.nfl.com/image/private/{formatInstructions}/league/hnx2ujifcc1ad4gw0iby,90,3,4,1,0,20,4.710827889016861
2023,REG,7,2023102204,59271,10/22/2023,3410,NYG,5110,WAS,visitor,4,4.577731882513236,PAY281222,00-0034333,5110,Daron Payne,D.Payne,DT,https://static.www.nfl.com/image/private/{formatInstructions}/league/vxrbsde7ynj9mahsxfcs,94,2,2,0,1,19,5.0948168926289386
2023,REG,7,2023102205,59272,10/22/2023,4900,TB,0200,ATL,home,1,4.577731882513236,KAN046143,00-0039063,4900,Calijah Kancey,C.Kancey,DE,https://static.www.nfl.com/image/private/{formatInstructions}/league/tmd2noaeemowsnshtzsn,94,0,1,0,0,17,4.127866409112301
2023,REG,7,2023102205,59272,10/22/2023,4900,TB,0200,ATL,home,2,4.577731882513236,VEA065410,00-0034773,4900,Vita Vea,V.Vea,NT,https://static.www.nfl.com/image/private/{formatInstructions}/league/e3pgjmrbpteyzrcpkxap,50,2,0,0,0,14,4.071697909660253
2023,REG,7,2023102205,59272,10/22/2023,4900,TB,0200,ATL,home,3,4.577731882513236,BAR645290,00-0031101,4900,Shaquil Barrett,S.Barrett,OLB,https://static.www.nfl.com/image/private/{formatInstructions}/league/eiilfj6qiri4n9xrclwe,7,4,3,1,1,13,3.776593591523524
2023,REG,7,2023102205,59272,10/22/2023,4900,TB,0200,ATL,home,4,4.577731882513236,TRY409291,00-0036967,4900,Joe Tryon,J.Tryon,OLB,https://static.www.nfl.com/image/private/{formatInstructions}/league/jayvmjizkv6spj8y93f7,9,4,2,0,0,10,3.683710297039653
2023,REG,7,2023102205,59272,10/22/2023,4900,TB,0200,ATL,visitor,1,4.577731882513236,CAM208843,00-0026190,0200,Calais Campbell,C.Campbell,DE,https://static.www.nfl.com/image/private/{formatInstructions}/league/wbrve7zrrqiuknohpecm,93,1,3,1,1,29,4.597287569091626
2023,REG,7,2023102205,59272,10/22/2023,4900,TB,0200,ATL,visitor,2,4.577731882513236,ONY164481,00-0033051,0200,David Onyemata,D.Onyemata,DT,https://static.www.nfl.com/image/private/{formatInstructions}/league/uyu66sa3d2gpsh5tyhxw,90,1,3,1,0,24,4.150188049271958
2023,REG,7,2023102205,59272,10/22/2023,4900,TB,0200,ATL,visitor,3,4.577731882513236,JAR254349,00-0031583,0200,Grady Jarrett,G.Jarrett,DT,https://static.www.nfl.com/image/private/{formatInstructions}/league/u661ulortedxea2p1sq7,97,1,1,0,0,23,3.937126101085242
2023,REG,7,2023102205,59272,10/22/2023,4900,TB,0200,ATL,visitor,4,4.577731882513236,DUP507860,00-0032146,0200,Bud Dupree,B.Dupree,OLB,https://static.www.nfl.com/image/private/{formatInstructions}/league/i2b1ykt4jgmdabmwoqoo,48,1,0,0,0,20,4.837335686744351
2023,REG,7,2023102206,59273,10/22/2023,2510,LA,3900,PIT,home,1,4.577731882513236,DON134977,00-0031388,2510,Aaron Donald,A.Donald,DT,https://static.www.nfl.com/image/private/{formatInstructions}/league/gou42dathlyc1rfn4pga,99,0,4,0,0,19,4.149843046261867
2023,REG,7,2023102206,59273,10/22/2023,2510,LA,3900,PIT,home,2,4.577731882513236,TUR561805,00-0039138,2510,Kobie Turner,K.Turner,NT,https://static.www.nfl.com/image/private/{formatInstructions}/league/ouhisfkb6jyedo6jj0m4,91,1,2,0,0,17,4.10072664104611
2023,REG,7,2023102206,59273,10/22/2023,2510,LA,3900,PIT,home,3,4.577731882513236,YOU127040,00-0039137,2510,Byron Young,B.Young,OLB,https://static.www.nfl.com/image/private/{formatInstructions}/league/bdfvfh0776dv0sn447pq,0,3,0,0,0,15,5.121630790646729
2023,REG,7,2023102206,59273,10/22/2023,2510,LA,3900,PIT,home,4,4.577731882513236,HOE044723,00-0035933,2510,Michael Hoecht,M.Hoecht,OLB,https://static.www.nfl.com/image/private/{formatInstructions}/league/ufxnrf3mqht5ijy0ln2i,97,4,3,2,1,10,4.385457904038555
2023,REG,7,2023102206,59273,10/22/2023,2510,LA,3900,PIT,visitor,1,4.577731882513236,OGU431455,00-0033905,3900,Larry Ogunjobi,L.Ogunjobi,DT,https://static.www.nfl.com/image/private/{formatInstructions}/league/lwy0ylpaxchvs61rbkjk,99,2,2,1,0,19,5.336537823276015
2023,REG,7,2023102206,59273,10/22/2023,2510,LA,3900,PIT,visitor,2,4.577731882513236,HIG595832,00-0036333,3900,Alex Highsmith,A.Highsmith,OLB,https://static.www.nfl.com/image/private/{formatInstructions}/league/xovqquaydxhhxbsiumfu,56,2,0,0,0,19,3.9170156825998235
2023,REG,7,2023102206,59273,10/22/2023,2510,LA,3900,PIT,visitor,3,4.577731882513236,WAT587616,00-0033886,3900,T.J. Watt,T.Watt,OLB,https://static.www.nfl.com/image/private/{formatInstructions}/league/yuqxfzlqjuz7yho5fdpg,90,0,1,0,0,18,4.992123901030609
2023,REG,7,2023102206,59273,10/22/2023,2510,LA,3900,PIT,visitor,4,4.577731882513236,ADA519824,00-0033929,3900,Montravius Adams,M.Adams,NT,https://static.www.nfl.com/image/private/{formatInstructions}/league/bt78obedupn95s6fq3m3,57,3,1,0,0,17,4.163569574012895
2023,REG,7,2023102207,59274,10/22/2023,4600,SEA,3800,ARI,home,1,4.577731882513236,JON263738,00-0035678,4600,Dre'Mont Jones,D.Jones,DE,https://static.www.nfl.com/image/private/{formatInstructions}/league/jtymiyxibjaktdm0h9by,55,1,2,0,0,22,3.5339549858015555
2023,REG,7,2023102207,59274,10/22/2023,4600,SEA,3800,ARI,home,2,4.577731882513236,REE257783,00-0032387,4600,Jarran Reed,Ja.Reed,NT,https://static.www.nfl.com/image/private/{formatInstructions}/league/hp86k8wv76vaid3dyzen,90,1,1,1,0,21,4.434201246556676
2023,REG,7,2023102207,59274,10/22/2023,4600,SEA,3800,ARI,home,3,4.577731882513236,MAF415291,00-0038133,4600,Boye Mafe,B.Mafe,OLB,https://static.www.nfl.com/image/private/{formatInstructions}/league/sqtz8e4f9ccfhioap0qp,53,2,1,1,0,20,3.6314083823790804
2023,REG,7,2023102207,59274,10/22/2023,4600,SEA,3800,ARI,home,4,4.577731882513236,TAY146193,00-0036413,4600,Darrell Taylor,D.Taylor,OLB,https://static.www.nfl.com/image/private/{formatInstructions}/league/rrrbcen1jk8j6fktbxnr,52,1,2,1,1,15,4.321461157778961
2023,REG,7,2023102207,59274,10/22/2023,4600,SEA,3800,ARI,visitor,1,4.577731882513236,LED300302,00-0035343,3800,Jonathan Ledbetter,J.Ledbetter,DE,https://static.www.nfl.com/image/private/{formatInstructions}/league/vipmbrcixn2huexfkobd,93,2,2,0,0,14,5.513153840161359
2023,REG,7,2023102207,59274,10/22/2023,4600,SEA,3800,ARI,visitor,2,4.577731882513236,COL712276,00-0036933,3800,Zaven Collins,Z.Collins,OLB,https://static.www.nfl.com/image/private/{formatInstructions}/league/vrcmqlsrh8zwppjce3z6,25,1,1,1,0,12,3.514928342812112
2023,REG,7,2023102207,59274,10/22/2023,4600,SEA,3800,ARI,visitor,3,4.577731882513236,THO063745,00-0037815,3800,Cameron Thomas,C.Thomas,OLB,https://static.www.nfl.com/image/private/{formatInstructions}/league/o2sjlgsv60hod3zljns1,97,0,2,0,0,12,4.564496603148572
2023,REG,7,2023102207,59274,10/22/2023,4600,SEA,3800,ARI,visitor,4,4.577731882513236,STI401047,00-0038623,3800,Dante Stills,D.Stills,DE,https://static.www.nfl.com/image/private/{formatInstructions}/league/mjw66yx6mafncshskyob,55,1,1,0,0,12,5.987668372753197
2023,REG,7,2023102208,59275,10/22/2023,1400,DEN,1800,GB,home,1,4.577731882513236,ALL656181,00-0035248,1400,Zach Allen,Z.Allen,DE,https://static.www.nfl.com/image/private/{formatInstructions}/league/jbqsgpcisn8px60ab3xf,99,3,1,0,0,22,4.738959389516884
2023,REG,7,2023102208,59275,10/22/2023,1400,DEN,1800,GB,home,2,4.577731882513236,COO617139,00-0036952,1400,Jonathon Cooper,J.Cooper,OLB,https://static.www.nfl.com/image/private/{formatInstructions}/league/dvuos7qbtpi5jmo41sry,0,3,3,0,0,18,5.418964306447355
2023,REG,7,2023102208,59275,10/22/2023,1400,DEN,1800,GB,home,3,4.577731882513236,BON490179,00-0037249,1400,Nik Bonitto,N.Bonitto,OLB,https://static.www.nfl.com/image/private/{formatInstructions}/league/anc7attkmiqpqqocleun,42,2,0,0,0,18,4.787507769356626
2023,REG,7,2023102208,59275,10/22/2023,1400,DEN,1800,GB,home,4,4.577731882513236,PUR087672,00-0029890,1400,Mike Purcell,M.Purcell,NT,https://static.www.nfl.com/image/private/{formatInstructions}/league/thcksouge8z0pgfli6xt,98,0,3,0,0,14,5.793741028400276
2023,REG,7,2023102208,59275,10/22/2023,1400,DEN,1800,GB,visitor,1,4.577731882513236,CLA409251,00-0033120,1800,Kenny Clark,K.Clark,DE,https://static.www.nfl.com/image/private/{formatInstructions}/league/xehidvio5jubhvwgsklr,97,0,0,0,0,19,4.787046341460957
2023,REG,7,2023102208,59275,10/22/2023,1400,DEN,1800,GB,visitor,2,4.577731882513236,SMI576520,00-0031935,1800,Preston Smith,P.Smith,OLB,https://static.www.nfl.com/image/private/{formatInstructions}/league/pohwua1xxcajtggbemhr,91,1,1,1,0,15,4.1318433132911805
2023,REG,7,2023102208,59275,10/22/2023,1400,DEN,1800,GB,visitor,3,4.577731882513236,GAR766759,00-0034967,1800,Rashan Gary,R.Gary,OLB,https://static.www.nfl.com/image/private/{formatInstructions}/league/t4clz4xe8sfxszmvohfo,52,2,1,0,0,15,3.0863231408827887
2023,REG,7,2023102208,59275,10/22/2023,1400,DEN,1800,GB,visitor,4,4.577731882513236,SLA560348,00-0036642,1800,Tedarrell Slaton,T.Slaton,NT,https://static.www.nfl.com/image/private/{formatInstructions}/league/a2xoezbu6p8rg0dfl7fz,93,1,0,0,0,9,4.74208415343361
2023,REG,7,2023102209,59276,10/22/2023,2310,KC,4400,LAC,home,1,4.577731882513236,KAR303382,00-0037192,2310,George Karlaftis,G.Karlaftis,DE,https://static.www.nfl.com/image/private/{formatInstructions}/league/kwmi9hcgixedzkqo0hd9,56,1,2,1,0,28,3.7792370699063147
2023,REG,7,2023102209,59276,10/22/2023,2310,KC,4400,LAC,home,2,4.577731882513236,JON162595,00-0032762,2310,Chris Jones,C.Jones,DT,https://static.www.nfl.com/image/private/{formatInstructions}/league/tzeyeldnaaxjsg4beczj,95,0,0,0,0,27,3.4010289333332673
2023,REG,7,2023102209,59276,10/22/2023,2310,KC,4400,LAC,home,3,4.577731882513236,DAN721566,00-0036378,2310,Michael Danna,M.Danna,DE,https://static.www.nfl.com/image/private/{formatInstructions}/league/oiywq8es1rm2rjnpbouw,51,4,2,1,0,23,3.23758724218971
2023,REG,7,2023102209,59276,10/22/2023,2310,KC,4400,LAC,home,4,4.577731882513236,OME565785,00-0035279,2310,Charles Omenihu,C.Omenihu,DE,https://static.www.nfl.com/image/private/{formatInstructions}/league/n7hyavaepvuienrmh9bi,90,2,0,1,0,15,3.6504156263021956
2023,REG,7,2023102209,59276,10/22/2023,2310,KC,4400,LAC,visitor,1,4.577731882513236,MAC325122,00-0031040,4400,Khalil Mack,K.Mack,DE,https://static.www.nfl.com/image/private/{formatInstructions}/league/hkxmcpv1vobtydr4yt7n,52,0,1,0,0,27,5.155200217757984
2023,REG,7,2023102209,59276,10/22/2023,2310,KC,4400,LAC,visitor,2,4.577731882513236,BOS037607,00-0033156,4400,Joey Bosa,J.Bosa,DE,https://static.www.nfl.com/image/private/{formatInstructions}/league/blspods4zgvknmjvesvk,97,1,0,0,0,23,4.507097040087649
2023,REG,7,2023102209,59276,10/22/2023,2310,KC,4400,LAC,visitor,3,4.577731882513236,TUI720077,00-0039111,4400,Tuli Tuipulotu,T.Tuipulotu,DE,https://static.www.nfl.com/image/private/{formatInstructions}/league/wdiuxzxcsalogxhdxdec,45,2,0,0,0,23,5.757938982127434
2023,REG,7,2023102209,59276,10/22/2023,2310,KC,4400,LAC,visitor,4,4.577731882513236,JOS280126,00-0034810,4400,Sebastian Joseph,S.Joseph,DT,https://static.www.nfl.com/image/private/{formatInstructions}/league/smlfibms0dabjqpf29wg,51,0,0,0,0,20,4.204469647343082
2023,REG,7,2023102210,59277,10/22/2023,3700,PHI,2700,MIA,home,1,4.577731882513236,SWE031587,00-0034381,3700,Josh Sweat,J.Sweat,DE,https://static.www.nfl.com/image/private/{formatInstructions}/league/r8tbgqchezlbyykxvloz,94,2,0,2,0,27,4.8706406252780665
2023,REG,7,2023102210,59277,10/22/2023,3700,PHI,2700,MIA,home,2,4.577731882513236,COX200177,00-0029653,3700,Fletcher Cox,F.Cox,DT,https://static.www.nfl.com/image/private/{formatInstructions}/league/guiegvu50wdv6lzspebo,91,1,1,0,0,25,5.178458134047088
2023,REG,7,2023102210,59277,10/22/2023,3700,PHI,2700,MIA,home,3,4.577731882513236,RED324095,00-0033875,3700,Haason Reddick,H.Reddick,OLB,https://static.www.nfl.com/image/private/{formatInstructions}/league/qqfxdnlmmyzbh27lmxgi,7,4,0,0,0,23,4.108582438303673
2023,REG,7,2023102210,59277,10/22/2023,3700,PHI,2700,MIA,home,4,4.577731882513236,DAV487265,00-0037073,3700,Jordan Davis,J.Davis,DT,https://static.www.nfl.com/image/private/{formatInstructions}/league/woqb6yohpkcydp989ed2,90,0,2,0,0,17,4.516679958126268
2023,REG,7,2023102210,59277,10/22/2023,3700,PHI,2700,MIA,visitor,1,4.577731882513236,WIL081088,00-0035231,2700,Christian Wilkins,C.Wilkins,DE,https://static.www.nfl.com/image/private/{formatInstructions}/league/yngx6poa67gosj2oiwk1,94,2,4,0,0,29,4.424708768424097
2023,REG,7,2023102210,59277,10/22/2023,3700,PHI,2700,MIA,visitor,2,4.577731882513236,SIE410345,00-0034285,2700,Zach Sieler,Z.Sieler,DE,https://static.www.nfl.com/image/private/{formatInstructions}/league/me66zdnhvswxahqsvlrn,92,1,0,0,0,26,4.808635222480523
2023,REG,7,2023102210,59277,10/22/2023,3700,PHI,2700,MIA,visitor,3,4.577731882513236,CHU028799,00-0034832,2700,Bradley Chubb,B.Chubb,OLB,https://static.www.nfl.com/image/private/{formatInstructions}/league/to1i0hqzw9xoy0tgm9ck,2,5,2,2,1,24,4.2694763886187035
2023,REG,7,2023102210,59277,10/22/2023,3700,PHI,2700,MIA,visitor,4,4.577731882513236,PHI254734,00-0036934,2700,Jaelan Phillips,J.Phillips,OLB,https://static.www.nfl.com/image/private/{formatInstructions}/league/warwtqmk5irvbnc4p92p,15,5,2,1,0,22,4.024236160058356
2023,REG,7,2023102300,59278,10/23/2023,3000,MIN,4500,SF,home,1,4.577731882513236,HUN529240,00-0031565,3000,Danielle Hunter,D.Hunter,OLB,https://static.www.nfl.com/image/private/{formatInstructions}/league/mcimj8g9r5vhy4rzreih,99,2,0,1,0,19,3.733569669822385
2023,REG,7,2023102300,59278,10/23/2023,3000,MIN,4500,SF,home,2,4.577731882513236,LOW617631,00-0032412,3000,Dean Lowry,D.Lowry,DE,https://static.www.nfl.com/image/private/{formatInstructions}/league/xkqgj7bc4xgebhm2mhsw,94,1,2,0,0,18,4.389838070181487
2023,REG,7,2023102300,59278,10/23/2023,3000,MIN,4500,SF,home,3,4.577731882513236,WON272160,00-0036335,3000,D.J. Wonnum,D.Wonnum,OLB,https://static.www.nfl.com/image/private/{formatInstructions}/league/eyocajqgfrigi444hnkq,98,2,2,0,0,18,4.7654018817732755
2023,REG,7,2023102300,59278,10/23/2023,3000,MIN,4500,SF,home,4,4.577731882513236,BUL366378,00-0033093,3000,Jonathan Bullard,J.Bullard,DE,https://static.www.nfl.com/image/private/{formatInstructions}/league/hgxa0we4sgcfdb7wim77,90,2,0,0,0,16,4.87715236800397
2023,REG,7,2023102300,59278,10/23/2023,3000,MIN,4500,SF,visitor,1,4.577731882513236,BOS073285,00-0035717,4500,Nick Bosa,N.Bosa,DE,https://static.www.nfl.com/image/private/{formatInstructions}/league/pzdj8ys2wqjc92hafziy,97,5,0,0,0,38,3.7676233816230122
2023,REG,7,2023102300,59278,10/23/2023,3000,MIN,4500,SF,visitor,2,4.577731882513236,ARM057964,00-0032164,4500,Arik Armstead,A.Armstead,DT,https://static.www.nfl.com/image/private/{formatInstructions}/league/pfagislv7uhsnwi7pviu,91,0,0,0,0,32,4.4346961463038355
2023,REG,7,2023102300,59278,10/23/2023,3000,MIN,4500,SF,visitor,3,4.577731882513236,HAR143881,00-0033109,4500,Javon Hargrave,J.Hargrave,DT,https://static.www.nfl.com/image/private/{formatInstructions}/league/z8mrwlgmuug7yjkood5k,98,4,0,0,0,27,4.013942525762751
2023,REG,7,2023102300,59278,10/23/2023,3000,MIN,4500,SF,visitor,4,4.577731882513236,FER558663,00-0035692,4500,Clelin Ferrell,C.Ferrell,DE,https://static.www.nfl.com/image/private/{formatInstructions}/league/vhx1ps64hgi1edob2pgd,94,1,1,0,0,18,4.106661479521449
2023,REG,8,2023102600,59279,10/26/2023,0610,BUF,4900,TB,home,1,4.577731882513236,FLO758060,00-0033072,0610,Leonard Floyd,L.Floyd,DE,https://static.www.nfl.com/image/private/{formatInstructions}/league/mmexfoamcspblwripdan,56,2,0,0,0,29,4.3662490332145305
2023,REG,8,2023102600,59279,10/26/2023,0610,BUF,4900,TB,home,2,4.577731882513236,OLI290385,00-0035230,0610,Ed Oliver,E.Oliver,DT,https://static.www.nfl.com/image/private/{formatInstructions}/league/e2nyrgwol6dnvxotljae,91,1,1,1,0,28,4.274224229273435
2023,REG,8,2023102600,59279,10/26/2023,0610,BUF,4900,TB,home,3,4.577731882513236,ROU617685,00-0036914,0610,Gregory Rousseau,G.Rousseau,DE,https://static.www.nfl.com/image/private/{formatInstructions}/league/insb9f4qznbgcfyreogp,50,2,1,0,0,26,4.222773480539037
2023,REG,8,2023102600,59279,10/26/2023,0610,BUF,4900,TB,home,4,4.577731882513236,PHI386190,00-0031557,0610,Jordan Phillips,J.Phillips,DT,https://static.www.nfl.com/image/private/{formatInstructions}/league/wszqz3dvuccaaorqrw4b,97,0,0,0,0,21,4.593988972357428
2023,REG,8,2023102600,59279,10/26/2023,0610,BUF,4900,TB,visitor,1,4.577731882513236,GAI306107,00-0035667,4900,Greg Gaines,G.Gaines,NT,https://static.www.nfl.com/image/private/{formatInstructions}/league/oywvgxko6axdtokuhgor,96,0,1,0,0,20,5.475977257376071
2023,REG,8,2023102600,59279,10/26/2023,0610,BUF,4900,TB,visitor,2,4.577731882513236,BAR645290,00-0031101,4900,Shaquil Barrett,S.Barrett,OLB,https://static.www.nfl.com/image/private/{formatInstructions}/league/eiilfj6qiri4n9xrclwe,7,3,2,0,0,19,6.35651587559228
2023,REG,8,2023102600,59279,10/26/2023,0610,BUF,4900,TB,visitor,3,4.577731882513236,KAN046143,00-0039063,4900,Calijah Kancey,C.Kancey,DE,https://static.www.nfl.com/image/private/{formatInstructions}/league/tmd2noaeemowsnshtzsn,94,0,0,0,0,19,4.414180550725298
2023,REG,8,2023102600,59279,10/26/2023,0610,BUF,4900,TB,visitor,4,4.577731882513236,TRY409291,00-0036967,4900,Joe Tryon,J.Tryon,OLB,https://static.www.nfl.com/image/private/{formatInstructions}/league/jayvmjizkv6spj8y93f7,9,2,0,0,0,17,5.553659068411686
2023,REG,8,2023102900,59280,10/29/2023,0750,CAR,2120,HOU,home,1,4.577731882513236,BRO393541,00-0036220,0750,Derrick Brown,Der.Brown,DE,https://static.www.nfl.com/image/private/{formatInstructions}/league/snjd4zlvrynmvcnlohej,95,2,3,0,0,20,4.562205011239357
2023,REG,8,2023102900,59280,10/29/2023,0750,CAR,2120,HOU,home,2,4.577731882513236,WIL234247,00-0031795,0750,DeShawn Williams,D.Williams,DE,https://static.www.nfl.com/image/private/{formatInstructions}/league/bapcfixbhpeqj6t3z1e9,96,1,2,0,0,13,4.577980161953833
2023,REG,8,2023102900,59280,10/29/2023,0750,CAR,2120,HOU,home,3,4.577731882513236,BUR435186,00-0035713,0750,Brian Burns,B.Burns,OLB,https://static.www.nfl.com/image/private/{formatInstructions}/league/pigkreclt8lczii5r2on,0,1,0,1,0,12,4.519167105932021
2023,REG,8,2023102900,59280,10/29/2023,0750,CAR,2120,HOU,home,4,4.577731882513236,HOU476949,00-0028008,0750,Justin Houston,J.Houston,OLB,https://static.www.nfl.com/image/private/{formatInstructions}/league/dtzoiwbtc880lbbknvya,50,0,1,0,0,9,4.485106176830006
2023,REG,8,2023102900,59280,10/29/2023,0750,CAR,2120,HOU,visitor,1,4.577731882513236,COL633184,00-0033131,2120,Maliek Collins,M.Collins,DT,https://static.www.nfl.com/image/private/{formatInstructions}/league/y9hbtlxivjzgaassmpwt,96,3,3,2,0,24,4.465447729806386
2023,REG,8,2023102900,59280,10/29/2023,0750,CAR,2120,HOU,visitor,2,4.577731882513236,AND627364,00-0039108,2120,Will Anderson,W.Anderson,DE,https://static.www.nfl.com/image/private/{formatInstructions}/league/ip0s1uogbdsiwpmx9fd8,51,2,1,0,0,24,4.392660471028214
2023,REG,8,2023102900,59280,10/29/2023,0750,CAR,2120,HOU,visitor,3,4.577731882513236,GRE397948,00-0036224,2120,Jonathan Greenard,J.Greenard,DE,https://static.www.nfl.com/image/private/{formatInstructions}/league/mgn1hyalnf83cwhn7iwo,52,4,2,2,0,20,3.57260937770599
2023,REG,8,2023102900,59280,10/29/2023,0750,CAR,2120,HOU,visitor,4,4.577731882513236,HUG532081,00-0027881,2120,Jerry Hughes,J.Hughes,DE,https://static.www.nfl.com/image/private/{formatInstructions}/league/kpaim2ei9sq4kl3ye4li,55,0,1,0,0,16,4.909857200747639
2023,REG,8,2023102901,59281,10/29/2023,1200,DAL,2510,LA,home,1,4.577731882513236,PAR753418,00-0036932,1200,Micah Parsons,M.Parsons,OLB,https://static.www.nfl.com/image/private/{formatInstructions}/league/vnasvto6q1izyolgu7db,11,2,0,1,0,24,3.425655903148583
2023,REG,8,2023102901,59281,10/29/2023,1200,DAL,2510,LA,home,2,4.577731882513236,ARM218905,00-0034373,1200,Dorance Armstrong,D.Armstrong,DE,https://static.www.nfl.com/image/private/{formatInstructions}/league/tcudmhrcnl85ii2t3wvy,92,1,1,1,0,17,4.493499811745267
2023,REG,8,2023102901,59281,10/29/2023,1200,DAL,2510,LA,home,3,4.577731882513236,ODI118654,00-0036942,1200,Osa Odighizuwa,O.Odighizuwa,DT,https://static.www.nfl.com/image/private/{formatInstructions}/league/l6baz1fnywtp18wcydrd,97,1,2,0,0,17,3.8667539393195227
2023,REG,8,2023102901,59281,10/29/2023,1200,DAL,2510,LA,home,4,4.577731882513236,LAW282118,00-0031411,1200,Demarcus Lawrence,D.Lawrence,DE,https://static.www.nfl.com/image/private/{formatInstructions}/league/zqkya3dftem6ykdpsjem,90,2,0,0,0,14,5.689254814648666
2023,REG,8,2023102901,59281,10/29/2023,1200,DAL,2510,LA,visitor,1,4.577731882513236,YOU127040,00-0039137,2510,Byron Young,B.Young,OLB,https://static.www.nfl.com/image/private/{formatInstructions}/league/bdfvfh0776dv0sn447pq,0,2,0,0,0,21,5.173987483109379
2023,REG,8,2023102901,59281,10/29/2023,1200,DAL,2510,LA,visitor,2,4.577731882513236,DON134977,00-0031388,2510,Aaron Donald,A.Donald,DT,https://static.www.nfl.com/image/private/{formatInstructions}/league/gou42dathlyc1rfn4pga,99,3,1,2,0,20,4.515134549146351
2023,REG,8,2023102901,59281,10/29/2023,1200,DAL,2510,LA,visitor,3,4.577731882513236,WIL385174,00-0035944,2510,Jonah Williams,J.Williams,DE,https://static.www.nfl.com/image/private/{formatInstructions}/league/fqj4ojziiq1vjjwwnens,92,1,2,0,0,20,5.148798484033466
2023,REG,8,2023102901,59281,10/29/2023,1200,DAL,2510,LA,visitor,4,4.577731882513236,TUR561805,00-0039138,2510,Kobie Turner,K.Turner,NT,https://static.www.nfl.com/image/private/{formatInstructions}/league/ouhisfkb6jyedo6jj0m4,91,1,2,0,0,20,3.9646490797606533
2023,REG,8,2023102902,59282,10/29/2023,1800,GB,3000,MIN,home,1,4.577731882513236,CLA409251,00-0033120,1800,Kenny Clark,K.Clark,DE,https://static.www.nfl.com/image/private/{formatInstructions}/league/xehidvio5jubhvwgsklr,97,1,2,1,0,26,3.865667581183793
2023,REG,8,2023102902,59282,10/29/2023,1800,GB,3000,MIN,home,2,4.577731882513236,GAR766759,00-0034967,1800,Rashan Gary,R.Gary,OLB,https://static.www.nfl.com/image/private/{formatInstructions}/league/t4clz4xe8sfxszmvohfo,52,2,1,0,0,24,3.9516528953131016
2023,REG,8,2023102902,59282,10/29/2023,1800,GB,3000,MIN,home,3,4.577731882513236,SMI576520,00-0031935,1800,Preston Smith,P.Smith,OLB,https://static.www.nfl.com/image/private/{formatInstructions}/league/pohwua1xxcajtggbemhr,91,2,3,2,1,23,3.808897560388886
2023,REG,8,2023102902,59282,10/29/2023,1800,GB,3000,MIN,home,4,4.577731882513236,SLA560348,00-0036642,1800,Tedarrell Slaton,T.Slaton,NT,https://static.www.nfl.com/image/private/{formatInstructions}/league/a2xoezbu6p8rg0dfl7fz,93,4,5,0,0,15,4.9545434462937274
2023,REG,8,2023102902,59282,10/29/2023,1800,GB,3000,MIN,visitor,1,4.577731882513236,HUN529240,00-0031565,3000,Danielle Hunter,D.Hunter,OLB,https://static.www.nfl.com/image/private/{formatInstructions}/league/mcimj8g9r5vhy4rzreih,99,3,0,1,2,35,4.087703479672007
2023,REG,8,2023102902,59282,10/29/2023,1800,GB,3000,MIN,visitor,2,4.577731882513236,WON272160,00-0036335,3000,D.J. Wonnum,D.Wonnum,OLB,https://static.www.nfl.com/image/private/{formatInstructions}/league/eyocajqgfrigi444hnkq,98,1,2,2,0,35,4.401203693101539
2023,REG,8,2023102902,59282,10/29/2023,1800,GB,3000,MIN,visitor,3,4.577731882513236,JON826250,00-0037007,3000,Patrick Jones,P.Jones,OLB,https://static.www.nfl.com/image/private/{formatInstructions}/league/ir3m4wipss4exri1xenv,91,0,0,0,0,21,4.423989809239101
2023,REG,8,2023102902,59282,10/29/2023,1800,GB,3000,MIN,visitor,4,4.577731882513236,PHI215142,00-0034782,3000,Harrison Phillips,H.Phillips,DT,https://static.www.nfl.com/image/private/{formatInstructions}/league/qyfhltyov0a0rigpe0mu,97,4,4,0,0,20,4.693485887430078
2023,REG,8,2023102903,59283,10/29/2023,2200,IND,3300,NO,home,1,4.577731882513236,BUC768760,00-0032378,2200,DeForest Buckner,D.Buckner,DT,https://static.www.nfl.com/image/private/{formatInstructions}/league/ls2tzitcuhmhwug8ohwj,99,2,1,1,1,23,3.5230068204933183
2023,REG,8,2023102903,59283,10/29/2023,2200,IND,3300,NO,home,2,4.577731882513236,PAY168986,00-0036479,2200,Kwity Paye,K.Paye,DE,https://static.www.nfl.com/image/private/{formatInstructions}/league/qo9cpabig7tusr8r49ud,51,4,2,0,0,21,4.238070957554358
2023,REG,8,2023102903,59283,10/29/2023,2200,IND,3300,NO,home,3,4.577731882513236,EBU355964,00-0033945,2200,Samson Ebukam,S.Ebukam,DE,https://static.www.nfl.com/image/private/{formatInstructions}/league/feoglrxvambjd4u4tdq6,52,3,1,0,0,19,4.716492844250368
2023,REG,8,2023102903,59283,10/29/2023,2200,IND,3300,NO,home,4,4.577731882513236,ODE707589,00-0036480,2200,Dayo Odeyingbo,D.Odeyingbo,DE,https://static.www.nfl.com/image/private/{formatInstructions}/league/cui1htwwnpbwayzucahk,54,1,0,0,0,17,4.227360860921561
2023,REG,8,2023102903,59283,10/29/2023,2200,IND,3300,NO,visitor,1,4.577731882513236,JOR051224,00-0027962,3300,Cameron Jordan,C.Jordan,DE,https://static.www.nfl.com/image/private/{formatInstructions}/league/jbcyxaoosrmj0pn5ynjb,94,3,2,0,0,27,3.664305407457316
2023,REG,8,2023102903,59283,10/29/2023,2200,IND,3300,NO,visitor,2,4.577731882513236,GRA291153,00-0035402,3300,Carl Granderson,C.Granderson,DE,https://static.www.nfl.com/image/private/{formatInstructions}/league/n1thp9nf1gnbj3epsec5,96,3,2,1,0,27,3.3709217840081642
2023,REG,8,2023102903,59283,10/29/2023,2200,IND,3300,NO,visitor,3,4.577731882513236,BRE510679,00-0038995,3300,Bryan Bresee,B.Bresee,DT,https://static.www.nfl.com/image/private/{formatInstructions}/league/ndia5grzqsvtxhql50ss,90,1,1,0,0,20,4.065301827533659
2023,REG,8,2023102903,59283,10/29/2023,2200,IND,3300,NO,visitor,4,4.577731882513236,KPA593274,00-0033902,3300,Tanoh Kpassagnon,T.Kpassagnon,DE,https://static.www.nfl.com/image/private/{formatInstructions}/league/ilr1bs7qesfq7fryeetc,92,0,1,0,0,16,4.293109878792038
2023,REG,8,2023102904,59284,10/29/2023,2700,MIA,3200,NE,home,1,4.577731882513236,SIE410345,00-0034285,2700,Zach Sieler,Z.Sieler,DE,https://static.www.nfl.com/image/private/{formatInstructions}/league/me66zdnhvswxahqsvlrn,92,1,1,0,0,25,4.778970662382339
2023,REG,8,2023102904,59284,10/29/2023,2700,MIA,3200,NE,home,2,4.577731882513236,WIL081088,00-0035231,2700,Christian Wilkins,C.Wilkins,DE,https://static.www.nfl.com/image/private/{formatInstructions}/league/yngx6poa67gosj2oiwk1,94,4,1,1,0,25,4.491108972430905
2023,REG,8,2023102904,59284,10/29/2023,2700,MIA,3200,NE,home,3,4.577731882513236,PHI254734,00-0036934,2700,Jaelan Phillips,J.Phillips,OLB,https://static.www.nfl.com/image/private/{formatInstructions}/league/warwtqmk5irvbnc4p92p,15,7,1,1,0,22,3.8346879887680134
2023,REG,8,2023102904,59284,10/29/2023,2700,MIA,3200,NE,home,4,4.577731882513236,CHU028799,00-0034832,2700,Bradley Chubb,B.Chubb,OLB,https://static.www.nfl.com/image/private/{formatInstructions}/league/to1i0hqzw9xoy0tgm9ck,2,2,1,1,0,20,4.760250389733406
2023,REG,8,2023102904,59284,10/29/2023,2700,MIA,3200,NE,visitor,1,4.577731882513236,WHI315646,00-0039148,3200,Keion White,K.White,DE,https://static.www.nfl.com/image/private/{formatInstructions}/league/rjc9qgamwszqabbidwla,99,2,1,0,0,31,5.378681603911655
2023,REG,8,2023102904,59284,10/29/2023,2700,MIA,3200,NE,visitor,2,4.577731882513236,BAR221986,00-0036981,3200,Christian Barmore,C.Barmore,DT,https://static.www.nfl.com/image/private/{formatInstructions}/league/h4rtemvkpsx1uyjvnm63,90,3,2,1,0,27,4.592830449974609
2023,REG,8,2023102904,59284,10/29/2023,2700,MIA,3200,NE,visitor,3,4.577731882513236,JEN457643,00-0036193,3200,Anfernee Jennings,A.Jennings,OLB,https://static.www.nfl.com/image/private/{formatInstructions}/league/rhpdybqsxdk8fo1wczc3,33,2,0,0,0,22,5.797054564807109
2023,REG,8,2023102904,59284,10/29/2023,2700,MIA,3200,NE,visitor,4,4.577731882513236,WIS078731,00-0033947,3200,Deatrich Wise,D.Wise,DE,https://static.www.nfl.com/image/private/{formatInstructions}/league/bxwmlzyorjsos6w7g2x6,91,0,1,0,0,19,5.187270033794904
2023,REG,8,2023102905,59285,10/29/2023,3410,NYG,3430,NYJ,home,1,4.577731882513236,WIL426411,00-0031933,3410,Leonard Williams,L.Williams,DT,https://static.www.nfl.com/image/private/{formatInstructions}/league/nbs0nno2aekmxfryiykv,99,0,1,0,0,24,4.095458377411683
2023,REG,8,2023102905,59285,10/29/2023,3410,NYG,3430,NYJ,home,2,4.577731882513236,WAR208421,00-0033046,3410,Jihad Ward,J.Ward,DE,https://static.www.nfl.com/image/private/{formatInstructions}/league/woivzfnzublubulaiox1,55,1,0,0,0,24,4.943743632345668
2023,REG,8,2023102905,59285,10/29/2023,3410,NYG,3430,NYJ,home,3,4.577731882513236,LAW288048,00-0035683,3410,Dexter Lawrence,D.Lawrence,NT,https://static.www.nfl.com/image/private/{formatInstructions}/league/mq1gfsw7gfz3jithkivb,97,2,1,1,0,24,3.146962350268812
2023,REG,8,2023102905,59285,10/29/2023,3410,NYG,3430,NYJ,home,4,4.577731882513236,THI172866,00-0037611,3410,Kayvon Thibodeaux,K.Thibodeaux,OLB,https://static.www.nfl.com/image/private/{formatInstructions}/league/ssdyrj5nmrcos9zv1e4d,5,6,3,3,1,24,5.057543128790246
2023,REG,8,2023102905,59285,10/29/2023,3410,NYG,3430,NYJ,visitor,1,4.577731882513236,WIL132672,00-0035718,3430,Quinnen Williams,Q.Williams,NT,https://static.www.nfl.com/image/private/{formatInstructions}/league/ftjeq2xr9mvck8mfkute,95,5,2,0,0,14,4.7468004230697005
2023,REG,8,2023102905,59285,10/29/2023,3410,NYG,3430,NYJ,visitor,2,4.577731882513236,JOH789955,00-0037663,3430,Jermaine Johnson,J.Johnson,OLB,https://static.www.nfl.com/image/private/{formatInstructions}/league/tksswzrbrb6ndpbczqon,11,3,3,2,0,12,3.564495823751365
2023,REG,8,2023102905,59285,10/29/2023,3410,NYG,3430,NYJ,visitor,3,4.577731882513236,HUF090844,00-0036151,3430,Bryce Huff,B.Huff,DE,https://static.www.nfl.com/image/private/{formatInstructions}/league/we20nyvj1dcdepuob9xh,47,2,3,1,0,8,3.923215925735135
2023,REG,8,2023102905,59285,10/29/2023,3410,NYG,3430,NYJ,visitor,4,4.577731882513236,FRA563573,00-0034805,3430,John Franklin-Myers,J.Franklin-Myers,DE,https://static.www.nfl.com/image/private/{formatInstructions}/league/q4aysumc2wxfocjtpdkl,91,1,3,0,0,7,6.040735657019349
2023,REG,8,2023102906,59286,10/29/2023,3900,PIT,2250,JAX,home,1,4.577731882513236,HIG595832,00-0036333,3900,Alex Highsmith,A.Highsmith,OLB,https://static.www.nfl.com/image/private/{formatInstructions}/league/xovqquaydxhhxbsiumfu,56,3,1,0,0,24,3.796902800390279
2023,REG,8,2023102906,59286,10/29/2023,3900,PIT,2250,JAX,home,2,4.577731882513236,WAT587616,00-0033886,3900,T.J. Watt,T.Watt,OLB,https://static.www.nfl.com/image/private/{formatInstructions}/league/yuqxfzlqjuz7yho5fdpg,90,1,1,0,0,23,4.084377173605393
2023,REG,8,2023102906,59286,10/29/2023,3900,PIT,2250,JAX,home,3,4.577731882513236,OGU431455,00-0033905,3900,Larry Ogunjobi,L.Ogunjobi,DT,https://static.www.nfl.com/image/private/{formatInstructions}/league/lwy0ylpaxchvs61rbkjk,99,3,2,0,0,21,4.571378475279682
2023,REG,8,2023102906,59286,10/29/2023,3900,PIT,2250,JAX,home,4,4.577731882513236,ADA519824,00-0033929,3900,Montravius Adams,M.Adams,NT,https://static.www.nfl.com/image/private/{formatInstructions}/league/bt78obedupn95s6fq3m3,57,3,1,0,0,18,4.32028800820851
2023,REG,8,2023102906,59286,10/29/2023,3900,PIT,2250,JAX,visitor,1,4.577731882513236,ALL528759,00-0035642,2250,Josh Allen,J.Allen,OLB,https://static.www.nfl.com/image/private/{formatInstructions}/league/q807jedjb7igab4graoe,41,3,2,2,0,29,3.5244274586816817
2023,REG,8,2023102906,59286,10/29/2023,3900,PIT,2250,JAX,visitor,2,4.577731882513236,WAL335860,00-0037235,2250,Travon Walker,T.Walker,OLB,https://static.www.nfl.com/image/private/{formatInstructions}/league/u578pgqmortimghxzgev,44,1,1,1,0,24,4.715739137028287
2023,REG,8,2023102906,59286,10/29/2023,3900,PIT,2250,JAX,visitor,3,4.577731882513236,ROB360907,00-0032667,2250,Roy Robertson-Harris,R.Robertson-Harris,DT,https://static.www.nfl.com/image/private/{formatInstructions}/league/rb0pmtszstbyggfqtriw,95,1,2,0,0,22,4.058773639074854
2023,REG,8,2023102906,59286,10/29/2023,3900,PIT,2250,JAX,visitor,4,4.577731882513236,SMO474349,00-0033907,2250,Dawuane Smoot,D.Smoot,DE,https://static.www.nfl.com/image/private/{formatInstructions}/league/uhvavmpqyqc24me7bmbi,91,1,0,0,0,19,5.184027127351778
2023,REG,8,2023102907,59287,10/29/2023,2100,TEN,0200,ATL,home,1,4.577731882513236,KEY099037,00-0034825,2100,Arden Key,A.Key,OLB,https://static.www.nfl.com/image/private/{formatInstructions}/league/psoje6looquofelpery9,49,0,2,0,0,26,3.1367735874287628
2023,REG,8,2023102907,59287,10/29/2023,2100,TEN,0200,ATL,home,2,4.577731882513236,SIM204336,00-0035643,2100,Jeffery Simmons,J.Simmons,DT,https://static.www.nfl.com/image/private/{formatInstructions}/league/bmlla8bf1h8hxulhcwhv,98,5,0,2,1,25,3.6822880674798855
2023,REG,8,2023102907,59287,10/29/2023,2100,TEN,0200,ATL,home,3,4.577731882513236,AUT529722,00-0031254,2100,Denico Autry,D.Autry,DE,https://static.www.nfl.com/image/private/{formatInstructions}/league/fm0gjc1jtbgmmsr4gs9l,96,1,3,1,0,24,4.501733307639786
2023,REG,8,2023102907,59287,10/29/2023,2100,TEN,0200,ATL,home,4,4.577731882513236,LAN159704,00-0034828,2100,Harold Landry,H.Landry,OLB,https://static.www.nfl.com/image/private/{formatInstructions}/league/akafrpdcokvwz2psbbmj,58,5,0,2,0,20,4.15176446145853
2023,REG,8,2023102907,59287,10/29/2023,2100,TEN,0200,ATL,visitor,1,4.577731882513236,CAM208843,00-0026190,0200,Calais Campbell,C.Campbell,DE,https://static.www.nfl.com/image/private/{formatInstructions}/league/wbrve7zrrqiuknohpecm,93,1,0,0,0,17,4.36005014907023
2023,REG,8,2023102907,59287,10/29/2023,2100,TEN,0200,ATL,visitor,2,4.577731882513236,ONY164481,00-0033051,0200,David Onyemata,D.Onyemata,DT,https://static.www.nfl.com/image/private/{formatInstructions}/league/uyu66sa3d2gpsh5tyhxw,90,3,0,0,0,17,3.911755842447956
2023,REG,8,2023102907,59287,10/29/2023,2100,TEN,0200,ATL,visitor,3,4.577731882513236,CAR716453,00-0034360,0200,Lorenzo Carter,L.Carter,OLB,https://static.www.nfl.com/image/private/{formatInstructions}/league/vzt4cv29hrn9dw0wtpze,0,4,0,0,0,17,4.209336824516632
2023,REG,8,2023102907,59287,10/29/2023,2100,TEN,0200,ATL,visitor,4,4.577731882513236,DUP507860,00-0032146,0200,Bud Dupree,B.Dupree,OLB,https://static.www.nfl.com/image/private/{formatInstructions}/league/i2b1ykt4jgmdabmwoqoo,48,2,1,1,0,10,4.145807002971941
2023,REG,8,2023102908,59288,10/29/2023,5110,WAS,3700,PHI,home,1,4.577731882513236,PAY281222,00-0034333,5110,Daron Payne,D.Payne,DT,https://static.www.nfl.com/image/private/{formatInstructions}/league/vxrbsde7ynj9mahsxfcs,94,1,1,0,0,28,5.038792410573881
2023,REG,8,2023102908,59288,10/29/2023,5110,WAS,3700,PHI,home,2,4.577731882513236,YOU146550,00-0036321,5110,Chase Young,C.Young,DE,https://static.www.nfl.com/image/private/{formatInstructions}/league/unhlp0qze9qqegfxe6rd,99,1,0,0,0,27,4.622925041077561
2023,REG,8,2023102908,59288,10/29/2023,5110,WAS,3700,PHI,home,3,4.577731882513236,ALL512725,00-0033523,5110,Jonathan Allen,J.Allen,DT,https://static.www.nfl.com/image/private/{formatInstructions}/league/uyc2yzn3jzzmx8zkswex,93,0,1,0,0,24,4.132129200243569
2023,REG,8,2023102908,59288,10/29/2023,5110,WAS,3700,PHI,home,4,4.577731882513236,SWE034375,00-0035647,5110,Montez Sweat,M.Sweat,DE,https://static.www.nfl.com/image/private/{formatInstructions}/league/hnx2ujifcc1ad4gw0iby,90,3,2,1,0,24,4.088714661135447
2023,REG,8,2023102908,59288,10/29/2023,5110,WAS,3700,PHI,visitor,1,4.577731882513236,COX200177,00-0029653,3700,Fletcher Cox,F.Cox,DT,https://static.www.nfl.com/image/private/{formatInstructions}/league/guiegvu50wdv6lzspebo,91,1,1,0,0,40,4.325968107359339
2023,REG,8,2023102908,59288,10/29/2023,5110,WAS,3700,PHI,visitor,2,4.577731882513236,SWE031587,00-0034381,3700,Josh Sweat,J.Sweat,DE,https://static.www.nfl.com/image/private/{formatInstructions}/league/r8tbgqchezlbyykxvloz,94,0,1,0,0,40,3.6305569322668063
2023,REG,8,2023102908,59288,10/29/2023,5110,WAS,3700,PHI,visitor,3,4.577731882513236,RED324095,00-0033875,3700,Haason Reddick,H.Reddick,OLB,https://static.www.nfl.com/image/private/{formatInstructions}/league/qqfxdnlmmyzbh27lmxgi,7,3,0,1,1,38,4.077922216158032
2023,REG,8,2023102908,59288,10/29/2023,5110,WAS,3700,PHI,visitor,4,4.577731882513236,WIL454157,00-0036916,3700,Milton Williams,M.Williams,DT,https://static.www.nfl.com/image/private/{formatInstructions}/league/unxu6akdbeyuefvbtqnc,93,1,0,0,0,30,4.413772610044877
2023,REG,8,2023102909,59289,10/29/2023,4600,SEA,1050,CLE,home,1,4.577731882513236,REE257783,00-0032387,4600,Jarran Reed,Ja.Reed,NT,https://static.www.nfl.com/image/private/{formatInstructions}/league/hp86k8wv76vaid3dyzen,90,2,2,0,0,23,4.396713632025775
2023,REG,8,2023102909,59289,10/29/2023,4600,SEA,1050,CLE,home,2,4.577731882513236,MAF415291,00-0038133,4600,Boye Mafe,B.Mafe,OLB,https://static.www.nfl.com/image/private/{formatInstructions}/league/sqtz8e4f9ccfhioap0qp,53,3,5,1,0,22,4.246159371733284
2023,REG,8,2023102909,59289,10/29/2023,4600,SEA,1050,CLE,home,3,4.577731882513236,JON263738,00-0035678,4600,Dre'Mont Jones,D.Jones,DE,https://static.www.nfl.com/image/private/{formatInstructions}/league/jtymiyxibjaktdm0h9by,55,2,0,0,0,21,3.701488530540588
2023,REG,8,2023102909,59289,10/29/2023,4600,SEA,1050,CLE,home,4,4.577731882513236,TAY146193,00-0036413,4600,Darrell Taylor,D.Taylor,OLB,https://static.www.nfl.com/image/private/{formatInstructions}/league/rrrbcen1jk8j6fktbxnr,52,2,1,1,0,13,4.195697659607823
2023,REG,8,2023102909,59289,10/29/2023,4600,SEA,1050,CLE,visitor,1,4.577731882513236,GAR528896,00-0033868,1050,Myles Garrett,M.Garrett,DE,https://static.www.nfl.com/image/private/{formatInstructions}/league/y33rmtjxhgil7cjcftlc,95,2,0,1,1,28,4.405284492072008
2023,REG,8,2023102909,59289,10/29/2023,4600,SEA,1050,CLE,visitor,2,4.577731882513236,SMI827086,00-0031576,1050,Za'Darius Smith,Z.Smith,DE,https://static.www.nfl.com/image/private/{formatInstructions}/league/xysjqfrdv1bvqocjyhsu,99,0,1,0,0,20,4.465380322644022
2023,REG,8,2023102909,59289,10/29/2023,4600,SEA,1050,CLE,visitor,3,4.577731882513236,TOM676763,00-0033546,1050,Dalvin Tomlinson,D.Tomlinson,DT,https://static.www.nfl.com/image/private/{formatInstructions}/league/bopmatmiwmclctokq7b6,94,0,0,0,0,20,3.947802928530917
2023,REG,8,2023102909,59289,10/29/2023,4600,SEA,1050,CLE,visitor,4,4.577731882513236,OKO385924,00-0034807,1050,Ogbonnia Okoronkwo,O.Okoronkwo,DE,https://static.www.nfl.com/image/private/{formatInstructions}/league/wmrog0aalbtkxnvsywej,54,0,0,0,0,17,4.722140114031047
2023,REG,8,2023102910,59290,10/29/2023,3800,ARI,0325,BAL,home,1,4.577731882513236,COL712276,00-0036933,3800,Zaven Collins,Z.Collins,OLB,https://static.www.nfl.com/image/private/{formatInstructions}/league/vrcmqlsrh8zwppjce3z6,25,2,0,0,0,16,4.840941291284533
2023,REG,8,2023102910,59290,10/29/2023,3800,ARI,0325,BAL,home,2,4.577731882513236,STI401047,00-0038623,3800,Dante Stills,D.Stills,DE,https://static.www.nfl.com/image/private/{formatInstructions}/league/mjw66yx6mafncshskyob,55,3,2,1,0,13,3.803617636876489
2023,REG,8,2023102910,59290,10/29/2023,3800,ARI,0325,BAL,home,3,4.577731882513236,LED300302,00-0035343,3800,Jonathan Ledbetter,J.Ledbetter,DE,https://static.www.nfl.com/image/private/{formatInstructions}/league/vipmbrcixn2huexfkobd,93,2,2,0,0,12,3.579727671525849
2023,REG,8,2023102910,59290,10/29/2023,3800,ARI,0325,BAL,home,4,4.577731882513236,GAR121450,00-0034473,3800,Dennis Gardeck,D.Gardeck,OLB,https://static.www.nfl.com/image/private/{formatInstructions}/league/apa15w67lwuxt4ucnqhc,45,1,0,0,0,11,4.519256084839791
2023,REG,8,2023102910,59290,10/29/2023,3800,ARI,0325,BAL,visitor,1,4.577731882513236,VAN656604,00-0031360,0325,Kyle Van Noy,K.Van Noy,OLB,https://static.www.nfl.com/image/private/{formatInstructions}/league/znklqcbz96hplzfzqunt,50,1,0,0,0,21,4.375357749225284
2023,REG,8,2023102910,59290,10/29/2023,3800,ARI,0325,BAL,visitor,2,4.577731882513236,PIE424893,00-0032574,0325,Michael Pierce,M.Pierce,NT,https://static.www.nfl.com/image/private/{formatInstructions}/league/tydggsdjwzhhl36qztc0,58,4,1,1,1,21,4.0498478271881355
2023,REG,8,2023102910,59290,10/29/2023,3800,ARI,0325,BAL,visitor,3,4.577731882513236,MAD784440,00-0036130,0325,Justin Madubuike,J.Madubuike,DT,https://static.www.nfl.com/image/private/{formatInstructions}/league/tvitcjl2ahtfjqogd2rx,92,3,0,1,0,21,3.3482486534798066
2023,REG,8,2023102910,59290,10/29/2023,3800,ARI,0325,BAL,visitor,4,4.577731882513236,OWE012098,00-0036940,0325,Odafe Oweh,O.Oweh,OLB,https://static.www.nfl.com/image/private/{formatInstructions}/league/zlf34rejm1bnlc07izfd,99,0,1,0,0,19,3.671948601081627
2023,REG,8,2023102911,59291,10/29/2023,1400,DEN,2310,KC,home,1,4.577731882513236,ALL656181,00-0035248,1400,Zach Allen,Z.Allen,DE,https://static.www.nfl.com/image/private/{formatInstructions}/league/jbqsgpcisn8px60ab3xf,99,3,1,0,0,24,4.61704483592675
2023,REG,8,2023102911,59291,10/29/2023,1400,DEN,2310,KC,home,2,4.577731882513236,BON490179,00-0037249,1400,Nik Bonitto,N.Bonitto,OLB,https://static.www.nfl.com/image/private/{formatInstructions}/league/anc7attkmiqpqqocleun,42,1,0,0,0,18,4.315368804770113
2023,REG,8,2023102911,59291,10/29/2023,1400,DEN,2310,KC,home,3,4.577731882513236,COO617139,00-0036952,1400,Jonathon Cooper,J.Cooper,OLB,https://static.www.nfl.com/image/private/{formatInstructions}/league/dvuos7qbtpi5jmo41sry,0,1,2,0,0,17,5.140074311848497
2023,REG,8,2023102911,59291,10/29/2023,1400,DEN,2310,KC,home,4,4.577731882513236,BRO806290,00-0036995,1400,Baron Browning,B.Browning,ILB,https://static.www.nfl.com/image/private/{formatInstructions}/league/xfkd9rhl1tun2nwvor6n,56,4,0,2,1,16,4.511263090295953
2023,REG,8,2023102911,59291,10/29/2023,1400,DEN,2310,KC,visitor,1,4.577731882513236,JON162595,00-0032762,2310,Chris Jones,C.Jones,DT,https://static.www.nfl.com/image/private/{formatInstructions}/league/tzeyeldnaaxjsg4beczj,95,2,2,0,0,16,5.419769568152279
2023,REG,8,2023102911,59291,10/29/2023,1400,DEN,2310,KC,visitor,2,4.577731882513236,DAN721566,00-0036378,2310,Michael Danna,M.Danna,DE,https://static.www.nfl.com/image/private/{formatInstructions}/league/oiywq8es1rm2rjnpbouw,51,3,0,1,0,13,3.892034561652631
2023,REG,8,2023102911,59291,10/29/2023,1400,DEN,2310,KC,visitor,3,4.577731882513236,KAR303382,00-0037192,2310,George Karlaftis,G.Karlaftis,DE,https://static.www.nfl.com/image/private/{formatInstructions}/league/kwmi9hcgixedzkqo0hd9,56,4,3,2,1,11,4.537529608460269
2023,REG,8,2023102911,59291,10/29/2023,1400,DEN,2310,KC,visitor,4,4.577731882513236,NNA157287,00-0034818,2310,Derrick Nnadi,D.Nnadi,DT,https://static.www.nfl.com/image/private/{formatInstructions}/league/fokp5h37zl5qkfsachb3,91,1,2,0,0,8,4.539435244074085
2023,REG,8,2023102912,59292,10/29/2023,4500,SF,0920,CIN,home,1,4.577731882513236,BOS073285,00-0035717,4500,Nick Bosa,N.Bosa,DE,https://static.www.nfl.com/image/private/{formatInstructions}/league/pzdj8ys2wqjc92hafziy,97,1,1,0,0,32,3.762276884529733
2023,REG,8,2023102912,59292,10/29/2023,4500,SF,0920,CIN,home,2,4.577731882513236,ARM057964,00-0032164,4500,Arik Armstead,A.Armstead,DT,https://static.www.nfl.com/image/private/{formatInstructions}/league/pfagislv7uhsnwi7pviu,91,2,2,2,0,23,4.366250487283282
2023,REG,8,2023102912,59292,10/29/2023,4500,SF,0920,CIN,home,3,4.577731882513236,HAR143881,00-0033109,4500,Javon Hargrave,J.Hargrave,DT,https://static.www.nfl.com/image/private/{formatInstructions}/league/z8mrwlgmuug7yjkood5k,98,0,0,0,0,21,4.1599407403038136
2023,REG,8,2023102912,59292,10/29/2023,4500,SF,0920,CIN,home,4,4.577731882513236,FER558663,00-0035692,4500,Clelin Ferrell,C.Ferrell,DE,https://static.www.nfl.com/image/private/{formatInstructions}/league/vhx1ps64hgi1edob2pgd,94,0,5,0,1,17,5.269155990333096
2023,REG,8,2023102912,59292,10/29/2023,4500,SF,0920,CIN,visitor,1,4.577731882513236,HIL096836,00-0034800,0920,B.J. Hill,B.Hill,DT,https://static.www.nfl.com/image/private/{formatInstructions}/league/kzclgv44hziqf33iwtyx,92,1,1,0,0,18,5.421029929081292
2023,REG,8,2023102912,59292,10/29/2023,4500,SF,0920,CIN,visitor,2,4.577731882513236,HUB387605,00-0034834,0920,Sam Hubbard,S.Hubbard,DE,https://static.www.nfl.com/image/private/{formatInstructions}/league/fedpaaymkmox3miypjkl,94,4,2,1,0,16,5.190908287282266
2023,REG,8,2023102912,59292,10/29/2023,4500,SF,0920,CIN,visitor,3,4.577731882513236,HEN324452,00-0033935,0920,Trey Hendrickson,T.Hendrickson,DE,https://static.www.nfl.com/image/private/{formatInstructions}/league/ypeza1qplqqjbvowe2im,91,1,0,1,1,14,3.0645247737527788
2023,REG,8,2023102912,59292,10/29/2023,4500,SF,0920,CIN,visitor,4,4.577731882513236,CAR786801,00-0037804,0920,Zach Carter,Z.Carter,DT,,95,1,0,0,0,11,4.704307312157618
2023,REG,8,2023102913,59293,10/29/2023,4400,LAC,0810,CHI,home,1,4.577731882513236,MAC325122,00-0031040,4400,Khalil Mack,K.Mack,DE,https://static.www.nfl.com/image/private/{formatInstructions}/league/hkxmcpv1vobtydr4yt7n,52,1,0,0,0,24,3.8294935324260706
2023,REG,8,2023102913,59293,10/29/2023,4400,LAC,0810,CHI,home,2,4.577731882513236,BOS037607,00-0033156,4400,Joey Bosa,J.Bosa,DE,https://static.www.nfl.com/image/private/{formatInstructions}/league/blspods4zgvknmjvesvk,97,2,2,1,0,18,3.3720018904631868
2023,REG,8,2023102913,59293,10/29/2023,4400,LAC,0810,CHI,home,3,4.577731882513236,JOS280126,00-0034810,4400,Sebastian Joseph,S.Joseph,DT,https://static.www.nfl.com/image/private/{formatInstructions}/league/smlfibms0dabjqpf29wg,51,1,1,0,0,18,4.60020954190634
2023,REG,8,2023102913,59293,10/29/2023,4400,LAC,0810,CHI,home,4,4.577731882513236,JOH064658,00-0032763,4400,Austin Johnson,A.Johnson,DT,https://static.www.nfl.com/image/private/{formatInstructions}/league/yw0n2arlqinekrb9izou,98,0,3,0,0,15,4.839999526055956
2023,REG,8,2023102913,59293,10/29/2023,4400,LAC,0810,CHI,visitor,1,4.577731882513236,NGA355963,00-0033123,0810,Yannick Ngakoue,Y.Ngakoue,DE,https://static.www.nfl.com/image/private/{formatInstructions}/league/gm3h8c0ov8hffmaw7efj,91,0,0,0,0,30,4.529405488617962
2023,REG,8,2023102913,59293,10/29/2023,4400,LAC,0810,CHI,visitor,2,4.577731882513236,JON518335,00-0034677,0810,Justin Jones,Ju.Jones,DT,https://static.www.nfl.com/image/private/{formatInstructions}/league/zsfbwgrrxrqbahv318xu,93,3,1,0,0,24,4.025331791415735
2023,REG,8,2023102913,59293,10/29/2023,4400,LAC,0810,CHI,visitor,3,4.577731882513236,WAL115858,00-0033782,0810,DeMarcus Walker,D.Walker,DE,https://static.www.nfl.com/image/private/{formatInstructions}/league/rfvqk3uflt2uwxrfwio7,95,1,0,0,0,22,3.9035342086464255
2023,REG,8,2023102913,59293,10/29/2023,4400,LAC,0810,CHI,visitor,4,4.577731882513236,KAR259489,00-0036341,0810,Khalid Kareem,K.Kareem,DE,https://static.www.nfl.com/image/private/{formatInstructions}/league/ividdypxgovbqeizhvj6,52,1,0,0,0,17,4.178430354912656
2023,REG,8,2023103000,59294,10/30/2023,1540,DET,2520,LV,home,1,4.577731882513236,HUT099869,00-0037236,1540,Aidan Hutchinson,A.Hutchinson,DE,https://static.www.nfl.com/image/private/{formatInstructions}/league/zywrtjyja5l8efay1six,97,1,0,0,0,21,4.549131898970154
2023,REG,8,2023103000,59294,10/30/2023,1540,DET,2520,LV,home,2,4.577731882513236,MCN611247,00-0036624,1540,Alim McNeill,A.McNeill,DT,https://static.www.nfl.com/image/private/{formatInstructions}/league/hrqtcha6t35jwvoswc1k,54,2,2,2,0,14,3.6480774865407652
2023,REG,8,2023103000,59294,10/30/2023,1540,DET,2520,LV,home,3,4.577731882513236,COM275428,00-0035265,1540,John Cominsky,J.Cominsky,DE,https://static.www.nfl.com/image/private/{formatInstructions}/league/u6asvfs4kqjcuxvvz0tl,79,0,2,0,0,13,4.657070020852867
2023,REG,8,2023103000,59294,10/30/2023,1540,DET,2520,LV,home,4,4.577731882513236,PAS068486,00-0038096,1540,Josh Paschal,J.Paschal,DE,https://static.www.nfl.com/image/private/{formatInstructions}/league/ivkpwgpcixlvfbpzurab,93,1,0,0,0,11,4.252431208472486
2023,REG,8,2023103000,59294,10/30/2023,1540,DET,2520,LV,visitor,1,4.577731882513236,CRO371007,00-0034973,2520,Maxx Crosby,M.Crosby,DE,https://static.www.nfl.com/image/private/{formatInstructions}/league/ryx2ur9vl647z34ltt2q,98,5,3,0,1,33,4.428584119701129
2023,REG,8,2023103000,59294,10/30/2023,1540,DET,2520,LV,visitor,2,4.577731882513236,BUT106408,00-0033381,2520,Adam Butler,A.Butler,DT,https://static.www.nfl.com/image/private/{formatInstructions}/league/ijlj4afpy1na9i9hxfvc,69,1,2,0,0,24,4.689611014301753
2023,REG,8,2023103000,59294,10/30/2023,1540,DET,2520,LV,visitor,3,4.577731882513236,TIL189606,00-0035674,2520,Jerry Tillery,J.Tillery,DT,https://static.www.nfl.com/image/private/{formatInstructions}/league/wacmikdak7zlgknkqzgc,90,1,2,0,0,18,5.469619917107305
2023,REG,8,2023103000,59294,10/30/2023,1540,DET,2520,LV,visitor,4,4.577731882513236,JEN271683,00-0030070,2520,John Jenkins,J.Jenkins,DT,https://static.www.nfl.com/image/private/{formatInstructions}/league/giku8dgkab0ztinvamoy,95,0,8,0,0,16,4.831144393012104
2023,REG,9,2023110200,59295,11/02/2023,3900,PIT,2100,TEN,home,1,4.577731882513236,WAT587616,00-0033886,3900,T.J. Watt,T.Watt,OLB,https://static.www.nfl.com/image/private/{formatInstructions}/league/yuqxfzlqjuz7yho5fdpg,90,2,2,1,0,33,4.040059869771184
2023,REG,9,2023110200,59295,11/02/2023,3900,PIT,2100,TEN,home,2,4.577731882513236,HIG595832,00-0036333,3900,Alex Highsmith,A.Highsmith,OLB,https://static.www.nfl.com/image/private/{formatInstructions}/league/xovqquaydxhhxbsiumfu,56,2,2,2,0,29,3.2691771657954876
2023,REG,9,2023110200,59295,11/02/2023,3900,PIT,2100,TEN,home,3,4.577731882513236,OGU431455,00-0033905,3900,Larry Ogunjobi,L.Ogunjobi,DT,https://static.www.nfl.com/image/private/{formatInstructions}/league/lwy0ylpaxchvs61rbkjk,99,3,2,0,0,26,4.674035367904283
2023,REG,9,2023110200,59295,11/02/2023,3900,PIT,2100,TEN,home,4,4.577731882513236,BEN728037,00-0039110,3900,Keeanu Benton,K.Benton,DT,https://static.www.nfl.com/image/private/{formatInstructions}/league/ksvk1zh5jnuxblurmawl,95,2,0,0,0,23,4.590863459683309
2023,REG,9,2023110200,59295,11/02/2023,3900,PIT,2100,TEN,visitor,1,4.577731882513236,SIM204336,00-0035643,2100,Jeffery Simmons,J.Simmons,DT,https://static.www.nfl.com/image/private/{formatInstructions}/league/bmlla8bf1h8hxulhcwhv,98,4,3,0,0,23,5.280701817541462
2023,REG,9,2023110200,59295,11/02/2023,3900,PIT,2100,TEN,visitor,2,4.577731882513236,AUT529722,00-0031254,2100,Denico Autry,D.Autry,DE,https://static.www.nfl.com/image/private/{formatInstructions}/league/fm0gjc1jtbgmmsr4gs9l,96,1,2,0,0,18,4.749246536373408
2023,REG,9,2023110200,59295,11/02/2023,3900,PIT,2100,TEN,visitor,3,4.577731882513236,LAN159704,00-0034828,2100,Harold Landry,H.Landry,OLB,https://static.www.nfl.com/image/private/{formatInstructions}/league/akafrpdcokvwz2psbbmj,58,0,1,0,0,17,5.1113609130089035
2023,REG,9,2023110200,59295,11/02/2023,3900,PIT,2100,TEN,visitor,4,4.577731882513236,KEY099037,00-0034825,2100,Arden Key,A.Key,OLB,https://static.www.nfl.com/image/private/{formatInstructions}/league/psoje6looquofelpery9,49,1,1,0,0,17,4.573050871652576
2023,REG,9,2023110500,59296,11/05/2023,2310,KC,2700,MIA,home,1,4.577731882513236,JON162595,00-0032762,2310,Chris Jones,C.Jones,DT,https://static.www.nfl.com/image/private/{formatInstructions}/league/tzeyeldnaaxjsg4beczj,95,0,1,0,0,28,5.260967957173792
2023,REG,9,2023110500,59296,11/05/2023,2310,KC,2700,MIA,home,2,4.577731882513236,OME565785,00-0035279,2310,Charles Omenihu,C.Omenihu,DE,https://static.www.nfl.com/image/private/{formatInstructions}/league/n7hyavaepvuienrmh9bi,90,1,1,0,0,27,5.052433460798519
2023,REG,9,2023110500,59296,11/05/2023,2310,KC,2700,MIA,home,3,4.577731882513236,DAN721566,00-0036378,2310,Michael Danna,M.Danna,DE,https://static.www.nfl.com/image/private/{formatInstructions}/league/oiywq8es1rm2rjnpbouw,51,1,1,0,0,25,5.371932536579019
2023,REG,9,2023110500,59296,11/05/2023,2310,KC,2700,MIA,home,4,4.577731882513236,KAR303382,00-0037192,2310,George Karlaftis,G.Karlaftis,DE,https://static.www.nfl.com/image/private/{formatInstructions}/league/kwmi9hcgixedzkqo0hd9,56,1,0,0,0,22,4.642458987365044
2023,REG,9,2023110500,59296,11/05/2023,2310,KC,2700,MIA,visitor,1,4.577731882513236,SIE410345,00-0034285,2700,Zach Sieler,Z.Sieler,DE,https://static.www.nfl.com/image/private/{formatInstructions}/league/me66zdnhvswxahqsvlrn,92,4,3,0,0,23,4.799946876543703
2023,REG,9,2023110500,59296,11/05/2023,2310,KC,2700,MIA,visitor,2,4.577731882513236,WIL081088,00-0035231,2700,Christian Wilkins,C.Wilkins,DE,https://static.www.nfl.com/image/private/{formatInstructions}/league/yngx6poa67gosj2oiwk1,94,3,0,0,0,23,5.273367697143911
2023,REG,9,2023110500,59296,11/05/2023,2310,KC,2700,MIA,visitor,3,4.577731882513236,CHU028799,00-0034832,2700,Bradley Chubb,B.Chubb,OLB,https://static.www.nfl.com/image/private/{formatInstructions}/league/to1i0hqzw9xoy0tgm9ck,2,2,1,1,1,18,5.510835595265074
2023,REG,9,2023110500,59296,11/05/2023,2310,KC,2700,MIA,visitor,4,4.577731882513236,PHI254734,00-0036934,2700,Jaelan Phillips,J.Phillips,OLB,https://static.www.nfl.com/image/private/{formatInstructions}/league/warwtqmk5irvbnc4p92p,15,2,3,1,0,13,4.600228877043486
2023,REG,9,2023110501,59297,11/05/2023,0200,ATL,3000,MIN,home,1,4.577731882513236,ONY164481,00-0033051,0200,David Onyemata,D.Onyemata,DT,https://static.www.nfl.com/image/private/{formatInstructions}/league/uyu66sa3d2gpsh5tyhxw,90,5,5,1,1,20,4.529665724211659
2023,REG,9,2023110501,59297,11/05/2023,0200,ATL,3000,MIN,home,2,4.577731882513236,STR306064,00-0034320,0200,Kentavius Street,K.Street,DT,https://static.www.nfl.com/image/upload/{formatInstructions}/league/loigf72cxxnkkjzihi9y,75,2,3,0,0,17,5.025190674479862
2023,REG,9,2023110501,59297,11/05/2023,0200,ATL,3000,MIN,home,3,4.577731882513236,CAR716453,00-0034360,0200,Lorenzo Carter,L.Carter,OLB,https://static.www.nfl.com/image/private/{formatInstructions}/league/vzt4cv29hrn9dw0wtpze,0,1,2,0,0,16,5.49996005715316
2023,REG,9,2023110501,59297,11/05/2023,0200,ATL,3000,MIN,home,4,4.577731882513236,DUP507860,00-0032146,0200,Bud Dupree,B.Dupree,OLB,https://static.www.nfl.com/image/private/{formatInstructions}/league/i2b1ykt4jgmdabmwoqoo,48,1,0,0,0,14,3.6536193954476865
2023,REG,9,2023110501,59297,11/05/2023,0200,ATL,3000,MIN,visitor,1,4.577731882513236,HUN529240,00-0031565,3000,Danielle Hunter,D.Hunter,OLB,https://static.www.nfl.com/image/private/{formatInstructions}/league/mcimj8g9r5vhy4rzreih,99,5,4,0,0,31,4.6837600790050935
2023,REG,9,2023110501,59297,11/05/2023,0200,ATL,3000,MIN,visitor,2,4.577731882513236,WON272160,00-0036335,3000,D.J. Wonnum,D.Wonnum,OLB,https://static.www.nfl.com/image/private/{formatInstructions}/league/eyocajqgfrigi444hnkq,98,3,1,0,0,27,4.315100944974651
2023,REG,9,2023110501,59297,11/05/2023,0200,ATL,3000,MIN,visitor,3,4.577731882513236,JON826250,00-0037007,3000,Patrick Jones,P.Jones,OLB,https://static.www.nfl.com/image/private/{formatInstructions}/league/ir3m4wipss4exri1xenv,91,0,0,0,0,19,5.150452501302044
2023,REG,9,2023110501,59297,11/05/2023,0200,ATL,3000,MIN,visitor,4,4.577731882513236,BUL366378,00-0033093,3000,Jonathan Bullard,J.Bullard,DE,https://static.www.nfl.com/image/private/{formatInstructions}/league/hgxa0we4sgcfdb7wim77,90,2,1,0,0,13,4.783281209750092
2023,REG,9,2023110502,59298,11/05/2023,0325,BAL,4600,SEA,home,1,4.577731882513236,CLO535848,00-0031364,0325,Jadeveon Clowney,J.Clowney,OLB,https://static.www.nfl.com/image/private/{formatInstructions}/league/rmuagbaye1s4hfevcqov,24,2,1,0,0,17,3.6094627823467964
2023,REG,9,2023110502,59298,11/05/2023,0325,BAL,4600,SEA,home,2,4.577731882513236,PIE424893,00-0032574,0325,Michael Pierce,M.Pierce,NT,https://static.www.nfl.com/image/private/{formatInstructions}/league/tydggsdjwzhhl36qztc0,58,0,0,0,0,15,5.1705176972312055
2023,REG,9,2023110502,59298,11/05/2023,0325,BAL,4600,SEA,home,3,4.577731882513236,MAD784440,00-0036130,0325,Justin Madubuike,J.Madubuike,DT,https://static.www.nfl.com/image/private/{formatInstructions}/league/tvitcjl2ahtfjqogd2rx,92,4,0,1,0,15,4.5055399676440375
2023,REG,9,2023110502,59298,11/05/2023,0325,BAL,4600,SEA,home,4,4.577731882513236,VAN656604,00-0031360,0325,Kyle Van Noy,K.Van Noy,OLB,https://static.www.nfl.com/image/private/{formatInstructions}/league/znklqcbz96hplzfzqunt,50,2,0,2,1,14,3.458497414920685
2023,REG,9,2023110502,59298,11/05/2023,0325,BAL,4600,SEA,visitor,1,4.577731882513236,REE257783,00-0032387,4600,Jarran Reed,Ja.Reed,NT,https://static.www.nfl.com/image/private/{formatInstructions}/league/hp86k8wv76vaid3dyzen,90,1,0,0,0,18,4.121421979679197
2023,REG,9,2023110502,59298,11/05/2023,0325,BAL,4600,SEA,visitor,2,4.577731882513236,MAF415291,00-0038133,4600,Boye Mafe,B.Mafe,OLB,https://static.www.nfl.com/image/private/{formatInstructions}/league/sqtz8e4f9ccfhioap0qp,53,5,1,1,1,17,4.088631928226313
2023,REG,9,2023110502,59298,11/05/2023,0325,BAL,4600,SEA,visitor,3,4.577731882513236,JON263738,00-0035678,4600,Dre'Mont Jones,D.Jones,DE,https://static.www.nfl.com/image/private/{formatInstructions}/league/jtymiyxibjaktdm0h9by,55,2,1,0,0,16,3.906390627561386
2023,REG,9,2023110502,59298,11/05/2023,0325,BAL,4600,SEA,visitor,4,4.577731882513236,TAY146193,00-0036413,4600,Darrell Taylor,D.Taylor,OLB,https://static.www.nfl.com/image/private/{formatInstructions}/league/rrrbcen1jk8j6fktbxnr,52,0,1,0,0,15,4.61891120966931
2023,REG,9,2023110503,59299,11/05/2023,1050,CLE,3800,ARI,home,1,4.577731882513236,GAR528896,00-0033868,1050,Myles Garrett,M.Garrett,DE,https://static.www.nfl.com/image/private/{formatInstructions}/league/y33rmtjxhgil7cjcftlc,95,1,0,1,0,17,3.600614523994942
2023,REG,9,2023110503,59299,11/05/2023,1050,CLE,3800,ARI,home,2,4.577731882513236,TOM676763,00-0033546,1050,Dalvin Tomlinson,D.Tomlinson,DT,https://static.www.nfl.com/image/private/{formatInstructions}/league/bopmatmiwmclctokq7b6,94,2,2,2,0,16,3.222992706138907
2023,REG,9,2023110503,59299,11/05/2023,1050,CLE,3800,ARI,home,3,4.577731882513236,OKO385924,00-0034807,1050,Ogbonnia Okoronkwo,O.Okoronkwo,DE,https://static.www.nfl.com/image/private/{formatInstructions}/league/wmrog0aalbtkxnvsywej,54,1,1,0,0,16,4.951336737989012
2023,REG,9,2023110503,59299,11/05/2023,1050,CLE,3800,ARI,home,4,4.577731882513236,SMI827086,00-0031576,1050,Za'Darius Smith,Z.Smith,DE,https://static.www.nfl.com/image/private/{formatInstructions}/league/xysjqfrdv1bvqocjyhsu,99,3,0,1,0,11,3.0346743450728897
2023,REG,9,2023110503,59299,11/05/2023,1050,CLE,3800,ARI,visitor,1,4.577731882513236,COL712276,00-0036933,3800,Zaven Collins,Z.Collins,OLB,https://static.www.nfl.com/image/private/{formatInstructions}/league/vrcmqlsrh8zwppjce3z6,25,2,2,0,0,16,4.430513698656269
2023,REG,9,2023110503,59299,11/05/2023,1050,CLE,3800,ARI,visitor,2,4.577731882513236,GAR121450,00-0034473,3800,Dennis Gardeck,D.Gardeck,OLB,https://static.www.nfl.com/image/private/{formatInstructions}/league/apa15w67lwuxt4ucnqhc,45,1,0,0,0,14,4.005688319359087
2023,REG,9,2023110503,59299,11/05/2023,1050,CLE,3800,ARI,visitor,3,4.577731882513236,THO063745,00-0037815,3800,Cameron Thomas,C.Thomas,OLB,https://static.www.nfl.com/image/private/{formatInstructions}/league/o2sjlgsv60hod3zljns1,97,3,1,0,0,14,4.688657172255537
2023,REG,9,2023110503,59299,11/05/2023,1050,CLE,3800,ARI,visitor,4,4.577731882513236,LED300302,00-0035343,3800,Jonathan Ledbetter,J.Ledbetter,DE,https://static.www.nfl.com/image/private/{formatInstructions}/league/vipmbrcixn2huexfkobd,93,1,4,0,0,12,4.818022171754612
2023,REG,9,2023110504,59300,11/05/2023,1800,GB,2510,LA,home,1,4.577731882513236,GAR766759,00-0034967,1800,Rashan Gary,R.Gary,OLB,https://static.www.nfl.com/image/private/{formatInstructions}/league/t4clz4xe8sfxszmvohfo,52,1,2,0,0,18,3.475791363502254
2023,REG,9,2023110504,59300,11/05/2023,1800,GB,2510,LA,home,2,4.577731882513236,WYA279831,00-0037075,1800,Devonte Wyatt,D.Wyatt,DE,https://static.www.nfl.com/image/private/{formatInstructions}/league/jqnqdhhwbfkp8idpe4c5,95,0,2,0,0,18,4.548601154705367
2023,REG,9,2023110504,59300,11/05/2023,1800,GB,2510,LA,home,3,4.577731882513236,BRO132842,00-0038398,1800,Karl Brooks,K.Brooks,NT,https://static.www.nfl.com/image/private/{formatInstructions}/league/guin0qvgptaeequepnvk,94,1,0,0,0,16,4.347188119025587
2023,REG,9,2023110504,59300,11/05/2023,1800,GB,2510,LA,home,4,4.577731882513236,SMI576520,00-0031935,1800,Preston Smith,P.Smith,OLB,https://static.www.nfl.com/image/private/{formatInstructions}/league/pohwua1xxcajtggbemhr,91,1,0,0,0,15,4.197307655419265
2023,REG,9,2023110504,59300,11/05/2023,1800,GB,2510,LA,visitor,1,4.577731882513236,TUR561805,00-0039138,2510,Kobie Turner,K.Turner,NT,https://static.www.nfl.com/image/private/{formatInstructions}/league/ouhisfkb6jyedo6jj0m4,91,7,3,1,0,23,4.3177865389198615
2023,REG,9,2023110504,59300,11/05/2023,1800,GB,2510,LA,visitor,2,4.577731882513236,DON134977,00-0031388,2510,Aaron Donald,A.Donald,DT,https://static.www.nfl.com/image/private/{formatInstructions}/league/gou42dathlyc1rfn4pga,99,2,2,1,0,19,4.182692519046502
2023,REG,9,2023110504,59300,11/05/2023,1800,GB,2510,LA,visitor,3,4.577731882513236,YOU127040,00-0039137,2510,Byron Young,B.Young,OLB,https://static.www.nfl.com/image/private/{formatInstructions}/league/bdfvfh0776dv0sn447pq,0,8,2,2,1,16,4.599385056104594
2023,REG,9,2023110504,59300,11/05/2023,1800,GB,2510,LA,visitor,4,4.577731882513236,HOE044723,00-0035933,2510,Michael Hoecht,M.Hoecht,OLB,https://static.www.nfl.com/image/private/{formatInstructions}/league/ufxnrf3mqht5ijy0ln2i,97,3,3,0,0,12,3.241843235879303
2023,REG,9,2023110505,59301,11/05/2023,2120,HOU,4900,TB,home,1,4.577731882513236,GRE397948,00-0036224,2120,Jonathan Greenard,J.Greenard,DE,https://static.www.nfl.com/image/private/{formatInstructions}/league/mgn1hyalnf83cwhn7iwo,52,2,0,0,0,22,4.157834457807312
2023,REG,9,2023110505,59301,11/05/2023,2120,HOU,4900,TB,home,2,4.577731882513236,COL633184,00-0033131,2120,Maliek Collins,M.Collins,DT,https://static.www.nfl.com/image/private/{formatInstructions}/league/y9hbtlxivjzgaassmpwt,96,1,0,0,0,20,4.250526352599175
2023,REG,9,2023110505,59301,11/05/2023,2120,HOU,4900,TB,home,3,4.577731882513236,DAV513989,00-0036430,2120,Khalil Davis,K.Davis,DT,https://static.www.nfl.com/image/private/{formatInstructions}/league/yikg5vl10u5s6skhxuea,94,2,2,1,0,18,4.001687874849297
2023,REG,9,2023110505,59301,11/05/2023,2120,HOU,4900,TB,home,4,4.577731882513236,AND627364,00-0039108,2120,Will Anderson,W.Anderson,DE,https://static.www.nfl.com/image/private/{formatInstructions}/league/ip0s1uogbdsiwpmx9fd8,51,2,1,1,0,18,3.681236634191686
2023,REG,9,2023110505,59301,11/05/2023,2120,HOU,4900,TB,visitor,1,4.577731882513236,KAN046143,00-0039063,4900,Calijah Kancey,C.Kancey,DE,https://static.www.nfl.com/image/private/{formatInstructions}/league/tmd2noaeemowsnshtzsn,94,4,0,1,0,30,4.449859041438149
2023,REG,9,2023110505,59301,11/05/2023,2120,HOU,4900,TB,visitor,2,4.577731882513236,VEA065410,00-0034773,4900,Vita Vea,V.Vea,NT,https://static.www.nfl.com/image/private/{formatInstructions}/league/e3pgjmrbpteyzrcpkxap,50,4,0,0,0,25,4.16902979869519
2023,REG,9,2023110505,59301,11/05/2023,2120,HOU,4900,TB,visitor,3,4.577731882513236,BAR645290,00-0031101,4900,Shaquil Barrett,S.Barrett,OLB,https://static.www.nfl.com/image/private/{formatInstructions}/league/eiilfj6qiri4n9xrclwe,7,3,0,1,1,22,3.519900034286485
2023,REG,9,2023110505,59301,11/05/2023,2120,HOU,4900,TB,visitor,4,4.577731882513236,TRY409291,00-0036967,4900,Joe Tryon,J.Tryon,OLB,https://static.www.nfl.com/image/private/{formatInstructions}/league/jayvmjizkv6spj8y93f7,9,0,1,0,0,16,4.029194739102219
2023,REG,9,2023110506,59302,11/05/2023,3200,NE,5110,WAS,home,1,4.577731882513236,BAR221986,00-0036981,3200,Christian Barmore,C.Barmore,DT,https://static.www.nfl.com/image/private/{formatInstructions}/league/h4rtemvkpsx1uyjvnm63,90,0,1,0,0,29,4.05772221640302
2023,REG,9,2023110506,59302,11/05/2023,3200,NE,5110,WAS,home,2,4.577731882513236,WIS078731,00-0033947,3200,Deatrich Wise,D.Wise,DE,https://static.www.nfl.com/image/private/{formatInstructions}/league/bxwmlzyorjsos6w7g2x6,91,3,5,1,0,26,4.1098917022979435
2023,REG,9,2023110506,59302,11/05/2023,3200,NE,5110,WAS,home,3,4.577731882513236,GOD093943,00-0033860,3200,Davon Godchaux,D.Godchaux,NT,https://static.www.nfl.com/image/private/{formatInstructions}/league/vdvrll3sffp00ijreboc,92,3,5,0,0,20,4.2375524822528075
2023,REG,9,2023110506,59302,11/05/2023,3200,NE,5110,WAS,home,4,4.577731882513236,JEN457643,00-0036193,3200,Anfernee Jennings,A.Jennings,OLB,https://static.www.nfl.com/image/private/{formatInstructions}/league/rhpdybqsxdk8fo1wczc3,33,2,2,0,0,18,5.16380884076183
2023,REG,9,2023110506,59302,11/05/2023,3200,NE,5110,WAS,visitor,1,4.577731882513236,PAY281222,00-0034333,5110,Daron Payne,D.Payne,DT,https://static.www.nfl.com/image/private/{formatInstructions}/league/vxrbsde7ynj9mahsxfcs,94,0,2,0,0,36,4.89172538722463
2023,REG,9,2023110506,59302,11/05/2023,3200,NE,5110,WAS,visitor,2,4.577731882513236,ALL512725,00-0033523,5110,Jonathan Allen,J.Allen,DT,https://static.www.nfl.com/image/private/{formatInstructions}/league/uyc2yzn3jzzmx8zkswex,93,1,0,0,0,34,4.256826224832004
2023,REG,9,2023110506,59302,11/05/2023,3200,NE,5110,WAS,visitor,3,4.577731882513236,TOO260938,00-0036403,5110,Casey Toohill,C.Toohill,DE,https://static.www.nfl.com/image/private/{formatInstructions}/league/ua0oplgml0z0m1ru91om,95,0,1,0,0,31,3.8277495506274173
2023,REG,9,2023110506,59302,11/05/2023,3200,NE,5110,WAS,visitor,4,4.577731882513236,SMI841542,00-0036351,5110,James Smith-Williams,J.Smith-Williams,DE,https://static.www.nfl.com/image/private/{formatInstructions}/league/cxuqt6yyheqe5lhsfoue,96,1,1,0,0,30,4.31681212430381
2023,REG,9,2023110507,59303,11/05/2023,3300,NO,0810,CHI,home,1,4.577731882513236,GRA291153,00-0035402,3300,Carl Granderson,C.Granderson,DE,https://static.www.nfl.com/image/private/{formatInstructions}/league/n1thp9nf1gnbj3epsec5,96,5,1,0,0,24,3.959538110072133
2023,REG,9,2023110507,59303,11/05/2023,3300,NO,0810,CHI,home,2,4.577731882513236,JOR051224,00-0027962,3300,Cameron Jordan,C.Jordan,DE,https://static.www.nfl.com/image/private/{formatInstructions}/league/jbcyxaoosrmj0pn5ynjb,94,3,4,1,0,22,6.302241097934069
2023,REG,9,2023110507,59303,11/05/2023,3300,NO,0810,CHI,home,3,4.577731882513236,SHE517895,00-0034760,3300,Nathan Shepherd,N.Shepherd,DT,https://static.www.nfl.com/image/private/{formatInstructions}/league/etxkcvubkmc4x2qncx5d,93,3,2,0,0,14,5.538788025086674
2023,REG,9,2023110507,59303,11/05/2023,3300,NO,0810,CHI,home,4,4.577731882513236,BRE510679,00-0038995,3300,Bryan Bresee,B.Bresee,DT,https://static.www.nfl.com/image/private/{formatInstructions}/league/ndia5grzqsvtxhql50ss,90,1,2,0,0,13,5.5557105736076755
2023,REG,9,2023110507,59303,11/05/2023,3300,NO,0810,CHI,visitor,1,4.577731882513236,NGA355963,00-0033123,0810,Yannick Ngakoue,Y.Ngakoue,DE,https://static.www.nfl.com/image/private/{formatInstructions}/league/gm3h8c0ov8hffmaw7efj,91,0,1,0,0,24,4.14069694902522
2023,REG,9,2023110507,59303,11/05/2023,3300,NO,0810,CHI,visitor,2,4.577731882513236,JON518335,00-0034677,0810,Justin Jones,Ju.Jones,DT,https://static.www.nfl.com/image/private/{formatInstructions}/league/zsfbwgrrxrqbahv318xu,93,0,2,0,0,24,4.576088587659297
2023,REG,9,2023110507,59303,11/05/2023,3300,NO,0810,CHI,visitor,3,4.577731882513236,SWE034375,00-0035647,0810,Montez Sweat,M.Sweat,DE,https://static.www.nfl.com/image/upload/{formatInstructions}/league/vvbqme5ucgzcddjwc5xm,98,2,0,0,0,24,3.814081460025441
2023,REG,9,2023110507,59303,11/05/2023,3300,NO,0810,CHI,visitor,4,4.577731882513236,WAL115858,00-0033782,0810,DeMarcus Walker,D.Walker,DE,https://static.www.nfl.com/image/private/{formatInstructions}/league/rfvqk3uflt2uwxrfwio7,95,0,0,0,0,23,4.477971861131597
2023,REG,9,2023110508,59304,11/05/2023,0750,CAR,2200,IND,home,1,4.577731882513236,BRO393541,00-0036220,0750,Derrick Brown,Der.Brown,DE,https://static.www.nfl.com/image/private/{formatInstructions}/league/snjd4zlvrynmvcnlohej,95,2,2,0,0,19,4.206958838338782
2023,REG,9,2023110508,59304,11/05/2023,0750,CAR,2200,IND,home,2,4.577731882513236,BUR435186,00-0035713,0750,Brian Burns,B.Burns,OLB,https://static.www.nfl.com/image/private/{formatInstructions}/league/pigkreclt8lczii5r2on,0,2,2,0,0,14,4.4127913996398425
2023,REG,9,2023110508,59304,11/05/2023,0750,CAR,2200,IND,home,3,4.577731882513236,WIL234247,00-0031795,0750,DeShawn Williams,D.Williams,DE,https://static.www.nfl.com/image/private/{formatInstructions}/league/bapcfixbhpeqj6t3z1e9,96,1,1,1,0,13,4.541955064600286
2023,REG,9,2023110508,59304,11/05/2023,0750,CAR,2200,IND,home,4,4.577731882513236,JOH204752,00-0038535,0750,D.J. Johnson,D.Johnson,OLB,https://static.www.nfl.com/image/private/{formatInstructions}/league/kktlthu4ce3wb0qiundj,52,0,3,0,0,12,5.252779345303286
2023,REG,9,2023110508,59304,11/05/2023,0750,CAR,2200,IND,visitor,1,4.577731882513236,BUC768760,00-0032378,2200,DeForest Buckner,D.Buckner,DT,https://static.www.nfl.com/image/private/{formatInstructions}/league/ls2tzitcuhmhwug8ohwj,99,4,0,1,0,26,3.792665015786855
2023,REG,9,2023110508,59304,11/05/2023,0750,CAR,2200,IND,visitor,2,4.577731882513236,PAY168986,00-0036479,2200,Kwity Paye,K.Paye,DE,https://static.www.nfl.com/image/private/{formatInstructions}/league/qo9cpabig7tusr8r49ud,51,0,3,0,0,25,3.199257672961699
2023,REG,9,2023110508,59304,11/05/2023,0750,CAR,2200,IND,visitor,3,4.577731882513236,EBU355964,00-0033945,2200,Samson Ebukam,S.Ebukam,DE,https://static.www.nfl.com/image/private/{formatInstructions}/league/feoglrxvambjd4u4tdq6,52,1,1,0,0,21,3.5035988178057313
2023,REG,9,2023110508,59304,11/05/2023,0750,CAR,2200,IND,visitor,4,4.577731882513236,ODE707589,00-0036480,2200,Dayo Odeyingbo,D.Odeyingbo,DE,https://static.www.nfl.com/image/private/{formatInstructions}/league/cui1htwwnpbwayzucahk,54,1,0,1,0,19,3.8793569336071294
2023,REG,9,2023110509,59305,11/05/2023,2520,LV,3410,NYG,home,1,4.577731882513236,CRO371007,00-0034973,2520,Maxx Crosby,M.Crosby,DE,https://static.www.nfl.com/image/private/{formatInstructions}/league/ryx2ur9vl647z34ltt2q,98,6,2,3,0,31,4.5103849338842394
2023,REG,9,2023110509,59305,11/05/2023,2520,LV,3410,NYG,home,2,4.577731882513236,BUT106408,00-0033381,2520,Adam Butler,A.Butler,DT,https://static.www.nfl.com/image/private/{formatInstructions}/league/ijlj4afpy1na9i9hxfvc,69,1,1,1,0,17,5.823942782306099
2023,REG,9,2023110509,59305,11/05/2023,2520,LV,3410,NYG,home,3,4.577731882513236,NIC157723,00-0034387,2520,Bilal Nichols,B.Nichols,DT,https://static.www.nfl.com/image/private/{formatInstructions}/league/hmct6mcyuclokjajt1i7,91,1,0,1,0,16,4.597305808859916
2023,REG,9,2023110509,59305,11/05/2023,2520,LV,3410,NYG,home,4,4.577731882513236,TIL189606,00-0035674,2520,Jerry Tillery,J.Tillery,DT,https://static.www.nfl.com/image/private/{formatInstructions}/league/wacmikdak7zlgknkqzgc,90,0,1,0,0,16,5.918669416518029
2023,REG,9,2023110509,59305,11/05/2023,2520,LV,3410,NYG,visitor,1,4.577731882513236,THI172866,00-0037611,3410,Kayvon Thibodeaux,K.Thibodeaux,OLB,https://static.www.nfl.com/image/private/{formatInstructions}/league/ssdyrj5nmrcos9zv1e4d,5,1,0,0,0,23,4.900952948684048
2023,REG,9,2023110509,59305,11/05/2023,2520,LV,3410,NYG,visitor,2,4.577731882513236,LAW288048,00-0035683,3410,Dexter Lawrence,D.Lawrence,NT,https://static.www.nfl.com/image/private/{formatInstructions}/league/mq1gfsw7gfz3jithkivb,97,2,1,0,0,19,4.756512238673877
2023,REG,9,2023110509,59305,11/05/2023,2520,LV,3410,NYG,visitor,3,4.577731882513236,WAR208421,00-0033046,3410,Jihad Ward,J.Ward,DE,https://static.www.nfl.com/image/private/{formatInstructions}/league/woivzfnzublubulaiox1,55,2,1,0,0,16,4.5695352928098565
2023,REG,9,2023110509,59305,11/05/2023,2520,LV,3410,NYG,visitor,4,4.577731882513236,ROB367960,00-0032889,3410,A'Shawn Robinson,As.Robinson,DT,https://static.www.nfl.com/image/private/{formatInstructions}/league/qgiwxchd1lmgszfunys8,91,1,5,0,0,11,4.57080130589713
2023,REG,9,2023110510,59306,11/05/2023,3700,PHI,1200,DAL,home,1,4.577731882513236,SWE031587,00-0034381,3700,Josh Sweat,J.Sweat,DE,https://static.www.nfl.com/image/private/{formatInstructions}/league/r8tbgqchezlbyykxvloz,94,2,2,1,0,32,4.377807088736543
2023,REG,9,2023110510,59306,11/05/2023,3700,PHI,1200,DAL,home,2,4.577731882513236,RED324095,00-0033875,3700,Haason Reddick,H.Reddick,OLB,https://static.www.nfl.com/image/private/{formatInstructions}/league/qqfxdnlmmyzbh27lmxgi,7,2,0,1,0,31,4.485568984305816
2023,REG,9,2023110510,59306,11/05/2023,3700,PHI,1200,DAL,home,3,4.577731882513236,CAR656628,00-0038386,3700,Jalen Carter,J.Carter,DT,https://static.www.nfl.com/image/private/{formatInstructions}/league/l1xdbx3qtrtbv6scixbn,98,1,1,0,0,30,5.091740662925603
2023,REG,9,2023110510,59306,11/05/2023,3700,PHI,1200,DAL,home,4,4.577731882513236,COX200177,00-0029653,3700,Fletcher Cox,F.Cox,DT,https://static.www.nfl.com/image/private/{formatInstructions}/league/guiegvu50wdv6lzspebo,91,0,2,0,0,26,3.9218835380749075
2023,REG,9,2023110510,59306,11/05/2023,3700,PHI,1200,DAL,visitor,1,4.577731882513236,PAR753418,00-0036932,1200,Micah Parsons,M.Parsons,OLB,https://static.www.nfl.com/image/private/{formatInstructions}/league/vnasvto6q1izyolgu7db,11,5,4,1,0,14,3.3452098296653037
2023,REG,9,2023110510,59306,11/05/2023,3700,PHI,1200,DAL,visitor,2,4.577731882513236,LAW282118,00-0031411,1200,Demarcus Lawrence,D.Lawrence,DE,https://static.www.nfl.com/image/private/{formatInstructions}/league/zqkya3dftem6ykdpsjem,90,1,1,0,0,12,3.9125514897196694
2023,REG,9,2023110510,59306,11/05/2023,3700,PHI,1200,DAL,visitor,3,4.577731882513236,HAN169902,00-0030063,1200,Johnathan Hankins,J.Hankins,DT,https://static.www.nfl.com/image/private/{formatInstructions}/league/oo876ldvyo6xyaxy9wn7,95,1,1,0,0,11,4.280918580202905
2023,REG,9,2023110510,59306,11/05/2023,3700,PHI,1200,DAL,visitor,4,4.577731882513236,ARM218905,00-0034373,1200,Dorance Armstrong,D.Armstrong,DE,https://static.www.nfl.com/image/private/{formatInstructions}/league/tcudmhrcnl85ii2t3wvy,92,1,1,0,0,11,3.960176398477564
2023,REG,9,2023110511,59307,11/05/2023,0920,CIN,0610,BUF,home,1,4.577731882513236,HEN324452,00-0033935,0920,Trey Hendrickson,T.Hendrickson,DE,https://static.www.nfl.com/image/private/{formatInstructions}/league/ypeza1qplqqjbvowe2im,91,1,0,0,0,25,4.338300227047761
2023,REG,9,2023110511,59307,11/05/2023,0920,CIN,0610,BUF,home,2,4.577731882513236,HIL096836,00-0034800,0920,B.J. Hill,B.Hill,DT,https://static.www.nfl.com/image/private/{formatInstructions}/league/kzclgv44hziqf33iwtyx,92,1,1,1,0,19,4.22174506531445
2023,REG,9,2023110511,59307,11/05/2023,0920,CIN,0610,BUF,home,3,4.577731882513236,HUB387605,00-0034834,0920,Sam Hubbard,S.Hubbard,DE,https://static.www.nfl.com/image/private/{formatInstructions}/league/fedpaaymkmox3miypjkl,94,0,0,0,0,19,4.611287593284102
2023,REG,9,2023110511,59307,11/05/2023,0920,CIN,0610,BUF,home,4,4.577731882513236,REA148116,00-0032424,0920,D.J. Reader,D.Reader,NT,https://static.www.nfl.com/image/private/{formatInstructions}/league/v17stoz8ugqx9vebprz0,98,2,1,0,0,18,4.394269229896222
2023,REG,9,2023110511,59307,11/05/2023,0920,CIN,0610,BUF,visitor,1,4.577731882513236,OLI290385,00-0035230,0610,Ed Oliver,E.Oliver,DT,https://static.www.nfl.com/image/private/{formatInstructions}/league/e2nyrgwol6dnvxotljae,91,1,1,0,0,22,3.7853114606860445
2023,REG,9,2023110511,59307,11/05/2023,0920,CIN,0610,BUF,visitor,2,4.577731882513236,EPE415291,00-0036192,0610,A.J. Epenesa,A.Epenesa,DE,https://static.www.nfl.com/image/private/{formatInstructions}/league/nimlvhdjfwqumq8ecrlw,57,0,1,0,0,20,3.709538106273989
2023,REG,9,2023110511,59307,11/05/2023,0920,CIN,0610,BUF,visitor,3,4.577731882513236,PHI386190,00-0031557,0610,Jordan Phillips,J.Phillips,DT,https://static.www.nfl.com/image/private/{formatInstructions}/league/wszqz3dvuccaaorqrw4b,97,0,3,0,0,17,3.845967228535789
2023,REG,9,2023110511,59307,11/05/2023,0920,CIN,0610,BUF,visitor,4,4.577731882513236,FLO758060,00-0033072,0610,Leonard Floyd,L.Floyd,DE,https://static.www.nfl.com/image/private/{formatInstructions}/league/mmexfoamcspblwripdan,56,0,1,0,0,16,4.25314126508759
2023,REG,9,2023110600,59308,11/06/2023,3430,NYJ,4400,LAC,home,1,4.577731882513236,JOH789955,00-0037663,3430,Jermaine Johnson,J.Johnson,OLB,https://static.www.nfl.com/image/private/{formatInstructions}/league/tksswzrbrb6ndpbczqon,11,1,1,0,0,22,3.924131490254946
2023,REG,9,2023110600,59308,11/06/2023,3430,NYJ,4400,LAC,home,2,4.577731882513236,WIL132672,00-0035718,3430,Quinnen Williams,Q.Williams,NT,https://static.www.nfl.com/image/private/{formatInstructions}/league/ftjeq2xr9mvck8mfkute,95,1,1,0,0,20,4.143852264060882
2023,REG,9,2023110600,59308,11/06/2023,3430,NYJ,4400,LAC,home,3,4.577731882513236,FRA563573,00-0034805,3430,John Franklin-Myers,J.Franklin-Myers,DE,https://static.www.nfl.com/image/private/{formatInstructions}/league/q4aysumc2wxfocjtpdkl,91,1,1,1,0,18,3.650103145902856
2023,REG,9,2023110600,59308,11/06/2023,3430,NYJ,4400,LAC,home,4,4.577731882513236,HUF090844,00-0036151,3430,Bryce Huff,B.Huff,DE,https://static.www.nfl.com/image/private/{formatInstructions}/league/we20nyvj1dcdepuob9xh,47,1,2,1,0,18,3.939510441820927
2023,REG,9,2023110600,59308,11/06/2023,3430,NYJ,4400,LAC,visitor,1,4.577731882513236,MAC325122,00-0031040,4400,Khalil Mack,K.Mack,DE,https://static.www.nfl.com/image/private/{formatInstructions}/league/hkxmcpv1vobtydr4yt7n,52,3,2,2,1,33,3.856501450139506
2023,REG,9,2023110600,59308,11/06/2023,3430,NYJ,4400,LAC,visitor,2,4.577731882513236,BOS037607,00-0033156,4400,Joey Bosa,J.Bosa,DE,https://static.www.nfl.com/image/private/{formatInstructions}/league/blspods4zgvknmjvesvk,97,3,3,2,1,30,3.9006919429602345
2023,REG,9,2023110600,59308,11/06/2023,3430,NYJ,4400,LAC,visitor,3,4.577731882513236,TUI720077,00-0039111,4400,Tuli Tuipulotu,T.Tuipulotu,DE,https://static.www.nfl.com/image/private/{formatInstructions}/league/wdiuxzxcsalogxhdxdec,45,3,2,2,0,29,4.068663081312153
2023,REG,9,2023110600,59308,11/06/2023,3430,NYJ,4400,LAC,visitor,4,4.577731882513236,JOS280126,00-0034810,4400,Sebastian Joseph,S.Joseph,DT,https://static.www.nfl.com/image/private/{formatInstructions}/league/smlfibms0dabjqpf29wg,51,0,1,0,0,27,4.053155303126824
2023,REG,10,2023110900,59309,11/09/2023,0810,CHI,0750,CAR,home,1,4.577731882513236,NGA355963,00-0033123,0810,Yannick Ngakoue,Y.Ngakoue,DE,https://static.www.nfl.com/image/private/{formatInstructions}/league/gm3h8c0ov8hffmaw7efj,91,2,0,1,0,25,3.839565447720339
2023,REG,10,2023110900,59309,11/09/2023,0810,CHI,0750,CAR,home,2,4.577731882513236,JON518335,00-0034677,0810,Justin Jones,Ju.Jones,DT,https://static.www.nfl.com/image/private/{formatInstructions}/league/zsfbwgrrxrqbahv318xu,93,3,0,1,0,24,3.777893883164863
2023,REG,10,2023110900,59309,11/09/2023,0810,CHI,0750,CAR,home,3,4.577731882513236,SWE034375,00-0035647,0810,Montez Sweat,M.Sweat,DE,https://static.www.nfl.com/image/upload/{formatInstructions}/league/vvbqme5ucgzcddjwc5xm,98,0,0,0,0,23,3.388069241555576
2023,REG,10,2023110900,59309,11/09/2023,0810,CHI,0750,CAR,home,4,4.577731882513236,WAL115858,00-0033782,0810,DeMarcus Walker,D.Walker,DE,https://static.www.nfl.com/image/private/{formatInstructions}/league/rfvqk3uflt2uwxrfwio7,95,0,2,0,0,16,4.2937508427190885
2023,REG,10,2023110900,59309,11/09/2023,0810,CHI,0750,CAR,visitor,1,4.577731882513236,BRO393541,00-0036220,0750,Derrick Brown,Der.Brown,DE,https://static.www.nfl.com/image/private/{formatInstructions}/league/snjd4zlvrynmvcnlohej,95,9,1,0,0,26,4.735210335165869
2023,REG,10,2023110900,59309,11/09/2023,0810,CHI,0750,CAR,visitor,2,4.577731882513236,BAR528318,00-0037043,0750,Amare Barno,A.Barno,OLB,https://static.www.nfl.com/image/private/{formatInstructions}/league/twvubtadxpethqpiowxq,90,5,0,0,0,22,5.7293366491897695
2023,REG,10,2023110900,59309,11/09/2023,0810,CHI,0750,CAR,visitor,3,4.577731882513236,WIL234247,00-0031795,0750,DeShawn Williams,D.Williams,DE,https://static.www.nfl.com/image/private/{formatInstructions}/league/bapcfixbhpeqj6t3z1e9,96,0,1,0,0,14,4.303859703066688
2023,REG,10,2023110900,59309,11/09/2023,0810,CHI,0750,CAR,visitor,4,4.577731882513236,HAY661575,00-0034382,0750,Marquis Haynes,M.Haynes,OLB,https://static.www.nfl.com/image/private/{formatInstructions}/league/wnbz9bjtz8wooiq2podb,98,1,0,0,0,10,3.966723018304202
2023,REG,10,2023111200,59310,11/12/2023,3200,NE,2200,IND,home,1,4.577731882513236,WIS078731,00-0033947,3200,Deatrich Wise,D.Wise,DE,https://static.www.nfl.com/image/private/{formatInstructions}/league/bxwmlzyorjsos6w7g2x6,91,1,2,0,0,15,4.850327276031395
2023,REG,10,2023111200,59310,11/12/2023,3200,NE,2200,IND,home,2,4.577731882513236,BAR221986,00-0036981,3200,Christian Barmore,C.Barmore,DT,https://static.www.nfl.com/image/private/{formatInstructions}/league/h4rtemvkpsx1uyjvnm63,90,2,2,0,0,14,4.719068828453049
2023,REG,10,2023111200,59310,11/12/2023,3200,NE,2200,IND,home,3,4.577731882513236,GOD093943,00-0033860,3200,Davon Godchaux,D.Godchaux,NT,https://static.www.nfl.com/image/private/{formatInstructions}/league/vdvrll3sffp00ijreboc,92,4,4,0,0,7,4.9016754112705305
2023,REG,10,2023111200,59310,11/12/2023,3200,NE,2200,IND,home,4,4.577731882513236,UCH415291,00-0036159,3200,Josh Uche,J.Uche,OLB,https://static.www.nfl.com/image/private/{formatInstructions}/league/mrtmlipyemciqc1ofxxq,55,0,0,0,0,7,4.599956200060374
2023,REG,10,2023111200,59310,11/12/2023,3200,NE,2200,IND,visitor,1,4.577731882513236,ODE707589,00-0036480,2200,Dayo Odeyingbo,D.Odeyingbo,DE,https://static.www.nfl.com/image/private/{formatInstructions}/league/cui1htwwnpbwayzucahk,54,4,0,3,0,20,3.748711807447093
2023,REG,10,2023111200,59310,11/12/2023,3200,NE,2200,IND,visitor,2,4.577731882513236,BUC768760,00-0032378,2200,DeForest Buckner,D.Buckner,DT,https://static.www.nfl.com/image/private/{formatInstructions}/league/ls2tzitcuhmhwug8ohwj,99,4,4,0,0,19,3.70513737233598
2023,REG,10,2023111200,59310,11/12/2023,3200,NE,2200,IND,visitor,3,4.577731882513236,EBU355964,00-0033945,2200,Samson Ebukam,S.Ebukam,DE,https://static.www.nfl.com/image/private/{formatInstructions}/league/feoglrxvambjd4u4tdq6,52,2,1,0,0,16,3.546314630893511
2023,REG,10,2023111200,59310,11/12/2023,3200,NE,2200,IND,visitor,4,4.577731882513236,PAY168986,00-0036479,2200,Kwity Paye,K.Paye,DE,https://static.www.nfl.com/image/private/{formatInstructions}/league/qo9cpabig7tusr8r49ud,51,2,1,1,0,16,4.329049767223849
2023,REG,10,2023111201,59311,11/12/2023,0325,BAL,1050,CLE,home,1,4.577731882513236,MAD784440,00-0036130,0325,Justin Madubuike,J.Madubuike,DT,https://static.www.nfl.com/image/private/{formatInstructions}/league/tvitcjl2ahtfjqogd2rx,92,1,2,1,0,26,3.77900271481864
2023,REG,10,2023111201,59311,11/12/2023,0325,BAL,1050,CLE,home,2,4.577731882513236,CLO535848,00-0031364,0325,Jadeveon Clowney,J.Clowney,OLB,https://static.www.nfl.com/image/private/{formatInstructions}/league/rmuagbaye1s4hfevcqov,24,2,4,2,0,18,3.9335486298826416
2023,REG,10,2023111201,59311,11/12/2023,0325,BAL,1050,CLE,home,3,4.577731882513236,VAN656604,00-0031360,0325,Kyle Van Noy,K.Van Noy,OLB,https://static.www.nfl.com/image/private/{formatInstructions}/league/znklqcbz96hplzfzqunt,50,0,3,0,0,18,4.197542633683606
2023,REG,10,2023111201,59311,11/12/2023,0325,BAL,1050,CLE,home,4,4.577731882513236,PIE424893,00-0032574,0325,Michael Pierce,M.Pierce,NT,https://static.www.nfl.com/image/private/{formatInstructions}/league/tydggsdjwzhhl36qztc0,58,3,1,0,0,18,4.488638964421892
2023,REG,10,2023111201,59311,11/12/2023,0325,BAL,1050,CLE,visitor,1,4.577731882513236,GAR528896,00-0033868,1050,Myles Garrett,M.Garrett,DE,https://static.www.nfl.com/image/private/{formatInstructions}/league/y33rmtjxhgil7cjcftlc,95,1,2,1,0,22,3.531934641988044
2023,REG,10,2023111201,59311,11/12/2023,0325,BAL,1050,CLE,visitor,2,4.577731882513236,TOM676763,00-0033546,1050,Dalvin Tomlinson,D.Tomlinson,DT,https://static.www.nfl.com/image/private/{formatInstructions}/league/bopmatmiwmclctokq7b6,94,0,1,0,0,15,4.480017280711205
2023,REG,10,2023111201,59311,11/12/2023,0325,BAL,1050,CLE,visitor,3,4.577731882513236,SMI827086,00-0031576,1050,Za'Darius Smith,Z.Smith,DE,https://static.www.nfl.com/image/private/{formatInstructions}/league/xysjqfrdv1bvqocjyhsu,99,2,2,0,0,14,3.7273348682059404
2023,REG,10,2023111201,59311,11/12/2023,0325,BAL,1050,CLE,visitor,4,4.577731882513236,OKO385924,00-0034807,1050,Ogbonnia Okoronkwo,O.Okoronkwo,DE,https://static.www.nfl.com/image/private/{formatInstructions}/league/wmrog0aalbtkxnvsywej,54,1,1,0,0,13,4.43344682343333
2023,REG,10,2023111202,59312,11/12/2023,0920,CIN,2120,HOU,home,1,4.577731882513236,HEN324452,00-0033935,0920,Trey Hendrickson,T.Hendrickson,DE,https://static.www.nfl.com/image/private/{formatInstructions}/league/ypeza1qplqqjbvowe2im,91,2,2,0,0,26,3.7215032272651527
2023,REG,10,2023111202,59312,11/12/2023,0920,CIN,2120,HOU,home,2,4.577731882513236,HIL096836,00-0034800,0920,B.J. Hill,B.Hill,DT,https://static.www.nfl.com/image/private/{formatInstructions}/league/kzclgv44hziqf33iwtyx,92,2,1,0,0,25,4.936821456043462
2023,REG,10,2023111202,59312,11/12/2023,0920,CIN,2120,HOU,home,3,4.577731882513236,REA148116,00-0032424,0920,D.J. Reader,D.Reader,NT,https://static.www.nfl.com/image/private/{formatInstructions}/league/v17stoz8ugqx9vebprz0,98,2,0,0,0,16,3.3723654316105183
2023,REG,10,2023111202,59312,11/12/2023,0920,CIN,2120,HOU,home,4,4.577731882513236,SAM062951,00-0036850,0920,Cam Sample,C.Sample,DE,https://static.www.nfl.com/image/private/{formatInstructions}/league/kvkvhvbvcebjkevxjdhd,96,3,2,0,0,15,4.382106103002717
2023,REG,10,2023111202,59312,11/12/2023,0920,CIN,2120,HOU,visitor,1,4.577731882513236,COL633184,00-0033131,2120,Maliek Collins,M.Collins,DT,https://static.www.nfl.com/image/private/{formatInstructions}/league/y9hbtlxivjzgaassmpwt,96,2,2,0,0,27,4.07936712112802
2023,REG,10,2023111202,59312,11/12/2023,0920,CIN,2120,HOU,visitor,2,4.577731882513236,AND627364,00-0039108,2120,Will Anderson,W.Anderson,DE,https://static.www.nfl.com/image/private/{formatInstructions}/league/ip0s1uogbdsiwpmx9fd8,51,0,1,0,0,26,4.228759240126944
2023,REG,10,2023111202,59312,11/12/2023,0920,CIN,2120,HOU,visitor,3,4.577731882513236,GRE397948,00-0036224,2120,Jonathan Greenard,J.Greenard,DE,https://static.www.nfl.com/image/private/{formatInstructions}/league/mgn1hyalnf83cwhn7iwo,52,3,0,1,0,25,3.333487439433406
2023,REG,10,2023111202,59312,11/12/2023,0920,CIN,2120,HOU,visitor,4,4.577731882513236,RAN676464,00-0032759,2120,Sheldon Rankins,S.Rankins,DT,https://static.www.nfl.com/image/private/{formatInstructions}/league/i3u6yg3pjksljugpb86f,98,5,0,3,1,24,4.171060501250177
2023,REG,10,2023111203,59313,11/12/2023,2250,JAX,4500,SF,home,1,4.577731882513236,ALL528759,00-0035642,2250,Josh Allen,J.Allen,OLB,https://static.www.nfl.com/image/private/{formatInstructions}/league/q807jedjb7igab4graoe,41,2,1,0,0,13,3.4916716025766568
2023,REG,10,2023111203,59313,11/12/2023,2250,JAX,4500,SF,home,2,4.577731882513236,GOT428790,00-0033064,2250,Adam Gotsis,A.Gotsis,DE,https://static.www.nfl.com/image/private/{formatInstructions}/league/bhdskzabt3vxpmsyfzxk,96,1,2,0,0,12,4.606624805076259
2023,REG,10,2023111203,59313,11/12/2023,2250,JAX,4500,SF,home,3,4.577731882513236,WAL335860,00-0037235,2250,Travon Walker,T.Walker,OLB,https://static.www.nfl.com/image/private/{formatInstructions}/league/u578pgqmortimghxzgev,44,0,0,0,0,12,3.5744945338812646
2023,REG,10,2023111203,59313,11/12/2023,2250,JAX,4500,SF,home,4,4.577731882513236,FAT652601,00-0034275,2250,Folorunso Fatukasi,F.Fatukasi,DT,https://static.www.nfl.com/image/private/{formatInstructions}/league/b2vqwq8lg6vqgco0xhq1,94,0,1,0,0,11,5.014594339835288
2023,REG,10,2023111203,59313,11/12/2023,2250,JAX,4500,SF,visitor,1,4.577731882513236,HAR143881,00-0033109,4500,Javon Hargrave,J.Hargrave,DT,https://static.www.nfl.com/image/private/{formatInstructions}/league/z8mrwlgmuug7yjkood5k,98,3,1,1,0,22,4.461505711660703
2023,REG,10,2023111203,59313,11/12/2023,2250,JAX,4500,SF,visitor,2,4.577731882513236,BOS073285,00-0035717,4500,Nick Bosa,N.Bosa,DE,https://static.www.nfl.com/image/private/{formatInstructions}/league/pzdj8ys2wqjc92hafziy,97,2,1,1,1,22,4.055272751297699
2023,REG,10,2023111203,59313,11/12/2023,2250,JAX,4500,SF,visitor,3,4.577731882513236,YOU146550,00-0036321,4500,Chase Young,C.Young,DE,https://static.www.nfl.com/image/upload/{formatInstructions}/league/wphck1ysaeehkmsgxopb,92,0,1,0,0,21,4.023383044002967
2023,REG,10,2023111203,59313,11/12/2023,2250,JAX,4500,SF,visitor,4,4.577731882513236,ARM057964,00-0032164,4500,Arik Armstead,A.Armstead,DT,https://static.www.nfl.com/image/private/{formatInstructions}/league/pfagislv7uhsnwi7pviu,91,2,1,0,0,18,4.447604308359952
2023,REG,10,2023111204,59314,11/12/2023,3000,MIN,3300,NO,home,1,4.577731882513236,HUN529240,00-0031565,3000,Danielle Hunter,D.Hunter,OLB,https://static.www.nfl.com/image/private/{formatInstructions}/league/mcimj8g9r5vhy4rzreih,99,2,0,1,0,38,4.1625626566394756
2023,REG,10,2023111204,59314,11/12/2023,3000,MIN,3300,NO,home,2,4.577731882513236,WON272160,00-0036335,3000,D.J. Wonnum,D.Wonnum,OLB,https://static.www.nfl.com/image/private/{formatInstructions}/league/eyocajqgfrigi444hnkq,98,3,1,1,0,30,4.5767937346873
2023,REG,10,2023111204,59314,11/12/2023,3000,MIN,3300,NO,home,3,4.577731882513236,PHI215142,00-0034782,3000,Harrison Phillips,H.Phillips,DT,https://static.www.nfl.com/image/private/{formatInstructions}/league/qyfhltyov0a0rigpe0mu,97,3,2,0,0,29,4.781229169545651
2023,REG,10,2023111204,59314,11/12/2023,3000,MIN,3300,NO,home,4,4.577731882513236,JON826250,00-0037007,3000,Patrick Jones,P.Jones,OLB,https://static.www.nfl.com/image/private/{formatInstructions}/league/ir3m4wipss4exri1xenv,91,1,1,0,0,27,4.458901894619562
2023,REG,10,2023111204,59314,11/12/2023,3000,MIN,3300,NO,visitor,1,4.577731882513236,GRA291153,00-0035402,3300,Carl Granderson,C.Granderson,DE,https://static.www.nfl.com/image/private/{formatInstructions}/league/n1thp9nf1gnbj3epsec5,96,1,3,0,0,26,4.469665176330829
2023,REG,10,2023111204,59314,11/12/2023,3000,MIN,3300,NO,visitor,2,4.577731882513236,JOR051224,00-0027962,3300,Cameron Jordan,C.Jordan,DE,https://static.www.nfl.com/image/private/{formatInstructions}/league/jbcyxaoosrmj0pn5ynjb,94,2,0,0,0,24,4.876141659778565
2023,REG,10,2023111204,59314,11/12/2023,3000,MIN,3300,NO,visitor,3,4.577731882513236,BRE510679,00-0038995,3300,Bryan Bresee,B.Bresee,DT,https://static.www.nfl.com/image/private/{formatInstructions}/league/ndia5grzqsvtxhql50ss,90,1,0,0,0,16,4.713726342046785
2023,REG,10,2023111204,59314,11/12/2023,3000,MIN,3300,NO,visitor,4,4.577731882513236,SHE517895,00-0034760,3300,Nathan Shepherd,N.Shepherd,DT,https://static.www.nfl.com/image/private/{formatInstructions}/league/etxkcvubkmc4x2qncx5d,93,2,1,0,0,11,4.883738535725698
2023,REG,10,2023111205,59315,11/12/2023,3900,PIT,1800,GB,home,1,4.577731882513236,WAT587616,00-0033886,3900,T.J. Watt,T.Watt,OLB,https://static.www.nfl.com/image/private/{formatInstructions}/league/yuqxfzlqjuz7yho5fdpg,90,7,1,1,0,31,4.945200770643254
2023,REG,10,2023111205,59315,11/12/2023,3900,PIT,1800,GB,home,2,4.577731882513236,HIG595832,00-0036333,3900,Alex Highsmith,A.Highsmith,OLB,https://static.www.nfl.com/image/private/{formatInstructions}/league/xovqquaydxhhxbsiumfu,56,1,2,0,0,28,4.6317008550453975
2023,REG,10,2023111205,59315,11/12/2023,3900,PIT,1800,GB,home,3,4.577731882513236,OGU431455,00-0033905,3900,Larry Ogunjobi,L.Ogunjobi,DT,https://static.www.nfl.com/image/private/{formatInstructions}/league/lwy0ylpaxchvs61rbkjk,99,0,1,0,0,22,5.448011335582231
2023,REG,10,2023111205,59315,11/12/2023,3900,PIT,1800,GB,home,4,4.577731882513236,BEN728037,00-0039110,3900,Keeanu Benton,K.Benton,DT,https://static.www.nfl.com/image/private/{formatInstructions}/league/ksvk1zh5jnuxblurmawl,95,3,3,0,0,21,5.164295076022484
2023,REG,10,2023111205,59315,11/12/2023,3900,PIT,1800,GB,visitor,1,4.577731882513236,SMI576520,00-0031935,1800,Preston Smith,P.Smith,OLB,https://static.www.nfl.com/image/private/{formatInstructions}/league/pohwua1xxcajtggbemhr,91,3,1,1,0,12,5.000025899688392
2023,REG,10,2023111205,59315,11/12/2023,3900,PIT,1800,GB,visitor,2,4.577731882513236,GAR766759,00-0034967,1800,Rashan Gary,R.Gary,OLB,https://static.www.nfl.com/image/private/{formatInstructions}/league/t4clz4xe8sfxszmvohfo,52,1,2,0,0,12,4.921599013707457
2023,REG,10,2023111205,59315,11/12/2023,3900,PIT,1800,GB,visitor,3,4.577731882513236,CLA409251,00-0033120,1800,Kenny Clark,K.Clark,DE,https://static.www.nfl.com/image/private/{formatInstructions}/league/xehidvio5jubhvwgsklr,97,3,0,0,0,11,4.0194131192238025
2023,REG,10,2023111205,59315,11/12/2023,3900,PIT,1800,GB,visitor,4,4.577731882513236,SLA560348,00-0036642,1800,Tedarrell Slaton,T.Slaton,NT,https://static.www.nfl.com/image/private/{formatInstructions}/league/a2xoezbu6p8rg0dfl7fz,93,4,4,0,0,8,5.731653415029626
2023,REG,10,2023111206,59316,11/12/2023,4900,TB,2100,TEN,home,1,4.577731882513236,KAN046143,00-0039063,4900,Calijah Kancey,C.Kancey,DE,https://static.www.nfl.com/image/private/{formatInstructions}/league/tmd2noaeemowsnshtzsn,94,3,0,0,0,25,4.129030924922073
2023,REG,10,2023111206,59316,11/12/2023,4900,TB,2100,TEN,home,2,4.577731882513236,VEA065410,00-0034773,4900,Vita Vea,V.Vea,NT,https://static.www.nfl.com/image/private/{formatInstructions}/league/e3pgjmrbpteyzrcpkxap,50,2,0,1,0,21,4.346179456553484
2023,REG,10,2023111206,59316,11/12/2023,4900,TB,2100,TEN,home,3,4.577731882513236,HAL437521,00-0038127,4900,Logan Hall,L.Hall,DE,https://static.www.nfl.com/image/private/{formatInstructions}/league/xlv9kzmd5tk8cv9rmqlq,90,0,0,0,0,17,4.980950014722913
2023,REG,10,2023111206,59316,11/12/2023,4900,TB,2100,TEN,home,4,4.577731882513236,BAR645290,00-0031101,4900,Shaquil Barrett,S.Barrett,OLB,https://static.www.nfl.com/image/private/{formatInstructions}/league/eiilfj6qiri4n9xrclwe,7,2,1,1,0,16,3.508691385225825
2023,REG,10,2023111206,59316,11/12/2023,4900,TB,2100,TEN,visitor,1,4.577731882513236,SIM204336,00-0035643,2100,Jeffery Simmons,J.Simmons,DT,https://static.www.nfl.com/image/private/{formatInstructions}/league/bmlla8bf1h8hxulhcwhv,98,2,2,0,0,22,3.82029453408534
2023,REG,10,2023111206,59316,11/12/2023,4900,TB,2100,TEN,visitor,2,4.577731882513236,AUT529722,00-0031254,2100,Denico Autry,D.Autry,DE,https://static.www.nfl.com/image/private/{formatInstructions}/league/fm0gjc1jtbgmmsr4gs9l,96,3,0,1,0,20,3.5594204108521694
2023,REG,10,2023111206,59316,11/12/2023,4900,TB,2100,TEN,visitor,3,4.577731882513236,KEY099037,00-0034825,2100,Arden Key,A.Key,OLB,https://static.www.nfl.com/image/private/{formatInstructions}/league/psoje6looquofelpery9,49,0,0,0,0,19,3.7706403439289504
2023,REG,10,2023111206,59316,11/12/2023,4900,TB,2100,TEN,visitor,4,4.577731882513236,LAN159704,00-0034828,2100,Harold Landry,H.Landry,OLB,https://static.www.nfl.com/image/private/{formatInstructions}/league/akafrpdcokvwz2psbbmj,58,4,5,1,0,16,3.9504225020614334
2023,REG,10,2023111207,59317,11/12/2023,3800,ARI,0200,ATL,home,1,4.577731882513236,LED300302,00-0035343,3800,Jonathan Ledbetter,J.Ledbetter,DE,https://static.www.nfl.com/image/private/{formatInstructions}/league/vipmbrcixn2huexfkobd,93,3,1,0,0,11,5.410204483775385
2023,REG,10,2023111207,59317,11/12/2023,3800,ARI,0200,ATL,home,2,4.577731882513236,STI401047,00-0038623,3800,Dante Stills,D.Stills,DE,https://static.www.nfl.com/image/private/{formatInstructions}/league/mjw66yx6mafncshskyob,55,0,3,0,0,10,4.439912830886555
2023,REG,10,2023111207,59317,11/12/2023,3800,ARI,0200,ATL,home,3,4.577731882513236,COL712276,00-0036933,3800,Zaven Collins,Z.Collins,OLB,https://static.www.nfl.com/image/private/{formatInstructions}/league/vrcmqlsrh8zwppjce3z6,25,3,2,0,0,8,4.309097786780145
2023,REG,10,2023111207,59317,11/12/2023,3800,ARI,0200,ATL,home,4,4.577731882513236,LOP508807,00-0036568,3800,Roy Lopez,R.Lopez,DT,https://static.www.nfl.com/image/private/{formatInstructions}/league/c11agnnqxug2m9rbp7f5,98,3,2,0,0,8,5.3609716235037155
2023,REG,10,2023111207,59317,11/12/2023,3800,ARI,0200,ATL,visitor,1,4.577731882513236,DUP507860,00-0032146,0200,Bud Dupree,B.Dupree,OLB,https://static.www.nfl.com/image/private/{formatInstructions}/league/i2b1ykt4jgmdabmwoqoo,48,0,1,0,0,19,5.506854391569349
2023,REG,10,2023111207,59317,11/12/2023,3800,ARI,0200,ATL,visitor,2,4.577731882513236,CAM208843,00-0026190,0200,Calais Campbell,C.Campbell,DE,https://static.www.nfl.com/image/private/{formatInstructions}/league/wbrve7zrrqiuknohpecm,93,0,0,0,0,18,5.483952810888812
2023,REG,10,2023111207,59317,11/12/2023,3800,ARI,0200,ATL,visitor,3,4.577731882513236,STR306064,00-0034320,0200,Kentavius Street,K.Street,DT,https://static.www.nfl.com/image/upload/{formatInstructions}/league/loigf72cxxnkkjzihi9y,75,1,0,0,0,18,4.840079757212274
2023,REG,10,2023111207,59317,11/12/2023,3800,ARI,0200,ATL,visitor,4,4.577731882513236,HUG083882,00-0035455,0200,Albert Huggins,A.Huggins,DT,https://static.www.nfl.com/image/private/{formatInstructions}/league/hbbanpqrzp03f4dagsxq,94,1,0,0,0,16,4.898054910971949
2023,REG,10,2023111208,59318,11/12/2023,4400,LAC,1540,DET,home,1,4.577731882513236,BOS037607,00-0033156,4400,Joey Bosa,J.Bosa,DE,https://static.www.nfl.com/image/private/{formatInstructions}/league/blspods4zgvknmjvesvk,97,1,0,0,0,23,4.786976270879632
2023,REG,10,2023111208,59318,11/12/2023,4400,LAC,1540,DET,home,2,4.577731882513236,MAC325122,00-0031040,4400,Khalil Mack,K.Mack,DE,https://static.www.nfl.com/image/private/{formatInstructions}/league/hkxmcpv1vobtydr4yt7n,52,4,0,0,0,22,4.938402349025819
2023,REG,10,2023111208,59318,11/12/2023,4400,LAC,1540,DET,home,3,4.577731882513236,JOS280126,00-0034810,4400,Sebastian Joseph,S.Joseph,DT,https://static.www.nfl.com/image/private/{formatInstructions}/league/smlfibms0dabjqpf29wg,51,1,2,0,0,20,5.265857352796504
2023,REG,10,2023111208,59318,11/12/2023,4400,LAC,1540,DET,home,4,4.577731882513236,JOH064658,00-0032763,4400,Austin Johnson,A.Johnson,DT,https://static.www.nfl.com/image/private/{formatInstructions}/league/yw0n2arlqinekrb9izou,98,0,2,0,0,19,4.569051485551911
2023,REG,10,2023111208,59318,11/12/2023,4400,LAC,1540,DET,visitor,1,4.577731882513236,HUT099869,00-0037236,1540,Aidan Hutchinson,A.Hutchinson,DE,https://static.www.nfl.com/image/private/{formatInstructions}/league/zywrtjyja5l8efay1six,97,2,1,0,0,25,4.406183057934283
2023,REG,10,2023111208,59318,11/12/2023,4400,LAC,1540,DET,visitor,2,4.577731882513236,MCN611247,00-0036624,1540,Alim McNeill,A.McNeill,DT,https://static.www.nfl.com/image/private/{formatInstructions}/league/hrqtcha6t35jwvoswc1k,54,2,4,0,0,22,4.7297293366334205
2023,REG,10,2023111208,59318,11/12/2023,4400,LAC,1540,DET,visitor,3,4.577731882513236,PAS068486,00-0038096,1540,Josh Paschal,J.Paschal,DE,https://static.www.nfl.com/image/private/{formatInstructions}/league/ivkpwgpcixlvfbpzurab,93,0,0,0,0,21,4.448150263358388
2023,REG,10,2023111208,59318,11/12/2023,4400,LAC,1540,DET,visitor,4,4.577731882513236,JON078068,00-0035841,1540,Benito Jones,B.Jones,DT,https://static.www.nfl.com/image/private/{formatInstructions}/league/g2wfbtdqtccgf99yecj9,94,3,2,0,0,18,4.31292796791036
2023,REG,10,2023111209,59319,11/12/2023,1200,DAL,3410,NYG,home,1,4.577731882513236,ODI118654,00-0036942,1200,Osa Odighizuwa,O.Odighizuwa,DT,https://static.www.nfl.com/image/private/{formatInstructions}/league/l6baz1fnywtp18wcydrd,97,1,0,0,0,11,4.049136014560524
2023,REG,10,2023111209,59319,11/12/2023,1200,DAL,3410,NYG,home,2,4.577731882513236,GOL699429,00-0036982,1200,Chauncey Golston,C.Golston,DT,https://static.www.nfl.com/image/private/{formatInstructions}/league/pujipnonv93bzijwmqmy,99,0,1,0,0,11,3.964736091071907
2023,REG,10,2023111209,59319,11/12/2023,1200,DAL,3410,NYG,home,3,4.577731882513236,ARM218905,00-0034373,1200,Dorance Armstrong,D.Armstrong,DE,https://static.www.nfl.com/image/private/{formatInstructions}/league/tcudmhrcnl85ii2t3wvy,92,2,1,1,0,9,4.634231120513332
2023,REG,10,2023111209,59319,11/12/2023,1200,DAL,3410,NYG,home,4,4.577731882513236,PAR753418,00-0036932,1200,Micah Parsons,M.Parsons,OLB,https://static.www.nfl.com/image/private/{formatInstructions}/league/vnasvto6q1izyolgu7db,11,0,0,0,0,9,4.666960367988943
2023,REG,10,2023111209,59319,11/12/2023,1200,DAL,3410,NYG,visitor,1,4.577731882513236,LAW288048,00-0035683,3410,Dexter Lawrence,D.Lawrence,NT,https://static.www.nfl.com/image/private/{formatInstructions}/league/mq1gfsw7gfz3jithkivb,97,3,2,0,0,28,4.927616689292946
2023,REG,10,2023111209,59319,11/12/2023,1200,DAL,3410,NYG,visitor,2,4.577731882513236,WAR208421,00-0033046,3410,Jihad Ward,J.Ward,DE,https://static.www.nfl.com/image/private/{formatInstructions}/league/woivzfnzublubulaiox1,55,1,0,0,0,20,4.1971712932552
2023,REG,10,2023111209,59319,11/12/2023,1200,DAL,3410,NYG,visitor,3,4.577731882513236,ROB367960,00-0032889,3410,A'Shawn Robinson,As.Robinson,DT,https://static.www.nfl.com/image/private/{formatInstructions}/league/qgiwxchd1lmgszfunys8,91,1,2,0,0,19,4.75874556867506
2023,REG,10,2023111209,59319,11/12/2023,1200,DAL,3410,NYG,visitor,4,4.577731882513236,BAS141481,00-0036553,3410,Carlos Basham,C.Basham,OLB,https://static.www.nfl.com/image/private/{formatInstructions}/league/c3f39wokidtacmi8wadr,45,1,2,0,0,17,4.547523456352634
2023,REG,10,2023111210,59320,11/12/2023,4600,SEA,5110,WAS,home,1,4.577731882513236,REE257783,00-0032387,4600,Jarran Reed,Ja.Reed,NT,https://static.www.nfl.com/image/private/{formatInstructions}/league/hp86k8wv76vaid3dyzen,90,1,0,0,0,31,4.687207958175964
2023,REG,10,2023111210,59320,11/12/2023,4600,SEA,5110,WAS,home,2,4.577731882513236,MAF415291,00-0038133,4600,Boye Mafe,B.Mafe,OLB,https://static.www.nfl.com/image/private/{formatInstructions}/league/sqtz8e4f9ccfhioap0qp,53,4,1,1,0,24,4.248763121221432
2023,REG,10,2023111210,59320,11/12/2023,4600,SEA,5110,WAS,home,3,4.577731882513236,WIL426411,00-0031933,4600,Leonard Williams,L.Williams,DT,https://static.www.nfl.com/image/upload/{formatInstructions}/league/j9yrlxnwf68mxethz6sc,99,2,0,1,0,23,3.697332188221701
2023,REG,10,2023111210,59320,11/12/2023,4600,SEA,5110,WAS,home,4,4.577731882513236,TAY146193,00-0036413,4600,Darrell Taylor,D.Taylor,OLB,https://static.www.nfl.com/image/private/{formatInstructions}/league/rrrbcen1jk8j6fktbxnr,52,1,0,0,0,20,4.063635908669661
2023,REG,10,2023111210,59320,11/12/2023,4600,SEA,5110,WAS,visitor,1,4.577731882513236,ALL512725,00-0033523,5110,Jonathan Allen,J.Allen,DT,https://static.www.nfl.com/image/private/{formatInstructions}/league/uyc2yzn3jzzmx8zkswex,93,4,0,1,0,35,4.468444589322123
2023,REG,10,2023111210,59320,11/12/2023,4600,SEA,5110,WAS,visitor,2,4.577731882513236,PAY281222,00-0034333,5110,Daron Payne,D.Payne,DT,https://static.www.nfl.com/image/private/{formatInstructions}/league/vxrbsde7ynj9mahsxfcs,94,2,3,0,0,30,4.938138333126412
2023,REG,10,2023111210,59320,11/12/2023,4600,SEA,5110,WAS,visitor,3,4.577731882513236,TOO260938,00-0036403,5110,Casey Toohill,C.Toohill,DE,https://static.www.nfl.com/image/private/{formatInstructions}/league/ua0oplgml0z0m1ru91om,95,1,1,0,0,28,5.044913101459796
2023,REG,10,2023111210,59320,11/12/2023,4600,SEA,5110,WAS,visitor,4,4.577731882513236,OBA109286,00-0031500,5110,Efe Obada,E.Obada,DE,https://static.www.nfl.com/image/private/{formatInstructions}/league/hkahtacarvl360y0eicu,97,0,0,0,0,23,4.7487098976442175
2023,REG,10,2023111211,59321,11/12/2023,2520,LV,3430,NYJ,home,1,4.577731882513236,CRO371007,00-0034973,2520,Maxx Crosby,M.Crosby,DE,https://static.www.nfl.com/image/private/{formatInstructions}/league/ryx2ur9vl647z34ltt2q,98,0,3,0,0,34,4.714877883344431
2023,REG,10,2023111211,59321,11/12/2023,2520,LV,3430,NYJ,home,2,4.577731882513236,NIC157723,00-0034387,2520,Bilal Nichols,B.Nichols,DT,https://static.www.nfl.com/image/private/{formatInstructions}/league/hmct6mcyuclokjajt1i7,91,1,2,0,0,25,5.008860620564302
2023,REG,10,2023111211,59321,11/12/2023,2520,LV,3430,NYJ,home,3,4.577731882513236,BUT106408,00-0033381,2520,Adam Butler,A.Butler,DT,https://static.www.nfl.com/image/private/{formatInstructions}/league/ijlj4afpy1na9i9hxfvc,69,2,1,0,0,19,4.692316449826557
2023,REG,10,2023111211,59321,11/12/2023,2520,LV,3430,NYJ,home,4,4.577731882513236,JEN271683,00-0030070,2520,John Jenkins,J.Jenkins,DT,https://static.www.nfl.com/image/private/{formatInstructions}/league/giku8dgkab0ztinvamoy,95,2,2,0,0,16,5.512390648937022
2023,REG,10,2023111211,59321,11/12/2023,2520,LV,3430,NYJ,visitor,1,4.577731882513236,WIL132672,00-0035718,3430,Quinnen Williams,Q.Williams,NT,https://static.www.nfl.com/image/private/{formatInstructions}/league/ftjeq2xr9mvck8mfkute,95,2,2,0,0,20,4.150116384320453
2023,REG,10,2023111211,59321,11/12/2023,2520,LV,3430,NYJ,visitor,2,4.577731882513236,JOH789955,00-0037663,3430,Jermaine Johnson,J.Johnson,OLB,https://static.www.nfl.com/image/private/{formatInstructions}/league/tksswzrbrb6ndpbczqon,11,0,2,0,0,20,3.386804118132518
2023,REG,10,2023111211,59321,11/12/2023,2520,LV,3430,NYJ,visitor,3,4.577731882513236,FRA563573,00-0034805,3430,John Franklin-Myers,J.Franklin-Myers,DE,https://static.www.nfl.com/image/private/{formatInstructions}/league/q4aysumc2wxfocjtpdkl,91,1,1,1,0,16,4.447431846388206
2023,REG,10,2023111211,59321,11/12/2023,2520,LV,3430,NYJ,visitor,4,4.577731882513236,HUF090844,00-0036151,3430,Bryce Huff,B.Huff,DE,https://static.www.nfl.com/image/private/{formatInstructions}/league/we20nyvj1dcdepuob9xh,47,0,0,0,0,15,4.002292261755395
2023,REG,10,2023111300,59322,11/13/2023,0610,BUF,1400,DEN,home,1,4.577731882513236,OLI290385,00-0035230,0610,Ed Oliver,E.Oliver,DT,https://static.www.nfl.com/image/private/{formatInstructions}/league/e2nyrgwol6dnvxotljae,91,3,1,0,0,19,4.092074864712035
2023,REG,10,2023111300,59322,11/13/2023,0610,BUF,1400,DEN,home,2,4.577731882513236,FLO758060,00-0033072,0610,Leonard Floyd,L.Floyd,DE,https://static.www.nfl.com/image/private/{formatInstructions}/league/mmexfoamcspblwripdan,56,1,2,0,0,12,4.297371134523977
2023,REG,10,2023111300,59322,11/13/2023,0610,BUF,1400,DEN,home,3,4.577731882513236,ROU617685,00-0036914,0610,Gregory Rousseau,G.Rousseau,DE,https://static.www.nfl.com/image/private/{formatInstructions}/league/insb9f4qznbgcfyreogp,50,4,2,1,0,11,3.5849130742480693
2023,REG,10,2023111300,59322,11/13/2023,0610,BUF,1400,DEN,home,4,4.577731882513236,EPE415291,00-0036192,0610,A.J. Epenesa,A.Epenesa,DE,https://static.www.nfl.com/image/private/{formatInstructions}/league/nimlvhdjfwqumq8ecrlw,57,1,2,1,0,10,4.760544999944807
2023,REG,10,2023111300,59322,11/13/2023,0610,BUF,1400,DEN,visitor,1,4.577731882513236,ALL656181,00-0035248,1400,Zach Allen,Z.Allen,DE,https://static.www.nfl.com/image/private/{formatInstructions}/league/jbqsgpcisn8px60ab3xf,99,1,0,0,0,17,4.138152457908426
2023,REG,10,2023111300,59322,11/13/2023,0610,BUF,1400,DEN,visitor,2,4.577731882513236,COO617139,00-0036952,1400,Jonathon Cooper,J.Cooper,OLB,https://static.www.nfl.com/image/private/{formatInstructions}/league/dvuos7qbtpi5jmo41sry,0,1,0,0,0,14,5.295366585149656
2023,REG,10,2023111300,59322,11/13/2023,0610,BUF,1400,DEN,visitor,3,4.577731882513236,BRO806290,00-0036995,1400,Baron Browning,B.Browning,ILB,https://static.www.nfl.com/image/private/{formatInstructions}/league/xfkd9rhl1tun2nwvor6n,56,2,1,0,0,12,4.736021308760854
2023,REG,10,2023111300,59322,11/13/2023,0610,BUF,1400,DEN,visitor,4,4.577731882513236,PUR087672,00-0029890,1400,Mike Purcell,M.Purcell,NT,https://static.www.nfl.com/image/private/{formatInstructions}/league/thcksouge8z0pgfli6xt,98,0,0,0,0,10,4.518438866519864
2023,REG,11,2023111600,59323,11/16/2023,0325,BAL,0920,CIN,home,1,4.577731882513236,MAD784440,00-0036130,0325,Justin Madubuike,J.Madubuike,DT,https://static.www.nfl.com/image/private/{formatInstructions}/league/tvitcjl2ahtfjqogd2rx,92,3,0,1,0,20,3.9805014395104004
2023,REG,11,2023111600,59323,11/16/2023,0325,BAL,0920,CIN,home,2,4.577731882513236,CLO535848,00-0031364,0325,Jadeveon Clowney,J.Clowney,OLB,https://static.www.nfl.com/image/private/{formatInstructions}/league/rmuagbaye1s4hfevcqov,24,1,1,1,0,16,4.159175904768316
2023,REG,11,2023111600,59323,11/16/2023,0325,BAL,0920,CIN,home,3,4.577731882513236,PIE424893,00-0032574,0325,Michael Pierce,M.Pierce,NT,https://static.www.nfl.com/image/private/{formatInstructions}/league/tydggsdjwzhhl36qztc0,58,0,0,0,0,16,4.5470650648207585
2023,REG,11,2023111600,59323,11/16/2023,0325,BAL,0920,CIN,home,4,4.577731882513236,JON768782,00-0037756,0325,Travis Jones,T.Jones,DT,https://static.www.nfl.com/image/private/{formatInstructions}/league/a2phaj6ysjsplrh7h8lf,98,0,0,0,0,15,5.179299459142436
2023,REG,11,2023111600,59323,11/16/2023,0325,BAL,0920,CIN,visitor,1,4.577731882513236,REA148116,00-0032424,0920,D.J. Reader,D.Reader,NT,https://static.www.nfl.com/image/private/{formatInstructions}/league/v17stoz8ugqx9vebprz0,98,1,0,0,0,15,4.508208260763187
2023,REG,11,2023111600,59323,11/16/2023,0325,BAL,0920,CIN,visitor,2,4.577731882513236,HEN324452,00-0033935,0920,Trey Hendrickson,T.Hendrickson,DE,https://static.www.nfl.com/image/private/{formatInstructions}/league/ypeza1qplqqjbvowe2im,91,2,0,1,0,13,3.7044904897057687
2023,REG,11,2023111600,59323,11/16/2023,0325,BAL,0920,CIN,visitor,3,4.577731882513236,HIL096836,00-0034800,0920,B.J. Hill,B.Hill,DT,https://static.www.nfl.com/image/private/{formatInstructions}/league/kzclgv44hziqf33iwtyx,92,0,2,0,0,13,4.012701762477629
2023,REG,11,2023111600,59323,11/16/2023,0325,BAL,0920,CIN,visitor,4,4.577731882513236,OSS029663,00-0036902,0920,Joseph Ossai,J.Ossai,DE,https://static.www.nfl.com/image/private/{formatInstructions}/league/t5xgjivlvdv8ifbcte9x,58,0,1,0,0,10,3.9813752205533497
2023,REG,11,2023111900,59324,11/19/2023,0750,CAR,1200,DAL,home,1,4.577731882513236,BRO393541,00-0036220,0750,Derrick Brown,Der.Brown,DE,https://static.www.nfl.com/image/private/{formatInstructions}/league/snjd4zlvrynmvcnlohej,95,4,2,0,0,34,4.56161433669771
2023,REG,11,2023111900,59324,11/19/2023,0750,CAR,1200,DAL,home,2,4.577731882513236,BUR435186,00-0035713,0750,Brian Burns,B.Burns,OLB,https://static.www.nfl.com/image/private/{formatInstructions}/league/pigkreclt8lczii5r2on,0,2,1,0,0,31,4.195278116076063
2023,REG,11,2023111900,59324,11/19/2023,0750,CAR,1200,DAL,home,3,4.577731882513236,WIL234247,00-0031795,0750,DeShawn Williams,D.Williams,DE,https://static.www.nfl.com/image/private/{formatInstructions}/league/bapcfixbhpeqj6t3z1e9,96,0,1,0,0,21,4.408391753797903
2023,REG,11,2023111900,59324,11/19/2023,0750,CAR,1200,DAL,home,4,4.577731882513236,JOH204752,00-0038535,0750,D.J. Johnson,D.Johnson,OLB,https://static.www.nfl.com/image/private/{formatInstructions}/league/kktlthu4ce3wb0qiundj,52,2,1,0,0,17,5.4733881256543935
2023,REG,11,2023111900,59324,11/19/2023,0750,CAR,1200,DAL,visitor,1,4.577731882513236,PAR753418,00-0036932,1200,Micah Parsons,M.Parsons,OLB,https://static.www.nfl.com/image/private/{formatInstructions}/league/vnasvto6q1izyolgu7db,11,2,4,2,0,26,3.2557000913140817
2023,REG,11,2023111900,59324,11/19/2023,0750,CAR,1200,DAL,visitor,2,4.577731882513236,ARM218905,00-0034373,1200,Dorance Armstrong,D.Armstrong,DE,https://static.www.nfl.com/image/private/{formatInstructions}/league/tcudmhrcnl85ii2t3wvy,92,0,3,0,0,20,4.022904310445569
2023,REG,11,2023111900,59324,11/19/2023,0750,CAR,1200,DAL,visitor,3,4.577731882513236,LAW282118,00-0031411,1200,Demarcus Lawrence,D.Lawrence,DE,https://static.www.nfl.com/image/private/{formatInstructions}/league/zqkya3dftem6ykdpsjem,90,1,2,1,0,16,4.9327117904027045
2023,REG,11,2023111900,59324,11/19/2023,0750,CAR,1200,DAL,visitor,4,4.577731882513236,ODI118654,00-0036942,1200,Osa Odighizuwa,O.Odighizuwa,DT,https://static.www.nfl.com/image/private/{formatInstructions}/league/l6baz1fnywtp18wcydrd,97,0,0,0,0,14,3.852352148336055
2023,REG,11,2023111901,59325,11/19/2023,1050,CLE,3900,PIT,home,1,4.577731882513236,GAR528896,00-0033868,1050,Myles Garrett,M.Garrett,DE,https://static.www.nfl.com/image/private/{formatInstructions}/league/y33rmtjxhgil7cjcftlc,95,2,0,2,0,17,4.332809430346683
2023,REG,11,2023111901,59325,11/19/2023,1050,CLE,3900,PIT,home,2,4.577731882513236,TOM676763,00-0033546,1050,Dalvin Tomlinson,D.Tomlinson,DT,https://static.www.nfl.com/image/private/{formatInstructions}/league/bopmatmiwmclctokq7b6,94,0,2,0,0,14,4.477751309833603
2023,REG,11,2023111901,59325,11/19/2023,1050,CLE,3900,PIT,home,3,4.577731882513236,OKO385924,00-0034807,1050,Ogbonnia Okoronkwo,O.Okoronkwo,DE,https://static.www.nfl.com/image/private/{formatInstructions}/league/wmrog0aalbtkxnvsywej,54,4,1,1,0,14,5.001710542354226
2023,REG,11,2023111901,59325,11/19/2023,1050,CLE,3900,PIT,home,4,4.577731882513236,SMI827086,00-0031576,1050,Za'Darius Smith,Z.Smith,DE,https://static.www.nfl.com/image/private/{formatInstructions}/league/xysjqfrdv1bvqocjyhsu,99,2,0,0,0,12,5.193654623945493
2023,REG,11,2023111901,59325,11/19/2023,1050,CLE,3900,PIT,visitor,1,4.577731882513236,WAT587616,00-0033886,3900,T.J. Watt,T.Watt,OLB,https://static.www.nfl.com/image/private/{formatInstructions}/league/yuqxfzlqjuz7yho5fdpg,90,4,2,1,0,38,4.084892195493206
2023,REG,11,2023111901,59325,11/19/2023,1050,CLE,3900,PIT,visitor,2,4.577731882513236,HIG595832,00-0036333,3900,Alex Highsmith,A.Highsmith,OLB,https://static.www.nfl.com/image/private/{formatInstructions}/league/xovqquaydxhhxbsiumfu,56,2,4,0,0,33,5.048713228849008
2023,REG,11,2023111901,59325,11/19/2023,1050,CLE,3900,PIT,visitor,3,4.577731882513236,OGU431455,00-0033905,3900,Larry Ogunjobi,L.Ogunjobi,DT,https://static.www.nfl.com/image/private/{formatInstructions}/league/lwy0ylpaxchvs61rbkjk,99,0,1,0,0,28,4.518426867299782
2023,REG,11,2023111901,59325,11/19/2023,1050,CLE,3900,PIT,visitor,4,4.577731882513236,HEY271611,00-0027969,3900,Cameron Heyward,C.Heyward,DT,https://static.www.nfl.com/image/private/{formatInstructions}/league/id93znqysop97rwpm6f1,97,5,0,0,0,24,5.344716583844945
2023,REG,11,2023111902,59326,11/19/2023,1540,DET,0810,CHI,home,1,4.577731882513236,HUT099869,00-0037236,1540,Aidan Hutchinson,A.Hutchinson,DE,https://static.www.nfl.com/image/private/{formatInstructions}/league/zywrtjyja5l8efay1six,97,2,4,1,1,17,4.993991252428859
2023,REG,11,2023111902,59326,11/19/2023,1540,DET,0810,CHI,home,2,4.577731882513236,COM275428,00-0035265,1540,John Cominsky,J.Cominsky,DE,https://static.www.nfl.com/image/private/{formatInstructions}/league/u6asvfs4kqjcuxvvz0tl,79,2,0,0,0,14,4.064982346641402
2023,REG,11,2023111902,59326,11/19/2023,1540,DET,0810,CHI,home,3,4.577731882513236,MCN611247,00-0036624,1540,Alim McNeill,A.McNeill,DT,https://static.www.nfl.com/image/private/{formatInstructions}/league/hrqtcha6t35jwvoswc1k,54,2,0,1,0,13,5.067813500240853
2023,REG,11,2023111902,59326,11/19/2023,1540,DET,0810,CHI,home,4,4.577731882513236,OKW029663,00-0036249,1540,Julian Okwara,J.Okwara,OLB,https://static.www.nfl.com/image/private/{formatInstructions}/league/lwnewnpuq4jshuuywwpx,99,0,0,0,0,7,4.384583994893985
2023,REG,11,2023111902,59326,11/19/2023,1540,DET,0810,CHI,visitor,1,4.577731882513236,NGA355963,00-0033123,0810,Yannick Ngakoue,Y.Ngakoue,DE,https://static.www.nfl.com/image/private/{formatInstructions}/league/gm3h8c0ov8hffmaw7efj,91,0,0,0,0,25,3.6031459065139275
2023,REG,11,2023111902,59326,11/19/2023,1540,DET,0810,CHI,visitor,2,4.577731882513236,SWE034375,00-0035647,0810,Montez Sweat,M.Sweat,DE,https://static.www.nfl.com/image/upload/{formatInstructions}/league/vvbqme5ucgzcddjwc5xm,98,1,1,1,0,23,4.271867401656693
2023,REG,11,2023111902,59326,11/19/2023,1540,DET,0810,CHI,visitor,3,4.577731882513236,JON518335,00-0034677,0810,Justin Jones,Ju.Jones,DT,https://static.www.nfl.com/image/private/{formatInstructions}/league/zsfbwgrrxrqbahv318xu,93,3,1,0,0,22,4.205179884407635
2023,REG,11,2023111902,59326,11/19/2023,1540,DET,0810,CHI,visitor,4,4.577731882513236,WAL115858,00-0033782,0810,DeMarcus Walker,D.Walker,DE,https://static.www.nfl.com/image/private/{formatInstructions}/league/rfvqk3uflt2uwxrfwio7,95,1,1,0,0,19,4.033685929046531
2023,REG,11,2023111903,59327,11/19/2023,1800,GB,4400,LAC,home,1,4.577731882513236,SMI576520,00-0031935,1800,Preston Smith,P.Smith,OLB,https://static.www.nfl.com/image/private/{formatInstructions}/league/pohwua1xxcajtggbemhr,91,1,1,0,0,25,4.317582585277698
2023,REG,11,2023111903,59327,11/19/2023,1800,GB,4400,LAC,home,2,4.577731882513236,GAR766759,00-0034967,1800,Rashan Gary,R.Gary,OLB,https://static.www.nfl.com/image/private/{formatInstructions}/league/t4clz4xe8sfxszmvohfo,52,1,1,1,0,23,3.892457782194289
2023,REG,11,2023111903,59327,11/19/2023,1800,GB,4400,LAC,home,3,4.577731882513236,CLA409251,00-0033120,1800,Kenny Clark,K.Clark,DE,https://static.www.nfl.com/image/private/{formatInstructions}/league/xehidvio5jubhvwgsklr,97,1,0,0,1,22,4.050356366940454
2023,REG,11,2023111903,59327,11/19/2023,1800,GB,4400,LAC,home,4,4.577731882513236,WYA279831,00-0037075,1800,Devonte Wyatt,D.Wyatt,DE,https://static.www.nfl.com/image/private/{formatInstructions}/league/jqnqdhhwbfkp8idpe4c5,95,1,0,0,0,15,4.562188897298552
2023,REG,11,2023111903,59327,11/19/2023,1800,GB,4400,LAC,visitor,1,4.577731882513236,MAC325122,00-0031040,4400,Khalil Mack,K.Mack,DE,https://static.www.nfl.com/image/private/{formatInstructions}/league/hkxmcpv1vobtydr4yt7n,52,8,0,2,1,35,4.266563171797571
2023,REG,11,2023111903,59327,11/19/2023,1800,GB,4400,LAC,visitor,2,4.577731882513236,TUI720077,00-0039111,4400,Tuli Tuipulotu,T.Tuipulotu,DE,https://static.www.nfl.com/image/private/{formatInstructions}/league/wdiuxzxcsalogxhdxdec,45,3,0,0,0,26,4.791954296829308
2023,REG,11,2023111903,59327,11/19/2023,1800,GB,4400,LAC,visitor,3,4.577731882513236,JOS280126,00-0034810,4400,Sebastian Joseph,S.Joseph,DT,https://static.www.nfl.com/image/private/{formatInstructions}/league/smlfibms0dabjqpf29wg,51,2,1,1,0,21,4.272880520950419
2023,REG,11,2023111903,59327,11/19/2023,1800,GB,4400,LAC,visitor,4,4.577731882513236,JOH064658,00-0032763,4400,Austin Johnson,A.Johnson,DT,https://static.www.nfl.com/image/private/{formatInstructions}/league/yw0n2arlqinekrb9izou,98,1,1,0,0,17,4.449623733356567
2023,REG,11,2023111904,59328,11/19/2023,2120,HOU,3800,ARI,home,1,4.577731882513236,GRE397948,00-0036224,2120,Jonathan Greenard,J.Greenard,DE,https://static.www.nfl.com/image/private/{formatInstructions}/league/mgn1hyalnf83cwhn7iwo,52,1,0,0,0,22,4.027803751525597
2023,REG,11,2023111904,59328,11/19/2023,2120,HOU,3800,ARI,home,2,4.577731882513236,RAN676464,00-0032759,2120,Sheldon Rankins,S.Rankins,DT,https://static.www.nfl.com/image/private/{formatInstructions}/league/i3u6yg3pjksljugpb86f,98,0,0,0,0,20,4.194851949052397
2023,REG,11,2023111904,59328,11/19/2023,2120,HOU,3800,ARI,home,3,4.577731882513236,AND627364,00-0039108,2120,Will Anderson,W.Anderson,DE,https://static.www.nfl.com/image/private/{formatInstructions}/league/ip0s1uogbdsiwpmx9fd8,51,2,0,1,0,20,3.5447315125007917
2023,REG,11,2023111904,59328,11/19/2023,2120,HOU,3800,ARI,home,4,4.577731882513236,COL633184,00-0033131,2120,Maliek Collins,M.Collins,DT,https://static.www.nfl.com/image/private/{formatInstructions}/league/y9hbtlxivjzgaassmpwt,96,0,1,0,0,17,4.239814410694945
2023,REG,11,2023111904,59328,11/19/2023,2120,HOU,3800,ARI,visitor,1,4.577731882513236,STI401047,00-0038623,3800,Dante Stills,D.Stills,DE,https://static.www.nfl.com/image/private/{formatInstructions}/league/mjw66yx6mafncshskyob,55,2,2,1,0,30,5.054196043444288
2023,REG,11,2023111904,59328,11/19/2023,2120,HOU,3800,ARI,visitor,2,4.577731882513236,LOP508807,00-0036568,3800,Roy Lopez,R.Lopez,DT,https://static.www.nfl.com/image/private/{formatInstructions}/league/c11agnnqxug2m9rbp7f5,98,3,2,0,0,21,3.1632550989996937
2023,REG,11,2023111904,59328,11/19/2023,2120,HOU,3800,ARI,visitor,3,4.577731882513236,HOS205770,00-0036576,3800,Phil Hoskins,P.Hoskins,DT,https://static.www.nfl.com/image/private/{formatInstructions}/league/mpmyrakg7a0tqv6zrd1h,79,2,2,0,0,17,4.672393826295198
2023,REG,11,2023111904,59328,11/19/2023,2120,HOU,3800,ARI,visitor,4,4.577731882513236,GAR121450,00-0034473,3800,Dennis Gardeck,D.Gardeck,OLB,https://static.www.nfl.com/image/private/{formatInstructions}/league/apa15w67lwuxt4ucnqhc,45,3,0,0,0,13,5.096169579773709
2023,REG,11,2023111905,59329,11/19/2023,2250,JAX,2100,TEN,home,1,4.577731882513236,ALL528759,00-0035642,2250,Josh Allen,J.Allen,OLB,https://static.www.nfl.com/image/private/{formatInstructions}/league/q807jedjb7igab4graoe,41,0,2,0,0,11,7.083122728528931
2023,REG,11,2023111905,59329,11/19/2023,2250,JAX,2100,TEN,home,2,4.577731882513236,ROB360907,00-0032667,2250,Roy Robertson-Harris,R.Robertson-Harris,DT,https://static.www.nfl.com/image/private/{formatInstructions}/league/rb0pmtszstbyggfqtriw,95,0,1,0,0,10,5.278017241431983
2023,REG,11,2023111905,59329,11/19/2023,2250,JAX,2100,TEN,home,3,4.577731882513236,WAL335860,00-0037235,2250,Travon Walker,T.Walker,OLB,https://static.www.nfl.com/image/private/{formatInstructions}/league/u578pgqmortimghxzgev,44,1,3,0,0,8,4.144565585603295
2023,REG,11,2023111905,59329,11/19/2023,2250,JAX,2100,TEN,home,4,4.577731882513236,SMO474349,00-0033907,2250,Dawuane Smoot,D.Smoot,DE,https://static.www.nfl.com/image/private/{formatInstructions}/league/uhvavmpqyqc24me7bmbi,91,0,0,0,0,7,4.820106385091224
2023,REG,11,2023111905,59329,11/19/2023,2250,JAX,2100,TEN,visitor,1,4.577731882513236,AUT529722,00-0031254,2100,Denico Autry,D.Autry,DE,https://static.www.nfl.com/image/private/{formatInstructions}/league/fm0gjc1jtbgmmsr4gs9l,96,1,0,0,0,20,5.6319637390070225
2023,REG,11,2023111905,59329,11/19/2023,2250,JAX,2100,TEN,visitor,2,4.577731882513236,SIM204336,00-0035643,2100,Jeffery Simmons,J.Simmons,DT,https://static.www.nfl.com/image/private/{formatInstructions}/league/bmlla8bf1h8hxulhcwhv,98,2,0,0,0,19,5.199989520530876
2023,REG,11,2023111905,59329,11/19/2023,2250,JAX,2100,TEN,visitor,3,4.577731882513236,KEY099037,00-0034825,2100,Arden Key,A.Key,OLB,https://static.www.nfl.com/image/private/{formatInstructions}/league/psoje6looquofelpery9,49,2,1,0,0,15,4.308940147216942
2023,REG,11,2023111905,59329,11/19/2023,2250,JAX,2100,TEN,visitor,4,4.577731882513236,LAN159704,00-0034828,2100,Harold Landry,H.Landry,OLB,https://static.www.nfl.com/image/private/{formatInstructions}/league/akafrpdcokvwz2psbbmj,58,4,3,0,0,13,4.954052711080143
2023,REG,11,2023111906,59330,11/19/2023,2700,MIA,2520,LV,home,1,4.577731882513236,SIE410345,00-0034285,2700,Zach Sieler,Z.Sieler,DE,https://static.www.nfl.com/image/private/{formatInstructions}/league/me66zdnhvswxahqsvlrn,92,1,1,0,0,32,4.048213494056094
2023,REG,11,2023111906,59330,11/19/2023,2700,MIA,2520,LV,home,2,4.577731882513236,WIL081088,00-0035231,2700,Christian Wilkins,C.Wilkins,DE,https://static.www.nfl.com/image/private/{formatInstructions}/league/yngx6poa67gosj2oiwk1,94,2,0,0,0,32,4.206672332646185
2023,REG,11,2023111906,59330,11/19/2023,2700,MIA,2520,LV,home,3,4.577731882513236,CHU028799,00-0034832,2700,Bradley Chubb,B.Chubb,OLB,https://static.www.nfl.com/image/private/{formatInstructions}/league/to1i0hqzw9xoy0tgm9ck,2,3,2,0,0,30,3.670905893943556
2023,REG,11,2023111906,59330,11/19/2023,2700,MIA,2520,LV,home,4,4.577731882513236,PHI254734,00-0036934,2700,Jaelan Phillips,J.Phillips,OLB,https://static.www.nfl.com/image/private/{formatInstructions}/league/warwtqmk5irvbnc4p92p,15,5,1,2,0,27,4.0341878447374375
2023,REG,11,2023111906,59330,11/19/2023,2700,MIA,2520,LV,visitor,1,4.577731882513236,CRO371007,00-0034973,2520,Maxx Crosby,M.Crosby,DE,https://static.www.nfl.com/image/private/{formatInstructions}/league/ryx2ur9vl647z34ltt2q,98,3,3,1,0,34,5.196151776274488
2023,REG,11,2023111906,59330,11/19/2023,2700,MIA,2520,LV,visitor,2,4.577731882513236,BUT106408,00-0033381,2520,Adam Butler,A.Butler,DT,https://static.www.nfl.com/image/private/{formatInstructions}/league/ijlj4afpy1na9i9hxfvc,69,0,0,0,0,23,5.435820242421786
2023,REG,11,2023111906,59330,11/19/2023,2700,MIA,2520,LV,visitor,3,4.577731882513236,KOO195832,00-0036989,2520,Malcolm Koonce,M.Koonce,DE,https://static.www.nfl.com/image/private/{formatInstructions}/league/nvgan7b6roodcugsa9iy,51,1,0,0,0,16,5.001714131872432
2023,REG,11,2023111906,59330,11/19/2023,2700,MIA,2520,LV,visitor,4,4.577731882513236,JEN271683,00-0030070,2520,John Jenkins,J.Jenkins,DT,https://static.www.nfl.com/image/private/{formatInstructions}/league/giku8dgkab0ztinvamoy,95,2,3,0,0,15,5.103118978305233
2023,REG,11,2023111907,59331,11/19/2023,5110,WAS,3410,NYG,home,1,4.577731882513236,ALL512725,00-0033523,5110,Jonathan Allen,J.Allen,DT,https://static.www.nfl.com/image/private/{formatInstructions}/league/uyc2yzn3jzzmx8zkswex,93,3,1,1,0,24,5.108487030730667
2023,REG,11,2023111907,59331,11/19/2023,5110,WAS,3410,NYG,home,2,4.577731882513236,TOO260938,00-0036403,5110,Casey Toohill,C.Toohill,DE,https://static.www.nfl.com/image/private/{formatInstructions}/league/ua0oplgml0z0m1ru91om,95,1,0,1,0,24,6.08504142144945
2023,REG,11,2023111907,59331,11/19/2023,5110,WAS,3410,NYG,home,3,4.577731882513236,PAY281222,00-0034333,5110,Daron Payne,D.Payne,DT,https://static.www.nfl.com/image/private/{formatInstructions}/league/vxrbsde7ynj9mahsxfcs,94,1,2,1,0,22,4.761032118983608
2023,REG,11,2023111907,59331,11/19/2023,5110,WAS,3410,NYG,home,4,4.577731882513236,HEN624398,00-0038581,5110,K.J. Henry,K.Henry,DE,https://static.www.nfl.com/image/private/{formatInstructions}/league/i57qk0k8xgsrmm9clmwa,55,2,2,1,0,21,5.085800433215156
2023,REG,11,2023111907,59331,11/19/2023,5110,WAS,3410,NYG,visitor,1,4.577731882513236,LAW288048,00-0035683,3410,Dexter Lawrence,D.Lawrence,NT,https://static.www.nfl.com/image/private/{formatInstructions}/league/mq1gfsw7gfz3jithkivb,97,4,0,1,0,33,3.974452379371688
2023,REG,11,2023111907,59331,11/19/2023,5110,WAS,3410,NYG,visitor,2,4.577731882513236,THI172866,00-0037611,3410,Kayvon Thibodeaux,K.Thibodeaux,OLB,https://static.www.nfl.com/image/private/{formatInstructions}/league/ssdyrj5nmrcos9zv1e4d,5,3,2,2,0,31,3.9960784879849354
2023,REG,11,2023111907,59331,11/19/2023,5110,WAS,3410,NYG,visitor,3,4.577731882513236,WAR208421,00-0033046,3410,Jihad Ward,J.Ward,DE,https://static.www.nfl.com/image/private/{formatInstructions}/league/woivzfnzublubulaiox1,55,1,0,1,0,29,4.4953920702533505
2023,REG,11,2023111907,59331,11/19/2023,5110,WAS,3410,NYG,visitor,4,4.577731882513236,OJU415291,00-0036552,3410,Azeez Ojulari,A.Ojulari,DE,https://static.www.nfl.com/image/private/{formatInstructions}/league/k41l7r8hicknnv9bu59h,51,0,0,0,0,29,4.154017093944378
2023,REG,11,2023111908,59332,11/19/2023,4500,SF,4900,TB,home,1,4.577731882513236,BOS073285,00-0035717,4500,Nick Bosa,N.Bosa,DE,https://static.www.nfl.com/image/private/{formatInstructions}/league/pzdj8ys2wqjc92hafziy,97,1,2,1,0,41,3.5137586065220914
2023,REG,11,2023111908,59332,11/19/2023,4500,SF,4900,TB,home,2,4.577731882513236,ARM057964,00-0032164,4500,Arik Armstead,A.Armstead,DT,https://static.www.nfl.com/image/private/{formatInstructions}/league/pfagislv7uhsnwi7pviu,91,2,1,1,0,33,3.439907126076866
2023,REG,11,2023111908,59332,11/19/2023,4500,SF,4900,TB,home,3,4.577731882513236,HAR143881,00-0033109,4500,Javon Hargrave,J.Hargrave,DT,https://static.www.nfl.com/image/private/{formatInstructions}/league/z8mrwlgmuug7yjkood5k,98,2,2,0,0,32,3.816411494724365
2023,REG,11,2023111908,59332,11/19/2023,4500,SF,4900,TB,home,4,4.577731882513236,YOU146550,00-0036321,4500,Chase Young,C.Young,DE,https://static.www.nfl.com/image/upload/{formatInstructions}/league/wphck1ysaeehkmsgxopb,92,2,0,1,0,32,3.729458266446607
2023,REG,11,2023111908,59332,11/19/2023,4500,SF,4900,TB,visitor,1,4.577731882513236,VEA065410,00-0034773,4900,Vita Vea,V.Vea,NT,https://static.www.nfl.com/image/private/{formatInstructions}/league/e3pgjmrbpteyzrcpkxap,50,4,0,1,0,19,5.14021397566929
2023,REG,11,2023111908,59332,11/19/2023,4500,SF,4900,TB,visitor,2,4.577731882513236,KAN046143,00-0039063,4900,Calijah Kancey,C.Kancey,DE,https://static.www.nfl.com/image/private/{formatInstructions}/league/tmd2noaeemowsnshtzsn,94,0,0,0,0,16,4.297032782931987
2023,REG,11,2023111908,59332,11/19/2023,4500,SF,4900,TB,visitor,3,4.577731882513236,BAR645290,00-0031101,4900,Shaquil Barrett,S.Barrett,OLB,https://static.www.nfl.com/image/private/{formatInstructions}/league/eiilfj6qiri4n9xrclwe,7,4,2,0,0,15,4.123366830331492
2023,REG,11,2023111908,59332,11/19/2023,4500,SF,4900,TB,visitor,4,4.577731882513236,HAL437521,00-0038127,4900,Logan Hall,L.Hall,DE,https://static.www.nfl.com/image/private/{formatInstructions}/league/xlv9kzmd5tk8cv9rmqlq,90,1,1,0,0,14,4.225829864337623
2023,REG,11,2023111909,59333,11/19/2023,0610,BUF,3430,NYJ,home,1,4.577731882513236,SET509598,00-0034397,0610,Tim Settle,T.Settle,DT,https://static.www.nfl.com/image/private/{formatInstructions}/league/zerowwkyyepb4hllqsq9,99,0,1,0,0,18,4.344228052069533
2023,REG,11,2023111909,59333,11/19/2023,0610,BUF,3430,NYJ,home,2,4.577731882513236,OLI290385,00-0035230,0610,Ed Oliver,E.Oliver,DT,https://static.www.nfl.com/image/private/{formatInstructions}/league/e2nyrgwol6dnvxotljae,91,3,0,1,0,16,5.303753800121622
2023,REG,11,2023111909,59333,11/19/2023,0610,BUF,3430,NYJ,home,3,4.577731882513236,ROU617685,00-0036914,0610,Gregory Rousseau,G.Rousseau,DE,https://static.www.nfl.com/image/private/{formatInstructions}/league/insb9f4qznbgcfyreogp,50,2,0,0,0,16,3.8726962783371146
2023,REG,11,2023111909,59333,11/19/2023,0610,BUF,3430,NYJ,home,4,4.577731882513236,EPE415291,00-0036192,0610,A.J. Epenesa,A.Epenesa,DE,https://static.www.nfl.com/image/private/{formatInstructions}/league/nimlvhdjfwqumq8ecrlw,57,0,1,0,0,14,4.532577620579363
2023,REG,11,2023111909,59333,11/19/2023,0610,BUF,3430,NYJ,visitor,1,4.577731882513236,WIL132672,00-0035718,3430,Quinnen Williams,Q.Williams,NT,https://static.www.nfl.com/image/private/{formatInstructions}/league/ftjeq2xr9mvck8mfkute,95,2,4,1,0,21,4.713001282183025
2023,REG,11,2023111909,59333,11/19/2023,0610,BUF,3430,NYJ,visitor,2,4.577731882513236,JOH789955,00-0037663,3430,Jermaine Johnson,J.Johnson,OLB,https://static.www.nfl.com/image/private/{formatInstructions}/league/tksswzrbrb6ndpbczqon,11,3,2,0,0,18,4.83470724428901
2023,REG,11,2023111909,59333,11/19/2023,0610,BUF,3430,NYJ,visitor,3,4.577731882513236,FRA563573,00-0034805,3430,John Franklin-Myers,J.Franklin-Myers,DE,https://static.www.nfl.com/image/private/{formatInstructions}/league/q4aysumc2wxfocjtpdkl,91,0,0,0,0,14,6.151913951283831
2023,REG,11,2023111909,59333,11/19/2023,0610,BUF,3430,NYJ,visitor,4,4.577731882513236,HUF090844,00-0036151,3430,Bryce Huff,B.Huff,DE,https://static.www.nfl.com/image/private/{formatInstructions}/league/we20nyvj1dcdepuob9xh,47,2,0,0,0,14,4.827146409602714
2023,REG,11,2023111910,59334,11/19/2023,2510,LA,4600,SEA,home,1,4.577731882513236,DON134977,00-0031388,2510,Aaron Donald,A.Donald,DT,https://static.www.nfl.com/image/private/{formatInstructions}/league/gou42dathlyc1rfn4pga,99,1,0,0,0,33,4.588979173260036
2023,REG,11,2023111910,59334,11/19/2023,2510,LA,4600,SEA,home,2,4.577731882513236,YOU127040,00-0039137,2510,Byron Young,B.Young,OLB,https://static.www.nfl.com/image/private/{formatInstructions}/league/bdfvfh0776dv0sn447pq,0,1,3,0,0,25,4.194767110940269
2023,REG,11,2023111910,59334,11/19/2023,2510,LA,4600,SEA,home,3,4.577731882513236,TUR561805,00-0039138,2510,Kobie Turner,K.Turner,NT,https://static.www.nfl.com/image/private/{formatInstructions}/league/ouhisfkb6jyedo6jj0m4,91,2,2,0,0,25,3.873741218752597
2023,REG,11,2023111910,59334,11/19/2023,2510,LA,4600,SEA,home,4,4.577731882513236,HOE044723,00-0035933,2510,Michael Hoecht,M.Hoecht,OLB,https://static.www.nfl.com/image/private/{formatInstructions}/league/ufxnrf3mqht5ijy0ln2i,97,5,1,0,0,19,4.409344325408251
2023,REG,11,2023111910,59334,11/19/2023,2510,LA,4600,SEA,visitor,1,4.577731882513236,WIL426411,00-0031933,4600,Leonard Williams,L.Williams,DT,https://static.www.nfl.com/image/upload/{formatInstructions}/league/j9yrlxnwf68mxethz6sc,99,2,1,0,0,19,4.868401115239055
2023,REG,11,2023111910,59334,11/19/2023,2510,LA,4600,SEA,visitor,2,4.577731882513236,MAF415291,00-0038133,4600,Boye Mafe,B.Mafe,OLB,https://static.www.nfl.com/image/private/{formatInstructions}/league/sqtz8e4f9ccfhioap0qp,53,0,0,0,0,18,5.246687351175942
2023,REG,11,2023111910,59334,11/19/2023,2510,LA,4600,SEA,visitor,3,4.577731882513236,REE257783,00-0032387,4600,Jarran Reed,Ja.Reed,NT,https://static.www.nfl.com/image/private/{formatInstructions}/league/hp86k8wv76vaid3dyzen,90,1,2,0,0,16,5.583886615154152
2023,REG,11,2023111910,59334,11/19/2023,2510,LA,4600,SEA,visitor,4,4.577731882513236,JON263738,00-0035678,4600,Dre'Mont Jones,D.Jones,DE,https://static.www.nfl.com/image/private/{formatInstructions}/league/jtymiyxibjaktdm0h9by,55,0,1,0,0,13,5.329704669057733
2023,REG,11,2023111911,59335,11/19/2023,1400,DEN,3000,MIN,home,1,4.577731882513236,ALL656181,00-0035248,1400,Zach Allen,Z.Allen,DE,https://static.www.nfl.com/image/private/{formatInstructions}/league/jbqsgpcisn8px60ab3xf,99,3,2,0,0,23,4.899942763809899
2023,REG,11,2023111911,59335,11/19/2023,1400,DEN,3000,MIN,home,2,4.577731882513236,COO617139,00-0036952,1400,Jonathon Cooper,J.Cooper,OLB,https://static.www.nfl.com/image/private/{formatInstructions}/league/dvuos7qbtpi5jmo41sry,0,2,3,1,0,19,3.97836979110227
2023,REG,11,2023111911,59335,11/19/2023,1400,DEN,3000,MIN,home,3,4.577731882513236,JON230048,00-0033297,1400,D.J. Jones,D.Jones,NT,https://static.www.nfl.com/image/private/{formatInstructions}/league/n3bcrpe6uvhwtp43aphs,93,2,1,0,1,17,4.640485896791756
2023,REG,11,2023111911,59335,11/19/2023,1400,DEN,3000,MIN,home,4,4.577731882513236,BRO806290,00-0036995,1400,Baron Browning,B.Browning,ILB,https://static.www.nfl.com/image/private/{formatInstructions}/league/xfkd9rhl1tun2nwvor6n,56,3,0,1,1,16,4.0791110273549505
2023,REG,11,2023111911,59335,11/19/2023,1400,DEN,3000,MIN,visitor,1,4.577731882513236,HUN529240,00-0031565,3000,Danielle Hunter,D.Hunter,OLB,https://static.www.nfl.com/image/private/{formatInstructions}/league/mcimj8g9r5vhy4rzreih,99,2,1,1,0,31,4.397907815288247
2023,REG,11,2023111911,59335,11/19/2023,1400,DEN,3000,MIN,visitor,2,4.577731882513236,WON272160,00-0036335,3000,D.J. Wonnum,D.Wonnum,OLB,https://static.www.nfl.com/image/private/{formatInstructions}/league/eyocajqgfrigi444hnkq,98,2,2,1,0,19,3.9308119075457784
2023,REG,11,2023111911,59335,11/19/2023,1400,DEN,3000,MIN,visitor,3,4.577731882513236,PHI215142,00-0034782,3000,Harrison Phillips,H.Phillips,DT,https://static.www.nfl.com/image/private/{formatInstructions}/league/qyfhltyov0a0rigpe0mu,97,1,3,0,0,17,4.626845859320129
2023,REG,11,2023111911,59335,11/19/2023,1400,DEN,3000,MIN,visitor,4,4.577731882513236,BUL366378,00-0033093,3000,Jonathan Bullard,J.Bullard,DE,https://static.www.nfl.com/image/private/{formatInstructions}/league/hgxa0we4sgcfdb7wim77,90,0,1,0,0,15,5.3874498211027095
2023,REG,11,2023112000,59336,11/20/2023,2310,KC,3700,PHI,home,1,4.577731882513236,JON162595,00-0032762,2310,Chris Jones,C.Jones,DT,https://static.www.nfl.com/image/private/{formatInstructions}/league/tzeyeldnaaxjsg4beczj,95,5,0,2,0,15,4.517078457036005
2023,REG,11,2023112000,59336,11/20/2023,2310,KC,3700,PHI,home,2,4.577731882513236,KAR303382,00-0037192,2310,George Karlaftis,G.Karlaftis,DE,https://static.www.nfl.com/image/private/{formatInstructions}/league/kwmi9hcgixedzkqo0hd9,56,2,1,1,0,12,4.848612280275323
2023,REG,11,2023112000,59336,11/20/2023,2310,KC,3700,PHI,home,3,4.577731882513236,DAN721566,00-0036378,2310,Michael Danna,M.Danna,DE,https://static.www.nfl.com/image/private/{formatInstructions}/league/oiywq8es1rm2rjnpbouw,51,2,0,0,0,11,5.029496486551202
2023,REG,11,2023112000,59336,11/20/2023,2310,KC,3700,PHI,home,4,4.577731882513236,OME565785,00-0035279,2310,Charles Omenihu,C.Omenihu,DE,https://static.www.nfl.com/image/private/{formatInstructions}/league/n7hyavaepvuienrmh9bi,90,1,0,0,0,10,4.623056791571935
2023,REG,11,2023112000,59336,11/20/2023,2310,KC,3700,PHI,visitor,1,4.577731882513236,RED324095,00-0033875,3700,Haason Reddick,H.Reddick,OLB,https://static.www.nfl.com/image/private/{formatInstructions}/league/qqfxdnlmmyzbh27lmxgi,7,2,2,1,0,28,5.340976476246581
2023,REG,11,2023112000,59336,11/20/2023,2310,KC,3700,PHI,visitor,2,4.577731882513236,COX200177,00-0029653,3700,Fletcher Cox,F.Cox,DT,https://static.www.nfl.com/image/private/{formatInstructions}/league/guiegvu50wdv6lzspebo,91,0,1,0,0,26,4.506560142458914
2023,REG,11,2023112000,59336,11/20/2023,2310,KC,3700,PHI,visitor,3,4.577731882513236,SWE031587,00-0034381,3700,Josh Sweat,J.Sweat,DE,https://static.www.nfl.com/image/private/{formatInstructions}/league/r8tbgqchezlbyykxvloz,94,2,2,0,0,26,4.303425560502381
2023,REG,11,2023112000,59336,11/20/2023,2310,KC,3700,PHI,visitor,4,4.577731882513236,CAR656628,00-0038386,3700,Jalen Carter,J.Carter,DT,https://static.www.nfl.com/image/private/{formatInstructions}/league/l1xdbx3qtrtbv6scixbn,98,2,1,0,0,20,4.16924500977683
2023,REG,12,2023112300,59337,11/23/2023,1540,DET,1800,GB,home,1,4.577731882513236,HUT099869,00-0037236,1540,Aidan Hutchinson,A.Hutchinson,DE,https://static.www.nfl.com/image/private/{formatInstructions}/league/zywrtjyja5l8efay1six,97,1,1,0,0,28,4.675930094602412
2023,REG,12,2023112300,59337,11/23/2023,1540,DET,1800,GB,home,2,4.577731882513236,MCN611247,00-0036624,1540,Alim McNeill,A.McNeill,DT,https://static.www.nfl.com/image/private/{formatInstructions}/league/hrqtcha6t35jwvoswc1k,54,1,3,0,0,23,4.991728940613441
2023,REG,12,2023112300,59337,11/23/2023,1540,DET,1800,GB,home,3,4.577731882513236,PAS068486,00-0038096,1540,Josh Paschal,J.Paschal,DE,https://static.www.nfl.com/image/private/{formatInstructions}/league/ivkpwgpcixlvfbpzurab,93,1,1,0,0,15,4.748136384695002
2023,REG,12,2023112300,59337,11/23/2023,1540,DET,1800,GB,home,4,4.577731882513236,COM275428,00-0035265,1540,John Cominsky,J.Cominsky,DE,https://static.www.nfl.com/image/private/{formatInstructions}/league/u6asvfs4kqjcuxvvz0tl,79,0,1,0,0,12,5.241828746293829
2023,REG,12,2023112300,59337,11/23/2023,1540,DET,1800,GB,visitor,1,4.577731882513236,CLA409251,00-0033120,1800,Kenny Clark,K.Clark,DE,https://static.www.nfl.com/image/private/{formatInstructions}/league/xehidvio5jubhvwgsklr,97,0,2,0,0,35,4.134600639361048
2023,REG,12,2023112300,59337,11/23/2023,1540,DET,1800,GB,visitor,2,4.577731882513236,SMI576520,00-0031935,1800,Preston Smith,P.Smith,OLB,https://static.www.nfl.com/image/private/{formatInstructions}/league/pohwua1xxcajtggbemhr,91,0,4,0,0,26,4.311796063471519
2023,REG,12,2023112300,59337,11/23/2023,1540,DET,1800,GB,visitor,3,4.577731882513236,GAR766759,00-0034967,1800,Rashan Gary,R.Gary,OLB,https://static.www.nfl.com/image/private/{formatInstructions}/league/t4clz4xe8sfxszmvohfo,52,5,2,3,2,21,3.506259408472392
2023,REG,12,2023112300,59337,11/23/2023,1540,DET,1800,GB,visitor,4,4.577731882513236,ENA040912,00-0037083,1800,Kingsley Enagbare,K.Enagbare,OLB,https://static.www.nfl.com/image/private/{formatInstructions}/league/kddda5mwycbataolsnm4,55,2,0,0,0,20,3.7275304146577795
2023,REG,12,2023112301,59338,11/23/2023,1200,DAL,5110,WAS,home,1,4.577731882513236,PAR753418,00-0036932,1200,Micah Parsons,M.Parsons,OLB,https://static.www.nfl.com/image/private/{formatInstructions}/league/vnasvto6q1izyolgu7db,11,2,1,1,0,32,4.039548101482962
2023,REG,12,2023112301,59338,11/23/2023,1200,DAL,5110,WAS,home,2,4.577731882513236,LAW282118,00-0031411,1200,Demarcus Lawrence,D.Lawrence,DE,https://static.www.nfl.com/image/private/{formatInstructions}/league/zqkya3dftem6ykdpsjem,90,0,0,0,0,21,4.928955608545062
2023,REG,12,2023112301,59338,11/23/2023,1200,DAL,5110,WAS,home,3,4.577731882513236,ARM218905,00-0034373,1200,Dorance Armstrong,D.Armstrong,DE,https://static.www.nfl.com/image/private/{formatInstructions}/league/tcudmhrcnl85ii2t3wvy,92,2,0,0,0,18,4.425184725535464
2023,REG,12,2023112301,59338,11/23/2023,1200,DAL,5110,WAS,home,4,4.577731882513236,ODI118654,00-0036942,1200,Osa Odighizuwa,O.Odighizuwa,DT,https://static.www.nfl.com/image/private/{formatInstructions}/league/l6baz1fnywtp18wcydrd,97,4,1,0,0,15,2.716977709780808
2023,REG,12,2023112301,59338,11/23/2023,1200,DAL,5110,WAS,visitor,1,4.577731882513236,PAY281222,00-0034333,5110,Daron Payne,D.Payne,DT,https://static.www.nfl.com/image/private/{formatInstructions}/league/vxrbsde7ynj9mahsxfcs,94,3,0,0,0,21,4.288007094986872
2023,REG,12,2023112301,59338,11/23/2023,1200,DAL,5110,WAS,visitor,2,4.577731882513236,TOO260938,00-0036403,5110,Casey Toohill,C.Toohill,DE,https://static.www.nfl.com/image/private/{formatInstructions}/league/ua0oplgml0z0m1ru91om,95,1,1,0,0,21,4.461062607098192
2023,REG,12,2023112301,59338,11/23/2023,1200,DAL,5110,WAS,visitor,3,4.577731882513236,ALL512725,00-0033523,5110,Jonathan Allen,J.Allen,DT,https://static.www.nfl.com/image/private/{formatInstructions}/league/uyc2yzn3jzzmx8zkswex,93,1,0,0,0,19,4.511113625300063
2023,REG,12,2023112301,59338,11/23/2023,1200,DAL,5110,WAS,visitor,4,4.577731882513236,HEN624398,00-0038581,5110,K.J. Henry,K.Henry,DE,https://static.www.nfl.com/image/private/{formatInstructions}/league/i57qk0k8xgsrmm9clmwa,55,1,0,0,0,13,4.746479082839334
2023,REG,12,2023112302,59339,11/23/2023,4600,SEA,4500,SF,home,1,4.577731882513236,REE257783,00-0032387,4600,Jarran Reed,Ja.Reed,NT,https://static.www.nfl.com/image/private/{formatInstructions}/league/hp86k8wv76vaid3dyzen,90,1,3,0,0,22,5.286626167437152
2023,REG,12,2023112302,59339,11/23/2023,4600,SEA,4500,SF,home,2,4.577731882513236,WIL426411,00-0031933,4600,Leonard Williams,L.Williams,DT,https://static.www.nfl.com/image/upload/{formatInstructions}/league/j9yrlxnwf68mxethz6sc,99,2,2,0,0,19,4.891476283716443
2023,REG,12,2023112302,59339,11/23/2023,4600,SEA,4500,SF,home,3,4.577731882513236,MAF415291,00-0038133,4600,Boye Mafe,B.Mafe,OLB,https://static.www.nfl.com/image/private/{formatInstructions}/league/sqtz8e4f9ccfhioap0qp,53,2,0,0,0,19,3.9076051002434995
2023,REG,12,2023112302,59339,11/23/2023,4600,SEA,4500,SF,home,4,4.577731882513236,JON263738,00-0035678,4600,Dre'Mont Jones,D.Jones,DE,https://static.www.nfl.com/image/private/{formatInstructions}/league/jtymiyxibjaktdm0h9by,55,1,1,0,0,15,4.285156358201051
2023,REG,12,2023112302,59339,11/23/2023,4600,SEA,4500,SF,visitor,1,4.577731882513236,BOS073285,00-0035717,4500,Nick Bosa,N.Bosa,DE,https://static.www.nfl.com/image/private/{formatInstructions}/league/pzdj8ys2wqjc92hafziy,97,3,2,2,0,28,3.681713555434164
2023,REG,12,2023112302,59339,11/23/2023,4600,SEA,4500,SF,visitor,2,4.577731882513236,HAR143881,00-0033109,4500,Javon Hargrave,J.Hargrave,DT,https://static.www.nfl.com/image/private/{formatInstructions}/league/z8mrwlgmuug7yjkood5k,98,2,5,1,0,23,4.59661649080332
2023,REG,12,2023112302,59339,11/23/2023,4600,SEA,4500,SF,visitor,3,4.577731882513236,ARM057964,00-0032164,4500,Arik Armstead,A.Armstead,DT,https://static.www.nfl.com/image/private/{formatInstructions}/league/pfagislv7uhsnwi7pviu,91,2,3,1,0,17,4.250744083301922
2023,REG,12,2023112302,59339,11/23/2023,4600,SEA,4500,SF,visitor,4,4.577731882513236,YOU146550,00-0036321,4500,Chase Young,C.Young,DE,https://static.www.nfl.com/image/upload/{formatInstructions}/league/wphck1ysaeehkmsgxopb,92,0,0,0,0,14,3.7922290980506115
2023,REG,12,2023112400,59340,11/24/2023,3430,NYJ,2700,MIA,home,1,4.577731882513236,JOH789955,00-0037663,3430,Jermaine Johnson,J.Johnson,OLB,https://static.www.nfl.com/image/private/{formatInstructions}/league/tksswzrbrb6ndpbczqon,11,1,3,0,0,21,5.2062691036630655
2023,REG,12,2023112400,59340,11/24/2023,3430,NYJ,2700,MIA,home,2,4.577731882513236,WIL132672,00-0035718,3430,Quinnen Williams,Q.Williams,NT,https://static.www.nfl.com/image/private/{formatInstructions}/league/ftjeq2xr9mvck8mfkute,95,3,3,0,0,18,4.825149270939918
2023,REG,12,2023112400,59340,11/24/2023,3430,NYJ,2700,MIA,home,3,4.577731882513236,HUF090844,00-0036151,3430,Bryce Huff,B.Huff,DE,https://static.www.nfl.com/image/private/{formatInstructions}/league/we20nyvj1dcdepuob9xh,47,1,0,1,0,18,4.252305148533955
2023,REG,12,2023112400,59340,11/24/2023,3430,NYJ,2700,MIA,home,4,4.577731882513236,FRA563573,00-0034805,3430,John Franklin-Myers,J.Franklin-Myers,DE,https://static.www.nfl.com/image/private/{formatInstructions}/league/q4aysumc2wxfocjtpdkl,91,0,0,0,0,14,5.187589500600133
2023,REG,12,2023112400,59340,11/24/2023,3430,NYJ,2700,MIA,visitor,1,4.577731882513236,CHU028799,00-0034832,2700,Bradley Chubb,B.Chubb,OLB,https://static.www.nfl.com/image/private/{formatInstructions}/league/to1i0hqzw9xoy0tgm9ck,2,1,1,0,0,24,4.605035197925349
2023,REG,12,2023112400,59340,11/24/2023,3430,NYJ,2700,MIA,visitor,2,4.577731882513236,WIL081088,00-0035231,2700,Christian Wilkins,C.Wilkins,DE,https://static.www.nfl.com/image/private/{formatInstructions}/league/yngx6poa67gosj2oiwk1,94,3,0,2,0,23,4.486407047293384
2023,REG,12,2023112400,59340,11/24/2023,3430,NYJ,2700,MIA,visitor,3,4.577731882513236,DAV626617,00-0036213,2700,Raekwon Davis,R.Davis,NT,https://static.www.nfl.com/image/private/{formatInstructions}/league/lltwebtstkiujskcosiw,98,2,0,1,0,21,4.799441964934735
2023,REG,12,2023112400,59340,11/24/2023,3430,NYJ,2700,MIA,visitor,4,4.577731882513236,PHI254734,00-0036934,2700,Jaelan Phillips,J.Phillips,OLB,https://static.www.nfl.com/image/private/{formatInstructions}/league/warwtqmk5irvbnc4p92p,15,3,1,1,0,21,5.0397763055961295
2023,REG,12,2023112600,59341,11/26/2023,0200,ATL,3300,NO,home,1,4.577731882513236,DUP507860,00-0032146,0200,Bud Dupree,B.Dupree,OLB,https://static.www.nfl.com/image/private/{formatInstructions}/league/i2b1ykt4jgmdabmwoqoo,48,1,0,0,0,24,4.5671126060059875
2023,REG,12,2023112600,59341,11/26/2023,0200,ATL,3300,NO,home,2,4.577731882513236,ONY164481,00-0033051,0200,David Onyemata,D.Onyemata,DT,https://static.www.nfl.com/image/private/{formatInstructions}/league/uyu66sa3d2gpsh5tyhxw,90,2,0,0,1,20,4.184433287140589
2023,REG,12,2023112600,59341,11/26/2023,0200,ATL,3300,NO,home,3,4.577731882513236,CAM208843,00-0026190,0200,Calais Campbell,C.Campbell,DE,https://static.www.nfl.com/image/private/{formatInstructions}/league/wbrve7zrrqiuknohpecm,93,1,4,0,0,19,3.99067278416275
2023,REG,12,2023112600,59341,11/26/2023,0200,ATL,3300,NO,home,4,4.577731882513236,GRA243423,00-0036948,0200,Ta'Quon Graham,T.Graham,DE,https://static.www.nfl.com/image/private/{formatInstructions}/league/azvrtgslzvbnnlgvekzm,95,1,0,0,0,14,4.696448944044208
2023,REG,12,2023112600,59341,11/26/2023,0200,ATL,3300,NO,visitor,1,4.577731882513236,JOR051224,00-0027962,3300,Cameron Jordan,C.Jordan,DE,https://static.www.nfl.com/image/private/{formatInstructions}/league/jbcyxaoosrmj0pn5ynjb,94,0,1,0,0,13,4.743725023987123
2023,REG,12,2023112600,59341,11/26/2023,0200,ATL,3300,NO,visitor,2,4.577731882513236,GRA291153,00-0035402,3300,Carl Granderson,C.Granderson,DE,https://static.www.nfl.com/image/private/{formatInstructions}/league/n1thp9nf1gnbj3epsec5,96,4,6,0,0,12,4.746654201434323
2023,REG,12,2023112600,59341,11/26/2023,0200,ATL,3300,NO,visitor,3,4.577731882513236,BRE510679,00-0038995,3300,Bryan Bresee,B.Bresee,DT,https://static.www.nfl.com/image/private/{formatInstructions}/league/ndia5grzqsvtxhql50ss,90,0,3,0,0,9,4.152315727867937
2023,REG,12,2023112600,59341,11/26/2023,0200,ATL,3300,NO,visitor,4,4.577731882513236,SHE517895,00-0034760,3300,Nathan Shepherd,N.Shepherd,DT,https://static.www.nfl.com/image/private/{formatInstructions}/league/etxkcvubkmc4x2qncx5d,93,1,1,0,0,8,5.192782189616763
2023,REG,12,2023112601,59342,11/26/2023,0920,CIN,3900,PIT,home,1,4.577731882513236,HEN324452,00-0033935,0920,Trey Hendrickson,T.Hendrickson,DE,https://static.www.nfl.com/image/private/{formatInstructions}/league/ypeza1qplqqjbvowe2im,91,2,0,1,0,24,4.238042761451755
2023,REG,12,2023112601,59342,11/26/2023,0920,CIN,3900,PIT,home,2,4.577731882513236,HIL096836,00-0034800,0920,B.J. Hill,B.Hill,DT,https://static.www.nfl.com/image/private/{formatInstructions}/league/kzclgv44hziqf33iwtyx,92,0,2,0,0,23,4.916351760884103
2023,REG,12,2023112601,59342,11/26/2023,0920,CIN,3900,PIT,home,3,4.577731882513236,REA148116,00-0032424,0920,D.J. Reader,D.Reader,NT,https://static.www.nfl.com/image/private/{formatInstructions}/league/v17stoz8ugqx9vebprz0,98,2,1,0,0,22,4.482696932733976
2023,REG,12,2023112601,59342,11/26/2023,0920,CIN,3900,PIT,home,4,4.577731882513236,HUB387605,00-0034834,0920,Sam Hubbard,S.Hubbard,DE,https://static.www.nfl.com/image/private/{formatInstructions}/league/fedpaaymkmox3miypjkl,94,2,2,0,0,22,5.142860976094299
2023,REG,12,2023112601,59342,11/26/2023,0920,CIN,3900,PIT,visitor,1,4.577731882513236,HIG595832,00-0036333,3900,Alex Highsmith,A.Highsmith,OLB,https://static.www.nfl.com/image/private/{formatInstructions}/league/xovqquaydxhhxbsiumfu,56,0,1,0,0,23,3.510119018052873
2023,REG,12,2023112601,59342,11/26/2023,0920,CIN,3900,PIT,visitor,2,4.577731882513236,HEY271611,00-0027969,3900,Cameron Heyward,C.Heyward,DT,https://static.www.nfl.com/image/private/{formatInstructions}/league/id93znqysop97rwpm6f1,97,3,1,1,0,22,4.050011945922557
2023,REG,12,2023112601,59342,11/26/2023,0920,CIN,3900,PIT,visitor,3,4.577731882513236,WAT587616,00-0033886,3900,T.J. Watt,T.Watt,OLB,https://static.www.nfl.com/image/private/{formatInstructions}/league/yuqxfzlqjuz7yho5fdpg,90,5,0,2,1,21,3.6613511349777395
2023,REG,12,2023112601,59342,11/26/2023,0920,CIN,3900,PIT,visitor,4,4.577731882513236,OGU431455,00-0033905,3900,Larry Ogunjobi,L.Ogunjobi,DT,https://static.www.nfl.com/image/private/{formatInstructions}/league/lwy0ylpaxchvs61rbkjk,99,0,0,0,0,18,4.472540429154952
2023,REG,12,2023112602,59343,11/26/2023,2120,HOU,2250,JAX,home,1,4.577731882513236,AND627364,00-0039108,2120,Will Anderson,W.Anderson,DE,https://static.www.nfl.com/image/private/{formatInstructions}/league/ip0s1uogbdsiwpmx9fd8,51,2,2,0,0,23,4.335257851432758
2023,REG,12,2023112602,59343,11/26/2023,2120,HOU,2250,JAX,home,2,4.577731882513236,COL633184,00-0033131,2120,Maliek Collins,M.Collins,DT,https://static.www.nfl.com/image/private/{formatInstructions}/league/y9hbtlxivjzgaassmpwt,96,0,1,0,0,21,4.441134118650817
2023,REG,12,2023112602,59343,11/26/2023,2120,HOU,2250,JAX,home,3,4.577731882513236,GRE397948,00-0036224,2120,Jonathan Greenard,J.Greenard,DE,https://static.www.nfl.com/image/private/{formatInstructions}/league/mgn1hyalnf83cwhn7iwo,52,1,1,0,0,17,3.930437756824707
2023,REG,12,2023112602,59343,11/26/2023,2120,HOU,2250,JAX,home,4,4.577731882513236,HIN240815,00-0037459,2120,Kurt Hinish,K.Hinish,DT,https://static.www.nfl.com/image/private/{formatInstructions}/league/kga9pwwrucw7uvqt3pj7,93,1,0,0,0,15,3.921265569377889
2023,REG,12,2023112602,59343,11/26/2023,2120,HOU,2250,JAX,visitor,1,4.577731882513236,ALL528759,00-0035642,2250,Josh Allen,J.Allen,OLB,https://static.www.nfl.com/image/private/{formatInstructions}/league/q807jedjb7igab4graoe,41,4,1,2,0,19,3.5698497474124182
2023,REG,12,2023112602,59343,11/26/2023,2120,HOU,2250,JAX,visitor,2,4.577731882513236,WAL335860,00-0037235,2250,Travon Walker,T.Walker,OLB,https://static.www.nfl.com/image/private/{formatInstructions}/league/u578pgqmortimghxzgev,44,1,2,0,0,17,4.268039620404584
2023,REG,12,2023112602,59343,11/26/2023,2120,HOU,2250,JAX,visitor,3,4.577731882513236,ROB360907,00-0032667,2250,Roy Robertson-Harris,R.Robertson-Harris,DT,https://static.www.nfl.com/image/private/{formatInstructions}/league/rb0pmtszstbyggfqtriw,95,1,0,1,0,13,4.563613276170357
2023,REG,12,2023112602,59343,11/26/2023,2120,HOU,2250,JAX,visitor,4,4.577731882513236,LED229262,00-0033582,2250,Jeremiah Ledbetter,J.Ledbetter,DE,https://static.www.nfl.com/image/private/{formatInstructions}/league/bptimfgpdnvwcpgghwe7,99,0,0,0,0,12,4.621712559646071
2023,REG,12,2023112603,59344,11/26/2023,2200,IND,4900,TB,home,1,4.577731882513236,BUC768760,00-0032378,2200,DeForest Buckner,D.Buckner,DT,https://static.www.nfl.com/image/private/{formatInstructions}/league/ls2tzitcuhmhwug8ohwj,99,5,1,0,0,25,4.161479932309806
2023,REG,12,2023112603,59344,11/26/2023,2200,IND,4900,TB,home,2,4.577731882513236,EBU355964,00-0033945,2200,Samson Ebukam,S.Ebukam,DE,https://static.www.nfl.com/image/private/{formatInstructions}/league/feoglrxvambjd4u4tdq6,52,3,1,2,1,24,3.5951345012589164
2023,REG,12,2023112603,59344,11/26/2023,2200,IND,4900,TB,home,3,4.577731882513236,ODE707589,00-0036480,2200,Dayo Odeyingbo,D.Odeyingbo,DE,https://static.www.nfl.com/image/private/{formatInstructions}/league/cui1htwwnpbwayzucahk,54,0,1,0,0,19,3.8801935703891104
2023,REG,12,2023112603,59344,11/26/2023,2200,IND,4900,TB,home,4,4.577731882513236,PAY168986,00-0036479,2200,Kwity Paye,K.Paye,DE,https://static.www.nfl.com/image/private/{formatInstructions}/league/qo9cpabig7tusr8r49ud,51,1,1,1,0,18,3.591139314662622
2023,REG,12,2023112603,59344,11/26/2023,2200,IND,4900,TB,visitor,1,4.577731882513236,KAN046143,00-0039063,4900,Calijah Kancey,C.Kancey,DE,https://static.www.nfl.com/image/private/{formatInstructions}/league/tmd2noaeemowsnshtzsn,94,2,1,1,0,28,4.528251070045177
2023,REG,12,2023112603,59344,11/26/2023,2200,IND,4900,TB,visitor,2,4.577731882513236,DIA051911,00-0039068,4900,YaYa Diaby,Y.Diaby,OLB,https://static.www.nfl.com/image/private/{formatInstructions}/league/phwg0z0vnkcqpiakw5ut,0,0,1,0,0,26,4.287910977833646
2023,REG,12,2023112603,59344,11/26/2023,2200,IND,4900,TB,visitor,3,4.577731882513236,VEA065410,00-0034773,4900,Vita Vea,V.Vea,NT,https://static.www.nfl.com/image/private/{formatInstructions}/league/e3pgjmrbpteyzrcpkxap,50,0,0,0,0,20,4.652250615466669
2023,REG,12,2023112603,59344,11/26/2023,2200,IND,4900,TB,visitor,4,4.577731882513236,BAR645290,00-0031101,4900,Shaquil Barrett,S.Barrett,OLB,https://static.www.nfl.com/image/private/{formatInstructions}/league/eiilfj6qiri4n9xrclwe,7,3,1,0,0,18,5.085947565920781
2023,REG,12,2023112604,59345,11/26/2023,3410,NYG,3200,NE,home,1,4.577731882513236,THI172866,00-0037611,3410,Kayvon Thibodeaux,K.Thibodeaux,OLB,https://static.www.nfl.com/image/private/{formatInstructions}/league/ssdyrj5nmrcos9zv1e4d,5,4,1,0,1,32,5.392390511604954
2023,REG,12,2023112604,59345,11/26/2023,3410,NYG,3200,NE,home,2,4.577731882513236,NUN250521,00-0031957,3410,Rakeem Nunez-Roches,R.Nunez-Roches,NT,https://static.www.nfl.com/image/private/{formatInstructions}/league/npr1srt57gl9p8caixpo,93,1,0,0,0,26,4.667170388623783
2023,REG,12,2023112604,59345,11/26/2023,3410,NYG,3200,NE,home,3,4.577731882513236,OJU415291,00-0036552,3410,Azeez Ojulari,A.Ojulari,DE,https://static.www.nfl.com/image/private/{formatInstructions}/league/k41l7r8hicknnv9bu59h,51,0,1,0,0,24,5.084050350656
2023,REG,12,2023112604,59345,11/26/2023,3410,NYG,3200,NE,home,4,4.577731882513236,WAR208421,00-0033046,3410,Jihad Ward,J.Ward,DE,https://static.www.nfl.com/image/private/{formatInstructions}/league/woivzfnzublubulaiox1,55,2,3,1,0,16,4.986856934985433
2023,REG,12,2023112604,59345,11/26/2023,3410,NYG,3200,NE,visitor,1,4.577731882513236,BAR221986,00-0036981,3200,Christian Barmore,C.Barmore,DT,https://static.www.nfl.com/image/private/{formatInstructions}/league/h4rtemvkpsx1uyjvnm63,90,2,0,1,0,15,4.7706801974578195
2023,REG,12,2023112604,59345,11/26/2023,3410,NYG,3200,NE,visitor,2,4.577731882513236,GOD093943,00-0033860,3200,Davon Godchaux,D.Godchaux,NT,https://static.www.nfl.com/image/private/{formatInstructions}/league/vdvrll3sffp00ijreboc,92,2,2,0,0,13,6.037001402031025
2023,REG,12,2023112604,59345,11/26/2023,3410,NYG,3200,NE,visitor,3,4.577731882513236,WIS078731,00-0033947,3200,Deatrich Wise,D.Wise,DE,https://static.www.nfl.com/image/private/{formatInstructions}/league/bxwmlzyorjsos6w7g2x6,91,1,1,0,0,11,4.912025962714722
2023,REG,12,2023112604,59345,11/26/2023,3410,NYG,3200,NE,visitor,4,4.577731882513236,UCH415291,00-0036159,3200,Josh Uche,J.Uche,OLB,https://static.www.nfl.com/image/private/{formatInstructions}/league/mrtmlipyemciqc1ofxxq,55,0,0,0,0,11,4.37026639068385
2023,REG,12,2023112605,59346,11/26/2023,2100,TEN,0750,CAR,home,1,4.577731882513236,SIM204336,00-0035643,2100,Jeffery Simmons,J.Simmons,DT,https://static.www.nfl.com/image/private/{formatInstructions}/league/bmlla8bf1h8hxulhcwhv,98,5,0,1,0,23,4.205918265518933
2023,REG,12,2023112605,59346,11/26/2023,2100,TEN,0750,CAR,home,2,4.577731882513236,AUT529722,00-0031254,2100,Denico Autry,D.Autry,DE,https://static.www.nfl.com/image/private/{formatInstructions}/league/fm0gjc1jtbgmmsr4gs9l,96,3,0,2,0,21,3.727905143458946
2023,REG,12,2023112605,59346,11/26/2023,2100,TEN,0750,CAR,home,3,4.577731882513236,LAN159704,00-0034828,2100,Harold Landry,H.Landry,OLB,https://static.www.nfl.com/image/private/{formatInstructions}/league/akafrpdcokvwz2psbbmj,58,2,1,0,0,18,4.146616993970003
2023,REG,12,2023112605,59346,11/26/2023,2100,TEN,0750,CAR,home,4,4.577731882513236,KEY099037,00-0034825,2100,Arden Key,A.Key,OLB,https://static.www.nfl.com/image/private/{formatInstructions}/league/psoje6looquofelpery9,49,2,0,1,1,18,4.249994619602127
2023,REG,12,2023112605,59346,11/26/2023,2100,TEN,0750,CAR,visitor,1,4.577731882513236,BRO393541,00-0036220,0750,Derrick Brown,Der.Brown,DE,https://static.www.nfl.com/image/private/{formatInstructions}/league/snjd4zlvrynmvcnlohej,95,2,3,0,0,22,5.085919765151259
2023,REG,12,2023112605,59346,11/26/2023,2100,TEN,0750,CAR,visitor,2,4.577731882513236,BUR435186,00-0035713,0750,Brian Burns,B.Burns,OLB,https://static.www.nfl.com/image/private/{formatInstructions}/league/pigkreclt8lczii5r2on,0,2,2,1,0,19,3.92792306908973
2023,REG,12,2023112605,59346,11/26/2023,2100,TEN,0750,CAR,visitor,3,4.577731882513236,HAY661575,00-0034382,0750,Marquis Haynes,M.Haynes,OLB,https://static.www.nfl.com/image/private/{formatInstructions}/league/wnbz9bjtz8wooiq2podb,98,1,0,0,0,13,4.691907405635794
2023,REG,12,2023112605,59346,11/26/2023,2100,TEN,0750,CAR,visitor,4,4.577731882513236,RAY370566,00-0037203,0750,LaBryan Ray,L.Ray,DE,https://static.www.nfl.com/image/private/{formatInstructions}/league/aaxrprqjme4rwnuxe0vh,93,1,0,0,0,9,4.6800595279301875
2023,REG,12,2023112606,59347,11/26/2023,3800,ARI,2510,LA,home,1,4.577731882513236,LED300302,00-0035343,3800,Jonathan Ledbetter,J.Ledbetter,DE,https://static.www.nfl.com/image/private/{formatInstructions}/league/vipmbrcixn2huexfkobd,93,2,2,0,0,20,5.321717758310252
2023,REG,12,2023112606,59347,11/26/2023,3800,ARI,2510,LA,home,2,4.577731882513236,STI401047,00-0038623,3800,Dante Stills,D.Stills,DE,https://static.www.nfl.com/image/private/{formatInstructions}/league/mjw66yx6mafncshskyob,55,2,2,0,0,17,5.173677611785844
2023,REG,12,2023112606,59347,11/26/2023,3800,ARI,2510,LA,home,3,4.577731882513236,GAR121450,00-0034473,3800,Dennis Gardeck,D.Gardeck,OLB,https://static.www.nfl.com/image/private/{formatInstructions}/league/apa15w67lwuxt4ucnqhc,45,2,0,0,0,16,4.7176936480793
2023,REG,12,2023112606,59347,11/26/2023,3800,ARI,2510,LA,home,4,4.577731882513236,COL712276,00-0036933,3800,Zaven Collins,Z.Collins,OLB,https://static.www.nfl.com/image/private/{formatInstructions}/league/vrcmqlsrh8zwppjce3z6,25,2,0,0,0,12,4.738860304173141
2023,REG,12,2023112606,59347,11/26/2023,3800,ARI,2510,LA,visitor,1,4.577731882513236,YOU127040,00-0039137,2510,Byron Young,B.Young,OLB,https://static.www.nfl.com/image/private/{formatInstructions}/league/bdfvfh0776dv0sn447pq,0,2,0,0,0,30,4.302772759890169
2023,REG,12,2023112606,59347,11/26/2023,3800,ARI,2510,LA,visitor,2,4.577731882513236,DON134977,00-0031388,2510,Aaron Donald,A.Donald,DT,https://static.www.nfl.com/image/private/{formatInstructions}/league/gou42dathlyc1rfn4pga,99,0,0,0,0,26,4.238996419232351
2023,REG,12,2023112606,59347,11/26/2023,3800,ARI,2510,LA,visitor,3,4.577731882513236,TUR561805,00-0039138,2510,Kobie Turner,K.Turner,NT,https://static.www.nfl.com/image/private/{formatInstructions}/league/ouhisfkb6jyedo6jj0m4,91,3,1,2,0,21,3.401659131406089
2023,REG,12,2023112606,59347,11/26/2023,3800,ARI,2510,LA,visitor,4,4.577731882513236,HOE044723,00-0035933,2510,Michael Hoecht,M.Hoecht,OLB,https://static.www.nfl.com/image/private/{formatInstructions}/league/ufxnrf3mqht5ijy0ln2i,97,4,1,1,0,19,4.417876647233105
2023,REG,12,2023112607,59348,11/26/2023,1400,DEN,1050,CLE,home,1,4.577731882513236,ALL656181,00-0035248,1400,Zach Allen,Z.Allen,DE,https://static.www.nfl.com/image/private/{formatInstructions}/league/jbqsgpcisn8px60ab3xf,99,0,1,0,0,29,3.789609984629991
2023,REG,12,2023112607,59348,11/26/2023,1400,DEN,1050,CLE,home,2,4.577731882513236,HAR450542,00-0035073,1400,Jonathan Harris,J.Harris,DE,https://static.www.nfl.com/image/private/{formatInstructions}/league/ys2maliulozxjdujbpdl,92,3,0,0,0,29,4.294783647509079
2023,REG,12,2023112607,59348,11/26/2023,1400,DEN,1050,CLE,home,3,4.577731882513236,COO617139,00-0036952,1400,Jonathon Cooper,J.Cooper,OLB,https://static.www.nfl.com/image/private/{formatInstructions}/league/dvuos7qbtpi5jmo41sry,0,4,1,0,0,24,4.266239300782461
2023,REG,12,2023112607,59348,11/26/2023,1400,DEN,1050,CLE,home,4,4.577731882513236,BRO806290,00-0036995,1400,Baron Browning,B.Browning,ILB,https://static.www.nfl.com/image/private/{formatInstructions}/league/xfkd9rhl1tun2nwvor6n,56,1,1,0,0,23,4.125118320050098
2023,REG,12,2023112607,59348,11/26/2023,1400,DEN,1050,CLE,visitor,1,4.577731882513236,GAR528896,00-0033868,1050,Myles Garrett,M.Garrett,DE,https://static.www.nfl.com/image/private/{formatInstructions}/league/y33rmtjxhgil7cjcftlc,95,2,0,0,0,12,4.207949559975602
2023,REG,12,2023112607,59348,11/26/2023,1400,DEN,1050,CLE,visitor,2,4.577731882513236,HAR536152,00-0031270,1050,Shelby Harris,S.Harris,DT,https://static.www.nfl.com/image/upload/{formatInstructions}/league/lppu8txhvbs0h7ftxswg,93,0,2,0,0,9,5.339754665078434
2023,REG,12,2023112607,59348,11/26/2023,1400,DEN,1050,CLE,visitor,3,4.577731882513236,TOM676763,00-0033546,1050,Dalvin Tomlinson,D.Tomlinson,DT,https://static.www.nfl.com/image/private/{formatInstructions}/league/bopmatmiwmclctokq7b6,94,1,0,0,0,9,5.660398479165382
2023,REG,12,2023112607,59348,11/26/2023,1400,DEN,1050,CLE,visitor,4,4.577731882513236,SMI827086,00-0031576,1050,Za'Darius Smith,Z.Smith,DE,https://static.www.nfl.com/image/private/{formatInstructions}/league/xysjqfrdv1bvqocjyhsu,99,1,0,0,0,7,4.808431201043399
2023,REG,12,2023112608,59349,11/26/2023,2520,LV,2310,KC,home,1,4.577731882513236,CRO371007,00-0034973,2520,Maxx Crosby,M.Crosby,DE,https://static.www.nfl.com/image/private/{formatInstructions}/league/ryx2ur9vl647z34ltt2q,98,1,0,1,0,26,5.405251281444601
2023,REG,12,2023112608,59349,11/26/2023,2520,LV,2310,KC,home,2,4.577731882513236,BUT106408,00-0033381,2520,Adam Butler,A.Butler,DT,https://static.www.nfl.com/image/private/{formatInstructions}/league/ijlj4afpy1na9i9hxfvc,69,1,0,0,0,15,5.563967759717527
2023,REG,12,2023112608,59349,11/26/2023,2520,LV,2310,KC,home,3,4.577731882513236,TIL189606,00-0035674,2520,Jerry Tillery,J.Tillery,DT,https://static.www.nfl.com/image/private/{formatInstructions}/league/wacmikdak7zlgknkqzgc,90,1,1,0,0,15,5.220011733422994
2023,REG,12,2023112608,59349,11/26/2023,2520,LV,2310,KC,home,4,4.577731882513236,KOO195832,00-0036989,2520,Malcolm Koonce,M.Koonce,DE,https://static.www.nfl.com/image/private/{formatInstructions}/league/nvgan7b6roodcugsa9iy,51,2,1,0,0,14,4.137021272088917
2023,REG,12,2023112608,59349,11/26/2023,2520,LV,2310,KC,visitor,1,4.577731882513236,JON162595,00-0032762,2310,Chris Jones,C.Jones,DT,https://static.www.nfl.com/image/private/{formatInstructions}/league/tzeyeldnaaxjsg4beczj,95,1,1,0,0,27,4.712518111730228
2023,REG,12,2023112608,59349,11/26/2023,2520,LV,2310,KC,visitor,2,4.577731882513236,KAR303382,00-0037192,2310,George Karlaftis,G.Karlaftis,DE,https://static.www.nfl.com/image/private/{formatInstructions}/league/kwmi9hcgixedzkqo0hd9,56,3,0,1,0,27,4.9886612138107
2023,REG,12,2023112608,59349,11/26/2023,2520,LV,2310,KC,visitor,3,4.577731882513236,OME565785,00-0035279,2310,Charles Omenihu,C.Omenihu,DE,https://static.www.nfl.com/image/private/{formatInstructions}/league/n7hyavaepvuienrmh9bi,90,1,1,0,0,24,4.376942528848377
2023,REG,12,2023112608,59349,11/26/2023,2520,LV,2310,KC,visitor,4,4.577731882513236,DAN721566,00-0036378,2310,Michael Danna,M.Danna,DE,https://static.www.nfl.com/image/private/{formatInstructions}/league/oiywq8es1rm2rjnpbouw,51,2,1,0,0,20,3.6887779873493955
2023,REG,12,2023112609,59350,11/26/2023,3700,PHI,0610,BUF,home,1,4.577731882513236,RED324095,00-0033875,3700,Haason Reddick,H.Reddick,OLB,https://static.www.nfl.com/image/private/{formatInstructions}/league/qqfxdnlmmyzbh27lmxgi,7,2,1,0,0,39,4.961050742669341
2023,REG,12,2023112609,59350,11/26/2023,3700,PHI,0610,BUF,home,2,4.577731882513236,SWE031587,00-0034381,3700,Josh Sweat,J.Sweat,DE,https://static.www.nfl.com/image/private/{formatInstructions}/league/r8tbgqchezlbyykxvloz,94,2,0,0,0,39,4.451337586638136
2023,REG,12,2023112609,59350,11/26/2023,3700,PHI,0610,BUF,home,3,4.577731882513236,CAR656628,00-0038386,3700,Jalen Carter,J.Carter,DT,https://static.www.nfl.com/image/private/{formatInstructions}/league/l1xdbx3qtrtbv6scixbn,98,3,1,0,0,35,4.204154309292487
2023,REG,12,2023112609,59350,11/26/2023,3700,PHI,0610,BUF,home,4,4.577731882513236,DAV487265,00-0037073,3700,Jordan Davis,J.Davis,DT,https://static.www.nfl.com/image/private/{formatInstructions}/league/woqb6yohpkcydp989ed2,90,1,4,0,0,31,4.28563939787367
2023,REG,12,2023112609,59350,11/26/2023,3700,PHI,0610,BUF,visitor,1,4.577731882513236,OLI290385,00-0035230,0610,Ed Oliver,E.Oliver,DT,https://static.www.nfl.com/image/private/{formatInstructions}/league/e2nyrgwol6dnvxotljae,91,3,2,0,0,21,4.643943750644383
2023,REG,12,2023112609,59350,11/26/2023,3700,PHI,0610,BUF,visitor,2,4.577731882513236,FLO758060,00-0033072,0610,Leonard Floyd,L.Floyd,DE,https://static.www.nfl.com/image/private/{formatInstructions}/league/mmexfoamcspblwripdan,56,0,1,0,0,19,4.733907321107182
2023,REG,12,2023112609,59350,11/26/2023,3700,PHI,0610,BUF,visitor,3,4.577731882513236,ROU617685,00-0036914,0610,Gregory Rousseau,G.Rousseau,DE,https://static.www.nfl.com/image/private/{formatInstructions}/league/insb9f4qznbgcfyreogp,50,3,1,0,0,13,4.2145815563322895
2023,REG,12,2023112609,59350,11/26/2023,3700,PHI,0610,BUF,visitor,4,4.577731882513236,EPE415291,00-0036192,0610,A.J. Epenesa,A.Epenesa,DE,https://static.www.nfl.com/image/private/{formatInstructions}/league/nimlvhdjfwqumq8ecrlw,57,1,0,0,0,11,3.4854095102149554
2023,REG,12,2023112610,59351,11/26/2023,4400,LAC,0325,BAL,home,1,4.577731882513236,TUI720077,00-0039111,4400,Tuli Tuipulotu,T.Tuipulotu,DE,https://static.www.nfl.com/image/private/{formatInstructions}/league/wdiuxzxcsalogxhdxdec,45,3,1,0,0,27,4.849685595248495
2023,REG,12,2023112610,59351,11/26/2023,4400,LAC,0325,BAL,home,2,4.577731882513236,MAC325122,00-0031040,4400,Khalil Mack,K.Mack,DE,https://static.www.nfl.com/image/private/{formatInstructions}/league/hkxmcpv1vobtydr4yt7n,52,4,2,2,0,23,4.3367155118486975
2023,REG,12,2023112610,59351,11/26/2023,4400,LAC,0325,BAL,home,3,4.577731882513236,JOS280126,00-0034810,4400,Sebastian Joseph,S.Joseph,DT,https://static.www.nfl.com/image/private/{formatInstructions}/league/smlfibms0dabjqpf29wg,51,0,1,0,0,15,4.340181264388495
2023,REG,12,2023112610,59351,11/26/2023,4400,LAC,0325,BAL,home,4,4.577731882513236,FOX250058,00-0032671,4400,Morgan Fox,M.Fox,DT,https://static.www.nfl.com/image/private/{formatInstructions}/league/qvo06vbj0iivq9xntc1c,56,0,0,0,0,14,3.805747759816595
2023,REG,12,2023112610,59351,11/26/2023,4400,LAC,0325,BAL,visitor,1,4.577731882513236,OWE012098,00-0036940,0325,Odafe Oweh,O.Oweh,OLB,https://static.www.nfl.com/image/private/{formatInstructions}/league/zlf34rejm1bnlc07izfd,99,2,0,0,0,29,4.249943947123254
2023,REG,12,2023112610,59351,11/26/2023,4400,LAC,0325,BAL,visitor,2,4.577731882513236,VAN656604,00-0031360,0325,Kyle Van Noy,K.Van Noy,OLB,https://static.www.nfl.com/image/private/{formatInstructions}/league/znklqcbz96hplzfzqunt,50,3,0,0,0,25,4.555053197514303
2023,REG,12,2023112610,59351,11/26/2023,4400,LAC,0325,BAL,visitor,3,4.577731882513236,MAD784440,00-0036130,0325,Justin Madubuike,J.Madubuike,DT,https://static.www.nfl.com/image/private/{formatInstructions}/league/tvitcjl2ahtfjqogd2rx,92,0,1,0,0,24,3.854445346474026
2023,REG,12,2023112610,59351,11/26/2023,4400,LAC,0325,BAL,visitor,4,4.577731882513236,CLO535848,00-0031364,0325,Jadeveon Clowney,J.Clowney,OLB,https://static.www.nfl.com/image/private/{formatInstructions}/league/rmuagbaye1s4hfevcqov,24,2,1,1,1,22,4.325481827359728
2023,REG,12,2023112700,59352,11/27/2023,3000,MIN,0810,CHI,home,1,4.577731882513236,HUN529240,00-0031565,3000,Danielle Hunter,D.Hunter,OLB,https://static.www.nfl.com/image/private/{formatInstructions}/league/mcimj8g9r5vhy4rzreih,99,6,3,1,1,28,4.5484212062455915
2023,REG,12,2023112700,59352,11/27/2023,3000,MIN,0810,CHI,home,2,4.577731882513236,WON272160,00-0036335,3000,D.J. Wonnum,D.Wonnum,OLB,https://static.www.nfl.com/image/private/{formatInstructions}/league/eyocajqgfrigi444hnkq,98,3,2,0,0,22,4.106243245617688
2023,REG,12,2023112700,59352,11/27/2023,3000,MIN,0810,CHI,home,3,4.577731882513236,BUL366378,00-0033093,3000,Jonathan Bullard,J.Bullard,DE,https://static.www.nfl.com/image/private/{formatInstructions}/league/hgxa0we4sgcfdb7wim77,90,0,3,0,0,15,4.787173674307533
2023,REG,12,2023112700,59352,11/27/2023,3000,MIN,0810,CHI,home,4,4.577731882513236,PHI215142,00-0034782,3000,Harrison Phillips,H.Phillips,DT,https://static.www.nfl.com/image/private/{formatInstructions}/league/qyfhltyov0a0rigpe0mu,97,2,2,0,0,14,5.218004591359495
2023,REG,12,2023112700,59352,11/27/2023,3000,MIN,0810,CHI,visitor,1,4.577731882513236,SWE034375,00-0035647,0810,Montez Sweat,M.Sweat,DE,https://static.www.nfl.com/image/upload/{formatInstructions}/league/vvbqme5ucgzcddjwc5xm,98,2,1,1,0,22,3.620689267011384
2023,REG,12,2023112700,59352,11/27/2023,3000,MIN,0810,CHI,visitor,2,4.577731882513236,JON518335,00-0034677,0810,Justin Jones,Ju.Jones,DT,https://static.www.nfl.com/image/private/{formatInstructions}/league/zsfbwgrrxrqbahv318xu,93,1,0,0,0,21,3.8229586283646704
2023,REG,12,2023112700,59352,11/27/2023,3000,MIN,0810,CHI,visitor,3,4.577731882513236,NGA355963,00-0033123,0810,Yannick Ngakoue,Y.Ngakoue,DE,https://static.www.nfl.com/image/private/{formatInstructions}/league/gm3h8c0ov8hffmaw7efj,91,0,1,0,0,14,3.759296050761001
2023,REG,12,2023112700,59352,11/27/2023,3000,MIN,0810,CHI,visitor,4,4.577731882513236,BIL462662,00-0033066,0810,Andrew Billings,A.Billings,DT,https://static.www.nfl.com/image/private/{formatInstructions}/league/pg8iar3d8s2to8pt3yvz,97,0,1,0,0,13,3.246320929526104
2023,REG,13,2023113000,59353,11/30/2023,1200,DAL,4600,SEA,home,1,4.577731882513236,PAR753418,00-0036932,1200,Micah Parsons,M.Parsons,OLB,https://static.www.nfl.com/image/private/{formatInstructions}/league/vnasvto6q1izyolgu7db,11,1,1,0,0,34,3.45459219158163
2023,REG,13,2023113000,59353,11/30/2023,1200,DAL,4600,SEA,home,2,4.577731882513236,LAW282118,00-0031411,1200,Demarcus Lawrence,D.Lawrence,DE,https://static.www.nfl.com/image/private/{formatInstructions}/league/zqkya3dftem6ykdpsjem,90,2,4,0,0,24,4.467640463814191
2023,REG,13,2023113000,59353,11/30/2023,1200,DAL,4600,SEA,home,3,4.577731882513236,ARM218905,00-0034373,1200,Dorance Armstrong,D.Armstrong,DE,https://static.www.nfl.com/image/private/{formatInstructions}/league/tcudmhrcnl85ii2t3wvy,92,1,2,0,0,24,4.0240922780296495
2023,REG,13,2023113000,59353,11/30/2023,1200,DAL,4600,SEA,home,4,4.577731882513236,ODI118654,00-0036942,1200,Osa Odighizuwa,O.Odighizuwa,DT,https://static.www.nfl.com/image/private/{formatInstructions}/league/l6baz1fnywtp18wcydrd,97,3,3,0,0,22,4.992606787369161
2023,REG,13,2023113000,59353,11/30/2023,1200,DAL,4600,SEA,visitor,1,4.577731882513236,WIL426411,00-0031933,4600,Leonard Williams,L.Williams,DT,https://static.www.nfl.com/image/upload/{formatInstructions}/league/j9yrlxnwf68mxethz6sc,99,2,1,1,0,28,3.5183766669077685
2023,REG,13,2023113000,59353,11/30/2023,1200,DAL,4600,SEA,visitor,2,4.577731882513236,MAF415291,00-0038133,4600,Boye Mafe,B.Mafe,OLB,https://static.www.nfl.com/image/private/{formatInstructions}/league/sqtz8e4f9ccfhioap0qp,53,1,1,0,0,27,3.8766683300619995
2023,REG,13,2023113000,59353,11/30/2023,1200,DAL,4600,SEA,visitor,3,4.577731882513236,REE257783,00-0032387,4600,Jarran Reed,Ja.Reed,NT,https://static.www.nfl.com/image/private/{formatInstructions}/league/hp86k8wv76vaid3dyzen,90,4,3,1,0,25,4.571193186847835
2023,REG,13,2023113000,59353,11/30/2023,1200,DAL,4600,SEA,visitor,4,4.577731882513236,JON263738,00-0035678,4600,Dre'Mont Jones,D.Jones,DE,https://static.www.nfl.com/image/private/{formatInstructions}/league/jtymiyxibjaktdm0h9by,55,2,2,0,0,20,4.325135915572675
2023,REG,13,2023120300,59354,12/03/2023,3200,NE,4400,LAC,home,1,4.577731882513236,WHI315646,00-0039148,3200,Keion White,K.White,DE,https://static.www.nfl.com/image/private/{formatInstructions}/league/rjc9qgamwszqabbidwla,99,2,2,0,0,28,5.419299417643933
2023,REG,13,2023120300,59354,12/03/2023,3200,NE,4400,LAC,home,2,4.577731882513236,GOD093943,00-0033860,3200,Davon Godchaux,D.Godchaux,NT,https://static.www.nfl.com/image/private/{formatInstructions}/league/vdvrll3sffp00ijreboc,92,1,2,0,0,24,4.939595927424594
2023,REG,13,2023120300,59354,12/03/2023,3200,NE,4400,LAC,home,3,4.577731882513236,BAR221986,00-0036981,3200,Christian Barmore,C.Barmore,DT,https://static.www.nfl.com/image/private/{formatInstructions}/league/h4rtemvkpsx1uyjvnm63,90,1,0,0,0,23,3.9984625896734456
2023,REG,13,2023120300,59354,12/03/2023,3200,NE,4400,LAC,home,4,4.577731882513236,JEN457643,00-0036193,3200,Anfernee Jennings,A.Jennings,OLB,https://static.www.nfl.com/image/private/{formatInstructions}/league/rhpdybqsxdk8fo1wczc3,33,2,1,0,0,18,4.429757686992769
2023,REG,13,2023120300,59354,12/03/2023,3200,NE,4400,LAC,visitor,1,4.577731882513236,TUI720077,00-0039111,4400,Tuli Tuipulotu,T.Tuipulotu,DE,https://static.www.nfl.com/image/private/{formatInstructions}/league/wdiuxzxcsalogxhdxdec,45,1,0,0,1,19,4.729211897597076
2023,REG,13,2023120300,59354,12/03/2023,3200,NE,4400,LAC,visitor,2,4.577731882513236,MAC325122,00-0031040,4400,Khalil Mack,K.Mack,DE,https://static.www.nfl.com/image/private/{formatInstructions}/league/hkxmcpv1vobtydr4yt7n,52,5,0,2,1,18,5.642236784940284
2023,REG,13,2023120300,59354,12/03/2023,3200,NE,4400,LAC,visitor,3,4.577731882513236,JOS280126,00-0034810,4400,Sebastian Joseph,S.Joseph,DT,https://static.www.nfl.com/image/private/{formatInstructions}/league/smlfibms0dabjqpf29wg,51,0,2,0,0,14,5.015474912576126
2023,REG,13,2023120300,59354,12/03/2023,3200,NE,4400,LAC,visitor,4,4.577731882513236,JOH064658,00-0032763,4400,Austin Johnson,A.Johnson,DT,https://static.www.nfl.com/image/private/{formatInstructions}/league/yw0n2arlqinekrb9izou,98,3,1,0,0,11,4.737802878332379
2023,REG,13,2023120301,59355,12/03/2023,3300,NO,1540,DET,home,1,4.577731882513236,GRA291153,00-0035402,3300,Carl Granderson,C.Granderson,DE,https://static.www.nfl.com/image/private/{formatInstructions}/league/n1thp9nf1gnbj3epsec5,96,1,2,0,0,21,4.308892306991183
2023,REG,13,2023120301,59355,12/03/2023,3300,NO,1540,DET,home,2,4.577731882513236,BRE510679,00-0038995,3300,Bryan Bresee,B.Bresee,DT,https://static.www.nfl.com/image/private/{formatInstructions}/league/ndia5grzqsvtxhql50ss,90,1,1,0,0,16,4.301683752161789
2023,REG,13,2023120301,59355,12/03/2023,3300,NO,1540,DET,home,3,4.577731882513236,KPA593274,00-0033902,3300,Tanoh Kpassagnon,T.Kpassagnon,DE,https://static.www.nfl.com/image/private/{formatInstructions}/league/ilr1bs7qesfq7fryeetc,92,1,1,0,0,12,4.349391070083051
2023,REG,13,2023120301,59355,12/03/2023,3300,NO,1540,DET,home,4,4.577731882513236,ROA281802,00-0035763,3300,Malcolm Roach,M.Roach,DT,https://static.www.nfl.com/image/private/{formatInstructions}/league/fcduktfjoebmwuqvqcjo,97,1,2,0,0,10,5.167816508659305
2023,REG,13,2023120301,59355,12/03/2023,3300,NO,1540,DET,visitor,1,4.577731882513236,HUT099869,00-0037236,1540,Aidan Hutchinson,A.Hutchinson,DE,https://static.www.nfl.com/image/private/{formatInstructions}/league/zywrtjyja5l8efay1six,97,2,0,0,0,23,3.33433622859942
2023,REG,13,2023120301,59355,12/03/2023,3300,NO,1540,DET,visitor,2,4.577731882513236,MCN611247,00-0036624,1540,Alim McNeill,A.McNeill,DT,https://static.www.nfl.com/image/private/{formatInstructions}/league/hrqtcha6t35jwvoswc1k,54,2,1,0,0,17,3.818343679964954
2023,REG,13,2023120301,59355,12/03/2023,3300,NO,1540,DET,visitor,3,4.577731882513236,PAS068486,00-0038096,1540,Josh Paschal,J.Paschal,DE,https://static.www.nfl.com/image/private/{formatInstructions}/league/ivkpwgpcixlvfbpzurab,93,3,0,0,0,17,4.297345216635797
2023,REG,13,2023120301,59355,12/03/2023,3300,NO,1540,DET,visitor,4,4.577731882513236,COM275428,00-0035265,1540,John Cominsky,J.Cominsky,DE,https://static.www.nfl.com/image/private/{formatInstructions}/league/u6asvfs4kqjcuxvvz0tl,79,1,1,0,0,10,4.1155732929361815
2023,REG,13,2023120302,59356,12/03/2023,3430,NYJ,0200,ATL,home,1,4.577731882513236,WIL132672,00-0035718,3430,Quinnen Williams,Q.Williams,NT,https://static.www.nfl.com/image/private/{formatInstructions}/league/ftjeq2xr9mvck8mfkute,95,3,1,0,1,17,3.0933112413727724
2023,REG,13,2023120302,59356,12/03/2023,3430,NYJ,0200,ATL,home,2,4.577731882513236,HUF090844,00-0036151,3430,Bryce Huff,B.Huff,DE,https://static.www.nfl.com/image/private/{formatInstructions}/league/we20nyvj1dcdepuob9xh,47,1,0,0,0,17,3.4978914035062645
2023,REG,13,2023120302,59356,12/03/2023,3430,NYJ,0200,ATL,home,3,4.577731882513236,FRA563573,00-0034805,3430,John Franklin-Myers,J.Franklin-Myers,DE,https://static.www.nfl.com/image/private/{formatInstructions}/league/q4aysumc2wxfocjtpdkl,91,1,1,0,0,16,5.294687143767751
2023,REG,13,2023120302,59356,12/03/2023,3430,NYJ,0200,ATL,home,4,4.577731882513236,JOH789955,00-0037663,3430,Jermaine Johnson,J.Johnson,OLB,https://static.www.nfl.com/image/private/{formatInstructions}/league/tksswzrbrb6ndpbczqon,11,2,2,1,0,16,3.291864495979877
2023,REG,13,2023120302,59356,12/03/2023,3430,NYJ,0200,ATL,visitor,1,4.577731882513236,DUP507860,00-0032146,0200,Bud Dupree,B.Dupree,OLB,https://static.www.nfl.com/image/private/{formatInstructions}/league/i2b1ykt4jgmdabmwoqoo,48,3,4,2,1,24,4.426604000087987
2023,REG,13,2023120302,59356,12/03/2023,3430,NYJ,0200,ATL,visitor,2,4.577731882513236,CAM208843,00-0026190,0200,Calais Campbell,C.Campbell,DE,https://static.www.nfl.com/image/private/{formatInstructions}/league/wbrve7zrrqiuknohpecm,93,1,2,0,0,22,5.002628442802496
2023,REG,13,2023120302,59356,12/03/2023,3430,NYJ,0200,ATL,visitor,3,4.577731882513236,STR306064,00-0034320,0200,Kentavius Street,K.Street,DT,https://static.www.nfl.com/image/upload/{formatInstructions}/league/loigf72cxxnkkjzihi9y,75,2,1,0,0,17,4.970063456825886
2023,REG,13,2023120302,59356,12/03/2023,3430,NYJ,0200,ATL,visitor,4,4.577731882513236,ONY164481,00-0033051,0200,David Onyemata,D.Onyemata,DT,https://static.www.nfl.com/image/private/{formatInstructions}/league/uyu66sa3d2gpsh5tyhxw,90,2,2,0,0,14,5.309177820560906
2023,REG,13,2023120303,59357,12/03/2023,3900,PIT,3800,ARI,home,1,4.577731882513236,WAT587616,00-0033886,3900,T.J. Watt,T.Watt,OLB,https://static.www.nfl.com/image/private/{formatInstructions}/league/yuqxfzlqjuz7yho5fdpg,90,3,3,0,0,22,4.2183305858305005
2023,REG,13,2023120303,59357,12/03/2023,3900,PIT,3800,ARI,home,2,4.577731882513236,OGU431455,00-0033905,3900,Larry Ogunjobi,L.Ogunjobi,DT,https://static.www.nfl.com/image/private/{formatInstructions}/league/lwy0ylpaxchvs61rbkjk,99,0,3,0,0,22,4.5396195587217765
2023,REG,13,2023120303,59357,12/03/2023,3900,PIT,3800,ARI,home,3,4.577731882513236,HEY271611,00-0027969,3900,Cameron Heyward,C.Heyward,DT,https://static.www.nfl.com/image/private/{formatInstructions}/league/id93znqysop97rwpm6f1,97,1,0,0,0,17,4.4813569119074135
2023,REG,13,2023120303,59357,12/03/2023,3900,PIT,3800,ARI,home,4,4.577731882513236,HIG595832,00-0036333,3900,Alex Highsmith,A.Highsmith,OLB,https://static.www.nfl.com/image/private/{formatInstructions}/league/xovqquaydxhhxbsiumfu,56,5,3,1,0,17,3.93476356829289
2023,REG,13,2023120303,59357,12/03/2023,3900,PIT,3800,ARI,visitor,1,4.577731882513236,STI401047,00-0038623,3800,Dante Stills,D.Stills,DE,https://static.www.nfl.com/image/private/{formatInstructions}/league/mjw66yx6mafncshskyob,55,0,2,0,0,17,4.689579900990619
2023,REG,13,2023120303,59357,12/03/2023,3900,PIT,3800,ARI,visitor,2,4.577731882513236,LED300302,00-0035343,3800,Jonathan Ledbetter,J.Ledbetter,DE,https://static.www.nfl.com/image/private/{formatInstructions}/league/vipmbrcixn2huexfkobd,93,1,3,0,0,13,4.270295924402041
2023,REG,13,2023120303,59357,12/03/2023,3900,PIT,3800,ARI,visitor,3,4.577731882513236,GAR121450,00-0034473,3800,Dennis Gardeck,D.Gardeck,OLB,https://static.www.nfl.com/image/private/{formatInstructions}/league/apa15w67lwuxt4ucnqhc,45,0,0,0,0,12,3.442748521392217
2023,REG,13,2023120303,59357,12/03/2023,3900,PIT,3800,ARI,visitor,4,4.577731882513236,STR637423,00-0035334,3800,Kevin Strong,K.Strong,NT,https://static.www.nfl.com/image/private/{formatInstructions}/league/ayepxrrynzz6cnxf5xco,92,3,2,0,0,12,4.609982105594629
2023,REG,13,2023120304,59358,12/03/2023,4900,TB,0750,CAR,home,1,4.577731882513236,KAN046143,00-0039063,4900,Calijah Kancey,C.Kancey,DE,https://static.www.nfl.com/image/private/{formatInstructions}/league/tmd2noaeemowsnshtzsn,94,1,1,0,0,19,4.619404194251346
2023,REG,13,2023120304,59358,12/03/2023,4900,TB,0750,CAR,home,2,4.577731882513236,VEA065410,00-0034773,4900,Vita Vea,V.Vea,NT,https://static.www.nfl.com/image/private/{formatInstructions}/league/e3pgjmrbpteyzrcpkxap,50,1,1,0,0,17,5.623647218815042
2023,REG,13,2023120304,59358,12/03/2023,4900,TB,0750,CAR,home,3,4.577731882513236,BAR645290,00-0031101,4900,Shaquil Barrett,S.Barrett,OLB,https://static.www.nfl.com/image/private/{formatInstructions}/league/eiilfj6qiri4n9xrclwe,7,0,1,0,0,14,3.661581068678586
2023,REG,13,2023120304,59358,12/03/2023,4900,TB,0750,CAR,home,4,4.577731882513236,DIA051911,00-0039068,4900,YaYa Diaby,Y.Diaby,OLB,https://static.www.nfl.com/image/private/{formatInstructions}/league/phwg0z0vnkcqpiakw5ut,0,3,3,1,0,14,4.3149573065734765
2023,REG,13,2023120304,59358,12/03/2023,4900,TB,0750,CAR,visitor,1,4.577731882513236,BRO393541,00-0036220,0750,Derrick Brown,Der.Brown,DT,https://static.www.nfl.com/image/private/{formatInstructions}/league/snjd4zlvrynmvcnlohej,95,1,3,0,0,27,3.224323207609059
2023,REG,13,2023120304,59358,12/03/2023,4900,TB,0750,CAR,visitor,2,4.577731882513236,BUR435186,00-0035713,0750,Brian Burns,B.Burns,OLB,https://static.www.nfl.com/image/private/{formatInstructions}/league/pigkreclt8lczii5r2on,0,1,0,0,0,20,4.06459315575234
2023,REG,13,2023120304,59358,12/03/2023,4900,TB,0750,CAR,visitor,3,4.577731882513236,GRO610423,00-0036288,0750,Yetur Gross-Matos,Y.Gross-Matos,OLB,https://static.www.nfl.com/image/private/{formatInstructions}/league/fxi23cpqddqvbwwxf5xb,97,2,2,0,0,15,3.7534753560707954
2023,REG,13,2023120304,59358,12/03/2023,4900,TB,0750,CAR,visitor,4,4.577731882513236,HAY661575,00-0034382,0750,Marquis Haynes,M.Haynes,OLB,https://static.www.nfl.com/image/private/{formatInstructions}/league/wnbz9bjtz8wooiq2podb,98,5,2,1,0,14,4.924370243493564
2023,REG,13,2023120305,59359,12/03/2023,2100,TEN,2200,IND,home,1,4.577731882513236,KEY099037,00-0034825,2100,Arden Key,A.Key,OLB,https://static.www.nfl.com/image/private/{formatInstructions}/league/psoje6looquofelpery9,49,0,1,0,0,30,3.813214276781401
2023,REG,13,2023120305,59359,12/03/2023,2100,TEN,2200,IND,home,2,4.577731882513236,AUT529722,00-0031254,2100,Denico Autry,D.Autry,DE,https://static.www.nfl.com/image/private/{formatInstructions}/league/fm0gjc1jtbgmmsr4gs9l,96,3,1,1,1,28,4.240177544852
2023,REG,13,2023120305,59359,12/03/2023,2100,TEN,2200,IND,home,3,4.577731882513236,LAN159704,00-0034828,2100,Harold Landry,H.Landry,OLB,https://static.www.nfl.com/image/private/{formatInstructions}/league/akafrpdcokvwz2psbbmj,58,4,4,0,0,24,3.4838306651370092
2023,REG,13,2023120305,59359,12/03/2023,2100,TEN,2200,IND,home,4,4.577731882513236,TAR666268,00-0036181,2100,Teair Tart,T.Tart,DT,https://static.www.nfl.com/image/private/{formatInstructions}/league/klk9vuxhrmlmqnw0ee5l,93,0,1,0,0,19,5.254790265618827
2023,REG,13,2023120305,59359,12/03/2023,2100,TEN,2200,IND,visitor,1,4.577731882513236,BUC768760,00-0032378,2200,DeForest Buckner,D.Buckner,DT,https://static.www.nfl.com/image/private/{formatInstructions}/league/ls2tzitcuhmhwug8ohwj,99,3,3,0,0,26,3.3343193107414946
2023,REG,13,2023120305,59359,12/03/2023,2100,TEN,2200,IND,visitor,2,4.577731882513236,EBU355964,00-0033945,2200,Samson Ebukam,S.Ebukam,DE,https://static.www.nfl.com/image/private/{formatInstructions}/league/feoglrxvambjd4u4tdq6,52,5,1,2,1,22,3.4396180456356658
2023,REG,13,2023120305,59359,12/03/2023,2100,TEN,2200,IND,visitor,3,4.577731882513236,PAY168986,00-0036479,2200,Kwity Paye,K.Paye,DE,https://static.www.nfl.com/image/private/{formatInstructions}/league/qo9cpabig7tusr8r49ud,51,4,2,2,2,22,3.3777643240648754
2023,REG,13,2023120305,59359,12/03/2023,2100,TEN,2200,IND,visitor,4,4.577731882513236,ODE707589,00-0036480,2200,Dayo Odeyingbo,D.Odeyingbo,DE,https://static.www.nfl.com/image/private/{formatInstructions}/league/cui1htwwnpbwayzucahk,54,4,3,0,0,19,3.179823319329622
2023,REG,13,2023120306,59360,12/03/2023,5110,WAS,2700,MIA,home,1,4.577731882513236,PAY281222,00-0034333,5110,Daron Payne,D.Payne,DT,https://static.www.nfl.com/image/private/{formatInstructions}/league/vxrbsde7ynj9mahsxfcs,94,2,1,0,0,19,4.493298497743361
2023,REG,13,2023120306,59360,12/03/2023,5110,WAS,2700,MIA,home,2,4.577731882513236,TOO260938,00-0036403,5110,Casey Toohill,C.Toohill,DE,https://static.www.nfl.com/image/private/{formatInstructions}/league/ua0oplgml0z0m1ru91om,95,1,1,0,0,18,5.838523484139986
2023,REG,13,2023120306,59360,12/03/2023,5110,WAS,2700,MIA,home,3,4.577731882513236,ALL512725,00-0033523,5110,Jonathan Allen,J.Allen,DT,https://static.www.nfl.com/image/private/{formatInstructions}/league/uyc2yzn3jzzmx8zkswex,93,1,0,0,0,15,4.033919841808147
2023,REG,13,2023120306,59360,12/03/2023,5110,WAS,2700,MIA,home,4,4.577731882513236,JON826252,00-0038635,5110,Andre Jones,A.Jones,DE,,50,0,1,0,0,12,4.97066618665328
2023,REG,13,2023120306,59360,12/03/2023,5110,WAS,2700,MIA,visitor,1,4.577731882513236,WIL081088,00-0035231,2700,Christian Wilkins,C.Wilkins,DE,https://static.www.nfl.com/image/private/{formatInstructions}/league/yngx6poa67gosj2oiwk1,94,1,2,0,0,18,4.6760523054393035
2023,REG,13,2023120306,59360,12/03/2023,5110,WAS,2700,MIA,visitor,2,4.577731882513236,CHU028799,00-0034832,2700,Bradley Chubb,B.Chubb,OLB,https://static.www.nfl.com/image/private/{formatInstructions}/league/to1i0hqzw9xoy0tgm9ck,2,1,4,0,0,17,3.682739001394357
2023,REG,13,2023120306,59360,12/03/2023,5110,WAS,2700,MIA,visitor,3,4.577731882513236,SIE410345,00-0034285,2700,Zach Sieler,Z.Sieler,DE,https://static.www.nfl.com/image/private/{formatInstructions}/league/me66zdnhvswxahqsvlrn,92,1,3,1,0,16,4.8340139778849345
2023,REG,13,2023120306,59360,12/03/2023,5110,WAS,2700,MIA,visitor,4,4.577731882513236,VAN463493,00-0035272,2700,Andrew Van Ginkel,A.Van Ginkel,OLB,https://static.www.nfl.com/image/private/{formatInstructions}/league/tq7dbfmycd7qrbal5lvb,43,4,1,0,0,16,4.60709961806144
2023,REG,13,2023120307,59361,12/03/2023,2120,HOU,1400,DEN,home,1,4.577731882513236,AND627364,00-0039108,2120,Will Anderson,W.Anderson,DE,https://static.www.nfl.com/image/private/{formatInstructions}/league/ip0s1uogbdsiwpmx9fd8,51,3,2,2,0,19,3.538189088920434
2023,REG,13,2023120307,59361,12/03/2023,2120,HOU,1400,DEN,home,2,4.577731882513236,GRE397948,00-0036224,2120,Jonathan Greenard,J.Greenard,DE,https://static.www.nfl.com/image/private/{formatInstructions}/league/mgn1hyalnf83cwhn7iwo,52,3,1,1,0,17,4.43833481723486
2023,REG,13,2023120307,59361,12/03/2023,2120,HOU,1400,DEN,home,3,4.577731882513236,RAN676464,00-0032759,2120,Sheldon Rankins,S.Rankins,DT,https://static.www.nfl.com/image/upload/{formatInstructions}/league/aswns7v3cwkuupnlpdn8,98,2,2,0,0,16,4.896884224139826
2023,REG,13,2023120307,59361,12/03/2023,2120,HOU,1400,DEN,home,4,4.577731882513236,COL633184,00-0033131,2120,Maliek Collins,M.Collins,DT,https://static.www.nfl.com/image/private/{formatInstructions}/league/y9hbtlxivjzgaassmpwt,96,1,1,0,0,15,3.891540935604076
2023,REG,13,2023120307,59361,12/03/2023,2120,HOU,1400,DEN,visitor,1,4.577731882513236,ALL656181,00-0035248,1400,Zach Allen,Z.Allen,DE,https://static.www.nfl.com/image/private/{formatInstructions}/league/jbqsgpcisn8px60ab3xf,99,2,4,0,0,23,4.6237156254720135
2023,REG,13,2023120307,59361,12/03/2023,2120,HOU,1400,DEN,visitor,2,4.577731882513236,JON230048,00-0033297,1400,D.J. Jones,D.Jones,NT,https://static.www.nfl.com/image/private/{formatInstructions}/league/n3bcrpe6uvhwtp43aphs,93,3,2,0,0,15,6.120450314614934
2023,REG,13,2023120307,59361,12/03/2023,2120,HOU,1400,DEN,visitor,3,4.577731882513236,COO617139,00-0036952,1400,Jonathon Cooper,J.Cooper,OLB,https://static.www.nfl.com/image/private/{formatInstructions}/league/dvuos7qbtpi5jmo41sry,0,4,3,0,0,14,4.694737418043464
2023,REG,13,2023120307,59361,12/03/2023,2120,HOU,1400,DEN,visitor,4,4.577731882513236,PUR087672,00-0029890,1400,Mike Purcell,M.Purcell,NT,https://static.www.nfl.com/image/private/{formatInstructions}/league/thcksouge8z0pgfli6xt,98,1,1,0,0,12,5.699962594194923
2023,REG,13,2023120308,59362,12/03/2023,2510,LA,1050,CLE,home,1,4.577731882513236,DON134977,00-0031388,2510,Aaron Donald,A.Donald,DT,https://static.www.nfl.com/image/private/{formatInstructions}/league/gou42dathlyc1rfn4pga,99,2,3,0,0,35,4.425478173410887
2023,REG,13,2023120308,59362,12/03/2023,2510,LA,1050,CLE,home,2,4.577731882513236,YOU127040,00-0039137,2510,Byron Young,B.Young,OLB,https://static.www.nfl.com/image/private/{formatInstructions}/league/bdfvfh0776dv0sn447pq,0,4,1,0,0,25,4.5659298004803714
2023,REG,13,2023120308,59362,12/03/2023,2510,LA,1050,CLE,home,3,4.577731882513236,TUR561805,00-0039138,2510,Kobie Turner,K.Turner,NT,https://static.www.nfl.com/image/private/{formatInstructions}/league/ouhisfkb6jyedo6jj0m4,91,1,4,1,0,22,3.784760723428811
2023,REG,13,2023120308,59362,12/03/2023,2510,LA,1050,CLE,home,4,4.577731882513236,WIL385174,00-0035944,2510,Jonah Williams,J.Williams,DE,https://static.www.nfl.com/image/private/{formatInstructions}/league/fqj4ojziiq1vjjwwnens,92,1,2,0,0,20,6.109365791785339
2023,REG,13,2023120308,59362,12/03/2023,2510,LA,1050,CLE,visitor,1,4.577731882513236,GAR528896,00-0033868,1050,Myles Garrett,M.Garrett,DE,https://static.www.nfl.com/image/private/{formatInstructions}/league/y33rmtjxhgil7cjcftlc,95,0,0,0,0,29,4.91964209127418
2023,REG,13,2023120308,59362,12/03/2023,2510,LA,1050,CLE,visitor,2,4.577731882513236,TOM676763,00-0033546,1050,Dalvin Tomlinson,D.Tomlinson,DT,https://static.www.nfl.com/image/upload/{formatInstructions}/league/amm1zzozebf82214h0eg,94,1,1,0,0,22,5.515810277243466
2023,REG,13,2023120308,59362,12/03/2023,2510,LA,1050,CLE,visitor,3,4.577731882513236,OKO385924,00-0034807,1050,Ogbonnia Okoronkwo,O.Okoronkwo,DE,https://static.www.nfl.com/image/upload/{formatInstructions}/league/tcekeb87zekakqll93ib,54,2,1,0,0,20,4.675721149199652
2023,REG,13,2023120308,59362,12/03/2023,2510,LA,1050,CLE,visitor,4,4.577731882513236,SMI827086,00-0031576,1050,Za'Darius Smith,Z.Smith,DE,https://static.www.nfl.com/image/upload/{formatInstructions}/league/nwkviymnel224ydqhmgq,99,0,1,0,0,19,4.308466368123039
2023,REG,13,2023120309,59363,12/03/2023,3700,PHI,4500,SF,home,1,4.577731882513236,RED324095,00-0033875,3700,Haason Reddick,H.Reddick,OLB,https://static.www.nfl.com/image/private/{formatInstructions}/league/qqfxdnlmmyzbh27lmxgi,7,2,1,0,0,19,3.645562820061891
2023,REG,13,2023120309,59363,12/03/2023,3700,PHI,4500,SF,home,2,4.577731882513236,SWE031587,00-0034381,3700,Josh Sweat,J.Sweat,DE,https://static.www.nfl.com/image/private/{formatInstructions}/league/r8tbgqchezlbyykxvloz,94,1,1,0,0,17,4.111826768765656
2023,REG,13,2023120309,59363,12/03/2023,3700,PHI,4500,SF,home,3,4.577731882513236,CAR656628,00-0038386,3700,Jalen Carter,J.Carter,DT,https://static.www.nfl.com/image/private/{formatInstructions}/league/l1xdbx3qtrtbv6scixbn,98,2,1,0,0,17,3.8193127055144687
2023,REG,13,2023120309,59363,12/03/2023,3700,PHI,4500,SF,home,4,4.577731882513236,COX200177,00-0029653,3700,Fletcher Cox,F.Cox,DT,https://static.www.nfl.com/image/private/{formatInstructions}/league/guiegvu50wdv6lzspebo,91,2,1,1,0,16,4.1685738149686005
2023,REG,13,2023120309,59363,12/03/2023,3700,PHI,4500,SF,visitor,1,4.577731882513236,BOS073285,00-0035717,4500,Nick Bosa,N.Bosa,DE,https://static.www.nfl.com/image/private/{formatInstructions}/league/pzdj8ys2wqjc92hafziy,97,2,4,0,0,24,3.819154932189342
2023,REG,13,2023120309,59363,12/03/2023,3700,PHI,4500,SF,visitor,2,4.577731882513236,HAR143881,00-0033109,4500,Javon Hargrave,J.Hargrave,DT,https://static.www.nfl.com/image/upload/{formatInstructions}/league/pdetr7dthycxo4hgcox9,98,0,2,0,0,22,5.447388585972417
2023,REG,13,2023120309,59363,12/03/2023,3700,PHI,4500,SF,visitor,3,4.577731882513236,YOU146550,00-0036321,4500,Chase Young,C.Young,DE,https://static.www.nfl.com/image/upload/{formatInstructions}/league/wphck1ysaeehkmsgxopb,92,0,0,0,0,20,3.8761538088722007
2023,REG,13,2023120309,59363,12/03/2023,3700,PHI,4500,SF,visitor,4,4.577731882513236,ARM057964,00-0032164,4500,Arik Armstead,A.Armstead,DT,https://static.www.nfl.com/image/private/{formatInstructions}/league/pfagislv7uhsnwi7pviu,91,0,1,0,0,16,6.090729586118625
2023,REG,13,2023120310,59364,12/03/2023,1800,GB,2310,KC,home,1,4.577731882513236,CLA409251,00-0033120,1800,Kenny Clark,K.Clark,DE,https://static.www.nfl.com/image/private/{formatInstructions}/league/xehidvio5jubhvwgsklr,97,2,3,0,0,27,4.202836040176853
2023,REG,13,2023120310,59364,12/03/2023,1800,GB,2310,KC,home,2,4.577731882513236,GAR766759,00-0034967,1800,Rashan Gary,R.Gary,OLB,https://static.www.nfl.com/image/private/{formatInstructions}/league/t4clz4xe8sfxszmvohfo,52,0,4,0,0,20,5.2965610280640325
2023,REG,13,2023120310,59364,12/03/2023,1800,GB,2310,KC,home,3,4.577731882513236,SMI576520,00-0031935,1800,Preston Smith,P.Smith,OLB,https://static.www.nfl.com/image/private/{formatInstructions}/league/pohwua1xxcajtggbemhr,91,1,1,0,0,19,4.439059477741336
2023,REG,13,2023120310,59364,12/03/2023,1800,GB,2310,KC,home,4,4.577731882513236,WYA279831,00-0037075,1800,Devonte Wyatt,D.Wyatt,DE,https://static.www.nfl.com/image/private/{formatInstructions}/league/jqnqdhhwbfkp8idpe4c5,95,0,1,0,0,17,4.826219541416708
2023,REG,13,2023120310,59364,12/03/2023,1800,GB,2310,KC,visitor,1,4.577731882513236,JON162595,00-0032762,2310,Chris Jones,C.Jones,DT,https://static.www.nfl.com/image/private/{formatInstructions}/league/tzeyeldnaaxjsg4beczj,95,0,0,0,0,23,4.993230062099983
2023,REG,13,2023120310,59364,12/03/2023,1800,GB,2310,KC,visitor,2,4.577731882513236,KAR303382,00-0037192,2310,George Karlaftis,G.Karlaftis,DE,https://static.www.nfl.com/image/private/{formatInstructions}/league/kwmi9hcgixedzkqo0hd9,56,1,1,0,0,21,5.81561031785501
2023,REG,13,2023120310,59364,12/03/2023,1800,GB,2310,KC,visitor,3,4.577731882513236,OME565785,00-0035279,2310,Charles Omenihu,C.Omenihu,DE,https://static.www.nfl.com/image/private/{formatInstructions}/league/n7hyavaepvuienrmh9bi,90,1,2,1,0,20,5.062329395422976
2023,REG,13,2023120310,59364,12/03/2023,1800,GB,2310,KC,visitor,4,4.577731882513236,DAN721566,00-0036378,2310,Michael Danna,M.Danna,DE,https://static.www.nfl.com/image/private/{formatInstructions}/league/oiywq8es1rm2rjnpbouw,51,3,1,1,0,16,5.792296989281077
2023,REG,13,2023120400,59365,12/04/2023,2250,JAX,0920,CIN,home,1,4.577731882513236,ALL528759,00-0035642,2250,Josh Allen,J.Allen,OLB,https://static.www.nfl.com/image/private/{formatInstructions}/league/q807jedjb7igab4graoe,41,3,4,1,0,24,3.867891641917042
2023,REG,13,2023120400,59365,12/04/2023,2250,JAX,0920,CIN,home,2,4.577731882513236,ROB360907,00-0032667,2250,Roy Robertson-Harris,R.Robertson-Harris,DT,https://static.www.nfl.com/image/private/{formatInstructions}/league/rb0pmtszstbyggfqtriw,95,0,0,0,0,21,4.947267781168085
2023,REG,13,2023120400,59365,12/04/2023,2250,JAX,0920,CIN,home,3,4.577731882513236,WAL335860,00-0037235,2250,Travon Walker,T.Walker,OLB,https://static.www.nfl.com/image/private/{formatInstructions}/league/u578pgqmortimghxzgev,44,0,4,0,0,20,4.125122730208548
2023,REG,13,2023120400,59365,12/04/2023,2250,JAX,0920,CIN,home,4,4.577731882513236,SMO474349,00-0033907,2250,Dawuane Smoot,D.Smoot,DE,https://static.www.nfl.com/image/private/{formatInstructions}/league/uhvavmpqyqc24me7bmbi,91,0,1,0,0,11,4.992721730531878
2023,REG,13,2023120400,59365,12/04/2023,2250,JAX,0920,CIN,visitor,1,4.577731882513236,HEN324452,00-0033935,0920,Trey Hendrickson,T.Hendrickson,DE,https://static.www.nfl.com/image/private/{formatInstructions}/league/ypeza1qplqqjbvowe2im,91,1,0,1,0,34,3.4893070079803317
2023,REG,13,2023120400,59365,12/04/2023,2250,JAX,0920,CIN,visitor,2,4.577731882513236,HIL096836,00-0034800,0920,B.J. Hill,B.Hill,DT,https://static.www.nfl.com/image/private/{formatInstructions}/league/kzclgv44hziqf33iwtyx,92,2,1,0,0,29,4.489875016450359
2023,REG,13,2023120400,59365,12/04/2023,2250,JAX,0920,CIN,visitor,3,4.577731882513236,HUB387605,00-0034834,0920,Sam Hubbard,S.Hubbard,DE,https://static.www.nfl.com/image/private/{formatInstructions}/league/fedpaaymkmox3miypjkl,94,1,2,1,0,26,4.441133806545932
2023,REG,13,2023120400,59365,12/04/2023,2250,JAX,0920,CIN,visitor,4,4.577731882513236,REA148116,00-0032424,0920,D.J. Reader,D.Reader,NT,https://static.www.nfl.com/image/private/{formatInstructions}/league/v17stoz8ugqx9vebprz0,98,1,5,0,0,17,3.732073595517323
2023,REG,14,2023120700,59366,12/07/2023,3900,PIT,3200,NE,home,1,4.577731882513236,WAT587616,00-0033886,3900,T.J. Watt,T.Watt,OLB,https://static.www.nfl.com/image/private/{formatInstructions}/league/yuqxfzlqjuz7yho5fdpg,90,3,2,0,0,21,3.865754880467248
2023,REG,14,2023120700,59366,12/07/2023,3900,PIT,3200,NE,home,2,4.577731882513236,HEY271611,00-0027969,3900,Cameron Heyward,C.Heyward,DT,https://static.www.nfl.com/image/private/{formatInstructions}/league/id93znqysop97rwpm6f1,97,5,1,1,0,18,3.80987738952107
2023,REG,14,2023120700,59366,12/07/2023,3900,PIT,3200,NE,home,3,4.577731882513236,HER042107,00-0038577,3900,Nick Herbig,Ni.Herbig,OLB,https://static.www.nfl.com/image/private/{formatInstructions}/league/ibki8oibuhdfj7ghrrp3,51,4,2,0,0,16,3.614951315409692
2023,REG,14,2023120700,59366,12/07/2023,3900,PIT,3200,NE,home,4,4.577731882513236,OGU431455,00-0033905,3900,Larry Ogunjobi,L.Ogunjobi,DT,https://static.www.nfl.com/image/private/{formatInstructions}/league/lwy0ylpaxchvs61rbkjk,99,0,2,0,0,15,5.278134004755218
2023,REG,14,2023120700,59366,12/07/2023,3900,PIT,3200,NE,visitor,1,4.577731882513236,BAR221986,00-0036981,3200,Christian Barmore,C.Barmore,DT,https://static.www.nfl.com/image/private/{formatInstructions}/league/h4rtemvkpsx1uyjvnm63,90,1,3,0,0,27,4.1549316320771785
2023,REG,14,2023120700,59366,12/07/2023,3900,PIT,3200,NE,visitor,2,4.577731882513236,WHI315646,00-0039148,3200,Keion White,K.White,DE,https://static.www.nfl.com/image/private/{formatInstructions}/league/rjc9qgamwszqabbidwla,99,0,1,0,0,21,5.061128872747516
2023,REG,14,2023120700,59366,12/07/2023,3900,PIT,3200,NE,visitor,3,4.577731882513236,GOD093943,00-0033860,3200,Davon Godchaux,D.Godchaux,NT,https://static.www.nfl.com/image/private/{formatInstructions}/league/vdvrll3sffp00ijreboc,92,2,2,0,0,16,4.546236203113527
2023,REG,14,2023120700,59366,12/07/2023,3900,PIT,3200,NE,visitor,4,4.577731882513236,JEN457643,00-0036193,3200,Anfernee Jennings,A.Jennings,OLB,https://static.www.nfl.com/image/private/{formatInstructions}/league/rhpdybqsxdk8fo1wczc3,33,4,0,0,0,14,5.203625730231186
2023,REG,14,2023121000,59367,12/10/2023,0200,ATL,4900,TB,home,1,4.577731882513236,CAM208843,00-0026190,0200,Calais Campbell,C.Campbell,DE,https://static.www.nfl.com/image/private/{formatInstructions}/league/wbrve7zrrqiuknohpecm,93,3,0,0,0,20,4.765017246134396
2023,REG,14,2023121000,59367,12/10/2023,0200,ATL,4900,TB,home,2,4.577731882513236,DUP507860,00-0032146,0200,Bud Dupree,B.Dupree,OLB,https://static.www.nfl.com/image/private/{formatInstructions}/league/i2b1ykt4jgmdabmwoqoo,48,0,1,0,0,16,4.600681574417918
2023,REG,14,2023121000,59367,12/10/2023,0200,ATL,4900,TB,home,3,4.577731882513236,GRA243423,00-0036948,0200,Ta'Quon Graham,T.Graham,DE,https://static.www.nfl.com/image/private/{formatInstructions}/league/azvrtgslzvbnnlgvekzm,95,0,1,0,0,15,3.729909375615797
2023,REG,14,2023121000,59367,12/10/2023,0200,ATL,4900,TB,home,4,4.577731882513236,HUG083882,00-0035455,0200,Albert Huggins,A.Huggins,DT,https://static.www.nfl.com/image/private/{formatInstructions}/league/hbbanpqrzp03f4dagsxq,94,2,4,0,0,12,4.9221089604358035
2023,REG,14,2023121000,59367,12/10/2023,0200,ATL,4900,TB,visitor,1,4.577731882513236,KAN046143,00-0039063,4900,Calijah Kancey,C.Kancey,DE,https://static.www.nfl.com/image/private/{formatInstructions}/league/tmd2noaeemowsnshtzsn,94,2,1,1,0,24,5.36490175135868
2023,REG,14,2023121000,59367,12/10/2023,0200,ATL,4900,TB,visitor,2,4.577731882513236,BAR645290,00-0031101,4900,Shaquil Barrett,S.Barrett,OLB,https://static.www.nfl.com/image/private/{formatInstructions}/league/eiilfj6qiri4n9xrclwe,7,2,2,0,0,21,4.654249874661299
2023,REG,14,2023121000,59367,12/10/2023,0200,ATL,4900,TB,visitor,3,4.577731882513236,GAI306107,00-0035667,4900,Greg Gaines,G.Gaines,NT,https://static.www.nfl.com/image/private/{formatInstructions}/league/oywvgxko6axdtokuhgor,96,1,2,1,0,20,5.132595088092549
2023,REG,14,2023121000,59367,12/10/2023,0200,ATL,4900,TB,visitor,4,4.577731882513236,DIA051911,00-0039068,4900,YaYa Diaby,Y.Diaby,OLB,https://static.www.nfl.com/image/private/{formatInstructions}/league/phwg0z0vnkcqpiakw5ut,0,1,2,0,0,15,5.0413258462935335
2023,REG,14,2023121001,59368,12/10/2023,0325,BAL,2510,LA,home,1,4.577731882513236,MAD784440,00-0036130,0325,Justin Madubuike,J.Madubuike,DT,https://static.www.nfl.com/image/private/{formatInstructions}/league/tvitcjl2ahtfjqogd2rx,92,5,2,1,0,31,4.6449462312020495
2023,REG,14,2023121001,59368,12/10/2023,0325,BAL,2510,LA,home,2,4.577731882513236,PIE424893,00-0032574,0325,Michael Pierce,M.Pierce,NT,https://static.www.nfl.com/image/private/{formatInstructions}/league/tydggsdjwzhhl36qztc0,58,1,0,0,0,24,5.281279806101381
2023,REG,14,2023121001,59368,12/10/2023,0325,BAL,2510,LA,home,3,4.577731882513236,CLO535848,00-0031364,0325,Jadeveon Clowney,J.Clowney,OLB,https://static.www.nfl.com/image/upload/{formatInstructions}/league/mukpprygzswqdoluyqqm,24,0,3,0,0,22,4.456277502447036
2023,REG,14,2023121001,59368,12/10/2023,0325,BAL,2510,LA,home,4,4.577731882513236,OWE012098,00-0036940,0325,Odafe Oweh,O.Oweh,OLB,https://static.www.nfl.com/image/private/{formatInstructions}/league/zlf34rejm1bnlc07izfd,99,1,0,0,0,22,3.9936081382914796
2023,REG,14,2023121001,59368,12/10/2023,0325,BAL,2510,LA,visitor,1,4.577731882513236,DON134977,00-0031388,2510,Aaron Donald,A.Donald,DT,https://static.www.nfl.com/image/private/{formatInstructions}/league/gou42dathlyc1rfn4pga,99,0,0,0,0,36,3.6719869547133093
2023,REG,14,2023121001,59368,12/10/2023,0325,BAL,2510,LA,visitor,2,4.577731882513236,YOU127040,00-0039137,2510,Byron Young,B.Young,OLB,https://static.www.nfl.com/image/private/{formatInstructions}/league/bdfvfh0776dv0sn447pq,0,2,0,1,0,26,4.18704829429567
2023,REG,14,2023121001,59368,12/10/2023,0325,BAL,2510,LA,visitor,3,4.577731882513236,TUR561805,00-0039138,2510,Kobie Turner,K.Turner,NT,https://static.www.nfl.com/image/private/{formatInstructions}/league/ouhisfkb6jyedo6jj0m4,91,0,1,0,0,25,4.255590588439199
2023,REG,14,2023121001,59368,12/10/2023,0325,BAL,2510,LA,visitor,4,4.577731882513236,WIL385174,00-0035944,2510,Jonah Williams,J.Williams,DE,https://static.www.nfl.com/image/private/{formatInstructions}/league/fqj4ojziiq1vjjwwnens,92,1,2,0,0,20,4.93198080547923
2023,REG,14,2023121002,59369,12/10/2023,0810,CHI,1540,DET,home,1,4.577731882513236,SWE034375,00-0035647,0810,Montez Sweat,M.Sweat,DE,https://static.www.nfl.com/image/upload/{formatInstructions}/league/vvbqme5ucgzcddjwc5xm,98,3,2,1,0,27,3.417368537724695
2023,REG,14,2023121002,59369,12/10/2023,0810,CHI,1540,DET,home,2,4.577731882513236,WAL115858,00-0033782,0810,DeMarcus Walker,D.Walker,DE,https://static.www.nfl.com/image/private/{formatInstructions}/league/rfvqk3uflt2uwxrfwio7,95,0,1,0,0,26,4.393987623616831
2023,REG,14,2023121002,59369,12/10/2023,0810,CHI,1540,DET,home,3,4.577731882513236,JON518335,00-0034677,0810,Justin Jones,Ju.Jones,DT,https://static.www.nfl.com/image/private/{formatInstructions}/league/zsfbwgrrxrqbahv318xu,93,1,5,1,0,25,3.872511805195749
2023,REG,14,2023121002,59369,12/10/2023,0810,CHI,1540,DET,home,4,4.577731882513236,DEX634187,00-0039070,0810,Gervon Dexter,G.Dexter,DT,https://static.www.nfl.com/image/private/{formatInstructions}/league/vj6m4qixxhqmufrr5ilo,99,0,1,0,0,20,4.332102884828191
2023,REG,14,2023121002,59369,12/10/2023,0810,CHI,1540,DET,visitor,1,4.577731882513236,HUT099869,00-0037236,1540,Aidan Hutchinson,A.Hutchinson,DE,https://static.www.nfl.com/image/private/{formatInstructions}/league/zywrtjyja5l8efay1six,97,1,1,1,0,21,4.3480939601443716
2023,REG,14,2023121002,59369,12/10/2023,0810,CHI,1540,DET,visitor,2,4.577731882513236,COM275428,00-0035265,1540,John Cominsky,J.Cominsky,DE,https://static.www.nfl.com/image/private/{formatInstructions}/league/u6asvfs4kqjcuxvvz0tl,79,3,4,1,0,19,5.1328243018890465
2023,REG,14,2023121002,59369,12/10/2023,0810,CHI,1540,DET,visitor,3,4.577731882513236,BUG562722,00-0035219,1540,Isaiah Buggs,I.Buggs,DT,https://static.www.nfl.com/image/private/{formatInstructions}/league/fpx9zf3ok9xhrergynxi,96,0,2,0,0,12,5.214491642635454
2023,REG,14,2023121002,59369,12/10/2023,0810,CHI,1540,DET,visitor,4,4.577731882513236,JON078068,00-0035841,1540,Benito Jones,B.Jones,DT,https://static.www.nfl.com/image/private/{formatInstructions}/league/g2wfbtdqtccgf99yecj9,94,2,2,0,0,12,4.153674324599475
2023,REG,14,2023121003,59370,12/10/2023,0920,CIN,2200,IND,home,1,4.577731882513236,HUB387605,00-0034834,0920,Sam Hubbard,S.Hubbard,DE,https://static.www.nfl.com/image/private/{formatInstructions}/league/fedpaaymkmox3miypjkl,94,2,1,0,0,26,3.8163045192702265
2023,REG,14,2023121003,59370,12/10/2023,0920,CIN,2200,IND,home,2,4.577731882513236,HEN324452,00-0033935,0920,Trey Hendrickson,T.Hendrickson,DE,https://static.www.nfl.com/image/private/{formatInstructions}/league/ypeza1qplqqjbvowe2im,91,2,0,2,0,25,3.4308456659826034
2023,REG,14,2023121003,59370,12/10/2023,0920,CIN,2200,IND,home,3,4.577731882513236,HIL096836,00-0034800,0920,B.J. Hill,B.Hill,DT,https://static.www.nfl.com/image/private/{formatInstructions}/league/kzclgv44hziqf33iwtyx,92,2,0,0,0,23,3.9123830729859947
2023,REG,14,2023121003,59370,12/10/2023,0920,CIN,2200,IND,home,4,4.577731882513236,REA148116,00-0032424,0920,D.J. Reader,D.Reader,NT,https://static.www.nfl.com/image/private/{formatInstructions}/league/v17stoz8ugqx9vebprz0,98,1,1,0,0,18,4.2793172951591
2023,REG,14,2023121003,59370,12/10/2023,0920,CIN,2200,IND,visitor,1,4.577731882513236,BUC768760,00-0032378,2200,DeForest Buckner,D.Buckner,DT,https://static.www.nfl.com/image/private/{formatInstructions}/league/ls2tzitcuhmhwug8ohwj,99,3,5,0,0,20,4.6796814205358315
2023,REG,14,2023121003,59370,12/10/2023,0920,CIN,2200,IND,visitor,2,4.577731882513236,PAY168986,00-0036479,2200,Kwity Paye,K.Paye,DE,https://static.www.nfl.com/image/private/{formatInstructions}/league/qo9cpabig7tusr8r49ud,51,1,1,0,0,17,3.6403114519560487
2023,REG,14,2023121003,59370,12/10/2023,0920,CIN,2200,IND,visitor,3,4.577731882513236,EBU355964,00-0033945,2200,Samson Ebukam,S.Ebukam,DE,https://static.www.nfl.com/image/private/{formatInstructions}/league/feoglrxvambjd4u4tdq6,52,1,1,0,0,16,4.298497429098137
2023,REG,14,2023121003,59370,12/10/2023,0920,CIN,2200,IND,visitor,4,4.577731882513236,ODE707589,00-0036480,2200,Dayo Odeyingbo,D.Odeyingbo,DE,https://static.www.nfl.com/image/private/{formatInstructions}/league/cui1htwwnpbwayzucahk,54,0,0,0,0,14,5.8805273968387315
2023,REG,14,2023121004,59371,12/10/2023,1050,CLE,2250,JAX,home,1,4.577731882513236,GAR528896,00-0033868,1050,Myles Garrett,M.Garrett,DE,https://static.www.nfl.com/image/private/{formatInstructions}/league/y33rmtjxhgil7cjcftlc,95,1,0,0,0,41,3.7173119806919144
2023,REG,14,2023121004,59371,12/10/2023,1050,CLE,2250,JAX,home,2,4.577731882513236,SMI827086,00-0031576,1050,Za'Darius Smith,Z.Smith,DE,https://static.www.nfl.com/image/upload/{formatInstructions}/league/nwkviymnel224ydqhmgq,99,1,0,1,0,29,4.398653472566697
2023,REG,14,2023121004,59371,12/10/2023,1050,CLE,2250,JAX,home,3,4.577731882513236,TOM676763,00-0033546,1050,Dalvin Tomlinson,D.Tomlinson,DT,https://static.www.nfl.com/image/upload/{formatInstructions}/league/amm1zzozebf82214h0eg,94,0,1,0,0,28,4.102237538603195
2023,REG,14,2023121004,59371,12/10/2023,1050,CLE,2250,JAX,home,4,4.577731882513236,HAR536152,00-0031270,1050,Shelby Harris,S.Harris,DT,https://static.www.nfl.com/image/upload/{formatInstructions}/league/lppu8txhvbs0h7ftxswg,93,2,0,0,0,24,3.290786244836932
2023,REG,14,2023121004,59371,12/10/2023,1050,CLE,2250,JAX,visitor,1,4.577731882513236,ALL528759,00-0035642,2250,Josh Allen,J.Allen,OLB,https://static.www.nfl.com/image/private/{formatInstructions}/league/q807jedjb7igab4graoe,41,5,0,0,0,31,4.670865340437188
2023,REG,14,2023121004,59371,12/10/2023,1050,CLE,2250,JAX,visitor,2,4.577731882513236,ROB360907,00-0032667,2250,Roy Robertson-Harris,R.Robertson-Harris,DT,https://static.www.nfl.com/image/private/{formatInstructions}/league/rb0pmtszstbyggfqtriw,95,1,0,0,0,30,5.0442261619605455
2023,REG,14,2023121004,59371,12/10/2023,1050,CLE,2250,JAX,visitor,3,4.577731882513236,WAL335860,00-0037235,2250,Travon Walker,T.Walker,OLB,https://static.www.nfl.com/image/private/{formatInstructions}/league/u578pgqmortimghxzgev,44,1,1,0,0,29,4.656394479602093
2023,REG,14,2023121004,59371,12/10/2023,1050,CLE,2250,JAX,visitor,4,4.577731882513236,GOT428790,00-0033064,2250,Adam Gotsis,A.Gotsis,DE,https://static.www.nfl.com/image/private/{formatInstructions}/league/bhdskzabt3vxpmsyfzxk,96,1,0,0,0,19,4.8186137224244945
2023,REG,14,2023121005,59372,12/10/2023,3300,NO,0750,CAR,home,1,4.577731882513236,KPA593274,00-0033902,3300,Tanoh Kpassagnon,T.Kpassagnon,DE,https://static.www.nfl.com/image/private/{formatInstructions}/league/ilr1bs7qesfq7fryeetc,92,2,0,0,0,24,4.559144963547658
2023,REG,14,2023121005,59372,12/10/2023,3300,NO,0750,CAR,home,2,4.577731882513236,BRE510679,00-0038995,3300,Bryan Bresee,B.Bresee,DT,https://static.www.nfl.com/image/private/{formatInstructions}/league/ndia5grzqsvtxhql50ss,90,0,0,0,0,23,4.084377047437285
2023,REG,14,2023121005,59372,12/10/2023,3300,NO,0750,CAR,home,3,4.577731882513236,GRA291153,00-0035402,3300,Carl Granderson,C.Granderson,DE,https://static.www.nfl.com/image/private/{formatInstructions}/league/n1thp9nf1gnbj3epsec5,96,4,1,1,0,21,4.0202764723556825
2023,REG,14,2023121005,59372,12/10/2023,3300,NO,0750,CAR,home,4,4.577731882513236,BAU677316,00-0036418,3300,Zack Baun,Z.Baun,OLB,https://static.www.nfl.com/image/private/{formatInstructions}/league/rme6yzflo9wk8kpnpv4u,53,2,0,0,0,16,3.9463066462386456
2023,REG,14,2023121005,59372,12/10/2023,3300,NO,0750,CAR,visitor,1,4.577731882513236,BRO393541,00-0036220,0750,Derrick Brown,Der.Brown,DT,https://static.www.nfl.com/image/private/{formatInstructions}/league/snjd4zlvrynmvcnlohej,95,5,5,0,0,21,4.82588262501303
2023,REG,14,2023121005,59372,12/10/2023,3300,NO,0750,CAR,visitor,2,4.577731882513236,BUR435186,00-0035713,0750,Brian Burns,B.Burns,OLB,https://static.www.nfl.com/image/private/{formatInstructions}/league/pigkreclt8lczii5r2on,0,1,0,0,0,19,4.376957626096927
2023,REG,14,2023121005,59372,12/10/2023,3300,NO,0750,CAR,visitor,3,4.577731882513236,HAY661575,00-0034382,0750,Marquis Haynes,M.Haynes,OLB,https://static.www.nfl.com/image/private/{formatInstructions}/league/wnbz9bjtz8wooiq2podb,98,1,0,0,0,10,4.892509187064588
2023,REG,14,2023121005,59372,12/10/2023,3300,NO,0750,CAR,visitor,4,4.577731882513236,GRO610423,00-0036288,0750,Yetur Gross-Matos,Y.Gross-Matos,OLB,https://static.www.nfl.com/image/private/{formatInstructions}/league/fxi23cpqddqvbwwxf5xb,97,0,0,0,0,10,3.836234250576667
2023,REG,14,2023121006,59373,12/10/2023,3430,NYJ,2120,HOU,home,1,4.577731882513236,JEF350399,00-0032416,3430,Quinton Jefferson,Q.Jefferson,DE,https://static.www.nfl.com/image/private/{formatInstructions}/league/jjo6ujxfsbzpbumpsf0e,70,1,2,0,0,19,4.031668963482395
2023,REG,14,2023121006,59373,12/10/2023,3430,NYJ,2120,HOU,home,2,4.577731882513236,JOH789955,00-0037663,3430,Jermaine Johnson,J.Johnson,OLB,https://static.www.nfl.com/image/private/{formatInstructions}/league/tksswzrbrb6ndpbczqon,11,1,1,0,0,19,4.624203427240509
2023,REG,14,2023121006,59373,12/10/2023,3430,NYJ,2120,HOU,home,3,4.577731882513236,HUF090844,00-0036151,3430,Bryce Huff,B.Huff,DE,https://static.www.nfl.com/image/private/{formatInstructions}/league/we20nyvj1dcdepuob9xh,47,1,1,1,0,18,3.6213544598716307
2023,REG,14,2023121006,59373,12/10/2023,3430,NYJ,2120,HOU,home,4,4.577731882513236,WIL132672,00-0035718,3430,Quinnen Williams,Q.Williams,NT,https://static.www.nfl.com/image/private/{formatInstructions}/league/ftjeq2xr9mvck8mfkute,95,2,1,1,0,16,3.51634947365403
2023,REG,14,2023121006,59373,12/10/2023,3430,NYJ,2120,HOU,visitor,1,4.577731882513236,COL633184,00-0033131,2120,Maliek Collins,M.Collins,DT,https://static.www.nfl.com/image/private/{formatInstructions}/league/y9hbtlxivjzgaassmpwt,96,1,3,1,0,24,5.501451420539344
2023,REG,14,2023121006,59373,12/10/2023,3430,NYJ,2120,HOU,visitor,2,4.577731882513236,RAN676464,00-0032759,2120,Sheldon Rankins,S.Rankins,DT,https://static.www.nfl.com/image/upload/{formatInstructions}/league/aswns7v3cwkuupnlpdn8,98,2,0,1,0,23,5.656672673742385
2023,REG,14,2023121006,59373,12/10/2023,3430,NYJ,2120,HOU,visitor,3,4.577731882513236,AND627364,00-0039108,2120,Will Anderson,W.Anderson,DE,https://static.www.nfl.com/image/private/{formatInstructions}/league/ip0s1uogbdsiwpmx9fd8,51,0,0,0,0,21,4.161703001778229
2023,REG,14,2023121006,59373,12/10/2023,3430,NYJ,2120,HOU,visitor,4,4.577731882513236,GRE397948,00-0036224,2120,Jonathan Greenard,J.Greenard,DE,https://static.www.nfl.com/image/private/{formatInstructions}/league/mgn1hyalnf83cwhn7iwo,52,5,1,2,0,20,4.718349829631078
2023,REG,14,2023121007,59374,12/10/2023,2520,LV,3000,MIN,home,1,4.577731882513236,CRO371007,00-0034973,2520,Maxx Crosby,M.Crosby,DE,https://static.www.nfl.com/image/private/{formatInstructions}/league/ryx2ur9vl647z34ltt2q,98,7,3,2,0,30,4.365241213447331
2023,REG,14,2023121007,59374,12/10/2023,2520,LV,3000,MIN,home,2,4.577731882513236,KOO195832,00-0036989,2520,Malcolm Koonce,M.Koonce,DE,https://static.www.nfl.com/image/private/{formatInstructions}/league/nvgan7b6roodcugsa9iy,51,3,0,0,0,21,3.9667955706238702
2023,REG,14,2023121007,59374,12/10/2023,2520,LV,3000,MIN,home,3,4.577731882513236,WIL806943,00-0038541,2520,Tyree Wilson,T.Wilson,DE,https://static.www.nfl.com/image/private/{formatInstructions}/league/xep4qycckzwyglne5cfc,9,3,1,1,0,20,3.661702939753629
2023,REG,14,2023121007,59374,12/10/2023,2520,LV,3000,MIN,home,4,4.577731882513236,JEN271683,00-0030070,2520,John Jenkins,J.Jenkins,DT,https://static.www.nfl.com/image/private/{formatInstructions}/league/giku8dgkab0ztinvamoy,95,1,2,0,0,15,4.582195003555596
2023,REG,14,2023121007,59374,12/10/2023,2520,LV,3000,MIN,visitor,1,4.577731882513236,HUN529240,00-0031565,3000,Danielle Hunter,D.Hunter,OLB,https://static.www.nfl.com/image/private/{formatInstructions}/league/mcimj8g9r5vhy4rzreih,99,1,1,0,0,28,4.763855245720387
2023,REG,14,2023121007,59374,12/10/2023,2520,LV,3000,MIN,visitor,2,4.577731882513236,WON272160,00-0036335,3000,D.J. Wonnum,D.Wonnum,OLB,https://static.www.nfl.com/image/private/{formatInstructions}/league/eyocajqgfrigi444hnkq,98,3,2,1,0,20,4.523356318837079
2023,REG,14,2023121007,59374,12/10/2023,2520,LV,3000,MIN,visitor,3,4.577731882513236,BUL366378,00-0033093,3000,Jonathan Bullard,J.Bullard,DE,https://static.www.nfl.com/image/private/{formatInstructions}/league/hgxa0we4sgcfdb7wim77,90,2,1,0,0,16,4.833971328992523
2023,REG,14,2023121007,59374,12/10/2023,2520,LV,3000,MIN,visitor,4,4.577731882513236,JON826250,00-0037007,3000,Patrick Jones,P.Jones,OLB,https://static.www.nfl.com/image/private/{formatInstructions}/league/ir3m4wipss4exri1xenv,91,0,0,0,0,16,4.952952530233964
2023,REG,14,2023121008,59375,12/10/2023,4500,SF,4600,SEA,home,1,4.577731882513236,BOS073285,00-0035717,4500,Nick Bosa,N.Bosa,DE,https://static.www.nfl.com/image/private/{formatInstructions}/league/pzdj8ys2wqjc92hafziy,97,4,2,1,0,25,4.195672876357138
2023,REG,14,2023121008,59375,12/10/2023,4500,SF,4600,SEA,home,2,4.577731882513236,KIN708236,00-0036260,4500,Javon Kinlaw,J.Kinlaw,DT,https://static.www.nfl.com/image/private/{formatInstructions}/league/lwpjojsgfbi7ipmfbigq,99,2,1,0,0,18,4.486678879746109
2023,REG,14,2023121008,59375,12/10/2023,4500,SF,4600,SEA,home,3,4.577731882513236,FER558663,00-0035692,4500,Clelin Ferrell,C.Ferrell,DE,https://static.www.nfl.com/image/private/{formatInstructions}/league/vhx1ps64hgi1edob2pgd,94,3,1,1,0,14,4.755407762800066
2023,REG,14,2023121008,59375,12/10/2023,4500,SF,4600,SEA,home,4,4.577731882513236,YOU146550,00-0036321,4500,Chase Young,C.Young,DE,https://static.www.nfl.com/image/upload/{formatInstructions}/league/wphck1ysaeehkmsgxopb,92,0,0,0,0,14,4.498693326445056
2023,REG,14,2023121008,59375,12/10/2023,4500,SF,4600,SEA,visitor,1,4.577731882513236,REE257783,00-0032387,4600,Jarran Reed,Ja.Reed,NT,https://static.www.nfl.com/image/private/{formatInstructions}/league/hp86k8wv76vaid3dyzen,90,1,3,1,0,21,3.9421285932968235
2023,REG,14,2023121008,59375,12/10/2023,4500,SF,4600,SEA,visitor,2,4.577731882513236,MAF415291,00-0038133,4600,Boye Mafe,B.Mafe,OLB,https://static.www.nfl.com/image/private/{formatInstructions}/league/sqtz8e4f9ccfhioap0qp,53,3,0,0,0,18,5.8436080290838355
2023,REG,14,2023121008,59375,12/10/2023,4500,SF,4600,SEA,visitor,3,4.577731882513236,WIL426411,00-0031933,4600,Leonard Williams,L.Williams,DT,https://static.www.nfl.com/image/upload/{formatInstructions}/league/j9yrlxnwf68mxethz6sc,99,2,2,1,0,17,3.723022858036203
2023,REG,14,2023121008,59375,12/10/2023,4500,SF,4600,SEA,visitor,4,4.577731882513236,JON263738,00-0035678,4600,Dre'Mont Jones,D.Jones,DE,https://static.www.nfl.com/image/private/{formatInstructions}/league/jtymiyxibjaktdm0h9by,55,4,0,1,0,15,4.300291218986151
2023,REG,14,2023121009,59376,12/10/2023,2310,KC,0610,BUF,home,1,4.577731882513236,KAR303382,00-0037192,2310,George Karlaftis,G.Karlaftis,DE,https://static.www.nfl.com/image/private/{formatInstructions}/league/kwmi9hcgixedzkqo0hd9,56,2,1,1,0,20,4.8376952346407665
2023,REG,14,2023121009,59376,12/10/2023,2310,KC,0610,BUF,home,2,4.577731882513236,JON162595,00-0032762,2310,Chris Jones,C.Jones,DT,https://static.www.nfl.com/image/private/{formatInstructions}/league/tzeyeldnaaxjsg4beczj,95,0,0,0,0,17,3.7928892342502434
2023,REG,14,2023121009,59376,12/10/2023,2310,KC,0610,BUF,home,3,4.577731882513236,DAN721566,00-0036378,2310,Michael Danna,M.Danna,DE,https://static.www.nfl.com/image/private/{formatInstructions}/league/oiywq8es1rm2rjnpbouw,51,1,3,0,0,17,4.754226964364033
2023,REG,14,2023121009,59376,12/10/2023,2310,KC,0610,BUF,home,4,4.577731882513236,NNA157287,00-0034818,2310,Derrick Nnadi,D.Nnadi,DT,https://static.www.nfl.com/image/private/{formatInstructions}/league/fokp5h37zl5qkfsachb3,91,0,1,0,0,14,4.6000177789195345
2023,REG,14,2023121009,59376,12/10/2023,2310,KC,0610,BUF,visitor,1,4.577731882513236,OLI290385,00-0035230,0610,Ed Oliver,E.Oliver,DT,https://static.www.nfl.com/image/private/{formatInstructions}/league/e2nyrgwol6dnvxotljae,91,1,2,0,0,31,4.080255908183315
2023,REG,14,2023121009,59376,12/10/2023,2310,KC,0610,BUF,visitor,2,4.577731882513236,ROU617685,00-0036914,0610,Gregory Rousseau,G.Rousseau,DE,https://static.www.nfl.com/image/private/{formatInstructions}/league/insb9f4qznbgcfyreogp,50,0,2,0,0,27,4.393682522351637
2023,REG,14,2023121009,59376,12/10/2023,2310,KC,0610,BUF,visitor,3,4.577731882513236,FLO758060,00-0033072,0610,Leonard Floyd,L.Floyd,DE,https://static.www.nfl.com/image/private/{formatInstructions}/league/mmexfoamcspblwripdan,56,1,0,0,0,25,5.178645477821419
2023,REG,14,2023121009,59376,12/10/2023,2310,KC,0610,BUF,visitor,4,4.577731882513236,PHI386190,00-0031557,0610,Jordan Phillips,J.Phillips,DT,https://static.www.nfl.com/image/private/{formatInstructions}/league/wszqz3dvuccaaorqrw4b,97,0,1,0,0,21,5.396735480254636
2023,REG,14,2023121010,59377,12/10/2023,4400,LAC,1400,DEN,home,1,4.577731882513236,MAC325122,00-0031040,4400,Khalil Mack,K.Mack,DE,https://static.www.nfl.com/image/private/{formatInstructions}/league/hkxmcpv1vobtydr4yt7n,52,1,1,0,0,22,4.802707929785911
2023,REG,14,2023121010,59377,12/10/2023,4400,LAC,1400,DEN,home,2,4.577731882513236,TUI720077,00-0039111,4400,Tuli Tuipulotu,T.Tuipulotu,DE,https://static.www.nfl.com/image/private/{formatInstructions}/league/wdiuxzxcsalogxhdxdec,45,3,1,0,0,20,5.186227719312354
2023,REG,14,2023121010,59377,12/10/2023,4400,LAC,1400,DEN,home,3,4.577731882513236,JOH064658,00-0032763,4400,Austin Johnson,A.Johnson,DT,https://static.www.nfl.com/image/private/{formatInstructions}/league/yw0n2arlqinekrb9izou,98,2,1,0,0,15,5.013334274427162
2023,REG,14,2023121010,59377,12/10/2023,4400,LAC,1400,DEN,home,4,4.577731882513236,JOS280126,00-0034810,4400,Sebastian Joseph,S.Joseph,DT,https://static.www.nfl.com/image/private/{formatInstructions}/league/smlfibms0dabjqpf29wg,51,1,1,0,0,14,4.895606968299019
2023,REG,14,2023121010,59377,12/10/2023,4400,LAC,1400,DEN,visitor,1,4.577731882513236,ALL656181,00-0035248,1400,Zach Allen,Z.Allen,DE,https://static.www.nfl.com/image/private/{formatInstructions}/league/jbqsgpcisn8px60ab3xf,99,1,0,1,0,31,4.137367928259864
2023,REG,14,2023121010,59377,12/10/2023,4400,LAC,1400,DEN,visitor,2,4.577731882513236,JON230048,00-0033297,1400,D.J. Jones,D.Jones,NT,https://static.www.nfl.com/image/private/{formatInstructions}/league/n3bcrpe6uvhwtp43aphs,93,2,0,0,0,24,5.757090937500294
2023,REG,14,2023121010,59377,12/10/2023,4400,LAC,1400,DEN,visitor,3,4.577731882513236,BRO806290,00-0036995,1400,Baron Browning,B.Browning,ILB,https://static.www.nfl.com/image/private/{formatInstructions}/league/xfkd9rhl1tun2nwvor6n,56,4,0,0,0,23,4.675274117222182
2023,REG,14,2023121010,59377,12/10/2023,4400,LAC,1400,DEN,visitor,4,4.577731882513236,COO617139,00-0036952,1400,Jonathon Cooper,J.Cooper,OLB,https://static.www.nfl.com/image/private/{formatInstructions}/league/dvuos7qbtpi5jmo41sry,0,2,0,0,0,22,4.290160697608498
2023,REG,14,2023121011,59378,12/10/2023,1200,DAL,3700,PHI,home,1,4.577731882513236,PAR753418,00-0036932,1200,Micah Parsons,M.Parsons,OLB,https://static.www.nfl.com/image/private/{formatInstructions}/league/vnasvto6q1izyolgu7db,11,2,0,1,0,18,3.4921918443215407
2023,REG,14,2023121011,59378,12/10/2023,1200,DAL,3700,PHI,home,2,4.577731882513236,ARM218905,00-0034373,1200,Dorance Armstrong,D.Armstrong,DE,https://static.www.nfl.com/image/private/{formatInstructions}/league/tcudmhrcnl85ii2t3wvy,92,1,0,0,0,17,4.45895111039838
2023,REG,14,2023121011,59378,12/10/2023,1200,DAL,3700,PHI,home,3,4.577731882513236,ODI118654,00-0036942,1200,Osa Odighizuwa,O.Odighizuwa,DT,https://static.www.nfl.com/image/private/{formatInstructions}/league/l6baz1fnywtp18wcydrd,97,1,0,0,0,16,4.802542285553784
2023,REG,14,2023121011,59378,12/10/2023,1200,DAL,3700,PHI,home,4,4.577731882513236,LAW282118,00-0031411,1200,Demarcus Lawrence,D.Lawrence,DE,https://static.www.nfl.com/image/private/{formatInstructions}/league/zqkya3dftem6ykdpsjem,90,0,1,0,0,15,3.2976246561202456
2023,REG,14,2023121011,59378,12/10/2023,1200,DAL,3700,PHI,visitor,1,4.577731882513236,COX200177,00-0029653,3700,Fletcher Cox,F.Cox,DT,https://static.www.nfl.com/image/private/{formatInstructions}/league/guiegvu50wdv6lzspebo,91,1,2,1,1,27,4.477628449160604
2023,REG,14,2023121011,59378,12/10/2023,1200,DAL,3700,PHI,visitor,2,4.577731882513236,SWE031587,00-0034381,3700,Josh Sweat,J.Sweat,DE,https://static.www.nfl.com/image/private/{formatInstructions}/league/r8tbgqchezlbyykxvloz,94,3,0,0,0,24,4.400084583509444
2023,REG,14,2023121011,59378,12/10/2023,1200,DAL,3700,PHI,visitor,3,4.577731882513236,RED324095,00-0033875,3700,Haason Reddick,H.Reddick,OLB,https://static.www.nfl.com/image/private/{formatInstructions}/league/qqfxdnlmmyzbh27lmxgi,7,2,1,2,0,23,4.705140047827515
2023,REG,14,2023121011,59378,12/10/2023,1200,DAL,3700,PHI,visitor,4,4.577731882513236,DAV487265,00-0037073,3700,Jordan Davis,J.Davis,DT,https://static.www.nfl.com/image/private/{formatInstructions}/league/woqb6yohpkcydp989ed2,90,2,3,0,0,18,4.856105869252925
2023,REG,14,2023121100,59379,12/11/2023,2700,MIA,2100,TEN,home,1,4.577731882513236,CHU028799,00-0034832,2700,Bradley Chubb,B.Chubb,OLB,https://static.www.nfl.com/image/private/{formatInstructions}/league/to1i0hqzw9xoy0tgm9ck,2,2,3,0,0,29,3.0616045720425507
2023,REG,14,2023121100,59379,12/11/2023,2700,MIA,2100,TEN,home,2,4.577731882513236,SIE410345,00-0034285,2700,Zach Sieler,Z.Sieler,DE,https://static.www.nfl.com/image/private/{formatInstructions}/league/me66zdnhvswxahqsvlrn,92,1,3,0,0,26,3.6977085556584366
2023,REG,14,2023121100,59379,12/11/2023,2700,MIA,2100,TEN,home,3,4.577731882513236,WIL081088,00-0035231,2700,Christian Wilkins,C.Wilkins,DE,https://static.www.nfl.com/image/private/{formatInstructions}/league/yngx6poa67gosj2oiwk1,94,2,2,1,0,26,3.818431629492736
2023,REG,14,2023121100,59379,12/11/2023,2700,MIA,2100,TEN,home,4,4.577731882513236,VAN463493,00-0035272,2700,Andrew Van Ginkel,A.Van Ginkel,OLB,https://static.www.nfl.com/image/private/{formatInstructions}/league/tq7dbfmycd7qrbal5lvb,43,2,2,0,0,21,4.183256210683199
2023,REG,14,2023121100,59379,12/11/2023,2700,MIA,2100,TEN,visitor,1,4.577731882513236,AUT529722,00-0031254,2100,Denico Autry,D.Autry,DE,https://static.www.nfl.com/image/private/{formatInstructions}/league/fm0gjc1jtbgmmsr4gs9l,96,2,0,0,0,24,4.016476099189405
2023,REG,14,2023121100,59379,12/11/2023,2700,MIA,2100,TEN,visitor,2,4.577731882513236,LAN159704,00-0034828,2100,Harold Landry,H.Landry,OLB,https://static.www.nfl.com/image/private/{formatInstructions}/league/akafrpdcokvwz2psbbmj,58,4,1,3,0,22,3.060001029097558
2023,REG,14,2023121100,59379,12/11/2023,2700,MIA,2100,TEN,visitor,3,4.577731882513236,KEY099037,00-0034825,2100,Arden Key,A.Key,OLB,https://static.www.nfl.com/image/private/{formatInstructions}/league/psoje6looquofelpery9,49,2,0,1,0,22,4.187144373486885
2023,REG,14,2023121100,59379,12/11/2023,2700,MIA,2100,TEN,visitor,4,4.577731882513236,JOH321843,00-0033940,2100,Jaleel Johnson,J.Johnson,DT,https://static.www.nfl.com/image/private/{formatInstructions}/league/vyyem0liv7khzftzcihu,94,1,1,1,1,13,4.281208749094956
2023,REG,14,2023121101,59380,12/11/2023,3410,NYG,1800,GB,home,1,4.577731882513236,THI172866,00-0037611,3410,Kayvon Thibodeaux,K.Thibodeaux,OLB,https://static.www.nfl.com/image/private/{formatInstructions}/league/ssdyrj5nmrcos9zv1e4d,5,1,7,0,1,34,4.68712432094568
2023,REG,14,2023121101,59380,12/11/2023,3410,NYG,1800,GB,home,2,4.577731882513236,OJU415291,00-0036552,3410,Azeez Ojulari,A.Ojulari,DE,https://static.www.nfl.com/image/private/{formatInstructions}/league/k41l7r8hicknnv9bu59h,51,1,3,0,0,28,4.1643603452938995
2023,REG,14,2023121101,59380,12/11/2023,3410,NYG,1800,GB,home,3,4.577731882513236,ROB367960,00-0032889,3410,A'Shawn Robinson,As.Robinson,DT,https://static.www.nfl.com/image/private/{formatInstructions}/league/qgiwxchd1lmgszfunys8,91,4,4,0,0,19,3.9294723336020354
2023,REG,14,2023121101,59380,12/11/2023,3410,NYG,1800,GB,home,4,4.577731882513236,NUN250521,00-0031957,3410,Rakeem Nunez-Roches,R.Nunez-Roches,NT,https://static.www.nfl.com/image/private/{formatInstructions}/league/npr1srt57gl9p8caixpo,93,2,0,0,0,18,4.787378922706711
2023,REG,14,2023121101,59380,12/11/2023,3410,NYG,1800,GB,visitor,1,4.577731882513236,CLA409251,00-0033120,1800,Kenny Clark,K.Clark,DE,https://static.www.nfl.com/image/private/{formatInstructions}/league/xehidvio5jubhvwgsklr,97,3,0,0,0,13,4.193739763268897
2023,REG,14,2023121101,59380,12/11/2023,3410,NYG,1800,GB,visitor,2,4.577731882513236,SMI576520,00-0031935,1800,Preston Smith,P.Smith,OLB,https://static.www.nfl.com/image/private/{formatInstructions}/league/pohwua1xxcajtggbemhr,91,0,1,0,0,11,5.829915120473208
2023,REG,14,2023121101,59380,12/11/2023,3410,NYG,1800,GB,visitor,3,4.577731882513236,GAR766759,00-0034967,1800,Rashan Gary,R.Gary,OLB,https://static.www.nfl.com/image/private/{formatInstructions}/league/t4clz4xe8sfxszmvohfo,52,1,1,0,0,10,5.240953321773615
2023,REG,14,2023121101,59380,12/11/2023,3410,NYG,1800,GB,visitor,4,4.577731882513236,BRO132842,00-0038398,1800,Karl Brooks,K.Brooks,NT,https://static.www.nfl.com/image/private/{formatInstructions}/league/guin0qvgptaeequepnvk,94,1,1,0,0,10,4.22874652016442
2023,REG,15,2023121400,59381,12/14/2023,2520,LV,4400,LAC,home,1,4.577731882513236,CRO371007,00-0034973,2520,Maxx Crosby,M.Crosby,DE,https://static.www.nfl.com/image/private/{formatInstructions}/league/ryx2ur9vl647z34ltt2q,98,2,2,0,0,19,3.927547477232536
2023,REG,15,2023121400,59381,12/14/2023,2520,LV,4400,LAC,home,2,4.577731882513236,KOO195832,00-0036989,2520,Malcolm Koonce,M.Koonce,DE,https://static.www.nfl.com/image/private/{formatInstructions}/league/nvgan7b6roodcugsa9iy,51,3,0,2,2,19,4.359292255589179
2023,REG,15,2023121400,59381,12/14/2023,2520,LV,4400,LAC,home,3,4.577731882513236,WIL806943,00-0038541,2520,Tyree Wilson,T.Wilson,DE,https://static.www.nfl.com/image/private/{formatInstructions}/league/xep4qycckzwyglne5cfc,9,1,1,0,0,19,4.51599564590186
2023,REG,15,2023121400,59381,12/14/2023,2520,LV,4400,LAC,home,4,4.577731882513236,BUT106408,00-0033381,2520,Adam Butler,A.Butler,DT,https://static.www.nfl.com/image/private/{formatInstructions}/league/ijlj4afpy1na9i9hxfvc,69,1,3,0,0,17,4.913485080815921
2023,REG,15,2023121400,59381,12/14/2023,2520,LV,4400,LAC,visitor,1,4.577731882513236,MAC325122,00-0031040,4400,Khalil Mack,K.Mack,DE,https://static.www.nfl.com/image/private/{formatInstructions}/league/hkxmcpv1vobtydr4yt7n,52,2,1,0,0,25,4.2699013664848176
2023,REG,15,2023121400,59381,12/14/2023,2520,LV,4400,LAC,visitor,2,4.577731882513236,TUI720077,00-0039111,4400,Tuli Tuipulotu,T.Tuipulotu,DE,https://static.www.nfl.com/image/private/{formatInstructions}/league/wdiuxzxcsalogxhdxdec,45,0,0,0,0,22,4.382654306206965
2023,REG,15,2023121400,59381,12/14/2023,2520,LV,4400,LAC,visitor,3,4.577731882513236,JOH064658,00-0032763,4400,Austin Johnson,A.Johnson,DT,https://static.www.nfl.com/image/private/{formatInstructions}/league/yw0n2arlqinekrb9izou,98,4,4,0,0,13,4.1187754044986535
2023,REG,15,2023121400,59381,12/14/2023,2520,LV,4400,LAC,visitor,4,4.577731882513236,FOX250058,00-0032671,4400,Morgan Fox,M.Fox,DT,https://static.www.nfl.com/image/private/{formatInstructions}/league/qvo06vbj0iivq9xntc1c,56,0,0,0,0,12,4.348586252940551
2023,REG,15,2023121600,59383,12/16/2023,0920,CIN,3000,MIN,home,1,4.577731882513236,HIL096836,00-0034800,0920,B.J. Hill,B.Hill,DT,https://static.www.nfl.com/image/private/{formatInstructions}/league/kzclgv44hziqf33iwtyx,92,1,4,0,0,27,4.475781652705821
2023,REG,15,2023121600,59383,12/16/2023,0920,CIN,3000,MIN,home,2,4.577731882513236,HUB387605,00-0034834,0920,Sam Hubbard,S.Hubbard,DE,https://static.www.nfl.com/image/private/{formatInstructions}/league/fedpaaymkmox3miypjkl,94,3,0,0,0,22,4.189853917054739
2023,REG,15,2023121600,59383,12/16/2023,0920,CIN,3000,MIN,home,3,4.577731882513236,HEN324452,00-0033935,0920,Trey Hendrickson,T.Hendrickson,DE,https://static.www.nfl.com/image/private/{formatInstructions}/league/ypeza1qplqqjbvowe2im,91,1,2,1,0,19,3.3584358879260647
2023,REG,15,2023121600,59383,12/16/2023,0920,CIN,3000,MIN,home,4,4.577731882513236,CAR786801,00-0037804,0920,Zach Carter,Z.Carter,DT,,95,0,1,0,0,18,3.9992873255691754
2023,REG,15,2023121600,59383,12/16/2023,0920,CIN,3000,MIN,visitor,1,4.577731882513236,HUN529240,00-0031565,3000,Danielle Hunter,D.Hunter,OLB,https://static.www.nfl.com/image/private/{formatInstructions}/league/mcimj8g9r5vhy4rzreih,99,3,2,2,0,32,4.790291951777005
2023,REG,15,2023121600,59383,12/16/2023,0920,CIN,3000,MIN,visitor,2,4.577731882513236,WON272160,00-0036335,3000,D.J. Wonnum,D.Wonnum,OLB,https://static.www.nfl.com/image/private/{formatInstructions}/league/eyocajqgfrigi444hnkq,98,4,2,1,0,29,4.328785256437447
2023,REG,15,2023121600,59383,12/16/2023,0920,CIN,3000,MIN,visitor,3,4.577731882513236,PHI215142,00-0034782,3000,Harrison Phillips,H.Phillips,DT,https://static.www.nfl.com/image/private/{formatInstructions}/league/qyfhltyov0a0rigpe0mu,97,2,0,0,0,23,4.6664685835348925
2023,REG,15,2023121600,59383,12/16/2023,0920,CIN,3000,MIN,visitor,4,4.577731882513236,BUL366378,00-0033093,3000,Jonathan Bullard,J.Bullard,DE,https://static.www.nfl.com/image/private/{formatInstructions}/league/hgxa0we4sgcfdb7wim77,90,1,0,1,0,19,5.187967582773168
2023,REG,15,2023121601,59386,12/16/2023,2200,IND,3900,PIT,home,1,4.577731882513236,BUC768760,00-0032378,2200,DeForest Buckner,D.Buckner,DT,https://static.www.nfl.com/image/private/{formatInstructions}/league/ls2tzitcuhmhwug8ohwj,99,3,1,0,0,24,3.6970909420246447
2023,REG,15,2023121601,59386,12/16/2023,2200,IND,3900,PIT,home,2,4.577731882513236,EBU355964,00-0033945,2200,Samson Ebukam,S.Ebukam,DE,https://static.www.nfl.com/image/private/{formatInstructions}/league/feoglrxvambjd4u4tdq6,52,2,1,1,0,18,3.284264937915481
2023,REG,15,2023121601,59386,12/16/2023,2200,IND,3900,PIT,home,3,4.577731882513236,PAY168986,00-0036479,2200,Kwity Paye,K.Paye,DE,https://static.www.nfl.com/image/private/{formatInstructions}/league/qo9cpabig7tusr8r49ud,51,2,2,0,0,18,4.67367339805981
2023,REG,15,2023121601,59386,12/16/2023,2200,IND,3900,PIT,home,4,4.577731882513236,ODE707589,00-0036480,2200,Dayo Odeyingbo,D.Odeyingbo,DE,https://static.www.nfl.com/image/private/{formatInstructions}/league/cui1htwwnpbwayzucahk,54,2,2,1,0,17,3.817975523888946
2023,REG,15,2023121601,59386,12/16/2023,2200,IND,3900,PIT,visitor,1,4.577731882513236,WAT587616,00-0033886,3900,T.J. Watt,T.Watt,OLB,https://static.www.nfl.com/image/private/{formatInstructions}/league/yuqxfzlqjuz7yho5fdpg,90,2,1,2,0,24,3.789814644571152
2023,REG,15,2023121601,59386,12/16/2023,2200,IND,3900,PIT,visitor,2,4.577731882513236,HIG595832,00-0036333,3900,Alex Highsmith,A.Highsmith,OLB,https://static.www.nfl.com/image/private/{formatInstructions}/league/xovqquaydxhhxbsiumfu,56,4,0,0,0,20,4.339708973141039
2023,REG,15,2023121601,59386,12/16/2023,2200,IND,3900,PIT,visitor,3,4.577731882513236,HEY271611,00-0027969,3900,Cameron Heyward,C.Heyward,DT,https://static.www.nfl.com/image/private/{formatInstructions}/league/id93znqysop97rwpm6f1,97,3,2,0,0,17,4.864788971714641
2023,REG,15,2023121601,59386,12/16/2023,2200,IND,3900,PIT,visitor,4,4.577731882513236,OGU431455,00-0033905,3900,Larry Ogunjobi,L.Ogunjobi,DT,https://static.www.nfl.com/image/private/{formatInstructions}/league/lwy0ylpaxchvs61rbkjk,99,2,2,1,0,15,4.04122077274757
2023,REG,15,2023121602,59385,12/16/2023,1540,DET,1400,DEN,home,1,4.577731882513236,HUT099869,00-0037236,1540,Aidan Hutchinson,A.Hutchinson,DE,https://static.www.nfl.com/image/private/{formatInstructions}/league/zywrtjyja5l8efay1six,97,3,1,0,0,25,4.684938765772442
2023,REG,15,2023121602,59385,12/16/2023,1540,DET,1400,DEN,home,2,4.577731882513236,PAS068486,00-0038096,1540,Josh Paschal,J.Paschal,DE,https://static.www.nfl.com/image/private/{formatInstructions}/league/ivkpwgpcixlvfbpzurab,93,2,1,1,0,24,4.769276273551382
2023,REG,15,2023121602,59385,12/16/2023,1540,DET,1400,DEN,home,3,4.577731882513236,COM275428,00-0035265,1540,John Cominsky,J.Cominsky,DE,https://static.www.nfl.com/image/private/{formatInstructions}/league/u6asvfs4kqjcuxvvz0tl,79,1,4,0,0,18,4.597328990800127
2023,REG,15,2023121602,59385,12/16/2023,1540,DET,1400,DEN,home,4,4.577731882513236,ANZ059326,00-0033914,1540,Alex Anzalone,A.Anzalone,ILB,https://static.www.nfl.com/image/private/{formatInstructions}/league/vgi6nmbt30qna8rzjylz,34,7,5,0,0,12,3.628378632414359
2023,REG,15,2023121602,59385,12/16/2023,1540,DET,1400,DEN,visitor,1,4.577731882513236,BRO806290,00-0036995,1400,Baron Browning,B.Browning,ILB,https://static.www.nfl.com/image/private/{formatInstructions}/league/xfkd9rhl1tun2nwvor6n,56,1,1,0,0,26,5.097334995618874
2023,REG,15,2023121602,59385,12/16/2023,1540,DET,1400,DEN,visitor,2,4.577731882513236,ALL656181,00-0035248,1400,Zach Allen,Z.Allen,DE,https://static.www.nfl.com/image/private/{formatInstructions}/league/jbqsgpcisn8px60ab3xf,99,0,0,0,0,25,5.518554412917435
2023,REG,15,2023121602,59385,12/16/2023,1540,DET,1400,DEN,visitor,3,4.577731882513236,COO617139,00-0036952,1400,Jonathon Cooper,J.Cooper,OLB,https://static.www.nfl.com/image/private/{formatInstructions}/league/dvuos7qbtpi5jmo41sry,0,5,0,1,0,21,4.109900612152483
2023,REG,15,2023121602,59385,12/16/2023,1540,DET,1400,DEN,visitor,4,4.577731882513236,JON230048,00-0033297,1400,D.J. Jones,D.Jones,NT,https://static.www.nfl.com/image/private/{formatInstructions}/league/n3bcrpe6uvhwtp43aphs,93,3,1,1,0,16,5.338524255691523
2023,REG,15,2023121700,59387,12/17/2023,1800,GB,4900,TB,home,1,4.577731882513236,CLA409251,00-0033120,1800,Kenny Clark,K.Clark,DE,https://static.www.nfl.com/image/private/{formatInstructions}/league/xehidvio5jubhvwgsklr,97,3,1,2,0,22,3.5827235860093434
2023,REG,15,2023121700,59387,12/17/2023,1800,GB,4900,TB,home,2,4.577731882513236,GAR766759,00-0034967,1800,Rashan Gary,R.Gary,OLB,https://static.www.nfl.com/image/private/{formatInstructions}/league/t4clz4xe8sfxszmvohfo,52,1,0,0,0,20,4.524745858379199
2023,REG,15,2023121700,59387,12/17/2023,1800,GB,4900,TB,home,3,4.577731882513236,SMI576520,00-0031935,1800,Preston Smith,P.Smith,OLB,https://static.www.nfl.com/image/private/{formatInstructions}/league/pohwua1xxcajtggbemhr,91,0,1,0,0,18,4.921019416265536
2023,REG,15,2023121700,59387,12/17/2023,1800,GB,4900,TB,home,4,4.577731882513236,SLA560348,00-0036642,1800,Tedarrell Slaton,T.Slaton,NT,https://static.www.nfl.com/image/private/{formatInstructions}/league/a2xoezbu6p8rg0dfl7fz,93,3,2,0,0,13,3.737256001467818
2023,REG,15,2023121700,59387,12/17/2023,1800,GB,4900,TB,visitor,1,4.577731882513236,KAN046143,00-0039063,4900,Calijah Kancey,C.Kancey,DE,https://static.www.nfl.com/image/private/{formatInstructions}/league/tmd2noaeemowsnshtzsn,94,1,1,0,0,20,5.023151221968436
2023,REG,15,2023121700,59387,12/17/2023,1800,GB,4900,TB,visitor,2,4.577731882513236,DIA051911,00-0039068,4900,YaYa Diaby,Y.Diaby,OLB,https://static.www.nfl.com/image/private/{formatInstructions}/league/phwg0z0vnkcqpiakw5ut,0,1,0,0,0,19,4.4926153274302205
2023,REG,15,2023121700,59387,12/17/2023,1800,GB,4900,TB,visitor,3,4.577731882513236,VEA065410,00-0034773,4900,Vita Vea,V.Vea,NT,https://static.www.nfl.com/image/private/{formatInstructions}/league/e3pgjmrbpteyzrcpkxap,50,0,2,0,0,16,5.375870650776375
2023,REG,15,2023121700,59387,12/17/2023,1800,GB,4900,TB,visitor,4,4.577731882513236,BAR645290,00-0031101,4900,Shaquil Barrett,S.Barrett,OLB,https://static.www.nfl.com/image/private/{formatInstructions}/league/eiilfj6qiri4n9xrclwe,7,0,2,0,1,14,6.121277078194281
2023,REG,15,2023121701,59388,12/17/2023,2700,MIA,3430,NYJ,home,1,4.577731882513236,WIL081088,00-0035231,2700,Christian Wilkins,C.Wilkins,DE,https://static.www.nfl.com/image/private/{formatInstructions}/league/yngx6poa67gosj2oiwk1,94,2,1,0,0,29,3.6731132230615207
2023,REG,15,2023121701,59388,12/17/2023,2700,MIA,3430,NYJ,home,2,4.577731882513236,VAN463493,00-0035272,2700,Andrew Van Ginkel,A.Van Ginkel,OLB,https://static.www.nfl.com/image/private/{formatInstructions}/league/tq7dbfmycd7qrbal5lvb,43,2,2,0,0,29,4.300363125132347
2023,REG,15,2023121701,59388,12/17/2023,2700,MIA,3430,NYJ,home,3,4.577731882513236,SIE410345,00-0034285,2700,Zach Sieler,Z.Sieler,DE,https://static.www.nfl.com/image/private/{formatInstructions}/league/me66zdnhvswxahqsvlrn,92,1,1,1,0,27,4.599781809757245
2023,REG,15,2023121701,59388,12/17/2023,2700,MIA,3430,NYJ,home,4,4.577731882513236,CHU028799,00-0034832,2700,Bradley Chubb,B.Chubb,OLB,https://static.www.nfl.com/image/private/{formatInstructions}/league/to1i0hqzw9xoy0tgm9ck,2,5,2,3,2,25,3.776072005959106
2023,REG,15,2023121701,59388,12/17/2023,2700,MIA,3430,NYJ,visitor,1,4.577731882513236,WIL132672,00-0035718,3430,Quinnen Williams,Q.Williams,NT,https://static.www.nfl.com/image/private/{formatInstructions}/league/ftjeq2xr9mvck8mfkute,95,2,1,0,0,21,4.276007133989021
2023,REG,15,2023121701,59388,12/17/2023,2700,MIA,3430,NYJ,visitor,2,4.577731882513236,HUF090844,00-0036151,3430,Bryce Huff,B.Huff,DE,https://static.www.nfl.com/image/private/{formatInstructions}/league/we20nyvj1dcdepuob9xh,47,2,0,1,0,21,4.219278952047271
2023,REG,15,2023121701,59388,12/17/2023,2700,MIA,3430,NYJ,visitor,3,4.577731882513236,JOH789955,00-0037663,3430,Jermaine Johnson,J.Johnson,OLB,https://static.www.nfl.com/image/private/{formatInstructions}/league/tksswzrbrb6ndpbczqon,11,3,2,0,0,20,5.104810053028789
2023,REG,15,2023121701,59388,12/17/2023,2700,MIA,3430,NYJ,visitor,4,4.577731882513236,THO381630,00-0033870,3430,Solomon Thomas,S.Thomas,DT,https://static.www.nfl.com/image/private/{formatInstructions}/league/umuabhaoizdehmj7ifbw,94,2,1,1,0,17,4.394835457382539
2023,REG,15,2023121702,59389,12/17/2023,3300,NO,3410,NYG,home,1,4.577731882513236,GRA291153,00-0035402,3300,Carl Granderson,C.Granderson,DE,https://static.www.nfl.com/image/private/{formatInstructions}/league/n1thp9nf1gnbj3epsec5,96,2,1,1,0,30,4.803363352394149
2023,REG,15,2023121702,59389,12/17/2023,3300,NO,3410,NYG,home,2,4.577731882513236,BAU677316,00-0036418,3300,Zack Baun,Z.Baun,OLB,https://static.www.nfl.com/image/private/{formatInstructions}/league/rme6yzflo9wk8kpnpv4u,53,1,0,0,0,26,4.609465837025149
2023,REG,15,2023121702,59389,12/17/2023,3300,NO,3410,NYG,home,3,4.577731882513236,BRE510679,00-0038995,3300,Bryan Bresee,B.Bresee,DT,https://static.www.nfl.com/image/private/{formatInstructions}/league/ndia5grzqsvtxhql50ss,90,2,1,2,0,26,4.0020466570378295
2023,REG,15,2023121702,59389,12/17/2023,3300,NO,3410,NYG,home,4,4.577731882513236,KPA593274,00-0033902,3300,Tanoh Kpassagnon,T.Kpassagnon,DE,https://static.www.nfl.com/image/private/{formatInstructions}/league/ilr1bs7qesfq7fryeetc,92,5,1,3,0,19,4.420336723815166
2023,REG,15,2023121702,59389,12/17/2023,3300,NO,3410,NYG,visitor,1,4.577731882513236,THI172866,00-0037611,3410,Kayvon Thibodeaux,K.Thibodeaux,OLB,https://static.www.nfl.com/image/private/{formatInstructions}/league/ssdyrj5nmrcos9zv1e4d,5,1,0,0,0,23,4.966305380486996
2023,REG,15,2023121702,59389,12/17/2023,3300,NO,3410,NYG,visitor,2,4.577731882513236,OJU415291,00-0036552,3410,Azeez Ojulari,A.Ojulari,DE,https://static.www.nfl.com/image/private/{formatInstructions}/league/k41l7r8hicknnv9bu59h,51,2,1,0,0,18,4.688088467325297
2023,REG,15,2023121702,59389,12/17/2023,3300,NO,3410,NYG,visitor,3,4.577731882513236,ROB367960,00-0032889,3410,A'Shawn Robinson,As.Robinson,DT,https://static.www.nfl.com/image/private/{formatInstructions}/league/qgiwxchd1lmgszfunys8,91,7,1,0,0,16,4.846986804587171
2023,REG,15,2023121702,59389,12/17/2023,3300,NO,3410,NYG,visitor,4,4.577731882513236,NUN250521,00-0031957,3410,Rakeem Nunez-Roches,R.Nunez-Roches,NT,https://static.www.nfl.com/image/private/{formatInstructions}/league/npr1srt57gl9p8caixpo,93,1,3,0,0,15,5.242126628413604
2023,REG,15,2023121703,59390,12/17/2023,2100,TEN,2120,HOU,home,1,4.577731882513236,LAN159704,00-0034828,2100,Harold Landry,H.Landry,OLB,https://static.www.nfl.com/image/private/{formatInstructions}/league/akafrpdcokvwz2psbbmj,58,5,1,0,0,24,3.8829319799788062
2023,REG,15,2023121703,59390,12/17/2023,2100,TEN,2120,HOU,home,2,4.577731882513236,AUT529722,00-0031254,2100,Denico Autry,D.Autry,DE,https://static.www.nfl.com/image/private/{formatInstructions}/league/fm0gjc1jtbgmmsr4gs9l,96,4,0,2,0,22,4.118464264634625
2023,REG,15,2023121703,59390,12/17/2023,2100,TEN,2120,HOU,home,3,4.577731882513236,KEY099037,00-0034825,2100,Arden Key,A.Key,OLB,https://static.www.nfl.com/image/private/{formatInstructions}/league/psoje6looquofelpery9,49,0,0,0,0,21,5.1856818733897825
2023,REG,15,2023121703,59390,12/17/2023,2100,TEN,2120,HOU,home,4,4.577731882513236,WEA680064,00-0036938,2100,Rashad Weaver,R.Weaver,OLB,https://static.www.nfl.com/image/private/{formatInstructions}/league/nulle10sjirltou4ryz7,99,2,1,0,0,16,4.732493266537563
2023,REG,15,2023121703,59390,12/17/2023,2100,TEN,2120,HOU,visitor,1,4.577731882513236,GRE397948,00-0036224,2120,Jonathan Greenard,J.Greenard,DE,https://static.www.nfl.com/image/private/{formatInstructions}/league/mgn1hyalnf83cwhn7iwo,52,2,4,2,1,21,3.9872187275825697
2023,REG,15,2023121703,59390,12/17/2023,2100,TEN,2120,HOU,visitor,2,4.577731882513236,COL633184,00-0033131,2120,Maliek Collins,M.Collins,DT,https://static.www.nfl.com/image/private/{formatInstructions}/league/y9hbtlxivjzgaassmpwt,96,2,3,1,0,20,3.4133536970437985
2023,REG,15,2023121703,59390,12/17/2023,2100,TEN,2120,HOU,visitor,3,4.577731882513236,RAN676464,00-0032759,2120,Sheldon Rankins,S.Rankins,DT,https://static.www.nfl.com/image/upload/{formatInstructions}/league/aswns7v3cwkuupnlpdn8,98,3,1,0,0,18,3.925285049106039
2023,REG,15,2023121703,59390,12/17/2023,2100,TEN,2120,HOU,visitor,4,4.577731882513236,HUG532081,00-0027881,2120,Jerry Hughes,J.Hughes,DE,https://static.www.nfl.com/image/private/{formatInstructions}/league/kpaim2ei9sq4kl3ye4li,55,1,0,0,0,14,4.105397829543269
2023,REG,15,2023121704,59391,12/17/2023,3800,ARI,4500,SF,home,1,4.577731882513236,STI401047,00-0038623,3800,Dante Stills,D.Stills,DE,https://static.www.nfl.com/image/private/{formatInstructions}/league/mjw66yx6mafncshskyob,55,2,1,0,0,14,5.038116557777641
2023,REG,15,2023121704,59391,12/17/2023,3800,ARI,4500,SF,home,2,4.577731882513236,LED300302,00-0035343,3800,Jonathan Ledbetter,J.Ledbetter,DE,https://static.www.nfl.com/image/private/{formatInstructions}/league/vipmbrcixn2huexfkobd,93,0,3,0,0,13,4.417995271005613
2023,REG,15,2023121704,59391,12/17/2023,3800,ARI,4500,SF,home,3,4.577731882513236,LOP508807,00-0036568,3800,Roy Lopez,R.Lopez,DT,https://static.www.nfl.com/image/upload/{formatInstructions}/league/qegqjyaah6tv5xeag5xw,98,1,4,0,0,9,5.262998884884414
2023,REG,15,2023121704,59391,12/17/2023,3800,ARI,4500,SF,home,4,4.577731882513236,OJU426541,00-0039155,3800,B.J. Ojulari,B.Ojulari,OLB,https://static.www.nfl.com/image/private/{formatInstructions}/league/drsorhqyj7le5urztdvm,18,0,1,0,0,8,4.450129550426646
2023,REG,15,2023121704,59391,12/17/2023,3800,ARI,4500,SF,visitor,1,4.577731882513236,YOU146550,00-0036321,4500,Chase Young,C.Young,DE,https://static.www.nfl.com/image/upload/{formatInstructions}/league/wphck1ysaeehkmsgxopb,92,1,1,0,0,25,4.063277195193803
2023,REG,15,2023121704,59391,12/17/2023,3800,ARI,4500,SF,visitor,2,4.577731882513236,KIN708236,00-0036260,4500,Javon Kinlaw,J.Kinlaw,DT,https://static.www.nfl.com/image/private/{formatInstructions}/league/lwpjojsgfbi7ipmfbigq,99,1,1,1,0,25,4.80813256572063
2023,REG,15,2023121704,59391,12/17/2023,3800,ARI,4500,SF,visitor,3,4.577731882513236,BOS073285,00-0035717,4500,Nick Bosa,N.Bosa,DE,https://static.www.nfl.com/image/private/{formatInstructions}/league/pzdj8ys2wqjc92hafziy,97,1,0,1,1,24,4.094995953177919
2023,REG,15,2023121704,59391,12/17/2023,3800,ARI,4500,SF,visitor,4,4.577731882513236,GIV245959,00-0035026,4500,Kevin Givens,K.Givens,DT,https://static.www.nfl.com/image/private/{formatInstructions}/league/yzm0o9ogkxwef58ni6ij,90,4,0,0,0,21,5.30335589043848
2023,REG,15,2023121705,59392,12/17/2023,2510,LA,5110,WAS,home,1,4.577731882513236,YOU127040,00-0039137,2510,Byron Young,B.Young,OLB,https://static.www.nfl.com/image/private/{formatInstructions}/league/bdfvfh0776dv0sn447pq,0,1,2,0,0,24,4.015828618883503
2023,REG,15,2023121705,59392,12/17/2023,2510,LA,5110,WAS,home,2,4.577731882513236,TUR561805,00-0039138,2510,Kobie Turner,K.Turner,NT,https://static.www.nfl.com/image/private/{formatInstructions}/league/ouhisfkb6jyedo6jj0m4,91,0,1,0,0,20,3.650633543032739
2023,REG,15,2023121705,59392,12/17/2023,2510,LA,5110,WAS,home,3,4.577731882513236,DON134977,00-0031388,2510,Aaron Donald,A.Donald,DT,https://static.www.nfl.com/image/private/{formatInstructions}/league/gou42dathlyc1rfn4pga,99,1,2,0,0,19,3.5353993731378743
2023,REG,15,2023121705,59392,12/17/2023,2510,LA,5110,WAS,home,4,4.577731882513236,HOE044723,00-0035933,2510,Michael Hoecht,M.Hoecht,OLB,https://static.www.nfl.com/image/private/{formatInstructions}/league/ufxnrf3mqht5ijy0ln2i,97,3,0,0,0,14,3.924883978098539
2023,REG,15,2023121705,59392,12/17/2023,2510,LA,5110,WAS,visitor,1,4.577731882513236,ALL512725,00-0033523,5110,Jonathan Allen,J.Allen,DT,https://static.www.nfl.com/image/private/{formatInstructions}/league/uyc2yzn3jzzmx8zkswex,93,1,3,0,0,28,5.401407956616988
2023,REG,15,2023121705,59392,12/17/2023,2510,LA,5110,WAS,visitor,2,4.577731882513236,PAY281222,00-0034333,5110,Daron Payne,D.Payne,DT,https://static.www.nfl.com/image/private/{formatInstructions}/league/vxrbsde7ynj9mahsxfcs,94,2,1,2,0,25,4.632941042781169
2023,REG,15,2023121705,59392,12/17/2023,2510,LA,5110,WAS,visitor,3,4.577731882513236,TOO260938,00-0036403,5110,Casey Toohill,C.Toohill,DE,https://static.www.nfl.com/image/private/{formatInstructions}/league/ua0oplgml0z0m1ru91om,95,3,1,0,0,25,5.9667578028951755
2023,REG,15,2023121705,59392,12/17/2023,2510,LA,5110,WAS,visitor,4,4.577731882513236,JON826252,00-0038635,5110,Andre Jones,A.Jones,DE,,50,0,1,0,0,17,4.617610003580657
2023,REG,15,2023121706,59393,12/17/2023,0610,BUF,1200,DAL,home,1,4.577731882513236,OLI290385,00-0035230,0610,Ed Oliver,E.Oliver,DT,https://static.www.nfl.com/image/private/{formatInstructions}/league/e2nyrgwol6dnvxotljae,91,1,0,0,0,21,4.073902938929913
2023,REG,15,2023121706,59393,12/17/2023,0610,BUF,1200,DAL,home,2,4.577731882513236,ROU617685,00-0036914,0610,Gregory Rousseau,G.Rousseau,DE,https://static.www.nfl.com/image/private/{formatInstructions}/league/insb9f4qznbgcfyreogp,50,1,1,0,0,20,4.143993011298255
2023,REG,15,2023121706,59393,12/17/2023,0610,BUF,1200,DAL,home,3,4.577731882513236,FLO758060,00-0033072,0610,Leonard Floyd,L.Floyd,DE,https://static.www.nfl.com/image/private/{formatInstructions}/league/mmexfoamcspblwripdan,56,1,0,1,0,16,4.612235857740895
2023,REG,15,2023121706,59393,12/17/2023,0610,BUF,1200,DAL,home,4,4.577731882513236,MIL597654,00-0027940,0610,Von Miller,V.Miller,OLB,https://static.www.nfl.com/image/private/{formatInstructions}/league/cjg7rsgxpx0cskvyiaxo,40,0,0,0,0,15,4.335005494433057
2023,REG,15,2023121706,59393,12/17/2023,0610,BUF,1200,DAL,visitor,1,4.577731882513236,ODI118654,00-0036942,1200,Osa Odighizuwa,O.Odighizuwa,DT,https://static.www.nfl.com/image/private/{formatInstructions}/league/l6baz1fnywtp18wcydrd,97,0,3,0,0,10,5.358215534328408
2023,REG,15,2023121706,59393,12/17/2023,0610,BUF,1200,DAL,visitor,2,4.577731882513236,LAW282118,00-0031411,1200,Demarcus Lawrence,D.Lawrence,DE,https://static.www.nfl.com/image/private/{formatInstructions}/league/zqkya3dftem6ykdpsjem,90,7,1,0,1,9,8.19520546713595
2023,REG,15,2023121706,59393,12/17/2023,0610,BUF,1200,DAL,visitor,3,4.577731882513236,PAR753418,00-0036932,1200,Micah Parsons,M.Parsons,OLB,https://static.www.nfl.com/image/private/{formatInstructions}/league/vnasvto6q1izyolgu7db,11,0,2,0,0,9,5.177661500295959
2023,REG,15,2023121706,59393,12/17/2023,0610,BUF,1200,DAL,visitor,4,4.577731882513236,SMI511850,00-0038545,1200,Mazi Smith,M.Smith,DT,https://static.www.nfl.com/image/private/{formatInstructions}/league/w9snu7b1oklb5iuj8oci,58,1,1,1,0,5,5.763544531881566
2023,REG,15,2023121708,59395,12/17/2023,2250,JAX,0325,BAL,home,1,4.577731882513236,ROB360907,00-0032667,2250,Roy Robertson-Harris,R.Robertson-Harris,DT,https://static.www.nfl.com/image/private/{formatInstructions}/league/rb0pmtszstbyggfqtriw,95,1,1,0,0,12,6.156023238358465
2023,REG,15,2023121708,59395,12/17/2023,2250,JAX,0325,BAL,home,2,4.577731882513236,ALL528759,00-0035642,2250,Josh Allen,J.Allen,OLB,https://static.www.nfl.com/image/private/{formatInstructions}/league/q807jedjb7igab4graoe,41,2,2,0,0,12,3.6120991965025584
2023,REG,15,2023121708,59395,12/17/2023,2250,JAX,0325,BAL,home,3,4.577731882513236,WAL335860,00-0037235,2250,Travon Walker,T.Walker,OLB,https://static.www.nfl.com/image/private/{formatInstructions}/league/u578pgqmortimghxzgev,44,2,2,1,0,12,3.6231009058764485
2023,REG,15,2023121708,59395,12/17/2023,2250,JAX,0325,BAL,home,4,4.577731882513236,GOT428790,00-0033064,2250,Adam Gotsis,A.Gotsis,DE,https://static.www.nfl.com/image/private/{formatInstructions}/league/bhdskzabt3vxpmsyfzxk,96,1,0,1,0,8,5.160506747656406
2023,REG,15,2023121708,59395,12/17/2023,2250,JAX,0325,BAL,visitor,1,4.577731882513236,CLO535848,00-0031364,0325,Jadeveon Clowney,J.Clowney,OLB,https://static.www.nfl.com/image/upload/{formatInstructions}/league/mukpprygzswqdoluyqqm,24,1,2,0,0,27,4.936413003972963
2023,REG,15,2023121708,59395,12/17/2023,2250,JAX,0325,BAL,visitor,2,4.577731882513236,MAD784440,00-0036130,0325,Justin Madubuike,J.Madubuike,DT,https://static.www.nfl.com/image/private/{formatInstructions}/league/tvitcjl2ahtfjqogd2rx,92,1,0,1,1,26,4.748173833394511
2023,REG,15,2023121708,59395,12/17/2023,2250,JAX,0325,BAL,visitor,3,4.577731882513236,VAN656604,00-0031360,0325,Kyle Van Noy,K.Van Noy,OLB,https://static.www.nfl.com/image/upload/{formatInstructions}/league/gsxm5hxkhupxufs1iopx,50,1,1,0,0,20,4.841086838785958
2023,REG,15,2023121708,59395,12/17/2023,2250,JAX,0325,BAL,visitor,4,4.577731882513236,OWE012098,00-0036940,0325,Odafe Oweh,O.Oweh,OLB,https://static.www.nfl.com/image/private/{formatInstructions}/league/zlf34rejm1bnlc07izfd,99,3,0,0,0,19,4.526234107588224
2023,REG,15,2023121709,59382,12/17/2023,0750,CAR,0200,ATL,home,1,4.577731882513236,BRO393541,00-0036220,0750,Derrick Brown,Der.Brown,DT,https://static.www.nfl.com/image/private/{formatInstructions}/league/snjd4zlvrynmvcnlohej,95,2,3,0,0,11,5.29201873829743
2023,REG,15,2023121709,59382,12/17/2023,0750,CAR,0200,ATL,home,2,4.577731882513236,BUR435186,00-0035713,0750,Brian Burns,B.Burns,OLB,https://static.www.nfl.com/image/private/{formatInstructions}/league/pigkreclt8lczii5r2on,0,2,1,0,0,8,5.81383872404025
2023,REG,15,2023121709,59382,12/17/2023,0750,CAR,0200,ATL,home,3,4.577731882513236,GRO610423,00-0036288,0750,Yetur Gross-Matos,Y.Gross-Matos,OLB,https://static.www.nfl.com/image/private/{formatInstructions}/league/fxi23cpqddqvbwwxf5xb,97,3,3,0,0,6,6.13064562934039
2023,REG,15,2023121709,59382,12/17/2023,0750,CAR,0200,ATL,home,4,4.577731882513236,HAY661575,00-0034382,0750,Marquis Haynes,M.Haynes,OLB,https://static.www.nfl.com/image/private/{formatInstructions}/league/wnbz9bjtz8wooiq2podb,98,1,0,0,0,4,7.400238760848606
2023,REG,15,2023121709,59382,12/17/2023,0750,CAR,0200,ATL,visitor,1,4.577731882513236,LON014708,00-0036204,0200,Lacale London,L.London,DT,https://static.www.nfl.com/image/private/{formatInstructions}/league/eactkhffxw3z40dy2o9y,72,2,1,0,0,16,4.802632080357825
2023,REG,15,2023121709,59382,12/17/2023,0750,CAR,0200,ATL,visitor,2,4.577731882513236,CAR716453,00-0034360,0200,Lorenzo Carter,L.Carter,OLB,https://static.www.nfl.com/image/private/{formatInstructions}/league/vzt4cv29hrn9dw0wtpze,0,2,2,0,0,15,5.840048111325632
2023,REG,15,2023121709,59382,12/17/2023,0750,CAR,0200,ATL,visitor,3,4.577731882513236,GRA243423,00-0036948,0200,Ta'Quon Graham,T.Graham,DE,https://static.www.nfl.com/image/private/{formatInstructions}/league/azvrtgslzvbnnlgvekzm,95,1,1,1,1,15,4.329565208030294
2023,REG,15,2023121709,59382,12/17/2023,0750,CAR,0200,ATL,visitor,4,4.577731882513236,CAM208843,00-0026190,0200,Calais Campbell,C.Campbell,DE,https://static.www.nfl.com/image/private/{formatInstructions}/league/wbrve7zrrqiuknohpecm,93,4,2,1,0,14,5.238678469813285
2023,REG,15,2023121710,59384,12/17/2023,1050,CLE,0810,CHI,home,1,4.577731882513236,GAR528896,00-0033868,1050,Myles Garrett,M.Garrett,DE,https://static.www.nfl.com/image/private/{formatInstructions}/league/y33rmtjxhgil7cjcftlc,95,2,1,0,0,29,3.4880765511943483
2023,REG,15,2023121710,59384,12/17/2023,1050,CLE,0810,CHI,home,2,4.577731882513236,SMI827086,00-0031576,1050,Za'Darius Smith,Z.Smith,DE,https://static.www.nfl.com/image/upload/{formatInstructions}/league/nwkviymnel224ydqhmgq,99,1,0,0,0,22,4.135828807806207
2023,REG,15,2023121710,59384,12/17/2023,1050,CLE,0810,CHI,home,3,4.577731882513236,WRI062922,00-0037251,1050,Alex Wright,A.Wright,DE,https://static.www.nfl.com/image/private/{formatInstructions}/league/tgtm7eaxylkjq3smtbqq,91,4,0,1,1,20,4.071007913261296
2023,REG,15,2023121710,59384,12/17/2023,1050,CLE,0810,CHI,home,4,4.577731882513236,TOM676763,00-0033546,1050,Dalvin Tomlinson,D.Tomlinson,DT,https://static.www.nfl.com/image/upload/{formatInstructions}/league/amm1zzozebf82214h0eg,94,4,2,0,0,19,3.554051923547133
2023,REG,15,2023121710,59384,12/17/2023,1050,CLE,0810,CHI,visitor,1,4.577731882513236,WAL115858,00-0033782,0810,DeMarcus Walker,D.Walker,DE,https://static.www.nfl.com/image/private/{formatInstructions}/league/rfvqk3uflt2uwxrfwio7,95,2,2,0,0,30,4.140405260578749
2023,REG,15,2023121710,59384,12/17/2023,1050,CLE,0810,CHI,visitor,2,4.577731882513236,SWE034375,00-0035647,0810,Montez Sweat,M.Sweat,DE,https://static.www.nfl.com/image/upload/{formatInstructions}/league/vvbqme5ucgzcddjwc5xm,98,5,2,2,1,30,4.510182256137142
2023,REG,15,2023121710,59384,12/17/2023,1050,CLE,0810,CHI,visitor,3,4.577731882513236,JON518335,00-0034677,0810,Justin Jones,Ju.Jones,DT,https://static.www.nfl.com/image/private/{formatInstructions}/league/zsfbwgrrxrqbahv318xu,93,2,2,0,0,25,4.978994947562495
2023,REG,15,2023121710,59384,12/17/2023,1050,CLE,0810,CHI,visitor,4,4.577731882513236,BIL462662,00-0033066,0810,Andrew Billings,A.Billings,DT,https://static.www.nfl.com/image/private/{formatInstructions}/league/pg8iar3d8s2to8pt3yvz,97,0,1,0,0,17,4.327560901677715
2023,REG,15,2023121711,59396,12/17/2023,3200,NE,2310,KC,home,1,4.577731882513236,BAR221986,00-0036981,3200,Christian Barmore,C.Barmore,DT,https://static.www.nfl.com/image/private/{formatInstructions}/league/h4rtemvkpsx1uyjvnm63,90,4,2,1,0,24,5.151666515769089
2023,REG,15,2023121711,59396,12/17/2023,3200,NE,2310,KC,home,2,4.577731882513236,WHI315646,00-0039148,3200,Keion White,K.White,DE,https://static.www.nfl.com/image/private/{formatInstructions}/league/rjc9qgamwszqabbidwla,99,0,0,0,0,20,5.605748758297149
2023,REG,15,2023121711,59396,12/17/2023,3200,NE,2310,KC,home,3,4.577731882513236,UCH415291,00-0036159,3200,Josh Uche,J.Uche,OLB,https://static.www.nfl.com/image/private/{formatInstructions}/league/mrtmlipyemciqc1ofxxq,55,0,1,0,0,16,6.055151882690236
2023,REG,15,2023121711,59396,12/17/2023,3200,NE,2310,KC,home,4,4.577731882513236,JEN457643,00-0036193,3200,Anfernee Jennings,A.Jennings,OLB,https://static.www.nfl.com/image/private/{formatInstructions}/league/rhpdybqsxdk8fo1wczc3,33,5,0,0,0,15,5.586474389964777
2023,REG,15,2023121711,59396,12/17/2023,3200,NE,2310,KC,visitor,1,4.577731882513236,JON162595,00-0032762,2310,Chris Jones,C.Jones,DT,https://static.www.nfl.com/image/private/{formatInstructions}/league/tzeyeldnaaxjsg4beczj,95,2,0,0,0,26,4.2392765875915455
2023,REG,15,2023121711,59396,12/17/2023,3200,NE,2310,KC,visitor,2,4.577731882513236,DAN721566,00-0036378,2310,Michael Danna,M.Danna,DE,https://static.www.nfl.com/image/private/{formatInstructions}/league/oiywq8es1rm2rjnpbouw,51,1,2,0,0,24,4.629348430314716
2023,REG,15,2023121711,59396,12/17/2023,3200,NE,2310,KC,visitor,3,4.577731882513236,OME565785,00-0035279,2310,Charles Omenihu,C.Omenihu,DE,https://static.www.nfl.com/image/private/{formatInstructions}/league/n7hyavaepvuienrmh9bi,90,1,1,1,1,20,3.685941632881689
2023,REG,15,2023121711,59396,12/17/2023,3200,NE,2310,KC,visitor,4,4.577731882513236,KAR303382,00-0037192,2310,George Karlaftis,G.Karlaftis,DE,https://static.www.nfl.com/image/private/{formatInstructions}/league/kwmi9hcgixedzkqo0hd9,56,1,0,0,0,18,4.611310259866608
2023,REG,15,2023121801,59394,12/18/2023,4600,SEA,3700,PHI,home,1,4.577731882513236,JON263738,00-0035678,4600,Dre'Mont Jones,D.Jones,DE,https://static.www.nfl.com/image/private/{formatInstructions}/league/jtymiyxibjaktdm0h9by,55,1,1,0,0,22,4.067488572201134
2023,REG,15,2023121801,59394,12/18/2023,4600,SEA,3700,PHI,home,2,4.577731882513236,WIL426411,00-0031933,4600,Leonard Williams,L.Williams,DT,https://static.www.nfl.com/image/upload/{formatInstructions}/league/j9yrlxnwf68mxethz6sc,99,5,0,0,0,20,5.597137330236469
2023,REG,15,2023121801,59394,12/18/2023,4600,SEA,3700,PHI,home,3,4.577731882513236,REE257783,00-0032387,4600,Jarran Reed,Ja.Reed,NT,https://static.www.nfl.com/image/private/{formatInstructions}/league/hp86k8wv76vaid3dyzen,90,0,2,0,0,20,4.1754367276911974
2023,REG,15,2023121801,59394,12/18/2023,4600,SEA,3700,PHI,home,4,4.577731882513236,MAF415291,00-0038133,4600,Boye Mafe,B.Mafe,OLB,https://static.www.nfl.com/image/private/{formatInstructions}/league/sqtz8e4f9ccfhioap0qp,53,1,0,0,0,19,3.8914664590598487
2023,REG,15,2023121801,59394,12/18/2023,4600,SEA,3700,PHI,visitor,1,4.577731882513236,SWE031587,00-0034381,3700,Josh Sweat,J.Sweat,DE,https://static.www.nfl.com/image/private/{formatInstructions}/league/r8tbgqchezlbyykxvloz,94,1,0,0,0,29,4.2801074759215565
2023,REG,15,2023121801,59394,12/18/2023,4600,SEA,3700,PHI,visitor,2,4.577731882513236,RED324095,00-0033875,3700,Haason Reddick,H.Reddick,OLB,https://static.www.nfl.com/image/private/{formatInstructions}/league/qqfxdnlmmyzbh27lmxgi,7,2,0,0,0,27,4.738961458836349
2023,REG,15,2023121801,59394,12/18/2023,4600,SEA,3700,PHI,visitor,3,4.577731882513236,COX200177,00-0029653,3700,Fletcher Cox,F.Cox,DT,https://static.www.nfl.com/image/private/{formatInstructions}/league/guiegvu50wdv6lzspebo,91,1,0,1,0,26,4.368743049223753
2023,REG,15,2023121801,59394,12/18/2023,4600,SEA,3700,PHI,visitor,4,4.577731882513236,CAR656628,00-0038386,3700,Jalen Carter,J.Carter,DT,https://static.www.nfl.com/image/private/{formatInstructions}/league/l1xdbx3qtrtbv6scixbn,98,1,0,1,0,18,4.462449818518426
2023,REG,16,2023122100,59397,12/21/2023,2510,LA,3300,NO,home,1,4.577731882513236,DON134977,00-0031388,2510,Aaron Donald,A.Donald,DT,https://static.www.nfl.com/image/private/{formatInstructions}/league/gou42dathlyc1rfn4pga,99,2,0,0,0,36,3.952824022387298
2023,REG,16,2023122100,59397,12/21/2023,2510,LA,3300,NO,home,2,4.577731882513236,YOU127040,00-0039137,2510,Byron Young,B.Young,OLB,https://static.www.nfl.com/image/private/{formatInstructions}/league/bdfvfh0776dv0sn447pq,0,0,1,0,0,29,4.400464208415548
2023,REG,16,2023122100,59397,12/21/2023,2510,LA,3300,NO,home,3,4.577731882513236,TUR561805,00-0039138,2510,Kobie Turner,K.Turner,NT,https://static.www.nfl.com/image/private/{formatInstructions}/league/ouhisfkb6jyedo6jj0m4,91,2,1,1,0,27,4.066049219192816
2023,REG,16,2023122100,59397,12/21/2023,2510,LA,3300,NO,home,4,4.577731882513236,HOE044723,00-0035933,2510,Michael Hoecht,M.Hoecht,OLB,https://static.www.nfl.com/image/private/{formatInstructions}/league/ufxnrf3mqht5ijy0ln2i,97,1,2,0,0,23,4.406356875412138
2023,REG,16,2023122100,59397,12/21/2023,2510,LA,3300,NO,visitor,1,4.577731882513236,GRA291153,00-0035402,3300,Carl Granderson,C.Granderson,DE,https://static.www.nfl.com/image/private/{formatInstructions}/league/n1thp9nf1gnbj3epsec5,96,3,5,1,0,22,4.458847939223724
2023,REG,16,2023122100,59397,12/21/2023,2510,LA,3300,NO,visitor,2,4.577731882513236,JOR051224,00-0027962,3300,Cameron Jordan,C.Jordan,DE,https://static.www.nfl.com/image/private/{formatInstructions}/league/jbcyxaoosrmj0pn5ynjb,94,1,1,0,0,19,6.276294407789739
2023,REG,16,2023122100,59397,12/21/2023,2510,LA,3300,NO,visitor,3,4.577731882513236,SAU693939,00-0035656,3300,Khalen Saunders,K.Saunders,DT,https://static.www.nfl.com/image/private/{formatInstructions}/league/ezc70oyuoknohnm1ugw0,99,2,2,0,0,19,6.010733771417245
2023,REG,16,2023122100,59397,12/21/2023,2510,LA,3300,NO,visitor,4,4.577731882513236,SHE517895,00-0034760,3300,Nathan Shepherd,N.Shepherd,DT,https://static.www.nfl.com/image/private/{formatInstructions}/league/etxkcvubkmc4x2qncx5d,93,2,2,0,0,17,4.798688533339691
2023,REG,16,2023122300,59398,12/23/2023,3900,PIT,0920,CIN,home,1,4.577731882513236,OGU431455,00-0033905,3900,Larry Ogunjobi,L.Ogunjobi,DT,https://static.www.nfl.com/image/private/{formatInstructions}/league/lwy0ylpaxchvs61rbkjk,99,1,1,0,0,26,4.6063069314706
2023,REG,16,2023122300,59398,12/23/2023,3900,PIT,0920,CIN,home,2,4.577731882513236,WAT587616,00-0033886,3900,T.J. Watt,T.Watt,OLB,https://static.www.nfl.com/image/private/{formatInstructions}/league/yuqxfzlqjuz7yho5fdpg,90,2,1,1,1,25,3.822283381737973
2023,REG,16,2023122300,59398,12/23/2023,3900,PIT,0920,CIN,home,3,4.577731882513236,HEY271611,00-0027969,3900,Cameron Heyward,C.Heyward,DT,https://static.www.nfl.com/image/private/{formatInstructions}/league/id93znqysop97rwpm6f1,97,0,0,0,0,23,4.957579731077121
2023,REG,16,2023122300,59398,12/23/2023,3900,PIT,0920,CIN,home,4,4.577731882513236,HIG595832,00-0036333,3900,Alex Highsmith,A.Highsmith,OLB,https://static.www.nfl.com/image/private/{formatInstructions}/league/xovqquaydxhhxbsiumfu,56,1,0,1,0,23,3.5798799731766984
2023,REG,16,2023122300,59398,12/23/2023,3900,PIT,0920,CIN,visitor,1,4.577731882513236,HEN324452,00-0033935,0920,Trey Hendrickson,T.Hendrickson,DE,https://static.www.nfl.com/image/private/{formatInstructions}/league/ypeza1qplqqjbvowe2im,91,2,1,1,0,22,3.0393936548119074
2023,REG,16,2023122300,59398,12/23/2023,3900,PIT,0920,CIN,visitor,2,4.577731882513236,HIL096836,00-0034800,0920,B.J. Hill,B.Hill,DT,https://static.www.nfl.com/image/private/{formatInstructions}/league/kzclgv44hziqf33iwtyx,92,3,5,0,0,20,4.90564862108379
2023,REG,16,2023122300,59398,12/23/2023,3900,PIT,0920,CIN,visitor,3,4.577731882513236,HUB387605,00-0034834,0920,Sam Hubbard,S.Hubbard,DE,https://static.www.nfl.com/image/private/{formatInstructions}/league/fedpaaymkmox3miypjkl,94,1,1,0,0,18,4.338946292749259
2023,REG,16,2023122300,59398,12/23/2023,3900,PIT,0920,CIN,visitor,4,4.577731882513236,CAR786801,00-0037804,0920,Zach Carter,Z.Carter,DT,,95,0,3,0,0,15,4.472255409484188
2023,REG,16,2023122301,59399,12/23/2023,4400,LAC,0610,BUF,home,1,4.577731882513236,MAC325122,00-0031040,4400,Khalil Mack,K.Mack,DE,https://static.www.nfl.com/image/private/{formatInstructions}/league/hkxmcpv1vobtydr4yt7n,52,3,1,0,0,18,4.858301312994885
2023,REG,16,2023122301,59399,12/23/2023,4400,LAC,0610,BUF,home,2,4.577731882513236,TUI720077,00-0039111,4400,Tuli Tuipulotu,T.Tuipulotu,DE,https://static.www.nfl.com/image/private/{formatInstructions}/league/wdiuxzxcsalogxhdxdec,45,4,1,0,1,16,5.373827214694345
2023,REG,16,2023122301,59399,12/23/2023,4400,LAC,0610,BUF,home,3,4.577731882513236,FOX250058,00-0032671,4400,Morgan Fox,M.Fox,DT,https://static.www.nfl.com/image/private/{formatInstructions}/league/qvo06vbj0iivq9xntc1c,56,0,0,0,0,12,5.3800435416610375
2023,REG,16,2023122301,59399,12/23/2023,4400,LAC,0610,BUF,home,4,4.577731882513236,JOH064658,00-0032763,4400,Austin Johnson,A.Johnson,DT,https://static.www.nfl.com/image/private/{formatInstructions}/league/yw0n2arlqinekrb9izou,98,4,1,0,0,8,4.929931974134025
2023,REG,16,2023122301,59399,12/23/2023,4400,LAC,0610,BUF,visitor,1,4.577731882513236,OLI290385,00-0035230,0610,Ed Oliver,E.Oliver,DT,https://static.www.nfl.com/image/private/{formatInstructions}/league/e2nyrgwol6dnvxotljae,91,3,1,2,0,25,4.624408160075549
2023,REG,16,2023122301,59399,12/23/2023,4400,LAC,0610,BUF,visitor,2,4.577731882513236,ROU617685,00-0036914,0610,Gregory Rousseau,G.Rousseau,DE,https://static.www.nfl.com/image/private/{formatInstructions}/league/insb9f4qznbgcfyreogp,50,4,2,0,0,19,5.221989827610406
2023,REG,16,2023122301,59399,12/23/2023,4400,LAC,0610,BUF,visitor,3,4.577731882513236,MIL597654,00-0027940,0610,Von Miller,V.Miller,OLB,https://static.www.nfl.com/image/private/{formatInstructions}/league/cjg7rsgxpx0cskvyiaxo,40,1,0,0,0,17,4.719806738839379
2023,REG,16,2023122301,59399,12/23/2023,4400,LAC,0610,BUF,visitor,4,4.577731882513236,FLO758060,00-0033072,0610,Leonard Floyd,L.Floyd,DE,https://static.www.nfl.com/image/private/{formatInstructions}/league/mmexfoamcspblwripdan,56,2,0,0,0,17,5.2797895751387856
2023,REG,16,2023122402,59400,12/24/2023,0200,ATL,2200,IND,home,1,4.577731882513236,DUP507860,00-0032146,0200,Bud Dupree,B.Dupree,OLB,https://static.www.nfl.com/image/private/{formatInstructions}/league/i2b1ykt4jgmdabmwoqoo,48,2,2,0,0,25,3.7900429451972366
2023,REG,16,2023122402,59400,12/24/2023,0200,ATL,2200,IND,home,2,4.577731882513236,ONY164481,00-0033051,0200,David Onyemata,D.Onyemata,DT,https://static.www.nfl.com/image/private/{formatInstructions}/league/uyu66sa3d2gpsh5tyhxw,90,0,0,0,0,20,4.41664537915795
2023,REG,16,2023122402,59400,12/24/2023,0200,ATL,2200,IND,home,3,4.577731882513236,CAM208843,00-0026190,0200,Calais Campbell,C.Campbell,DE,https://static.www.nfl.com/image/private/{formatInstructions}/league/wbrve7zrrqiuknohpecm,93,1,2,1,0,19,3.5891882226215532
2023,REG,16,2023122402,59400,12/24/2023,0200,ATL,2200,IND,home,4,4.577731882513236,EBI415291,00-0038116,0200,Arnold Ebiketie,A.Ebiketie,OLB,https://static.www.nfl.com/image/private/{formatInstructions}/league/ldrvciwk670ngnbpf2q7,17,0,1,0,0,15,3.590819679359763
2023,REG,16,2023122402,59400,12/24/2023,0200,ATL,2200,IND,visitor,1,4.577731882513236,BUC768760,00-0032378,2200,DeForest Buckner,D.Buckner,DT,https://static.www.nfl.com/image/private/{formatInstructions}/league/ls2tzitcuhmhwug8ohwj,99,2,1,0,0,25,4.768007709157029
2023,REG,16,2023122402,59400,12/24/2023,0200,ATL,2200,IND,visitor,2,4.577731882513236,EBU355964,00-0033945,2200,Samson Ebukam,S.Ebukam,DE,https://static.www.nfl.com/image/private/{formatInstructions}/league/feoglrxvambjd4u4tdq6,52,2,2,0,0,23,5.3921084667426875
2023,REG,16,2023122402,59400,12/24/2023,0200,ATL,2200,IND,visitor,3,4.577731882513236,PAY168986,00-0036479,2200,Kwity Paye,K.Paye,DE,https://static.www.nfl.com/image/private/{formatInstructions}/league/qo9cpabig7tusr8r49ud,51,2,0,1,0,22,4.615973697240981
2023,REG,16,2023122402,59400,12/24/2023,0200,ATL,2200,IND,visitor,4,4.577731882513236,STE757436,00-0033952,2200,Grover Stewart,G.Stewart,DT,https://static.www.nfl.com/image/private/{formatInstructions}/league/itfivv55jb7j4twbsz0a,90,3,2,0,0,16,4.806803429736408
2023,REG,16,2023122403,59401,12/24/2023,0750,CAR,1800,GB,home,1,4.577731882513236,BRO393541,00-0036220,0750,Derrick Brown,Der.Brown,DT,https://static.www.nfl.com/image/private/{formatInstructions}/league/snjd4zlvrynmvcnlohej,95,4,5,0,0,21,4.73308926078141
2023,REG,16,2023122403,59401,12/24/2023,0750,CAR,1800,GB,home,2,4.577731882513236,BUR435186,00-0035713,0750,Brian Burns,B.Burns,OLB,https://static.www.nfl.com/image/private/{formatInstructions}/league/pigkreclt8lczii5r2on,0,1,2,0,0,20,4.455716735750618
2023,REG,16,2023122403,59401,12/24/2023,0750,CAR,1800,GB,home,3,4.577731882513236,GRO610423,00-0036288,0750,Yetur Gross-Matos,Y.Gross-Matos,OLB,https://static.www.nfl.com/image/private/{formatInstructions}/league/fxi23cpqddqvbwwxf5xb,97,2,2,0,0,10,4.134969241452813
2023,REG,16,2023122403,59401,12/24/2023,0750,CAR,1800,GB,home,4,4.577731882513236,WIL234247,00-0031795,0750,DeShawn Williams,D.Williams,DE,https://static.www.nfl.com/image/private/{formatInstructions}/league/bapcfixbhpeqj6t3z1e9,96,0,0,0,0,9,5.21039884772512
2023,REG,16,2023122403,59401,12/24/2023,0750,CAR,1800,GB,visitor,1,4.577731882513236,CLA409251,00-0033120,1800,Kenny Clark,K.Clark,DE,https://static.www.nfl.com/image/private/{formatInstructions}/league/xehidvio5jubhvwgsklr,97,0,1,0,0,26,4.4190269711976615
2023,REG,16,2023122403,59401,12/24/2023,0750,CAR,1800,GB,visitor,2,4.577731882513236,GAR766759,00-0034967,1800,Rashan Gary,R.Gary,OLB,https://static.www.nfl.com/image/private/{formatInstructions}/league/t4clz4xe8sfxszmvohfo,52,2,0,0,0,25,3.4341452717335255
2023,REG,16,2023122403,59401,12/24/2023,0750,CAR,1800,GB,visitor,3,4.577731882513236,SMI576520,00-0031935,1800,Preston Smith,P.Smith,OLB,https://static.www.nfl.com/image/private/{formatInstructions}/league/pohwua1xxcajtggbemhr,91,2,1,1,0,21,3.704326739868829
2023,REG,16,2023122403,59401,12/24/2023,0750,CAR,1800,GB,visitor,4,4.577731882513236,WYA279831,00-0037075,1800,Devonte Wyatt,D.Wyatt,DE,https://static.www.nfl.com/image/private/{formatInstructions}/league/jqnqdhhwbfkp8idpe4c5,95,0,3,0,0,15,5.058138489143248
2023,REG,16,2023122404,59402,12/24/2023,2120,HOU,1050,CLE,home,1,4.577731882513236,HUG532081,00-0027881,2120,Jerry Hughes,J.Hughes,DE,https://static.www.nfl.com/image/private/{formatInstructions}/league/kpaim2ei9sq4kl3ye4li,55,3,2,1,0,29,4.201398098242106
2023,REG,16,2023122404,59402,12/24/2023,2120,HOU,1050,CLE,home,2,4.577731882513236,RAN676464,00-0032759,2120,Sheldon Rankins,S.Rankins,DT,https://static.www.nfl.com/image/upload/{formatInstructions}/league/aswns7v3cwkuupnlpdn8,98,0,0,0,0,28,4.299869118378838
2023,REG,16,2023122404,59402,12/24/2023,2120,HOU,1050,CLE,home,3,4.577731882513236,COL633184,00-0033131,2120,Maliek Collins,M.Collins,DT,https://static.www.nfl.com/image/private/{formatInstructions}/league/y9hbtlxivjzgaassmpwt,96,2,1,0,0,28,4.343493024384528
2023,REG,16,2023122404,59402,12/24/2023,2120,HOU,1050,CLE,home,4,4.577731882513236,BAR405176,00-0033876,2120,Derek Barnett,D.Barnett,DE,https://static.www.nfl.com/image/private/{formatInstructions}/league/pmqbfyiuht0rhldyckie,95,2,1,0,0,28,4.482606917943291
2023,REG,16,2023122404,59402,12/24/2023,2120,HOU,1050,CLE,visitor,1,4.577731882513236,WRI062922,00-0037251,1050,Alex Wright,A.Wright,DE,https://static.www.nfl.com/image/private/{formatInstructions}/league/tgtm7eaxylkjq3smtbqq,91,1,0,1,0,31,4.338420557399226
2023,REG,16,2023122404,59402,12/24/2023,2120,HOU,1050,CLE,visitor,2,4.577731882513236,GAR528896,00-0033868,1050,Myles Garrett,M.Garrett,DE,https://static.www.nfl.com/image/private/{formatInstructions}/league/y33rmtjxhgil7cjcftlc,95,3,0,0,0,28,3.81865938694392
2023,REG,16,2023122404,59402,12/24/2023,2120,HOU,1050,CLE,visitor,3,4.577731882513236,HAR536152,00-0031270,1050,Shelby Harris,S.Harris,DT,https://static.www.nfl.com/image/upload/{formatInstructions}/league/lppu8txhvbs0h7ftxswg,93,0,0,0,0,23,4.390081638499355
2023,REG,16,2023122404,59402,12/24/2023,2120,HOU,1050,CLE,visitor,4,4.577731882513236,SMI827086,00-0031576,1050,Za'Darius Smith,Z.Smith,DE,https://static.www.nfl.com/image/upload/{formatInstructions}/league/nwkviymnel224ydqhmgq,99,2,0,2,0,23,3.3673290798039863
2023,REG,16,2023122405,59403,12/24/2023,3000,MIN,1540,DET,home,1,4.577731882513236,HUN529240,00-0031565,3000,Danielle Hunter,D.Hunter,OLB,https://static.www.nfl.com/image/private/{formatInstructions}/league/mcimj8g9r5vhy4rzreih,99,2,5,0,0,36,4.906060233552989
2023,REG,16,2023122405,59403,12/24/2023,3000,MIN,1540,DET,home,2,4.577731882513236,JON826250,00-0037007,3000,Patrick Jones,P.Jones,OLB,https://static.www.nfl.com/image/private/{formatInstructions}/league/ir3m4wipss4exri1xenv,91,5,1,1,0,31,4.671779201177554
2023,REG,16,2023122405,59403,12/24/2023,3000,MIN,1540,DET,home,3,4.577731882513236,WON272160,00-0036335,3000,D.J. Wonnum,D.Wonnum,OLB,https://static.www.nfl.com/image/private/{formatInstructions}/league/eyocajqgfrigi444hnkq,98,2,2,0,0,28,4.384086666908745
2023,REG,16,2023122405,59403,12/24/2023,3000,MIN,1540,DET,home,4,4.577731882513236,BUL366378,00-0033093,3000,Jonathan Bullard,J.Bullard,DE,https://static.www.nfl.com/image/private/{formatInstructions}/league/hgxa0we4sgcfdb7wim77,90,1,0,0,0,24,5.7695174699893625
2023,REG,16,2023122405,59403,12/24/2023,3000,MIN,1540,DET,visitor,1,4.577731882513236,HUT099869,00-0037236,1540,Aidan Hutchinson,A.Hutchinson,DE,https://static.www.nfl.com/image/private/{formatInstructions}/league/zywrtjyja5l8efay1six,97,0,0,0,0,34,4.311830967748989
2023,REG,16,2023122405,59403,12/24/2023,3000,MIN,1540,DET,visitor,2,4.577731882513236,COM275428,00-0035265,1540,John Cominsky,J.Cominsky,DE,https://static.www.nfl.com/image/private/{formatInstructions}/league/u6asvfs4kqjcuxvvz0tl,79,1,2,0,0,23,4.043458997017658
2023,REG,16,2023122405,59403,12/24/2023,3000,MIN,1540,DET,visitor,3,4.577731882513236,PAS068486,00-0038096,1540,Josh Paschal,J.Paschal,DE,https://static.www.nfl.com/image/private/{formatInstructions}/league/ivkpwgpcixlvfbpzurab,93,0,0,0,0,20,4.7769167893941145
2023,REG,16,2023122405,59403,12/24/2023,3000,MIN,1540,DET,visitor,4,4.577731882513236,JON078068,00-0035841,1540,Benito Jones,B.Jones,DT,https://static.www.nfl.com/image/private/{formatInstructions}/league/g2wfbtdqtccgf99yecj9,94,1,1,0,0,17,4.826999926468595
2023,REG,16,2023122406,59404,12/24/2023,3430,NYJ,5110,WAS,home,1,4.577731882513236,THO381630,00-0033870,3430,Solomon Thomas,S.Thomas,DT,https://static.www.nfl.com/image/private/{formatInstructions}/league/umuabhaoizdehmj7ifbw,94,0,1,0,0,20,4.333408167473631
2023,REG,16,2023122406,59404,12/24/2023,3430,NYJ,5110,WAS,home,2,4.577731882513236,JOH789955,00-0037663,3430,Jermaine Johnson,J.Johnson,OLB,https://static.www.nfl.com/image/private/{formatInstructions}/league/tksswzrbrb6ndpbczqon,11,2,0,0,0,20,4.46511855812573
2023,REG,16,2023122406,59404,12/24/2023,3430,NYJ,5110,WAS,home,3,4.577731882513236,WIL132672,00-0035718,3430,Quinnen Williams,Q.Williams,NT,https://static.www.nfl.com/image/private/{formatInstructions}/league/ftjeq2xr9mvck8mfkute,95,2,0,0,0,18,3.5283312356385044
2023,REG,16,2023122406,59404,12/24/2023,3430,NYJ,5110,WAS,home,4,4.577731882513236,HUF090844,00-0036151,3430,Bryce Huff,B.Huff,DE,https://static.www.nfl.com/image/private/{formatInstructions}/league/we20nyvj1dcdepuob9xh,47,1,1,0,0,14,3.9135885593092348
2023,REG,16,2023122406,59404,12/24/2023,3430,NYJ,5110,WAS,visitor,1,4.577731882513236,PAY281222,00-0034333,5110,Daron Payne,D.Payne,DT,https://static.www.nfl.com/image/private/{formatInstructions}/league/vxrbsde7ynj9mahsxfcs,94,3,2,0,0,41,4.95729917762813
2023,REG,16,2023122406,59404,12/24/2023,3430,NYJ,5110,WAS,visitor,2,4.577731882513236,ALL512725,00-0033523,5110,Jonathan Allen,J.Allen,DT,https://static.www.nfl.com/image/private/{formatInstructions}/league/uyc2yzn3jzzmx8zkswex,93,2,2,0,0,40,4.296324692815469
2023,REG,16,2023122406,59404,12/24/2023,3430,NYJ,5110,WAS,visitor,3,4.577731882513236,TOO260938,00-0036403,5110,Casey Toohill,C.Toohill,DE,https://static.www.nfl.com/image/private/{formatInstructions}/league/ua0oplgml0z0m1ru91om,95,0,0,0,0,34,4.840484323367849
2023,REG,16,2023122406,59404,12/24/2023,3430,NYJ,5110,WAS,visitor,4,4.577731882513236,SMI841542,00-0036351,5110,James Smith-Williams,J.Smith-Williams,DE,https://static.www.nfl.com/image/private/{formatInstructions}/league/cxuqt6yyheqe5lhsfoue,96,3,0,0,0,33,4.4613126400659215
2023,REG,16,2023122407,59405,12/24/2023,2100,TEN,4600,SEA,home,1,4.577731882513236,AUT529722,00-0031254,2100,Denico Autry,D.Autry,DE,https://static.www.nfl.com/image/private/{formatInstructions}/league/fm0gjc1jtbgmmsr4gs9l,96,0,4,0,0,33,3.968973615519362
2023,REG,16,2023122407,59405,12/24/2023,2100,TEN,4600,SEA,home,2,4.577731882513236,DAV093525,00-0036291,2100,Marlon Davidson,M.Davidson,DT,https://static.www.nfl.com/image/private/{formatInstructions}/league/t2nhgfbm9oj6yctllvdq,92,1,1,0,0,31,4.647035664080013
2023,REG,16,2023122407,59405,12/24/2023,2100,TEN,4600,SEA,home,3,4.577731882513236,KEY099037,00-0034825,2100,Arden Key,A.Key,OLB,https://static.www.nfl.com/image/private/{formatInstructions}/league/psoje6looquofelpery9,49,3,1,1,1,27,3.99443327012593
2023,REG,16,2023122407,59405,12/24/2023,2100,TEN,4600,SEA,home,4,4.577731882513236,LAN159704,00-0034828,2100,Harold Landry,H.Landry,OLB,https://static.www.nfl.com/image/private/{formatInstructions}/league/akafrpdcokvwz2psbbmj,58,3,1,1,0,21,4.2679828860639075
2023,REG,16,2023122407,59405,12/24/2023,2100,TEN,4600,SEA,visitor,1,4.577731882513236,WIL426411,00-0031933,4600,Leonard Williams,L.Williams,DT,https://static.www.nfl.com/image/upload/{formatInstructions}/league/j9yrlxnwf68mxethz6sc,99,3,2,0,0,21,4.163681233476682
2023,REG,16,2023122407,59405,12/24/2023,2100,TEN,4600,SEA,visitor,2,4.577731882513236,MAF415291,00-0038133,4600,Boye Mafe,B.Mafe,OLB,https://static.www.nfl.com/image/private/{formatInstructions}/league/sqtz8e4f9ccfhioap0qp,53,5,1,2,0,21,3.8014618683333206
2023,REG,16,2023122407,59405,12/24/2023,2100,TEN,4600,SEA,visitor,3,4.577731882513236,REE257783,00-0032387,4600,Jarran Reed,Ja.Reed,NT,https://static.www.nfl.com/image/private/{formatInstructions}/league/hp86k8wv76vaid3dyzen,90,2,0,1,1,18,3.8947604447972157
2023,REG,16,2023122407,59405,12/24/2023,2100,TEN,4600,SEA,visitor,4,4.577731882513236,JON263738,00-0035678,4600,Dre'Mont Jones,D.Jones,DE,https://static.www.nfl.com/image/private/{formatInstructions}/league/jtymiyxibjaktdm0h9by,55,2,1,1,0,17,4.564595032292495
2023,REG,16,2023122408,59406,12/24/2023,4900,TB,2250,JAX,home,1,4.577731882513236,KAN046143,00-0039063,4900,Calijah Kancey,C.Kancey,DE,https://static.www.nfl.com/image/private/{formatInstructions}/league/tmd2noaeemowsnshtzsn,94,1,0,0,0,28,4.99116598868937
2023,REG,16,2023122408,59406,12/24/2023,4900,TB,2250,JAX,home,2,4.577731882513236,VEA065410,00-0034773,4900,Vita Vea,V.Vea,NT,https://static.www.nfl.com/image/private/{formatInstructions}/league/e3pgjmrbpteyzrcpkxap,50,0,1,0,0,24,3.937410825562995
2023,REG,16,2023122408,59406,12/24/2023,4900,TB,2250,JAX,home,3,4.577731882513236,WHI399982,00-0035707,4900,Devin White,D.White,ILB,https://static.www.nfl.com/image/private/{formatInstructions}/league/ij9zjdbpfblemnsuhwhl,45,2,2,0,0,22,3.483623171202275
2023,REG,16,2023122408,59406,12/24/2023,4900,TB,2250,JAX,home,4,4.577731882513236,BAR645290,00-0031101,4900,Shaquil Barrett,S.Barrett,OLB,https://static.www.nfl.com/image/private/{formatInstructions}/league/eiilfj6qiri4n9xrclwe,7,2,0,0,0,21,3.7488712109810365
2023,REG,16,2023122408,59406,12/24/2023,4900,TB,2250,JAX,visitor,1,4.577731882513236,ALL528759,00-0035642,2250,Josh Allen,J.Allen,OLB,https://static.www.nfl.com/image/private/{formatInstructions}/league/q807jedjb7igab4graoe,41,1,0,0,0,26,3.9978186782518175
2023,REG,16,2023122408,59406,12/24/2023,4900,TB,2250,JAX,visitor,2,4.577731882513236,WAL335860,00-0037235,2250,Travon Walker,T.Walker,OLB,https://static.www.nfl.com/image/private/{formatInstructions}/league/u578pgqmortimghxzgev,44,3,2,1,0,22,3.8044410732846305
2023,REG,16,2023122408,59406,12/24/2023,4900,TB,2250,JAX,visitor,3,4.577731882513236,ROB360907,00-0032667,2250,Roy Robertson-Harris,R.Robertson-Harris,DT,https://static.www.nfl.com/image/private/{formatInstructions}/league/rb0pmtszstbyggfqtriw,95,3,1,1,0,18,3.9267959317645094
2023,REG,16,2023122408,59406,12/24/2023,4900,TB,2250,JAX,visitor,4,4.577731882513236,SMO474349,00-0033907,2250,Dawuane Smoot,D.Smoot,DE,https://static.www.nfl.com/image/private/{formatInstructions}/league/uhvavmpqyqc24me7bmbi,91,2,0,0,0,17,4.445142114331273
2023,REG,16,2023122409,59407,12/24/2023,0810,CHI,3800,ARI,home,1,4.577731882513236,SWE034375,00-0035647,0810,Montez Sweat,M.Sweat,DE,https://static.www.nfl.com/image/upload/{formatInstructions}/league/vvbqme5ucgzcddjwc5xm,98,2,0,0,0,30,4.501487599638188
2023,REG,16,2023122409,59407,12/24/2023,0810,CHI,3800,ARI,home,2,4.577731882513236,WAL115858,00-0033782,0810,DeMarcus Walker,D.Walker,DE,https://static.www.nfl.com/image/private/{formatInstructions}/league/rfvqk3uflt2uwxrfwio7,95,2,1,0,0,26,4.433573334074333
2023,REG,16,2023122409,59407,12/24/2023,0810,CHI,3800,ARI,home,3,4.577731882513236,JON518335,00-0034677,0810,Justin Jones,Ju.Jones,DT,https://static.www.nfl.com/image/private/{formatInstructions}/league/zsfbwgrrxrqbahv318xu,93,2,0,1,0,24,4.2344244512588665
2023,REG,16,2023122409,59407,12/24/2023,0810,CHI,3800,ARI,home,4,4.577731882513236,DEX634187,00-0039070,0810,Gervon Dexter,G.Dexter,DT,https://static.www.nfl.com/image/private/{formatInstructions}/league/vj6m4qixxhqmufrr5ilo,99,0,0,0,0,16,3.6775893729137077
2023,REG,16,2023122409,59407,12/24/2023,0810,CHI,3800,ARI,visitor,1,4.577731882513236,STR637423,00-0035334,3800,Kevin Strong,K.Strong,NT,https://static.www.nfl.com/image/private/{formatInstructions}/league/ayepxrrynzz6cnxf5xco,92,2,3,0,0,11,4.482306153245896
2023,REG,16,2023122409,59407,12/24/2023,0810,CHI,3800,ARI,visitor,2,4.577731882513236,LOP508807,00-0036568,3800,Roy Lopez,R.Lopez,DT,https://static.www.nfl.com/image/upload/{formatInstructions}/league/qegqjyaah6tv5xeag5xw,98,2,1,0,0,8,4.234510352797662
2023,REG,16,2023122409,59407,12/24/2023,0810,CHI,3800,ARI,visitor,3,4.577731882513236,STI401047,00-0038623,3800,Dante Stills,D.Stills,DE,https://static.www.nfl.com/image/private/{formatInstructions}/league/mjw66yx6mafncshskyob,55,1,3,0,0,8,4.511696964004111
2023,REG,16,2023122409,59407,12/24/2023,0810,CHI,3800,ARI,visitor,4,4.577731882513236,GAR121450,00-0034473,3800,Dennis Gardeck,D.Gardeck,OLB,https://static.www.nfl.com/image/private/{formatInstructions}/league/apa15w67lwuxt4ucnqhc,45,2,0,1,0,6,4.737809699064814
2023,REG,16,2023122410,59408,12/24/2023,2700,MIA,1200,DAL,home,1,4.577731882513236,WIL081088,00-0035231,2700,Christian Wilkins,C.Wilkins,DE,https://static.www.nfl.com/image/private/{formatInstructions}/league/yngx6poa67gosj2oiwk1,94,2,2,0,0,21,4.9975410700672445
2023,REG,16,2023122410,59408,12/24/2023,2700,MIA,1200,DAL,home,2,4.577731882513236,SIE410345,00-0034285,2700,Zach Sieler,Z.Sieler,DE,https://static.www.nfl.com/image/private/{formatInstructions}/league/me66zdnhvswxahqsvlrn,92,2,3,1,0,19,5.121344514525482
2023,REG,16,2023122410,59408,12/24/2023,2700,MIA,1200,DAL,home,3,4.577731882513236,CHU028799,00-0034832,2700,Bradley Chubb,B.Chubb,OLB,https://static.www.nfl.com/image/private/{formatInstructions}/league/to1i0hqzw9xoy0tgm9ck,2,3,1,1,0,17,4.643437855699
2023,REG,16,2023122410,59408,12/24/2023,2700,MIA,1200,DAL,home,4,4.577731882513236,VAN463493,00-0035272,2700,Andrew Van Ginkel,A.Van Ginkel,OLB,https://static.www.nfl.com/image/private/{formatInstructions}/league/tq7dbfmycd7qrbal5lvb,43,7,3,1,0,14,3.584580818340274
2023,REG,16,2023122410,59408,12/24/2023,2700,MIA,1200,DAL,visitor,1,4.577731882513236,LAW282118,00-0031411,1200,Demarcus Lawrence,D.Lawrence,DE,https://static.www.nfl.com/image/private/{formatInstructions}/league/zqkya3dftem6ykdpsjem,90,0,2,0,0,28,4.973008016370888
2023,REG,16,2023122410,59408,12/24/2023,2700,MIA,1200,DAL,visitor,2,4.577731882513236,PAR753418,00-0036932,1200,Micah Parsons,M.Parsons,OLB,https://static.www.nfl.com/image/private/{formatInstructions}/league/vnasvto6q1izyolgu7db,11,2,5,0,0,27,3.1712262736375587
2023,REG,16,2023122410,59408,12/24/2023,2700,MIA,1200,DAL,visitor,3,4.577731882513236,ODI118654,00-0036942,1200,Osa Odighizuwa,O.Odighizuwa,DT,https://static.www.nfl.com/image/private/{formatInstructions}/league/l6baz1fnywtp18wcydrd,97,0,1,0,0,22,4.4446059854006545
2023,REG,16,2023122410,59408,12/24/2023,2700,MIA,1200,DAL,visitor,4,4.577731882513236,ARM218905,00-0034373,1200,Dorance Armstrong,D.Armstrong,DE,https://static.www.nfl.com/image/private/{formatInstructions}/league/tcudmhrcnl85ii2t3wvy,92,0,1,0,0,10,4.697531737425874
2023,REG,16,2023122411,59409,12/24/2023,1400,DEN,3200,NE,home,1,4.577731882513236,ALL656181,00-0035248,1400,Zach Allen,Z.Allen,DE,https://static.www.nfl.com/image/private/{formatInstructions}/league/jbqsgpcisn8px60ab3xf,99,1,2,0,0,24,4.329826727915568
2023,REG,16,2023122411,59409,12/24/2023,1400,DEN,3200,NE,home,2,4.577731882513236,JON230048,00-0033297,1400,D.J. Jones,D.Jones,NT,https://static.www.nfl.com/image/private/{formatInstructions}/league/n3bcrpe6uvhwtp43aphs,93,2,2,1,1,22,4.861573681847309
2023,REG,16,2023122411,59409,12/24/2023,1400,DEN,3200,NE,home,3,4.577731882513236,COO617139,00-0036952,1400,Jonathon Cooper,J.Cooper,OLB,https://static.www.nfl.com/image/private/{formatInstructions}/league/dvuos7qbtpi5jmo41sry,0,4,0,1,0,20,4.069722560443055
2023,REG,16,2023122411,59409,12/24/2023,1400,DEN,3200,NE,home,4,4.577731882513236,BRO806290,00-0036995,1400,Baron Browning,B.Browning,ILB,https://static.www.nfl.com/image/private/{formatInstructions}/league/xfkd9rhl1tun2nwvor6n,56,1,1,0,0,18,3.7467379190378103
2023,REG,16,2023122411,59409,12/24/2023,1400,DEN,3200,NE,visitor,1,4.577731882513236,BAR221986,00-0036981,3200,Christian Barmore,C.Barmore,DT,https://static.www.nfl.com/image/private/{formatInstructions}/league/h4rtemvkpsx1uyjvnm63,90,5,3,3,1,31,4.517564948402845
2023,REG,16,2023122411,59409,12/24/2023,1400,DEN,3200,NE,visitor,2,4.577731882513236,WHI315646,00-0039148,3200,Keion White,K.White,DE,https://static.www.nfl.com/image/private/{formatInstructions}/league/rjc9qgamwszqabbidwla,99,1,2,0,0,20,5.522428906484171
2023,REG,16,2023122411,59409,12/24/2023,1400,DEN,3200,NE,visitor,3,4.577731882513236,UCH415291,00-0036159,3200,Josh Uche,J.Uche,OLB,https://static.www.nfl.com/image/private/{formatInstructions}/league/mrtmlipyemciqc1ofxxq,55,1,1,1,0,18,4.229783192708367
2023,REG,16,2023122411,59409,12/24/2023,1400,DEN,3200,NE,visitor,4,4.577731882513236,WIS078731,00-0033947,3200,Deatrich Wise,D.Wise,DE,https://static.www.nfl.com/image/private/{formatInstructions}/league/bxwmlzyorjsos6w7g2x6,91,2,3,0,0,12,4.594723464493675
2023,REG,16,2023122500,59410,12/25/2023,2310,KC,2520,LV,home,1,4.577731882513236,DAN721566,00-0036378,2310,Michael Danna,M.Danna,DE,https://static.www.nfl.com/image/private/{formatInstructions}/league/oiywq8es1rm2rjnpbouw,51,1,1,0,0,15,4.418650946895728
2023,REG,16,2023122500,59410,12/25/2023,2310,KC,2520,LV,home,2,4.577731882513236,KAR303382,00-0037192,2310,George Karlaftis,G.Karlaftis,DE,https://static.www.nfl.com/image/private/{formatInstructions}/league/kwmi9hcgixedzkqo0hd9,56,1,0,0,0,14,4.242255033743868
2023,REG,16,2023122500,59410,12/25/2023,2310,KC,2520,LV,home,3,4.577731882513236,JON162595,00-0032762,2310,Chris Jones,C.Jones,DT,https://static.www.nfl.com/image/private/{formatInstructions}/league/tzeyeldnaaxjsg4beczj,95,1,1,1,0,13,3.9157039046660507
2023,REG,16,2023122500,59410,12/25/2023,2310,KC,2520,LV,home,4,4.577731882513236,OME565785,00-0035279,2310,Charles Omenihu,C.Omenihu,DE,https://static.www.nfl.com/image/private/{formatInstructions}/league/n7hyavaepvuienrmh9bi,90,1,0,1,0,10,4.863955922946904
2023,REG,16,2023122500,59410,12/25/2023,2310,KC,2520,LV,visitor,1,4.577731882513236,CRO371007,00-0034973,2520,Maxx Crosby,M.Crosby,DE,https://static.www.nfl.com/image/private/{formatInstructions}/league/ryx2ur9vl647z34ltt2q,98,2,0,0,0,35,5.120924459916461
2023,REG,16,2023122500,59410,12/25/2023,2310,KC,2520,LV,visitor,2,4.577731882513236,KOO195832,00-0036989,2520,Malcolm Koonce,M.Koonce,DE,https://static.www.nfl.com/image/private/{formatInstructions}/league/nvgan7b6roodcugsa9iy,51,5,1,3,0,29,4.48216737751191
2023,REG,16,2023122500,59410,12/25/2023,2310,KC,2520,LV,visitor,3,4.577731882513236,WIL806943,00-0038541,2520,Tyree Wilson,T.Wilson,DE,https://static.www.nfl.com/image/private/{formatInstructions}/league/xep4qycckzwyglne5cfc,9,1,1,0,0,20,4.383405706460688
2023,REG,16,2023122500,59410,12/25/2023,2310,KC,2520,LV,visitor,4,4.577731882513236,BUT106408,00-0033381,2520,Adam Butler,A.Butler,DT,https://static.www.nfl.com/image/private/{formatInstructions}/league/ijlj4afpy1na9i9hxfvc,69,2,0,1,1,17,4.958359676315043
2023,REG,16,2023122501,59411,12/25/2023,3700,PHI,3410,NYG,home,1,4.577731882513236,COX200177,00-0029653,3700,Fletcher Cox,F.Cox,DT,https://static.www.nfl.com/image/private/{formatInstructions}/league/guiegvu50wdv6lzspebo,91,4,1,0,0,15,4.85628041292735
2023,REG,16,2023122501,59411,12/25/2023,3700,PHI,3410,NYG,home,2,4.577731882513236,RED324095,00-0033875,3700,Haason Reddick,H.Reddick,OLB,https://static.www.nfl.com/image/private/{formatInstructions}/league/qqfxdnlmmyzbh27lmxgi,7,2,0,0,0,13,4.841845041534209
2023,REG,16,2023122501,59411,12/25/2023,3700,PHI,3410,NYG,home,3,4.577731882513236,SWE031587,00-0034381,3700,Josh Sweat,J.Sweat,DE,https://static.www.nfl.com/image/private/{formatInstructions}/league/r8tbgqchezlbyykxvloz,94,1,0,0,0,13,5.262207760163974
2023,REG,16,2023122501,59411,12/25/2023,3700,PHI,3410,NYG,home,4,4.577731882513236,GRA130064,00-0027865,3700,Brandon Graham,B.Graham,DE,https://static.www.nfl.com/image/private/{formatInstructions}/league/ogxwi9noblocegtybrct,55,0,0,0,0,12,4.023689409743098
2023,REG,16,2023122501,59411,12/25/2023,3700,PHI,3410,NYG,visitor,1,4.577731882513236,OJU415291,00-0036552,3410,Azeez Ojulari,A.Ojulari,DE,https://static.www.nfl.com/image/private/{formatInstructions}/league/k41l7r8hicknnv9bu59h,51,1,0,0,0,24,4.616842199296004
2023,REG,16,2023122501,59411,12/25/2023,3700,PHI,3410,NYG,visitor,2,4.577731882513236,THI172866,00-0037611,3410,Kayvon Thibodeaux,K.Thibodeaux,OLB,https://static.www.nfl.com/image/private/{formatInstructions}/league/ssdyrj5nmrcos9zv1e4d,5,0,0,0,0,22,4.621236730440899
2023,REG,16,2023122501,59411,12/25/2023,3700,PHI,3410,NYG,visitor,3,4.577731882513236,ROB367960,00-0032889,3410,A'Shawn Robinson,A.Robinson,DT,https://static.www.nfl.com/image/private/{formatInstructions}/league/qgiwxchd1lmgszfunys8,91,2,1,0,0,18,5.326980202055824
2023,REG,16,2023122501,59411,12/25/2023,3700,PHI,3410,NYG,visitor,4,4.577731882513236,LAW288048,00-0035683,3410,Dexter Lawrence,D.Lawrence,NT,https://static.www.nfl.com/image/private/{formatInstructions}/league/mq1gfsw7gfz3jithkivb,97,4,0,0,0,18,5.94718728281224
2023,REG,16,2023122502,59412,12/25/2023,4500,SF,0325,BAL,home,1,4.577731882513236,BOS073285,00-0035717,4500,Nick Bosa,N.Bosa,DE,https://static.www.nfl.com/image/private/{formatInstructions}/league/pzdj8ys2wqjc92hafziy,97,3,0,0,0,24,4.503251013312435
2023,REG,16,2023122502,59412,12/25/2023,4500,SF,0325,BAL,home,2,4.577731882513236,HAR143881,00-0033109,4500,Javon Hargrave,J.Hargrave,DT,https://static.www.nfl.com/image/upload/{formatInstructions}/league/pdetr7dthycxo4hgcox9,98,2,1,1,0,19,3.7050504212432966
2023,REG,16,2023122502,59412,12/25/2023,4500,SF,0325,BAL,home,3,4.577731882513236,YOU146550,00-0036321,4500,Chase Young,C.Young,DE,https://static.www.nfl.com/image/upload/{formatInstructions}/league/wphck1ysaeehkmsgxopb,92,0,2,0,0,16,3.852320301342025
2023,REG,16,2023122502,59412,12/25/2023,4500,SF,0325,BAL,home,4,4.577731882513236,KIN708236,00-0036260,4500,Javon Kinlaw,J.Kinlaw,DT,https://static.www.nfl.com/image/private/{formatInstructions}/league/lwpjojsgfbi7ipmfbigq,99,0,1,0,0,16,4.8374568099699715
2023,REG,16,2023122502,59412,12/25/2023,4500,SF,0325,BAL,visitor,1,4.577731882513236,MAD784440,00-0036130,0325,Justin Madubuike,J.Madubuike,DT,https://static.www.nfl.com/image/private/{formatInstructions}/league/tvitcjl2ahtfjqogd2rx,92,3,1,0,0,33,3.621599216111627
2023,REG,16,2023122502,59412,12/25/2023,4500,SF,0325,BAL,visitor,2,4.577731882513236,CLO535848,00-0031364,0325,Jadeveon Clowney,J.Clowney,OLB,https://static.www.nfl.com/image/upload/{formatInstructions}/league/mukpprygzswqdoluyqqm,24,1,0,1,0,28,3.2123989034495843
2023,REG,16,2023122502,59412,12/25/2023,4500,SF,0325,BAL,visitor,3,4.577731882513236,VAN656604,00-0031360,0325,Kyle Van Noy,K.Van Noy,OLB,https://static.www.nfl.com/image/upload/{formatInstructions}/league/gsxm5hxkhupxufs1iopx,50,1,2,1,0,28,3.866824917171138
2023,REG,16,2023122502,59412,12/25/2023,4500,SF,0325,BAL,visitor,4,4.577731882513236,OWE012098,00-0036940,0325,Odafe Oweh,O.Oweh,OLB,https://static.www.nfl.com/image/private/{formatInstructions}/league/zlf34rejm1bnlc07izfd,99,0,0,0,0,19,3.8041569822870085
2023,REG,17,2023122800,59413,12/28/2023,1050,CLE,3430,NYJ,home,1,4.577731882513236,GAR528896,00-0033868,1050,Myles Garrett,M.Garrett,DE,https://static.www.nfl.com/image/private/{formatInstructions}/league/y33rmtjxhgil7cjcftlc,95,3,0,1,0,39,4.137248307331441
2023,REG,17,2023122800,59413,12/28/2023,1050,CLE,3430,NYJ,home,2,4.577731882513236,WRI062922,00-0037251,1050,Alex Wright,A.Wright,DE,https://static.www.nfl.com/image/private/{formatInstructions}/league/tgtm7eaxylkjq3smtbqq,91,1,0,1,0,27,4.604833761994748
2023,REG,17,2023122800,59413,12/28/2023,1050,CLE,3430,NYJ,home,3,4.577731882513236,SMI827086,00-0031576,1050,Za'Darius Smith,Z.Smith,DE,https://static.www.nfl.com/image/upload/{formatInstructions}/league/nwkviymnel224ydqhmgq,99,1,0,0,0,26,4.298038598512421
2023,REG,17,2023122800,59413,12/28/2023,1050,CLE,3430,NYJ,home,4,4.577731882513236,TOM676763,00-0033546,1050,Dalvin Tomlinson,D.Tomlinson,DT,https://static.www.nfl.com/image/upload/{formatInstructions}/league/amm1zzozebf82214h0eg,94,0,0,0,0,25,4.286716750377055
2023,REG,17,2023122800,59413,12/28/2023,1050,CLE,3430,NYJ,visitor,1,4.577731882513236,WIL132672,00-0035718,3430,Quinnen Williams,Q.Williams,NT,https://static.www.nfl.com/image/private/{formatInstructions}/league/ftjeq2xr9mvck8mfkute,95,2,1,0,0,21,4.844980620381939
2023,REG,17,2023122800,59413,12/28/2023,1050,CLE,3430,NYJ,visitor,2,4.577731882513236,JOH789955,00-0037663,3430,Jermaine Johnson,J.Johnson,OLB,https://static.www.nfl.com/image/private/{formatInstructions}/league/tksswzrbrb6ndpbczqon,11,3,0,0,0,18,5.0091247961229515
2023,REG,17,2023122800,59413,12/28/2023,1050,CLE,3430,NYJ,visitor,3,4.577731882513236,THO381630,00-0033870,3430,Solomon Thomas,S.Thomas,DT,https://static.www.nfl.com/image/private/{formatInstructions}/league/umuabhaoizdehmj7ifbw,94,1,1,0,0,13,5.705730611968592
2023,REG,17,2023122800,59413,12/28/2023,1050,CLE,3430,NYJ,visitor,4,4.577731882513236,FRA563573,00-0034805,3430,John Franklin-Myers,J.Franklin-Myers,DE,https://static.www.nfl.com/image/private/{formatInstructions}/league/q4aysumc2wxfocjtpdkl,91,1,1,0,0,13,5.72612301149723
2023,REG,17,2023123000,59414,12/30/2023,1200,DAL,1540,DET,home,1,4.577731882513236,PAR753418,00-0036932,1200,Micah Parsons,M.Parsons,OLB,https://static.www.nfl.com/image/private/{formatInstructions}/league/vnasvto6q1izyolgu7db,11,5,1,0,0,28,3.6702845456622524
2023,REG,17,2023123000,59414,12/30/2023,1200,DAL,1540,DET,home,2,4.577731882513236,LAW282118,00-0031411,1200,Demarcus Lawrence,D.Lawrence,DE,https://static.www.nfl.com/image/private/{formatInstructions}/league/zqkya3dftem6ykdpsjem,90,3,2,0,0,23,4.435655882328667
2023,REG,17,2023123000,59414,12/30/2023,1200,DAL,1540,DET,home,3,4.577731882513236,ODI118654,00-0036942,1200,Osa Odighizuwa,O.Odighizuwa,DT,https://static.www.nfl.com/image/private/{formatInstructions}/league/l6baz1fnywtp18wcydrd,97,0,2,0,0,17,3.6668150679998734
2023,REG,17,2023123000,59414,12/30/2023,1200,DAL,1540,DET,home,4,4.577731882513236,ARM218905,00-0034373,1200,Dorance Armstrong,D.Armstrong,DE,https://static.www.nfl.com/image/private/{formatInstructions}/league/tcudmhrcnl85ii2t3wvy,92,3,0,1,0,14,4.672391983057488
2023,REG,17,2023123000,59414,12/30/2023,1200,DAL,1540,DET,visitor,1,4.577731882513236,HUT099869,00-0037236,1540,Aidan Hutchinson,A.Hutchinson,DE,https://static.www.nfl.com/image/private/{formatInstructions}/league/zywrtjyja5l8efay1six,97,5,0,3,1,31,4.536593675087785
2023,REG,17,2023123000,59414,12/30/2023,1200,DAL,1540,DET,visitor,2,4.577731882513236,COM275428,00-0035265,1540,John Cominsky,J.Cominsky,DE,https://static.www.nfl.com/image/private/{formatInstructions}/league/u6asvfs4kqjcuxvvz0tl,79,1,0,0,0,26,4.969659370099539
2023,REG,17,2023123000,59414,12/30/2023,1200,DAL,1540,DET,visitor,3,4.577731882513236,PAS068486,00-0038096,1540,Josh Paschal,J.Paschal,DE,https://static.www.nfl.com/image/private/{formatInstructions}/league/ivkpwgpcixlvfbpzurab,93,0,1,0,0,22,4.718790877876317
2023,REG,17,2023123000,59414,12/30/2023,1200,DAL,1540,DET,visitor,4,4.577731882513236,ALU059326,00-0027862,1540,Tyson Alualu,T.Alualu,NT,https://static.www.nfl.com/image/private/{formatInstructions}/league/wz7lyukjawvr7xfdszmb,92,1,1,0,0,15,5.534061783169098
2023,REG,17,2023123101,59415,12/31/2023,0325,BAL,2700,MIA,home,1,4.577731882513236,MAD784440,00-0036130,0325,Justin Madubuike,J.Madubuike,DT,https://static.www.nfl.com/image/private/{formatInstructions}/league/tvitcjl2ahtfjqogd2rx,92,1,4,1,0,27,5.072418486390412
2023,REG,17,2023123101,59415,12/31/2023,0325,BAL,2700,MIA,home,2,4.577731882513236,CLO535848,00-0031364,0325,Jadeveon Clowney,J.Clowney,OLB,https://static.www.nfl.com/image/upload/{formatInstructions}/league/mukpprygzswqdoluyqqm,24,0,2,0,0,24,4.331866845576449
2023,REG,17,2023123101,59415,12/31/2023,0325,BAL,2700,MIA,home,3,4.577731882513236,OWE012098,00-0036940,0325,Odafe Oweh,O.Oweh,OLB,https://static.www.nfl.com/image/private/{formatInstructions}/league/zlf34rejm1bnlc07izfd,99,1,0,1,0,20,4.411840147592927
2023,REG,17,2023123101,59415,12/31/2023,0325,BAL,2700,MIA,home,4,4.577731882513236,VAN656604,00-0031360,0325,Kyle Van Noy,K.Van Noy,OLB,https://static.www.nfl.com/image/upload/{formatInstructions}/league/gsxm5hxkhupxufs1iopx,50,1,0,1,0,18,4.467549837568552
2023,REG,17,2023123101,59415,12/31/2023,0325,BAL,2700,MIA,visitor,1,4.577731882513236,WIL081088,00-0035231,2700,Christian Wilkins,C.Wilkins,DE,https://static.www.nfl.com/image/private/{formatInstructions}/league/yngx6poa67gosj2oiwk1,94,1,1,0,0,19,4.386557181565557
2023,REG,17,2023123101,59415,12/31/2023,0325,BAL,2700,MIA,visitor,2,4.577731882513236,CHU028799,00-0034832,2700,Bradley Chubb,B.Chubb,OLB,https://static.www.nfl.com/image/private/{formatInstructions}/league/to1i0hqzw9xoy0tgm9ck,2,3,2,0,0,16,4.2397011274613305
2023,REG,17,2023123101,59415,12/31/2023,0325,BAL,2700,MIA,visitor,3,4.577731882513236,SIE410345,00-0034285,2700,Zach Sieler,Z.Sieler,DE,https://static.www.nfl.com/image/private/{formatInstructions}/league/me66zdnhvswxahqsvlrn,92,3,2,1,1,15,5.539104259477854
2023,REG,17,2023123101,59415,12/31/2023,0325,BAL,2700,MIA,visitor,4,4.577731882513236,VAN463493,00-0035272,2700,Andrew Van Ginkel,A.Van Ginkel,OLB,https://static.www.nfl.com/image/private/{formatInstructions}/league/tq7dbfmycd7qrbal5lvb,43,1,2,0,0,13,4.753476038357007
2023,REG,17,2023123102,59416,12/31/2023,0610,BUF,3200,NE,home,1,4.577731882513236,OLI290385,00-0035230,0610,Ed Oliver,E.Oliver,DT,https://static.www.nfl.com/image/private/{formatInstructions}/league/e2nyrgwol6dnvxotljae,91,2,0,1,0,18,4.71722151933592
2023,REG,17,2023123102,59416,12/31/2023,0610,BUF,3200,NE,home,2,4.577731882513236,JON200565,00-0031054,0610,DaQuan Jones,D.Jones,DT,https://static.www.nfl.com/image/private/{formatInstructions}/league/eu9welnxn0w9otfxkz0k,92,0,2,0,0,14,3.5989949894557367
2023,REG,17,2023123102,59416,12/31/2023,0610,BUF,3200,NE,home,3,4.577731882513236,ROU617685,00-0036914,0610,Gregory Rousseau,G.Rousseau,DE,https://static.www.nfl.com/image/private/{formatInstructions}/league/insb9f4qznbgcfyreogp,50,1,0,0,0,13,3.238121454751626
2023,REG,17,2023123102,59416,12/31/2023,0610,BUF,3200,NE,home,4,4.577731882513236,FLO758060,00-0033072,0610,Leonard Floyd,L.Floyd,DE,https://static.www.nfl.com/image/private/{formatInstructions}/league/mmexfoamcspblwripdan,56,2,0,0,0,11,4.780292403725606
2023,REG,17,2023123102,59416,12/31/2023,0610,BUF,3200,NE,visitor,1,4.577731882513236,BAR221986,00-0036981,3200,Christian Barmore,C.Barmore,DT,https://static.www.nfl.com/image/private/{formatInstructions}/league/h4rtemvkpsx1uyjvnm63,90,3,3,0,0,22,4.2181633937370115
2023,REG,17,2023123102,59416,12/31/2023,0610,BUF,3200,NE,visitor,2,4.577731882513236,WHI315646,00-0039148,3200,Keion White,K.White,DE,https://static.www.nfl.com/image/private/{formatInstructions}/league/rjc9qgamwszqabbidwla,99,1,2,0,0,20,5.902729558203649
2023,REG,17,2023123102,59416,12/31/2023,0610,BUF,3200,NE,visitor,3,4.577731882513236,WIL747169,00-0035144,3200,Mack Wilson,M.Wilson,ILB,https://static.www.nfl.com/image/private/{formatInstructions}/league/hw2es1jqvydys4g7wjc9,3,1,0,0,0,13,5.722265048030029
2023,REG,17,2023123102,59416,12/31/2023,0610,BUF,3200,NE,visitor,4,4.577731882513236,UCH415291,00-0036159,3200,Josh Uche,J.Uche,OLB,https://static.www.nfl.com/image/private/{formatInstructions}/league/mrtmlipyemciqc1ofxxq,55,2,2,0,0,13,5.449211690206846
2023,REG,17,2023123103,59417,12/31/2023,0810,CHI,0200,ATL,home,1,4.577731882513236,JON518335,00-0034677,0810,Justin Jones,Ju.Jones,DT,https://static.www.nfl.com/image/private/{formatInstructions}/league/zsfbwgrrxrqbahv318xu,93,1,0,0,0,28,4.566991475961179
2023,REG,17,2023123103,59417,12/31/2023,0810,CHI,0200,ATL,home,2,4.577731882513236,SWE034375,00-0035647,0810,Montez Sweat,M.Sweat,DE,https://static.www.nfl.com/image/upload/{formatInstructions}/league/vvbqme5ucgzcddjwc5xm,98,0,1,0,0,26,4.747565791656958
2023,REG,17,2023123103,59417,12/31/2023,0810,CHI,0200,ATL,home,3,4.577731882513236,WAL115858,00-0033782,0810,DeMarcus Walker,D.Walker,DE,https://static.www.nfl.com/image/private/{formatInstructions}/league/rfvqk3uflt2uwxrfwio7,95,1,1,0,0,22,4.088841431215855
2023,REG,17,2023123103,59417,12/31/2023,0810,CHI,0200,ATL,home,4,4.577731882513236,GRE330410,00-0034831,0810,Rasheem Green,R.Green,DE,https://static.www.nfl.com/image/private/{formatInstructions}/league/q5a4fmrm2xxioqe5ijpi,94,1,1,0,0,12,4.517801690453804
2023,REG,17,2023123103,59417,12/31/2023,0810,CHI,0200,ATL,visitor,1,4.577731882513236,ONY164481,00-0033051,0200,David Onyemata,D.Onyemata,DT,https://static.www.nfl.com/image/private/{formatInstructions}/league/uyu66sa3d2gpsh5tyhxw,90,1,1,0,0,20,4.443807767054858
2023,REG,17,2023123103,59417,12/31/2023,0810,CHI,0200,ATL,visitor,2,4.577731882513236,DUP507860,00-0032146,0200,Bud Dupree,B.Dupree,OLB,https://static.www.nfl.com/image/private/{formatInstructions}/league/i2b1ykt4jgmdabmwoqoo,48,1,2,0,0,19,5.487672146173697
2023,REG,17,2023123103,59417,12/31/2023,0810,CHI,0200,ATL,visitor,3,4.577731882513236,CAM208843,00-0026190,0200,Calais Campbell,C.Campbell,DE,https://static.www.nfl.com/image/private/{formatInstructions}/league/wbrve7zrrqiuknohpecm,93,2,0,0,0,18,4.870341759273929
2023,REG,17,2023123103,59417,12/31/2023,0810,CHI,0200,ATL,visitor,4,4.577731882513236,HUG083882,00-0035455,0200,Albert Huggins,A.Huggins,DT,https://static.www.nfl.com/image/private/{formatInstructions}/league/hbbanpqrzp03f4dagsxq,94,1,0,0,0,12,4.710879362463889
2023,REG,17,2023123104,59418,12/31/2023,2120,HOU,2100,TEN,home,1,4.577731882513236,DAV513989,00-0036430,2120,Khalil Davis,K.Davis,DT,https://static.www.nfl.com/image/private/{formatInstructions}/league/yikg5vl10u5s6skhxuea,94,2,2,0,0,27,3.9639412749241854
2023,REG,17,2023123104,59418,12/31/2023,2120,HOU,2100,TEN,home,2,4.577731882513236,HUG532081,00-0027881,2120,Jerry Hughes,J.Hughes,DE,https://static.www.nfl.com/image/private/{formatInstructions}/league/kpaim2ei9sq4kl3ye4li,55,1,0,1,1,20,4.279571047367971
2023,REG,17,2023123104,59418,12/31/2023,2120,HOU,2100,TEN,home,3,4.577731882513236,RAN676464,00-0032759,2120,Sheldon Rankins,S.Rankins,DT,https://static.www.nfl.com/image/upload/{formatInstructions}/league/aswns7v3cwkuupnlpdn8,98,2,0,1,0,16,3.9215691105837363
2023,REG,17,2023123104,59418,12/31/2023,2120,HOU,2100,TEN,home,4,4.577731882513236,BAR405176,00-0033876,2120,Derek Barnett,D.Barnett,DE,https://static.www.nfl.com/image/private/{formatInstructions}/league/pmqbfyiuht0rhldyckie,95,2,4,1,0,15,3.280685730724215
2023,REG,17,2023123104,59418,12/31/2023,2120,HOU,2100,TEN,visitor,1,4.577731882513236,AUT529722,00-0031254,2100,Denico Autry,D.Autry,DE,https://static.www.nfl.com/image/private/{formatInstructions}/league/fm0gjc1jtbgmmsr4gs9l,96,1,0,0,0,20,5.500743562829525
2023,REG,17,2023123104,59418,12/31/2023,2120,HOU,2100,TEN,visitor,2,4.577731882513236,LAN159704,00-0034828,2100,Harold Landry,H.Landry,OLB,https://static.www.nfl.com/image/private/{formatInstructions}/league/akafrpdcokvwz2psbbmj,58,3,2,1,0,17,3.826727779213982
2023,REG,17,2023123104,59418,12/31/2023,2120,HOU,2100,TEN,visitor,3,4.577731882513236,KEY099037,00-0034825,2100,Arden Key,A.Key,OLB,https://static.www.nfl.com/image/private/{formatInstructions}/league/psoje6looquofelpery9,49,0,0,0,0,17,5.188409990079054
2023,REG,17,2023123104,59418,12/31/2023,2120,HOU,2100,TEN,visitor,4,4.577731882513236,COB823710,00-0038985,2100,Keondre Coburn,K.Coburn,NT,https://static.www.nfl.com/image/private/{formatInstructions}/league/gzgksh1umsnoxm4yd8d8,91,2,2,0,0,14,5.64344087429324
2023,REG,17,2023123105,59419,12/31/2023,2200,IND,2520,LV,home,1,4.577731882513236,BUC768760,00-0032378,2200,DeForest Buckner,D.Buckner,DT,https://static.www.nfl.com/image/private/{formatInstructions}/league/ls2tzitcuhmhwug8ohwj,99,3,1,1,0,32,3.893688563146727
2023,REG,17,2023123105,59419,12/31/2023,2200,IND,2520,LV,home,2,4.577731882513236,PAY168986,00-0036479,2200,Kwity Paye,K.Paye,DE,https://static.www.nfl.com/image/private/{formatInstructions}/league/qo9cpabig7tusr8r49ud,51,1,2,0,0,25,4.085658692907813
2023,REG,17,2023123105,59419,12/31/2023,2200,IND,2520,LV,home,3,4.577731882513236,EBU355964,00-0033945,2200,Samson Ebukam,S.Ebukam,DE,https://static.www.nfl.com/image/private/{formatInstructions}/league/feoglrxvambjd4u4tdq6,52,1,2,0,0,24,3.3100095016584974
2023,REG,17,2023123105,59419,12/31/2023,2200,IND,2520,LV,home,4,4.577731882513236,STE757436,00-0033952,2200,Grover Stewart,G.Stewart,DT,https://static.www.nfl.com/image/private/{formatInstructions}/league/itfivv55jb7j4twbsz0a,90,2,0,0,0,24,4.351384355165286
2023,REG,17,2023123105,59419,12/31/2023,2200,IND,2520,LV,visitor,1,4.577731882513236,CRO371007,00-0034973,2520,Maxx Crosby,M.Crosby,DE,https://static.www.nfl.com/image/private/{formatInstructions}/league/ryx2ur9vl647z34ltt2q,98,3,3,0,1,19,5.1220481724012625
2023,REG,17,2023123105,59419,12/31/2023,2200,IND,2520,LV,visitor,2,4.577731882513236,KOO195832,00-0036989,2520,Malcolm Koonce,M.Koonce,DE,https://static.www.nfl.com/image/private/{formatInstructions}/league/nvgan7b6roodcugsa9iy,51,1,2,0,0,12,4.33803510917459
2023,REG,17,2023123105,59419,12/31/2023,2200,IND,2520,LV,visitor,3,4.577731882513236,JEN271683,00-0030070,2520,John Jenkins,J.Jenkins,DT,https://static.www.nfl.com/image/private/{formatInstructions}/league/giku8dgkab0ztinvamoy,95,5,2,0,0,9,3.943915157982266
2023,REG,17,2023123105,59419,12/31/2023,2200,IND,2520,LV,visitor,4,4.577731882513236,BUT106408,00-0033381,2520,Adam Butler,A.Butler,DT,https://static.www.nfl.com/image/private/{formatInstructions}/league/ijlj4afpy1na9i9hxfvc,69,2,0,1,0,9,4.143524923519695
2023,REG,17,2023123106,59420,12/31/2023,2250,JAX,0750,CAR,home,1,4.577731882513236,WAL335860,00-0037235,2250,Travon Walker,T.Walker,OLB,https://static.www.nfl.com/image/private/{formatInstructions}/league/u578pgqmortimghxzgev,44,6,0,2,0,20,4.339548429925488
2023,REG,17,2023123106,59420,12/31/2023,2250,JAX,0750,CAR,home,2,4.577731882513236,ALL528759,00-0035642,2250,Josh Allen,J.Allen,OLB,https://static.www.nfl.com/image/private/{formatInstructions}/league/q807jedjb7igab4graoe,41,5,1,3,0,19,3.8782730683848343
2023,REG,17,2023123106,59420,12/31/2023,2250,JAX,0750,CAR,home,3,4.577731882513236,ROB360907,00-0032667,2250,Roy Robertson-Harris,R.Robertson-Harris,DT,https://static.www.nfl.com/image/private/{formatInstructions}/league/rb0pmtszstbyggfqtriw,95,1,0,1,0,18,4.349238489117489
2023,REG,17,2023123106,59420,12/31/2023,2250,JAX,0750,CAR,home,4,4.577731882513236,SMO474349,00-0033907,2250,Dawuane Smoot,D.Smoot,DE,https://static.www.nfl.com/image/private/{formatInstructions}/league/uhvavmpqyqc24me7bmbi,91,0,0,0,0,16,4.216137114184441
2023,REG,17,2023123106,59420,12/31/2023,2250,JAX,0750,CAR,visitor,1,4.577731882513236,BRO393541,00-0036220,0750,Derrick Brown,Der.Brown,DT,https://static.www.nfl.com/image/private/{formatInstructions}/league/snjd4zlvrynmvcnlohej,95,3,5,0,0,24,4.335116772892337
2023,REG,17,2023123106,59420,12/31/2023,2250,JAX,0750,CAR,visitor,2,4.577731882513236,GRO610423,00-0036288,0750,Yetur Gross-Matos,Y.Gross-Matos,OLB,https://static.www.nfl.com/image/private/{formatInstructions}/league/fxi23cpqddqvbwwxf5xb,97,1,2,1,0,19,4.059968594185659
2023,REG,17,2023123106,59420,12/31/2023,2250,JAX,0750,CAR,visitor,3,4.577731882513236,BUR435186,00-0035713,0750,Brian Burns,B.Burns,OLB,https://static.www.nfl.com/image/private/{formatInstructions}/league/pigkreclt8lczii5r2on,0,5,3,1,0,17,3.916093313598397
2023,REG,17,2023123106,59420,12/31/2023,2250,JAX,0750,CAR,visitor,4,4.577731882513236,WIL234247,00-0031795,0750,DeShawn Williams,D.Williams,DE,https://static.www.nfl.com/image/private/{formatInstructions}/league/bapcfixbhpeqj6t3z1e9,96,1,2,0,0,13,4.852277960304843
2023,REG,17,2023123107,59421,12/31/2023,3410,NYG,2510,LA,home,1,4.577731882513236,LAW288048,00-0035683,3410,Dexter Lawrence,D.Lawrence,NT,https://static.www.nfl.com/image/private/{formatInstructions}/league/mq1gfsw7gfz3jithkivb,97,2,0,0,0,21,4.721064201310304
2023,REG,17,2023123107,59421,12/31/2023,3410,NYG,2510,LA,home,2,4.577731882513236,THI172866,00-0037611,3410,Kayvon Thibodeaux,K.Thibodeaux,OLB,https://static.www.nfl.com/image/private/{formatInstructions}/league/ssdyrj5nmrcos9zv1e4d,5,0,2,0,0,19,4.059012313813035
2023,REG,17,2023123107,59421,12/31/2023,3410,NYG,2510,LA,home,3,4.577731882513236,ROB367960,00-0032889,3410,A'Shawn Robinson,As.Robinson,DT,https://static.www.nfl.com/image/private/{formatInstructions}/league/qgiwxchd1lmgszfunys8,91,2,3,0,0,17,4.719686456295214
2023,REG,17,2023123107,59421,12/31/2023,3410,NYG,2510,LA,home,4,4.577731882513236,NUN250521,00-0031957,3410,Rakeem Nunez-Roches,R.Nunez-Roches,NT,https://static.www.nfl.com/image/private/{formatInstructions}/league/npr1srt57gl9p8caixpo,93,3,1,0,0,16,4.863809276263693
2023,REG,17,2023123107,59421,12/31/2023,3410,NYG,2510,LA,visitor,1,4.577731882513236,DON134977,00-0031388,2510,Aaron Donald,A.Donald,DT,https://static.www.nfl.com/image/private/{formatInstructions}/league/gou42dathlyc1rfn4pga,99,3,2,2,0,31,4.1211743139356924
2023,REG,17,2023123107,59421,12/31/2023,3410,NYG,2510,LA,visitor,2,4.577731882513236,TUR561805,00-0039138,2510,Kobie Turner,K.Turner,NT,https://static.www.nfl.com/image/private/{formatInstructions}/league/ouhisfkb6jyedo6jj0m4,91,3,2,2,0,30,4.059239050769058
2023,REG,17,2023123107,59421,12/31/2023,3410,NYG,2510,LA,visitor,3,4.577731882513236,YOU127040,00-0039137,2510,Byron Young,B.Young,OLB,https://static.www.nfl.com/image/private/{formatInstructions}/league/bdfvfh0776dv0sn447pq,0,4,0,1,0,28,3.7251393814325744
2023,REG,17,2023123107,59421,12/31/2023,3410,NYG,2510,LA,visitor,4,4.577731882513236,HOE044723,00-0035933,2510,Michael Hoecht,M.Hoecht,OLB,https://static.www.nfl.com/image/private/{formatInstructions}/league/ufxnrf3mqht5ijy0ln2i,97,2,4,0,0,20,4.227506329795739
2023,REG,17,2023123108,59422,12/31/2023,3700,PHI,3800,ARI,home,1,4.577731882513236,WIL454157,00-0036916,3700,Milton Williams,M.Williams,DT,https://static.www.nfl.com/image/private/{formatInstructions}/league/unxu6akdbeyuefvbtqnc,93,2,2,0,1,19,4.152767590028949
2023,REG,17,2023123108,59422,12/31/2023,3700,PHI,3800,ARI,home,2,4.577731882513236,SWE031587,00-0034381,3700,Josh Sweat,J.Sweat,DE,https://static.www.nfl.com/image/private/{formatInstructions}/league/r8tbgqchezlbyykxvloz,94,4,2,0,0,17,4.0401827637501055
2023,REG,17,2023123108,59422,12/31/2023,3700,PHI,3800,ARI,home,3,4.577731882513236,COX200177,00-0029653,3700,Fletcher Cox,F.Cox,DT,https://static.www.nfl.com/image/private/{formatInstructions}/league/guiegvu50wdv6lzspebo,91,1,2,0,0,16,3.850773125512783
2023,REG,17,2023123108,59422,12/31/2023,3700,PHI,3800,ARI,home,4,4.577731882513236,RED324095,00-0033875,3700,Haason Reddick,H.Reddick,OLB,https://static.www.nfl.com/image/private/{formatInstructions}/league/qqfxdnlmmyzbh27lmxgi,7,0,1,0,0,16,4.221279636356556
2023,REG,17,2023123108,59422,12/31/2023,3700,PHI,3800,ARI,visitor,1,4.577731882513236,COL712276,00-0036933,3800,Zaven Collins,Z.Collins,OLB,https://static.www.nfl.com/image/private/{formatInstructions}/league/vrcmqlsrh8zwppjce3z6,25,0,1,0,0,13,3.7824239943887807
2023,REG,17,2023123108,59422,12/31/2023,3700,PHI,3800,ARI,visitor,2,4.577731882513236,OJU426541,00-0039155,3800,B.J. Ojulari,B.Ojulari,OLB,https://static.www.nfl.com/image/private/{formatInstructions}/league/drsorhqyj7le5urztdvm,18,3,2,0,0,10,3.6003593093930233
2023,REG,17,2023123108,59422,12/31/2023,3700,PHI,3800,ARI,visitor,3,4.577731882513236,GAR121450,00-0034473,3800,Dennis Gardeck,D.Gardeck,OLB,https://static.www.nfl.com/image/private/{formatInstructions}/league/apa15w67lwuxt4ucnqhc,45,1,0,0,0,9,4.109405744008692
2023,REG,17,2023123108,59422,12/31/2023,3700,PHI,3800,ARI,visitor,4,4.577731882513236,STI401047,00-0038623,3800,Dante Stills,D.Stills,DE,https://static.www.nfl.com/image/private/{formatInstructions}/league/mjw66yx6mafncshskyob,55,0,1,0,0,9,3.9017978993453863
2023,REG,17,2023123109,59423,12/31/2023,4900,TB,3300,NO,home,1,4.577731882513236,KAN046143,00-0039063,4900,Calijah Kancey,C.Kancey,DE,https://static.www.nfl.com/image/private/{formatInstructions}/league/tmd2noaeemowsnshtzsn,94,3,0,0,0,20,5.13037738701277
2023,REG,17,2023123109,59423,12/31/2023,4900,TB,3300,NO,home,2,4.577731882513236,DIA051911,00-0039068,4900,YaYa Diaby,Y.Diaby,OLB,https://static.www.nfl.com/image/private/{formatInstructions}/league/phwg0z0vnkcqpiakw5ut,0,2,0,0,0,20,4.536067417438556
2023,REG,17,2023123109,59423,12/31/2023,4900,TB,3300,NO,home,3,4.577731882513236,VEA065410,00-0034773,4900,Vita Vea,V.Vea,NT,https://static.www.nfl.com/image/private/{formatInstructions}/league/e3pgjmrbpteyzrcpkxap,50,3,3,0,0,16,4.452185919978326
2023,REG,17,2023123109,59423,12/31/2023,4900,TB,3300,NO,home,4,4.577731882513236,HAL437521,00-0038127,4900,Logan Hall,L.Hall,DE,https://static.www.nfl.com/image/private/{formatInstructions}/league/xlv9kzmd5tk8cv9rmqlq,90,0,4,0,0,16,5.008428672854784
2023,REG,17,2023123109,59423,12/31/2023,4900,TB,3300,NO,visitor,1,4.577731882513236,GRA291153,00-0035402,3300,Carl Granderson,C.Granderson,DE,https://static.www.nfl.com/image/private/{formatInstructions}/league/n1thp9nf1gnbj3epsec5,96,0,1,0,0,27,4.19168970061841
2023,REG,17,2023123109,59423,12/31/2023,4900,TB,3300,NO,visitor,2,4.577731882513236,BRE510679,00-0038995,3300,Bryan Bresee,B.Bresee,DT,https://static.www.nfl.com/image/private/{formatInstructions}/league/ndia5grzqsvtxhql50ss,90,1,1,1,0,21,4.11060306720649
2023,REG,17,2023123109,59423,12/31/2023,4900,TB,3300,NO,visitor,3,4.577731882513236,JOR051224,00-0027962,3300,Cameron Jordan,C.Jordan,DE,https://static.www.nfl.com/image/private/{formatInstructions}/league/jbcyxaoosrmj0pn5ynjb,94,0,1,0,0,15,4.225296984301169
2023,REG,17,2023123109,59423,12/31/2023,4900,TB,3300,NO,visitor,4,4.577731882513236,SHE517895,00-0034760,3300,Nathan Shepherd,N.Shepherd,DT,https://static.www.nfl.com/image/private/{formatInstructions}/league/etxkcvubkmc4x2qncx5d,93,1,0,0,0,15,3.768130507895444
2023,REG,17,2023123110,59424,12/31/2023,5110,WAS,4500,SF,home,1,4.577731882513236,PAY281222,00-0034333,5110,Daron Payne,D.Payne,DT,https://static.www.nfl.com/image/private/{formatInstructions}/league/vxrbsde7ynj9mahsxfcs,94,1,0,0,0,19,4.674569676820012
2023,REG,17,2023123110,59424,12/31/2023,5110,WAS,4500,SF,home,2,4.577731882513236,ALL512725,00-0033523,5110,Jonathan Allen,J.Allen,DT,https://static.www.nfl.com/image/private/{formatInstructions}/league/uyc2yzn3jzzmx8zkswex,93,2,3,0,0,17,3.9657312376202762
2023,REG,17,2023123110,59424,12/31/2023,5110,WAS,4500,SF,home,3,4.577731882513236,SMI841542,00-0036351,5110,James Smith-Williams,J.Smith-Williams,DE,https://static.www.nfl.com/image/private/{formatInstructions}/league/cxuqt6yyheqe5lhsfoue,96,2,2,0,0,17,4.4000958452343895
2023,REG,17,2023123110,59424,12/31/2023,5110,WAS,4500,SF,home,4,4.577731882513236,TOO260938,00-0036403,5110,Casey Toohill,C.Toohill,DE,https://static.www.nfl.com/image/private/{formatInstructions}/league/ua0oplgml0z0m1ru91om,95,2,2,0,0,12,4.7286093401837315
2023,REG,17,2023123110,59424,12/31/2023,5110,WAS,4500,SF,visitor,1,4.577731882513236,BOS073285,00-0035717,4500,Nick Bosa,N.Bosa,DE,https://static.www.nfl.com/image/private/{formatInstructions}/league/pzdj8ys2wqjc92hafziy,97,2,1,0,0,20,3.2309182488213373
2023,REG,17,2023123110,59424,12/31/2023,5110,WAS,4500,SF,visitor,2,4.577731882513236,HAR143881,00-0033109,4500,Javon Hargrave,J.Hargrave,DT,https://static.www.nfl.com/image/upload/{formatInstructions}/league/pdetr7dthycxo4hgcox9,98,0,1,0,0,18,3.3306531912670567
2023,REG,17,2023123110,59424,12/31/2023,5110,WAS,4500,SF,visitor,3,4.577731882513236,YOU146550,00-0036321,4500,Chase Young,C.Young,DE,https://static.www.nfl.com/image/upload/{formatInstructions}/league/wphck1ysaeehkmsgxopb,92,1,0,0,0,14,4.472276217160397
2023,REG,17,2023123110,59424,12/31/2023,5110,WAS,4500,SF,visitor,4,4.577731882513236,KIN708236,00-0036260,4500,Javon Kinlaw,J.Kinlaw,DT,https://static.www.nfl.com/image/private/{formatInstructions}/league/lwpjojsgfbi7ipmfbigq,99,0,2,0,0,14,3.6327267958425544
2023,REG,17,2023123111,59425,12/31/2023,4600,SEA,3900,PIT,home,1,4.577731882513236,WIL426411,00-0031933,4600,Leonard Williams,L.Williams,DT,https://static.www.nfl.com/image/upload/{formatInstructions}/league/j9yrlxnwf68mxethz6sc,99,3,3,1,0,23,4.183405329424568
2023,REG,17,2023123111,59425,12/31/2023,4600,SEA,3900,PIT,home,2,4.577731882513236,REE257783,00-0032387,4600,Jarran Reed,Ja.Reed,NT,https://static.www.nfl.com/image/private/{formatInstructions}/league/hp86k8wv76vaid3dyzen,90,1,4,0,0,23,3.660778568204716
2023,REG,17,2023123111,59425,12/31/2023,4600,SEA,3900,PIT,home,3,4.577731882513236,MAF415291,00-0038133,4600,Boye Mafe,B.Mafe,OLB,https://static.www.nfl.com/image/private/{formatInstructions}/league/sqtz8e4f9ccfhioap0qp,53,1,2,0,0,20,4.839524007996472
2023,REG,17,2023123111,59425,12/31/2023,4600,SEA,3900,PIT,home,4,4.577731882513236,JON263738,00-0035678,4600,Dre'Mont Jones,D.Jones,DE,https://static.www.nfl.com/image/private/{formatInstructions}/league/jtymiyxibjaktdm0h9by,55,1,4,0,0,18,3.602158144393181
2023,REG,17,2023123111,59425,12/31/2023,4600,SEA,3900,PIT,visitor,1,4.577731882513236,HEY271611,00-0027969,3900,Cameron Heyward,C.Heyward,DT,https://static.www.nfl.com/image/private/{formatInstructions}/league/id93znqysop97rwpm6f1,97,0,1,0,0,26,4.717623158618459
2023,REG,17,2023123111,59425,12/31/2023,4600,SEA,3900,PIT,visitor,2,4.577731882513236,OGU431455,00-0033905,3900,Larry Ogunjobi,L.Ogunjobi,DT,https://static.www.nfl.com/image/private/{formatInstructions}/league/lwy0ylpaxchvs61rbkjk,99,1,2,0,0,25,5.280787289488983
2023,REG,17,2023123111,59425,12/31/2023,4600,SEA,3900,PIT,visitor,3,4.577731882513236,WAT587616,00-0033886,3900,T.J. Watt,T.Watt,OLB,https://static.www.nfl.com/image/private/{formatInstructions}/league/yuqxfzlqjuz7yho5fdpg,90,1,1,0,0,23,4.336887360435722
2023,REG,17,2023123111,59425,12/31/2023,4600,SEA,3900,PIT,visitor,4,4.577731882513236,HIG595832,00-0036333,3900,Alex Highsmith,A.Highsmith,OLB,https://static.www.nfl.com/image/private/{formatInstructions}/league/xovqquaydxhhxbsiumfu,56,0,0,0,0,21,3.2972614924730785
2023,REG,17,2023123112,59426,12/31/2023,1400,DEN,4400,LAC,home,1,4.577731882513236,ALL656181,00-0035248,1400,Zach Allen,Z.Allen,DE,https://static.www.nfl.com/image/private/{formatInstructions}/league/jbqsgpcisn8px60ab3xf,99,1,1,0,0,26,4.101839504691706
2023,REG,17,2023123112,59426,12/31/2023,1400,DEN,4400,LAC,home,2,4.577731882513236,COO617139,00-0036952,1400,Jonathon Cooper,J.Cooper,OLB,https://static.www.nfl.com/image/private/{formatInstructions}/league/dvuos7qbtpi5jmo41sry,0,1,0,1,0,21,4.113732248491001
2023,REG,17,2023123112,59426,12/31/2023,1400,DEN,4400,LAC,home,3,4.577731882513236,BON490179,00-0037249,1400,Nik Bonitto,N.Bonitto,OLB,https://static.www.nfl.com/image/private/{formatInstructions}/league/anc7attkmiqpqqocleun,42,2,0,0,0,21,4.433778819090057
2023,REG,17,2023123112,59426,12/31/2023,1400,DEN,4400,LAC,home,4,4.577731882513236,JON230048,00-0033297,1400,D.J. Jones,D.Jones,NT,https://static.www.nfl.com/image/private/{formatInstructions}/league/n3bcrpe6uvhwtp43aphs,93,2,2,0,1,19,4.9998152303868295
2023,REG,17,2023123112,59426,12/31/2023,1400,DEN,4400,LAC,visitor,1,4.577731882513236,MAC325122,00-0031040,4400,Khalil Mack,K.Mack,DE,https://static.www.nfl.com/image/private/{formatInstructions}/league/hkxmcpv1vobtydr4yt7n,52,5,2,1,0,25,4.5993964995231
2023,REG,17,2023123112,59426,12/31/2023,1400,DEN,4400,LAC,visitor,2,4.577731882513236,TUI720077,00-0039111,4400,Tuli Tuipulotu,T.Tuipulotu,DE,https://static.www.nfl.com/image/private/{formatInstructions}/league/wdiuxzxcsalogxhdxdec,45,1,2,0,0,23,4.374204029899798
2023,REG,17,2023123112,59426,12/31/2023,1400,DEN,4400,LAC,visitor,3,4.577731882513236,FOX250058,00-0032671,4400,Morgan Fox,M.Fox,DT,https://static.www.nfl.com/image/private/{formatInstructions}/league/qvo06vbj0iivq9xntc1c,56,1,1,0,0,19,4.527787800999311
2023,REG,17,2023123112,59426,12/31/2023,1400,DEN,4400,LAC,visitor,4,4.577731882513236,JOH064658,00-0032763,4400,Austin Johnson,A.Johnson,DT,https://static.www.nfl.com/image/private/{formatInstructions}/league/yw0n2arlqinekrb9izou,98,0,1,0,0,17,5.081912346160202
2023,REG,17,2023123113,59427,12/31/2023,2310,KC,0920,CIN,home,1,4.577731882513236,DAN721566,00-0036378,2310,Michael Danna,M.Danna,DE,https://static.www.nfl.com/image/private/{formatInstructions}/league/oiywq8es1rm2rjnpbouw,51,2,0,0,0,22,3.989435640805527
2023,REG,17,2023123113,59427,12/31/2023,2310,KC,0920,CIN,home,2,4.577731882513236,JON162595,00-0032762,2310,Chris Jones,C.Jones,DT,https://static.www.nfl.com/image/private/{formatInstructions}/league/tzeyeldnaaxjsg4beczj,95,1,0,1,0,21,4.326182657291734
2023,REG,17,2023123113,59427,12/31/2023,2310,KC,0920,CIN,home,3,4.577731882513236,OME565785,00-0035279,2310,Charles Omenihu,C.Omenihu,DE,https://static.www.nfl.com/image/private/{formatInstructions}/league/n7hyavaepvuienrmh9bi,90,3,2,0,0,18,4.757268434203802
2023,REG,17,2023123113,59427,12/31/2023,2310,KC,0920,CIN,home,4,4.577731882513236,KAR303382,00-0037192,2310,George Karlaftis,G.Karlaftis,DE,https://static.www.nfl.com/image/private/{formatInstructions}/league/kwmi9hcgixedzkqo0hd9,56,4,1,1,0,18,4.310700413940891
2023,REG,17,2023123113,59427,12/31/2023,2310,KC,0920,CIN,visitor,1,4.577731882513236,HIL096836,00-0034800,0920,B.J. Hill,B.Hill,DT,https://static.www.nfl.com/image/private/{formatInstructions}/league/kzclgv44hziqf33iwtyx,92,2,1,0,0,21,5.521888874639548
2023,REG,17,2023123113,59427,12/31/2023,2310,KC,0920,CIN,visitor,2,4.577731882513236,HUB387605,00-0034834,0920,Sam Hubbard,S.Hubbard,DE,https://static.www.nfl.com/image/private/{formatInstructions}/league/fedpaaymkmox3miypjkl,94,3,2,0,0,20,6.074432635381447
2023,REG,17,2023123113,59427,12/31/2023,2310,KC,0920,CIN,visitor,3,4.577731882513236,HEN324452,00-0033935,0920,Trey Hendrickson,T.Hendrickson,DE,https://static.www.nfl.com/image/private/{formatInstructions}/league/ypeza1qplqqjbvowe2im,91,1,0,1,1,19,4.820857325590461
2023,REG,17,2023123113,59427,12/31/2023,2310,KC,0920,CIN,visitor,4,4.577731882513236,CAR786801,00-0037804,0920,Zach Carter,Z.Carter,DT,,95,2,0,0,0,8,5.730877858191971
2023,REG,17,2023123114,59428,12/31/2023,3000,MIN,1800,GB,home,1,4.577731882513236,HUN529240,00-0031565,3000,Danielle Hunter,D.Hunter,OLB,https://static.www.nfl.com/image/private/{formatInstructions}/league/mcimj8g9r5vhy4rzreih,99,1,2,0,0,30,4.947360401801243
2023,REG,17,2023123114,59428,12/31/2023,3000,MIN,1800,GB,home,2,4.577731882513236,JON826250,00-0037007,3000,Patrick Jones,P.Jones,OLB,https://static.www.nfl.com/image/private/{formatInstructions}/league/ir3m4wipss4exri1xenv,91,5,4,0,0,23,4.347214937801895
2023,REG,17,2023123114,59428,12/31/2023,3000,MIN,1800,GB,home,3,4.577731882513236,BUL366378,00-0033093,3000,Jonathan Bullard,J.Bullard,DE,https://static.www.nfl.com/image/private/{formatInstructions}/league/hgxa0we4sgcfdb7wim77,90,1,0,0,0,22,5.685125865450853
2023,REG,17,2023123114,59428,12/31/2023,3000,MIN,1800,GB,home,4,4.577731882513236,PHI215142,00-0034782,3000,Harrison Phillips,H.Phillips,DT,https://static.www.nfl.com/image/private/{formatInstructions}/league/qyfhltyov0a0rigpe0mu,97,1,3,0,0,20,5.390342665909506
2023,REG,17,2023123114,59428,12/31/2023,3000,MIN,1800,GB,visitor,1,4.577731882513236,CLA409251,00-0033120,1800,Kenny Clark,K.Clark,DE,https://static.www.nfl.com/image/private/{formatInstructions}/league/xehidvio5jubhvwgsklr,97,1,0,0,0,22,3.967535223275021
2023,REG,17,2023123114,59428,12/31/2023,3000,MIN,1800,GB,visitor,2,4.577731882513236,GAR766759,00-0034967,1800,Rashan Gary,R.Gary,OLB,https://static.www.nfl.com/image/private/{formatInstructions}/league/t4clz4xe8sfxszmvohfo,52,1,2,0,0,18,4.22252956535671
2023,REG,17,2023123114,59428,12/31/2023,3000,MIN,1800,GB,visitor,3,4.577731882513236,WYA279831,00-0037075,1800,Devonte Wyatt,D.Wyatt,DE,https://static.www.nfl.com/image/private/{formatInstructions}/league/jqnqdhhwbfkp8idpe4c5,95,0,2,0,0,15,3.068829510681085
2023,REG,17,2023123114,59428,12/31/2023,3000,MIN,1800,GB,visitor,4,4.577731882513236,SMI576520,00-0031935,1800,Preston Smith,P.Smith,OLB,https://static.www.nfl.com/image/private/{formatInstructions}/league/pohwua1xxcajtggbemhr,91,1,0,1,1,14,3.520611128964057
2023,REG,18,2024010600,59430,01/06/2024,0325,BAL,3900,PIT,home,1,4.577731882513236,CLO535848,00-0031364,0325,Jadeveon Clowney,J.Clowney,OLB,https://static.www.nfl.com/image/upload/{formatInstructions}/league/mukpprygzswqdoluyqqm,24,3,1,1,1,16,3.7979689335901807
2023,REG,18,2024010600,59430,01/06/2024,0325,BAL,3900,PIT,home,2,4.577731882513236,VAN656604,00-0031360,0325,Kyle Van Noy,K.Van Noy,OLB,https://static.www.nfl.com/image/upload/{formatInstructions}/league/gsxm5hxkhupxufs1iopx,50,2,0,1,1,15,3.4313187961336675
2023,REG,18,2024010600,59430,01/06/2024,0325,BAL,3900,PIT,home,3,4.577731882513236,WAS067340,00-0036081,0325,Broderick Washington,B.Washington,DE,https://static.www.nfl.com/image/private/{formatInstructions}/league/mpmikgtfiswqhqcxgiiv,96,2,1,0,0,9,3.5265978716590616
2023,REG,18,2024010600,59430,01/06/2024,0325,BAL,3900,PIT,home,4,4.577731882513236,JON768782,00-0037756,0325,Travis Jones,T.Jones,DT,https://static.www.nfl.com/image/private/{formatInstructions}/league/a2phaj6ysjsplrh7h8lf,98,1,3,0,0,9,3.8413718042004437
2023,REG,18,2024010600,59430,01/06/2024,0325,BAL,3900,PIT,visitor,1,4.577731882513236,HEY271611,00-0027969,3900,Cameron Heyward,C.Heyward,DT,https://static.www.nfl.com/image/private/{formatInstructions}/league/id93znqysop97rwpm6f1,97,2,0,0,0,20,4.343866659697729
2023,REG,18,2024010600,59430,01/06/2024,0325,BAL,3900,PIT,visitor,2,4.577731882513236,HIG595832,00-0036333,3900,Alex Highsmith,A.Highsmith,OLB,https://static.www.nfl.com/image/private/{formatInstructions}/league/xovqquaydxhhxbsiumfu,56,2,1,0,0,17,3.526229934686986
2023,REG,18,2024010600,59430,01/06/2024,0325,BAL,3900,PIT,visitor,3,4.577731882513236,OGU431455,00-0033905,3900,Larry Ogunjobi,L.Ogunjobi,DT,https://static.www.nfl.com/image/private/{formatInstructions}/league/lwy0ylpaxchvs61rbkjk,99,1,0,0,0,16,4.54787189684838
2023,REG,18,2024010600,59430,01/06/2024,0325,BAL,3900,PIT,visitor,4,4.577731882513236,WAT587616,00-0033886,3900,T.J. Watt,T.Watt,OLB,https://static.www.nfl.com/image/private/{formatInstructions}/league/yuqxfzlqjuz7yho5fdpg,90,6,2,2,0,11,4.440390269981645
2023,REG,18,2024010601,59435,01/06/2024,2200,IND,2120,HOU,home,1,4.577731882513236,BUC768760,00-0032378,2200,DeForest Buckner,D.Buckner,DT,https://static.www.nfl.com/image/private/{formatInstructions}/league/ls2tzitcuhmhwug8ohwj,99,1,5,1,0,22,4.321036148142193
2023,REG,18,2024010601,59435,01/06/2024,2200,IND,2120,HOU,home,2,4.577731882513236,EBU355964,00-0033945,2200,Samson Ebukam,S.Ebukam,DE,https://static.www.nfl.com/image/private/{formatInstructions}/league/feoglrxvambjd4u4tdq6,52,1,2,0,0,18,4.090098752519613
2023,REG,18,2024010601,59435,01/06/2024,2200,IND,2120,HOU,home,3,4.577731882513236,PAY168986,00-0036479,2200,Kwity Paye,K.Paye,DE,https://static.www.nfl.com/image/private/{formatInstructions}/league/qo9cpabig7tusr8r49ud,51,1,1,0,0,17,4.846484867050789
2023,REG,18,2024010601,59435,01/06/2024,2200,IND,2120,HOU,home,4,4.577731882513236,STE757436,00-0033952,2200,Grover Stewart,G.Stewart,DT,https://static.www.nfl.com/image/private/{formatInstructions}/league/itfivv55jb7j4twbsz0a,90,0,5,0,0,15,5.38222290236665
2023,REG,18,2024010601,59435,01/06/2024,2200,IND,2120,HOU,visitor,1,4.577731882513236,COL633184,00-0033131,2120,Maliek Collins,M.Collins,DT,https://static.www.nfl.com/image/private/{formatInstructions}/league/y9hbtlxivjzgaassmpwt,96,3,0,0,0,13,4.85160850848806
2023,REG,18,2024010601,59435,01/06/2024,2200,IND,2120,HOU,visitor,2,4.577731882513236,BAR405176,00-0033876,2120,Derek Barnett,D.Barnett,DE,https://static.www.nfl.com/image/private/{formatInstructions}/league/pmqbfyiuht0rhldyckie,95,2,2,0,0,13,4.496589226028985
2023,REG,18,2024010601,59435,01/06/2024,2200,IND,2120,HOU,visitor,3,4.577731882513236,RAN676464,00-0032759,2120,Sheldon Rankins,S.Rankins,DT,https://static.www.nfl.com/image/upload/{formatInstructions}/league/aswns7v3cwkuupnlpdn8,98,1,0,0,0,12,4.761203965014398
2023,REG,18,2024010601,59435,01/06/2024,2200,IND,2120,HOU,visitor,4,4.577731882513236,HUG532081,00-0027881,2120,Jerry Hughes,J.Hughes,DE,https://static.www.nfl.com/image/private/{formatInstructions}/league/kpaim2ei9sq4kl3ye4li,55,0,2,0,0,9,4.089054602273498
2023,REG,18,2024010700,59440,01/07/2024,3300,NO,0200,ATL,home,1,4.577731882513236,KPA593274,00-0033902,3300,Tanoh Kpassagnon,T.Kpassagnon,DE,https://static.www.nfl.com/image/private/{formatInstructions}/league/ilr1bs7qesfq7fryeetc,92,1,1,0,0,18,4.160911483131344
2023,REG,18,2024010700,59440,01/07/2024,3300,NO,0200,ATL,home,2,4.577731882513236,BRE510679,00-0038995,3300,Bryan Bresee,B.Bresee,DT,https://static.www.nfl.com/image/private/{formatInstructions}/league/ndia5grzqsvtxhql50ss,90,0,0,0,0,18,4.941354461879545
2023,REG,18,2024010700,59440,01/07/2024,3300,NO,0200,ATL,home,3,4.577731882513236,GRA291153,00-0035402,3300,Carl Granderson,C.Granderson,DE,https://static.www.nfl.com/image/private/{formatInstructions}/league/n1thp9nf1gnbj3epsec5,96,3,1,0,0,16,5.4781290140523335
2023,REG,18,2024010700,59440,01/07/2024,3300,NO,0200,ATL,home,4,4.577731882513236,SHE517895,00-0034760,3300,Nathan Shepherd,N.Shepherd,DT,https://static.www.nfl.com/image/private/{formatInstructions}/league/etxkcvubkmc4x2qncx5d,93,3,0,1,0,11,4.781617921630927
2023,REG,18,2024010700,59440,01/07/2024,3300,NO,0200,ATL,visitor,1,4.577731882513236,DUP507860,00-0032146,0200,Bud Dupree,B.Dupree,OLB,https://static.www.nfl.com/image/private/{formatInstructions}/league/i2b1ykt4jgmdabmwoqoo,48,1,0,1,1,20,4.485146909947686
2023,REG,18,2024010700,59440,01/07/2024,3300,NO,0200,ATL,visitor,2,4.577731882513236,CAM208843,00-0026190,0200,Calais Campbell,C.Campbell,DE,https://static.www.nfl.com/image/private/{formatInstructions}/league/wbrve7zrrqiuknohpecm,93,4,1,1,0,18,5.42677908708961
2023,REG,18,2024010700,59440,01/07/2024,3300,NO,0200,ATL,visitor,3,4.577731882513236,ONY164481,00-0033051,0200,David Onyemata,D.Onyemata,DT,https://static.www.nfl.com/image/private/{formatInstructions}/league/uyu66sa3d2gpsh5tyhxw,90,2,1,0,0,18,6.454439684726761
2023,REG,18,2024010700,59440,01/07/2024,3300,NO,0200,ATL,visitor,4,4.577731882513236,HUG083882,00-0035455,0200,Albert Huggins,A.Huggins,DT,https://static.www.nfl.com/image/private/{formatInstructions}/league/hbbanpqrzp03f4dagsxq,94,0,2,0,0,12,5.601655362560122
2023,REG,18,2024010701,59432,01/07/2024,0920,CIN,1050,CLE,home,1,4.577731882513236,OSS029663,00-0036902,0920,Joseph Ossai,J.Ossai,DE,https://static.www.nfl.com/image/private/{formatInstructions}/league/t5xgjivlvdv8ifbcte9x,58,1,2,0,0,16,4.000283497636314
2023,REG,18,2024010701,59432,01/07/2024,0920,CIN,1050,CLE,home,2,4.577731882513236,SAM062951,00-0036850,0920,Cam Sample,C.Sample,DE,https://static.www.nfl.com/image/private/{formatInstructions}/league/kvkvhvbvcebjkevxjdhd,96,1,1,0,0,15,4.971207273876162
2023,REG,18,2024010701,59432,01/07/2024,0920,CIN,1050,CLE,home,3,4.577731882513236,CAR786801,00-0037804,0920,Zach Carter,Z.Carter,DT,,95,2,0,0,0,14,4.635383372791013
2023,REG,18,2024010701,59432,01/07/2024,0920,CIN,1050,CLE,home,4,4.577731882513236,MUR519902,00-0038546,0920,Myles Murphy,M.Murphy,DE,https://static.www.nfl.com/image/private/{formatInstructions}/league/wk18rwfksyka1cj9y6aw,99,0,1,0,0,14,4.574171684208177
2023,REG,18,2024010701,59432,01/07/2024,0920,CIN,1050,CLE,visitor,1,4.577731882513236,ELL323955,00-0036266,1050,Jordan Elliott,J.Elliott,DT,https://static.www.nfl.com/image/private/{formatInstructions}/league/haqyzkxwxef0hojgyz4w,96,0,0,0,0,24,6.134858645191568
2023,REG,18,2024010701,59432,01/07/2024,0920,CIN,1050,CLE,visitor,2,4.577731882513236,WRI062922,00-0037251,1050,Alex Wright,A.Wright,DE,https://static.www.nfl.com/image/private/{formatInstructions}/league/tgtm7eaxylkjq3smtbqq,91,5,1,1,1,21,4.498945025044009
2023,REG,18,2024010701,59432,01/07/2024,0920,CIN,1050,CLE,visitor,3,4.577731882513236,MCG794607,00-0038574,1050,Isaiah McGuire,I.McGuire,DE,,57,5,0,1,0,20,4.123055547507131
2023,REG,18,2024010701,59432,01/07/2024,0920,CIN,1050,CLE,visitor,4,4.577731882513236,KAM329673,00-0036705,1050,Sam Kamara,S.Kamara,OLB,https://static.www.nfl.com/image/private/{formatInstructions}/league/aakuha494hvtrja3dwjn,92,4,3,0,0,17,4.856854538353633
2023,REG,18,2024010702,59443,01/07/2024,2100,TEN,2250,JAX,home,1,4.577731882513236,LAN159704,00-0034828,2100,Harold Landry,H.Landry,OLB,https://static.www.nfl.com/image/private/{formatInstructions}/league/akafrpdcokvwz2psbbmj,58,0,0,0,0,28,5.551664101250943
2023,REG,18,2024010702,59443,01/07/2024,2100,TEN,2250,JAX,home,2,4.577731882513236,KEY099037,00-0034825,2100,Arden Key,A.Key,OLB,https://static.www.nfl.com/image/private/{formatInstructions}/league/psoje6looquofelpery9,49,4,0,0,0,27,4.434262697094495
2023,REG,18,2024010702,59443,01/07/2024,2100,TEN,2250,JAX,home,3,4.577731882513236,AUT529722,00-0031254,2100,Denico Autry,D.Autry,DE,https://static.www.nfl.com/image/private/{formatInstructions}/league/fm0gjc1jtbgmmsr4gs9l,96,0,1,0,0,22,4.329164417290866
2023,REG,18,2024010702,59443,01/07/2024,2100,TEN,2250,JAX,home,4,4.577731882513236,BLA246567,00-0036289,2100,Ross Blacklock,R.Blacklock,DT,https://static.www.nfl.com/image/private/{formatInstructions}/league/bhfz75verrtkscghgjjz,90,1,0,0,0,19,4.76560814051685
2023,REG,18,2024010702,59443,01/07/2024,2100,TEN,2250,JAX,visitor,1,4.577731882513236,ALL528759,00-0035642,2250,Josh Allen,J.Allen,OLB,https://static.www.nfl.com/image/private/{formatInstructions}/league/q807jedjb7igab4graoe,41,2,3,1,0,20,4.110353097813263
2023,REG,18,2024010702,59443,01/07/2024,2100,TEN,2250,JAX,visitor,2,4.577731882513236,ROB360907,00-0032667,2250,Roy Robertson-Harris,R.Robertson-Harris,DT,https://static.www.nfl.com/image/private/{formatInstructions}/league/rb0pmtszstbyggfqtriw,95,1,1,0,0,19,4.51103628648486
2023,REG,18,2024010702,59443,01/07/2024,2100,TEN,2250,JAX,visitor,3,4.577731882513236,WAL335860,00-0037235,2250,Travon Walker,T.Walker,OLB,https://static.www.nfl.com/image/private/{formatInstructions}/league/u578pgqmortimghxzgev,44,1,1,1,0,18,5.324101589397427
2023,REG,18,2024010702,59443,01/07/2024,2100,TEN,2250,JAX,visitor,4,4.577731882513236,HAM205852,00-0036262,2250,Davon Hamilton,D.Hamilton,DT,https://static.www.nfl.com/image/private/{formatInstructions}/league/qx5pokykbioejrbfh2mp,52,3,1,0,0,12,5.93899877281147
2023,REG,18,2024010703,59433,01/07/2024,1540,DET,3000,MIN,home,1,4.577731882513236,HUT099869,00-0037236,1540,Aidan Hutchinson,A.Hutchinson,DE,https://static.www.nfl.com/image/private/{formatInstructions}/league/zywrtjyja5l8efay1six,97,4,0,2,0,40,4.048351194988383
2023,REG,18,2024010703,59433,01/07/2024,1540,DET,3000,MIN,home,2,4.577731882513236,PAS068486,00-0038096,1540,Josh Paschal,J.Paschal,DE,https://static.www.nfl.com/image/private/{formatInstructions}/league/ivkpwgpcixlvfbpzurab,93,2,0,0,0,38,5.498885109739048
2023,REG,18,2024010703,59433,01/07/2024,1540,DET,3000,MIN,home,3,4.577731882513236,OKW059326,00-0032655,1540,Romeo Okwara,R.Okwara,DE,https://static.www.nfl.com/image/private/{formatInstructions}/league/rkasbg8asew3pyozpkcu,95,0,0,0,0,19,3.7572143950812533
2023,REG,18,2024010703,59433,01/07/2024,1540,DET,3000,MIN,home,4,4.577731882513236,MCN611247,00-0036624,1540,Alim McNeill,A.McNeill,DT,https://static.www.nfl.com/image/private/{formatInstructions}/league/hrqtcha6t35jwvoswc1k,54,1,0,0,0,18,5.0287144533027766
2023,REG,18,2024010703,59433,01/07/2024,1540,DET,3000,MIN,visitor,1,4.577731882513236,JON826250,00-0037007,3000,Patrick Jones,P.Jones,OLB,https://static.www.nfl.com/image/private/{formatInstructions}/league/ir3m4wipss4exri1xenv,91,0,1,0,0,24,4.900453330732519
2023,REG,18,2024010703,59433,01/07/2024,1540,DET,3000,MIN,visitor,2,4.577731882513236,HUN529240,00-0031565,3000,Danielle Hunter,D.Hunter,OLB,https://static.www.nfl.com/image/private/{formatInstructions}/league/mcimj8g9r5vhy4rzreih,99,5,1,1,0,22,3.629054947585266
2023,REG,18,2024010703,59433,01/07/2024,1540,DET,3000,MIN,visitor,3,4.577731882513236,PHI215142,00-0034782,3000,Harrison Phillips,H.Phillips,DT,https://static.www.nfl.com/image/private/{formatInstructions}/league/qyfhltyov0a0rigpe0mu,97,2,4,0,0,21,5.048457844863348
2023,REG,18,2024010703,59433,01/07/2024,1540,DET,3000,MIN,visitor,4,4.577731882513236,BUL366378,00-0033093,3000,Jonathan Bullard,J.Bullard,DE,https://static.www.nfl.com/image/private/{formatInstructions}/league/hgxa0we4sgcfdb7wim77,90,3,0,0,0,20,5.615279101874714
2023,REG,18,2024010704,59439,01/07/2024,3200,NE,3430,NYJ,home,1,4.577731882513236,JEN457643,00-0036193,3200,Anfernee Jennings,A.Jennings,OLB,https://static.www.nfl.com/image/private/{formatInstructions}/league/rhpdybqsxdk8fo1wczc3,33,4,4,0,0,13,5.119970091714465
2023,REG,18,2024010704,59439,01/07/2024,3200,NE,3430,NYJ,home,2,4.577731882513236,BAR221986,00-0036981,3200,Christian Barmore,C.Barmore,DT,https://static.www.nfl.com/image/private/{formatInstructions}/league/h4rtemvkpsx1uyjvnm63,90,6,4,0,0,12,4.7924140897908485
2023,REG,18,2024010704,59439,01/07/2024,3200,NE,3430,NYJ,home,3,4.577731882513236,WHI315646,00-0039148,3200,Keion White,K.White,DE,https://static.www.nfl.com/image/private/{formatInstructions}/league/rjc9qgamwszqabbidwla,99,1,1,0,0,8,5.3873864276028325
2023,REG,18,2024010704,59439,01/07/2024,3200,NE,3430,NYJ,home,4,4.577731882513236,WIS078731,00-0033947,3200,Deatrich Wise,D.Wise,DE,https://static.www.nfl.com/image/private/{formatInstructions}/league/bxwmlzyorjsos6w7g2x6,91,1,2,0,0,7,4.572950511560324
2023,REG,18,2024010704,59439,01/07/2024,3200,NE,3430,NYJ,visitor,1,4.577731882513236,FRA563573,00-0034805,3430,John Franklin-Myers,J.Franklin-Myers,DE,https://static.www.nfl.com/image/private/{formatInstructions}/league/q4aysumc2wxfocjtpdkl,91,1,0,0,0,21,4.42393509700359
2023,REG,18,2024010704,59439,01/07/2024,3200,NE,3430,NYJ,visitor,2,4.577731882513236,THO381630,00-0033870,3430,Solomon Thomas,S.Thomas,DT,https://static.www.nfl.com/image/private/{formatInstructions}/league/umuabhaoizdehmj7ifbw,94,0,0,0,0,19,5.412099313409435
2023,REG,18,2024010704,59439,01/07/2024,3200,NE,3430,NYJ,visitor,3,4.577731882513236,JOH789955,00-0037663,3430,Jermaine Johnson,J.Johnson,OLB,https://static.www.nfl.com/image/private/{formatInstructions}/league/tksswzrbrb6ndpbczqon,11,2,0,1,0,18,3.997868796349473
2023,REG,18,2024010704,59439,01/07/2024,3200,NE,3430,NYJ,visitor,4,4.577731882513236,WIL132672,00-0035718,3430,Quinnen Williams,Q.Williams,NT,https://static.www.nfl.com/image/private/{formatInstructions}/league/ftjeq2xr9mvck8mfkute,95,2,1,2,0,16,3.8114185748577056
2023,REG,18,2024010705,59431,01/07/2024,0750,CAR,4900,TB,home,1,4.577731882513236,BRO393541,00-0036220,0750,Derrick Brown,Der.Brown,DT,https://static.www.nfl.com/image/private/{formatInstructions}/league/snjd4zlvrynmvcnlohej,95,6,1,1,0,30,3.4937553147951017
2023,REG,18,2024010705,59431,01/07/2024,0750,CAR,4900,TB,home,2,4.577731882513236,BUR435186,00-0035713,0750,Brian Burns,B.Burns,OLB,https://static.www.nfl.com/image/private/{formatInstructions}/league/pigkreclt8lczii5r2on,0,2,0,1,0,28,4.3280362277790925
2023,REG,18,2024010705,59431,01/07/2024,0750,CAR,4900,TB,home,3,4.577731882513236,GRO610423,00-0036288,0750,Yetur Gross-Matos,Y.Gross-Matos,OLB,https://static.www.nfl.com/image/private/{formatInstructions}/league/fxi23cpqddqvbwwxf5xb,97,4,1,1,0,21,4.1163863667596585
2023,REG,18,2024010705,59431,01/07/2024,0750,CAR,4900,TB,home,4,4.577731882513236,WIL234247,00-0031795,0750,DeShawn Williams,D.Williams,DE,https://static.www.nfl.com/image/private/{formatInstructions}/league/bapcfixbhpeqj6t3z1e9,96,1,2,0,0,17,4.450355045634373
2023,REG,18,2024010705,59431,01/07/2024,0750,CAR,4900,TB,visitor,1,4.577731882513236,KAN046143,00-0039063,4900,Calijah Kancey,C.Kancey,DE,https://static.www.nfl.com/image/private/{formatInstructions}/league/tmd2noaeemowsnshtzsn,94,1,0,0,0,15,4.260238751102632
2023,REG,18,2024010705,59431,01/07/2024,0750,CAR,4900,TB,visitor,2,4.577731882513236,VEA065410,00-0034773,4900,Vita Vea,V.Vea,NT,https://static.www.nfl.com/image/private/{formatInstructions}/league/e3pgjmrbpteyzrcpkxap,50,1,0,0,0,14,4.712726033190042
2023,REG,18,2024010705,59431,01/07/2024,0750,CAR,4900,TB,visitor,3,4.577731882513236,DIA051911,00-0039068,4900,YaYa Diaby,Y.Diaby,OLB,https://static.www.nfl.com/image/private/{formatInstructions}/league/phwg0z0vnkcqpiakw5ut,0,3,2,1,0,12,4.120394694095472
2023,REG,18,2024010705,59431,01/07/2024,0750,CAR,4900,TB,visitor,4,4.577731882513236,WHI399982,00-0035707,4900,Devin White,D.White,ILB,https://static.www.nfl.com/image/private/{formatInstructions}/league/ij9zjdbpfblemnsuhwhl,45,3,0,0,0,9,4.936346484319131
2023,REG,18,2024010706,59434,01/07/2024,1800,GB,0810,CHI,home,1,4.577731882513236,CLA409251,00-0033120,1800,Kenny Clark,K.Clark,DE,https://static.www.nfl.com/image/private/{formatInstructions}/league/xehidvio5jubhvwgsklr,97,1,1,1,0,13,4.002205953238143
2023,REG,18,2024010706,59434,01/07/2024,1800,GB,0810,CHI,home,2,4.577731882513236,SMI576520,00-0031935,1800,Preston Smith,P.Smith,OLB,https://static.www.nfl.com/image/private/{formatInstructions}/league/pohwua1xxcajtggbemhr,91,2,0,0,0,12,4.374652881318746
2023,REG,18,2024010706,59434,01/07/2024,1800,GB,0810,CHI,home,3,4.577731882513236,GAR766759,00-0034967,1800,Rashan Gary,R.Gary,OLB,https://static.www.nfl.com/image/private/{formatInstructions}/league/t4clz4xe8sfxszmvohfo,52,1,1,0,0,12,4.347705653804975
2023,REG,18,2024010706,59434,01/07/2024,1800,GB,0810,CHI,home,4,4.577731882513236,BRO132842,00-0038398,1800,Karl Brooks,K.Brooks,NT,https://static.www.nfl.com/image/private/{formatInstructions}/league/guin0qvgptaeequepnvk,94,2,0,1,0,8,3.302919601869349
2023,REG,18,2024010706,59434,01/07/2024,1800,GB,0810,CHI,visitor,1,4.577731882513236,SWE034375,00-0035647,0810,Montez Sweat,M.Sweat,DE,https://static.www.nfl.com/image/upload/{formatInstructions}/league/vvbqme5ucgzcddjwc5xm,98,2,1,0,0,25,4.478483001586411
2023,REG,18,2024010706,59434,01/07/2024,1800,GB,0810,CHI,visitor,2,4.577731882513236,WAL115858,00-0033782,0810,DeMarcus Walker,D.Walker,DE,https://static.www.nfl.com/image/private/{formatInstructions}/league/rfvqk3uflt2uwxrfwio7,95,1,0,1,0,23,4.44303292958235
2023,REG,18,2024010706,59434,01/07/2024,1800,GB,0810,CHI,visitor,3,4.577731882513236,JON518335,00-0034677,0810,Justin Jones,Ju.Jones,DT,https://static.www.nfl.com/image/private/{formatInstructions}/league/zsfbwgrrxrqbahv318xu,93,1,1,0,0,22,6.193138676345614
2023,REG,18,2024010706,59434,01/07/2024,1800,GB,0810,CHI,visitor,4,4.577731882513236,DEX634187,00-0039070,0810,Gervon Dexter,G.Dexter,DT,https://static.www.nfl.com/image/private/{formatInstructions}/league/vj6m4qixxhqmufrr5ilo,99,0,0,0,0,14,4.000981448517983
2023,REG,18,2024010707,59444,01/07/2024,5110,WAS,1200,DAL,home,1,4.577731882513236,SMI841542,00-0036351,5110,James Smith-Williams,J.Smith-Williams,DE,https://static.www.nfl.com/image/private/{formatInstructions}/league/cxuqt6yyheqe5lhsfoue,96,0,1,0,0,31,4.590769306631064
2023,REG,18,2024010707,59444,01/07/2024,5110,WAS,1200,DAL,home,2,4.577731882513236,HEN624398,00-0038581,5110,K.J. Henry,K.Henry,DE,https://static.www.nfl.com/image/private/{formatInstructions}/league/i57qk0k8xgsrmm9clmwa,55,1,0,0,0,25,6.4380852569026805
2023,REG,18,2024010707,59444,01/07/2024,5110,WAS,1200,DAL,home,3,4.577731882513236,PAY281222,00-0034333,5110,Daron Payne,D.Payne,DT,https://static.www.nfl.com/image/private/{formatInstructions}/league/vxrbsde7ynj9mahsxfcs,94,1,2,0,0,24,4.590799701460874
2023,REG,18,2024010707,59444,01/07/2024,5110,WAS,1200,DAL,home,4,4.577731882513236,MAT207640,00-0038099,5110,Phidarian Mathis,P.Mathis,DT,https://static.www.nfl.com/image/private/{formatInstructions}/league/nghgoy07xgrobko1w9o2,98,0,0,0,0,16,4.932266325630236
2023,REG,18,2024010707,59444,01/07/2024,5110,WAS,1200,DAL,visitor,1,4.577731882513236,ARM218905,00-0034373,1200,Dorance Armstrong,D.Armstrong,DE,https://static.www.nfl.com/image/private/{formatInstructions}/league/tcudmhrcnl85ii2t3wvy,92,2,1,1,0,15,4.710007375062844
2023,REG,18,2024010707,59444,01/07/2024,5110,WAS,1200,DAL,visitor,2,4.577731882513236,LAW282118,00-0031411,1200,Demarcus Lawrence,D.Lawrence,DE,https://static.www.nfl.com/image/private/{formatInstructions}/league/zqkya3dftem6ykdpsjem,90,2,1,0,0,14,4.772582144067448
2023,REG,18,2024010707,59444,01/07/2024,5110,WAS,1200,DAL,visitor,3,4.577731882513236,PAR753418,00-0036932,1200,Micah Parsons,M.Parsons,OLB,https://static.www.nfl.com/image/private/{formatInstructions}/league/vnasvto6q1izyolgu7db,11,4,1,1,0,13,5.279126241579062
2023,REG,18,2024010707,59444,01/07/2024,5110,WAS,1200,DAL,visitor,4,4.577731882513236,ODI118654,00-0036942,1200,Osa Odighizuwa,O.Odighizuwa,DT,https://static.www.nfl.com/image/private/{formatInstructions}/league/l6baz1fnywtp18wcydrd,97,0,0,0,0,13,3.547153256177319
2023,REG,18,2024010708,59437,01/07/2024,2520,LV,1400,DEN,home,1,4.577731882513236,CRO371007,00-0034973,2520,Maxx Crosby,M.Crosby,DE,https://static.www.nfl.com/image/private/{formatInstructions}/league/ryx2ur9vl647z34ltt2q,98,2,0,1,0,32,4.257105102827714
2023,REG,18,2024010708,59437,01/07/2024,2520,LV,1400,DEN,home,2,4.577731882513236,KOO195832,00-0036989,2520,Malcolm Koonce,M.Koonce,DE,https://static.www.nfl.com/image/private/{formatInstructions}/league/nvgan7b6roodcugsa9iy,51,2,0,1,0,27,2.8710217612561113
2023,REG,18,2024010708,59437,01/07/2024,2520,LV,1400,DEN,home,3,4.577731882513236,BUT106408,00-0033381,2520,Adam Butler,A.Butler,DT,https://static.www.nfl.com/image/private/{formatInstructions}/league/ijlj4afpy1na9i9hxfvc,69,1,1,1,0,21,5.021218327110479
2023,REG,18,2024010708,59437,01/07/2024,2520,LV,1400,DEN,home,4,4.577731882513236,WIL806943,00-0038541,2520,Tyree Wilson,T.Wilson,DE,https://static.www.nfl.com/image/private/{formatInstructions}/league/xep4qycckzwyglne5cfc,9,1,0,1,0,17,4.599001290138748
2023,REG,18,2024010708,59437,01/07/2024,2520,LV,1400,DEN,visitor,1,4.577731882513236,ALL656181,00-0035248,1400,Zach Allen,Z.Allen,DE,https://static.www.nfl.com/image/private/{formatInstructions}/league/jbqsgpcisn8px60ab3xf,99,1,5,0,0,27,4.472423162363298
2023,REG,18,2024010708,59437,01/07/2024,2520,LV,1400,DEN,visitor,2,4.577731882513236,BRO806290,00-0036995,1400,Baron Browning,B.Browning,ILB,https://static.www.nfl.com/image/private/{formatInstructions}/league/xfkd9rhl1tun2nwvor6n,56,2,0,1,0,24,4.61010985970745
2023,REG,18,2024010708,59437,01/07/2024,2520,LV,1400,DEN,visitor,3,4.577731882513236,COO617139,00-0036952,1400,Jonathon Cooper,J.Cooper,OLB,https://static.www.nfl.com/image/private/{formatInstructions}/league/dvuos7qbtpi5jmo41sry,0,0,2,0,0,23,4.323846660032134
2023,REG,18,2024010708,59437,01/07/2024,2520,LV,1400,DEN,visitor,4,4.577731882513236,JON230048,00-0033297,1400,D.J. Jones,D.Jones,NT,https://static.www.nfl.com/image/private/{formatInstructions}/league/n3bcrpe6uvhwtp43aphs,93,3,1,0,0,16,6.098907595230283
2023,REG,18,2024010709,59436,01/07/2024,4400,LAC,2310,KC,home,1,4.577731882513236,MAC325122,00-0031040,4400,Khalil Mack,K.Mack,DE,https://static.www.nfl.com/image/private/{formatInstructions}/league/hkxmcpv1vobtydr4yt7n,52,5,0,1,0,21,4.15505632675242
2023,REG,18,2024010709,59436,01/07/2024,4400,LAC,2310,KC,home,2,4.577731882513236,TUI720077,00-0039111,4400,Tuli Tuipulotu,T.Tuipulotu,DE,https://static.www.nfl.com/image/private/{formatInstructions}/league/wdiuxzxcsalogxhdxdec,45,2,3,0,0,20,4.742881808682075
2023,REG,18,2024010709,59436,01/07/2024,4400,LAC,2310,KC,home,3,4.577731882513236,FOX250058,00-0032671,4400,Morgan Fox,M.Fox,DT,https://static.www.nfl.com/image/private/{formatInstructions}/league/qvo06vbj0iivq9xntc1c,56,1,1,0,0,15,4.045405423825271
2023,REG,18,2024010709,59436,01/07/2024,4400,LAC,2310,KC,home,4,4.577731882513236,FAR213936,00-0038865,4400,Andrew Farmer,A.Farmer,OLB,,92,0,0,0,0,14,4.594048455003496
2023,REG,18,2024010709,59436,01/07/2024,4400,LAC,2310,KC,visitor,1,4.577731882513236,ANU415291,00-0039006,2310,Felix Anudike-Uzomah,F.Anudike-Uzomah,DE,https://static.www.nfl.com/image/private/{formatInstructions}/league/gb4f5df4ligovpbk76r0,97,3,0,0,0,31,4.314433715378778
2023,REG,18,2024010709,59436,01/07/2024,4400,LAC,2310,KC,visitor,2,4.577731882513236,HER564752,00-0036682,2310,Malik Herring,M.Herring,DE,https://static.www.nfl.com/image/private/{formatInstructions}/league/lu7zz4kgzwu4gsyzld6b,94,5,0,1,1,30,4.700548212331366
2023,REG,18,2024010709,59436,01/07/2024,4400,LAC,2310,KC,visitor,3,4.577731882513236,WHA652597,00-0035890,2310,Tershawn Wharton,T.Wharton,DT,https://static.www.nfl.com/image/private/{formatInstructions}/league/pbuynfvzq7bojcivxbba,98,0,2,0,0,29,4.589016877572412
2023,REG,18,2024010709,59436,01/07/2024,4400,LAC,2310,KC,visitor,4,4.577731882513236,JON162595,00-0032762,2310,Chris Jones,C.Jones,DT,https://static.www.nfl.com/image/private/{formatInstructions}/league/tzeyeldnaaxjsg4beczj,95,1,0,1,0,26,3.4989244818663447
2023,REG,18,2024010710,59442,01/07/2024,4500,SF,2510,LA,home,1,4.577731882513236,YOU146550,00-0036321,4500,Chase Young,C.Young,DE,https://static.www.nfl.com/image/upload/{formatInstructions}/league/wphck1ysaeehkmsgxopb,92,1,1,0,0,19,4.9244076518019515
2023,REG,18,2024010710,59442,01/07/2024,4500,SF,2510,LA,home,2,4.577731882513236,GIV245959,00-0035026,4500,Kevin Givens,K.Givens,DT,https://static.www.nfl.com/image/private/{formatInstructions}/league/yzm0o9ogkxwef58ni6ij,90,2,1,0,0,16,4.533996188808182
2023,REG,18,2024010710,59442,01/07/2024,4500,SF,2510,LA,home,3,4.577731882513236,KIN708236,00-0036260,4500,Javon Kinlaw,J.Kinlaw,DT,https://static.www.nfl.com/image/private/{formatInstructions}/league/lwpjojsgfbi7ipmfbigq,99,1,1,0,0,12,3.932369484478366
2023,REG,18,2024010710,59442,01/07/2024,4500,SF,2510,LA,home,4,4.577731882513236,GRE789590,00-0032197,4500,Randy Gregory,R.Gregory,OLB,https://static.www.nfl.com/image/private/{formatInstructions}/league/ntzrq0dmsyep6qjsdrjp,5,1,0,0,0,11,4.80147260709912
2023,REG,18,2024010710,59442,01/07/2024,4500,SF,2510,LA,visitor,1,4.577731882513236,YOU127040,00-0039137,2510,Byron Young,B.Young,OLB,https://static.www.nfl.com/image/private/{formatInstructions}/league/bdfvfh0776dv0sn447pq,0,1,0,1,0,18,3.690042579262712
2023,REG,18,2024010710,59442,01/07/2024,4500,SF,2510,LA,visitor,2,4.577731882513236,TUR561805,00-0039138,2510,Kobie Turner,K.Turner,NT,https://static.www.nfl.com/image/private/{formatInstructions}/league/ouhisfkb6jyedo6jj0m4,91,0,0,0,0,17,3.880381431524507
2023,REG,18,2024010710,59442,01/07/2024,4500,SF,2510,LA,visitor,3,4.577731882513236,HOE044723,00-0035933,2510,Michael Hoecht,M.Hoecht,OLB,https://static.www.nfl.com/image/private/{formatInstructions}/league/ufxnrf3mqht5ijy0ln2i,97,4,1,1,0,15,4.413359185442887
2023,REG,18,2024010710,59442,01/07/2024,4500,SF,2510,LA,visitor,4,4.577731882513236,WIL385174,00-0035944,2510,Jonah Williams,J.Williams,DE,https://static.www.nfl.com/image/private/{formatInstructions}/league/fqj4ojziiq1vjjwwnens,92,1,3,0,0,12,4.080307793578081
2023,REG,18,2024010711,59441,01/07/2024,3410,NYG,3700,PHI,home,1,4.577731882513236,THI172866,00-0037611,3410,Kayvon Thibodeaux,K.Thibodeaux,OLB,https://static.www.nfl.com/image/private/{formatInstructions}/league/ssdyrj5nmrcos9zv1e4d,5,3,0,0,0,20,4.172955373800922
2023,REG,18,2024010711,59441,01/07/2024,3410,NYG,3700,PHI,home,2,4.577731882513236,OJU415291,00-0036552,3410,Azeez Ojulari,A.Ojulari,DE,https://static.www.nfl.com/image/private/{formatInstructions}/league/k41l7r8hicknnv9bu59h,51,4,0,2,0,19,4.371070463377679
2023,REG,18,2024010711,59441,01/07/2024,3410,NYG,3700,PHI,home,3,4.577731882513236,WAR208421,00-0033046,3410,Jihad Ward,J.Ward,DE,https://static.www.nfl.com/image/private/{formatInstructions}/league/woivzfnzublubulaiox1,55,1,0,1,1,17,5.077084248565818
2023,REG,18,2024010711,59441,01/07/2024,3410,NYG,3700,PHI,home,4,4.577731882513236,LAW288048,00-0035683,3410,Dexter Lawrence,D.Lawrence,NT,https://static.www.nfl.com/image/private/{formatInstructions}/league/mq1gfsw7gfz3jithkivb,97,0,1,0,0,15,4.4922558172695455
2023,REG,18,2024010711,59441,01/07/2024,3410,NYG,3700,PHI,visitor,1,4.577731882513236,CAR656628,00-0038386,3700,Jalen Carter,J.Carter,DT,https://static.www.nfl.com/image/private/{formatInstructions}/league/l1xdbx3qtrtbv6scixbn,98,2,1,0,0,17,4.214396542775923
2023,REG,18,2024010711,59441,01/07/2024,3410,NYG,3700,PHI,visitor,2,4.577731882513236,GRA130064,00-0027865,3700,Brandon Graham,B.Graham,DE,https://static.www.nfl.com/image/private/{formatInstructions}/league/ogxwi9noblocegtybrct,55,0,0,0,0,15,3.773269860630003
2023,REG,18,2024010711,59441,01/07/2024,3410,NYG,3700,PHI,visitor,3,4.577731882513236,OJO426541,00-0038412,3700,Moro Ojomo,M.Ojomo,DT,https://static.www.nfl.com/image/private/{formatInstructions}/league/z2j1cp2hvwflkik9ovvl,72,1,1,0,0,15,4.415594053850969
2023,REG,18,2024010711,59441,01/07/2024,3410,NYG,3700,PHI,visitor,4,4.577731882513236,RED324095,00-0033875,3700,Haason Reddick,H.Reddick,OLB,https://static.www.nfl.com/image/private/{formatInstructions}/league/qqfxdnlmmyzbh27lmxgi,7,1,0,0,0,13,4.171496018933377
2023,REG,18,2024010712,59429,01/07/2024,3800,ARI,4600,SEA,home,1,4.577731882513236,COL712276,00-0036933,3800,Zaven Collins,Z.Collins,OLB,https://static.www.nfl.com/image/private/{formatInstructions}/league/vrcmqlsrh8zwppjce3z6,25,3,0,0,0,18,4.268232940795037
2023,REG,18,2024010712,59429,01/07/2024,3800,ARI,4600,SEA,home,2,4.577731882513236,OJU426541,00-0039155,3800,B.J. Ojulari,B.Ojulari,OLB,https://static.www.nfl.com/image/private/{formatInstructions}/league/drsorhqyj7le5urztdvm,18,4,1,0,0,16,4.192377772199027
2023,REG,18,2024010712,59429,01/07/2024,3800,ARI,4600,SEA,home,3,4.577731882513236,HOS205770,00-0036576,3800,Phil Hoskins,P.Hoskins,DT,https://static.www.nfl.com/image/private/{formatInstructions}/league/mpmyrakg7a0tqv6zrd1h,79,0,1,0,0,14,4.806652995353163
2023,REG,18,2024010712,59429,01/07/2024,3800,ARI,4600,SEA,home,4,4.577731882513236,LOP508807,00-0036568,3800,Roy Lopez,R.Lopez,DT,https://static.www.nfl.com/image/upload/{formatInstructions}/league/qegqjyaah6tv5xeag5xw,98,1,0,0,0,13,4.36447232602864
2023,REG,18,2024010712,59429,01/07/2024,3800,ARI,4600,SEA,visitor,1,4.577731882513236,WIL426411,00-0031933,4600,Leonard Williams,L.Williams,DT,https://static.www.nfl.com/image/upload/{formatInstructions}/league/j9yrlxnwf68mxethz6sc,99,2,5,0,0,21,4.123021852471864
2023,REG,18,2024010712,59429,01/07/2024,3800,ARI,4600,SEA,visitor,2,4.577731882513236,JON263738,00-0035678,4600,Dre'Mont Jones,D.Jones,DE,https://static.www.nfl.com/image/private/{formatInstructions}/league/jtymiyxibjaktdm0h9by,55,2,3,0,0,21,4.315154774848584
2023,REG,18,2024010712,59429,01/07/2024,3800,ARI,4600,SEA,visitor,3,4.577731882513236,MAF415291,00-0038133,4600,Boye Mafe,B.Mafe,OLB,https://static.www.nfl.com/image/private/{formatInstructions}/league/sqtz8e4f9ccfhioap0qp,53,1,2,0,0,18,4.507300098138111
2023,REG,18,2024010712,59429,01/07/2024,3800,ARI,4600,SEA,visitor,4,4.577731882513236,TAY146193,00-0036413,4600,Darrell Taylor,D.Taylor,OLB,https://static.www.nfl.com/image/private/{formatInstructions}/league/rrrbcen1jk8j6fktbxnr,52,2,2,1,0,13,3.9718348126344143
2023,REG,18,2024010713,59438,01/07/2024,2700,MIA,0610,BUF,home,1,4.577731882513236,WIL081088,00-0035231,2700,Christian Wilkins,C.Wilkins,DE,https://static.www.nfl.com/image/private/{formatInstructions}/league/yngx6poa67gosj2oiwk1,94,5,0,1,1,33,4.590287771439996
2023,REG,18,2024010713,59438,01/07/2024,2700,MIA,0610,BUF,home,2,4.577731882513236,SIE410345,00-0034285,2700,Zach Sieler,Z.Sieler,DE,https://static.www.nfl.com/image/private/{formatInstructions}/league/me66zdnhvswxahqsvlrn,92,2,5,0,0,30,5.5973991128377865
2023,REG,18,2024010713,59438,01/07/2024,2700,MIA,0610,BUF,home,3,4.577731882513236,OGB059326,00-0033073,2700,Emmanuel Ogbah,E.Ogbah,DE,https://static.www.nfl.com/image/private/{formatInstructions}/league/ch8e3xqiavbj85qnmypm,91,1,3,0,0,19,5.446324360103572
2023,REG,18,2024010713,59438,01/07/2024,2700,MIA,0610,BUF,home,4,4.577731882513236,ING667979,00-0029249,2700,Melvin Ingram,M.Ingram,OLB,https://static.www.nfl.com/image/private/{formatInstructions}/league/kbnd1mhegpg4n5kj7rac,9,4,1,1,0,17,4.191345769728348
2023,REG,18,2024010713,59438,01/07/2024,2700,MIA,0610,BUF,visitor,1,4.577731882513236,OLI290385,00-0035230,0610,Ed Oliver,E.Oliver,DT,https://static.www.nfl.com/image/private/{formatInstructions}/league/e2nyrgwol6dnvxotljae,91,1,0,0,0,22,4.8383165392855805
2023,REG,18,2024010713,59438,01/07/2024,2700,MIA,0610,BUF,visitor,2,4.577731882513236,FLO758060,00-0033072,0610,Leonard Floyd,L.Floyd,DE,https://static.www.nfl.com/image/private/{formatInstructions}/league/mmexfoamcspblwripdan,56,0,1,0,0,18,4.857373591286971
2023,REG,18,2024010713,59438,01/07/2024,2700,MIA,0610,BUF,visitor,3,4.577731882513236,ROU617685,00-0036914,0610,Gregory Rousseau,G.Rousseau,DE,https://static.www.nfl.com/image/private/{formatInstructions}/league/insb9f4qznbgcfyreogp,50,1,0,0,0,18,4.679283950994925
2023,REG,18,2024010713,59438,01/07/2024,2700,MIA,0610,BUF,visitor,4,4.577731882513236,JON200565,00-0031054,0610,DaQuan Jones,D.Jones,DT,https://static.www.nfl.com/image/private/{formatInstructions}/league/eu9welnxn0w9otfxkz0k,92,2,2,0,0,14,4.617577587009172
2023,POST,19,2024011300,59494,01/13/2024,2120,HOU,1050,CLE,home,1,4.577731882513236,COL633184,00-0033131,2120,Maliek Collins,M.Collins,DT,https://static.www.nfl.com/image/private/{formatInstructions}/league/y9hbtlxivjzgaassmpwt,96,1,0,0,0,30,4.769574858582713
2023,POST,19,2024011300,59494,01/13/2024,2120,HOU,1050,CLE,home,2,4.577731882513236,BAR405176,00-0033876,2120,Derek Barnett,D.Barnett,DE,https://static.www.nfl.com/image/private/{formatInstructions}/league/pmqbfyiuht0rhldyckie,95,1,1,1,0,28,4.2471332052511945
2023,POST,19,2024011300,59494,01/13/2024,2120,HOU,1050,CLE,home,3,4.577731882513236,AND627364,00-0039108,2120,Will Anderson Jr.,W.Anderson,DE,https://static.www.nfl.com/image/private/{formatInstructions}/league/ip0s1uogbdsiwpmx9fd8,51,2,1,1,0,27,3.2729111285282135
2023,POST,19,2024011300,59494,01/13/2024,2120,HOU,1050,CLE,home,4,4.577731882513236,SAN414183,00-0037751,2120,Myjai Sanders,M.Sanders,OLB,https://static.www.nfl.com/image/private/{formatInstructions}/league/kqcipv8nfxk2lzkmiocj,41,0,0,0,0,25,4.77801821243191
2023,POST,19,2024011300,59494,01/13/2024,2120,HOU,1050,CLE,visitor,1,4.577731882513236,GAR528896,00-0033868,1050,Myles Garrett,M.Garrett,DE,https://static.www.nfl.com/image/private/{formatInstructions}/league/y33rmtjxhgil7cjcftlc,95,2,1,0,0,16,4.208142784111637
2023,POST,19,2024011300,59494,01/13/2024,2120,HOU,1050,CLE,visitor,2,4.577731882513236,TOM676763,00-0033546,1050,Dalvin Tomlinson,D.Tomlinson,DT,https://static.www.nfl.com/image/upload/{formatInstructions}/league/amm1zzozebf82214h0eg,94,1,2,0,0,12,4.536108399435313
2023,POST,19,2024011300,59494,01/13/2024,2120,HOU,1050,CLE,visitor,3,4.577731882513236,SMI827086,00-0031576,1050,Za'Darius Smith,Z.Smith,DE,https://static.www.nfl.com/image/upload/{formatInstructions}/league/nwkviymnel224ydqhmgq,99,0,1,0,0,10,5.0263300487580285
2023,POST,19,2024011300,59494,01/13/2024,2120,HOU,1050,CLE,visitor,4,4.577731882513236,HAR536152,00-0031270,1050,Shelby Harris,S.Harris,DT,https://static.www.nfl.com/image/upload/{formatInstructions}/league/lppu8txhvbs0h7ftxswg,93,1,1,0,0,9,4.590012190211351
2023,POST,19,2024011301,59495,01/13/2024,2310,KC,2700,MIA,home,1,4.577731882513236,OME565785,00-0035279,2310,Charles Omenihu,C.Omenihu,DE,https://static.www.nfl.com/image/private/{formatInstructions}/league/n7hyavaepvuienrmh9bi,90,0,1,0,0,26,4.371806701422448
2023,POST,19,2024011301,59495,01/13/2024,2310,KC,2700,MIA,home,2,4.577731882513236,JON162595,00-0032762,2310,Chris Jones,C.Jones,DT,https://static.www.nfl.com/image/private/{formatInstructions}/league/tzeyeldnaaxjsg4beczj,95,0,1,0,0,25,4.277319402036663
2023,POST,19,2024011301,59495,01/13/2024,2310,KC,2700,MIA,home,3,4.577731882513236,DAN721566,00-0036378,2310,Michael Danna,M.Danna,DE,https://static.www.nfl.com/image/private/{formatInstructions}/league/oiywq8es1rm2rjnpbouw,51,0,1,0,0,25,4.550667443110848
2023,POST,19,2024011301,59495,01/13/2024,2310,KC,2700,MIA,home,4,4.577731882513236,KAR303382,00-0037192,2310,George Karlaftis,G.Karlaftis,DE,https://static.www.nfl.com/image/private/{formatInstructions}/league/kwmi9hcgixedzkqo0hd9,56,3,3,1,0,25,5.36478164289732
2023,POST,19,2024011301,59495,01/13/2024,2310,KC,2700,MIA,visitor,1,4.577731882513236,WIL081088,00-0035231,2700,Christian Wilkins,C.Wilkins,DE,https://static.www.nfl.com/image/private/{formatInstructions}/league/yngx6poa67gosj2oiwk1,94,0,3,0,0,35,5.337877729927971
2023,POST,19,2024011301,59495,01/13/2024,2310,KC,2700,MIA,visitor,2,4.577731882513236,SIE410345,00-0034285,2700,Zach Sieler,Z.Sieler,DE,https://static.www.nfl.com/image/private/{formatInstructions}/league/me66zdnhvswxahqsvlrn,92,0,4,0,0,30,5.3560497463789005
2023,POST,19,2024011301,59495,01/13/2024,2310,KC,2700,MIA,visitor,3,4.577731882513236,OGB059326,00-0033073,2700,Emmanuel Ogbah,E.Ogbah,DE,https://static.www.nfl.com/image/private/{formatInstructions}/league/ch8e3xqiavbj85qnmypm,91,2,2,0,0,22,5.574516485593154
2023,POST,19,2024011301,59495,01/13/2024,2310,KC,2700,MIA,visitor,4,4.577731882513236,ING667979,00-0029249,2700,Melvin Ingram,M.Ingram,OLB,https://static.www.nfl.com/image/private/{formatInstructions}/league/kbnd1mhegpg4n5kj7rac,9,1,1,0,0,21,5.277928280618094
2023,POST,19,2024011401,59497,01/14/2024,1200,DAL,1800,GB,home,1,4.577731882513236,PAR753418,00-0036932,1200,Micah Parsons,M.Parsons,OLB,https://static.www.nfl.com/image/private/{formatInstructions}/league/vnasvto6q1izyolgu7db,11,1,1,0,0,14,5.148889243832784
2023,POST,19,2024011401,59497,01/14/2024,1200,DAL,1800,GB,home,2,4.577731882513236,ODI118654,00-0036942,1200,Osa Odighizuwa,O.Odighizuwa,DT,https://static.www.nfl.com/image/private/{formatInstructions}/league/l6baz1fnywtp18wcydrd,97,0,2,0,0,12,6.47387451865395
2023,POST,19,2024011401,59497,01/14/2024,1200,DAL,1800,GB,home,3,4.577731882513236,LAW282118,00-0031411,1200,Demarcus Lawrence,D.Lawrence,DE,https://static.www.nfl.com/image/private/{formatInstructions}/league/zqkya3dftem6ykdpsjem,90,1,3,0,0,10,6.177361350309708
2023,POST,19,2024011401,59497,01/14/2024,1200,DAL,1800,GB,home,4,4.577731882513236,HAN169902,00-0030063,1200,Johnathan Hankins,J.Hankins,DT,https://static.www.nfl.com/image/private/{formatInstructions}/league/oo876ldvyo6xyaxy9wn7,95,1,3,0,0,7,7.249615629368567
2023,POST,19,2024011401,59497,01/14/2024,1200,DAL,1800,GB,visitor,1,4.577731882513236,WYA279831,00-0037075,1800,Devonte Wyatt,D.Wyatt,DE,https://static.www.nfl.com/image/private/{formatInstructions}/league/jqnqdhhwbfkp8idpe4c5,95,1,0,0,0,32,4.545413912887194
2023,POST,19,2024011401,59497,01/14/2024,1200,DAL,1800,GB,visitor,2,4.577731882513236,SMI576520,00-0031935,1800,Preston Smith,P.Smith,OLB,https://static.www.nfl.com/image/private/{formatInstructions}/league/pohwua1xxcajtggbemhr,91,1,0,1,0,29,4.6404491219851005
2023,POST,19,2024011401,59497,01/14/2024,1200,DAL,1800,GB,visitor,3,4.577731882513236,VAN639767,00-0039112,1800,Lukas Van Ness,L.Van Ness,OLB,https://static.www.nfl.com/image/private/{formatInstructions}/league/ssoaiw0yh7lcoui0pyko,90,2,1,1,0,29,4.09385349015076
2023,POST,19,2024011401,59497,01/14/2024,1200,DAL,1800,GB,visitor,4,4.577731882513236,ENA040912,00-0037083,1800,Kingsley Enagbare,K.Enagbare,OLB,https://static.www.nfl.com/image/private/{formatInstructions}/league/kddda5mwycbataolsnm4,55,1,0,0,0,25,3.815569015703818
2023,POST,19,2024011402,59498,01/14/2024,1540,DET,2510,LA,home,1,4.577731882513236,MCN611247,00-0036624,1540,Alim McNeill,A.McNeill,DT,https://static.www.nfl.com/image/private/{formatInstructions}/league/hrqtcha6t35jwvoswc1k,54,0,1,0,0,28,4.828323456598204
2023,POST,19,2024011402,59498,01/14/2024,1540,DET,2510,LA,home,2,4.577731882513236,PAS068486,00-0038096,1540,Joshua Paschal,J.Paschal,DE,https://static.www.nfl.com/image/private/{formatInstructions}/league/ivkpwgpcixlvfbpzurab,93,1,0,0,0,26,4.886920309874832
2023,POST,19,2024011402,59498,01/14/2024,1540,DET,2510,LA,home,3,4.577731882513236,HUT099869,00-0037236,1540,Aidan Hutchinson,A.Hutchinson,DE,https://static.www.nfl.com/image/private/{formatInstructions}/league/zywrtjyja5l8efay1six,97,4,2,2,0,21,3.810358944083446
2023,POST,19,2024011402,59498,01/14/2024,1540,DET,2510,LA,home,4,4.577731882513236,OKW059326,00-0032655,1540,Romeo Okwara,R.Okwara,DE,https://static.www.nfl.com/image/private/{formatInstructions}/league/rkasbg8asew3pyozpkcu,95,0,0,0,0,20,5.431909684985455
2023,POST,19,2024011402,59498,01/14/2024,1540,DET,2510,LA,visitor,1,4.577731882513236,DON134977,00-0031388,2510,Aaron Donald,A.Donald,DT,https://static.www.nfl.com/image/private/{formatInstructions}/league/gou42dathlyc1rfn4pga,99,1,2,0,0,24,4.197668134721324
2023,POST,19,2024011402,59498,01/14/2024,1540,DET,2510,LA,visitor,2,4.577731882513236,TUR561805,00-0039138,2510,Kobie Turner,K.Turner,NT,https://static.www.nfl.com/image/private/{formatInstructions}/league/ouhisfkb6jyedo6jj0m4,91,0,1,0,0,20,4.003289453333605
2023,POST,19,2024011402,59498,01/14/2024,1540,DET,2510,LA,visitor,3,4.577731882513236,YOU127040,00-0039137,2510,Byron Young,B.Young,OLB,https://static.www.nfl.com/image/private/{formatInstructions}/league/bdfvfh0776dv0sn447pq,0,3,0,0,0,18,4.157983131434296
2023,POST,19,2024011402,59498,01/14/2024,1540,DET,2510,LA,visitor,4,4.577731882513236,WIL385174,00-0035944,2510,Jonah Williams,J.Williams,DE,https://static.www.nfl.com/image/private/{formatInstructions}/league/fqj4ojziiq1vjjwwnens,92,2,1,0,0,15,5.164973407640634
2023,POST,19,2024011500,59499,01/15/2024,4900,TB,3700,PHI,home,1,4.577731882513236,KAN046143,00-0039063,4900,Calijah Kancey,C.Kancey,DE,https://static.www.nfl.com/image/private/{formatInstructions}/league/tmd2noaeemowsnshtzsn,94,3,1,0,0,21,4.879236458098976
2023,POST,19,2024011500,59499,01/15/2024,4900,TB,3700,PHI,home,2,4.577731882513236,VEA065410,00-0034773,4900,Vita Vea,V.Vea,NT,https://static.www.nfl.com/image/private/{formatInstructions}/league/e3pgjmrbpteyzrcpkxap,50,1,1,0,0,16,4.197176969651908
2023,POST,19,2024011500,59499,01/15/2024,4900,TB,3700,PHI,home,3,4.577731882513236,BAR645290,00-0031101,4900,Shaquil Barrett,S.Barrett,OLB,https://static.www.nfl.com/image/private/{formatInstructions}/league/eiilfj6qiri4n9xrclwe,7,0,0,0,0,14,4.135359726234844
2023,POST,19,2024011500,59499,01/15/2024,4900,TB,3700,PHI,home,4,4.577731882513236,DIA051911,00-0039068,4900,YaYa Diaby,Y.Diaby,OLB,https://static.www.nfl.com/image/private/{formatInstructions}/league/phwg0z0vnkcqpiakw5ut,0,1,0,0,0,13,5.071496311036828
2023,POST,19,2024011500,59499,01/15/2024,4900,TB,3700,PHI,visitor,1,4.577731882513236,SWE031587,00-0034381,3700,Josh Sweat,J.Sweat,DE,https://static.www.nfl.com/image/private/{formatInstructions}/league/r8tbgqchezlbyykxvloz,94,3,1,1,0,27,4.4986916661572725
2023,POST,19,2024011500,59499,01/15/2024,4900,TB,3700,PHI,visitor,2,4.577731882513236,COX200177,00-0029653,3700,Fletcher Cox,F.Cox,DT,https://static.www.nfl.com/image/private/{formatInstructions}/league/guiegvu50wdv6lzspebo,91,0,2,0,0,24,4.099333444215437
2023,POST,19,2024011500,59499,01/15/2024,4900,TB,3700,PHI,visitor,3,4.577731882513236,RED324095,00-0033875,3700,Haason Reddick,H.Reddick,OLB,https://static.www.nfl.com/image/private/{formatInstructions}/league/qqfxdnlmmyzbh27lmxgi,7,0,1,0,0,24,4.602786977270418
2023,POST,19,2024011500,59499,01/15/2024,4900,TB,3700,PHI,visitor,4,4.577731882513236,DAV487265,00-0037073,3700,Jordan Davis,J.Davis,DT,https://static.www.nfl.com/image/private/{formatInstructions}/league/woqb6yohpkcydp989ed2,90,1,1,0,0,19,4.905742760977852
2023,POST,19,2024011501,59496,01/15/2024,0610,BUF,3900,PIT,home,1,4.577731882513236,ROU617685,00-0036914,0610,Gregory Rousseau,G.Rousseau,DE,https://static.www.nfl.com/image/private/{formatInstructions}/league/insb9f4qznbgcfyreogp,50,2,2,1,0,25,4.196899130270311
2023,POST,19,2024011501,59496,01/15/2024,0610,BUF,3900,PIT,home,2,4.577731882513236,OLI290385,00-0035230,0610,Ed Oliver,E.Oliver,DT,https://static.www.nfl.com/image/private/{formatInstructions}/league/e2nyrgwol6dnvxotljae,91,1,0,0,0,24,3.461599473288778
2023,POST,19,2024011501,59496,01/15/2024,0610,BUF,3900,PIT,home,3,4.577731882513236,FLO758060,00-0033072,0610,Leonard Floyd,L.Floyd,DE,https://static.www.nfl.com/image/private/{formatInstructions}/league/mmexfoamcspblwripdan,56,1,3,0,0,20,4.292230264319156
2023,POST,19,2024011501,59496,01/15/2024,0610,BUF,3900,PIT,home,4,4.577731882513236,JON200565,00-0031054,0610,DaQuan Jones,D.Jones,DT,https://static.www.nfl.com/image/private/{formatInstructions}/league/eu9welnxn0w9otfxkz0k,92,0,2,0,0,16,3.599743977352455
2023,POST,19,2024011501,59496,01/15/2024,0610,BUF,3900,PIT,visitor,1,4.577731882513236,HIG595832,00-0036333,3900,Alex Highsmith,A.Highsmith,OLB,https://static.www.nfl.com/image/private/{formatInstructions}/league/xovqquaydxhhxbsiumfu,56,2,1,1,0,28,4.2768878999311415
2023,POST,19,2024011501,59496,01/15/2024,0610,BUF,3900,PIT,visitor,2,4.577731882513236,GOL067489,00-0032127,3900,Markus Golden,M.Golden,OLB,https://static.www.nfl.com/image/upload/{formatInstructions}/league/nardbsqj0aigwn7tm8g1,44,2,1,1,0,26,5.750689511620411
2023,POST,19,2024011501,59496,01/15/2024,0610,BUF,3900,PIT,visitor,3,4.577731882513236,HEY271611,00-0027969,3900,Cameron Heyward,C.Heyward,DT,https://static.www.nfl.com/image/private/{formatInstructions}/league/id93znqysop97rwpm6f1,97,4,2,0,0,25,4.643963780054807
2023,POST,19,2024011501,59496,01/15/2024,0610,BUF,3900,PIT,visitor,4,4.577731882513236,OGU431455,00-0033905,3900,Larry Ogunjobi,L.Ogunjobi,DT,https://static.www.nfl.com/image/private/{formatInstructions}/league/lwy0ylpaxchvs61rbkjk,99,2,3,0,0,19,4.584902222030169
2023,POST,20,2024012000,59500,01/20/2024,0325,BAL,2120,HOU,home,1,4.577731882513236,CLO535848,00-0031364,0325,Jadeveon Clowney,J.Clowney,OLB,https://static.www.nfl.com/image/upload/{formatInstructions}/league/mukpprygzswqdoluyqqm,24,1,1,0,0,13,4.693796008698706
2023,POST,20,2024012000,59500,01/20/2024,0325,BAL,2120,HOU,home,2,4.577731882513236,MAD784440,00-0036130,0325,Justin Madubuike,J.Madubuike,DT,https://static.www.nfl.com/image/private/{formatInstructions}/league/tvitcjl2ahtfjqogd2rx,92,2,1,0,0,13,4.66527021307253
2023,POST,20,2024012000,59500,01/20/2024,0325,BAL,2120,HOU,home,3,4.577731882513236,JON768782,00-0037756,0325,Travis Jones,T.Jones,DT,https://static.www.nfl.com/image/private/{formatInstructions}/league/a2phaj6ysjsplrh7h8lf,98,1,0,0,0,13,5.717499893681476
2023,POST,20,2024012000,59500,01/20/2024,0325,BAL,2120,HOU,home,4,4.577731882513236,VAN656604,00-0031360,0325,Kyle Van Noy,K.Van Noy,OLB,https://static.www.nfl.com/image/upload/{formatInstructions}/league/gsxm5hxkhupxufs1iopx,50,1,0,0,0,11,5.136963666475283
2023,POST,20,2024012000,59500,01/20/2024,0325,BAL,2120,HOU,visitor,1,4.577731882513236,GRE397948,00-0036224,2120,Jonathan Greenard,J.Greenard,DE,https://static.www.nfl.com/image/private/{formatInstructions}/league/mgn1hyalnf83cwhn7iwo,52,4,1,0,0,15,5.199802492833828
2023,POST,20,2024012000,59500,01/20/2024,0325,BAL,2120,HOU,visitor,2,4.577731882513236,RAN676464,00-0032759,2120,Sheldon Rankins,S.Rankins,DT,https://static.www.nfl.com/image/upload/{formatInstructions}/league/aswns7v3cwkuupnlpdn8,98,3,0,0,0,11,4.944013556535331
2023,POST,20,2024012000,59500,01/20/2024,0325,BAL,2120,HOU,visitor,3,4.577731882513236,COL633184,00-0033131,2120,Maliek Collins,M.Collins,DT,https://static.www.nfl.com/image/private/{formatInstructions}/league/y9hbtlxivjzgaassmpwt,96,1,0,0,0,11,4.706944073591459
2023,POST,20,2024012000,59500,01/20/2024,0325,BAL,2120,HOU,visitor,4,4.577731882513236,BAR405176,00-0033876,2120,Derek Barnett,D.Barnett,DE,https://static.www.nfl.com/image/private/{formatInstructions}/league/pmqbfyiuht0rhldyckie,95,2,3,0,0,11,4.325434385230285
2023,POST,20,2024012001,59501,01/20/2024,4500,SF,1800,GB,home,1,4.577731882513236,BOS073285,00-0035717,4500,Nick Bosa,N.Bosa,DE,https://static.www.nfl.com/image/private/{formatInstructions}/league/pzdj8ys2wqjc92hafziy,97,2,1,0,0,25,4.421056422968561
2023,POST,20,2024012001,59501,01/20/2024,4500,SF,1800,GB,home,2,4.577731882513236,HAR143881,00-0033109,4500,Javon Hargrave,J.Hargrave,DT,https://static.www.nfl.com/image/upload/{formatInstructions}/league/pdetr7dthycxo4hgcox9,98,0,0,0,0,18,4.370280435107866
2023,POST,20,2024012001,59501,01/20/2024,4500,SF,1800,GB,home,3,4.577731882513236,ARM057964,00-0032164,4500,Arik Armstead,A.Armstead,DT,https://static.www.nfl.com/image/private/{formatInstructions}/league/pfagislv7uhsnwi7pviu,91,1,2,0,0,17,3.931172986046807
2023,POST,20,2024012001,59501,01/20/2024,4500,SF,1800,GB,home,4,4.577731882513236,YOU146550,00-0036321,4500,Chase Young,C.Young,DE,https://static.www.nfl.com/image/upload/{formatInstructions}/league/wphck1ysaeehkmsgxopb,92,2,1,0,0,16,4.225906230607202
2023,POST,20,2024012001,59501,01/20/2024,4500,SF,1800,GB,visitor,1,4.577731882513236,CLA409251,00-0033120,1800,Kenny Clark,K.Clark,DE,https://static.www.nfl.com/image/private/{formatInstructions}/league/xehidvio5jubhvwgsklr,97,2,3,0,0,29,4.005272872791052
2023,POST,20,2024012001,59501,01/20/2024,4500,SF,1800,GB,visitor,2,4.577731882513236,GAR766759,00-0034967,1800,Rashan Gary,R.Gary,OLB,https://static.www.nfl.com/image/private/{formatInstructions}/league/t4clz4xe8sfxszmvohfo,52,0,4,0,0,24,3.7788498068526533
2023,POST,20,2024012001,59501,01/20/2024,4500,SF,1800,GB,visitor,3,4.577731882513236,SMI576520,00-0031935,1800,Preston Smith,P.Smith,OLB,https://static.www.nfl.com/image/private/{formatInstructions}/league/pohwua1xxcajtggbemhr,91,1,1,0,0,23,3.433875133903301
2023,POST,20,2024012001,59501,01/20/2024,4500,SF,1800,GB,visitor,4,4.577731882513236,WYA279831,00-0037075,1800,Devonte Wyatt,D.Wyatt,DE,https://static.www.nfl.com/image/private/{formatInstructions}/league/jqnqdhhwbfkp8idpe4c5,95,1,0,0,0,20,4.267860715958946
2023,POST,20,2024012100,59502,01/21/2024,1540,DET,4900,TB,home,1,4.577731882513236,HUT099869,00-0037236,1540,Aidan Hutchinson,A.Hutchinson,DE,https://static.www.nfl.com/image/private/{formatInstructions}/league/zywrtjyja5l8efay1six,97,4,0,1,0,30,4.312266175758378
2023,POST,20,2024012100,59502,01/21/2024,1540,DET,4900,TB,home,2,4.577731882513236,OKW059326,00-0032655,1540,Romeo Okwara,R.Okwara,DE,https://static.www.nfl.com/image/private/{formatInstructions}/league/rkasbg8asew3pyozpkcu,95,0,0,0,0,23,4.726013037887518
2023,POST,20,2024012100,59502,01/21/2024,1540,DET,4900,TB,home,3,4.577731882513236,COM275428,00-0035265,1540,John Cominsky,J.Cominsky,DE,https://static.www.nfl.com/image/private/{formatInstructions}/league/u6asvfs4kqjcuxvvz0tl,79,1,1,0,0,23,4.9528316241562464
2023,POST,20,2024012100,59502,01/21/2024,1540,DET,4900,TB,home,4,4.577731882513236,MCN611247,00-0036624,1540,Alim McNeill,A.McNeill,DT,https://static.www.nfl.com/image/private/{formatInstructions}/league/hrqtcha6t35jwvoswc1k,54,0,1,0,0,17,4.661384922300552
2023,POST,20,2024012100,59502,01/21/2024,1540,DET,4900,TB,visitor,1,4.577731882513236,VEA065410,00-0034773,4900,Vita Vea,V.Vea,NT,https://static.www.nfl.com/image/private/{formatInstructions}/league/e3pgjmrbpteyzrcpkxap,50,1,0,0,0,29,3.591254142623374
2023,POST,20,2024012100,59502,01/21/2024,1540,DET,4900,TB,visitor,2,4.577731882513236,KAN046143,00-0039063,4900,Calijah Kancey,C.Kancey,DE,https://static.www.nfl.com/image/private/{formatInstructions}/league/tmd2noaeemowsnshtzsn,94,1,1,1,0,29,4.815158675789052
2023,POST,20,2024012100,59502,01/21/2024,1540,DET,4900,TB,visitor,3,4.577731882513236,DIA051911,00-0039068,4900,YaYa Diaby,Y.Diaby,OLB,https://static.www.nfl.com/image/private/{formatInstructions}/league/phwg0z0vnkcqpiakw5ut,0,2,1,0,0,26,4.829542710063409
2023,POST,20,2024012100,59502,01/21/2024,1540,DET,4900,TB,visitor,4,4.577731882513236,BAR645290,00-0031101,4900,Shaquil Barrett,S.Barrett,OLB,https://static.www.nfl.com/image/private/{formatInstructions}/league/eiilfj6qiri4n9xrclwe,7,0,0,0,0,23,4.563805962069579
2023,POST,20,2024012101,59503,01/21/2024,0610,BUF,2310,KC,home,1,4.577731882513236,OLI290385,00-0035230,0610,Ed Oliver,E.Oliver,DT,https://static.www.nfl.com/image/private/{formatInstructions}/league/e2nyrgwol6dnvxotljae,91,0,1,0,0,18,4.928228894540096
2023,POST,20,2024012101,59503,01/21/2024,0610,BUF,2310,KC,home,2,4.577731882513236,ROU617685,00-0036914,0610,Greg Rousseau,G.Rousseau,DE,https://static.www.nfl.com/image/private/{formatInstructions}/league/insb9f4qznbgcfyreogp,50,0,1,0,0,14,5.819536400334563
2023,POST,20,2024012101,59503,01/21/2024,0610,BUF,2310,KC,home,3,4.577731882513236,JON200565,00-0031054,0610,DaQuan Jones,D.Jones,DT,https://static.www.nfl.com/image/private/{formatInstructions}/league/eu9welnxn0w9otfxkz0k,92,0,1,0,0,13,5.550365470412337
2023,POST,20,2024012101,59503,01/21/2024,0610,BUF,2310,KC,home,4,4.577731882513236,FLO758060,00-0033072,0610,Leonard Floyd,L.Floyd,DE,https://static.www.nfl.com/image/private/{formatInstructions}/league/mmexfoamcspblwripdan,56,0,0,0,0,10,5.2847827443803235
2023,POST,20,2024012101,59503,01/21/2024,0610,BUF,2310,KC,visitor,1,4.577731882513236,KAR303382,00-0037192,2310,George Karlaftis,G.Karlaftis,DE,https://static.www.nfl.com/image/private/{formatInstructions}/league/kwmi9hcgixedzkqo0hd9,56,2,2,0,0,32,5.379320548004437
2023,POST,20,2024012101,59503,01/21/2024,0610,BUF,2310,KC,visitor,2,4.577731882513236,JON162595,00-0032762,2310,Chris Jones,C.Jones,DT,https://static.www.nfl.com/image/private/{formatInstructions}/league/tzeyeldnaaxjsg4beczj,95,2,1,0,1,29,4.681088288628973
2023,POST,20,2024012101,59503,01/21/2024,0610,BUF,2310,KC,visitor,3,4.577731882513236,OME565785,00-0035279,2310,Charles Omenihu,C.Omenihu,DE,https://static.www.nfl.com/image/private/{formatInstructions}/league/n7hyavaepvuienrmh9bi,90,0,1,0,0,19,5.695431588317572
2023,POST,20,2024012101,59503,01/21/2024,0610,BUF,2310,KC,visitor,4,4.577731882513236,DAN721566,00-0036378,2310,Michael Danna,M.Danna,DE,https://static.www.nfl.com/image/private/{formatInstructions}/league/oiywq8es1rm2rjnpbouw,51,1,0,0,0,15,5.910664337731739
2023,POST,21,2024012800,59504,01/28/2024,0325,BAL,2310,KC,home,1,4.577731882513236,CLO535848,00-0031364,0325,Jadeveon Clowney,J.Clowney,OLB,https://static.www.nfl.com/image/upload/{formatInstructions}/league/mukpprygzswqdoluyqqm,24,1,1,1,0,25,4.788934538051989
2023,POST,21,2024012800,59504,01/28/2024,0325,BAL,2310,KC,home,2,4.577731882513236,MAD784440,00-0036130,0325,Justin Madubuike,J.Madubuike,DT,https://static.www.nfl.com/image/private/{formatInstructions}/league/tvitcjl2ahtfjqogd2rx,92,2,4,0,0,23,4.536273398321787
2023,POST,21,2024012800,59504,01/28/2024,0325,BAL,2310,KC,home,3,4.577731882513236,PIE424893,00-0032574,0325,Michael Pierce,M.Pierce,NT,https://static.www.nfl.com/image/private/{formatInstructions}/league/tydggsdjwzhhl36qztc0,58,1,1,0,0,17,5.013204347134803
2023,POST,21,2024012800,59504,01/28/2024,0325,BAL,2310,KC,home,4,4.577731882513236,VAN656604,00-0031360,0325,Kyle Van Noy,K.Van Noy,OLB,https://static.www.nfl.com/image/upload/{formatInstructions}/league/gsxm5hxkhupxufs1iopx,50,2,1,0,0,16,5.181129672456333
2023,POST,21,2024012800,59504,01/28/2024,0325,BAL,2310,KC,visitor,1,4.577731882513236,JON162595,00-0032762,2310,Chris Jones,C.Jones,DT,https://static.www.nfl.com/image/private/{formatInstructions}/league/tzeyeldnaaxjsg4beczj,95,0,0,0,0,26,4.348913510378361
2023,POST,21,2024012800,59504,01/28/2024,0325,BAL,2310,KC,visitor,2,4.577731882513236,KAR303382,00-0037192,2310,George Karlaftis,G.Karlaftis,DE,https://static.www.nfl.com/image/private/{formatInstructions}/league/kwmi9hcgixedzkqo0hd9,56,3,1,1,0,25,5.244659157950749
2023,POST,21,2024012800,59504,01/28/2024,0325,BAL,2310,KC,visitor,3,4.577731882513236,WHA652597,00-0035890,2310,Tershawn Wharton,T.Wharton,DT,https://static.www.nfl.com/image/private/{formatInstructions}/league/pbuynfvzq7bojcivxbba,98,1,2,1,0,22,5.309017303637835
2023,POST,21,2024012800,59504,01/28/2024,0325,BAL,2310,KC,visitor,4,4.577731882513236,DAN721566,00-0036378,2310,Michael Danna,M.Danna,DE,https://static.www.nfl.com/image/private/{formatInstructions}/league/oiywq8es1rm2rjnpbouw,51,1,1,0,0,21,4.351660612924201
2023,POST,21,2024012801,59505,01/28/2024,4500,SF,1540,DET,home,1,4.577731882513236,BOS073285,00-0035717,4500,Nick Bosa,N.Bosa,DE,https://static.www.nfl.com/image/private/{formatInstructions}/league/pzdj8ys2wqjc92hafziy,97,3,0,2,0,34,4.081626834010328
2023,POST,21,2024012801,59505,01/28/2024,4500,SF,1540,DET,home,2,4.577731882513236,ARM057964,00-0032164,4500,Arik Armstead,A.Armstead,DT,https://static.www.nfl.com/image/private/{formatInstructions}/league/pfagislv7uhsnwi7pviu,91,0,2,0,0,27,4.3256116212910065
2023,POST,21,2024012801,59505,01/28/2024,4500,SF,1540,DET,home,3,4.577731882513236,HAR143881,00-0033109,4500,Javon Hargrave,J.Hargrave,DT,https://static.www.nfl.com/image/upload/{formatInstructions}/league/pdetr7dthycxo4hgcox9,98,1,3,0,0,27,4.170311312022231
2023,POST,21,2024012801,59505,01/28/2024,4500,SF,1540,DET,home,4,4.577731882513236,YOU146550,00-0036321,4500,Chase Young,C.Young,DE,https://static.www.nfl.com/image/upload/{formatInstructions}/league/wphck1ysaeehkmsgxopb,92,3,0,0,0,24,4.267434369244718
2023,POST,21,2024012801,59505,01/28/2024,4500,SF,1540,DET,visitor,1,4.577731882513236,HUT099869,00-0037236,1540,Aidan Hutchinson,A.Hutchinson,DE,https://static.www.nfl.com/image/private/{formatInstructions}/league/zywrtjyja5l8efay1six,97,0,0,0,0,24,5.622004503129145
2023,POST,21,2024012801,59505,01/28/2024,4500,SF,1540,DET,visitor,2,4.577731882513236,MCN611247,00-0036624,1540,Alim McNeill,A.McNeill,DT,https://static.www.nfl.com/image/private/{formatInstructions}/league/hrqtcha6t35jwvoswc1k,54,1,1,1,0,16,4.403871820379912
2023,POST,21,2024012801,59505,01/28/2024,4500,SF,1540,DET,visitor,3,4.577731882513236,ALU059326,00-0027862,1540,Tyson Alualu,T.Alualu,NT,https://static.www.nfl.com/image/private/{formatInstructions}/league/wz7lyukjawvr7xfdszmb,92,2,2,0,0,15,5.068761091502532
2023,POST,21,2024012801,59505,01/28/2024,4500,SF,1540,DET,visitor,4,4.577731882513236,PAS068486,00-0038096,1540,Joshua Paschal,J.Paschal,DE,https://static.www.nfl.com/image/private/{formatInstructions}/league/ivkpwgpcixlvfbpzurab,93,1,1,0,0,14,4.010169216742747
2023,POST,23,2024021100,59506,02/11/2024,2310,KC,4500,SF,home,1,4.577731882513236,KAR303382,00-0037192,2310,George Karlaftis,G.Karlaftis,DE,https://static.www.nfl.com/image/private/{formatInstructions}/league/kwmi9hcgixedzkqo0hd9,56,2,3,0,0,32,4.3329988258202885
2023,POST,23,2024021100,59506,02/11/2024,2310,KC,4500,SF,home,2,4.577731882513236,JON162595,00-0032762,2310,Chris Jones,C.Jones,DT,https://static.www.nfl.com/image/private/{formatInstructions}/league/tzeyeldnaaxjsg4beczj,95,2,2,0,0,26,3.9518821468607257
2023,POST,23,2024021100,59506,02/11/2024,2310,KC,4500,SF,home,3,4.577731882513236,DAN721566,00-0036378,2310,Michael Danna,M.Danna,DE,https://static.www.nfl.com/image/private/{formatInstructions}/league/oiywq8es1rm2rjnpbouw,51,1,2,0,0,22,5.195451822479122
2023,POST,23,2024021100,59506,02/11/2024,2310,KC,4500,SF,home,4,4.577731882513236,WHA652597,00-0035890,2310,Tershawn Wharton,T.Wharton,DT,https://static.www.nfl.com/image/private/{formatInstructions}/league/pbuynfvzq7bojcivxbba,98,0,1,0,0,17,4.031397112279276
2023,POST,23,2024021100,59506,02/11/2024,2310,KC,4500,SF,visitor,1,4.577731882513236,BOS073285,00-0035717,4500,Nick Bosa,N.Bosa,DE,https://static.www.nfl.com/image/private/{formatInstructions}/league/pzdj8ys2wqjc92hafziy,97,4,2,0,0,33,4.582479396967569
2023,POST,23,2024021100,59506,02/11/2024,2310,KC,4500,SF,visitor,2,4.577731882513236,YOU146550,00-0036321,4500,Chase Young,C.Young,DE,https://static.www.nfl.com/image/upload/{formatInstructions}/league/wphck1ysaeehkmsgxopb,92,1,1,1,0,28,4.916671863636137
2023,POST,23,2024021100,59506,02/11/2024,2310,KC,4500,SF,visitor,3,4.577731882513236,ARM057964,00-0032164,4500,Arik Armstead,A.Armstead,DT,https://static.www.nfl.com/image/private/{formatInstructions}/league/pfagislv7uhsnwi7pviu,91,3,3,1,0,25,4.515513076152152
2023,POST,23,2024021100,59506,02/11/2024,2310,KC,4500,SF,visitor,4,4.577731882513236,HAR143881,00-0033109,4500,Javon Hargrave,J.Hargrave,DT,https://static.www.nfl.com/image/upload/{formatInstructions}/league/pdetr7dthycxo4hgcox9,98,3,3,1,0,23,4.259186795160925
