season,season_type,week,scope,threshold,team_id,player_gsis_id,player_display_name,player_short_name,player_esb_id,player_position_group,player_position,player_jersey_number,player_current_team_id,player_season,player_gsis_it_id,player_smart_id,player_first_name,player_last_name,player_football_name,player_ngs_position,player_ngs_position_group,player_uniform_number,player_status,player_headshot,efficiency,percent_attempts_gte_eight_defenders,avg_time_to_los,rush_attempts,rush_yards,avg_rush_yards,rush_touchdowns,expected_rush_yards,rush_yards_over_expected,rush_yards_over_expected_per_att,rush_pct_over_expected,player_season_type,player_week,player_suffix
2020,POST,18,week,10,0810,00-0035685,David Montgomery,D.Montgomery,MON487374,RB,RB,32,0810,2020,47856,32004d4f-4e48-7374-a044-7fb197b6b501,David,Montgomery,David,RB,RB,32,ACT,https://static.www.nfl.com/image/private/{formatInstructions}/league/zsd3fcztejae8oexy3um,5.160967741935484,0.0,2.6785,12,31,2.5833333333333335,0,62.77321220431002,-31.77321220431002,-2.6477676836925017,0.08333333333333333,POST,18,
2020,POST,18,week,10,1050,00-0034791,Nick Chubb,N.Chubb,CHU033942,RB,RB,24,1050,2020,46104,32004348-5503-3942-d8b2-181bd658412e,Nicholas,Chubb,Nick,RB,RB,24,ACT,https://static.www.nfl.com/image/private/{formatInstructions}/league/m10y1skypqxyvigftdle,4.5675,11.11111111111111,3.1259375,18,76,4.222222222222222,0,87.66791526871047,-11.667915268710473,-0.6482175149283597,0.2777777777777778,POST,18,
2020,POST,18,week,10,2100,00-0032764,Derrick Henry,D.Henry,HEN602843,RB,RB,22,2100,2020,43334,32004845-4e60-2843-9b64-3cd8fac319c3,Derrick,Henry,Derrick,RB,RB,22,ACT,https://static.www.nfl.com/image/private/{formatInstructions}/league/f5kj56yln1s0qlpdhbxu,6.258250000000001,72.22222222222221,3.0149411764705882,18,40,2.2222222222222223,0,59.21867211777029,-19.21867211777029,-1.0677040065427938,0.2222222222222222,POST,18,
2020,POST,18,week,10,2200,00-0036223,Jonathan Taylor,J.Taylor,TAY431618,RB,RB,28,2200,2020,52449,32005441-5943-1618-c081-5dd6b2d0b829,Jonathan,Taylor,Jonathan,RB,RB,28,ACT,https://static.www.nfl.com/image/private/{formatInstructions}/league/mx6ptr3jbhx0wxo3848u,4.122692307692308,14.285714285714285,2.6902941176470594,21,78,3.7142857142857144,1,89.50858393079844,-11.508583930798437,-0.548027806228497,0.19047619047619047,POST,18,
2020,POST,18,week,10,2510,00-0036414,Cam Akers,C.Akers,AKE415291,RB,RB,23,2510,2020,52460,3200414b-4541-5291-73e4-84e805a9ffce,Cam,Akers,Cam,RB,RB,23,ACT,https://static.www.nfl.com/image/private/{formatInstructions}/league/zeh3myk7tc0yzp6qbudr,3.2469465648854965,50.0,2.600846153846154,28,131,4.678571428571429,1,122.68528206508599,8.314717934914015,0.2969542119612148,0.35714285714285715,POST,18,
2020,POST,18,week,10,3300,00-0033906,Alvin Kamara,A.Kamara,KAM244058,RB,RB,41,3300,2020,44879,32004b41-4d24-4058-5a3b-01bd39e6a25d,Alvin,Kamara,Alvin,RB,RB,41,ACT,https://static.www.nfl.com/image/private/{formatInstructions}/league/rubeyrjz53yacwyjgycx,3.675757575757575,21.73913043478261,2.667,23,99,4.304347826086956,1,82.05384498015475,16.94615501984525,0.7367893486889239,0.391304347826087,POST,18,
2020,POST,18,week,10,3900,00-0033553,James Conner,J.Conner,CON461999,RB,RB,30,3900,2020,44917,3200434f-4e46-1999-59e9-253cedeec3a5,James,Conner,James,RB,RB,30,ACT,https://static.www.nfl.com/image/private/{formatInstructions}/league/rqhi3n703cly3mehgc7h,4.701621621621621,9.090909090909092,2.946727272727273,11,37,3.3636363636363638,1,49.0817697493469,-12.081769749346897,-1.0983427044860816,0.18181818181818182,POST,18,
2020,POST,18,week,10,4600,00-0033594,Chris Carson,C.Carson,CAR568144,RB,RB,32,4600,2020,45062,32004341-5256-8144-487d-eff74f49df34,Christopher,Carson,Chris,RB,RB,32,ACT,https://static.www.nfl.com/image/private/{formatInstructions}/league/i03omk9cjgbka2nvn9pi,3.6359740259740265,0.0,2.640733333333333,16,77,4.8125,0,87.92104129441633,-10.921041294416327,-0.6825650809010204,0.25,POST,18,
2020,POST,18,week,10,4900,00-0033856,Leonard Fournette,L.Fournette,FOU564970,RB,RB,28,4900,2020,44816,3200464f-5556-4970-e13e-15f65e552496,Leonard,Fournette,Leonard,RB,RB,28,ACT,https://static.www.nfl.com/image/private/{formatInstructions}/league/quvoqaapbnebbllg3jwl,3.291505376344086,21.052631578947366,2.607666666666667,19,93,4.894736842105263,1,73.41438713767171,19.58561286232829,1.0308217295962259,0.47368421052631576,POST,18,
2020,POST,18,week,10,5110,00-0036328,Antonio Gibson,A.Gibson,GIB415285,RB,RB,24,5110,2020,52474,32004749-4241-5285-a215-d633ff9a6f70,Antonio,Gibson,Antonio,RB,RB,24,ACT,https://static.www.nfl.com/image/private/{formatInstructions}/league/cvmwtpfzdt0ibauqifup,7.138387096774193,14.285714285714285,2.7423000000000006,14,31,2.2142857142857144,0,36.84442887926214,-8.84442887926214,-0.6803406830201646,0.23076923076923078,POST,18,
2020,POST,19,week,10,0325,00-0034184,Gus Edwards,G.Edwards,EDW471180,RB,RB,35,0325,2020,46437,32004544-5747-1180-daba-c0c892edc0c8,Gus,Edwards,Gus,RB,RB,35,ACT,https://static.www.nfl.com/image/private/{formatInstructions}/league/qzfjokxel2zmnlt4omrq,3.56095238095238,20.0,2.8012,10,42,4.2,0,41.91234884485798,0.08765115514201938,0.008765115514201938,0.3,POST,19,
2020,POST,19,week,10,0325,00-0036158,J.K. Dobbins,J.Dobbins,DOB207645,RB,RB,27,0325,2020,52463,3200444f-4220-7645-7ee7-94f57d3eed4f,Jkaylin,Dobbins,J.K.,RB,RB,27,ACT,https://static.www.nfl.com/image/private/{formatInstructions}/league/tr3yxhybdwehibl6maqy,4.164761904761905,20.0,2.7631249999999996,10,42,4.2,0,45.38528729040536,-3.3852872904053584,-0.3385287290405358,0.5,POST,19,
2020,POST,19,week,10,1050,00-0034791,Nick Chubb,N.Chubb,CHU033942,RB,RB,24,1050,2020,46104,32004348-5503-3942-d8b2-181bd658412e,Nicholas,Chubb,Nick,RB,RB,24,ACT,https://static.www.nfl.com/image/private/{formatInstructions}/league/m10y1skypqxyvigftdle,3.829130434782609,23.076923076923077,3.349363636363636,13,69,5.3076923076923075,0,65.54941285608811,3.450587143911889,0.2654297803009146,0.38461538461538464,POST,19,
2020,POST,19,week,10,1800,00-0033293,Aaron Jones,A.Jones,JON026624,RB,RB,33,1800,2020,44995,32004a4f-4e02-6624-33bd-3ba151b7013d,Aaron,Jones,Aaron,RB,RB,33,ACT,https://static.www.nfl.com/image/private/{formatInstructions}/league/fhg7hqiz87nyx1payjqh,2.465252525252525,21.428571428571427,2.3108461538461538,14,99,7.071428571428571,1,51.618600607856415,47.381399392143585,3.384385670867399,0.35714285714285715,POST,19,
2020,POST,19,week,10,1800,00-0033948,Jamaal Williams,J.Williams,WIL328269,RB,RB,30,1800,2020,44947,32005749-4c32-8269-4a19-d851ac99ba3c,Jamaal,Williams,Jamaal,RB,RB,30,ACT,https://static.www.nfl.com/image/private/{formatInstructions}/league/yuxsp5zntefv9yccbfos,2.5441538461538467,8.333333333333332,2.102583333333333,12,65,5.416666666666667,0,53.31842570706839,11.681574292931607,0.9734645244109673,0.75,POST,19,
2020,POST,19,week,10,2310,00-0034301,Darrel Williams,Darr.Williams,WIL207361,RB,RB,31,2310,2020,46526,32005749-4c20-7361-9bac-e63ffb6793a8,Darrel,Williams,Darrel,RB,RB,31,ACT,https://static.www.nfl.com/image/private/{formatInstructions}/league/epdu1wpu6j9rqijzzatk,2.9243589743589746,30.76923076923077,2.802769230769231,13,78,6.0,0,69.73649706586474,6.263502934135261,0.5219585778446051,0.4166666666666667,POST,19,
2020,POST,19,week,10,2510,00-0036414,Cam Akers,C.Akers,AKE415291,RB,RB,23,2510,2020,52460,3200414b-4541-5291-73e4-84e805a9ffce,Cam,Akers,Cam,RB,RB,23,ACT,https://static.www.nfl.com/image/private/{formatInstructions}/league/zeh3myk7tc0yzp6qbudr,3.837444444444444,0.0,2.903777777777778,18,90,5.0,1,89.70865079189991,0.2913492081000868,0.01618606711667149,0.4444444444444444,POST,19,
2020,POST,19,week,10,3300,00-0033906,Alvin Kamara,A.Kamara,KAM244058,RB,RB,41,3300,2020,44879,32004b41-4d24-4058-5a3b-01bd39e6a25d,Alvin,Kamara,Alvin,RB,RB,41,ACT,https://static.www.nfl.com/image/private/{formatInstructions}/league/rubeyrjz53yacwyjgycx,3.5177647058823527,27.77777777777778,2.7609444444444446,18,85,4.722222222222222,0,88.95300691358918,-6.953006913589178,-0.40900040668171633,0.29411764705882354,POST,19,
2020,POST,19,week,10,4900,00-0033856,Leonard Fournette,L.Fournette,FOU564970,RB,RB,28,4900,2020,44816,3200464f-5556-4970-e13e-15f65e552496,Leonard,Fournette,Leonard,RB,RB,28,ACT,https://static.www.nfl.com/image/private/{formatInstructions}/league/quvoqaapbnebbllg3jwl,3.8219047619047606,29.411764705882355,2.5201764705882357,17,63,3.7058823529411766,0,67.12777079493709,-4.127770794937092,-0.24281004676100543,0.35294117647058826,POST,19,
2020,POST,19,week,10,4900,00-0034816,Ronald Jones,R.Jones,JON705925,RB,RB,27,4900,2020,46107,32004a4f-4e70-5925-2b49-5f67cfbf7e05,Ronald,Jones,Ronald,RB,RB,27,ACT,https://static.www.nfl.com/image/private/{formatInstructions}/league/rzzjyalc2o1un3uhx0lm,3.3933870967741937,7.6923076923076925,2.302538461538461,13,62,4.769230769230769,0,61.37024253484512,0.6297574651548814,0.048442881934990877,0.38461538461538464,POST,19,
2020,POST,20,week,10,2310,00-0034301,Darrel Williams,Darr.Williams,WIL207361,RB,RB,31,2310,2020,46526,32005749-4c20-7361-9bac-e63ffb6793a8,Darrel,Williams,Darrel,RB,RB,31,ACT,https://static.www.nfl.com/image/private/{formatInstructions}/league/epdu1wpu6j9rqijzzatk,3.858461538461538,23.076923076923077,2.6838333333333337,13,52,4.0,1,41.60238048076623,5.397619519233771,0.44980162660281425,0.4166666666666667,POST,20,
2020,POST,20,week,10,4900,00-0033856,Leonard Fournette,L.Fournette,FOU564970,RB,RB,28,4900,2020,44816,3200464f-5556-4970-e13e-15f65e552496,Leonard,Fournette,Leonard,RB,RB,28,ACT,https://static.www.nfl.com/image/private/{formatInstructions}/league/quvoqaapbnebbllg3jwl,3.754363636363636,33.33333333333333,2.7426363636363633,12,55,4.583333333333333,1,40.609424889807954,14.390575110192046,1.1992145925160038,0.5,POST,20,
2020,POST,20,week,10,4900,00-0034816,Ronald Jones,R.Jones,JON705925,RB,RB,27,4900,2020,46107,32004a4f-4e70-5925-2b49-5f67cfbf7e05,Ronald,Jones,Ronald,RB,RB,27,ACT,https://static.www.nfl.com/image/private/{formatInstructions}/league/rzzjyalc2o1un3uhx0lm,7.995625000000002,20.0,2.5732222222222223,10,16,1.6,0,32.07680926508409,-16.076809265084087,-1.6076809265084087,0.1,POST,20,
2020,POST,22,week,10,4900,00-0033856,Leonard Fournette,L.Fournette,FOU564970,RB,RB,28,4900,2020,44816,3200464f-5556-4970-e13e-15f65e552496,Leonard,Fournette,Leonard,RB,RB,28,ACT,https://static.www.nfl.com/image/private/{formatInstructions}/league/quvoqaapbnebbllg3jwl,3.088651685393259,56.25,2.6550625000000005,16,89,5.5625,1,49.116735152820645,39.883264847179355,2.4927040529487097,0.6875,POST,22,
2020,POST,22,week,10,4900,00-0034816,Ronald Jones,R.Jones,JON705925,RB,RB,27,4900,2020,46107,32004a4f-4e70-5925-2b49-5f67cfbf7e05,Ronald,Jones,Ronald,RB,RB,27,ACT,https://static.www.nfl.com/image/private/{formatInstructions}/league/rzzjyalc2o1un3uhx0lm,3.3513114754098363,33.33333333333333,2.3759166666666665,12,61,5.083333333333333,0,60.17248176788609,0.8275182321139098,0.06895985267615916,0.4166666666666667,POST,22,
2020,REG,0,season,85,0200,00-0032241,Todd Gurley,T.Gurley,GUR000000,RB,RB,21,0200,2020,42353,32004755-5200-0000-f496-e727c8f2225d,Todd Gurley II,Gurley,Todd,RB,RB,21,UFA,https://static.www.nfl.com/image/private/{formatInstructions}/league/ym7oprwel3dxbab0k7x9,4.6370943952802355,21.53846153846154,2.8398011363636355,195,678,3.476923076923077,9,770.1833760977961,-103.1833760977961,-0.5402270999884613,0.33507853403141363,,,
2020,REG,0,season,85,0200,00-0033567,Brian Hill,B.Hill,HIL101853,RB,RB,23,0200,2020,44969,32004849-4c10-1853-2631-7195c754bf41,Brian,Hill,Brian,RB,RB,23,CUT,https://static.www.nfl.com/image/private/{formatInstructions}/league/ortwgbmztzhb4tdz9jmo,3.8301935483870975,14.000000000000002,2.8309782608695646,100,465,4.65,1,463.35857493576253,-11.358574935762533,-0.11590382587512789,0.30612244897959184,,,
2020,REG,0,season,85,0325,00-0034184,Gus Edwards,G.Edwards,EDW471180,RB,RB,35,0325,2020,46437,32004544-5747-1180-daba-c0c892edc0c8,Gus,Edwards,Gus,RB,RB,35,ACT,https://static.www.nfl.com/image/private/{formatInstructions}/league/qzfjokxel2zmnlt4omrq,3.201217150760719,34.02777777777778,2.646526315789473,144,723,5.020833333333333,6,579.5891583272867,125.41084167271333,0.8831749413571361,0.4647887323943662,,,
2020,REG,0,season,85,0325,00-0036158,J.K. Dobbins,J.Dobbins,DOB207645,RB,RB,27,0325,2020,52463,3200444f-4220-7645-7ee7-94f57d3eed4f,Jkaylin,Dobbins,J.K.,RB,RB,27,ACT,https://static.www.nfl.com/image/private/{formatInstructions}/league/tr3yxhybdwehibl6maqy,3.2732919254658395,23.134328358208954,2.8721774193548386,134,805,6.007462686567164,9,608.0527002421426,195.94729975785742,1.473287968104191,0.42105263157894735,,,
2020,REG,0,season,85,0610,00-0035250,Devin Singletary,D.Singletary,SIN186919,RB,RB,26,0610,2020,47857,32005349-4e18-6919-d1e6-003f4632ba87,Devin,Singletary,Devin,RB,RB,26,ACT,https://static.www.nfl.com/image/private/{formatInstructions}/league/uvjmmkicdibmtrssqv12,3.919374090247452,4.487179487179487,2.9262173913043483,156,687,4.403846153846154,2,632.8453979487493,37.15460205125066,0.244438171389807,0.3815789473684211,,,
2020,REG,0,season,85,0610,00-0036251,Zack Moss,Z.Moss,MOS756406,RB,RB,20,0610,2020,52494,32004d4f-5375-6406-2efb-a60ab36c4cc4,Zaccheus,Moss,Zack,RB,RB,20,RES,https://static.www.nfl.com/image/private/{formatInstructions}/league/ung5uvdvstg3wgl9zdye,3.7737214137214146,14.285714285714285,2.796617647058825,112,481,4.294642857142857,4,439.8872826518103,1.1127173481896762,0.010302938409163668,0.39814814814814814,,,
2020,REG,0,season,85,0750,00-0032063,Mike Davis,M.Davis,DAV567050,RB,RB,28,0750,2020,42469,32004441-5656-7050-90fa-b554877db5f4,Michael,Davis,Mike,RB,RB,28,INA,https://static.www.nfl.com/image/private/{formatInstructions}/league/sd67wjznwou2pwqs2m3h,4.153037383177567,32.72727272727273,2.7872751677852357,165,642,3.890909090909091,6,615.0323194391011,10.967680560898884,0.06812223950868872,0.3416149068322981,,,
2020,REG,0,season,85,0810,00-0035685,David Montgomery,D.Montgomery,MON487374,RB,RB,32,0810,2020,47856,32004d4f-4e48-7374-a044-7fb197b6b501,David,Montgomery,David,RB,RB,32,ACT,https://static.www.nfl.com/image/private/{formatInstructions}/league/zsd3fcztejae8oexy3um,3.705121495327104,17.00404858299595,2.7382286995515703,247,1070,4.331983805668016,8,1000.4611943399846,51.53880566001544,0.21385396539425494,0.3651452282157676,,,
2020,REG,0,season,85,0920,00-0030456,Giovani Bernard,G.Bernard,BER219765,RB,RB,25,0920,2020,39985,32004245-5221-9765-46d6-1e758159937b,Giovani,Bernard,Giovani,RB,RB,25,ACT,https://static.www.nfl.com/image/private/{formatInstructions}/league/emjueiztyubzm99lxd49,4.452908653846155,12.096774193548388,2.6349824561403503,124,416,3.3548387096774195,3,509.57661745989503,-97.57661745989503,-0.7998083398352052,0.3360655737704918,,,
2020,REG,0,season,85,0920,00-0033897,Joe Mixon,J.Mixon,MIX564388,RB,RB,28,0920,2020,44860,32004d49-5856-4388-c611-05b6fcff1d1d,Joe,Mixon,Joe,RB,RB,28,RES,https://static.www.nfl.com/image/private/{formatInstructions}/league/pkzlqusxfp1pioew4pb3,4.458808411214954,8.403361344537815,2.715653846153845,119,428,3.596638655462185,3,455.8714050232028,-28.871405023202783,-0.24676414549745967,0.37606837606837606,,,
2020,REG,0,season,85,1050,00-0033923,Kareem Hunt,K.Hunt,HUN308934,RB,RB,27,1050,2020,44898,32004855-4e30-8934-bd0d-d8d3d09b6aac,Kareem,Hunt,Kareem,RB,RB,27,ACT,https://static.www.nfl.com/image/private/{formatInstructions}/league/soaqewfl8xjea2lpzfth,4.010178359096315,31.313131313131315,2.8650165745856353,198,841,4.247474747474747,6,804.84081640102,36.15918359898001,0.1826221393887879,0.41414141414141414,,,
2020,REG,0,season,85,1050,00-0034791,Nick Chubb,N.Chubb,CHU033942,RB,RB,24,1050,2020,46104,32004348-5503-3942-d8b2-181bd658412e,Nicholas,Chubb,Nick,RB,RB,24,ACT,https://static.www.nfl.com/image/private/{formatInstructions}/league/m10y1skypqxyvigftdle,3.4226522961574513,31.57894736842105,3.0428128654970763,190,1067,5.61578947368421,12,748.3671780510923,294.6328219489077,1.584047429832837,0.4032258064516129,,,
2020,REG,0,season,85,1200,00-0033045,Ezekiel Elliott,E.Elliott,ELL289284,RB,RB,21,1200,2020,43293,3200454c-4c28-9284-cdcc-74694c8d1749,Ezekiel,Elliott,Ezekiel,RB,RB,21,ACT,https://static.www.nfl.com/image/private/{formatInstructions}/league/e2h7hohon748tyzzu3z5,3.711777323799796,22.950819672131146,2.6178602620087337,244,979,4.012295081967213,6,955.362309843019,7.637690156980966,0.03169166040241065,0.42738589211618255,,,
2020,REG,0,season,85,1200,00-0035261,Tony Pollard,T.Pollard,POL283188,RB,RB,20,1200,2020,47911,3200504f-4c28-3188-35b8-d0ae9db0f68a,Tony,Pollard,Tony,RB,RB,20,ACT,https://static.www.nfl.com/image/private/{formatInstructions}/league/tynmwg5rta9ykpfd3dp2,3.7388275862068974,21.782178217821784,2.7684137931034494,101,435,4.306930693069307,4,413.3077759704815,12.692224029518513,0.12820428312644963,0.31313131313131315,,,
2020,REG,0,season,85,1400,00-0032144,Melvin Gordon,M.Gordon,GOR275321,RB,RB,25,1400,2020,42358,3200474f-5227-5321-5a9f-5d54a292e030,Melvin,Gordon,Melvin,RB,RB,25,ACT,https://static.www.nfl.com/image/private/{formatInstructions}/league/en0ul7l1m9aqf7wffufg,3.936460446247463,19.53488372093023,2.9307157894736835,215,986,4.586046511627907,9,957.6951450074037,6.304854992596347,0.030458236679209407,0.36231884057971014,,,
2020,REG,0,season,85,1400,00-0034109,Phillip Lindsay,P.Lindsay,LIN303086,RB,RB,30,1400,2020,46367,32004c49-4e30-3086-a451-a8add609c5d0,Phillip,Lindsay,Phillip,RB,RB,30,RES,https://static.www.nfl.com/image/private/{formatInstructions}/league/pv23ismfe1xcbholkdqo,4.114561752988047,16.94915254237288,2.985442307692307,118,502,4.254237288135593,1,440.0962197370624,9.903780262937573,0.08842660949051405,0.3482142857142857,,,
2020,REG,0,season,85,1540,00-0025394,Adrian Peterson,A.Peterson,PET260705,RB,RB,28,1540,2020,32200,32005045-5426-0705-afaf-b095105b31fb,Adrian,Peterson,Adrian,RB,RB,28,UFA,https://static.www.nfl.com/image/private/{formatInstructions}/league/wcjhdlzid3giumhu60tu,4.042135761589404,29.48717948717949,2.6730689655172406,156,604,3.871794871794872,7,671.7760012998845,-77.77600129988446,-0.5017806535476417,0.27741935483870966,,,
2020,REG,0,season,85,1540,00-0036275,D'Andre Swift,D.Swift,SWI228476,RB,RB,32,1540,2020,52443,32005357-4922-8476-53db-e64aaf6e01f5,D'Andre,Swift,D'Andre,RB,RB,32,ACT,https://static.www.nfl.com/image/private/{formatInstructions}/league/amhsf13r1hnpo9lrn2uj,3.812917466410748,22.807017543859647,2.7447142857142857,114,521,4.5701754385964914,8,509.9495541378638,11.0504458621362,0.09693373563277369,0.3333333333333333,,,
2020,REG,0,season,85,1800,00-0033293,Aaron Jones,A.Jones,JON026624,RB,RB,33,1800,2020,44995,32004a4f-4e02-6624-33bd-3ba151b7013d,Aaron,Jones,Aaron,RB,RB,33,ACT,https://static.www.nfl.com/image/private/{formatInstructions}/league/fhg7hqiz87nyx1payjqh,3.4353260869565223,19.402985074626866,2.71160962566845,201,1104,5.492537313432836,9,966.2154594040168,127.78454059598323,0.6389227029799162,0.395,,,
2020,REG,0,season,85,1800,00-0033948,Jamaal Williams,J.Williams,WIL328269,RB,RB,30,1800,2020,44947,32005749-4c32-8269-4a19-d851ac99ba3c,Jamaal,Williams,Jamaal,RB,RB,30,ACT,https://static.www.nfl.com/image/private/{formatInstructions}/league/yuxsp5zntefv9yccbfos,3.6540594059405924,19.327731092436977,2.539587719298245,119,505,4.243697478991597,2,478.251129734928,20.748870265072014,0.1758378836023052,0.3644067796610169,,,
2020,REG,0,season,85,2100,00-0032764,Derrick Henry,D.Henry,HEN602843,RB,RB,22,2100,2020,43334,32004845-4e60-2843-9b64-3cd8fac319c3,Derrick,Henry,Derrick,RB,RB,22,ACT,https://static.www.nfl.com/image/private/{formatInstructions}/league/f5kj56yln1s0qlpdhbxu,3.5697681302417363,27.77777777777778,2.7594225352112667,378,2027,5.362433862433862,17,1623.9206287903678,367.0793712096322,0.9974982913305223,0.4266304347826087,,,
2020,REG,0,season,85,2120,00-0032187,David Johnson,D.Johnson,JOH174477,RB,RB,31,2120,2020,42429,32004a4f-4817-4477-4e5f-db6fb5a95abe,David,Johnson,David,RB,RB,31,ACT,https://static.www.nfl.com/image/private/{formatInstructions}/league/xhkqvvkq3awveyhv0x4e,3.340810419681622,14.965986394557824,2.5682608695652176,147,691,4.700680272108843,6,630.7803601838181,60.21963981618194,0.4096574137155234,0.36054421768707484,,,
2020,REG,0,season,85,2200,00-0034367,Nyheim Hines,N.Hines,HIN226970,RB,RB,21,2200,2020,46173,32004849-4e22-6970-73da-06472dd4984b,Nyheim,Hines,Nyheim,RB,RB,21,ACT,https://static.www.nfl.com/image/private/{formatInstructions}/league/lsvodvfsjkzc0ii9vn2n,3.789605263157896,12.359550561797752,2.7421168831168834,89,380,4.269662921348314,3,386.18794912040727,-7.187949120407268,-0.08168124000462805,0.38636363636363635,,,
2020,REG,0,season,85,2200,00-0036223,Jonathan Taylor,J.Taylor,TAY431618,RB,RB,28,2200,2020,52449,32005441-5943-1618-c081-5dd6b2d0b829,Jonathan,Taylor,Jonathan,RB,RB,28,ACT,https://static.www.nfl.com/image/private/{formatInstructions}/league/mx6ptr3jbhx0wxo3848u,3.506646706586826,29.74137931034483,2.8086273584905648,232,1169,5.038793103448276,11,982.1433246409864,150.8566753590136,0.6616520849079544,0.42543859649122806,,,
2020,REG,0,season,85,2250,00-0035831,James Robinson,J.Robinson,ROB521367,RB,RB,30,2250,2020,52733,3200524f-4252-1367-7b21-7f5516b913bf,James,Robinson,James,RB,RB,30,INA,https://static.www.nfl.com/image/private/{formatInstructions}/league/lxzbao36eeratekmnxeb,3.646794392523365,20.416666666666668,2.680325892857143,240,1070,4.458333333333333,7,968.9464144129811,40.053585587018915,0.1711691691752945,0.37606837606837606,,,
2020,REG,0,season,85,2310,00-0036360,Clyde Edwards-Helaire,C.Edwards-Helaire,EDW815562,RB,RB,25,2310,2020,52440,32004544-5781-5562-8963-df06e680f700,Clyde,Edwards-Helaire,Clyde,RB,RB,25,ACT,https://static.www.nfl.com/image/private/{formatInstructions}/league/ldgjalogqzti76pmqbw1,3.8142341220423432,9.392265193370166,2.796552147239264,181,803,4.43646408839779,4,872.6042231074605,-110.60422310746048,-0.6284330858378436,0.3352272727272727,,,
2020,REG,0,season,85,2510,00-0031806,Malcolm Brown,M.Brown,BRO550137,RB,RB,34,2510,2020,42837,32004252-4f55-0137-a08a-164e95f5f50c,Malcolm,Brown,Malcolm,RB,RB,34,ACT,https://static.www.nfl.com/image/private/{formatInstructions}/league/saroibi2giakpauwanjg,3.8725775656324584,17.82178217821782,2.7749777777777775,101,419,4.148514851485149,5,455.06711325756334,-54.067113257563335,-0.5517052373220749,0.3673469387755102,,,
2020,REG,0,season,85,2510,00-0035664,Darrell Henderson,D.Henderson,HEN054456,RB,RB,27,2510,2020,47853,32004845-4e05-4456-6f99-3e76d883b110,Darrell,Henderson,Darrell,RB,RB,27,RES,https://static.www.nfl.com/image/private/{formatInstructions}/league/nyjvyjkx6cb2a7lfxevg,3.916201923076923,30.434782608695656,2.7969426229508203,138,624,4.521739130434782,5,616.4196424509223,1.5803575490776893,0.01162027609615948,0.36764705882352944,,,
2020,REG,0,season,85,2510,00-0036414,Cam Akers,C.Akers,AKE415291,RB,RB,23,2510,2020,52460,3200414b-4541-5291-73e4-84e805a9ffce,Cam,Akers,Cam,RB,RB,23,ACT,https://static.www.nfl.com/image/private/{formatInstructions}/league/zeh3myk7tc0yzp6qbudr,4.005248,37.93103448275862,2.7296106870229018,145,625,4.310344827586207,2,651.2904111796671,-39.2904111796671,-0.2766930364765289,0.28169014084507044,,,
2020,REG,0,season,85,2520,00-0032972,Devontae Booker,D.Booker,BOO019902,RB,RB,23,2520,2020,43425,3200424f-4f01-9902-c146-57fda0468e8d,Devontae,Booker,Devontae,RB,RB,23,ACT,https://static.www.nfl.com/image/private/{formatInstructions}/league/n4tprmtnsgpc8cmvppvm,3.3866666666666667,17.20430107526882,2.506640449438202,93,423,4.548387096774194,3,376.9481883129322,46.05181168706781,0.49518077082868617,0.34408602150537637,,,
2020,REG,0,season,85,2520,00-0035700,Josh Jacobs,J.Jacobs,JAC734615,RB,RB,28,2520,2020,47807,32004a41-4373-4615-60ca-982d07046841,Joshua,Jacobs,Josh,RB,RB,28,ACT,https://static.www.nfl.com/image/private/{formatInstructions}/league/docmktgq1ubvu87ltcco,3.9938967136150225,25.64102564102564,2.707092,273,1065,3.901098901098901,12,1070.2354558176207,-8.235455817620732,-0.030389135858379084,0.39114391143911437,,,
2020,REG,0,season,85,2700,00-0035311,Myles Gaskin,M.Gaskin,GAS211909,RB,RB,37,2700,2020,48017,32004741-5321-1909-2ae0-a123794bf24d,Myles,Gaskin,Myles,RB,RB,37,ACT,https://static.www.nfl.com/image/private/{formatInstructions}/league/lwbo5oqzvpcb5y0fufoa,3.500719178082191,23.239436619718308,2.7291060606060595,142,584,4.112676056338028,3,552.850579363812,19.149420636187983,0.1387639176535361,0.4057971014492754,,,
2020,REG,0,season,85,3000,00-0033893,Dalvin Cook,D.Cook,COO047079,RB,RB,33,3000,2020,44853,3200434f-4f04-7079-ca3d-32c8b4ce8a9a,Dalvin,Cook,Dalvin,RB,RB,33,INA,https://static.www.nfl.com/image/private/{formatInstructions}/league/sxhuurbjysw8vxgj8arg,3.738882466281311,30.76923076923077,2.8542533333333338,312,1557,4.990384615384615,16,1377.2140104490502,170.7859895509498,0.5509225469385478,0.41935483870967744,,,
2020,REG,0,season,85,3000,00-0034972,Alexander Mattison,A.Mattison,MAT599622,RB,RB,25,3000,2020,47885,32004d41-5459-9622-25bb-238938a4f96b,Alexander,Mattison,Alexander,RB,RB,25,ACT,https://static.www.nfl.com/image/private/{formatInstructions}/league/crp4nxsdqb6rt6hqomp3,3.695599078341012,31.25,2.7358295454545454,96,434,4.520833333333333,2,379.4970562904971,51.502943709502915,0.5479036564840736,0.46808510638297873,,,
2020,REG,0,season,85,3200,00-0035657,Damien Harris,D.Harris,HAR311469,RB,RB,37,3200,2020,47870,32004841-5231-1469-57ad-03c4e9f5e495,Damien,Harris,Damien,RB,RB,37,RES,https://static.www.nfl.com/image/private/{formatInstructions}/league/fkm1w2mp3ocice26vuk4,3.5910998552821995,39.416058394160586,2.6969000000000003,137,691,5.043795620437956,2,651.3089400091197,39.69105999088026,0.28971576635679025,0.40875912408759124,,,
2020,REG,0,season,85,3300,00-0030513,Latavius Murray,L.Murray,MUR671046,RB,RB,28,3300,2020,40129,32004d55-5267-1046-5487-d03e83f25c8b,Latavius,Murray,Latavius,RB,RB,28,INA,https://static.www.nfl.com/image/private/{formatInstructions}/league/keze6gbkt5ipoqtpq7dl,3.329085365853658,36.3013698630137,2.576625899280574,146,656,4.493150684931507,4,630.2910547421618,13.708945257838195,0.09520100873498746,0.375,,,
2020,REG,0,season,85,3300,00-0033906,Alvin Kamara,A.Kamara,KAM244058,RB,RB,41,3300,2020,44879,32004b41-4d24-4058-5a3b-01bd39e6a25d,Alvin,Kamara,Alvin,RB,RB,41,ACT,https://static.www.nfl.com/image/private/{formatInstructions}/league/rubeyrjz53yacwyjgycx,3.659195278969957,11.76470588235294,2.7542543352601148,187,932,4.983957219251337,16,841.0791077032212,76.92089229677879,0.41578860700961506,0.3945945945945946,,,
2020,REG,0,season,85,3410,00-0033950,Wayne Gallman,W.Gallman Jr.,GAL649066,RB,RB,22,3410,2020,44953,32004741-4c64-9066-25c6-c9a8be2311bb,Wayne,Gallman,Wayne,RB,RB,22,CUT,https://static.www.nfl.com/image/private/{formatInstructions}/league/zlhxdru9d7ktq8kxylaa,3.1206158357771265,40.136054421768705,2.455642335766424,147,682,4.639455782312925,6,606.8416584956785,79.15834150432147,0.5459195965815273,0.46206896551724136,,,
2020,REG,0,season,85,3430,00-0023500,Frank Gore,F.Gore,GOR411171,RB,RB,21,3430,2020,29892,3200474f-5241-1171-e932-18530d86ff0c,Frank,Gore,Frank,RB,RB,21,UFA,https://static.www.nfl.com/image/private/{formatInstructions}/league/lxxkhd2suyalrbruzut7,4.132343032159265,12.834224598930483,2.6082117647058816,187,653,3.4919786096256686,2,734.7969879325727,-91.79698793257273,-0.49889667354659095,0.3804347826086957,,,
2020,REG,0,season,85,3700,00-0035243,Miles Sanders,M.Sanders,SAN153567,RB,RB,26,3700,2020,47836,32005341-4e15-3567-869d-79c73965b54e,Miles,Sanders,Miles,RB,RB,26,INA,https://static.www.nfl.com/image/private/{formatInstructions}/league/m1lscxsubhwr0oz4gp45,3.520092272202999,8.536585365853659,2.8788775510204094,164,867,5.286585365853658,6,851.7409391506956,8.259060849304433,0.05066908496505787,0.34355828220858897,,,
2020,REG,0,season,85,3800,00-0033118,Kenyan Drake,K.Drake,DRA280410,RB,RB,41,3800,2020,43362,32004452-4128-0410-f1a5-770c8d09e9d7,Kenyan,Drake,Kenyan,RB,RB,41,ACT,https://static.www.nfl.com/image/private/{formatInstructions}/league/cnkha97t7evnzybhqsta,3.9656544502617788,15.062761506276152,2.7464629629629633,239,955,3.99581589958159,10,1006.0086082664619,-64.00860826646192,-0.2712229163833132,0.3135593220338983,,,
2020,REG,0,season,85,3800,00-0034681,Chase Edmonds,C.Edmonds,EDM181116,RB,RB,29,3800,2020,46203,32004544-4d18-1116-8de3-583c7ff1d2b8,Chase,Edmonds,Chase,RB,RB,29,ACT,https://static.www.nfl.com/image/private/{formatInstructions}/league/cznbk7kea3p45tzvwcss,3.596071428571429,8.24742268041237,2.691046511627906,97,448,4.618556701030927,1,439.1117813119684,-2.1117813119684,-0.02222927696808842,0.35789473684210527,,,
2020,REG,0,season,85,3900,00-0033553,James Conner,J.Conner,CON461999,RB,RB,30,3900,2020,44917,3200434f-4e46-1999-59e9-253cedeec3a5,James,Conner,James,RB,RB,30,ACT,https://static.www.nfl.com/image/private/{formatInstructions}/league/rqhi3n703cly3mehgc7h,4.0495700416088765,19.526627218934912,2.93383552631579,169,721,4.266272189349112,6,713.6248955326165,-9.624895532616506,-0.05904843885040801,0.34355828220858897,,,
2020,REG,0,season,85,3900,00-0035217,Benny Snell,B.Snell,SNE302466,RB,RB,24,3900,2020,47905,3200534e-4530-2466-8118-0bfea2b80406,Benny,Snell,Benny,RB,RB,24,ACT,https://static.www.nfl.com/image/private/{formatInstructions}/league/fo3ppnx6djkougdmpthf,4.513478260869567,29.72972972972973,2.736414141414141,111,368,3.315315315315315,4,411.4146641929489,-43.41466419294892,-0.39112310083737767,0.3333333333333333,,,
2020,REG,0,season,85,4400,00-0033699,Austin Ekeler,A.Ekeler,EKE189430,RB,RB,30,4400,2020,45573,3200454b-4518-9430-b8b6-2128b5b3e282,Austin,Ekeler,Austin,RB,RB,30,ACT,https://static.www.nfl.com/image/private/{formatInstructions}/league/rpknwsvkh8wy6mdzg5og,4.021113207547169,9.482758620689655,2.8635566037735853,116,530,4.568965517241379,1,517.736886801832,11.263113198167957,0.0979401147666779,0.3652173913043478,,,
2020,REG,0,season,85,4400,00-0034799,Kalen Ballage,K.Ballage,BAL608677,RB,RB,31,4400,2020,46200,32004241-4c60-8677-837d-5f12080d8f67,Kalen,Ballage,Kalen,RB,RB,31,ACT,https://static.www.nfl.com/image/private/{formatInstructions}/league/keqnir5nalt6ss4hk3wa,4.5030693069306915,19.78021978021978,2.7066097560975613,91,303,3.32967032967033,3,348.1626675986242,-51.16266759862418,-0.5748614336924065,0.4044943820224719,,,
2020,REG,0,season,85,4400,00-0036370,Joshua Kelley,J.Kelley,KEL272420,RB,RB,27,4400,2020,52520,32004b45-4c27-2420-b6d2-7125878e440b,Joshua,Kelley,Joshua,RB,RB,27,ACT,https://static.www.nfl.com/image/private/{formatInstructions}/league/pkqsegmcbmbjlvwfzzl2,4.622062146892656,20.72072072072072,2.662864583333333,111,354,3.189189189189189,2,412.76702064857415,-79.76702064857415,-0.7596859109388014,0.26666666666666666,,,
2020,REG,0,season,85,4500,00-0031687,Raheem Mostert,R.Mostert,MOS822492,RB,RB,31,4500,2020,42718,32004d4f-5382-2492-b0f0-aec08c3525cf,Dominique,Mostert,Raheem,RB,RB,31,RES,https://static.www.nfl.com/image/private/{formatInstructions}/league/tpqiklrgbw1pqmwtl4r8,3.8887140115163135,18.269230769230766,2.899747368421052,104,521,5.009615384615385,2,464.56526187849477,52.434738121505234,0.5090751273932547,0.3592233009708738,,,
2020,REG,0,season,85,4500,00-0034115,Jeffery Wilson,J.Wilson,WIL723340,RB,RB,30,4500,2020,46377,32005749-4c72-3340-3ba4-ceb68768d8f6,Jeffery,Wilson,Jeffery,RB,RB,30,ACT,https://static.www.nfl.com/image/private/{formatInstructions}/league/ua7hai9fuexjwl8cgrrh,3.6370166666666677,32.53968253968254,2.6828508771929833,126,600,4.761904761904762,7,581.2948741214158,4.7051258785842265,0.038253055923449,0.3983739837398374,,,
2020,REG,0,season,85,4600,00-0033594,Chris Carson,C.Carson,CAR568144,RB,RB,32,4600,2020,45062,32004341-5256-8144-487d-eff74f49df34,Christopher,Carson,Chris,RB,RB,32,ACT,https://static.www.nfl.com/image/private/{formatInstructions}/league/i03omk9cjgbka2nvn9pi,3.7819383259911894,11.347517730496454,2.8618955223880587,141,681,4.829787234042553,5,652.5120321396237,24.48796786037633,0.17617243065018942,0.43884892086330934,,,
2020,REG,0,season,85,4900,00-0033856,Leonard Fournette,L.Fournette,FOU564970,RB,RB,28,4900,2020,44816,3200464f-5556-4970-e13e-15f65e552496,Leonard,Fournette,Leonard,RB,RB,28,ACT,https://static.www.nfl.com/image/private/{formatInstructions}/league/quvoqaapbnebbllg3jwl,4.191062670299728,10.309278350515463,2.687522727272728,97,367,3.783505154639175,6,379.39224668148967,-25.392246681489667,-0.27013028384563476,0.30851063829787234,,,
2020,REG,0,season,85,4900,00-0034816,Ronald Jones,R.Jones,JON705925,RB,RB,27,4900,2020,46107,32004a4f-4e70-5925-2b49-5f67cfbf7e05,Ronald,Jones,Ronald,RB,RB,27,ACT,https://static.www.nfl.com/image/private/{formatInstructions}/league/rzzjyalc2o1un3uhx0lm,3.1679959100204504,21.875,2.4751666666666656,192,978,5.09375,7,786.5531515849393,189.44684841506069,0.9918683163092182,0.45549738219895286,,,
2020,REG,0,season,85,5110,00-0032602,J.D. McKissic,J.McKissic,MCK692580,RB,RB,41,5110,2020,43722,32004d43-4b69-2580-32dd-7823e00139ab,J.D.,McKissic,J.D.,RB,RB,41,ACT,https://static.www.nfl.com/image/private/{formatInstructions}/league/zi77vkqwrmklt5ic6lc6,3.9097534246575347,1.1764705882352942,2.633960526315789,85,365,4.294117647058823,1,416.6092789614685,-51.609278961468476,-0.6071679877819821,0.32941176470588235,,,
2020,REG,0,season,85,5110,00-0032741,Peyton Barber,P.Barber,BAR077733,RB,RB,34,5110,2020,43861,32004241-5207-7733-5913-58201e96ca93,Kenneth,Barber,Peyton,RB,RB,34,CUT,https://static.www.nfl.com/image/private/{formatInstructions}/league/jyeoeskqr7msfac0rkde,4.389922480620155,42.5531914893617,2.6626590909090915,94,258,2.74468085106383,4,332.58370714282404,-74.58370714282404,-0.7934436930087664,0.35106382978723405,,,
2020,REG,0,season,85,5110,00-0036328,Antonio Gibson,A.Gibson,GIB415285,RB,RB,24,5110,2020,52474,32004749-4241-5285-a215-d633ff9a6f70,Antonio,Gibson,Antonio,RB,RB,24,ACT,https://static.www.nfl.com/image/private/{formatInstructions}/league/cvmwtpfzdt0ibauqifup,3.776163522012581,10.0,2.7446387096774196,170,795,4.676470588235294,11,759.9154162629441,35.08458373705594,0.2088368079586663,0.39880952380952384,,,
2020,REG,1,week,10,0200,00-0032241,Todd Gurley,T.Gurley,GUR000000,RB,RB,21,0200,2020,42353,,Todd Gurley II,Gurley,Todd,RB,RB,21,ACT,https://static.www.nfl.com/image/private/{formatInstructions}/league/ym7oprwel3dxbab0k7x9,3.532857142857143,42.857142857142854,2.719923076923077,14,56,4.0,1,51.999114482723755,4.000885517276245,0.2857775369483032,0.5,REG,1,II
2020,REG,1,week,10,0325,00-0027966,Mark Ingram,M.Ingram,ING656964,RB,RB,21,0325,2020,37101,,Mark,Ingram,Mark,RB,RB,21,ACT,https://static.www.nfl.com/image/private/{formatInstructions}/league/ky9yy9cme3vh3y58rj9w,4.968620689655173,10.0,2.5078888888888886,10,29,2.9,0,51.474530768323376,-22.474530768323376,-2.2474530768323375,0.3,REG,1,Jr.
2020,REG,1,week,10,0750,00-0033280,Christian McCaffrey,C.McCaffrey,MCC035988,RB,RB,22,0750,2020,44820,,Christian,McCaffrey,Christian,RB,RB,22,ACT,https://static.www.nfl.com/image/private/{formatInstructions}/league/p8wtji6gkuwfv96vihqh,3.8941237113402067,17.391304347826086,2.7541818181818187,23,97,4.217391304347826,2,100.81734549265691,-3.817345492656912,-0.16597154315899618,0.43478260869565216,REG,1,
2020,REG,1,week,10,0810,00-0035685,David Montgomery,D.Montgomery,MON487374,RB,RB,32,0810,2020,47856,,David,Montgomery,David,RB,RB,32,ACT,https://static.www.nfl.com/image/private/{formatInstructions}/league/zsd3fcztejae8oexy3um,3.0910937499999998,0.0,2.599153846153847,13,64,4.923076923076923,0,63.759331705772745,-0.7593317057727447,-0.06327764214772873,0.3333333333333333,REG,1,
2020,REG,1,week,10,0920,00-0033897,Joe Mixon,J.Mixon,MIX564388,RB,HB,28,0920,2020,44860,,Joe,Mixon,Joe,RB,RB,28,ACT,https://static.www.nfl.com/image/private/{formatInstructions}/league/pkzlqusxfp1pioew4pb3,4.419710144927536,0.0,2.6745625000000004,19,69,3.6315789473684212,0,90.15166690149479,-21.151666901494792,-1.1132456263944628,0.3684210526315789,REG,1,
2020,REG,1,week,10,1050,00-0033923,Kareem Hunt,K.Hunt,HUN308934,RB,RB,27,1050,2020,44898,,Kareem,Hunt,Kareem,RB,RB,27,ACT,https://static.www.nfl.com/image/private/{formatInstructions}/league/soaqewfl8xjea2lpzfth,3.2890277777777777,7.6923076923076925,2.7792307692307694,13,72,5.538461538461538,0,57.4533314677425,14.546668532257499,1.118974502481346,0.38461538461538464,REG,1,
2020,REG,1,week,10,1050,00-0034791,Nick Chubb,N.Chubb,CHU033942,RB,RB,24,1050,2020,46104,,Nicholas,Chubb,Nick,RB,RB,24,ACT,https://static.www.nfl.com/image/private/{formatInstructions}/league/m10y1skypqxyvigftdle,3.2211666666666665,20.0,2.9738,10,60,6.0,0,43.786054516696964,16.213945483303036,1.6213945483303036,0.3,REG,1,
2020,REG,1,week,10,1200,00-0033045,Ezekiel Elliott,E.Elliott,ELL289284,RB,RB,21,1200,2020,43293,,Ezekiel,Elliott,Ezekiel,RB,RB,21,ACT,https://static.www.nfl.com/image/private/{formatInstructions}/league/e2h7hohon748tyzzu3z5,3.3925000000000005,4.545454545454546,2.5439545454545462,22,96,4.363636363636363,1,111.30755491329988,-15.307554913299882,-0.6957979506045401,0.45454545454545453,REG,1,
2020,REG,1,week,10,1400,00-0032144,Melvin Gordon,M.Gordon,GOR275321,RB,RB,25,1400,2020,42358,,Melvin,Gordon,Melvin,RB,RB,25,ACT,https://static.www.nfl.com/image/private/{formatInstructions}/league/en0ul7l1m9aqf7wffufg,4.0611538461538474,20.0,2.9412142857142856,15,78,5.2,1,58.220434763494815,19.779565236505185,1.318637682433679,0.4666666666666667,REG,1,III
2020,REG,1,week,10,1540,00-0025394,Adrian Peterson,A.Peterson,PET260705,RB,RB,28,1540,2020,32200,,Adrian,Peterson,Adrian,RB,RB,28,ACT,https://static.www.nfl.com/image/private/{formatInstructions}/league/wcjhdlzid3giumhu60tu,2.9359139784946238,35.714285714285715,2.773357142857143,14,93,6.642857142857143,0,61.33282750706893,31.667172492931073,2.2619408923522193,0.35714285714285715,REG,1,
2020,REG,1,week,10,1800,00-0033293,Aaron Jones,A.Jones,JON026624,RB,RB,33,1800,2020,44995,,Aaron,Jones,Aaron,RB,RB,33,ACT,https://static.www.nfl.com/image/private/{formatInstructions}/league/fhg7hqiz87nyx1payjqh,4.221818181818182,43.75,2.9063749999999997,16,66,4.125,1,65.88299350455961,0.11700649544039265,0.007312905965024541,0.375,REG,1,
2020,REG,1,week,10,2100,00-0032764,Derrick Henry,D.Henry,HEN602843,RB,RB,22,2100,2020,43334,,Derrick,Henry,Derrick,RB,RB,22,ACT,https://static.www.nfl.com/image/private/{formatInstructions}/league/f5kj56yln1s0qlpdhbxu,4.590086206896552,6.451612903225806,2.8627741935483875,31,116,3.7419354838709675,0,148.11742649718087,-32.11742649718087,-1.0360460160380927,0.25806451612903225,REG,1,Jr.
2020,REG,1,week,10,2120,00-0032187,David Johnson,Da.Johnson,JOH174477,RB,RB,31,2120,2020,42429,,David,Johnson,David,RB,RB,31,ACT,https://static.www.nfl.com/image/private/{formatInstructions}/league/xhkqvvkq3awveyhv0x4e,2.602077922077921,9.090909090909092,2.6108181818181824,11,77,7.0,1,50.151941452311334,26.848058547688666,2.440732595244424,0.7272727272727273,REG,1,
2020,REG,1,week,10,2250,00-0035831,James Robinson,J.Robinson,ROB521367,RB,RB,30,2250,2020,52733,,James,Robinson,James,RB,RB,30,ACT,https://static.www.nfl.com/image/private/{formatInstructions}/league/lxzbao36eeratekmnxeb,4.03516129032258,0.0,2.8451428571428568,16,62,3.875,0,77.39559415485867,-15.39559415485867,-0.9622246346786669,0.3125,REG,1,
2020,REG,1,week,10,2310,00-0036360,Clyde Edwards-Helaire,C.Edwards-Helaire,EDW815562,RB,RB,25,2310,2020,52440,,Clyde,Edwards-Helaire,Clyde,RB,RB,25,ACT,https://static.www.nfl.com/image/private/{formatInstructions}/league/q5wl4fimqanss0vsgygg,3.2665942028985504,36.0,2.6015238095238096,25,138,5.52,1,102.65484624157108,35.34515375842892,1.4138061503371568,0.4,REG,1,
2020,REG,1,week,10,2510,00-0031806,Malcolm Brown,M.Brown,BRO550137,RB,RB,34,2510,2020,42837,,Malcolm,Brown,Malcolm,RB,RB,34,ACT,https://static.www.nfl.com/image/private/{formatInstructions}/league/saroibi2giakpauwanjg,3.722025316455696,16.666666666666664,2.717222222222222,18,79,4.388888888888889,2,70.74790377151626,6.252096228483737,0.36777036638139626,0.5294117647058824,REG,1,
2020,REG,1,week,10,2510,00-0036414,Cam Akers,C.Akers,AKE415291,RB,RB,23,2510,2020,52460,,Cam,Akers,Cam,RB,RB,23,ACT,https://static.www.nfl.com/image/private/{formatInstructions}/league/zeh3myk7tc0yzp6qbudr,5.3476923076923075,42.857142857142854,2.8164285714285713,14,39,2.7857142857142856,0,58.4852589905481,-19.485258990548097,-1.3918042136105784,0.0,REG,1,
2020,REG,1,week,10,2520,00-0035700,Josh Jacobs,J.Jacobs,JAC734615,RB,RB,28,2520,2020,47823,,Joshua,Jacobs,Josh,RB,RB,28,ACT,https://static.www.nfl.com/image/private/{formatInstructions}/league/docmktgq1ubvu87ltcco,4.394408602150538,28.000000000000004,2.7427727272727274,25,93,3.72,3,86.62259552112732,6.377404478872677,0.25509617915490707,0.52,REG,1,
2020,REG,1,week,10,3000,00-0033893,Dalvin Cook,D.Cook,COO047079,RB,RB,33,3000,2020,44853,,Dalvin,Cook,Dalvin,RB,RB,33,ACT,https://static.www.nfl.com/image/private/{formatInstructions}/league/sxhuurbjysw8vxgj8arg,4.445200000000001,16.666666666666664,2.8201666666666667,12,50,4.166666666666667,2,41.62740307132317,3.3725969286768276,0.3065997207888025,0.2727272727272727,REG,1,
2020,REG,1,week,10,3200,00-0034845,Sony Michel,S.Michel,MIC517884,RB,RB,26,3200,2020,46092,,Sony,Michel,Sony,RB,RB,26,ACT,https://static.www.nfl.com/image/private/{formatInstructions}/league/ipukh50tw8mnyhaufamz,3.455675675675676,40.0,2.1523,10,37,3.7,1,40.221390019106245,-3.221390019106245,-0.3221390019106245,0.5,REG,1,
2020,REG,1,week,10,3300,00-0030513,Latavius Murray,L.Murray,MUR671046,RB,RB,28,3300,2020,40129,,Latavius,Murray,Latavius,RB,RB,28,ACT,https://static.www.nfl.com/image/private/{formatInstructions}/league/keze6gbkt5ipoqtpq7dl,4.121666666666668,13.333333333333334,2.7761428571428577,15,48,3.2,0,57.23833157719858,-9.23833157719858,-0.6158887718132386,0.3333333333333333,REG,1,
2020,REG,1,week,10,3300,00-0033906,Alvin Kamara,A.Kamara,KAM244058,RB,RB,41,3300,2020,44879,,Alvin,Kamara,Alvin,RB,RB,41,ACT,https://static.www.nfl.com/image/private/{formatInstructions}/league/rubeyrjz53yacwyjgycx,11.250625000000001,0.0,3.1003750000000005,12,16,1.3333333333333333,1,41.64528645927933,-25.645286459279333,-2.1371072049399444,0.08333333333333333,REG,1,
2020,REG,1,week,10,3410,00-0034844,Saquon Barkley,S.Barkley,BAR192674,RB,RB,26,3410,2020,46208,,Saquon,Barkley,Saquon,RB,RB,26,ACT,https://static.www.nfl.com/image/private/{formatInstructions}/league/yimxr0tykw7u3aogj60u,39.254999999999995,0.0,3.5707142857142853,15,6,0.4,0,33.02168262364909,-27.02168262364909,-1.8014455082432728,0.2,REG,1,
2020,REG,1,week,10,3800,00-0033118,Kenyan Drake,K.Drake,DRA280410,RB,RB,41,3800,2020,43362,,Kenyan,Drake,Kenyan,RB,RB,41,ACT,https://static.www.nfl.com/image/private/{formatInstructions}/league/cnkha97t7evnzybhqsta,4.326166666666666,12.5,2.874066666666666,16,60,3.75,1,55.52113463207608,-5.521134632076077,-0.3680756421384051,0.5333333333333333,REG,1,
2020,REG,1,week,10,3900,00-0035217,Benny Snell,B.Snell,SNE302466,RB,RB,24,3900,2020,47905,,Benny,Snell,Benny,RB,RB,24,ACT,https://static.www.nfl.com/image/private/{formatInstructions}/league/fo3ppnx6djkougdmpthf,3.2124778761061945,15.789473684210526,2.8953333333333338,19,113,5.947368421052632,0,98.61460998287292,14.38539001712708,0.7571257903751094,0.3157894736842105,REG,1,
2020,REG,1,week,10,4400,00-0033699,Austin Ekeler,A.Ekeler,EKE189430,RB,RB,30,4400,2020,45573,,Austin,Ekeler,Austin,RB,RB,30,ACT,https://static.www.nfl.com/image/private/{formatInstructions}/league/rpknwsvkh8wy6mdzg5og,4.162619047619048,5.263157894736842,2.7038333333333333,19,84,4.421052631578948,0,93.2477973734607,-9.247797373460699,-0.48672617755056313,0.42105263157894735,REG,1,
2020,REG,1,week,10,4400,00-0036370,Joshua Kelley,J.Kelley,KEL272420,RB,RB,27,4400,2020,52520,,Joshua,Kelley,Joshua,RB,RB,27,ACT,https://static.www.nfl.com/image/private/{formatInstructions}/league/pkqsegmcbmbjlvwfzzl2,3.207,33.33333333333333,2.562181818181818,12,60,5.0,1,47.661700533223,12.338299466777002,1.028191622231417,0.3333333333333333,REG,1,
2020,REG,1,week,10,4500,00-0031687,Raheem Mostert,R.Mostert,MOS822492,RB,RB,31,4500,2020,42718,,Dominique,Mostert,Raheem,RB,RB,31,ACT,https://static.www.nfl.com/image/private/{formatInstructions}/league/tpqiklrgbw1pqmwtl4r8,4.902857142857143,20.0,2.8309285714285712,15,56,3.7333333333333334,0,58.54099263509691,-2.540992635096913,-0.16939950900646086,0.4,REG,1,
2020,REG,1,week,10,4900,00-0034816,Ronald Jones,R.Jones,JON705925,RB,RB,27,4900,2020,46107,,Ronald,Jones,Ronald,RB,RB,27,ACT,https://static.www.nfl.com/image/private/{formatInstructions}/league/rzzjyalc2o1un3uhx0lm,3.9757575757575756,5.88235294117647,2.6696875,17,66,3.8823529411764706,0,50.337439086809106,15.662560913190894,0.9213271125406408,0.4117647058823529,REG,1,
2020,REG,1,week,10,5110,00-0032741,Peyton Barber,P.Barber,BAR077733,RB,RB,34,5110,2020,43861,,Kenneth,Barber,Peyton,RB,RB,34,ACT,https://static.www.nfl.com/image/private/{formatInstructions}/league/jyeoeskqr7msfac0rkde,6.599310344827586,35.294117647058826,2.840470588235294,17,29,1.7058823529411764,2,38.98802184219239,-9.988021842192389,-0.5875306965995523,0.4117647058823529,REG,1,
2020,REG,2,week,10,0200,00-0032241,Todd Gurley,T.Gurley,GUR000000,RB,RB,21,0200,2020,42353,,Todd Gurley II,Gurley,Todd,RB,RB,21,ACT,https://static.www.nfl.com/image/private/{formatInstructions}/league/ym7oprwel3dxbab0k7x9,5.390819672131148,9.523809523809524,2.6091666666666664,21,61,2.9047619047619047,0,90.00832515371242,-29.00832515371242,-1.3813488168434485,0.3333333333333333,REG,2,II
2020,REG,2,week,10,0325,00-0034184,Gus Edwards,G.Edwards,EDW471180,RB,RB,35,0325,2020,46437,,Gus,Edwards,Gus,RB,RB,35,ACT,https://static.www.nfl.com/image/private/{formatInstructions}/league/qzfjokxel2zmnlt4omrq,2.5143835616438364,50.0,2.6198,10,73,7.3,0,51.631762163574265,21.368237836425735,2.1368237836425736,0.5,REG,2,
2020,REG,2,week,10,0610,00-0035250,Devin Singletary,D.Singletary,SIN186919,RB,RB,26,0610,2020,47857,,Devin,Singletary,Devin,RB,RB,26,ACT,https://static.www.nfl.com/image/private/{formatInstructions}/league/uvjmmkicdibmtrssqv12,2.6983928571428573,0.0,2.6169000000000002,10,56,5.6,0,45.18659246683686,10.813407533163137,1.0813407533163137,0.3,REG,2,
2020,REG,2,week,10,0750,00-0033280,Christian McCaffrey,C.McCaffrey,MCC035988,RB,RB,22,0750,2020,44820,,Christian,McCaffrey,Christian,RB,RB,22,ACT,https://static.www.nfl.com/image/private/{formatInstructions}/league/p8wtji6gkuwfv96vihqh,4.517118644067796,11.11111111111111,2.7842,18,59,3.2777777777777777,2,63.28900088847178,-4.289000888471783,-0.23827782713732126,0.4444444444444444,REG,2,
2020,REG,2,week,10,0810,00-0035685,David Montgomery,D.Montgomery,MON487374,RB,RB,32,0810,2020,47856,,David,Montgomery,David,RB,RB,32,ACT,https://static.www.nfl.com/image/private/{formatInstructions}/league/zsd3fcztejae8oexy3um,3.1545121951219506,6.25,2.5023125000000004,16,82,5.125,0,77.07528062419298,4.924719375807015,0.30779496098793846,0.375,REG,2,
2020,REG,2,week,10,0920,00-0033897,Joe Mixon,J.Mixon,MIX564388,RB,HB,28,0920,2020,44860,,Joe,Mixon,Joe,RB,RB,28,ACT,https://static.www.nfl.com/image/private/{formatInstructions}/league/pkzlqusxfp1pioew4pb3,4.98391304347826,18.75,2.5776153846153846,16,46,2.875,0,57.05540226549637,-13.055402265496369,-0.8703601510330913,0.4,REG,2,
2020,REG,2,week,10,1050,00-0033923,Kareem Hunt,K.Hunt,HUN308934,RB,RB,27,1050,2020,44898,,Kareem,Hunt,Kareem,RB,RB,27,ACT,https://static.www.nfl.com/image/private/{formatInstructions}/league/soaqewfl8xjea2lpzfth,2.2673255813953492,50.0,2.5206,10,86,8.6,1,41.63581813604497,44.36418186395503,4.436418186395503,0.7,REG,2,
2020,REG,2,week,10,1050,00-0034791,Nick Chubb,N.Chubb,CHU033942,RB,RB,24,1050,2020,46104,,Nicholas,Chubb,Nick,RB,RB,24,ACT,https://static.www.nfl.com/image/private/{formatInstructions}/league/m10y1skypqxyvigftdle,3.1281451612903224,27.27272727272727,2.9126000000000003,22,124,5.636363636363637,2,71.52418097335087,49.475819026649134,2.3559913822213874,0.5238095238095238,REG,2,
2020,REG,2,week,10,1200,00-0033045,Ezekiel Elliott,E.Elliott,ELL289284,RB,RB,21,1200,2020,43293,,Ezekiel,Elliott,Ezekiel,RB,RB,21,ACT,https://static.www.nfl.com/image/private/{formatInstructions}/league/e2h7hohon748tyzzu3z5,3.7513483146067417,4.545454545454546,2.4960476190476193,22,89,4.045454545454546,1,87.84739468183193,-6.847394681831929,-0.3260664134205681,0.38095238095238093,REG,2,
2020,REG,2,week,10,1400,00-0032144,Melvin Gordon,M.Gordon,GOR275321,RB,RB,25,1400,2020,42358,,Melvin,Gordon,Melvin,RB,RB,25,ACT,https://static.www.nfl.com/image/private/{formatInstructions}/league/en0ul7l1m9aqf7wffufg,4.585428571428572,0.0,2.7781333333333333,19,70,3.6842105263157894,0,104.59160197489898,-35.59160197489898,-1.977311220827721,0.2222222222222222,REG,2,III
2020,REG,2,week,10,1800,00-0033293,Aaron Jones,A.Jones,JON026624,RB,RB,33,1800,2020,44995,,Aaron,Jones,Aaron,RB,RB,33,ACT,https://static.www.nfl.com/image/private/{formatInstructions}/league/fhg7hqiz87nyx1payjqh,2.3616071428571432,0.0,2.6930000000000005,18,168,9.333333333333334,2,94.52636502876999,73.47363497123001,4.081868609512778,0.4444444444444444,REG,2,
2020,REG,2,week,10,2100,00-0032764,Derrick Henry,D.Henry,HEN602843,RB,RB,22,2100,2020,43334,,Derrick,Henry,Derrick,RB,RB,22,ACT,https://static.www.nfl.com/image/private/{formatInstructions}/league/f5kj56yln1s0qlpdhbxu,5.533928571428571,40.0,2.918909090909091,25,84,3.36,0,99.64523650986777,-18.64523650986777,-0.7768848545778239,0.25,REG,2,Jr.
2020,REG,2,week,10,2120,00-0032187,David Johnson,Da.Johnson,JOH174477,RB,RB,31,2120,2020,42429,,David,Johnson,David,RB,RB,31,ACT,https://static.www.nfl.com/image/private/{formatInstructions}/league/xhkqvvkq3awveyhv0x4e,3.8002941176470584,0.0,2.2635,11,34,3.090909090909091,0,42.556029206152274,-8.556029206152274,-0.777820836922934,0.2727272727272727,REG,2,
2020,REG,2,week,10,2200,00-0036223,Jonathan Taylor,J.Taylor,TAY431618,RB,RB,28,2200,2020,52449,,Jonathan,Taylor,Jonathan,RB,RB,28,ACT,https://static.www.nfl.com/image/private/{formatInstructions}/league/mx6ptr3jbhx0wxo3848u,4.5134653465346535,34.61538461538461,2.8946086956521744,26,101,3.8846153846153846,1,118.39257789687969,-30.392577896879686,-1.2157031158751874,0.28,REG,2,
2020,REG,2,week,10,2250,00-0035831,James Robinson,J.Robinson,ROB521367,RB,RB,30,2250,2020,52733,,James,Robinson,James,RB,RB,30,ACT,https://static.www.nfl.com/image/private/{formatInstructions}/league/lxzbao36eeratekmnxeb,2.8961764705882356,25.0,2.8709999999999996,16,102,6.375,1,71.33401194284912,30.665988057150884,1.9166242535719302,0.375,REG,2,
2020,REG,2,week,10,2310,00-0036360,Clyde Edwards-Helaire,C.Edwards-Helaire,EDW815562,RB,RB,25,2310,2020,52440,,Clyde,Edwards-Helaire,Clyde,RB,RB,25,ACT,https://static.www.nfl.com/image/private/{formatInstructions}/league/ldgjalogqzti76pmqbw1,4.583947368421053,0.0,2.895888888888889,10,38,3.8,0,52.525530297210416,-14.525530297210416,-1.4525530297210416,0.2,REG,2,
2020,REG,2,week,10,2510,00-0031806,Malcolm Brown,M.Brown,BRO550137,RB,RB,34,2510,2020,42837,,Malcolm,Brown,Malcolm,RB,RB,34,ACT,https://static.www.nfl.com/image/private/{formatInstructions}/league/saroibi2giakpauwanjg,3.816595744680851,0.0,3.085125,11,47,4.2727272727272725,0,42.94485267176221,4.055147328237787,0.36864975711252607,0.2727272727272727,REG,2,
2020,REG,2,week,10,2510,00-0035664,Darrell Henderson,D.Henderson,HEN054456,RB,RB,27,2510,2020,47853,,Darrell,Henderson,Darrell,RB,RB,27,ACT,https://static.www.nfl.com/image/private/{formatInstructions}/league/nyjvyjkx6cb2a7lfxevg,2.6185185185185182,25.0,2.556833333333333,12,81,6.75,1,51.985205366263315,29.014794633736685,2.4178995528113902,0.4166666666666667,REG,2,
2020,REG,2,week,10,2520,00-0035700,Josh Jacobs,J.Jacobs,JAC734615,RB,RB,28,2520,2020,47823,,Joshua,Jacobs,Josh,RB,RB,28,ACT,https://static.www.nfl.com/image/private/{formatInstructions}/league/docmktgq1ubvu87ltcco,5.05284090909091,33.33333333333333,2.716347826086956,27,88,3.259259259259259,0,87.75640901845259,-2.7564090184525867,-0.10601573147894564,0.34615384615384615,REG,2,
2020,REG,2,week,10,3000,00-0033893,Dalvin Cook,D.Cook,COO047079,RB,RB,33,3000,2020,44853,,Dalvin,Cook,Dalvin,RB,RB,33,ACT,https://static.www.nfl.com/image/private/{formatInstructions}/league/sxhuurbjysw8vxgj8arg,4.126666666666667,0.0,3.1512857142857134,14,63,4.5,1,81.09320777029511,-18.09320777029511,-1.2923719835925078,0.2857142857142857,REG,2,
2020,REG,2,week,10,3300,00-0033906,Alvin Kamara,A.Kamara,KAM244058,RB,RB,41,3300,2020,44879,,Alvin,Kamara,Alvin,RB,RB,41,ACT,https://static.www.nfl.com/image/private/{formatInstructions}/league/rubeyrjz53yacwyjgycx,3.459620253164558,30.76923076923077,2.7526923076923078,13,79,6.076923076923077,2,63.208868725510435,15.791131274489565,1.2147024057299665,0.6153846153846154,REG,2,
2020,REG,2,week,10,3410,00-0028087,Dion Lewis,D.Lewis,LEW218646,RB,RB,33,3410,2020,37224,,Dion,Lewis,Dion,RB,RB,33,ACT,https://static.www.nfl.com/image/private/{formatInstructions}/league/erzmtaaz3eimbg998hyq,5.596000000000001,20.0,2.3745555555555558,10,20,2.0,1,40.47142647498083,-20.47142647498083,-2.047142647498083,0.2,REG,2,
2020,REG,2,week,10,3430,00-0023500,Frank Gore,F.Gore,GOR411171,RB,RB,21,3430,2020,29892,,Frank,Gore,Frank,RB,RB,21,ACT,https://static.www.nfl.com/image/private/{formatInstructions}/league/lxxkhd2suyalrbruzut7,4.143809523809524,14.285714285714285,2.5356666666666667,21,63,3.0,0,73.79896923911771,-10.79896923911771,-0.5142366304341767,0.2857142857142857,REG,2,
2020,REG,2,week,10,3700,00-0035243,Miles Sanders,M.Sanders,SAN153567,RB,RB,26,3700,2020,47836,,Miles,Sanders,Miles,RB,RB,26,ACT,https://static.www.nfl.com/image/private/{formatInstructions}/league/m1lscxsubhwr0oz4gp45,3.75778947368421,5.0,2.7498499999999995,20,95,4.75,1,109.52711509471192,-14.527115094711917,-0.7263557547355959,0.25,REG,2,
2020,REG,2,week,10,3800,00-0033118,Kenyan Drake,K.Drake,DRA280410,RB,RB,41,3800,2020,43362,,Kenyan,Drake,Kenyan,RB,RB,41,ACT,https://static.www.nfl.com/image/private/{formatInstructions}/league/cnkha97t7evnzybhqsta,3.5369767441860454,10.0,2.7618421052631574,20,86,4.3,0,86.58238226908783,-0.5823822690878302,-0.02911911345439151,0.25,REG,2,
2020,REG,2,week,10,3900,00-0033553,James Conner,J.Conner,CON461999,RB,RB,30,3900,2020,44917,,James,Conner,James,RB,RB,30,ACT,https://static.www.nfl.com/image/private/{formatInstructions}/league/g7f2fameplu2lllzpp75,2.9062264150943395,18.75,2.5922857142857145,16,106,6.625,1,69.43463935563393,32.565360644366066,2.171024042957738,0.3333333333333333,REG,2,
2020,REG,2,week,10,4400,00-0033699,Austin Ekeler,A.Ekeler,EKE189430,RB,RB,30,4400,2020,45573,,Austin,Ekeler,Austin,RB,RB,30,ACT,https://static.www.nfl.com/image/private/{formatInstructions}/league/rpknwsvkh8wy6mdzg5og,3.333118279569893,0.0,2.8264000000000005,16,93,5.8125,0,78.59867525699661,14.401324743003386,0.9000827964377116,0.5,REG,2,
2020,REG,2,week,10,4400,00-0036370,Joshua Kelley,J.Kelley,KEL272420,RB,RB,27,4400,2020,52520,,Joshua,Kelley,Joshua,RB,RB,27,ACT,https://static.www.nfl.com/image/private/{formatInstructions}/league/pkqsegmcbmbjlvwfzzl2,4.82796875,30.434782608695656,2.543636363636364,23,64,2.782608695652174,0,88.9769219340858,-24.976921934085794,-1.0859531275689476,0.2608695652173913,REG,2,
2020,REG,2,week,10,4500,00-0032058,Tevin Coleman,T.Coleman,COL359050,RB,RB,26,4500,2020,42416,,Tevin,Coleman,Tevin,RB,RB,26,ACT,https://static.www.nfl.com/image/private/{formatInstructions}/league/nabesbpd8nocsy6aplmj,18.16,50.0,3.1158888888888887,14,12,0.8571428571428571,0,36.32181245286369,-24.32181245286369,-1.737272318061692,0.14285714285714285,REG,2,
2020,REG,2,week,10,4600,00-0033594,Chris Carson,C.Carson,CAR568144,RB,RB,32,4600,2020,45062,,Christopher,Carson,Chris,RB,RB,32,ACT,https://static.www.nfl.com/image/private/{formatInstructions}/league/i03omk9cjgbka2nvn9pi,3.7984722222222222,11.76470588235294,2.9887647058823528,17,72,4.235294117647059,0,62.80687691352353,9.193123086476469,0.5407719462633217,0.5882352941176471,REG,2,
2020,REG,2,week,10,4900,00-0033856,Leonard Fournette,L.Fournette,FOU564970,RB,RB,28,4900,2020,44816,,Leonard,Fournette,Leonard,RB,RB,28,ACT,https://static.www.nfl.com/image/private/{formatInstructions}/league/ts21do870bsfb6iiepsh,2.528058252427184,0.0,2.835090909090909,12,103,8.583333333333334,2,40.43406447386034,62.56593552613966,5.213827960511638,0.6666666666666666,REG,2,
2020,REG,2,week,10,5110,00-0036328,Antonio Gibson,A.Gibson,GIB415285,RB,RB,24,5110,2020,52474,,Antonio,Gibson,Antonio,RB,RB,24,ACT,https://static.www.nfl.com/image/private/{formatInstructions}/league/cvmwtpfzdt0ibauqifup,4.026909090909092,23.076923076923077,3.147090909090909,13,55,4.230769230769231,1,58.31506689015314,-3.3150668901531404,-0.2550051453963954,0.3076923076923077,REG,2,
2020,REG,3,week,10,0200,00-0032241,Todd Gurley,T.Gurley,GUR000000,RB,RB,21,0200,2020,42353,,Todd Gurley II,Gurley,Todd,RB,RB,21,ACT,https://static.www.nfl.com/image/private/{formatInstructions}/league/ym7oprwel3dxbab0k7x9,3.0534999999999997,7.142857142857142,2.934928571428571,14,80,5.714285714285714,1,64.0448172309594,14.955182769040604,1.1503986745415848,0.38461538461538464,REG,3,II
2020,REG,3,week,10,0610,00-0035250,Devin Singletary,D.Singletary,SIN186919,RB,RB,26,0610,2020,47857,,Devin,Singletary,Devin,RB,RB,26,ACT,https://static.www.nfl.com/image/private/{formatInstructions}/league/uvjmmkicdibmtrssqv12,3.3045070422535208,0.0,2.739,13,71,5.461538461538462,0,46.5336722063523,22.4663277936477,1.872193982803975,0.5,REG,3,
2020,REG,3,week,10,0750,00-0032063,Mike Davis,M.Davis,DAV567050,RB,RB,28,0750,2020,42469,,Michael,Davis,Mike,RB,RB,28,ACT,https://static.www.nfl.com/image/private/{formatInstructions}/league/sd67wjznwou2pwqs2m3h,4.845434782608695,15.384615384615385,2.9415999999999998,13,46,3.5384615384615383,0,36.56981585476429,2.4301841452357067,0.2025153454363089,0.25,REG,3,
2020,REG,3,week,10,0810,00-0035685,David Montgomery,D.Montgomery,MON487374,RB,RB,32,0810,2020,47856,,David,Montgomery,David,RB,RB,32,ACT,https://static.www.nfl.com/image/private/{formatInstructions}/league/zsd3fcztejae8oexy3um,5.212666666666667,21.428571428571427,2.6478,14,45,3.2142857142857144,0,38.94705864621327,6.0529413537867285,0.4323529538419092,0.5714285714285714,REG,3,
2020,REG,3,week,10,0920,00-0033897,Joe Mixon,J.Mixon,MIX564388,RB,HB,28,0920,2020,44860,,Joe,Mixon,Joe,RB,RB,28,ACT,https://static.www.nfl.com/image/private/{formatInstructions}/league/pkzlqusxfp1pioew4pb3,7.170000000000001,5.88235294117647,3.4514666666666662,17,49,2.8823529411764706,0,46.74629583973278,3.253704160267219,0.2033565100167012,0.4375,REG,3,
2020,REG,3,week,10,1050,00-0033923,Kareem Hunt,K.Hunt,HUN308934,RB,RB,27,1050,2020,44898,,Kareem,Hunt,Kareem,RB,RB,27,ACT,https://static.www.nfl.com/image/private/{formatInstructions}/league/soaqewfl8xjea2lpzfth,5.739347826086957,25.0,3.139538461538462,16,46,2.875,0,45.246091326742956,0.7539086732570439,0.047119292078565245,0.5625,REG,3,
2020,REG,3,week,10,1050,00-0034791,Nick Chubb,N.Chubb,CHU033942,RB,RB,24,1050,2020,46104,,Nicholas,Chubb,Nick,RB,RB,24,ACT,https://static.www.nfl.com/image/private/{formatInstructions}/league/m10y1skypqxyvigftdle,3.3720370370370367,26.31578947368421,3.0697222222222225,19,108,5.684210526315789,2,69.0183807522877,38.9816192477123,2.0516641709322263,0.3684210526315789,REG,3,
2020,REG,3,week,10,1200,00-0033045,Ezekiel Elliott,E.Elliott,ELL289284,RB,RB,21,1200,2020,43293,,Ezekiel,Elliott,Ezekiel,RB,RB,21,ACT,https://static.www.nfl.com/image/private/{formatInstructions}/league/e2h7hohon748tyzzu3z5,5.001764705882352,35.714285714285715,2.4513333333333334,14,34,2.4285714285714284,1,36.713261505961626,-2.7132615059616256,-0.19380439328297325,0.6428571428571429,REG,3,
2020,REG,3,week,10,1540,00-0025394,Adrian Peterson,A.Peterson,PET260705,RB,RB,28,1540,2020,32200,,Adrian,Peterson,Adrian,RB,RB,28,ACT,https://static.www.nfl.com/image/private/{formatInstructions}/league/wcjhdlzid3giumhu60tu,4.374533333333333,13.636363636363635,2.8208499999999996,22,75,3.409090909090909,0,97.51523018615343,-22.51523018615343,-1.023419553916065,0.22727272727272727,REG,3,
2020,REG,3,week,10,1800,00-0033293,Aaron Jones,A.Jones,JON026624,RB,RB,33,1800,2020,44995,,Aaron,Jones,Aaron,RB,RB,33,ACT,https://static.www.nfl.com/image/private/{formatInstructions}/league/fhg7hqiz87nyx1payjqh,4.187681159420291,6.25,2.6525,16,69,4.3125,1,64.48906683114215,4.5109331688578465,0.2819333230536154,0.3125,REG,3,
2020,REG,3,week,10,2100,00-0032764,Derrick Henry,D.Henry,HEN602843,RB,RB,22,2100,2020,43334,,Derrick,Henry,Derrick,RB,RB,22,ACT,https://static.www.nfl.com/image/private/{formatInstructions}/league/f5kj56yln1s0qlpdhbxu,4.1149579831932765,30.76923076923077,2.66132,26,119,4.576923076923077,2,95.96876956381489,23.031230436185112,0.8858165552378889,0.5769230769230769,REG,3,Jr.
2020,REG,3,week,10,2120,00-0032187,David Johnson,Da.Johnson,JOH174477,RB,RB,31,2120,2020,42429,,David,Johnson,David,RB,RB,31,ACT,https://static.www.nfl.com/image/private/{formatInstructions}/league/xhkqvvkq3awveyhv0x4e,6.913913043478261,0.0,2.523636363636364,13,23,1.7692307692307692,1,44.798340408249025,-21.798340408249025,-1.6767954160191558,0.15384615384615385,REG,3,
2020,REG,3,week,10,2200,00-0036223,Jonathan Taylor,J.Taylor,TAY431618,RB,RB,28,2200,2020,52449,,Jonathan,Taylor,Jonathan,RB,RB,28,ACT,https://static.www.nfl.com/image/private/{formatInstructions}/league/mx6ptr3jbhx0wxo3848u,3.3625423728813564,23.076923076923077,2.520076923076923,13,59,4.538461538461538,1,55.652550506585655,3.347449493414345,0.25749611487802654,0.46153846153846156,REG,3,
2020,REG,3,week,10,2250,00-0035831,James Robinson,J.Robinson,ROB521367,RB,RB,30,2250,2020,52733,,James,Robinson,James,RB,RB,30,ACT,https://static.www.nfl.com/image/private/{formatInstructions}/league/lxzbao36eeratekmnxeb,3.4671739130434784,18.181818181818183,2.6444545454545456,11,46,4.181818181818182,2,45.16665397596715,0.8333460240328492,0.07575872945753175,0.36363636363636365,REG,3,
2020,REG,3,week,10,2310,00-0036360,Clyde Edwards-Helaire,C.Edwards-Helaire,EDW815562,RB,RB,25,2310,2020,52440,,Clyde,Edwards-Helaire,Clyde,RB,RB,25,ACT,https://static.www.nfl.com/image/private/{formatInstructions}/league/ldgjalogqzti76pmqbw1,4.2321875,5.0,2.7865,20,64,3.2,0,100.94166773355825,-36.94166773355825,-1.8470833866779124,0.25,REG,3,
2020,REG,3,week,10,2510,00-0035664,Darrell Henderson,D.Henderson,HEN054456,RB,RB,27,2510,2020,47853,,Darrell,Henderson,Darrell,RB,RB,27,ACT,https://static.www.nfl.com/image/private/{formatInstructions}/league/nyjvyjkx6cb2a7lfxevg,3.112894736842106,20.0,2.444210526315789,20,114,5.7,1,100.67030412614106,13.329695873858938,0.6664847936929469,0.6,REG,3,
2020,REG,3,week,10,2520,00-0035700,Josh Jacobs,J.Jacobs,JAC734615,RB,RB,28,2520,2020,47823,,Joshua,Jacobs,Josh,RB,RB,28,ACT,https://static.www.nfl.com/image/private/{formatInstructions}/league/docmktgq1ubvu87ltcco,3.770281690140845,6.25,2.6765714285714286,16,71,4.4375,0,63.61504112279729,7.384958877202713,0.4615599298251696,0.5,REG,3,
2020,REG,3,week,10,2700,00-0035311,Myles Gaskin,M.Gaskin,GAS211909,RB,RB,37,2700,2020,48017,,Myles,Gaskin,Myles,RB,RB,37,ACT,https://static.www.nfl.com/image/private/{formatInstructions}/league/lwbo5oqzvpcb5y0fufoa,4.713484848484848,54.54545454545454,2.6483499999999998,22,66,3.0,0,70.99626028818025,-4.9962602881802525,-0.22710274037182965,0.5,REG,3,
2020,REG,3,week,10,3000,00-0033893,Dalvin Cook,D.Cook,COO047079,RB,RB,33,3000,2020,44853,,Dalvin,Cook,Dalvin,RB,RB,33,ACT,https://static.www.nfl.com/image/private/{formatInstructions}/league/sxhuurbjysw8vxgj8arg,3.003204419889503,27.27272727272727,2.971857142857143,22,181,8.227272727272727,1,88.54927718967073,92.45072281032927,4.202305582287694,0.5454545454545454,REG,3,
2020,REG,3,week,10,3200,00-0036096,J.J. Taylor,J.Taylor,TAY377437,RB,RB,42,3200,2020,53000,,J.J.,Taylor,J.J.,RB,RB,42,ACT,https://static.www.nfl.com/image/private/{formatInstructions}/league/cf07uacc2vsvjzozhphp,5.775116279069769,18.181818181818183,3.069888888888889,11,43,3.909090909090909,0,45.41065418242752,-7.410654182427521,-0.7410654182427521,0.3,REG,3,
2020,REG,3,week,10,3300,00-0030513,Latavius Murray,L.Murray,MUR671046,RB,RB,28,3300,2020,40129,,Latavius,Murray,Latavius,RB,RB,28,ACT,https://static.www.nfl.com/image/private/{formatInstructions}/league/keze6gbkt5ipoqtpq7dl,3.3350000000000004,0.0,2.483083333333333,12,58,4.833333333333333,0,52.27264628330306,5.727353716696939,0.4772794763914116,0.5,REG,3,
2020,REG,3,week,10,3430,00-0023500,Frank Gore,F.Gore,GOR411171,RB,RB,21,3430,2020,29892,,Frank,Gore,Frank,RB,RB,21,ACT,https://static.www.nfl.com/image/private/{formatInstructions}/league/lxxkhd2suyalrbruzut7,4.056666666666666,0.0,2.6293846153846157,15,57,3.8,0,58.471092530330615,-1.4710925303306155,-0.09807283535537437,0.4666666666666667,REG,3,
2020,REG,3,week,10,3700,00-0035243,Miles Sanders,M.Sanders,SAN153567,RB,RB,26,3700,2020,47836,,Miles,Sanders,Miles,RB,RB,26,ACT,https://static.www.nfl.com/image/private/{formatInstructions}/league/m1lscxsubhwr0oz4gp45,3.1217894736842107,0.0,2.7529411764705882,18,95,5.277777777777778,0,100.55898941860312,-5.558989418603119,-0.30883274547795103,0.3333333333333333,REG,3,
2020,REG,3,week,10,3800,00-0033118,Kenyan Drake,K.Drake,DRA280410,RB,RB,41,3800,2020,43362,,Kenyan,Drake,Kenyan,RB,RB,41,ACT,https://static.www.nfl.com/image/private/{formatInstructions}/league/cnkha97t7evnzybhqsta,4.367671232876713,0.0,3.2034705882352945,18,73,4.055555555555555,0,71.29038356941714,1.7096164305828552,0.0949786905879364,0.4444444444444444,REG,3,
2020,REG,3,week,10,3900,00-0033553,James Conner,J.Conner,CON461999,RB,RB,30,3900,2020,44917,,James,Conner,James,RB,RB,30,ACT,https://static.www.nfl.com/image/private/{formatInstructions}/league/rqhi3n703cly3mehgc7h,3.1714678899082576,22.22222222222222,2.6708333333333325,18,109,6.055555555555555,1,84.14297013781992,24.857029862180084,1.3809461034544492,0.4444444444444444,REG,3,
2020,REG,3,week,10,4400,00-0033699,Austin Ekeler,A.Ekeler,EKE189430,RB,RB,30,4400,2020,45573,,Austin,Ekeler,Austin,RB,RB,30,ACT,https://static.www.nfl.com/image/private/{formatInstructions}/league/rpknwsvkh8wy6mdzg5og,3.790508474576272,16.666666666666664,3.0178181818181824,12,59,4.916666666666667,1,51.04101818479427,6.958981815205732,0.6326347104732484,0.45454545454545453,REG,3,
2020,REG,3,week,10,4500,00-0031376,Jerick McKinnon,J.McKinnon,MCK656764,RB,RB,28,4500,2020,41325,,Jerick,McKinnon,Jerick,RB,RB,28,ACT,https://static.www.nfl.com/image/private/{formatInstructions}/league/l1p3zh1dswzruankht4r,6.847368421052633,0.0,3.3260000000000005,14,38,2.7142857142857144,1,58.460652928978845,-20.460652928978845,-1.4614752092127747,0.2857142857142857,REG,3,
2020,REG,3,week,10,4500,00-0034115,Jeff Wilson,J.Wilson,WIL723340,RB,RB,30,4500,2020,46377,,Jeffery,Wilson,Jeffery,RB,RB,30,ACT,https://static.www.nfl.com/image/private/{formatInstructions}/league/ua7hai9fuexjwl8cgrrh,11.674666666666667,0.0,2.5335555555555556,12,15,1.25,1,52.81304009616022,-39.81304009616022,-3.619367281469111,0.0,REG,3,
2020,REG,3,week,10,4600,00-0033594,Chris Carson,C.Carson,CAR568144,RB,RB,32,4600,2020,45062,,Christopher,Carson,Chris,RB,RB,32,ACT,https://static.www.nfl.com/image/private/{formatInstructions}/league/i03omk9cjgbka2nvn9pi,4.335624999999999,7.142857142857142,3.1967692307692315,14,64,4.571428571428571,0,85.7006592733697,-21.700659273369695,-1.5500470909549782,0.35714285714285715,REG,3,
2020,REG,3,week,10,4900,00-0034816,Ronald Jones,R.Jones,JON705925,RB,RB,27,4900,2020,46107,,Ronald,Jones,Ronald,RB,RB,27,ACT,https://static.www.nfl.com/image/private/{formatInstructions}/league/rzzjyalc2o1un3uhx0lm,3.9173584905660377,30.76923076923077,2.720166666666667,13,53,4.076923076923077,0,35.778939578389405,17.221060421610595,1.3246969555085073,0.6153846153846154,REG,3,
2020,REG,4,week,10,0200,00-0032241,Todd Gurley,T.Gurley,GUR000000,RB,RB,21,0200,2020,42353,,Todd Gurley II,Gurley,Todd,RB,RB,21,ACT,https://static.www.nfl.com/image/private/{formatInstructions}/league/ym7oprwel3dxbab0k7x9,5.652982456140351,18.75,3.5709333333333335,16,57,3.5625,2,63.34882063871111,-6.348820638711111,-0.3968012899194444,0.4375,REG,4,II
2020,REG,4,week,10,0610,00-0035250,Devin Singletary,D.Singletary,SIN186919,RB,RB,26,0610,2020,47857,,Devin,Singletary,Devin,RB,RB,26,ACT,https://static.www.nfl.com/image/private/{formatInstructions}/league/uvjmmkicdibmtrssqv12,5.925714285714285,5.555555555555555,3.1333333333333333,18,56,3.111111111111111,1,40.80130235226458,2.198697647735422,0.13741860298346387,0.375,REG,4,
2020,REG,4,week,10,0750,00-0032063,Mike Davis,M.Davis,DAV567050,RB,RB,28,0750,2020,42469,,Michael,Davis,Mike,RB,RB,28,ACT,https://static.www.nfl.com/image/private/{formatInstructions}/league/sd67wjznwou2pwqs2m3h,3.1801190476190477,50.0,2.841466666666667,16,84,5.25,1,45.947099951712005,38.052900048287995,2.3783062530179997,0.4375,REG,4,
2020,REG,4,week,10,0750,00-0034578,Reggie Bonnafon,R.Bonnafon,BON496241,RB,RB,39,0750,2020,46762,,Reggie,Bonnafon,Reggie,RB,RB,39,ACT,https://static.www.nfl.com/image/private/{formatInstructions}/league/z71mcmulruwrqqfxuidk,2.6690566037735852,50.0,2.5170000000000003,10,53,5.3,0,48.96631721710025,4.033682782899753,0.4033682782899753,0.3,REG,4,
2020,REG,4,week,10,0810,00-0035685,David Montgomery,D.Montgomery,MON487374,RB,RB,32,0810,2020,47856,,David,Montgomery,David,RB,RB,32,ACT,https://static.www.nfl.com/image/private/{formatInstructions}/league/zsd3fcztejae8oexy3um,5.0377777777777775,0.0,2.9286,10,27,2.7,0,37.00971943213867,-10.009719432138667,-1.0009719432138666,0.3,REG,4,
2020,REG,4,week,10,0920,00-0033897,Joe Mixon,J.Mixon,MIX564388,RB,HB,28,0920,2020,44860,,Joe,Mixon,Joe,RB,RB,28,ACT,https://static.www.nfl.com/image/private/{formatInstructions}/league/pkzlqusxfp1pioew4pb3,2.9001986754966884,8.0,2.555347826086957,25,151,6.04,2,106.35236565471986,44.64763434528014,1.7859053738112056,0.4,REG,4,
2020,REG,4,week,10,1050,00-0033923,Kareem Hunt,K.Hunt,HUN308934,RB,RB,27,1050,2020,44898,,Kareem,Hunt,Kareem,RB,RB,27,ACT,https://static.www.nfl.com/image/private/{formatInstructions}/league/soaqewfl8xjea2lpzfth,3.4502816901408453,45.45454545454545,2.9825000000000004,11,71,6.454545454545454,2,43.67746639243216,27.32253360756784,2.4838666915970764,0.7272727272727273,REG,4,
2020,REG,4,week,10,1050,00-0035628,D'Ernest Johnson,D.Johnson,JOH201643,RB,RB,30,1050,2020,47605,,D'Ernest,Johnson,D'Ernest,RB,RB,30,ACT,https://static.www.nfl.com/image/private/{formatInstructions}/league/htlt0h1p8gmpgrrbjyyj,2.79178947368421,30.76923076923077,2.974307692307692,13,95,7.3076923076923075,0,54.99114667006024,40.00885332993976,3.0776041023030585,0.6153846153846154,REG,4,
2020,REG,4,week,10,1200,00-0033045,Ezekiel Elliott,E.Elliott,ELL289284,RB,RB,21,1200,2020,43293,,Ezekiel,Elliott,Ezekiel,RB,RB,21,ACT,https://static.www.nfl.com/image/private/{formatInstructions}/league/e2h7hohon748tyzzu3z5,3.329814814814815,0.0,2.684,12,54,4.5,0,51.322656252499115,2.6773437475008848,0.22311197895840706,0.25,REG,4,
2020,REG,4,week,10,1400,00-0032144,Melvin Gordon,M.Gordon,GOR275321,RB,RB,25,1400,2020,42358,,Melvin,Gordon,Melvin,RB,RB,25,ACT,https://static.www.nfl.com/image/private/{formatInstructions}/league/en0ul7l1m9aqf7wffufg,3.6716822429906544,21.73913043478261,2.8719444444444444,23,107,4.6521739130434785,2,79.0051270546985,25.994872945301495,1.2378510926334045,0.2857142857142857,REG,4,III
2020,REG,4,week,10,1540,00-0025394,Adrian Peterson,A.Peterson,PET260705,RB,RB,28,1540,2020,32200,,Adrian,Peterson,Adrian,RB,RB,28,ACT,https://static.www.nfl.com/image/private/{formatInstructions}/league/wcjhdlzid3giumhu60tu,4.664444444444444,18.181818181818183,2.6980999999999997,11,36,3.272727272727273,1,33.55331893289215,-7.553318932892147,-0.7553318932892147,0.4,REG,4,
2020,REG,4,week,10,1800,00-0033293,Aaron Jones,A.Jones,JON026624,RB,RB,33,1800,2020,44995,,Aaron,Jones,Aaron,RB,RB,33,ACT,https://static.www.nfl.com/image/private/{formatInstructions}/league/fhg7hqiz87nyx1payjqh,3.8695774647887324,13.333333333333334,2.816,15,71,4.733333333333333,0,72.41676285127413,-1.4167628512741288,-0.0944508567516086,0.4,REG,4,
2020,REG,4,week,10,2120,00-0032187,David Johnson,Da.Johnson,JOH174477,RB,RB,31,2120,2020,42429,,David,Johnson,David,RB,RB,31,ACT,https://static.www.nfl.com/image/private/{formatInstructions}/league/xhkqvvkq3awveyhv0x4e,3.7368253968253975,12.5,2.2518000000000002,16,63,3.9375,0,73.73379725900563,-10.733797259005627,-0.6708623286878517,0.4375,REG,4,
2020,REG,4,week,10,2200,00-0036223,Jonathan Taylor,J.Taylor,TAY431618,RB,RB,28,2200,2020,52449,,Jonathan,Taylor,Jonathan,RB,RB,28,ACT,https://static.www.nfl.com/image/private/{formatInstructions}/league/mx6ptr3jbhx0wxo3848u,4.391470588235294,41.17647058823529,2.9344666666666663,17,68,4.0,0,49.31017423010959,-1.3101742301095882,-0.08734494867397255,0.3333333333333333,REG,4,
2020,REG,4,week,10,2250,00-0035831,James Robinson,J.Robinson,ROB521367,RB,RB,30,2250,2020,52733,,James,Robinson,James,RB,RB,30,ACT,https://static.www.nfl.com/image/private/{formatInstructions}/league/lxzbao36eeratekmnxeb,4.087866666666667,17.647058823529413,2.4721875,17,75,4.411764705882353,0,51.36111845268864,18.638881547311357,1.2425921031540905,0.4,REG,4,
2020,REG,4,week,10,2310,00-0036360,Clyde Edwards-Helaire,C.Edwards-Helaire,EDW815562,RB,RB,25,2310,2020,52440,,Clyde,Edwards-Helaire,Clyde,RB,RB,25,ACT,https://static.www.nfl.com/image/private/{formatInstructions}/league/ldgjalogqzti76pmqbw1,4.055624999999999,12.5,2.7765,16,64,4.0,0,70.48038951681801,-6.480389516818008,-0.4050243448011255,0.4375,REG,4,
2020,REG,4,week,10,2520,00-0035700,Josh Jacobs,J.Jacobs,JAC734615,RB,RB,28,2520,2020,47823,,Joshua,Jacobs,Josh,RB,RB,28,ACT,https://static.www.nfl.com/image/private/{formatInstructions}/league/docmktgq1ubvu87ltcco,5.11,6.666666666666667,2.9270833333333335,15,48,3.2,0,71.80917838803222,-23.809178388032223,-1.587278559202148,0.2,REG,4,
2020,REG,4,week,10,2700,00-0035311,Myles Gaskin,M.Gaskin,GAS211909,RB,RB,37,2700,2020,48017,,Myles,Gaskin,Myles,RB,RB,37,ACT,https://static.www.nfl.com/image/private/{formatInstructions}/league/lwbo5oqzvpcb5y0fufoa,3.5377500000000004,0.0,2.39625,10,40,4.0,0,49.07377118018805,-9.073771180188047,-0.9073771180188046,0.3,REG,4,
2020,REG,4,week,10,3000,00-0033893,Dalvin Cook,D.Cook,COO047079,RB,RB,33,3000,2020,44853,,Dalvin,Cook,Dalvin,RB,RB,33,ACT,https://static.www.nfl.com/image/private/{formatInstructions}/league/sxhuurbjysw8vxgj8arg,4.049307692307692,33.33333333333333,2.929333333333333,27,130,4.814814814814815,2,116.00335386443447,13.996646135565527,0.5183943013172417,0.48148148148148145,REG,4,
2020,REG,4,week,10,3200,00-0030288,Rex Burkhead,R.Burkhead,BUR268979,RB,RB,34,3200,2020,40138,,Michael,Burkhead,Rex,RB,RB,34,ACT,https://static.www.nfl.com/image/private/{formatInstructions}/league/rvaf2ikn1tfjwdutmmvw,3.9748888888888882,9.090909090909092,2.5436666666666667,11,45,4.090909090909091,0,37.89855057435486,7.101449425645143,0.6455863114222857,0.45454545454545453,REG,4,
2020,REG,4,week,10,3200,00-0035657,Damien Harris,D.Harris,HAR311469,RB,RB,37,3200,2020,47870,,Damien,Harris,Damien,RB,RB,37,ACT,https://static.www.nfl.com/image/private/{formatInstructions}/league/fkm1w2mp3ocice26vuk4,3.2436000000000003,5.88235294117647,2.5043529411764704,17,100,5.882352941176471,0,82.47843540684912,17.521564593150885,1.0306802701853461,0.35294117647058826,REG,4,
2020,REG,4,week,10,3300,00-0030513,Latavius Murray,L.Murray,MUR671046,RB,RB,28,3300,2020,40129,,Latavius,Murray,Latavius,RB,RB,28,ACT,https://static.www.nfl.com/image/private/{formatInstructions}/league/keze6gbkt5ipoqtpq7dl,3.0684375000000004,7.142857142857142,2.3834615384615385,14,64,4.571428571428571,2,65.25577788968533,-1.2557778896853335,-0.08969842069180954,0.5,REG,4,
2020,REG,4,week,10,3300,00-0033906,Alvin Kamara,A.Kamara,KAM244058,RB,RB,41,3300,2020,44879,,Alvin,Kamara,Alvin,RB,RB,41,ACT,https://static.www.nfl.com/image/private/{formatInstructions}/league/rubeyrjz53yacwyjgycx,4.089397590361445,5.263157894736842,2.8103529411764714,19,83,4.368421052631579,1,75.50016821734194,7.499831782658063,0.3947279885609507,0.47368421052631576,REG,4,
2020,REG,4,week,10,3410,00-0031285,Devonta Freeman,D.Freeman,FRE174508,RB,RB,31,3410,2020,41332,,Devonta,Freeman,Devonta,RB,RB,31,ACT,https://static.www.nfl.com/image/private/{formatInstructions}/league/vjhvfwypu1byxfo2uvki,5.118181818181817,0.0,2.9873999999999996,11,33,3.0,0,40.44377369193738,-7.4437736919373805,-0.6767066992670346,0.36363636363636365,REG,4,Jr.
2020,REG,4,week,10,3430,00-0023500,Frank Gore,F.Gore,GOR411171,RB,RB,21,3430,2020,29892,,Frank,Gore,Frank,RB,RB,21,ACT,https://static.www.nfl.com/image/private/{formatInstructions}/league/lxxkhd2suyalrbruzut7,5.401333333333334,0.0,2.4493636363636364,13,30,2.3076923076923075,0,44.533491032279954,-14.533491032279954,-1.1179608486369195,0.23076923076923078,REG,4,
2020,REG,4,week,10,3700,00-0035243,Miles Sanders,M.Sanders,SAN153567,RB,RB,26,3700,2020,47836,,Miles,Sanders,Miles,RB,RB,26,ACT,https://static.www.nfl.com/image/private/{formatInstructions}/league/m1lscxsubhwr0oz4gp45,4.253043478260871,0.0,3.153181818181818,13,46,3.5384615384615383,0,63.861231206589906,-17.861231206589906,-1.3739408620453775,0.3076923076923077,REG,4,
2020,REG,4,week,10,3800,00-0033118,Kenyan Drake,K.Drake,DRA280410,RB,RB,41,3800,2020,43362,,Kenyan,Drake,Kenyan,RB,RB,41,ACT,https://static.www.nfl.com/image/private/{formatInstructions}/league/cnkha97t7evnzybhqsta,6.988,7.6923076923076925,3.1096363636363633,13,35,2.6923076923076925,0,56.182590485882116,-21.182590485882116,-1.6294300373755475,0.15384615384615385,REG,4,
2020,REG,4,week,10,4500,00-0031376,Jerick McKinnon,J.McKinnon,MCK656764,RB,RB,28,4500,2020,41325,,Jerick,McKinnon,Jerick,RB,RB,28,ACT,https://static.www.nfl.com/image/private/{formatInstructions}/league/l1p3zh1dswzruankht4r,4.6033333333333335,21.428571428571427,3.3813333333333335,14,54,3.857142857142857,1,48.55206463341885,2.4479353665811487,0.18830272050624222,0.38461538461538464,REG,4,
2020,REG,4,week,10,4600,00-0033594,Chris Carson,C.Carson,CAR568144,RB,RB,32,4600,2020,45062,,Christopher,Carson,Chris,RB,RB,32,ACT,https://static.www.nfl.com/image/private/{formatInstructions}/league/i03omk9cjgbka2nvn9pi,3.028,6.25,2.556125,16,80,5.0,2,72.06924563332936,7.930754366670641,0.49567214791691505,0.5625,REG,4,
2020,REG,4,week,10,4900,00-0034816,Ronald Jones,R.Jones,JON705925,RB,RB,27,4900,2020,46107,,Ronald,Jones,Ronald,RB,RB,27,ACT,https://static.www.nfl.com/image/private/{formatInstructions}/league/rzzjyalc2o1un3uhx0lm,3.08972972972973,50.0,2.5469473684210526,20,111,5.55,0,80.24592298230247,30.754077017697526,1.5377038508848764,0.45,REG,4,
2020,REG,4,week,10,5110,00-0036328,Antonio Gibson,A.Gibson,GIB415285,RB,RB,24,5110,2020,52474,,Antonio,Gibson,Antonio,RB,RB,24,ACT,https://static.www.nfl.com/image/private/{formatInstructions}/league/cvmwtpfzdt0ibauqifup,4.747826086956522,7.6923076923076925,2.8023636363636366,13,46,3.5384615384615383,1,56.06721590549142,-12.067215905491423,-1.0056013254576186,0.5,REG,4,
2020,REG,5,week,10,0200,00-0032241,Todd Gurley,T.Gurley,GUR000000,RB,RB,21,0200,2020,42353,,Todd Gurley II,Gurley,Todd,RB,RB,21,ACT,https://static.www.nfl.com/image/private/{formatInstructions}/league/ym7oprwel3dxbab0k7x9,2.9650413223140495,14.285714285714285,3.185928571428571,14,121,8.642857142857142,1,75.05338205673029,45.946617943269715,3.2819012816621225,0.5714285714285714,REG,5,II
2020,REG,5,week,10,0325,00-0027966,Mark Ingram,M.Ingram,ING656964,RB,RB,21,0325,2020,37101,,Mark,Ingram,Mark,RB,RB,21,ACT,https://static.www.nfl.com/image/private/{formatInstructions}/league/ky9yy9cme3vh3y58rj9w,3.3885964912280704,0.0,2.9324545454545454,11,57,5.181818181818182,0,48.14091817724067,8.859081822759329,0.8053710747963027,0.36363636363636365,REG,5,Jr.
2020,REG,5,week,10,0610,00-0035250,Devin Singletary,D.Singletary,SIN186919,RB,RB,26,0610,2020,47857,,Devin,Singletary,Devin,RB,RB,26,ACT,https://static.www.nfl.com/image/private/{formatInstructions}/league/uvjmmkicdibmtrssqv12,6.825199999999999,0.0,3.179111111111111,11,25,2.272727272727273,0,40.369643595155594,-15.369643595155594,-1.3972403268323268,0.18181818181818182,REG,5,
2020,REG,5,week,10,0750,00-0032063,Mike Davis,M.Davis,DAV567050,RB,RB,28,0750,2020,42469,,Michael,Davis,Mike,RB,RB,28,ACT,https://static.www.nfl.com/image/private/{formatInstructions}/league/sd67wjznwou2pwqs2m3h,3.3425842696629213,25.0,2.9643333333333337,16,89,5.5625,0,74.14626652144145,14.853733478558553,0.9283583424099096,0.5625,REG,5,
2020,REG,5,week,10,0810,00-0035685,David Montgomery,D.Montgomery,MON487374,RB,RB,32,0810,2020,47856,,David,Montgomery,David,RB,RB,32,ACT,https://static.www.nfl.com/image/private/{formatInstructions}/league/zsd3fcztejae8oexy3um,5.29448275862069,0.0,3.2198,10,29,2.9,1,29.053838536465648,-0.053838536465647735,-0.005383853646564773,0.5,REG,5,
2020,REG,5,week,10,0920,00-0033897,Joe Mixon,J.Mixon,MIX564388,RB,HB,28,0920,2020,44860,,Joe,Mixon,Joe,RB,RB,28,ACT,https://static.www.nfl.com/image/private/{formatInstructions}/league/pkzlqusxfp1pioew4pb3,5.812542372881355,12.5,2.654857142857143,24,59,2.4583333333333335,0,80.18590320750629,-21.185903207506286,-0.8827459669794285,0.375,REG,5,
2020,REG,5,week,10,1050,00-0033923,Kareem Hunt,K.Hunt,HUN308934,RB,RB,27,1050,2020,44898,,Kareem,Hunt,Kareem,RB,RB,27,ACT,https://static.www.nfl.com/image/private/{formatInstructions}/league/soaqewfl8xjea2lpzfth,4.304305555555555,0.0,2.9568000000000003,20,72,3.6,0,101.06014370129864,-29.060143701298642,-1.4530071850649322,0.3,REG,5,
2020,REG,5,week,10,1200,00-0033045,Ezekiel Elliott,E.Elliott,ELL289284,RB,RB,21,1200,2020,43293,,Ezekiel,Elliott,Ezekiel,RB,RB,21,ACT,https://static.www.nfl.com/image/private/{formatInstructions}/league/e2h7hohon748tyzzu3z5,3.636043956043956,26.31578947368421,2.7137368421052637,19,91,4.7894736842105265,2,76.79043149590392,9.209568504096083,0.5116426946720046,0.6666666666666666,REG,5,
2020,REG,5,week,10,2100,00-0032764,Derrick Henry,D.Henry,HEN602843,RB,RB,22,2100,2020,43334,,Derrick,Henry,Derrick,RB,RB,22,ACT,https://static.www.nfl.com/image/private/{formatInstructions}/league/f5kj56yln1s0qlpdhbxu,5.786666666666666,10.526315789473683,2.920166666666667,19,57,3.0,2,61.12810534156278,-4.1281053415627795,-0.22933918564237665,0.4444444444444444,REG,5,Jr.
2020,REG,5,week,10,2120,00-0032187,David Johnson,Da.Johnson,JOH174477,RB,RB,31,2120,2020,42429,,David,Johnson,David,RB,RB,31,ACT,https://static.www.nfl.com/image/private/{formatInstructions}/league/xhkqvvkq3awveyhv0x4e,3.2478124999999998,47.05882352941176,2.9745,17,96,5.647058823529412,0,77.99832550448018,18.001674495519822,1.0589220291482249,0.5294117647058824,REG,5,
2020,REG,5,week,10,2200,00-0036223,Jonathan Taylor,J.Taylor,TAY431618,RB,RB,28,2200,2020,52449,,Jonathan,Taylor,Jonathan,RB,RB,28,ACT,https://static.www.nfl.com/image/private/{formatInstructions}/league/mx6ptr3jbhx0wxo3848u,3.386491228070176,0.0,2.7605,12,57,4.75,1,57.73401832198607,-0.7340183219860705,-0.06116819349883921,0.5,REG,5,
2020,REG,5,week,10,2250,00-0035831,James Robinson,J.Robinson,ROB521367,RB,RB,30,2250,2020,52733,,James,Robinson,James,RB,RB,30,ACT,https://static.www.nfl.com/image/private/{formatInstructions}/league/lxzbao36eeratekmnxeb,4.521458333333333,7.6923076923076925,2.952818181818181,13,48,3.6923076923076925,0,58.9810007618319,-10.9810007618319,-0.8446923662947616,0.38461538461538464,REG,5,
2020,REG,5,week,10,2310,00-0036360,Clyde Edwards-Helaire,C.Edwards-Helaire,EDW815562,RB,RB,25,2310,2020,52440,,Clyde,Edwards-Helaire,Clyde,RB,RB,25,ACT,https://static.www.nfl.com/image/private/{formatInstructions}/league/ldgjalogqzti76pmqbw1,4.88175,0.0,3.143888888888889,10,40,4.0,0,52.21136218575619,-15.211362185756187,-1.6901513539729096,0.3333333333333333,REG,5,
2020,REG,5,week,10,2510,00-0035664,Darrell Henderson,D.Henderson,HEN054456,RB,RB,27,2510,2020,47853,,Darrell,Henderson,Darrell,RB,RB,27,ACT,https://static.www.nfl.com/image/private/{formatInstructions}/league/nyjvyjkx6cb2a7lfxevg,5.113947368421053,33.33333333333333,2.5374615384615384,15,38,2.533333333333333,1,47.95834098311454,-13.958340983114539,-0.9970243559367528,0.2857142857142857,REG,5,
2020,REG,5,week,10,2520,00-0035700,Josh Jacobs,J.Jacobs,JAC734615,RB,RB,28,2520,2020,47823,,Joshua,Jacobs,Josh,RB,RB,28,ACT,https://static.www.nfl.com/image/private/{formatInstructions}/league/docmktgq1ubvu87ltcco,4.06922077922078,21.73913043478261,2.559136363636364,23,77,3.347826086956522,2,85.39465357916384,-8.394653579163844,-0.36498493822451494,0.43478260869565216,REG,5,
2020,REG,5,week,10,2700,00-0035311,Myles Gaskin,M.Gaskin,GAS211909,RB,RB,37,2700,2020,48017,,Myles,Gaskin,Myles,RB,RB,37,ACT,https://static.www.nfl.com/image/private/{formatInstructions}/league/lwbo5oqzvpcb5y0fufoa,3.834736842105263,43.75,2.8469285714285713,16,57,3.5625,1,46.456652517600226,10.543347482399774,0.7028898321599849,0.3333333333333333,REG,5,
2020,REG,5,week,10,3000,00-0033893,Dalvin Cook,D.Cook,COO047079,RB,RB,33,3000,2020,44853,,Dalvin,Cook,Dalvin,RB,RB,33,ACT,https://static.www.nfl.com/image/private/{formatInstructions}/league/sxhuurbjysw8vxgj8arg,3.8967692307692303,0.0,2.7836250000000002,17,65,3.823529411764706,1,79.45365601284541,-14.453656012845414,-0.850215059579142,0.35294117647058826,REG,5,
2020,REG,5,week,10,3000,00-0034972,Alexander Mattison,A.Mattison,MAT599622,RB,RB,25,3000,2020,47885,,Alexander,Mattison,Alexander,RB,RB,25,ACT,https://static.www.nfl.com/image/private/{formatInstructions}/league/crp4nxsdqb6rt6hqomp3,3.291160714285715,5.0,2.7090526315789476,20,112,5.6,0,79.41852533673368,29.58147466326632,1.55691971911928,0.631578947368421,REG,5,
2020,REG,5,week,10,3300,00-0033906,Alvin Kamara,A.Kamara,KAM244058,RB,RB,41,3300,2020,44879,,Alvin,Kamara,Alvin,RB,RB,41,ACT,https://static.www.nfl.com/image/private/{formatInstructions}/league/rubeyrjz53yacwyjgycx,4.329777777777779,9.090909090909092,2.7886363636363636,11,45,4.090909090909091,0,46.58897538871383,-1.588975388713827,-0.14445230806489337,0.2727272727272727,REG,5,
2020,REG,5,week,10,3410,00-0031285,Devonta Freeman,D.Freeman,FRE174508,RB,RB,31,3410,2020,41332,,Devonta,Freeman,Devonta,RB,RB,31,ACT,https://static.www.nfl.com/image/private/{formatInstructions}/league/vjhvfwypu1byxfo2uvki,3.7739999999999996,5.88235294117647,2.8075,17,60,3.5294117647058822,1,91.88437776486208,-31.88437776486208,-1.875551633227181,0.17647058823529413,REG,5,Jr.
2020,REG,5,week,10,3430,00-0030496,Le'Veon Bell,L.Bell,BEL474300,RB,RB,26,3430,2020,39996,,Le'Veon,Bell,Le'Veon,RB,RB,26,ACT,https://static.www.nfl.com/image/private/{formatInstructions}/league/lz4fqlhyoowrecnzp7dr,4.344166666666666,23.076923076923077,3.1208461538461543,13,60,4.615384615384615,0,56.259895407993604,3.7401045920063964,0.28770035323126125,0.46153846153846156,REG,5,
2020,REG,5,week,10,3700,00-0035243,Miles Sanders,M.Sanders,SAN153567,RB,RB,26,3700,2020,47836,,Miles,Sanders,Miles,RB,RB,26,ACT,https://static.www.nfl.com/image/private/{formatInstructions}/league/m1lscxsubhwr0oz4gp45,2.758125,0.0,2.939375,11,80,7.2727272727272725,2,47.2698251891276,32.7301748108724,2.9754704373520364,0.09090909090909091,REG,5,
2020,REG,5,week,10,3800,00-0033118,Kenyan Drake,K.Drake,DRA280410,RB,RB,41,3800,2020,43362,,Kenyan,Drake,Kenyan,RB,RB,41,ACT,https://static.www.nfl.com/image/private/{formatInstructions}/league/cnkha97t7evnzybhqsta,4.533166666666667,22.22222222222222,2.5464999999999995,18,60,3.3333333333333335,1,97.8545333973474,-37.854533397347396,-2.1030296331859666,0.05555555555555555,REG,5,
2020,REG,5,week,10,3900,00-0033553,James Conner,J.Conner,CON461999,RB,RB,30,3900,2020,44917,,James,Conner,James,RB,RB,30,ACT,https://static.www.nfl.com/image/private/{formatInstructions}/league/rqhi3n703cly3mehgc7h,5.48159090909091,46.666666666666664,2.985,15,44,2.933333333333333,1,36.06172600703685,1.938273992963147,0.1615228327469289,0.3333333333333333,REG,5,
2020,REG,5,week,10,4400,00-0034440,Justin Jackson,J.Jackson,JAC283219,RB,RB,22,4400,2020,46320,,Justin,Jackson,Justin,RB,RB,22,ACT,https://static.www.nfl.com/image/private/{formatInstructions}/league/fanie7tjy1i59ou3lpup,3.531408450704226,13.333333333333334,2.7944999999999998,15,71,4.733333333333333,0,51.4415125506012,20.558487449398797,1.4684633892427712,0.42857142857142855,REG,5,
2020,REG,5,week,10,4400,00-0036370,Joshua Kelley,J.Kelley,KEL272420,RB,RB,27,4400,2020,52520,,Joshua,Kelley,Joshua,RB,RB,27,ACT,https://static.www.nfl.com/image/private/{formatInstructions}/league/pkqsegmcbmbjlvwfzzl2,6.240344827586207,9.090909090909092,3.049499999999999,11,29,2.6363636363636362,0,25.633713330315338,-7.633713330315338,-0.8481903700350375,0.2222222222222222,REG,5,
2020,REG,5,week,10,4500,00-0031687,Raheem Mostert,R.Mostert,MOS822492,RB,RB,31,4500,2020,42718,,Dominique,Mostert,Raheem,RB,RB,31,ACT,https://static.www.nfl.com/image/private/{formatInstructions}/league/tpqiklrgbw1pqmwtl4r8,2.613888888888889,9.090909090909092,2.7605,11,90,8.181818181818182,0,60.555480883985844,29.444519116014156,2.676774465092196,0.5454545454545454,REG,5,
2020,REG,5,week,10,4900,00-0034816,Ronald Jones,R.Jones,JON705925,RB,RB,27,4900,2020,46107,,Ronald,Jones,Ronald,RB,RB,27,ACT,https://static.www.nfl.com/image/private/{formatInstructions}/league/rzzjyalc2o1un3uhx0lm,2.6809433962264144,11.76470588235294,2.523333333333333,17,106,6.235294117647059,0,74.75706200708375,31.242937992916254,1.8378198819362501,0.5294117647058824,REG,5,
2020,REG,5,week,10,5110,00-0036328,Antonio Gibson,A.Gibson,GIB415285,RB,RB,24,5110,2020,52474,,Antonio,Gibson,Antonio,RB,RB,24,ACT,https://static.www.nfl.com/image/private/{formatInstructions}/league/cvmwtpfzdt0ibauqifup,5.25111111111111,0.0,2.6352,11,27,2.4545454545454546,0,52.21602809165611,-23.216028091656113,-2.3216028091656113,0.0,REG,5,
2020,REG,6,week,10,0200,00-0032241,Todd Gurley,T.Gurley,GUR000000,RB,RB,21,0200,2020,42353,,Todd Gurley II,Gurley,Todd,RB,RB,21,ACT,https://static.www.nfl.com/image/private/{formatInstructions}/league/ym7oprwel3dxbab0k7x9,6.71127659574468,20.0,2.499428571428571,20,47,2.35,0,77.12926229357598,-30.129262293575977,-1.5064631146787988,0.35,REG,6,II
2020,REG,6,week,10,0200,00-0033567,Brian Hill,B.Hill,HIL101853,RB,HB,23,0200,2020,44969,,Brian,Hill,Brian,RB,RB,23,ACT,https://static.www.nfl.com/image/private/{formatInstructions}/league/ortwgbmztzhb4tdz9jmo,5.882857142857142,50.0,2.7896666666666667,10,28,2.8,0,42.90733845913161,-14.907338459131608,-1.490733845913161,0.2,REG,6,
2020,REG,6,week,10,0325,00-0034184,Gus Edwards,G.Edwards,EDW471180,RB,RB,35,0325,2020,46437,,Gus,Edwards,Gus,RB,RB,35,ACT,https://static.www.nfl.com/image/private/{formatInstructions}/league/qzfjokxel2zmnlt4omrq,5.987692307692307,21.428571428571427,2.8444,14,26,1.8571428571428572,1,35.908642818661875,-14.908642818661875,-1.1468186783586058,0.23076923076923078,REG,6,
2020,REG,6,week,10,0610,00-0035250,Devin Singletary,D.Singletary,SIN186919,RB,RB,26,0610,2020,47857,,Devin,Singletary,Devin,RB,RB,26,ACT,https://static.www.nfl.com/image/private/{formatInstructions}/league/uvjmmkicdibmtrssqv12,4.694375,0.0,2.621,10,32,3.2,0,41.403274421979816,-9.403274421979816,-0.9403274421979816,0.4,REG,6,
2020,REG,6,week,10,0750,00-0032063,Mike Davis,M.Davis,DAV567050,RB,RB,28,0750,2020,42469,,Michael,Davis,Mike,RB,RB,28,ACT,https://static.www.nfl.com/image/private/{formatInstructions}/league/sd67wjznwou2pwqs2m3h,5.460384615384614,33.33333333333333,2.8710666666666667,18,52,2.888888888888889,1,56.5739030755889,-4.573903075588902,-0.25410572642160567,0.3333333333333333,REG,6,
2020,REG,6,week,10,0810,00-0035685,David Montgomery,D.Montgomery,MON487374,RB,RB,32,0810,2020,47856,,David,Montgomery,David,RB,RB,32,ACT,https://static.www.nfl.com/image/private/{formatInstructions}/league/zsd3fcztejae8oexy3um,5.031896551724138,21.052631578947366,3.19225,19,58,3.0526315789473686,0,59.571620469514656,-1.5716204695146558,-0.08271686681656083,0.3157894736842105,REG,6,
2020,REG,6,week,10,0920,00-0033897,Joe Mixon,J.Mixon,MIX564388,RB,HB,28,0920,2020,44860,,Joe,Mixon,Joe,RB,RB,28,ACT,https://static.www.nfl.com/image/private/{formatInstructions}/league/pkzlqusxfp1pioew4pb3,4.480555555555555,5.555555555555555,2.4893124999999996,18,54,3.0,1,75.37977115425255,-21.379771154252552,-1.1877650641251418,0.2777777777777778,REG,6,
2020,REG,6,week,10,1050,00-0033923,Kareem Hunt,K.Hunt,HUN308934,RB,RB,27,1050,2020,44898,,Kareem,Hunt,Kareem,RB,RB,27,ACT,https://static.www.nfl.com/image/private/{formatInstructions}/league/soaqewfl8xjea2lpzfth,4.3107500000000005,0.0,2.689181818181818,13,40,3.076923076923077,0,64.07165168333006,-24.07165168333006,-1.8516655141023124,0.38461538461538464,REG,6,
2020,REG,6,week,10,1200,00-0033045,Ezekiel Elliott,E.Elliott,ELL289284,RB,RB,21,1200,2020,43293,,Ezekiel,Elliott,Ezekiel,RB,RB,21,ACT,https://static.www.nfl.com/image/private/{formatInstructions}/league/e2h7hohon748tyzzu3z5,3.7577551020408158,16.666666666666664,2.6334545454545455,12,49,4.083333333333333,0,46.17791174970665,2.8220882502933478,0.23517402085777897,0.5,REG,6,
2020,REG,6,week,10,1200,00-0035261,Tony Pollard,T.Pollard,POL283188,RB,RB,20,1200,2020,47911,,Tony,Pollard,Tony,RB,RB,20,ACT,https://static.www.nfl.com/image/private/{formatInstructions}/league/tynmwg5rta9ykpfd3dp2,4.356451612903225,10.0,2.640888888888889,10,31,3.1,0,36.78145131890722,-5.781451318907223,-0.5781451318907223,0.2,REG,6,
2020,REG,6,week,10,1400,00-0034109,Phillip Lindsay,P.Lindsay,LIN303086,RB,RB,30,1400,2020,46367,,Phillip,Lindsay,Phillip,RB,RB,30,ACT,https://static.www.nfl.com/image/private/{formatInstructions}/league/pv23ismfe1xcbholkdqo,3.996435643564357,8.695652173913043,2.8611052631578944,23,101,4.391304347826087,0,98.51993756558538,2.48006243441462,0.10782880149628783,0.4782608695652174,REG,6,
2020,REG,6,week,10,1540,00-0025394,Adrian Peterson,A.Peterson,PET260705,RB,RB,28,1540,2020,32200,,Adrian,Peterson,Adrian,RB,RB,28,ACT,https://static.www.nfl.com/image/private/{formatInstructions}/league/wcjhdlzid3giumhu60tu,5.73425,40.0,2.6610769230769233,15,40,2.6666666666666665,1,61.21632929879609,-21.21632929879609,-1.4144219532530726,0.2,REG,6,
2020,REG,6,week,10,1540,00-0036275,D'Andre Swift,D.Swift,SWI228476,RB,RB,32,1540,2020,52443,,D'Andre,Swift,D'Andre,RB,RB,32,ACT,https://static.www.nfl.com/image/private/{formatInstructions}/league/amhsf13r1hnpo9lrn2uj,2.268793103448276,35.714285714285715,2.4852142857142856,14,116,8.285714285714286,2,65.86095721074692,50.13904278925308,3.581360199232363,0.42857142857142855,REG,6,
2020,REG,6,week,10,1800,00-0033293,Aaron Jones,A.Jones,JON026624,RB,RB,33,1800,2020,44995,,Aaron,Jones,Aaron,RB,RB,33,ACT,https://static.www.nfl.com/image/private/{formatInstructions}/league/fhg7hqiz87nyx1payjqh,10.083333333333334,20.0,2.7800000000000002,10,15,1.5,1,39.72382656833996,-24.72382656833996,-2.4723826568339957,0.3,REG,6,
2020,REG,6,week,10,2100,00-0032764,Derrick Henry,D.Henry,HEN602843,RB,RB,22,2100,2020,43334,,Derrick,Henry,Derrick,RB,RB,22,ACT,https://static.www.nfl.com/image/private/{formatInstructions}/league/f5kj56yln1s0qlpdhbxu,2.388113207547169,40.909090909090914,2.7027142857142854,22,212,9.636363636363637,2,100.75882475101177,111.24117524898823,5.056417056772192,0.2727272727272727,REG,6,Jr.
2020,REG,6,week,10,2120,00-0032187,David Johnson,Da.Johnson,JOH174477,RB,RB,31,2120,2020,42429,,David,Johnson,David,RB,RB,31,ACT,https://static.www.nfl.com/image/private/{formatInstructions}/league/xhkqvvkq3awveyhv0x4e,4.358771929824561,31.57894736842105,2.4668823529411763,19,57,3.0,1,57.51993238200443,-0.519932382004427,-0.027364862210759316,0.21052631578947367,REG,6,
2020,REG,6,week,10,2200,00-0036223,Jonathan Taylor,J.Taylor,TAY431618,RB,RB,28,2200,2020,52449,,Jonathan,Taylor,Jonathan,RB,RB,28,ACT,https://static.www.nfl.com/image/private/{formatInstructions}/league/mx6ptr3jbhx0wxo3848u,3.706666666666666,25.0,2.7818181818181817,12,60,5.0,0,51.2422494479598,8.7577505520402,0.72981254600335,0.3333333333333333,REG,6,
2020,REG,6,week,10,2250,00-0035831,James Robinson,J.Robinson,ROB521367,RB,RB,30,2250,2020,52733,,James,Robinson,James,RB,RB,30,ACT,https://static.www.nfl.com/image/private/{formatInstructions}/league/lxzbao36eeratekmnxeb,5.955172413793103,8.333333333333332,2.8786999999999994,12,29,2.4166666666666665,0,43.15792629454939,-14.157926294549391,-1.1798271912124492,0.25,REG,6,
2020,REG,6,week,10,2310,00-0036360,Clyde Edwards-Helaire,C.Edwards-Helaire,EDW815562,RB,RB,25,2310,2020,52440,,Clyde,Edwards-Helaire,Clyde,RB,RB,25,ACT,https://static.www.nfl.com/image/private/{formatInstructions}/league/ldgjalogqzti76pmqbw1,3.1814906832298133,0.0,2.785333333333334,26,161,6.1923076923076925,0,163.59716264006246,-6.597162640062464,-0.2638865056024986,0.4,REG,6,
2020,REG,6,week,10,2510,00-0035664,Darrell Henderson,D.Henderson,HEN054456,RB,RB,27,2510,2020,47853,,Darrell,Henderson,Darrell,RB,RB,27,ACT,https://static.www.nfl.com/image/private/{formatInstructions}/league/nyjvyjkx6cb2a7lfxevg,3.3067045454545454,42.857142857142854,3.146615384615384,14,88,6.285714285714286,0,76.01700372243968,11.982996277560318,0.8559283055400227,0.5,REG,6,
2020,REG,6,week,10,2700,00-0035311,Myles Gaskin,M.Gaskin,GAS211909,RB,RB,37,2700,2020,48017,,Myles,Gaskin,Myles,RB,RB,37,ACT,https://static.www.nfl.com/image/private/{formatInstructions}/league/lwbo5oqzvpcb5y0fufoa,2.988901098901099,0.0,2.8422499999999995,18,91,5.055555555555555,0,75.00797007146389,6.9920299285361125,0.4112958781491831,0.4117647058823529,REG,6,
2020,REG,6,week,10,3000,00-0034972,Alexander Mattison,A.Mattison,MAT599622,RB,RB,25,3000,2020,47885,,Alexander,Mattison,Alexander,RB,RB,25,ACT,https://static.www.nfl.com/image/private/{formatInstructions}/league/crp4nxsdqb6rt6hqomp3,5.929615384615384,50.0,3.2049999999999996,10,26,2.6,0,28.82973939630278,-2.829739396302781,-0.28297393963027806,0.2,REG,6,
2020,REG,6,week,10,3410,00-0031285,Devonta Freeman,D.Freeman,FRE174508,RB,RB,31,3410,2020,41332,,Devonta,Freeman,Devonta,RB,RB,31,ACT,https://static.www.nfl.com/image/private/{formatInstructions}/league/vjhvfwypu1byxfo2uvki,4.0749180327868855,16.666666666666664,2.5826000000000002,18,61,3.388888888888889,0,65.7564908798332,-4.756490879833194,-0.26424949332406633,0.3333333333333333,REG,6,Jr.
2020,REG,6,week,10,3430,00-0023500,Frank Gore,F.Gore,GOR411171,RB,RB,21,3430,2020,29892,,Frank,Gore,Frank,RB,RB,21,ACT,https://static.www.nfl.com/image/private/{formatInstructions}/league/lxxkhd2suyalrbruzut7,3.8102173913043482,0.0,2.572375,11,46,4.181818181818182,0,49.857532058195886,-3.8575320581958863,-0.3506847325632624,0.5454545454545454,REG,6,
2020,REG,6,week,10,3800,00-0033118,Kenyan Drake,K.Drake,DRA280410,RB,RB,41,3800,2020,43362,,Kenyan,Drake,Kenyan,RB,RB,41,ACT,https://static.www.nfl.com/image/private/{formatInstructions}/league/cnkha97t7evnzybhqsta,2.2811585365853655,15.0,2.5639000000000003,20,164,8.2,2,78.16032102076245,85.83967897923755,4.291983948961877,0.3,REG,6,
2020,REG,6,week,10,3900,00-0033553,James Conner,J.Conner,CON461999,RB,RB,30,3900,2020,44917,,James,Conner,James,RB,RB,30,ACT,https://static.www.nfl.com/image/private/{formatInstructions}/league/rqhi3n703cly3mehgc7h,3.58049504950495,0.0,2.8118947368421057,20,101,5.05,1,95.62112355527105,5.378876444728945,0.26894382223644725,0.5,REG,6,
2020,REG,6,week,10,4500,00-0031687,Raheem Mostert,R.Mostert,MOS822492,RB,RB,31,4500,2020,42718,,Dominique,Mostert,Raheem,RB,RB,31,ACT,https://static.www.nfl.com/image/private/{formatInstructions}/league/tpqiklrgbw1pqmwtl4r8,4.280769230769231,0.0,2.870764705882353,17,65,3.823529411764706,0,73.97422666031245,-8.974226660312453,-0.5278956859007325,0.35294117647058826,REG,6,
2020,REG,6,week,10,4900,00-0034816,Ronald Jones,R.Jones,JON705925,RB,RB,27,4900,2020,46107,,Ronald,Jones,Ronald,RB,RB,27,ACT,https://static.www.nfl.com/image/private/{formatInstructions}/league/rzzjyalc2o1un3uhx0lm,2.957256637168142,0.0,2.297999999999999,23,113,4.913043478260869,2,100.27928652051426,12.720713479485738,0.5530744991080756,0.43478260869565216,REG,6,
2020,REG,7,week,10,0200,00-0032241,Todd Gurley,T.Gurley,GUR000000,RB,RB,21,0200,2020,42353,,Todd Gurley II,Gurley,Todd,RB,RB,21,ACT,https://static.www.nfl.com/image/private/{formatInstructions}/league/ym7oprwel3dxbab0k7x9,5.712380952380952,21.73913043478261,2.990809523809524,23,63,2.739130434782609,2,70.41584822429168,-7.415848224291679,-0.3224281836648556,0.34782608695652173,REG,7,II
2020,REG,7,week,10,0810,00-0035685,David Montgomery,D.Montgomery,MON487374,RB,RB,32,0810,2020,47856,,David,Montgomery,David,RB,RB,32,ACT,https://static.www.nfl.com/image/private/{formatInstructions}/league/zsd3fcztejae8oexy3um,4.302291666666667,0.0,2.6990714285714286,14,48,3.4285714285714284,0,55.89249342044242,-10.89249342044242,-0.8378841092648016,0.23076923076923078,REG,7,
2020,REG,7,week,10,0920,00-0030456,Giovani Bernard,G.Bernard,BER219765,RB,HB,25,0920,2020,39985,,Giovani,Bernard,Giovani,RB,RB,25,ACT,https://static.www.nfl.com/image/private/{formatInstructions}/league/emjueiztyubzm99lxd49,4.323243243243244,7.6923076923076925,2.266818181818182,13,37,2.8461538461538463,0,46.610395041212264,-9.610395041212264,-0.739261157016328,0.46153846153846156,REG,7,
2020,REG,7,week,10,1050,00-0033923,Kareem Hunt,K.Hunt,HUN308934,RB,RB,27,1050,2020,44898,,Kareem,Hunt,Kareem,RB,RB,27,ACT,https://static.www.nfl.com/image/private/{formatInstructions}/league/soaqewfl8xjea2lpzfth,4.091973684210527,27.77777777777778,2.624125,18,76,4.222222222222222,0,78.81111738273829,-2.8111173827382885,-0.15617318792990492,0.3888888888888889,REG,7,
2020,REG,7,week,10,1200,00-0033045,Ezekiel Elliott,E.Elliott,ELL289284,RB,RB,21,1200,2020,43293,,Ezekiel,Elliott,Ezekiel,RB,RB,21,ACT,https://static.www.nfl.com/image/private/{formatInstructions}/league/e2h7hohon748tyzzu3z5,3.8355555555555556,25.0,2.5676666666666668,12,45,3.75,0,47.05485795987789,-2.054857959877893,-0.17123816332315775,0.4166666666666667,REG,7,
2020,REG,7,week,10,1400,00-0032144,Melvin Gordon,M.Gordon,GOR275321,RB,RB,25,1400,2020,42358,,Melvin,Gordon,Melvin,RB,RB,25,ACT,https://static.www.nfl.com/image/private/{formatInstructions}/league/en0ul7l1m9aqf7wffufg,4.247058823529412,5.88235294117647,2.7960625000000006,17,68,4.0,1,61.35001190885731,-10.350011908857311,-0.7392865649183794,0.5,REG,7,III
2020,REG,7,week,10,1540,00-0025394,Adrian Peterson,A.Peterson,PET260705,RB,RB,28,1540,2020,32200,,Adrian,Peterson,Adrian,RB,RB,28,ACT,https://static.www.nfl.com/image/private/{formatInstructions}/league/wcjhdlzid3giumhu60tu,4.745172413793103,36.36363636363637,2.4238,11,29,2.6363636363636362,0,43.653871661920675,-14.653871661920675,-1.3321701510836979,0.36363636363636365,REG,7,
2020,REG,7,week,10,1800,00-0033948,Jamaal Williams,J.Williams,WIL328269,RB,RB,30,1800,2020,44947,,Jamaal,Williams,Jamaal,RB,RB,30,ACT,https://static.www.nfl.com/image/private/{formatInstructions}/league/yuxsp5zntefv9yccbfos,3.62025974025974,42.10526315789473,2.3592352941176475,19,77,4.052631578947368,1,69.33435318983629,7.665646810163707,0.4034550952717741,0.42105263157894735,REG,7,
2020,REG,7,week,10,2100,00-0032764,Derrick Henry,D.Henry,HEN602843,RB,RB,22,2100,2020,43334,,Derrick,Henry,Derrick,RB,RB,22,ACT,https://static.www.nfl.com/image/private/{formatInstructions}/league/f5kj56yln1s0qlpdhbxu,3.5888000000000004,5.0,2.417611111111111,20,75,3.75,1,72.30527174483666,2.6947282551633407,0.13473641275816703,0.35,REG,7,Jr.
2020,REG,7,week,10,2120,00-0032187,David Johnson,Da.Johnson,JOH174477,RB,RB,31,2120,2020,42429,,David,Johnson,David,RB,RB,31,ACT,https://static.www.nfl.com/image/private/{formatInstructions}/league/xhkqvvkq3awveyhv0x4e,4.447619047619049,14.285714285714285,2.4874615384615386,14,42,3.0,0,62.85196029128296,-20.851960291282957,-1.4894257350916398,0.21428571428571427,REG,7,
2020,REG,7,week,10,2250,00-0035831,James Robinson,J.Robinson,ROB521367,RB,RB,30,2250,2020,52733,,James,Robinson,James,RB,RB,30,ACT,https://static.www.nfl.com/image/private/{formatInstructions}/league/lxzbao36eeratekmnxeb,2.871680672268907,9.090909090909092,2.3244210526315796,22,119,5.409090909090909,1,101.50359524012909,17.496404759870913,0.7952911254486779,0.4090909090909091,REG,7,
2020,REG,7,week,10,2510,00-0031806,Malcolm Brown,M.Brown,BRO550137,RB,RB,34,2510,2020,42837,,Malcolm,Brown,Malcolm,RB,RB,34,ACT,https://static.www.nfl.com/image/private/{formatInstructions}/league/saroibi2giakpauwanjg,2.986315789473684,20.0,2.7920000000000003,10,57,5.7,1,50.49120600178732,-5.491206001787319,-0.610134000198591,0.4444444444444444,REG,7,
2020,REG,7,week,10,2510,00-0035664,Darrell Henderson,D.Henderson,HEN054456,RB,RB,27,2510,2020,47853,,Darrell,Henderson,Darrell,RB,RB,27,ACT,https://static.www.nfl.com/image/private/{formatInstructions}/league/nyjvyjkx6cb2a7lfxevg,5.03031746031746,20.0,3.0400833333333335,15,63,4.2,0,72.12512314598399,-9.125123145983991,-0.6083415430655994,0.4,REG,7,
2020,REG,7,week,10,2520,00-0035700,Josh Jacobs,J.Jacobs,JAC734615,RB,RB,28,2520,2020,47823,,Joshua,Jacobs,Josh,RB,RB,28,ACT,https://static.www.nfl.com/image/private/{formatInstructions}/league/docmktgq1ubvu87ltcco,6.847647058823529,20.0,2.5052499999999998,10,17,1.7,0,33.875560919676936,-16.875560919676936,-1.6875560919676935,0.3,REG,7,
2020,REG,7,week,10,3200,00-0035657,Damien Harris,D.Harris,HAR311469,RB,RB,37,3200,2020,47870,,Damien,Harris,Damien,RB,RB,37,ACT,https://static.www.nfl.com/image/private/{formatInstructions}/league/fkm1w2mp3ocice26vuk4,3.0727586206896547,50.0,2.7618,10,58,5.8,0,58.82912487976241,-0.8291248797624107,-0.08291248797624107,0.5,REG,7,
2020,REG,7,week,10,3300,00-0030513,Latavius Murray,L.Murray,MUR671046,RB,RB,28,3300,2020,40129,,Latavius,Murray,Latavius,RB,RB,28,ACT,https://static.www.nfl.com/image/private/{formatInstructions}/league/keze6gbkt5ipoqtpq7dl,3.3404255319148937,45.45454545454545,2.8385454545454545,11,47,4.2727272727272725,0,39.20154297516396,7.79845702483604,0.7089506386214581,0.2727272727272727,REG,7,
2020,REG,7,week,10,3300,00-0033906,Alvin Kamara,A.Kamara,KAM244058,RB,RB,41,3300,2020,44879,,Alvin,Kamara,Alvin,RB,RB,41,ACT,https://static.www.nfl.com/image/private/{formatInstructions}/league/rubeyrjz53yacwyjgycx,3.299879518072289,7.142857142857142,2.4979230769230774,14,83,5.928571428571429,0,81.36299320891433,1.6370067910856676,0.11692905650611911,0.35714285714285715,REG,7,
2020,REG,7,week,10,3410,00-0033950,Wayne Gallman,W.Gallman,GAL649066,RB,RB,22,3410,2020,44953,,Wayne,Gallman,Wayne,RB,RB,22,ACT,https://static.www.nfl.com/image/private/{formatInstructions}/league/zlhxdru9d7ktq8kxylaa,3.7144117647058823,10.0,2.378444444444445,10,34,3.4,1,33.27892595687338,0.7210740431266203,0.08011933812518003,0.3333333333333333,REG,7,
2020,REG,7,week,10,3430,00-0023500,Frank Gore,F.Gore,GOR411171,RB,RB,21,3430,2020,29892,,Frank,Gore,Frank,RB,RB,21,ACT,https://static.www.nfl.com/image/private/{formatInstructions}/league/lxxkhd2suyalrbruzut7,3.1214999999999997,0.0,2.7639000000000005,11,60,5.454545454545454,0,36.82390571686144,21.17609428313856,2.1176094283138562,0.6,REG,7,
2020,REG,7,week,10,3430,00-0036269,La'Mical Perine,L.Perine,PER094283,RB,RB,22,3430,2020,52528,,La'Mical,Perine,La'Mical,RB,RB,22,ACT,https://static.www.nfl.com/image/private/{formatInstructions}/league/rwyeph1ojfmkryt2egzk,5.721750000000001,0.0,2.9418749999999996,11,40,3.6363636363636362,1,41.616734883072084,1.383265116927916,0.1383265116927916,0.3,REG,7,
2020,REG,7,week,10,3700,00-0034414,Boston Scott,B.Scott,SCO101831,RB,RB,35,3700,2020,46270,,Boston,Scott,Boston,RB,RB,35,ACT,https://static.www.nfl.com/image/private/{formatInstructions}/league/fo2lggawemd9prlso3gk,3.195869565217391,0.0,2.5360833333333335,12,46,3.8333333333333335,0,59.9135355304588,-25.9135355304588,-2.3557759573144366,0.2727272727272727,REG,7,
2020,REG,7,week,10,3800,00-0033118,Kenyan Drake,K.Drake,DRA280410,RB,RB,41,3800,2020,43362,,Kenyan,Drake,Kenyan,RB,RB,41,ACT,https://static.www.nfl.com/image/private/{formatInstructions}/league/cnkha97t7evnzybhqsta,6.15235294117647,0.0,3.25523076923077,14,34,2.4285714285714284,0,45.51642565990784,-12.516425659907839,-0.9628019738390645,0.46153846153846156,REG,7,
2020,REG,7,week,10,3900,00-0033553,James Conner,J.Conner,CON461999,RB,RB,30,3900,2020,44917,,James,Conner,James,RB,RB,30,ACT,https://static.www.nfl.com/image/private/{formatInstructions}/league/rqhi3n703cly3mehgc7h,4.391707317073171,25.0,2.9714705882352943,20,82,4.1,0,67.21011711002635,5.789882889973654,0.304730678419666,0.3684210526315789,REG,7,
2020,REG,7,week,10,4400,00-0036370,Joshua Kelley,J.Kelley,KEL272420,RB,RB,27,4400,2020,52520,,Joshua,Kelley,Joshua,RB,RB,27,ACT,https://static.www.nfl.com/image/private/{formatInstructions}/league/pkqsegmcbmbjlvwfzzl2,5.796206896551724,25.0,3.036454545454545,12,29,2.4166666666666665,0,41.50987459868175,-12.509874598681748,-1.0424895498901456,0.25,REG,7,
2020,REG,7,week,10,4500,00-0034115,Jeff Wilson,J.Wilson,WIL723340,RB,RB,30,4500,2020,46377,,Jeffery,Wilson,Jeffery,RB,RB,30,ACT,https://static.www.nfl.com/image/private/{formatInstructions}/league/ua7hai9fuexjwl8cgrrh,3.0204464285714288,17.647058823529413,2.7453125,17,112,6.588235294117647,3,78.00229717632348,33.99770282367652,1.9998648719809717,0.7058823529411765,REG,7,
2020,REG,7,week,10,4600,00-0031045,Carlos Hyde,C.Hyde,HYD402541,RB,RB,30,4600,2020,41286,,Carlos,Hyde,Carlos,RB,RB,30,ACT,https://static.www.nfl.com/image/private/{formatInstructions}/league/qqwfvkf0dxio220mgflc,4.789558823529411,20.0,3.0802857142857145,15,68,4.533333333333333,1,53.12277393804249,11.877226061957508,0.848373290139822,0.5,REG,7,
2020,REG,7,week,10,4900,00-0033856,Leonard Fournette,L.Fournette,FOU564970,RB,RB,28,4900,2020,44816,,Leonard,Fournette,Leonard,RB,RB,28,ACT,https://static.www.nfl.com/image/private/{formatInstructions}/league/quvoqaapbnebbllg3jwl,3.5396000000000005,27.27272727272727,2.6983333333333333,11,50,4.545454545454546,0,48.12923356519215,1.870766434807848,0.17006967589162256,0.2727272727272727,REG,7,
2020,REG,7,week,10,4900,00-0034816,Ronald Jones,R.Jones,JON705925,RB,RB,27,4900,2020,46107,,Ronald,Jones,Ronald,RB,RB,27,ACT,https://static.www.nfl.com/image/private/{formatInstructions}/league/rzzjyalc2o1un3uhx0lm,5.164999999999999,30.76923076923077,2.1982500000000003,13,34,2.6153846153846154,1,41.815088752626465,-7.815088752626465,-0.6011606732789588,0.5384615384615384,REG,7,
2020,REG,7,week,10,5110,00-0032741,Peyton Barber,P.Barber,BAR077733,RB,RB,34,5110,2020,43861,,Kenneth,Barber,Peyton,RB,RB,34,ACT,https://static.www.nfl.com/image/private/{formatInstructions}/league/jyeoeskqr7msfac0rkde,3.461176470588235,50.0,2.421875,10,34,3.4,0,40.478559045903,-6.478559045902998,-0.6478559045902997,0.3,REG,7,
2020,REG,7,week,10,5110,00-0036328,Antonio Gibson,A.Gibson,GIB415285,RB,RB,24,5110,2020,52474,,Antonio,Gibson,Antonio,RB,RB,24,ACT,https://static.www.nfl.com/image/private/{formatInstructions}/league/cvmwtpfzdt0ibauqifup,2.885625,15.0,2.68025,20,128,6.4,1,98.9948337772912,29.005166222708795,1.4502583111354397,0.4,REG,7,
2020,REG,8,week,10,0200,00-0032241,Todd Gurley,T.Gurley,GUR000000,RB,RB,21,0200,2020,42353,32004755-5200-0000-f496-e727c8f2225d,Todd Gurley II,Gurley,Todd,RB,RB,21,ACT,https://static.www.nfl.com/image/private/{formatInstructions}/league/ym7oprwel3dxbab0k7x9,6.330217391304347,44.44444444444444,2.96475,18,46,2.5555555555555554,1,63.73860531387825,-23.738605313878253,-1.3963885478751914,0.17647058823529413,REG,8,
2020,REG,8,week,10,0200,00-0033567,Brian Hill,B.Hill,HIL101853,RB,RB,23,0200,2020,44969,32004849-4c10-1853-2631-7195c754bf41,Brian,Hill,Brian,RB,RB,23,ACT,https://static.www.nfl.com/image/private/{formatInstructions}/league/ortwgbmztzhb4tdz9jmo,3.847272727272727,9.090909090909092,3.1352727272727265,11,55,5.0,0,51.46798229252952,-9.46798229252952,-1.05199803250328,0.3333333333333333,REG,8,
2020,REG,8,week,10,0325,00-0034184,Gus Edwards,G.Edwards,EDW471180,RB,RB,35,0325,2020,46437,32004544-5747-1180-daba-c0c892edc0c8,Gus,Edwards,Gus,RB,RB,35,ACT,https://static.www.nfl.com/image/private/{formatInstructions}/league/qzfjokxel2zmnlt4omrq,2.9459770114942523,31.25,2.5839999999999996,16,87,5.4375,1,74.07448502326403,12.925514976735968,0.807844686045998,0.375,REG,8,
2020,REG,8,week,10,0325,00-0036158,J.K. Dobbins,J.Dobbins,DOB207645,RB,RB,27,0325,2020,52463,3200444f-4220-7645-7ee7-94f57d3eed4f,Jkaylin,Dobbins,J.K.,RB,RB,27,ACT,https://static.www.nfl.com/image/private/{formatInstructions}/league/tr3yxhybdwehibl6maqy,3.03141592920354,13.333333333333334,2.8402,15,113,7.533333333333333,0,105.11037820673346,7.889621793266542,0.5259747862177695,0.4666666666666667,REG,8,
2020,REG,8,week,10,0610,00-0035250,Devin Singletary,D.Singletary,SIN186919,RB,RB,26,0610,2020,47857,32005349-4e18-6919-d1e6-003f4632ba87,Devin,Singletary,Devin,RB,RB,26,ACT,https://static.www.nfl.com/image/private/{formatInstructions}/league/uvjmmkicdibmtrssqv12,2.894069767441861,0.0,2.8337692307692306,14,86,6.142857142857143,0,86.34506471176095,-0.3450647117609549,-0.024647479411496778,0.7142857142857143,REG,8,
2020,REG,8,week,10,0610,00-0036251,Zack Moss,Z.Moss,MOS756406,RB,RB,20,0610,2020,52494,32004d4f-5375-6406-2efb-a60ab36c4cc4,Zaccheus,Moss,Zack,RB,RB,20,ACT,https://static.www.nfl.com/image/private/{formatInstructions}/league/ung5uvdvstg3wgl9zdye,3.218024691358025,14.285714285714285,2.788,14,81,5.785714285714286,2,58.91973154008733,22.080268459912674,1.5771620328509053,0.5714285714285714,REG,8,
2020,REG,8,week,10,0750,00-0032063,Mike Davis,M.Davis,DAV567050,RB,RB,28,0750,2020,42469,32004441-5656-7050-90fa-b554877db5f4,Michael,Davis,Mike,RB,RB,28,ACT,https://static.www.nfl.com/image/private/{formatInstructions}/league/sd67wjznwou2pwqs2m3h,3.5527272727272727,38.46153846153847,2.9810000000000003,13,66,5.076923076923077,0,61.771728847109415,4.228271152890585,0.3252516271454296,0.3076923076923077,REG,8,
2020,REG,8,week,10,0810,00-0035685,David Montgomery,D.Montgomery,MON487374,RB,RB,32,0810,2020,47856,32004d4f-4e48-7374-a044-7fb197b6b501,David,Montgomery,David,RB,RB,32,ACT,https://static.www.nfl.com/image/private/{formatInstructions}/league/zsd3fcztejae8oexy3um,3.978539325842697,23.809523809523807,2.944055555555556,21,89,4.238095238095238,0,114.62146990327943,-23.621469903279433,-1.1810734951639716,0.35,REG,8,
2020,REG,8,week,10,0920,00-0030456,Giovani Bernard,G.Bernard,BER219765,RB,RB,25,0920,2020,39985,32004245-5221-9765-46d6-1e758159937b,Giovani,Bernard,Giovani,RB,RB,25,ACT,https://static.www.nfl.com/image/private/{formatInstructions}/league/emjueiztyubzm99lxd49,3.3614516129032253,6.666666666666667,2.3957142857142855,15,62,4.133333333333334,1,58.512116575678746,1.4878834243212538,0.10627738745151813,0.35714285714285715,REG,8,
2020,REG,8,week,10,0920,00-0033526,Samaje Perine,S.Perine,PER095343,RB,RB,34,0920,2020,44927,32005045-5209-5343-a8b2-b2085b20ed79,Samaje,Perine,Samaje,RB,RB,34,ACT,https://static.www.nfl.com/image/private/{formatInstructions}/league/lyuhcp2aflz93its3ums,3.789375000000001,40.0,2.4583333333333335,10,32,3.2,1,18.690263210162275,13.309736789837725,1.3309736789837725,0.4,REG,8,
2020,REG,8,week,10,1050,00-0033923,Kareem Hunt,K.Hunt,HUN308934,RB,RB,27,1050,2020,44898,32004855-4e30-8934-bd0d-d8d3d09b6aac,Kareem,Hunt,Kareem,RB,RB,27,ACT,https://static.www.nfl.com/image/private/{formatInstructions}/league/soaqewfl8xjea2lpzfth,3.9248484848484844,14.285714285714285,3.0161538461538457,14,66,4.714285714285714,0,70.68685757933082,-4.68685757933082,-0.3347755413807728,0.2857142857142857,REG,8,
2020,REG,8,week,10,1200,00-0033045,Ezekiel Elliott,E.Elliott,ELL289284,RB,RB,21,1200,2020,43293,3200454c-4c28-9284-cdcc-74694c8d1749,Ezekiel,Elliott,Ezekiel,RB,RB,21,ACT,https://static.www.nfl.com/image/private/{formatInstructions}/league/e2h7hohon748tyzzu3z5,4.422698412698413,52.63157894736842,2.8348823529411757,19,63,3.3157894736842106,0,65.75101851598106,-2.751018515981059,-0.1447904482095294,0.42105263157894735,REG,8,
2020,REG,8,week,10,1800,00-0033948,Jamaal Williams,J.Williams,WIL328269,RB,RB,30,1800,2020,44947,32005749-4c32-8269-4a19-d851ac99ba3c,Jamaal,Williams,Jamaal,RB,RB,30,ACT,https://static.www.nfl.com/image/private/{formatInstructions}/league/yuxsp5zntefv9yccbfos,3.911066666666666,12.5,2.6295,16,75,4.6875,0,78.7663198654875,-3.766319865487503,-0.23539499159296895,0.3125,REG,8,
2020,REG,8,week,10,2100,00-0032764,Derrick Henry,D.Henry,HEN602843,RB,RB,22,2100,2020,43334,32004845-4e60-2843-9b64-3cd8fac319c3,Derrick,Henry,Derrick,RB,RB,22,ACT,https://static.www.nfl.com/image/private/{formatInstructions}/league/f5kj56yln1s0qlpdhbxu,3.0941071428571436,44.44444444444444,2.7466111111111107,18,112,6.222222222222222,1,55.27370478260454,38.72629521739546,2.5817530144930307,0.7333333333333333,REG,8,
2020,REG,8,week,10,2200,00-0034400,Jordan Wilkins,J.Wilkins,WIL088337,RB,RB,20,2200,2020,46238,32005749-4c08-8337-ca0c-7bfc2f7b2caa,Jordan,Wilkins,Jordan,RB,RB,20,ACT,https://static.www.nfl.com/image/private/{formatInstructions}/league/pqldlmiwvv9emb7bxnea,3.469213483146068,15.0,2.5879999999999996,20,89,4.45,1,85.73426473547147,3.26573526452853,0.1632867632264265,0.4,REG,8,
2020,REG,8,week,10,2200,00-0036223,Jonathan Taylor,J.Taylor,TAY431618,RB,RB,28,2200,2020,52449,32005441-5943-1618-c081-5dd6b2d0b829,Jonathan,Taylor,Jonathan,RB,RB,28,ACT,https://static.www.nfl.com/image/private/{formatInstructions}/league/mx6ptr3jbhx0wxo3848u,8.094090909090909,9.090909090909092,2.999,11,22,2.0,0,45.25632983940635,-23.256329839406348,-2.1142118035823954,0.18181818181818182,REG,8,
2020,REG,8,week,10,2510,00-0031806,Malcolm Brown,M.Brown,BRO550137,RB,RB,34,2510,2020,42837,32004252-4f55-0137-a08a-164e95f5f50c,Malcolm,Brown,Malcolm,RB,RB,34,ACT,https://static.www.nfl.com/image/private/{formatInstructions}/league/saroibi2giakpauwanjg,4.5752500000000005,10.0,3.156111111111111,10,40,4.0,0,50.829949237244286,-14.829949237244286,-1.6477721374715872,0.1111111111111111,REG,8,
2020,REG,8,week,10,2520,00-0035700,Josh Jacobs,J.Jacobs,JAC734615,RB,RB,28,2520,2020,47807,32004a41-4373-4615-60ca-982d07046841,Joshua,Jacobs,Josh,RB,RB,28,ACT,https://static.www.nfl.com/image/private/{formatInstructions}/league/docmktgq1ubvu87ltcco,3.3017829457364347,51.61290322580645,2.4799032258064524,31,129,4.161290322580645,0,122.84177121509067,6.158228784909326,0.19865254144868794,0.45161290322580644,REG,8,
2020,REG,8,week,10,2700,00-0035311,Myles Gaskin,M.Gaskin,GAS211909,RB,RB,37,2700,2020,48017,32004741-5321-1909-2ae0-a123794bf24d,Myles,Gaskin,Myles,RB,RB,37,ACT,https://static.www.nfl.com/image/private/{formatInstructions}/league/lwbo5oqzvpcb5y0fufoa,5.172127659574468,16.666666666666664,2.879111111111111,18,47,2.611111111111111,1,61.137005189399126,-17.137005189399126,-1.0710628243374454,0.375,REG,8,
2020,REG,8,week,10,3000,00-0033893,Dalvin Cook,D.Cook,COO047079,RB,RB,33,3000,2020,44853,3200434f-4f04-7079-ca3d-32c8b4ce8a9a,Dalvin,Cook,Dalvin,RB,RB,33,ACT,https://static.www.nfl.com/image/private/{formatInstructions}/league/sxhuurbjysw8vxgj8arg,3.5793865030674845,46.666666666666664,2.6523571428571424,30,163,5.433333333333334,3,121.26604200900638,37.733957990993616,1.3011709652066765,0.3793103448275862,REG,8,
2020,REG,8,week,10,3200,00-0035657,Damien Harris,D.Harris,HAR311469,RB,RB,37,3200,2020,47870,32004841-5231-1469-57ad-03c4e9f5e495,Damien,Harris,Damien,RB,RB,37,ACT,https://static.www.nfl.com/image/private/{formatInstructions}/league/fkm1w2mp3ocice26vuk4,3.2417647058823524,56.25,2.7365,16,102,6.375,1,94.31525721238147,7.684742787618532,0.48029642422615826,0.5,REG,8,
2020,REG,8,week,10,3300,00-0033906,Alvin Kamara,A.Kamara,KAM244058,RB,RB,41,3300,2020,44879,32004b41-4d24-4058-5a3b-01bd39e6a25d,Alvin,Kamara,Alvin,RB,RB,41,ACT,https://static.www.nfl.com/image/private/{formatInstructions}/league/rubeyrjz53yacwyjgycx,3.898805970149254,25.0,2.668399999999999,12,67,5.583333333333333,0,46.83605216619606,12.163947833803938,1.1058134394367216,0.2727272727272727,REG,8,
2020,REG,8,week,10,3410,00-0033950,Wayne Gallman,W.Gallman,GAL649066,RB,RB,22,3410,2020,44953,32004741-4c64-9066-25c6-c9a8be2311bb,Wayne,Gallman,Wayne,RB,RB,22,ACT,https://static.www.nfl.com/image/private/{formatInstructions}/league/zlhxdru9d7ktq8kxylaa,3.9370454545454536,25.0,2.4048,12,44,3.6666666666666665,1,54.02986700056449,-10.029867000564487,-0.8358222500470406,0.4166666666666667,REG,8,
2020,REG,8,week,10,3430,00-0023500,Frank Gore,F.Gore,GOR411171,RB,RB,21,3430,2020,29892,3200474f-5241-1171-e932-18530d86ff0c,Frank,Gore,Frank,RB,RB,21,ACT,https://static.www.nfl.com/image/private/{formatInstructions}/league/lxxkhd2suyalrbruzut7,5.318666666666667,30.0,2.8284,10,30,3.0,0,40.087483741382236,-10.087483741382236,-1.0087483741382237,0.3,REG,8,
2020,REG,8,week,10,3700,00-0034414,Boston Scott,B.Scott,SCO101831,RB,RB,35,3700,2020,46270,32005343-4f10-1831-d7aa-cc7da631e708,Boston,Scott,Boston,RB,RB,35,ACT,https://static.www.nfl.com/image/private/{formatInstructions}/league/fo2lggawemd9prlso3gk,4.744285714285714,0.0,3.1091666666666664,15,70,4.666666666666667,0,71.99775975429677,-1.9977597542967658,-0.14269712530691184,0.2857142857142857,REG,8,
2020,REG,8,week,10,3900,00-0033553,James Conner,J.Conner,CON461999,RB,RB,30,3900,2020,44917,3200434f-4e46-1999-59e9-253cedeec3a5,James,Conner,James,RB,RB,30,ACT,https://static.www.nfl.com/image/private/{formatInstructions}/league/rqhi3n703cly3mehgc7h,4.934255319148936,40.0,2.8350000000000004,15,47,3.1333333333333333,1,62.33312785428342,-13.333127854283418,-0.9523662753059584,0.14285714285714285,REG,8,
2020,REG,8,week,10,4400,00-0033164,Troymaine Pope,T.Pope,POP514834,RB,RB,35,4400,2020,44286,3200504f-5051-4834-754b-c790e7cbb800,Troymaine,Pope,Troymaine,RB,RB,35,ACT,https://static.www.nfl.com/image/private/{formatInstructions}/league/qgwjblnzedbxfulfhltu,2.7843283582089553,0.0,2.8207777777777783,10,67,6.7,0,55.55280244537263,11.447197554627373,1.1447197554627373,0.5,REG,8,
2020,REG,8,week,10,4400,00-0034440,Justin Jackson,J.Jackson,JAC283219,RB,RB,22,4400,2020,46320,32004a41-4328-3219-d5e0-94e7d9512273,Justin,Jackson,Justin,RB,RB,22,ACT,https://static.www.nfl.com/image/private/{formatInstructions}/league/fanie7tjy1i59ou3lpup,2.796067415730337,0.0,2.449588235294118,17,89,5.235294117647059,0,85.4930994189465,-0.49309941894649967,-0.03081871368415623,0.25,REG,8,
2020,REG,8,week,10,4500,00-0035806,Jamycal Hasty,J.Hasty,HAS766320,RB,RB,38,4500,2020,52708,32004841-5376-6320-3668-fe378d3d0a54,Jamycal,Hasty,Jamycal,RB,RB,38,ACT,https://static.www.nfl.com/image/private/{formatInstructions}/league/qtjp84utne7uhgbtx0o5,6.293793103448275,8.333333333333332,2.520090909090909,12,29,2.4166666666666665,1,41.17967760865004,-18.17967760865004,-1.8179677608650038,0.3,REG,8,
2020,REG,8,week,10,4600,00-0036425,DeeJay Dallas,D.Dallas,DAL415290,RB,RB,31,4600,2020,52552,32004441-4c41-5290-528d-2115c573d8ed,Demetrius,Dallas,DeeJay,RB,RB,31,ACT,,7.27,22.22222222222222,3.2053999999999996,18,41,2.2777777777777777,1,60.45056841912523,-18.450568419125233,-1.0853275540661902,0.17647058823529413,REG,8,
2020,REG,8,week,10,4900,00-0033856,Leonard Fournette,L.Fournette,FOU564970,RB,RB,28,4900,2020,44816,3200464f-5556-4970-e13e-15f65e552496,Leonard,Fournette,Leonard,RB,RB,28,ACT,https://static.www.nfl.com/image/private/{formatInstructions}/league/quvoqaapbnebbllg3jwl,4.287307692307693,6.666666666666667,2.6482857142857137,15,52,3.466666666666667,0,68.566558230689,-23.566558230688997,-1.8128121715914614,0.15384615384615385,REG,8,
2020,REG,9,week,10,0200,00-0032241,Todd Gurley,T.Gurley,GUR000000,RB,RB,21,0200,2020,42353,32004755-5200-0000-f496-e727c8f2225d,Todd Gurley II,Gurley,Todd,RB,RB,21,ACT,https://static.www.nfl.com/image/private/{formatInstructions}/league/ym7oprwel3dxbab0k7x9,5.107358490566036,10.526315789473683,2.708055555555555,19,53,2.789473684210526,1,72.59237609436944,-19.592376094369442,-1.031177689177339,0.2631578947368421,REG,9,
2020,REG,9,week,10,0325,00-0034184,Gus Edwards,G.Edwards,EDW471180,RB,RB,35,0325,2020,46437,32004544-5747-1180-daba-c0c892edc0c8,Gus,Edwards,Gus,RB,RB,35,ACT,https://static.www.nfl.com/image/private/{formatInstructions}/league/qzfjokxel2zmnlt4omrq,6.675652173913044,54.54545454545454,2.547555555555556,11,23,2.090909090909091,1,28.20392201167131,-5.20392201167131,-0.4730838192428463,0.5454545454545454,REG,9,
2020,REG,9,week,10,0325,00-0036158,J.K. Dobbins,J.Dobbins,DOB207645,RB,RB,27,0325,2020,52463,3200444f-4220-7645-7ee7-94f57d3eed4f,Jkaylin,Dobbins,J.K.,RB,RB,27,ACT,https://static.www.nfl.com/image/private/{formatInstructions}/league/tr3yxhybdwehibl6maqy,5.8293333333333335,16.666666666666664,2.742777777777778,12,30,2.5,0,45.75832087924943,-15.758320879249432,-1.3131934066041193,0.25,REG,9,
2020,REG,9,week,10,0750,00-0033280,Christian McCaffrey,C.McCaffrey,MCC035988,RB,RB,22,0750,2020,44820,32004d43-4303-5988-790d-0077d6a4692b,Christian,McCaffrey,Christian,RB,RB,22,ACT,https://static.www.nfl.com/image/private/{formatInstructions}/league/p8wtji6gkuwfv96vihqh,4.448115942028985,27.77777777777778,2.721125,18,69,3.8333333333333335,1,78.15951424929439,-9.15951424929439,-0.5088619027385772,0.5,REG,9,
2020,REG,9,week,10,0810,00-0035685,David Montgomery,D.Montgomery,MON487374,RB,RB,32,0810,2020,47856,32004d4f-4e48-7374-a044-7fb197b6b501,David,Montgomery,David,RB,RB,32,ACT,https://static.www.nfl.com/image/private/{formatInstructions}/league/zsd3fcztejae8oexy3um,5.808333333333334,7.142857142857142,2.8765,14,30,2.142857142857143,0,45.80616039206853,-15.806160392068527,-1.1290114565763234,0.2857142857142857,REG,9,
2020,REG,9,week,10,1200,00-0033045,Ezekiel Elliott,E.Elliott,ELL289284,RB,RB,21,1200,2020,43293,3200454c-4c28-9284-cdcc-74694c8d1749,Ezekiel,Elliott,Ezekiel,RB,RB,21,ACT,https://static.www.nfl.com/image/private/{formatInstructions}/league/e2h7hohon748tyzzu3z5,4.877843137254902,50.0,2.548875,18,51,2.8333333333333335,0,73.07839293005706,-22.078392930057063,-1.2265773850031703,0.3333333333333333,REG,9,
2020,REG,9,week,10,1540,00-0036275,D'Andre Swift,D.Swift,SWI228476,RB,RB,32,1540,2020,52443,32005357-4922-8476-53db-e64aaf6e01f5,D'Andre,Swift,D'Andre,RB,RB,32,ACT,https://static.www.nfl.com/image/private/{formatInstructions}/league/amhsf13r1hnpo9lrn2uj,3.8520312500000005,15.384615384615385,2.6800833333333336,13,64,4.923076923076923,0,79.42028092082381,-15.420280920823814,-1.1861754554479857,0.23076923076923078,REG,9,
2020,REG,9,week,10,1800,00-0033293,Aaron Jones,A.Jones,JON026624,RB,RB,33,1800,2020,44995,32004a4f-4e02-6624-33bd-3ba151b7013d,Aaron,Jones,Aaron,RB,RB,33,ACT,https://static.www.nfl.com/image/private/{formatInstructions}/league/fhg7hqiz87nyx1payjqh,4.015689655172415,46.666666666666664,2.7357857142857145,15,58,3.8666666666666667,0,71.51799745096746,-13.517997450967457,-0.9011998300644971,0.3333333333333333,REG,9,
2020,REG,9,week,10,2100,00-0032764,Derrick Henry,D.Henry,HEN602843,RB,RB,22,2100,2020,43334,32004845-4e60-2843-9b64-3cd8fac319c3,Derrick,Henry,Derrick,RB,RB,22,ACT,https://static.www.nfl.com/image/private/{formatInstructions}/league/f5kj56yln1s0qlpdhbxu,4.818970588235295,19.047619047619047,2.9219523809523804,21,68,3.238095238095238,0,83.1016668434089,-15.101666843408907,-0.7191269925432813,0.2857142857142857,REG,9,
2020,REG,9,week,10,2120,00-0032257,Duke Johnson,D.Johnson,JOH000009,RB,RB,25,2120,2020,42420,32004a4f-4800-0009-3d52-7d0c4c49cdd8,Randy,Johnson,Duke,RB,RB,25,ACT,https://static.www.nfl.com/image/private/{formatInstructions}/league/yorwzg4zr1putvxgtuzc,5.610487804878049,37.5,2.8499285714285714,16,41,2.5625,1,47.28213252878394,-6.28213252878394,-0.39263328304899625,0.375,REG,9,
2020,REG,9,week,10,2200,00-0034400,Jordan Wilkins,J.Wilkins,WIL088337,RB,RB,20,2200,2020,46238,32005749-4c08-8337-ca0c-7bfc2f7b2caa,Jordan,Wilkins,Jordan,RB,RB,20,ACT,https://static.www.nfl.com/image/private/{formatInstructions}/league/pqldlmiwvv9emb7bxnea,3.9848717948717947,18.181818181818183,2.548909090909091,11,39,3.5454545454545454,0,49.7723973900597,-10.772397390059702,-0.9793088536417911,0.36363636363636365,REG,9,
2020,REG,9,week,10,2250,00-0035831,James Robinson,J.Robinson,ROB521367,RB,RB,30,2250,2020,52733,3200524f-4252-1367-7b21-7f5516b913bf,James,Robinson,James,RB,RB,30,ACT,https://static.www.nfl.com/image/private/{formatInstructions}/league/lxzbao36eeratekmnxeb,3.683333333333333,52.0,2.6597600000000003,25,99,3.96,1,98.49499468020073,-5.494994680200733,-0.22895811167503055,0.375,REG,9,
2020,REG,9,week,10,2520,00-0035700,Josh Jacobs,J.Jacobs,JAC734615,RB,RB,28,2520,2020,47807,32004a41-4373-4615-60ca-982d07046841,Joshua,Jacobs,Josh,RB,RB,28,ACT,https://static.www.nfl.com/image/private/{formatInstructions}/league/docmktgq1ubvu87ltcco,3.8452307692307697,28.57142857142857,2.7656428571428573,14,65,4.642857142857143,1,53.855556220125266,11.144443779874734,0.796031698562481,0.5,REG,9,
2020,REG,9,week,10,2700,00-0032780,Jordan Howard,J.Howard,HOW239418,RB,RB,34,2700,2020,43439,3200484f-5723-9418-9826-088b7176f34d,Jordan,Howard,Jordan,RB,RB,34,ACT,https://static.www.nfl.com/image/private/{formatInstructions}/league/ncyji5loojotez33t5uz,6.01421052631579,50.0,2.403875,10,19,1.9,1,35.92730299870783,-16.92730299870783,-1.692730299870783,0.4,REG,9,
2020,REG,9,week,10,3000,00-0033893,Dalvin Cook,D.Cook,COO047079,RB,RB,33,3000,2020,44853,3200434f-4f04-7079-ca3d-32c8b4ce8a9a,Dalvin,Cook,Dalvin,RB,RB,33,ACT,https://static.www.nfl.com/image/private/{formatInstructions}/league/sxhuurbjysw8vxgj8arg,2.347669902912622,63.63636363636363,2.7948636363636363,22,206,9.363636363636363,2,121.86964556211305,84.13035443788695,3.8241070199039524,0.5909090909090909,REG,9,
2020,REG,9,week,10,3000,00-0034972,Alexander Mattison,A.Mattison,MAT599622,RB,RB,25,3000,2020,47885,32004d41-5459-9622-25bb-238938a4f96b,Alexander,Mattison,Alexander,RB,RB,25,ACT,https://static.www.nfl.com/image/private/{formatInstructions}/league/crp4nxsdqb6rt6hqomp3,2.965797101449275,66.66666666666666,2.6664999999999996,12,69,5.75,0,50.06193429314876,18.93806570685124,1.5781721422376034,0.5833333333333334,REG,9,
2020,REG,9,week,10,3200,00-0030288,Rex Burkhead,R.Burkhead,BUR268979,RB,RB,34,3200,2020,40138,32004255-5226-8979-d329-833f70d2b628,Michael,Burkhead,Rex,RB,RB,34,ACT,https://static.www.nfl.com/image/private/{formatInstructions}/league/rvaf2ikn1tfjwdutmmvw,3.111607142857143,50.0,2.3443333333333327,12,56,4.666666666666667,1,46.35220704202225,9.64779295797775,0.8039827464981458,0.6666666666666666,REG,9,
2020,REG,9,week,10,3200,00-0035657,Damien Harris,D.Harris,HAR311469,RB,RB,37,3200,2020,47870,32004841-5231-1469-57ad-03c4e9f5e495,Damien,Harris,Damien,RB,RB,37,ACT,https://static.www.nfl.com/image/private/{formatInstructions}/league/fkm1w2mp3ocice26vuk4,3.593239436619718,57.14285714285714,2.7932307692307696,14,71,5.071428571428571,0,77.30300605225189,-6.303006052251888,-0.450214718017992,0.42857142857142855,REG,9,
2020,REG,9,week,10,3300,00-0030513,Latavius Murray,L.Murray,MUR671046,RB,RB,28,3300,2020,40129,32004d55-5267-1046-5487-d03e83f25c8b,Latavius,Murray,Latavius,RB,RB,28,ACT,https://static.www.nfl.com/image/private/{formatInstructions}/league/keze6gbkt5ipoqtpq7dl,3.5615384615384618,70.0,2.337571428571429,10,39,3.9,0,41.279957517443634,-2.279957517443634,-0.22799575174436343,0.4,REG,9,
2020,REG,9,week,10,3410,00-0033950,Wayne Gallman,W.Gallman,GAL649066,RB,RB,22,3410,2020,44953,32004741-4c64-9066-25c6-c9a8be2311bb,Wayne,Gallman,Wayne,RB,RB,22,ACT,https://static.www.nfl.com/image/private/{formatInstructions}/league/zlhxdru9d7ktq8kxylaa,2.6685294117647054,42.857142857142854,2.250357142857143,14,68,4.857142857142857,1,66.16109149138748,1.8389085086125192,0.13135060775803709,0.42857142857142855,REG,9,
2020,REG,9,week,10,3430,00-0023500,Frank Gore,F.Gore,GOR411171,RB,RB,21,3430,2020,29892,3200474f-5241-1171-e932-18530d86ff0c,Frank,Gore,Frank,RB,RB,21,ACT,https://static.www.nfl.com/image/private/{formatInstructions}/league/lxxkhd2suyalrbruzut7,4.4339130434782605,0.0,2.81025,12,46,3.8333333333333335,0,67.64332516680835,-21.643325166808353,-1.8036104305673628,0.3333333333333333,REG,9,
2020,REG,9,week,10,3800,00-0034681,Chase Edmonds,C.Edmonds,EDM181116,RB,RB,29,3800,2020,46203,32004544-4d18-1116-8de3-583c7ff1d2b8,Chase,Edmonds,Chase,RB,RB,29,ACT,https://static.www.nfl.com/image/private/{formatInstructions}/league/cznbk7kea3p45tzvwcss,5.533142857142856,32.0,2.846478260869565,25,70,2.8,0,111.34692314101642,-41.34692314101642,-1.6538769256406567,0.2,REG,9,
2020,REG,9,week,10,4400,00-0034799,Kalen Ballage,K.Ballage,BAL608677,RB,RB,31,4400,2020,46200,32004241-4c60-8677-837d-5f12080d8f67,Kalen,Ballage,Kalen,RB,RB,31,ACT,https://static.www.nfl.com/image/private/{formatInstructions}/league/keqnir5nalt6ss4hk3wa,3.265942028985508,13.333333333333334,2.7061333333333333,15,69,4.6,1,71.39457778366267,-2.394577783662669,-0.1596385189108446,0.4666666666666667,REG,9,
2020,REG,9,week,10,4500,00-0031376,Jerick McKinnon,J.McKinnon,MCK656764,RB,RB,28,4500,2020,41325,32004d43-4b65-6764-e685-6b07f4dbac28,Jerick,McKinnon,Jerick,RB,RB,28,ACT,https://static.www.nfl.com/image/private/{formatInstructions}/league/l1p3zh1dswzruankht4r,4.108846153846153,8.333333333333332,3.0753333333333335,12,52,4.333333333333333,1,48.26623647321632,3.733763526783683,0.31114696056530694,0.5,REG,9,
2020,REG,10,week,10,1050,00-0033923,Kareem Hunt,K.Hunt,HUN308934,RB,RB,27,1050,2020,44898,32004855-4e30-8934-bd0d-d8d3d09b6aac,Kareem,Hunt,Kareem,RB,RB,27,ACT,https://static.www.nfl.com/image/private/{formatInstructions}/league/soaqewfl8xjea2lpzfth,3.6684615384615387,63.1578947368421,3.093166666666667,19,104,5.473684210526316,0,82.51517585358916,21.484824146410844,1.1307802182321496,0.47368421052631576,REG,10,
2020,REG,10,week,10,1050,00-0034791,Nick Chubb,N.Chubb,CHU033942,RB,RB,24,1050,2020,46104,32004348-5503-3942-d8b2-181bd658412e,Nicholas,Chubb,Nick,RB,RB,24,ACT,https://static.www.nfl.com/image/private/{formatInstructions}/league/m10y1skypqxyvigftdle,3.3525396825396827,52.63157894736842,3.3102352941176476,19,126,6.631578947368421,1,77.45549475659514,48.544505243404856,2.5549739601792028,0.47368421052631576,REG,10,
2020,REG,10,week,10,1400,00-0032144,Melvin Gordon,M.Gordon,GOR275321,RB,RB,25,1400,2020,42358,3200474f-5227-5321-5a9f-5d54a292e030,Melvin,Gordon,Melvin,RB,RB,25,ACT,https://static.www.nfl.com/image/private/{formatInstructions}/league/en0ul7l1m9aqf7wffufg,4.002391304347825,18.181818181818183,2.7444999999999995,11,46,4.181818181818182,0,58.66806502492026,-12.66806502492026,-1.1516422749927508,0.2727272727272727,REG,10,
2020,REG,10,week,10,1540,00-0036275,D'Andre Swift,D.Swift,SWI228476,RB,RB,32,1540,2020,52443,32005357-4922-8476-53db-e64aaf6e01f5,D'Andre,Swift,D'Andre,RB,RB,32,ACT,https://static.www.nfl.com/image/private/{formatInstructions}/league/amhsf13r1hnpo9lrn2uj,3.415802469135802,43.75,2.7893999999999997,16,81,5.0625,0,58.97042126543316,22.02957873456684,1.3768486709104275,0.4375,REG,10,
2020,REG,10,week,10,1800,00-0033293,Aaron Jones,A.Jones,JON026624,RB,RB,33,1800,2020,44995,32004a4f-4e02-6624-33bd-3ba151b7013d,Aaron,Jones,Aaron,RB,RB,33,ACT,https://static.www.nfl.com/image/private/{formatInstructions}/league/fhg7hqiz87nyx1payjqh,4.733913043478262,38.46153846153847,2.9060833333333336,13,46,3.5384615384615383,0,56.53337443882565,-10.533374438825653,-0.810259572217358,0.3076923076923077,REG,10,
2020,REG,10,week,10,2100,00-0032764,Derrick Henry,D.Henry,HEN602843,RB,RB,22,2100,2020,43334,32004845-4e60-2843-9b64-3cd8fac319c3,Derrick,Henry,Derrick,RB,RB,22,ACT,https://static.www.nfl.com/image/private/{formatInstructions}/league/f5kj56yln1s0qlpdhbxu,3.816116504854369,21.052631578947366,2.7717500000000004,19,103,5.421052631578948,0,84.29826175697396,16.701738243026043,0.9278743468347801,0.5,REG,10,
2020,REG,10,week,10,2120,00-0032257,Duke Johnson,D.Johnson,JOH000009,RB,RB,25,2120,2020,42420,32004a4f-4800-0009-3d52-7d0c4c49cdd8,Randy,Johnson,Duke,RB,RB,25,ACT,https://static.www.nfl.com/image/private/{formatInstructions}/league/yorwzg4zr1putvxgtuzc,3.4898148148148147,28.57142857142857,2.6062307692307694,14,54,3.857142857142857,0,49.92691257481712,4.073087425182877,0.2909348160844912,0.2857142857142857,REG,10,
2020,REG,10,week,10,2200,00-0034367,Nyheim Hines,N.Hines,HIN226970,RB,RB,21,2200,2020,46173,32004849-4e22-6970-73da-06472dd4984b,Nyheim,Hines,Nyheim,RB,RB,21,ACT,https://static.www.nfl.com/image/private/{formatInstructions}/league/lsvodvfsjkzc0ii9vn2n,3.3850000000000007,25.0,2.569545454545455,12,70,5.833333333333333,1,61.728269342544074,8.271730657455926,0.6893108881213271,0.4166666666666667,REG,10,
2020,REG,10,week,10,2250,00-0035831,James Robinson,J.Robinson,ROB521367,RB,RB,30,2250,2020,52733,3200524f-4252-1367-7b21-7f5516b913bf,James,Robinson,James,RB,RB,30,ACT,https://static.www.nfl.com/image/private/{formatInstructions}/league/lxzbao36eeratekmnxeb,3.402293577981651,17.391304347826086,2.7438636363636366,23,109,4.739130434782608,0,102.06537557183246,6.934624428167538,0.30150540992032776,0.5217391304347826,REG,10,
2020,REG,10,week,10,2510,00-0036414,Cam Akers,C.Akers,AKE415291,RB,RB,23,2510,2020,52460,3200414b-4541-5291-73e4-84e805a9ffce,Cam,Akers,Cam,RB,RB,23,ACT,https://static.www.nfl.com/image/private/{formatInstructions}/league/zeh3myk7tc0yzp6qbudr,4.926842105263159,60.0,2.8397142857142854,10,38,3.8,0,41.177965538188666,-3.1779655381886656,-0.31779655381886657,0.3,REG,10,
2020,REG,10,week,10,2520,00-0032972,Devontae Booker,D.Booker,BOO019902,RB,RB,23,2520,2020,43425,3200424f-4f01-9902-c146-57fda0468e8d,Devontae,Booker,Devontae,RB,RB,23,ACT,https://static.www.nfl.com/image/private/{formatInstructions}/league/n4tprmtnsgpc8cmvppvm,3.0343209876543216,37.5,2.4615625000000003,16,81,5.0625,2,65.4149436714035,15.585056328596494,0.9740660205372809,0.25,REG,10,
2020,REG,10,week,10,2520,00-0035700,Josh Jacobs,J.Jacobs,JAC734615,RB,RB,28,2520,2020,47807,32004a41-4373-4615-60ca-982d07046841,Joshua,Jacobs,Josh,RB,RB,28,ACT,https://static.www.nfl.com/image/private/{formatInstructions}/league/docmktgq1ubvu87ltcco,3.6387500000000004,4.761904761904762,2.8182,21,112,5.333333333333333,2,97.7642286606171,14.235771339382893,0.6778938733039472,0.47619047619047616,REG,10,
2020,REG,10,week,10,2700,00-0036020,Salvon Ahmed,S.Ahmed,AHM088990,RB,RB,26,2700,2020,52922,32004148-4d08-8990-8df4-f46ca7aff75b,Salvon,Ahmed,Salvon,RB,RB,26,ACT,,3.835647058823529,28.57142857142857,2.479944444444445,21,85,4.0476190476190474,1,102.47804542069737,-17.47804542069737,-0.8322878771760652,0.2857142857142857,REG,10,
2020,REG,10,week,10,3000,00-0033893,Dalvin Cook,D.Cook,COO047079,RB,RB,33,3000,2020,44853,3200434f-4f04-7079-ca3d-32c8b4ce8a9a,Dalvin,Cook,Dalvin,RB,RB,33,ACT,https://static.www.nfl.com/image/private/{formatInstructions}/league/sxhuurbjysw8vxgj8arg,5.192083333333334,16.666666666666664,3.079103448275862,30,96,3.2,0,105.59509982606859,-9.59509982606859,-0.319836660868953,0.4,REG,10,
2020,REG,10,week,10,3200,00-0035657,Damien Harris,D.Harris,HAR311469,RB,RB,37,3200,2020,47870,32004841-5231-1469-57ad-03c4e9f5e495,Damien,Harris,Damien,RB,RB,37,ACT,https://static.www.nfl.com/image/private/{formatInstructions}/league/fkm1w2mp3ocice26vuk4,3.1542148760330577,54.54545454545454,2.6705,22,121,5.5,0,82.07576544904784,38.924234550952164,1.7692833886796437,0.45454545454545453,REG,10,
2020,REG,10,week,10,3410,00-0033950,Wayne Gallman,W.Gallman,GAL649066,RB,RB,22,3410,2020,44953,32004741-4c64-9066-25c6-c9a8be2311bb,Wayne,Gallman,Wayne,RB,RB,22,ACT,https://static.www.nfl.com/image/private/{formatInstructions}/league/zlhxdru9d7ktq8kxylaa,3.935283018867925,50.0,2.244375,18,53,2.9444444444444446,2,38.023807902527366,18.976192097472634,1.1162465939689785,0.5882352941176471,REG,10,
2020,REG,10,week,10,3700,00-0035243,Miles Sanders,M.Sanders,SAN153567,RB,RB,26,3700,2020,47836,32005341-4e15-3567-869d-79c73965b54e,Miles,Sanders,Miles,RB,RB,26,ACT,https://static.www.nfl.com/image/private/{formatInstructions}/league/m1lscxsubhwr0oz4gp45,3.877058823529412,0.0,3.158692307692308,15,85,5.666666666666667,0,94.03846319468191,-9.03846319468191,-0.602564212978794,0.4666666666666667,REG,10,
2020,REG,10,week,10,3800,00-0033118,Kenyan Drake,K.Drake,DRA280410,RB,RB,41,3800,2020,43362,32004452-4128-0410-f1a5-770c8d09e9d7,Kenyan,Drake,Kenyan,RB,RB,41,ACT,https://static.www.nfl.com/image/private/{formatInstructions}/league/cnkha97t7evnzybhqsta,2.9188000000000005,0.0,2.6173999999999995,16,100,6.25,0,97.69525348165882,2.304746518341176,0.1440466573963235,0.5,REG,10,
2020,REG,10,week,10,3900,00-0033553,James Conner,J.Conner,CON461999,RB,RB,30,3900,2020,44917,3200434f-4e46-1999-59e9-253cedeec3a5,James,Conner,James,RB,RB,30,ACT,https://static.www.nfl.com/image/private/{formatInstructions}/league/rqhi3n703cly3mehgc7h,6.086666666666667,15.384615384615385,3.1106363636363636,13,36,2.769230769230769,0,62.37256644712903,-26.37256644712903,-2.028658957471464,0.23076923076923078,REG,10,
2020,REG,10,week,10,4400,00-0034799,Kalen Ballage,K.Ballage,BAL608677,RB,RB,31,4400,2020,46200,32004241-4c60-8677-837d-5f12080d8f67,Kalen,Ballage,Kalen,RB,RB,31,ACT,https://static.www.nfl.com/image/private/{formatInstructions}/league/keqnir5nalt6ss4hk3wa,3.524117647058824,27.77777777777778,2.573235294117647,18,68,3.7777777777777777,0,75.05702146683993,-7.057021466839927,-0.39205674815777375,0.3888888888888889,REG,10,
2020,REG,10,week,10,4500,00-0031376,Jerick McKinnon,J.McKinnon,MCK656764,RB,RB,28,4500,2020,41325,32004d43-4b65-6764-e685-6b07f4dbac28,Jerick,McKinnon,Jerick,RB,RB,28,ACT,https://static.www.nfl.com/image/private/{formatInstructions}/league/l1p3zh1dswzruankht4r,7.166363636363637,16.666666666666664,2.654153846153846,18,33,1.8333333333333333,0,59.00740468145692,-26.00740468145692,-1.4448558156364955,0.3333333333333333,REG,10,
2020,REG,10,week,10,4600,00-0032426,Alex Collins,A.Collins,COL479374,RB,RB,41,4600,2020,43460,3200434f-4c47-9374-2540-96fa3f4d7768,Alex,Collins,Alex,RB,RB,41,ACT,https://static.www.nfl.com/image/private/{formatInstructions}/league/wqtukgbvpamp4kbphyfz,4.147441860465116,0.0,2.4524,11,43,3.909090909090909,1,63.44386377501548,-20.44386377501548,-1.8585330704559526,0.18181818181818182,REG,10,
2020,REG,10,week,10,4900,00-0034816,Ronald Jones,R.Jones,JON705925,RB,RB,27,4900,2020,46107,32004a4f-4e70-5925-2b49-5f67cfbf7e05,Ronald,Jones,Ronald,RB,RB,27,ACT,https://static.www.nfl.com/image/private/{formatInstructions}/league/rzzjyalc2o1un3uhx0lm,2.339270833333333,56.52173913043478,2.4740454545454553,23,192,8.347826086956522,1,82.40474725821117,109.59525274178883,4.765010988773427,0.6086956521739131,REG,10,
2020,REG,10,week,10,5110,00-0036328,Antonio Gibson,A.Gibson,GIB415285,RB,RB,24,5110,2020,52474,32004749-4241-5285-a215-d633ff9a6f70,Antonio,Gibson,Antonio,RB,RB,24,ACT,https://static.www.nfl.com/image/private/{formatInstructions}/league/cvmwtpfzdt0ibauqifup,5.373777777777777,0.0,2.9144166666666664,13,45,3.4615384615384617,2,57.27349407227689,-12.27349407227689,-0.9441149286366838,0.23076923076923078,REG,10,
2020,REG,11,week,10,0325,00-0036158,J.K. Dobbins,J.Dobbins,DOB207645,RB,RB,27,0325,2020,52463,3200444f-4220-7645-7ee7-94f57d3eed4f,Jkaylin,Dobbins,J.K.,RB,RB,27,ACT,https://static.www.nfl.com/image/private/{formatInstructions}/league/tr3yxhybdwehibl6maqy,3.63,33.33333333333333,2.755933333333333,15,70,4.666666666666667,1,56.794925071935836,12.205074928064164,0.8717910662902975,0.6428571428571429,REG,11,
2020,REG,11,week,10,0750,00-0032063,Mike Davis,M.Davis,DAV567050,RB,RB,28,0750,2020,42469,32004441-5656-7050-90fa-b554877db5f4,Michael,Davis,Mike,RB,RB,28,ACT,https://static.www.nfl.com/image/private/{formatInstructions}/league/sd67wjznwou2pwqs2m3h,4.54046875,63.1578947368421,2.6454736842105264,19,64,3.3684210526315788,1,57.72814644285122,3.2718535571487806,0.18176964206382115,0.4444444444444444,REG,11,
2020,REG,11,week,10,1050,00-0033923,Kareem Hunt,K.Hunt,HUN308934,RB,RB,27,1050,2020,44898,32004855-4e30-8934-bd0d-d8d3d09b6aac,Kareem,Hunt,Kareem,RB,RB,27,ACT,https://static.www.nfl.com/image/private/{formatInstructions}/league/soaqewfl8xjea2lpzfth,17.791818181818183,69.23076923076923,2.8370000000000006,13,11,0.8461538461538461,1,19.562119837644,-8.562119837644001,-0.6586246028956924,0.23076923076923078,REG,11,
2020,REG,11,week,10,1050,00-0034791,Nick Chubb,N.Chubb,CHU033942,RB,RB,24,1050,2020,46104,32004348-5503-3942-d8b2-181bd658412e,Nicholas,Chubb,Nick,RB,RB,24,ACT,https://static.www.nfl.com/image/private/{formatInstructions}/league/m10y1skypqxyvigftdle,3.946754385964912,40.0,3.3712941176470586,20,114,5.7,0,64.50238569861601,47.49761430138399,2.3748807150691995,0.4,REG,11,
2020,REG,11,week,10,1200,00-0033045,Ezekiel Elliott,E.Elliott,ELL289284,RB,RB,21,1200,2020,43293,3200454c-4c28-9284-cdcc-74694c8d1749,Ezekiel,Elliott,Ezekiel,RB,RB,21,ACT,https://static.www.nfl.com/image/private/{formatInstructions}/league/e2h7hohon748tyzzu3z5,3.025339805825243,14.285714285714285,2.518238095238095,21,103,4.904761904761905,0,95.23741826778812,4.762581732211885,0.23812908661059423,0.45,REG,11,
2020,REG,11,week,10,1400,00-0032144,Melvin Gordon,M.Gordon,GOR275321,RB,RB,25,1400,2020,42358,3200474f-5227-5321-5a9f-5d54a292e030,Melvin,Gordon,Melvin,RB,RB,25,ACT,https://static.www.nfl.com/image/private/{formatInstructions}/league/en0ul7l1m9aqf7wffufg,3.4633333333333334,66.66666666666666,2.731083333333333,15,84,5.6,2,68.79681962616408,15.20318037383592,1.0135453582557281,0.3333333333333333,REG,11,
2020,REG,11,week,10,1400,00-0034109,Phillip Lindsay,P.Lindsay,LIN303086,RB,RB,30,1400,2020,46367,32004c49-4e30-3086-a451-a8add609c5d0,Phillip,Lindsay,Phillip,RB,RB,30,ACT,https://static.www.nfl.com/image/private/{formatInstructions}/league/pv23ismfe1xcbholkdqo,4.477439024390244,62.5,3.4004285714285714,16,82,5.125,0,71.1655910074994,10.834408992500599,0.6771505620312874,0.5,REG,11,
2020,REG,11,week,10,1800,00-0033293,Aaron Jones,A.Jones,JON026624,RB,RB,33,1800,2020,44995,32004a4f-4e02-6624-33bd-3ba151b7013d,Aaron,Jones,Aaron,RB,RB,33,ACT,https://static.www.nfl.com/image/private/{formatInstructions}/league/fhg7hqiz87nyx1payjqh,4.421463414634147,0.0,2.8783000000000003,10,41,4.1,1,43.46107752677405,-2.461077526774048,-0.24610775267740478,0.5,REG,11,
2020,REG,11,week,10,2100,00-0032764,Derrick Henry,D.Henry,HEN602843,RB,RB,22,2100,2020,43334,32004845-4e60-2843-9b64-3cd8fac319c3,Derrick,Henry,Derrick,RB,RB,22,ACT,https://static.www.nfl.com/image/private/{formatInstructions}/league/f5kj56yln1s0qlpdhbxu,3.9738345864661655,50.0,2.7005000000000003,28,133,4.75,1,101.90957758474624,31.090422415253755,1.1514971264908798,0.48148148148148145,REG,11,
2020,REG,11,week,10,2120,00-0032257,Duke Johnson,D.Johnson,JOH000009,RB,RB,25,2120,2020,42420,32004a4f-4800-0009-3d52-7d0c4c49cdd8,Randy,Johnson,Duke,RB,RB,25,ACT,https://static.www.nfl.com/image/private/{formatInstructions}/league/yorwzg4zr1putvxgtuzc,8.984666666666667,30.0,2.647888888888889,10,15,1.5,0,37.951426021516866,-22.951426021516866,-2.2951426021516865,0.0,REG,11,
2020,REG,11,week,10,2200,00-0036223,Jonathan Taylor,J.Taylor,TAY431618,RB,RB,28,2200,2020,52449,32005441-5943-1618-c081-5dd6b2d0b829,Jonathan,Taylor,Jonathan,RB,RB,28,ACT,https://static.www.nfl.com/image/private/{formatInstructions}/league/mx6ptr3jbhx0wxo3848u,3.6890000000000005,13.636363636363635,2.7843333333333335,22,90,4.090909090909091,0,86.87230744220912,3.12769255779088,0.14216784353594908,0.3181818181818182,REG,11,
2020,REG,11,week,10,2250,00-0035831,James Robinson,J.Robinson,ROB521367,RB,RB,30,2250,2020,52733,3200524f-4252-1367-7b21-7f5516b913bf,James,Robinson,James,RB,RB,30,ACT,https://static.www.nfl.com/image/private/{formatInstructions}/league/lxzbao36eeratekmnxeb,3.4106849315068497,17.647058823529413,2.567941176470588,17,73,4.294117647058823,0,59.62802614844567,-4.62802614844567,-0.2892516342778544,0.375,REG,11,
2020,REG,11,week,10,2310,00-0036360,Clyde Edwards-Helaire,C.Edwards-Helaire,EDW815562,RB,RB,25,2310,2020,52440,32004544-5781-5562-8963-df06e680f700,Clyde,Edwards-Helaire,Clyde,RB,RB,25,ACT,https://static.www.nfl.com/image/private/{formatInstructions}/league/ldgjalogqzti76pmqbw1,3.3472463768115945,0.0,2.868076923076923,14,69,4.928571428571429,2,68.68931746006855,0.3106825399314488,0.022191609995103483,0.42857142857142855,REG,11,
2020,REG,11,week,10,2520,00-0035700,Josh Jacobs,J.Jacobs,JAC734615,RB,RB,28,2520,2020,47807,32004a41-4373-4615-60ca-982d07046841,Joshua,Jacobs,Josh,RB,RB,28,ACT,https://static.www.nfl.com/image/private/{formatInstructions}/league/docmktgq1ubvu87ltcco,4.196727272727273,23.52941176470588,2.666124999999999,17,55,3.235294117647059,1,52.665051347570774,2.334948652429226,0.14593429077682663,0.5,REG,11,
2020,REG,11,week,10,2700,00-0036020,Salvon Ahmed,S.Ahmed,AHM088990,RB,RB,26,2700,2020,52922,32004148-4d08-8990-8df4-f46ca7aff75b,Salvon,Ahmed,Salvon,RB,RB,26,ACT,,4.112558139534884,0.0,2.594636363636363,12,43,3.5833333333333335,0,55.22236021871411,-12.222360218714108,-1.0185300182261756,0.08333333333333333,REG,11,
2020,REG,11,week,10,3000,00-0033893,Dalvin Cook,D.Cook,COO047079,RB,RB,33,3000,2020,44853,3200434f-4f04-7079-ca3d-32c8b4ce8a9a,Dalvin,Cook,Dalvin,RB,RB,33,ACT,https://static.www.nfl.com/image/private/{formatInstructions}/league/sxhuurbjysw8vxgj8arg,4.228260869565216,40.74074074074074,2.8739599999999994,27,115,4.2592592592592595,1,96.48290931492849,18.51709068507151,0.685818173521167,0.5555555555555556,REG,11,
2020,REG,11,week,10,3200,00-0035657,Damien Harris,D.Harris,HAR311469,RB,RB,37,3200,2020,47870,32004841-5231-1469-57ad-03c4e9f5e495,Damien,Harris,Damien,RB,RB,37,ACT,https://static.www.nfl.com/image/private/{formatInstructions}/league/fkm1w2mp3ocice26vuk4,5.692325581395349,54.54545454545454,3.195666666666667,11,43,3.909090909090909,1,40.62736780249857,2.3726321975014315,0.21569383613649376,0.45454545454545453,REG,11,
2020,REG,11,week,10,3300,00-0030513,Latavius Murray,L.Murray,MUR671046,RB,RB,28,3300,2020,40129,32004d55-5267-1046-5487-d03e83f25c8b,Latavius,Murray,Latavius,RB,RB,28,ACT,https://static.www.nfl.com/image/private/{formatInstructions}/league/keze6gbkt5ipoqtpq7dl,3.538979591836735,75.0,2.64325,12,49,4.083333333333333,0,48.766423379879924,0.23357662012007552,0.019464718343339626,0.5,REG,11,
2020,REG,11,week,10,3300,00-0033906,Alvin Kamara,A.Kamara,KAM244058,RB,RB,41,3300,2020,44879,32004b41-4d24-4058-5a3b-01bd39e6a25d,Alvin,Kamara,Alvin,RB,RB,41,ACT,https://static.www.nfl.com/image/private/{formatInstructions}/league/rubeyrjz53yacwyjgycx,4.7828888888888885,0.0,2.8720833333333338,13,45,3.4615384615384617,1,55.705040592849585,-16.705040592849585,-1.3920867160707988,0.3333333333333333,REG,11,
2020,REG,11,week,10,3430,00-0023500,Frank Gore,F.Gore,GOR411171,RB,RB,21,3430,2020,29892,3200474f-5241-1171-e932-18530d86ff0c,Frank,Gore,Frank,RB,RB,21,ACT,https://static.www.nfl.com/image/private/{formatInstructions}/league/lxxkhd2suyalrbruzut7,3.5114754098360654,13.333333333333334,2.647642857142857,15,61,4.066666666666666,1,54.77721381196784,6.22278618803216,0.41485241253547733,0.6,REG,11,
2020,REG,11,week,10,3700,00-0035243,Miles Sanders,M.Sanders,SAN153567,RB,RB,26,3700,2020,47836,32005341-4e15-3567-869d-79c73965b54e,Miles,Sanders,Miles,RB,RB,26,ACT,https://static.www.nfl.com/image/private/{formatInstructions}/league/m1lscxsubhwr0oz4gp45,4.586515151515152,25.0,3.003714285714286,16,66,4.125,0,69.13162816071332,-3.131628160713319,-0.19572676004458245,0.375,REG,11,
2020,REG,11,week,10,3800,00-0033118,Kenyan Drake,K.Drake,DRA280410,RB,RB,41,3800,2020,43362,32004452-4128-0410-f1a5-770c8d09e9d7,Kenyan,Drake,Kenyan,RB,RB,41,ACT,https://static.www.nfl.com/image/private/{formatInstructions}/league/cnkha97t7evnzybhqsta,5.245862068965516,54.54545454545454,2.6463,11,29,2.6363636363636362,1,50.60238612190061,-23.602386121900608,-2.3602386121900607,0.2,REG,11,
2020,REG,11,week,10,3900,00-0033553,James Conner,J.Conner,CON461999,RB,RB,30,3900,2020,44917,3200434f-4e46-1999-59e9-253cedeec3a5,James,Conner,James,RB,RB,30,ACT,https://static.www.nfl.com/image/private/{formatInstructions}/league/rqhi3n703cly3mehgc7h,3.2276404494382027,23.076923076923077,3.493833333333333,13,89,6.846153846153846,0,63.739759395414886,25.260240604585114,1.943095431121932,0.46153846153846156,REG,11,
2020,REG,11,week,10,4400,00-0034799,Kalen Ballage,K.Ballage,BAL608677,RB,RB,31,4400,2020,46200,32004241-4c60-8677-837d-5f12080d8f67,Kalen,Ballage,Kalen,RB,RB,31,ACT,https://static.www.nfl.com/image/private/{formatInstructions}/league/keqnir5nalt6ss4hk3wa,5.572045454545454,12.5,2.761153846153846,16,44,2.75,0,63.720023210469925,-19.720023210469925,-1.2325014506543703,0.3125,REG,11,
2020,REG,11,week,10,4600,00-0031045,Carlos Hyde,C.Hyde,HYD402541,RB,RB,30,4600,2020,41286,32004859-4440-2541-ab5b-a4d6828a3fe3,Carlos,Hyde,Carlos,RB,RB,30,ACT,https://static.www.nfl.com/image/private/{formatInstructions}/league/qqwfvkf0dxio220mgflc,3.586835443037974,7.142857142857142,2.656384615384615,14,79,5.642857142857143,1,70.27838983020553,8.721610169794474,0.6229721549853195,0.5714285714285714,REG,11,
2020,REG,11,week,10,4900,00-0034816,Ronald Jones,R.Jones,JON705925,RB,RB,27,4900,2020,46107,32004a4f-4e70-5925-2b49-5f67cfbf7e05,Ronald,Jones,Ronald,RB,RB,27,ACT,https://static.www.nfl.com/image/private/{formatInstructions}/league/rzzjyalc2o1un3uhx0lm,5.7491666666666665,10.0,2.515444444444445,10,24,2.4,0,37.82491278554026,-13.824912785540263,-1.3824912785540264,0.1,REG,11,
2020,REG,11,week,10,5110,00-0036328,Antonio Gibson,A.Gibson,GIB415285,RB,RB,24,5110,2020,52474,32004749-4241-5285-a215-d633ff9a6f70,Antonio,Gibson,Antonio,RB,RB,24,ACT,https://static.www.nfl.com/image/private/{formatInstructions}/league/cvmwtpfzdt0ibauqifup,3.438617021276596,6.25,2.7019285714285712,16,94,5.875,1,75.5599786145095,18.440021385490496,1.152501336593156,0.5,REG,11,
2020,REG,12,week,10,0200,00-0033567,Brian Hill,B.Hill,HIL101853,RB,RB,23,0200,2020,44969,32004849-4c10-1853-2631-7195c754bf41,Brian,Hill,Brian,RB,RB,23,ACT,https://static.www.nfl.com/image/private/{formatInstructions}/league/ortwgbmztzhb4tdz9jmo,3.808181818181818,7.6923076923076925,2.738166666666667,13,55,4.230769230769231,0,61.996889069104796,-6.996889069104796,-0.5382222360849843,0.23076923076923078,REG,12,
2020,REG,12,week,10,0200,00-0034378,Ito Smith,I.Smith,SMI342780,RB,RB,25,0200,2020,46195,3200534d-4934-2780-bc1f-aa0a71b0ad00,Romarius,Smith,Ito,RB,RB,25,ACT,https://static.www.nfl.com/image/private/{formatInstructions}/league/xb6uporwyd1bmzuu3e7z,2.9467692307692306,16.666666666666664,2.524363636363636,12,65,5.416666666666667,1,56.89817315434308,8.101826845656923,0.6751522371380769,0.3333333333333333,REG,12,
2020,REG,12,week,10,0610,00-0035250,Devin Singletary,D.Singletary,SIN186919,RB,RB,26,0610,2020,47857,32005349-4e18-6919-d1e6-003f4632ba87,Devin,Singletary,Devin,RB,RB,26,ACT,https://static.www.nfl.com/image/private/{formatInstructions}/league/uvjmmkicdibmtrssqv12,2.966341463414634,0.0,2.949,11,82,7.454545454545454,0,56.91719691714191,25.082803082858092,2.280254825714372,0.36363636363636365,REG,12,
2020,REG,12,week,10,0750,00-0032063,Mike Davis,M.Davis,DAV567050,RB,RB,28,0750,2020,42469,32004441-5656-7050-90fa-b554877db5f4,Michael,Davis,Mike,RB,RB,28,ACT,https://static.www.nfl.com/image/private/{formatInstructions}/league/sd67wjznwou2pwqs2m3h,4.41290909090909,33.33333333333333,2.4539230769230773,15,55,3.6666666666666665,0,66.39895684930943,-11.398956849309428,-0.7599304566206285,0.3333333333333333,REG,12,
2020,REG,12,week,10,0810,00-0035685,David Montgomery,D.Montgomery,MON487374,RB,RB,32,0810,2020,47856,32004d4f-4e48-7374-a044-7fb197b6b501,David,Montgomery,David,RB,RB,32,ACT,https://static.www.nfl.com/image/private/{formatInstructions}/league/zsd3fcztejae8oexy3um,1.9280582524271848,0.0,2.2663,11,103,9.363636363636363,0,56.174686648960304,46.825313351039696,4.256846668276336,0.36363636363636365,REG,12,
2020,REG,12,week,10,1050,00-0033923,Kareem Hunt,K.Hunt,HUN308934,RB,RB,27,1050,2020,44898,32004855-4e30-8934-bd0d-d8d3d09b6aac,Kareem,Hunt,Kareem,RB,RB,27,ACT,https://static.www.nfl.com/image/private/{formatInstructions}/league/soaqewfl8xjea2lpzfth,3.054032258064516,50.0,2.760666666666667,10,62,6.2,0,38.79214145524134,23.207858544758658,2.320785854475866,0.4,REG,12,
2020,REG,12,week,10,1050,00-0034791,Nick Chubb,N.Chubb,CHU033942,RB,RB,24,1050,2020,46104,32004348-5503-3942-d8b2-181bd658412e,Nicholas,Chubb,Nick,RB,RB,24,ACT,https://static.www.nfl.com/image/private/{formatInstructions}/league/m10y1skypqxyvigftdle,2.822569444444445,52.63157894736842,3.0052222222222222,19,144,7.578947368421052,1,82.96593903148371,61.034060968516286,3.2123189983429623,0.7368421052631579,REG,12,
2020,REG,12,week,10,1200,00-0033045,Ezekiel Elliott,E.Elliott,ELL289284,RB,RB,21,1200,2020,43293,3200454c-4c28-9284-cdcc-74694c8d1749,Ezekiel,Elliott,Ezekiel,RB,RB,21,ACT,https://static.www.nfl.com/image/private/{formatInstructions}/league/e2h7hohon748tyzzu3z5,4.1021875,20.0,2.4895000000000005,10,32,3.2,0,38.70219866976878,-6.7021986697687765,-0.6702198669768776,0.3,REG,12,
2020,REG,12,week,10,1400,00-0032144,Melvin Gordon,M.Gordon,GOR275321,RB,RB,25,1400,2020,42358,3200474f-5227-5321-5a9f-5d54a292e030,Melvin,Gordon,Melvin,RB,RB,25,ACT,https://static.www.nfl.com/image/private/{formatInstructions}/league/en0ul7l1m9aqf7wffufg,6.098387096774193,75.0,3.3055999999999996,12,31,2.5833333333333335,0,41.536225802292655,-10.536225802292655,-0.8780188168577213,0.25,REG,12,
2020,REG,12,week,10,1540,00-0025394,Adrian Peterson,A.Peterson,PET260705,RB,RB,28,1540,2020,32200,32005045-5426-0705-afaf-b095105b31fb,Adrian,Peterson,Adrian,RB,RB,28,ACT,https://static.www.nfl.com/image/private/{formatInstructions}/league/wcjhdlzid3giumhu60tu,4.0796363636363635,53.333333333333336,2.4797857142857147,15,55,3.6666666666666665,2,67.40549871350674,-12.405498713506745,-0.8270332475671164,0.26666666666666666,REG,12,
2020,REG,12,week,10,1540,00-0034349,Kerryon Johnson,K.Johnson,JOH399188,RB,RB,33,1540,2020,46112,32004a4f-4839-9188-cb7b-f29b5ea64839,Kerryon,Johnson,Kerryon,RB,RB,33,ACT,https://static.www.nfl.com/image/private/{formatInstructions}/league/qtbgl4tkojwy67q404cc,3.4210869565217386,27.27272727272727,2.5128181818181825,11,46,4.181818181818182,0,56.03114468756388,-10.03114468756388,-0.9119222443239892,0.2727272727272727,REG,12,
2020,REG,12,week,10,1800,00-0033293,Aaron Jones,A.Jones,JON026624,RB,RB,33,1800,2020,44995,32004a4f-4e02-6624-33bd-3ba151b7013d,Aaron,Jones,Aaron,RB,RB,33,ACT,https://static.www.nfl.com/image/private/{formatInstructions}/league/fhg7hqiz87nyx1payjqh,3.2625555555555557,11.76470588235294,2.5155624999999993,17,90,5.294117647058823,0,82.2964031474261,7.703596852573895,0.45315275603375854,0.4117647058823529,REG,12,
2020,REG,12,week,10,1800,00-0033948,Jamaal Williams,J.Williams,WIL328269,RB,RB,30,1800,2020,44947,32005749-4c32-8269-4a19-d851ac99ba3c,Jamaal,Williams,Jamaal,RB,RB,30,ACT,https://static.www.nfl.com/image/private/{formatInstructions}/league/yuxsp5zntefv9yccbfos,3.4519178082191773,5.88235294117647,2.5217058823529412,17,73,4.294117647058823,1,66.45428923815135,6.545710761848653,0.38504180952050904,0.4117647058823529,REG,12,
2020,REG,12,week,10,2100,00-0032764,Derrick Henry,D.Henry,HEN602843,RB,RB,22,2100,2020,43334,32004845-4e60-2843-9b64-3cd8fac319c3,Derrick,Henry,Derrick,RB,RB,22,ACT,https://static.www.nfl.com/image/private/{formatInstructions}/league/f5kj56yln1s0qlpdhbxu,3.1529775280898877,22.22222222222222,2.7528461538461544,27,178,6.592592592592593,3,151.3445817481557,26.65541825184431,0.9872377130312707,0.5555555555555556,REG,12,
2020,REG,12,week,10,2200,00-0034367,Nyheim Hines,N.Hines,HIN226970,RB,RB,21,2200,2020,46173,32004849-4e22-6970-73da-06472dd4984b,Nyheim,Hines,Nyheim,RB,RB,21,ACT,https://static.www.nfl.com/image/private/{formatInstructions}/league/lsvodvfsjkzc0ii9vn2n,4.5186206896551715,20.0,2.7789,10,29,2.9,0,28.232644265086645,0.7673557349133553,0.07673557349133553,0.3,REG,12,
2020,REG,12,week,10,2250,00-0035831,James Robinson,J.Robinson,ROB521367,RB,RB,30,2250,2020,52733,3200524f-4252-1367-7b21-7f5516b913bf,James,Robinson,James,RB,RB,30,ACT,https://static.www.nfl.com/image/private/{formatInstructions}/league/lxzbao36eeratekmnxeb,2.9534374999999993,18.181818181818183,2.604681818181818,22,128,5.818181818181818,1,84.73984037135328,11.260159628646718,0.5630079814323359,0.45,REG,12,
2020,REG,12,week,10,2310,00-0036360,Clyde Edwards-Helaire,C.Edwards-Helaire,EDW815562,RB,RB,25,2310,2020,52440,32004544-5781-5562-8963-df06e680f700,Clyde,Edwards-Helaire,Clyde,RB,RB,25,ACT,https://static.www.nfl.com/image/private/{formatInstructions}/league/ldgjalogqzti76pmqbw1,4.847567567567566,9.090909090909092,2.8072,11,37,3.3636363636363638,0,55.406881848321525,-18.406881848321525,-1.6733528953019567,0.09090909090909091,REG,12,
2020,REG,12,week,10,2510,00-0035664,Darrell Henderson,D.Henderson,HEN054456,RB,RB,27,2510,2020,47853,32004845-4e05-4456-6f99-3e76d883b110,Darrell,Henderson,Darrell,RB,RB,27,ACT,https://static.www.nfl.com/image/private/{formatInstructions}/league/nyjvyjkx6cb2a7lfxevg,7.245263157894737,10.0,2.656714285714286,10,19,1.9,0,33.08070798071507,-14.080707980715069,-1.4080707980715068,0.3,REG,12,
2020,REG,12,week,10,2700,00-0032940,DeAndre Washington,D.Washington,WAS000000,RB,RB,31,2700,2020,43432,32005741-5300-0000-c099-0198d3a23e0a,DeAndre,Washington,DeAndre,RB,RB,31,ACT,https://static.www.nfl.com/image/private/{formatInstructions}/league/r89dcprs99qahleja3mz,3.622040816326531,0.0,2.6216666666666666,13,49,3.769230769230769,0,46.81609309947201,-2.8160930994720133,-0.2346744249560011,0.25,REG,12,
2020,REG,12,week,10,3000,00-0033893,Dalvin Cook,D.Cook,COO047079,RB,RB,33,3000,2020,44853,3200434f-4f04-7079-ca3d-32c8b4ce8a9a,Dalvin,Cook,Dalvin,RB,RB,33,ACT,https://static.www.nfl.com/image/private/{formatInstructions}/league/sxhuurbjysw8vxgj8arg,4.462459016393443,22.22222222222222,2.9272352941176467,18,61,3.388888888888889,0,90.25701657638902,-29.25701657638902,-1.62538980979939,0.2222222222222222,REG,12,
2020,REG,12,week,10,3200,00-0035657,Damien Harris,D.Harris,HAR311469,RB,RB,37,3200,2020,47870,32004841-5231-1469-57ad-03c4e9f5e495,Damien,Harris,Damien,RB,RB,37,ACT,https://static.www.nfl.com/image/private/{formatInstructions}/league/fkm1w2mp3ocice26vuk4,5.841489361702128,42.857142857142854,2.6858333333333335,14,47,3.357142857142857,0,58.55678709997895,-11.556787099978948,-0.8254847928556391,0.14285714285714285,REG,12,
2020,REG,12,week,10,3300,00-0030513,Latavius Murray,L.Murray,MUR671046,RB,RB,28,3300,2020,40129,32004d55-5267-1046-5487-d03e83f25c8b,Latavius,Murray,Latavius,RB,RB,28,ACT,https://static.www.nfl.com/image/private/{formatInstructions}/league/keze6gbkt5ipoqtpq7dl,2.6491129032258063,15.789473684210526,2.615684210526316,19,124,6.526315789473684,2,92.29665528085593,31.70334471914407,1.6685970904812668,0.42105263157894735,REG,12,
2020,REG,12,week,10,3300,00-0033906,Alvin Kamara,A.Kamara,KAM244058,RB,RB,41,3300,2020,44879,32004b41-4d24-4058-5a3b-01bd39e6a25d,Alvin,Kamara,Alvin,RB,RB,41,ACT,https://static.www.nfl.com/image/private/{formatInstructions}/league/rubeyrjz53yacwyjgycx,3.474629629629629,0.0,2.531,11,54,4.909090909090909,0,60.69043178137206,-6.690431781372062,-0.6082210710338238,0.36363636363636365,REG,12,
2020,REG,12,week,10,3410,00-0033950,Wayne Gallman,W.Gallman Jr.,GAL649066,RB,RB,22,3410,2020,44953,32004741-4c64-9066-25c6-c9a8be2311bb,Wayne,Gallman,Wayne,RB,RB,22,ACT,https://static.www.nfl.com/image/private/{formatInstructions}/league/zlhxdru9d7ktq8kxylaa,3.330531914893617,29.166666666666668,2.4154545454545455,24,94,3.9166666666666665,1,90.34141398914929,3.658586010850712,0.15244108378544632,0.5416666666666666,REG,12,
2020,REG,12,week,10,3430,00-0023500,Frank Gore,F.Gore,GOR411171,RB,RB,21,3430,2020,29892,3200474f-5241-1171-e932-18530d86ff0c,Frank,Gore,Frank,RB,RB,21,ACT,https://static.www.nfl.com/image/private/{formatInstructions}/league/lxxkhd2suyalrbruzut7,3.438513513513514,16.666666666666664,2.547529411764706,18,74,4.111111111111111,0,59.77683575996765,14.223164240032347,0.7901757911129081,0.5,REG,12,
2020,REG,12,week,10,3800,00-0033118,Kenyan Drake,K.Drake,DRA280410,RB,RB,41,3800,2020,43362,32004452-4128-0410-f1a5-770c8d09e9d7,Kenyan,Drake,Kenyan,RB,RB,41,ACT,https://static.www.nfl.com/image/private/{formatInstructions}/league/cnkha97t7evnzybhqsta,3.891794871794872,45.45454545454545,2.4084285714285714,22,78,3.5454545454545454,2,78.42551243368615,-0.4255124336861513,-0.019341474258461423,0.4090909090909091,REG,12,
2020,REG,12,week,10,3900,00-0035217,Benny Snell,B.Snell,SNE302466,RB,RB,24,3900,2020,47905,3200534e-4530-2466-8118-0bfea2b80406,Benny,Snell,Benny,RB,RB,24,ACT,https://static.www.nfl.com/image/private/{formatInstructions}/league/fo3ppnx6djkougdmpthf,4.269499999999999,31.25,3.0403333333333338,16,60,3.75,0,38.6703573574957,21.329642642504297,1.3331026651565185,0.5625,REG,12,
2020,REG,12,week,10,4400,00-0033699,Austin Ekeler,A.Ekeler,EKE189430,RB,RB,30,4400,2020,45573,3200454b-4518-9430-b8b6-2128b5b3e282,Austin,Ekeler,Austin,RB,RB,30,ACT,https://static.www.nfl.com/image/private/{formatInstructions}/league/rpknwsvkh8wy6mdzg5og,5.454318181818182,21.428571428571427,3.117083333333333,14,44,3.142857142857143,0,59.82916316359843,-15.82916316359843,-1.1306545116856022,0.21428571428571427,REG,12,
2020,REG,12,week,10,4500,00-0031687,Raheem Mostert,R.Mostert,MOS822492,RB,RB,31,4500,2020,42718,32004d4f-5382-2492-b0f0-aec08c3525cf,Dominique,Mostert,Raheem,RB,RB,31,ACT,https://static.www.nfl.com/image/private/{formatInstructions}/league/tpqiklrgbw1pqmwtl4r8,6.304651162790697,6.25,2.9254285714285717,16,43,2.6875,1,70.27004052864821,-27.27004052864821,-1.704377533040513,0.125,REG,12,
2020,REG,12,week,10,4500,00-0034115,Jeffery Wilson,J.Wilson,WIL723340,RB,RB,30,4500,2020,46377,32005749-4c72-3340-3ba4-ceb68768d8f6,Jeffery,Wilson,Jeffery,RB,RB,30,ACT,https://static.www.nfl.com/image/private/{formatInstructions}/league/ua7hai9fuexjwl8cgrrh,4.52025,8.333333333333332,2.720909090909091,12,40,3.3333333333333335,0,56.88102044164412,-16.881020441644118,-1.4067517034703432,0.3333333333333333,REG,12,
2020,REG,12,week,10,4600,00-0031045,Carlos Hyde,C.Hyde,HYD402541,RB,RB,30,4600,2020,41286,32004859-4440-2541-ab5b-a4d6828a3fe3,Carlos,Hyde,Carlos,RB,RB,30,ACT,https://static.www.nfl.com/image/private/{formatInstructions}/league/qqwfvkf0dxio220mgflc,10.68772727272727,33.33333333333333,2.6938181818181817,15,22,1.4666666666666666,0,56.03032464749614,-39.03032464749614,-2.78788033196401,0.14285714285714285,REG,12,
2020,REG,12,week,10,5110,00-0032741,Peyton Barber,P.Barber,BAR077733,RB,RB,34,5110,2020,43861,32004241-5207-7733-5913-58201e96ca93,Kenneth,Barber,Peyton,RB,RB,34,ACT,https://static.www.nfl.com/image/private/{formatInstructions}/league/jyeoeskqr7msfac0rkde,2.848245614035088,27.27272727272727,2.595,11,57,5.181818181818182,0,45.64403760788135,11.355962392118649,1.0323602174653317,0.45454545454545453,REG,12,
2020,REG,12,week,10,5110,00-0036328,Antonio Gibson,A.Gibson,GIB415285,RB,RB,24,5110,2020,52474,32004749-4241-5285-a215-d633ff9a6f70,Antonio,Gibson,Antonio,RB,RB,24,ACT,https://static.www.nfl.com/image/private/{formatInstructions}/league/cvmwtpfzdt0ibauqifup,3.61591304347826,0.0,2.8786315789473687,20,115,5.75,3,96.87190277920901,18.12809722079099,0.9064048610395495,0.45,REG,12,
2020,REG,13,week,10,0325,00-0036158,J.K. Dobbins,J.Dobbins,DOB207645,RB,RB,27,0325,2020,52463,3200444f-4220-7645-7ee7-94f57d3eed4f,Jkaylin,Dobbins,J.K.,RB,RB,27,ACT,https://static.www.nfl.com/image/private/{formatInstructions}/league/tr3yxhybdwehibl6maqy,3.2497183098591553,27.27272727272727,2.8181111111111115,11,71,6.454545454545454,1,52.73590336708659,18.264096632913407,1.6603724211739461,0.36363636363636365,REG,13,
2020,REG,13,week,10,0610,00-0035250,Devin Singletary,D.Singletary,SIN186919,RB,RB,26,0610,2020,47857,32005349-4e18-6919-d1e6-003f4632ba87,Devin,Singletary,Devin,RB,RB,26,ACT,https://static.www.nfl.com/image/private/{formatInstructions}/league/uvjmmkicdibmtrssqv12,4.276393442622951,16.666666666666664,2.8048124999999997,18,61,3.388888888888889,0,66.98567967659491,-7.985679676594913,-0.4697458633291125,0.23529411764705882,REG,13,
2020,REG,13,week,10,0810,00-0035685,David Montgomery,D.Montgomery,MON487374,RB,RB,32,0810,2020,47856,32004d4f-4e48-7374-a044-7fb197b6b501,David,Montgomery,David,RB,RB,32,ACT,https://static.www.nfl.com/image/private/{formatInstructions}/league/zsd3fcztejae8oexy3um,3.9009722222222223,17.647058823529413,2.7367142857142857,17,72,4.235294117647059,2,66.69030412880868,5.309695871191323,0.3123350512465484,0.4117647058823529,REG,13,
2020,REG,13,week,10,0920,00-0030456,Giovani Bernard,G.Bernard,BER219765,RB,RB,25,0920,2020,39985,32004245-5221-9765-46d6-1e758159937b,Giovani,Bernard,Giovani,RB,RB,25,ACT,https://static.www.nfl.com/image/private/{formatInstructions}/league/emjueiztyubzm99lxd49,6.039666666666666,16.666666666666664,2.918333333333333,12,30,2.5,0,33.82213524971657,-3.822135249716567,-0.3185112708097139,0.25,REG,13,
2020,REG,13,week,10,1050,00-0033923,Kareem Hunt,K.Hunt,HUN308934,RB,RB,27,1050,2020,44898,32004855-4e30-8934-bd0d-d8d3d09b6aac,Kareem,Hunt,Kareem,RB,RB,27,ACT,https://static.www.nfl.com/image/private/{formatInstructions}/league/soaqewfl8xjea2lpzfth,5.633030303030305,50.0,2.9436153846153847,14,33,2.357142857142857,0,38.115126254979764,-5.115126254979764,-0.3653661610699831,0.5,REG,13,
2020,REG,13,week,10,1050,00-0034791,Nick Chubb,N.Chubb,CHU033942,RB,RB,24,1050,2020,46104,32004348-5503-3942-d8b2-181bd658412e,Nicholas,Chubb,Nick,RB,RB,24,ACT,https://static.www.nfl.com/image/private/{formatInstructions}/league/m10y1skypqxyvigftdle,4.099375,22.22222222222222,2.9750625,18,80,4.444444444444445,1,65.62677259811392,10.373227401886083,0.6101898471697697,0.11764705882352941,REG,13,
2020,REG,13,week,10,1200,00-0033045,Ezekiel Elliott,E.Elliott,ELL289284,RB,RB,21,1200,2020,43293,3200454c-4c28-9284-cdcc-74694c8d1749,Ezekiel,Elliott,Ezekiel,RB,RB,21,ACT,https://static.www.nfl.com/image/private/{formatInstructions}/league/e2h7hohon748tyzzu3z5,3.6711688311688304,16.666666666666664,2.559235294117647,18,77,4.277777777777778,0,68.24229068638567,8.757709313614328,0.48653940631190706,0.3888888888888889,REG,13,
2020,REG,13,week,10,1400,00-0032144,Melvin Gordon,M.Gordon,GOR275321,RB,RB,25,1400,2020,42358,3200474f-5227-5321-5a9f-5d54a292e030,Melvin,Gordon,Melvin,RB,RB,25,ACT,https://static.www.nfl.com/image/private/{formatInstructions}/league/en0ul7l1m9aqf7wffufg,2.5076335877862594,6.666666666666667,2.9153333333333333,15,131,8.733333333333333,0,71.86593876934222,59.13406123065778,3.9422707487105186,0.4666666666666667,REG,13,
2020,REG,13,week,10,1400,00-0034109,Phillip Lindsay,P.Lindsay,LIN303086,RB,RB,30,1400,2020,46367,32004c49-4e30-3086-a451-a8add609c5d0,Phillip,Lindsay,Phillip,RB,RB,30,ACT,https://static.www.nfl.com/image/private/{formatInstructions}/league/pv23ismfe1xcbholkdqo,7.5561538461538476,14.285714285714285,2.99,14,26,1.8571428571428572,0,50.6414082718442,-24.6414082718442,-1.7601005908460141,0.07142857142857142,REG,13,
2020,REG,13,week,10,1540,00-0025394,Adrian Peterson,A.Peterson,PET260705,RB,RB,28,1540,2020,32200,32005045-5426-0705-afaf-b095105b31fb,Adrian,Peterson,Adrian,RB,RB,28,ACT,https://static.www.nfl.com/image/private/{formatInstructions}/league/wcjhdlzid3giumhu60tu,3.7522807017543856,18.75,2.4028125,16,57,3.5625,2,77.637034373627,-20.637034373627003,-1.2898146483516877,0.25,REG,13,
2020,REG,13,week,10,1800,00-0033293,Aaron Jones,A.Jones,JON026624,RB,RB,33,1800,2020,44995,32004a4f-4e02-6624-33bd-3ba151b7013d,Aaron,Jones,Aaron,RB,RB,33,ACT,https://static.www.nfl.com/image/private/{formatInstructions}/league/fhg7hqiz87nyx1payjqh,2.7966923076923074,20.0,3.004666666666667,15,130,8.666666666666666,1,105.3240830072306,24.6759169927694,1.6450611328512934,0.3333333333333333,REG,13,
2020,REG,13,week,10,2100,00-0032764,Derrick Henry,D.Henry,HEN602843,RB,RB,22,2100,2020,43334,32004845-4e60-2843-9b64-3cd8fac319c3,Derrick,Henry,Derrick,RB,RB,22,ACT,https://static.www.nfl.com/image/private/{formatInstructions}/league/f5kj56yln1s0qlpdhbxu,4.177333333333334,40.0,2.673692307692308,15,60,4.0,0,67.3726953598356,-7.372695359835603,-0.49151302398904023,0.3333333333333333,REG,13,
2020,REG,13,week,10,2120,00-0032187,David Johnson,Da.Johnson,JOH174477,RB,RB,31,2120,2020,42429,32004a4f-4817-4477-4e5f-db6fb5a95abe,David,Johnson,David,RB,RB,31,ACT,https://static.www.nfl.com/image/private/{formatInstructions}/league/xhkqvvkq3awveyhv0x4e,4.005909090909091,0.0,2.8655,10,44,4.4,1,32.38244681720986,11.61755318279014,1.161755318279014,0.5,REG,13,
2020,REG,13,week,10,2200,00-0036223,Jonathan Taylor,J.Taylor,TAY431618,RB,RB,28,2200,2020,52449,32005441-5943-1618-c081-5dd6b2d0b829,Jonathan,Taylor,Jonathan,RB,RB,28,ACT,https://static.www.nfl.com/image/private/{formatInstructions}/league/mx6ptr3jbhx0wxo3848u,2.86054945054945,46.15384615384615,2.7862727272727272,13,91,7.0,0,44.85018633809922,43.14981366190078,3.5958178051583984,0.5833333333333334,REG,13,
2020,REG,13,week,10,2250,00-0035831,James Robinson,J.Robinson,ROB521367,RB,RB,30,2250,2020,52733,3200524f-4252-1367-7b21-7f5516b913bf,James,Robinson,James,RB,RB,30,ACT,https://static.www.nfl.com/image/private/{formatInstructions}/league/lxzbao36eeratekmnxeb,4.319230769230769,16.666666666666664,2.8743529411764706,18,78,4.333333333333333,1,85.93630549579737,-7.93630549579737,-0.4409058608776317,0.2777777777777778,REG,13,
2020,REG,13,week,10,2310,00-0030496,Le'Veon Bell,L.Bell,BEL474300,RB,RB,26,2310,2020,39996,32004245-4c47-4300-1a03-0d70c9d24d43,Le'Veon,Bell,Le'Veon,RB,RB,26,ACT,https://static.www.nfl.com/image/private/{formatInstructions}/league/lz4fqlhyoowrecnzp7dr,4.189500000000001,18.181818181818183,2.9780000000000006,11,40,3.6363636363636362,0,36.53905692957302,-5.539056929573022,-0.615450769952558,0.1111111111111111,REG,13,
2020,REG,13,week,10,2510,00-0036414,Cam Akers,C.Akers,AKE415291,RB,RB,23,2510,2020,52460,3200414b-4541-5291-73e4-84e805a9ffce,Cam,Akers,Cam,RB,RB,23,ACT,https://static.www.nfl.com/image/private/{formatInstructions}/league/zeh3myk7tc0yzp6qbudr,4.935277777777777,61.904761904761905,2.555444444444445,21,72,3.4285714285714284,1,72.47788320858959,-3.4778832085895885,-0.17389416042947942,0.35,REG,13,
2020,REG,13,week,10,2520,00-0032972,Devontae Booker,D.Booker,BOO019902,RB,RB,23,2520,2020,43425,3200424f-4f01-9902-c146-57fda0468e8d,Devontae,Booker,Devontae,RB,RB,23,ACT,https://static.www.nfl.com/image/private/{formatInstructions}/league/n4tprmtnsgpc8cmvppvm,4.3142,6.25,2.499933333333333,16,50,3.125,0,48.87413421542026,1.1258657845797373,0.07036661153623358,0.4375,REG,13,
2020,REG,13,week,10,2700,00-0035311,Myles Gaskin,M.Gaskin,GAS211909,RB,RB,37,2700,2020,48017,32004741-5321-1909-2ae0-a123794bf24d,Myles,Gaskin,Myles,RB,RB,37,ACT,https://static.www.nfl.com/image/private/{formatInstructions}/league/lwbo5oqzvpcb5y0fufoa,3.4323333333333337,23.809523809523807,2.7372380952380957,21,90,4.285714285714286,0,72.85599077076638,17.144009229233617,0.8163813918682675,0.38095238095238093,REG,13,
2020,REG,13,week,10,3000,00-0033893,Dalvin Cook,D.Cook,COO047079,RB,RB,33,3000,2020,44853,3200434f-4f04-7079-ca3d-32c8b4ce8a9a,Dalvin,Cook,Dalvin,RB,RB,33,ACT,https://static.www.nfl.com/image/private/{formatInstructions}/league/sxhuurbjysw8vxgj8arg,4.742499999999999,53.125,2.838933333333333,32,120,3.75,0,147.6458814845827,-27.645881484582702,-0.8639337963932094,0.4375,REG,13,
2020,REG,13,week,10,3200,00-0034845,Sony Michel,S.Michel,MIC517884,RB,RB,26,3200,2020,46100,32004d49-4351-7884-c6be-b720a5a54649,Sony,Michel,Sony,RB,RB,26,ACT,https://static.www.nfl.com/image/private/{formatInstructions}/league/ipukh50tw8mnyhaufamz,4.385428571428572,0.0,2.5791,10,35,3.5,0,33.68142885342141,1.3185711465785914,0.13185711465785915,0.6,REG,13,
2020,REG,13,week,10,3200,00-0035657,Damien Harris,D.Harris,HAR311469,RB,RB,37,3200,2020,47870,32004841-5231-1469-57ad-03c4e9f5e495,Damien,Harris,Damien,RB,RB,37,ACT,https://static.www.nfl.com/image/private/{formatInstructions}/league/fkm1w2mp3ocice26vuk4,2.86625,18.75,2.5074375,16,80,5.0,0,79.32068068839257,0.6793193116074292,0.042457456975464325,0.5,REG,13,
2020,REG,13,week,10,3300,00-0033906,Alvin Kamara,A.Kamara,KAM244058,RB,RB,41,3300,2020,44879,32004b41-4d24-4058-5a3b-01bd39e6a25d,Alvin,Kamara,Alvin,RB,RB,41,ACT,https://static.www.nfl.com/image/private/{formatInstructions}/league/rubeyrjz53yacwyjgycx,3.3463636363636367,13.333333333333334,3.0670714285714284,15,88,5.866666666666666,1,67.62278441292202,20.377215587077984,1.3584810391385322,0.4666666666666667,REG,13,
2020,REG,13,week,10,3410,00-0033950,Wayne Gallman,W.Gallman Jr.,GAL649066,RB,RB,22,3410,2020,44953,32004741-4c64-9066-25c6-c9a8be2311bb,Wayne,Gallman,Wayne,RB,RB,22,ACT,https://static.www.nfl.com/image/private/{formatInstructions}/league/zlhxdru9d7ktq8kxylaa,2.46837037037037,75.0,2.720571428571429,16,135,8.4375,0,57.719417987360345,77.28058201263966,4.8300363757899785,0.4375,REG,13,
2020,REG,13,week,10,3430,00-0035537,Ty Johnson,T.Johnson,JOH000019,RB,RB,25,3430,2020,47969,32004a4f-4800-0019-d088-6a9e623c3c3d,Ty,Johnson,Ty,RB,RB,25,ACT,https://static.www.nfl.com/image/private/{formatInstructions}/league/yryjrsqgbg1tmpxxc3ge,3.929326923076924,22.727272727272727,2.660409090909091,22,104,4.7272727272727275,1,96.7531205776015,2.246879422398493,0.10699425820945205,0.42857142857142855,REG,13,
2020,REG,13,week,10,3700,00-0035243,Miles Sanders,M.Sanders,SAN153567,RB,RB,26,3700,2020,47836,32005341-4e15-3567-869d-79c73965b54e,Miles,Sanders,Miles,RB,RB,26,ACT,https://static.www.nfl.com/image/private/{formatInstructions}/league/m1lscxsubhwr0oz4gp45,5.842903225806452,0.0,2.923625,10,31,3.1,0,49.70784303176436,-18.707843031764362,-1.8707843031764362,0.2,REG,13,
2020,REG,13,week,10,3800,00-0033118,Kenyan Drake,K.Drake,DRA280410,RB,RB,41,3800,2020,43362,32004452-4128-0410-f1a5-770c8d09e9d7,Kenyan,Drake,Kenyan,RB,RB,41,ACT,https://static.www.nfl.com/image/private/{formatInstructions}/league/cnkha97t7evnzybhqsta,3.861224489795918,10.0,2.8954999999999997,10,49,4.9,1,36.54065790880544,12.459342091194557,1.2459342091194556,0.4,REG,13,
2020,REG,13,week,10,4600,00-0033594,Chris Carson,C.Carson,CAR568144,RB,RB,32,4600,2020,45062,32004341-5256-8144-487d-eff74f49df34,Christopher,Carson,Chris,RB,RB,32,ACT,https://static.www.nfl.com/image/private/{formatInstructions}/league/i03omk9cjgbka2nvn9pi,3.7424615384615385,0.0,2.7651538461538463,13,65,5.0,0,62.75883172245198,1.2411682775480202,0.10343068979566834,0.4166666666666667,REG,13,
2020,REG,13,week,10,5110,00-0032741,Peyton Barber,P.Barber,BAR077733,RB,RB,34,5110,2020,43861,32004241-5207-7733-5913-58201e96ca93,Kenneth,Barber,Peyton,RB,RB,34,ACT,https://static.www.nfl.com/image/private/{formatInstructions}/league/jyeoeskqr7msfac0rkde,6.969130434782607,42.857142857142854,2.673923076923077,14,23,1.6428571428571428,1,56.52004767912551,-33.52004767912551,-2.3942891199375365,0.21428571428571427,REG,13,
2020,REG,14,week,10,0200,00-0034378,Ito Smith,I.Smith,SMI342780,RB,RB,25,0200,2020,46195,3200534d-4934-2780-bc1f-aa0a71b0ad00,Romarius,Smith,Ito,RB,RB,25,ACT,https://static.www.nfl.com/image/private/{formatInstructions}/league/xb6uporwyd1bmzuu3e7z,3.966904761904761,18.181818181818183,2.8579,11,42,3.8181818181818183,0,49.843146613021794,-7.843146613021794,-0.7130133284565268,0.45454545454545453,REG,14,
2020,REG,14,week,10,0325,00-0036158,J.K. Dobbins,J.Dobbins,DOB207645,RB,RB,27,0325,2020,52463,3200444f-4220-7645-7ee7-94f57d3eed4f,Jkaylin,Dobbins,J.K.,RB,RB,27,ACT,https://static.www.nfl.com/image/private/{formatInstructions}/league/tr3yxhybdwehibl6maqy,3.8099999999999996,30.76923076923077,2.663538461538462,13,53,4.076923076923077,1,61.78394131134148,-8.78394131134148,-0.6756877931801137,0.3076923076923077,REG,14,
2020,REG,14,week,10,0610,00-0036251,Zack Moss,Z.Moss,MOS756406,RB,RB,20,0610,2020,52494,32004d4f-5375-6406-2efb-a60ab36c4cc4,Zaccheus,Moss,Zack,RB,RB,20,ACT,https://static.www.nfl.com/image/private/{formatInstructions}/league/ung5uvdvstg3wgl9zdye,4.560930232558141,23.076923076923077,2.6862727272727276,13,43,3.3076923076923075,0,50.460257401225654,-7.460257401225654,-0.5738659539404349,0.3076923076923077,REG,14,
2020,REG,14,week,10,0750,00-0032063,Mike Davis,M.Davis,DAV567050,RB,RB,28,0750,2020,42469,32004441-5656-7050-90fa-b554877db5f4,Michael,Davis,Mike,RB,RB,28,ACT,https://static.www.nfl.com/image/private/{formatInstructions}/league/sd67wjznwou2pwqs2m3h,3.386274509803922,9.090909090909092,2.704909090909091,11,51,4.636363636363637,2,61.08829001503118,-11.088290015031177,-1.1088290015031177,0.1,REG,14,
2020,REG,14,week,10,0810,00-0035685,David Montgomery,D.Montgomery,MON487374,RB,RB,32,0810,2020,47856,32004d4f-4e48-7374-a044-7fb197b6b501,David,Montgomery,David,RB,RB,32,ACT,https://static.www.nfl.com/image/private/{formatInstructions}/league/zsd3fcztejae8oexy3um,2.387610619469026,27.27272727272727,2.712555555555556,11,113,10.272727272727273,1,42.579556803814114,54.420443196185886,6.046715910687321,0.3333333333333333,REG,14,
2020,REG,14,week,10,0920,00-0033526,Samaje Perine,S.Perine,PER095343,RB,RB,34,0920,2020,44927,32005045-5209-5343-a8b2-b2085b20ed79,Samaje,Perine,Samaje,RB,RB,34,ACT,https://static.www.nfl.com/image/private/{formatInstructions}/league/lyuhcp2aflz93its3ums,4.509375,0.0,2.651777777777778,10,32,3.2,0,38.413284719080586,-9.413284719080586,-1.0459205243422873,0.2222222222222222,REG,14,
2020,REG,14,week,10,0920,00-0035291,Trayveon Williams,T.Williams,WIL185325,RB,RB,32,0920,2020,47965,32005749-4c18-5325-3179-dd521a18c706,Trayveon,Williams,Trayveon,RB,RB,32,ACT,https://static.www.nfl.com/image/private/{formatInstructions}/league/aqvheikiplxongwrzp7h,3.47,0.0,2.5574545454545454,12,49,4.083333333333333,0,63.650336030109,-14.650336030109003,-1.220861335842417,0.16666666666666666,REG,14,
2020,REG,14,week,10,1050,00-0034791,Nick Chubb,N.Chubb,CHU033942,RB,RB,24,1050,2020,46104,32004348-5503-3942-d8b2-181bd658412e,Nicholas,Chubb,Nick,RB,RB,24,ACT,https://static.www.nfl.com/image/private/{formatInstructions}/league/m10y1skypqxyvigftdle,3.413902439024391,41.17647058823529,2.892125,17,82,4.823529411764706,2,80.4407359612903,1.5592640387096992,0.09172141404174701,0.35294117647058826,REG,14,
2020,REG,14,week,10,1200,00-0033045,Ezekiel Elliott,E.Elliott,ELL289284,RB,RB,21,1200,2020,43293,3200454c-4c28-9284-cdcc-74694c8d1749,Ezekiel,Elliott,Ezekiel,RB,RB,21,ACT,https://static.www.nfl.com/image/private/{formatInstructions}/league/e2h7hohon748tyzzu3z5,3.5679166666666666,25.0,2.4783636363636363,12,48,4.0,0,55.046998685290006,-7.046998685290006,-0.5872498904408339,0.16666666666666666,REG,14,
2020,REG,14,week,10,1200,00-0035261,Tony Pollard,T.Pollard,POL283188,RB,RB,20,1200,2020,47911,3200504f-4c28-3188-35b8-d0ae9db0f68a,Tony,Pollard,Tony,RB,RB,20,ACT,https://static.www.nfl.com/image/private/{formatInstructions}/league/tynmwg5rta9ykpfd3dp2,4.423333333333333,45.45454545454545,2.8774444444444445,11,39,3.5454545454545454,0,27.175182882915713,11.824817117084287,1.0749833742803896,0.45454545454545453,REG,14,
2020,REG,14,week,10,1400,00-0032144,Melvin Gordon,M.Gordon,GOR275321,RB,RB,25,1400,2020,42358,3200474f-5227-5321-5a9f-5d54a292e030,Melvin,Gordon,Melvin,RB,RB,25,ACT,https://static.www.nfl.com/image/private/{formatInstructions}/league/en0ul7l1m9aqf7wffufg,3.724117647058824,30.76923076923077,3.158833333333334,13,68,5.230769230769231,0,61.45674206102022,6.543257938979778,0.5452714949149815,0.5833333333333334,REG,14,
2020,REG,14,week,10,1400,00-0034109,Phillip Lindsay,P.Lindsay,LIN303086,RB,RB,30,1400,2020,46367,32004c49-4e30-3086-a451-a8add609c5d0,Phillip,Lindsay,Phillip,RB,RB,30,ACT,https://static.www.nfl.com/image/private/{formatInstructions}/league/pv23ismfe1xcbholkdqo,6.664166666666667,18.181818181818183,3.066444444444444,11,24,2.1818181818181817,0,44.23100216565906,-20.231002165659064,-1.839182015059915,0.18181818181818182,REG,14,
2020,REG,14,week,10,1800,00-0033293,Aaron Jones,A.Jones,JON026624,RB,RB,33,1800,2020,44995,32004a4f-4e02-6624-33bd-3ba151b7013d,Aaron,Jones,Aaron,RB,RB,33,ACT,https://static.www.nfl.com/image/private/{formatInstructions}/league/fhg7hqiz87nyx1payjqh,3.7857971014492757,6.666666666666667,2.436071428571428,15,69,4.6,0,66.59378145534308,2.406218544656923,0.16041456964379489,0.4666666666666667,REG,14,
2020,REG,14,week,10,1800,00-0033948,Jamaal Williams,J.Williams,WIL328269,RB,RB,30,1800,2020,44947,32005749-4c32-8269-4a19-d851ac99ba3c,Jamaal,Williams,Jamaal,RB,RB,30,ACT,https://static.www.nfl.com/image/private/{formatInstructions}/league/yuxsp5zntefv9yccbfos,3.5668421052631585,0.0,2.3176,10,38,3.8,0,41.74078329553534,-3.740783295535337,-0.3740783295535337,0.3,REG,14,
2020,REG,14,week,10,2100,00-0032764,Derrick Henry,D.Henry,HEN602843,RB,RB,22,2100,2020,43334,32004845-4e60-2843-9b64-3cd8fac319c3,Derrick,Henry,Derrick,RB,RB,22,ACT,https://static.www.nfl.com/image/private/{formatInstructions}/league/f5kj56yln1s0qlpdhbxu,2.8402325581395353,46.15384615384615,2.7005384615384616,26,215,8.26923076923077,2,135.18778047835244,73.81221952164756,3.0755091467353153,0.5,REG,14,
2020,REG,14,week,10,2100,00-0033955,Jeremy McNichols,J.McNichols,MCN750971,RB,RB,28,2100,2020,44975,32004d43-4e75-0971-c818-00cfc1798991,Jeremy,McNichols,Jeremy,RB,RB,28,ACT,https://static.www.nfl.com/image/private/{formatInstructions}/league/ztws9ddvhcczu6cwvxli,18.429999999999996,45.45454545454545,3.543857142857143,11,9,0.8181818181818182,0,21.155756381663743,-13.155756381663743,-1.4617507090737492,0.2222222222222222,REG,14,
2020,REG,14,week,10,2120,00-0034449,Buddy Howell,B.Howell,HOW565725,RB,RB,38,2120,2020,46633,3200484f-5756-5725-bde3-e619e6948421,Gregory,Howell,Buddy,RB,RB,38,ACT,https://static.www.nfl.com/image/private/{formatInstructions}/league/tfwnkkmrwi2gyzdyu1il,3.3207142857142857,0.0,2.2084545454545452,11,42,3.8181818181818183,0,48.67907833751454,-6.6790783375145395,-0.6071889397740491,0.36363636363636365,REG,14,
2020,REG,14,week,10,2200,00-0036223,Jonathan Taylor,J.Taylor,TAY431618,RB,RB,28,2200,2020,52449,32005441-5943-1618-c081-5dd6b2d0b829,Jonathan,Taylor,Jonathan,RB,RB,28,ACT,https://static.www.nfl.com/image/private/{formatInstructions}/league/mx6ptr3jbhx0wxo3848u,2.7330000000000005,25.0,2.8782352941176477,20,150,7.5,2,82.67028044389336,67.32971955610664,3.3664859778053318,0.45,REG,14,
2020,REG,14,week,10,2250,00-0035831,James Robinson,J.Robinson,ROB521367,RB,RB,30,2250,2020,52733,3200524f-4252-1367-7b21-7f5516b913bf,James,Robinson,James,RB,RB,30,ACT,https://static.www.nfl.com/image/private/{formatInstructions}/league/lxzbao36eeratekmnxeb,3.333731343283582,8.333333333333332,2.6454,12,67,5.583333333333333,0,38.098690098693304,28.901309901306696,2.408442491775558,0.4166666666666667,REG,14,
2020,REG,14,week,10,2310,00-0036360,Clyde Edwards-Helaire,C.Edwards-Helaire,EDW815562,RB,RB,25,2310,2020,52440,32004544-5781-5562-8963-df06e680f700,Clyde,Edwards-Helaire,Clyde,RB,RB,25,ACT,https://static.www.nfl.com/image/private/{formatInstructions}/league/ldgjalogqzti76pmqbw1,7.822812500000001,18.75,2.8178333333333327,16,32,2.0,0,71.90357045956574,-39.90357045956574,-2.493973153722859,0.1875,REG,14,
2020,REG,14,week,10,2510,00-0036414,Cam Akers,C.Akers,AKE415291,RB,RB,23,2510,2020,52460,3200414b-4541-5291-73e4-84e805a9ffce,Cam,Akers,Cam,RB,RB,23,ACT,https://static.www.nfl.com/image/private/{formatInstructions}/league/zeh3myk7tc0yzp6qbudr,3.296783625730994,24.137931034482758,2.812107142857143,29,171,5.896551724137931,0,157.73413299730848,13.265867002691522,0.4574436897479835,0.41379310344827586,REG,14,
2020,REG,14,week,10,2520,00-0035700,Josh Jacobs,J.Jacobs,JAC734615,RB,RB,28,2520,2020,47807,32004a41-4373-4615-60ca-982d07046841,Joshua,Jacobs,Josh,RB,RB,28,ACT,https://static.www.nfl.com/image/private/{formatInstructions}/league/docmktgq1ubvu87ltcco,4.505918367346939,23.076923076923077,2.8953636363636366,13,49,3.769230769230769,0,56.91400092104269,-7.9140009210426925,-0.6087693016186686,0.15384615384615385,REG,14,
2020,REG,14,week,10,2700,00-0032940,DeAndre Washington,D.Washington,WAS000000,RB,RB,31,2700,2020,43432,32005741-5300-0000-c099-0198d3a23e0a,DeAndre,Washington,DeAndre,RB,RB,31,ACT,https://static.www.nfl.com/image/private/{formatInstructions}/league/r89dcprs99qahleja3mz,4.459142857142858,15.384615384615385,2.4771818181818186,13,35,2.6923076923076925,0,52.68354944306197,-17.68354944306197,-1.36027303408169,0.15384615384615385,REG,14,
2020,REG,14,week,10,3000,00-0033893,Dalvin Cook,D.Cook,COO047079,RB,RB,33,3000,2020,44853,3200434f-4f04-7079-ca3d-32c8b4ce8a9a,Dalvin,Cook,Dalvin,RB,RB,33,ACT,https://static.www.nfl.com/image/private/{formatInstructions}/league/sxhuurbjysw8vxgj8arg,3.5939215686274513,22.727272727272727,2.7902727272727272,22,102,4.636363636363637,1,132.2636085174758,-30.263608517475802,-1.3756185689761729,0.3181818181818182,REG,14,
2020,REG,14,week,10,3200,00-0035657,Damien Harris,D.Harris,HAR311469,RB,RB,37,3200,2020,47870,32004841-5231-1469-57ad-03c4e9f5e495,Damien,Harris,Damien,RB,RB,37,ACT,https://static.www.nfl.com/image/private/{formatInstructions}/league/fkm1w2mp3ocice26vuk4,3.592199999999999,18.181818181818183,2.7166363636363635,11,50,4.545454545454546,0,57.85717631714673,-7.857176317146731,-0.7142887561042482,0.2727272727272727,REG,14,
2020,REG,14,week,10,3300,00-0033906,Alvin Kamara,A.Kamara,KAM244058,RB,RB,41,3300,2020,44879,32004b41-4d24-4058-5a3b-01bd39e6a25d,Alvin,Kamara,Alvin,RB,RB,41,ACT,https://static.www.nfl.com/image/private/{formatInstructions}/league/rubeyrjz53yacwyjgycx,3.6366,0.0,2.7193636363636364,11,50,4.545454545454546,1,51.058516969089695,-1.0585169690896947,-0.09622881537179043,0.36363636363636365,REG,14,
2020,REG,14,week,10,3410,00-0033950,Wayne Gallman,W.Gallman Jr.,GAL649066,RB,RB,22,3410,2020,44953,32004741-4c64-9066-25c6-c9a8be2311bb,Wayne,Gallman,Wayne,RB,RB,22,ACT,https://static.www.nfl.com/image/private/{formatInstructions}/league/zlhxdru9d7ktq8kxylaa,2.9321052631578945,50.0,2.709,12,57,4.75,0,83.64529565532962,-26.64529565532962,-2.2204413046108016,0.25,REG,14,
2020,REG,14,week,10,3700,00-0035243,Miles Sanders,M.Sanders,SAN153567,RB,RB,26,3700,2020,47836,32005341-4e15-3567-869d-79c73965b54e,Miles,Sanders,Miles,RB,RB,26,ACT,https://static.www.nfl.com/image/private/{formatInstructions}/league/m1lscxsubhwr0oz4gp45,2.504260869565217,14.285714285714285,2.713416666666667,14,115,8.214285714285714,2,74.69219317000649,40.30780682999351,2.8791290592852508,0.42857142857142855,REG,14,
2020,REG,14,week,10,3800,00-0033118,Kenyan Drake,K.Drake,DRA280410,RB,RB,41,3800,2020,43362,32004452-4128-0410-f1a5-770c8d09e9d7,Kenyan,Drake,Kenyan,RB,RB,41,ACT,https://static.www.nfl.com/image/private/{formatInstructions}/league/cnkha97t7evnzybhqsta,4.425500000000001,8.695652173913043,2.807166666666667,23,80,3.4782608695652173,1,90.26643043702913,-10.266430437029129,-0.4463665407403969,0.2608695652173913,REG,14,
2020,REG,14,week,10,3900,00-0033553,James Conner,J.Conner,CON461999,RB,RB,30,3900,2020,44917,3200434f-4e46-1999-59e9-253cedeec3a5,James,Conner,James,RB,RB,30,ACT,https://static.www.nfl.com/image/private/{formatInstructions}/league/rqhi3n703cly3mehgc7h,6.859444444444445,0.0,3.2937777777777777,10,18,1.8,0,29.080615065131788,-11.080615065131788,-1.1080615065131787,0.4,REG,14,
2020,REG,14,week,10,4400,00-0033699,Austin Ekeler,A.Ekeler,EKE189430,RB,RB,30,4400,2020,45573,3200454b-4518-9430-b8b6-2128b5b3e282,Austin,Ekeler,Austin,RB,RB,30,ACT,https://static.www.nfl.com/image/private/{formatInstructions}/league/rpknwsvkh8wy6mdzg5og,4.135822784810127,13.333333333333334,2.935416666666667,15,79,5.266666666666667,0,79.05441507436394,-0.05441507436394488,-0.0036276716242629923,0.26666666666666666,REG,14,
2020,REG,14,week,10,4500,00-0031687,Raheem Mostert,R.Mostert,MOS822492,RB,RB,31,4500,2020,42718,32004d4f-5382-2492-b0f0-aec08c3525cf,Dominique,Mostert,Raheem,RB,RB,31,ACT,https://static.www.nfl.com/image/private/{formatInstructions}/league/tpqiklrgbw1pqmwtl4r8,4.382153846153845,50.0,3.033615384615385,14,65,4.642857142857143,0,74.76074125153035,-9.760741251530348,-0.6971958036807392,0.42857142857142855,REG,14,
2020,REG,14,week,10,4500,00-0034115,Jeffery Wilson,J.Wilson,WIL723340,RB,RB,30,4500,2020,46377,32005749-4c72-3340-3ba4-ceb68768d8f6,Jeffery,Wilson,Jeffery,RB,RB,30,ACT,https://static.www.nfl.com/image/private/{formatInstructions}/league/ua7hai9fuexjwl8cgrrh,5.040645161290322,54.54545454545454,2.5171,11,31,2.8181818181818183,1,40.99904512776328,-9.999045127763281,-0.9090041025239347,0.18181818181818182,REG,14,
2020,REG,14,week,10,4600,00-0031045,Carlos Hyde,C.Hyde,HYD402541,RB,RB,30,4600,2020,41286,32004859-4440-2541-ab5b-a4d6828a3fe3,Carlos,Hyde,Carlos,RB,RB,30,ACT,https://static.www.nfl.com/image/private/{formatInstructions}/league/qqwfvkf0dxio220mgflc,4.167424242424242,13.333333333333334,2.986076923076923,15,66,4.4,0,59.84613288400824,-8.846132884008242,-0.6318666345720173,0.35714285714285715,REG,14,
2020,REG,14,week,10,4600,00-0033594,Chris Carson,C.Carson,CAR568144,RB,RB,32,4600,2020,45062,32004341-5256-8144-487d-eff74f49df34,Christopher,Carson,Chris,RB,RB,32,ACT,https://static.www.nfl.com/image/private/{formatInstructions}/league/i03omk9cjgbka2nvn9pi,2.5934210526315793,0.0,2.5748181818181823,12,76,6.333333333333333,1,59.074836304129036,16.925163695870964,1.410430307989247,0.4166666666666667,REG,14,
2020,REG,14,week,10,4900,00-0034816,Ronald Jones,R.Jones,JON705925,RB,RB,27,4900,2020,46107,32004a4f-4e70-5925-2b49-5f67cfbf7e05,Ronald,Jones,Ronald,RB,RB,27,ACT,https://static.www.nfl.com/image/private/{formatInstructions}/league/rzzjyalc2o1un3uhx0lm,3.4721250000000006,22.22222222222222,2.3815,18,80,4.444444444444445,1,72.87272188384439,7.127278116155608,0.39595989534197823,0.3888888888888889,REG,14,
2020,REG,14,week,10,5110,00-0032602,J.D. McKissic,J.McKissic,MCK692580,RB,RB,41,5110,2020,43722,32004d43-4b69-2580-32dd-7823e00139ab,J.D.,McKissic,J.D.,RB,RB,41,ACT,https://static.www.nfl.com/image/private/{formatInstructions}/league/zi77vkqwrmklt5ic6lc6,3.7230882352941173,0.0,2.9276999999999997,11,68,6.181818181818182,0,51.37324734035726,16.62675265964274,1.5115229690584309,0.36363636363636365,REG,14,
2020,REG,14,week,10,5110,00-0032741,Peyton Barber,P.Barber,BAR077733,RB,RB,34,5110,2020,43861,32004241-5207-7733-5913-58201e96ca93,Kenneth,Barber,Peyton,RB,RB,34,ACT,https://static.www.nfl.com/image/private/{formatInstructions}/league/jyeoeskqr7msfac0rkde,4.398108108108108,41.66666666666667,2.9063636363636363,12,37,3.0833333333333335,0,47.64781285840227,-10.647812858402268,-0.887317738200189,0.5,REG,14,
2020,REG,15,week,10,0325,00-0036158,J.K. Dobbins,J.Dobbins,DOB207645,RB,RB,27,0325,2020,52463,3200444f-4220-7645-7ee7-94f57d3eed4f,Jkaylin,Dobbins,J.K.,RB,RB,27,ACT,https://static.www.nfl.com/image/private/{formatInstructions}/league/tr3yxhybdwehibl6maqy,4.44359375,28.57142857142857,2.832071428571428,14,64,4.571428571428571,1,68.20490539143962,-4.204905391439624,-0.3003503851028303,0.42857142857142855,REG,15,
2020,REG,15,week,10,0610,00-0036251,Zack Moss,Z.Moss,MOS756406,RB,RB,20,0610,2020,52494,32004d4f-5375-6406-2efb-a60ab36c4cc4,Zaccheus,Moss,Zack,RB,RB,20,ACT,https://static.www.nfl.com/image/private/{formatInstructions}/league/ung5uvdvstg3wgl9zdye,3.0690123456790124,15.384615384615385,2.957076923076923,13,81,6.230769230769231,0,48.8853242561612,26.114675743838802,2.1762229786532337,0.5,REG,15,
2020,REG,15,week,10,0750,00-0032063,Mike Davis,M.Davis,DAV567050,RB,RB,28,0750,2020,42469,32004441-5656-7050-90fa-b554877db5f4,Michael,Davis,Mike,RB,RB,28,ACT,https://static.www.nfl.com/image/private/{formatInstructions}/league/sd67wjznwou2pwqs2m3h,3.624237288135593,7.142857142857142,2.664142857142857,14,59,4.214285714285714,0,64.67870847146591,-5.67870847146591,-0.4056220336761364,0.21428571428571427,REG,15,
2020,REG,15,week,10,0810,00-0035685,David Montgomery,D.Montgomery,MON487374,RB,RB,32,0810,2020,47856,32004d4f-4e48-7374-a044-7fb197b6b501,David,Montgomery,David,RB,RB,32,ACT,https://static.www.nfl.com/image/private/{formatInstructions}/league/zsd3fcztejae8oexy3um,3.7508904109589034,34.375,2.699800000000001,32,146,4.5625,2,145.57033117428944,0.4296688257105643,0.013427150803455135,0.40625,REG,15,
2020,REG,15,week,10,0920,00-0030456,Giovani Bernard,G.Bernard,BER219765,RB,RB,25,0920,2020,39985,32004245-5221-9765-46d6-1e758159937b,Giovani,Bernard,Giovani,RB,RB,25,ACT,https://static.www.nfl.com/image/private/{formatInstructions}/league/emjueiztyubzm99lxd49,4.4154216867469875,20.0,2.750739130434782,25,83,3.32,1,99.33876733473224,-16.33876733473224,-0.6535506933892896,0.4,REG,15,
2020,REG,15,week,10,1050,00-0034791,Nick Chubb,N.Chubb,CHU033942,RB,RB,24,1050,2020,46104,32004348-5503-3942-d8b2-181bd658412e,Nicholas,Chubb,Nick,RB,RB,24,ACT,https://static.www.nfl.com/image/private/{formatInstructions}/league/m10y1skypqxyvigftdle,4.8378,13.333333333333334,2.9579166666666663,15,50,3.3333333333333335,1,66.93849585069353,-16.938495850693528,-1.1292330567129019,0.3333333333333333,REG,15,
2020,REG,15,week,10,1200,00-0035261,Tony Pollard,T.Pollard,POL283188,RB,RB,20,1200,2020,47911,3200504f-4c28-3188-35b8-d0ae9db0f68a,Tony,Pollard,Tony,RB,RB,20,ACT,https://static.www.nfl.com/image/private/{formatInstructions}/league/tynmwg5rta9ykpfd3dp2,3.226666666666666,33.33333333333333,2.8119090909090905,12,69,5.75,2,32.83450043498348,36.16549956501652,3.013791630418043,0.5833333333333334,REG,15,
2020,REG,15,week,10,1400,00-0032144,Melvin Gordon,M.Gordon,GOR275321,RB,RB,25,1400,2020,42358,3200474f-5227-5321-5a9f-5d54a292e030,Melvin,Gordon,Melvin,RB,RB,25,ACT,https://static.www.nfl.com/image/private/{formatInstructions}/league/en0ul7l1m9aqf7wffufg,2.695573770491803,0.0,2.6852727272727277,11,61,5.545454545454546,2,62.62580061189137,-1.6258006118913713,-0.1478000556264883,0.5454545454545454,REG,15,
2020,REG,15,week,10,1400,00-0034109,Phillip Lindsay,P.Lindsay,LIN303086,RB,RB,30,1400,2020,46367,32004c49-4e30-3086-a451-a8add609c5d0,Phillip,Lindsay,Phillip,RB,RB,30,ACT,https://static.www.nfl.com/image/private/{formatInstructions}/league/pv23ismfe1xcbholkdqo,4.343684210526316,0.0,3.058,11,38,3.4545454545454546,0,52.31512315230393,-14.315123152303933,-1.3013748320276302,0.18181818181818182,REG,15,
2020,REG,15,week,10,1540,00-0036275,D'Andre Swift,D.Swift,SWI228476,RB,RB,32,1540,2020,52443,32005357-4922-8476-53db-e64aaf6e01f5,D'Andre,Swift,D'Andre,RB,RB,32,ACT,https://static.www.nfl.com/image/private/{formatInstructions}/league/amhsf13r1hnpo9lrn2uj,4.081044776119404,13.333333333333334,2.729714285714285,15,67,4.466666666666667,2,78.55559887131623,-11.555598871316235,-0.770373258087749,0.26666666666666666,REG,15,
2020,REG,15,week,10,1800,00-0033293,Aaron Jones,A.Jones,JON026624,RB,RB,33,1800,2020,44995,32004a4f-4e02-6624-33bd-3ba151b7013d,Aaron,Jones,Aaron,RB,RB,33,ACT,https://static.www.nfl.com/image/private/{formatInstructions}/league/fhg7hqiz87nyx1payjqh,2.7617241379310347,25.0,2.464473684210526,20,145,7.25,1,117.38752687527709,17.61247312472291,0.9269722697222584,0.42105263157894735,REG,15,
2020,REG,15,week,10,2100,00-0032764,Derrick Henry,D.Henry,HEN602843,RB,RB,22,2100,2020,43334,32004845-4e60-2843-9b64-3cd8fac319c3,Derrick,Henry,Derrick,RB,RB,22,ACT,https://static.www.nfl.com/image/private/{formatInstructions}/league/f5kj56yln1s0qlpdhbxu,3.19986394557823,41.66666666666667,2.6643636363636363,24,147,6.125,1,118.22172791888832,28.77827208111168,1.19909467004632,0.4583333333333333,REG,15,
2020,REG,15,week,10,2200,00-0036223,Jonathan Taylor,J.Taylor,TAY431618,RB,RB,28,2200,2020,52449,32005441-5943-1618-c081-5dd6b2d0b829,Jonathan,Taylor,Jonathan,RB,RB,28,ACT,https://static.www.nfl.com/image/private/{formatInstructions}/league/mx6ptr3jbhx0wxo3848u,3.6124096385542166,25.0,3.0659285714285716,16,83,5.1875,1,70.44692749405192,12.55307250594808,0.784567031621755,0.6875,REG,15,
2020,REG,15,week,10,2250,00-0035831,James Robinson,J.Robinson,ROB521367,RB,RB,30,2250,2020,52733,3200524f-4252-1367-7b21-7f5516b913bf,James,Robinson,James,RB,RB,30,ACT,https://static.www.nfl.com/image/private/{formatInstructions}/league/lxzbao36eeratekmnxeb,6.747428571428572,50.0,2.6724285714285716,16,35,2.1875,0,51.08328122378428,-16.083281223784283,-1.0052050764865177,0.25,REG,15,
2020,REG,15,week,10,2310,00-0030496,Le'Veon Bell,L.Bell,BEL474300,RB,RB,26,2310,2020,39996,32004245-4c47-4300-1a03-0d70c9d24d43,Le'Veon,Bell,Le'Veon,RB,RB,26,ACT,https://static.www.nfl.com/image/private/{formatInstructions}/league/lz4fqlhyoowrecnzp7dr,4.340322580645162,33.33333333333333,3.098933333333333,15,62,4.133333333333334,0,52.26508529468537,-7.26508529468537,-0.5189346639060979,0.5,REG,15,
2020,REG,15,week,10,2310,00-0036360,Clyde Edwards-Helaire,C.Edwards-Helaire,EDW815562,RB,RB,25,2310,2020,52440,32004544-5781-5562-8963-df06e680f700,Clyde,Edwards-Helaire,Clyde,RB,RB,25,ACT,https://static.www.nfl.com/image/private/{formatInstructions}/league/ldgjalogqzti76pmqbw1,3.2450632911392407,7.142857142857142,2.773857142857143,14,79,5.642857142857143,0,71.26245536731922,4.73754463268078,0.36442651020621386,0.46153846153846156,REG,15,
2020,REG,15,week,10,2510,00-0036414,Cam Akers,C.Akers,AKE415291,RB,RB,23,2510,2020,52460,3200414b-4541-5291-73e4-84e805a9ffce,Cam,Akers,Cam,RB,RB,23,ACT,https://static.www.nfl.com/image/private/{formatInstructions}/league/zeh3myk7tc0yzp6qbudr,4.604920634920636,0.0,2.801866666666667,15,63,4.2,0,63.657020025850045,-10.657020025850045,-0.8197707712192343,0.3076923076923077,REG,15,
2020,REG,15,week,10,2520,00-0035700,Josh Jacobs,J.Jacobs,JAC734615,RB,RB,28,2520,2020,47807,32004a41-4373-4615-60ca-982d07046841,Joshua,Jacobs,Josh,RB,RB,28,ACT,https://static.www.nfl.com/image/private/{formatInstructions}/league/docmktgq1ubvu87ltcco,4.489078947368421,23.076923076923077,2.7553478260869566,26,76,2.923076923076923,1,111.04809095735166,-35.04809095735166,-1.3480034983596794,0.19230769230769232,REG,15,
2020,REG,15,week,10,2700,00-0033308,Matt Breida,M.Breida,BRE256819,RB,RB,22,2700,2020,45186,32004252-4525-6819-f4e3-f343a391cdbd,Matthew,Breida,Matt,RB,RB,22,ACT,https://static.www.nfl.com/image/private/{formatInstructions}/league/o7flzlafkwup1al6ujiw,2.8668604651162792,0.0,2.70225,12,86,7.166666666666667,0,57.822910270589375,28.177089729410625,2.348090810784219,0.5833333333333334,REG,15,
2020,REG,15,week,10,2700,00-0036020,Salvon Ahmed,S.Ahmed,AHM088990,RB,RB,26,2700,2020,52922,32004148-4d08-8990-8df4-f46ca7aff75b,Salvon,Ahmed,Salvon,RB,RB,26,ACT,,2.8104098360655745,17.391304347826086,2.462217391304348,23,122,5.304347826086956,1,66.30681493083841,51.693185069161586,2.3496902304164355,0.7272727272727273,REG,15,
2020,REG,15,week,10,3000,00-0033893,Dalvin Cook,D.Cook,COO047079,RB,RB,33,3000,2020,44853,3200434f-4f04-7079-ca3d-32c8b4ce8a9a,Dalvin,Cook,Dalvin,RB,RB,33,ACT,https://static.www.nfl.com/image/private/{formatInstructions}/league/sxhuurbjysw8vxgj8arg,3.3570454545454544,16.666666666666664,2.5773749999999995,24,132,5.5,1,99.84462124588349,32.15537875411651,1.339807448088188,0.4166666666666667,REG,15,
2020,REG,15,week,10,3200,00-0034845,Sony Michel,S.Michel,MIC517884,RB,RB,26,3200,2020,46100,32004d49-4351-7884-c6be-b720a5a54649,Sony,Michel,Sony,RB,RB,26,ACT,https://static.www.nfl.com/image/private/{formatInstructions}/league/ipukh50tw8mnyhaufamz,2.567027027027027,60.0,2.2938888888888886,10,74,7.4,0,54.62428242031796,19.37571757968204,1.937571757968204,0.7,REG,15,
2020,REG,15,week,10,3300,00-0033906,Alvin Kamara,A.Kamara,KAM244058,RB,RB,41,3300,2020,44879,32004b41-4d24-4058-5a3b-01bd39e6a25d,Alvin,Kamara,Alvin,RB,RB,41,ACT,https://static.www.nfl.com/image/private/{formatInstructions}/league/rubeyrjz53yacwyjgycx,3.3003703703703704,0.0,2.554272727272728,11,54,4.909090909090909,0,60.35099633196412,-6.350996331964119,-0.5773633029058289,0.2727272727272727,REG,15,
2020,REG,15,week,10,3430,00-0023500,Frank Gore,F.Gore,GOR411171,RB,RB,21,3430,2020,29892,3200474f-5241-1171-e932-18530d86ff0c,Frank,Gore,Frank,RB,RB,21,ACT,https://static.www.nfl.com/image/private/{formatInstructions}/league/lxxkhd2suyalrbruzut7,5.112033898305085,17.391304347826086,2.5632272727272727,23,59,2.5652173913043477,1,72.97610441827273,-21.976104418272726,-1.0464811627748918,0.23809523809523808,REG,15,
2020,REG,15,week,10,3700,00-0035243,Miles Sanders,M.Sanders,SAN153567,RB,RB,26,3700,2020,47836,32005341-4e15-3567-869d-79c73965b54e,Miles,Sanders,Miles,RB,RB,26,ACT,https://static.www.nfl.com/image/private/{formatInstructions}/league/m1lscxsubhwr0oz4gp45,4.2867187499999995,17.647058823529413,2.579125,17,64,3.764705882352941,0,74.69203417182398,-10.692034171823977,-0.628943186577881,0.29411764705882354,REG,15,
2020,REG,15,week,10,3800,00-0033118,Kenyan Drake,K.Drake,DRA280410,RB,RB,41,3800,2020,43362,32004452-4128-0410-f1a5-770c8d09e9d7,Kenyan,Drake,Kenyan,RB,RB,41,ACT,https://static.www.nfl.com/image/private/{formatInstructions}/league/cnkha97t7evnzybhqsta,5.201538461538462,10.0,2.3697500000000002,10,26,2.6,0,46.87738392685204,-20.87738392685204,-2.0877383926852042,0.1,REG,15,
2020,REG,15,week,10,3800,00-0034681,Chase Edmonds,C.Edmonds,EDM181116,RB,RB,29,3800,2020,46203,32004544-4d18-1116-8de3-583c7ff1d2b8,Chase,Edmonds,Chase,RB,RB,29,ACT,https://static.www.nfl.com/image/private/{formatInstructions}/league/cznbk7kea3p45tzvwcss,3.9953191489361704,0.0,2.9027777777777772,11,47,4.2727272727272725,0,49.55648137804234,-2.556481378042342,-0.23240739800384927,0.45454545454545453,REG,15,
2020,REG,15,week,10,3900,00-0035217,Benny Snell,B.Snell,SNE302466,RB,RB,24,3900,2020,47905,3200534e-4530-2466-8118-0bfea2b80406,Benny,Snell,Benny,RB,RB,24,ACT,https://static.www.nfl.com/image/private/{formatInstructions}/league/fo3ppnx6djkougdmpthf,3.680833333333333,5.555555555555555,2.6461333333333337,18,84,4.666666666666667,1,82.06620439183692,1.9337956081630807,0.10743308934239337,0.3333333333333333,REG,15,
2020,REG,15,week,10,4400,00-0033699,Austin Ekeler,A.Ekeler,EKE189430,RB,RB,30,4400,2020,45573,3200454b-4518-9430-b8b6-2128b5b3e282,Austin,Ekeler,Austin,RB,RB,30,ACT,https://static.www.nfl.com/image/private/{formatInstructions}/league/rpknwsvkh8wy6mdzg5og,3.868166666666667,15.384615384615385,2.896230769230769,13,60,4.615384615384615,0,43.28117238464473,16.718827615355274,1.2860636627196365,0.5384615384615384,REG,15,
2020,REG,15,week,10,4500,00-0031687,Raheem Mostert,R.Mostert,MOS822492,RB,RB,31,4500,2020,42718,32004d4f-5382-2492-b0f0-aec08c3525cf,Dominique,Mostert,Raheem,RB,RB,31,ACT,https://static.www.nfl.com/image/private/{formatInstructions}/league/tpqiklrgbw1pqmwtl4r8,3.5873529411764715,14.285714285714285,2.9050769230769222,14,68,4.857142857142857,0,59.94002778999057,8.059972210009427,0.575712300714959,0.42857142857142855,REG,15,
2020,REG,15,week,10,4500,00-0034115,Jeffery Wilson,J.Wilson,WIL723340,RB,RB,30,4500,2020,46377,32005749-4c72-3340-3ba4-ceb68768d8f6,Jeffery,Wilson,Jeffery,RB,RB,30,ACT,https://static.www.nfl.com/image/private/{formatInstructions}/league/ua7hai9fuexjwl8cgrrh,4.518166666666667,56.25,2.6966428571428573,16,60,3.75,1,67.49707462009238,-7.497074620092377,-0.46856716375577356,0.375,REG,15,
2020,REG,15,week,10,4600,00-0033594,Chris Carson,C.Carson,CAR568144,RB,RB,32,4600,2020,45062,32004341-5256-8144-487d-eff74f49df34,Christopher,Carson,Chris,RB,RB,32,ACT,https://static.www.nfl.com/image/private/{formatInstructions}/league/i03omk9cjgbka2nvn9pi,4.697301587301586,13.333333333333334,2.9412307692307698,15,63,4.2,0,64.47765465742576,-1.4776546574257594,-0.09851031049505063,0.4,REG,15,
2020,REG,15,week,10,4900,00-0033856,Leonard Fournette,L.Fournette,FOU564970,RB,RB,28,4900,2020,44816,3200464f-5556-4970-e13e-15f65e552496,Leonard,Fournette,Leonard,RB,RB,28,ACT,https://static.www.nfl.com/image/private/{formatInstructions}/league/quvoqaapbnebbllg3jwl,4.256530612244898,14.285714285714285,2.5202142857142857,14,49,3.5,2,52.74020052722056,-3.7402005272205585,-0.26715718051575416,0.42857142857142855,REG,15,
2020,REG,15,week,10,5110,00-0032602,J.D. McKissic,J.McKissic,MCK692580,RB,RB,41,5110,2020,43722,32004d43-4b69-2580-32dd-7823e00139ab,J.D.,McKissic,J.D.,RB,RB,41,ACT,https://static.www.nfl.com/image/private/{formatInstructions}/league/zi77vkqwrmklt5ic6lc6,3.795882352941176,7.6923076923076925,2.5634166666666665,13,51,3.923076923076923,0,56.82237372684154,-5.8223737268415405,-0.4478749020647339,0.23076923076923078,REG,15,
2020,REG,16,week,10,0200,00-0034378,Ito Smith,I.Smith,SMI342780,RB,RB,25,0200,2020,46195,3200534d-4934-2780-bc1f-aa0a71b0ad00,Romarius,Smith,Ito,RB,RB,25,ACT,https://static.www.nfl.com/image/private/{formatInstructions}/league/xb6uporwyd1bmzuu3e7z,3.6421739130434783,0.0,2.6896,10,46,4.6,0,51.64556175166241,-5.645561751662413,-0.5645561751662413,0.5,REG,16,
2020,REG,16,week,10,0325,00-0034184,Gus Edwards,G.Edwards,EDW471180,RB,RB,35,0325,2020,46437,32004544-5747-1180-daba-c0c892edc0c8,Gus,Edwards,Gus,RB,RB,35,ACT,https://static.www.nfl.com/image/private/{formatInstructions}/league/qzfjokxel2zmnlt4omrq,3.408588235294118,26.666666666666668,2.995133333333334,15,85,5.666666666666667,0,78.14484158190778,6.855158418092216,0.45701056120614775,0.4,REG,16,
2020,REG,16,week,10,0325,00-0036158,J.K. Dobbins,J.Dobbins,DOB207645,RB,RB,27,0325,2020,52463,3200444f-4220-7645-7ee7-94f57d3eed4f,Jkaylin,Dobbins,J.K.,RB,RB,27,ACT,https://static.www.nfl.com/image/private/{formatInstructions}/league/tr3yxhybdwehibl6maqy,2.8862337662337665,36.36363636363637,2.852363636363636,11,77,7.0,1,58.383791042688294,18.616208957311706,1.6923826324828823,0.45454545454545453,REG,16,
2020,REG,16,week,10,0610,00-0035250,Devin Singletary,D.Singletary,SIN186919,RB,RB,26,0610,2020,47857,32005349-4e18-6919-d1e6-003f4632ba87,Devin,Singletary,Devin,RB,RB,26,ACT,https://static.www.nfl.com/image/private/{formatInstructions}/league/uvjmmkicdibmtrssqv12,4.8741666666666665,10.0,2.823444444444444,10,36,3.6,0,49.929525536341785,-13.929525536341785,-1.3929525536341785,0.5,REG,16,
2020,REG,16,week,10,0610,00-0036251,Zack Moss,Z.Moss,MOS756406,RB,RB,20,0610,2020,52494,32004d4f-5375-6406-2efb-a60ab36c4cc4,Zaccheus,Moss,Zack,RB,RB,20,ACT,https://static.www.nfl.com/image/private/{formatInstructions}/league/ung5uvdvstg3wgl9zdye,2.897368421052631,0.0,2.3865833333333337,12,57,4.75,1,50.03460029999023,6.965399700009769,0.5804499750008141,0.5,REG,16,
2020,REG,16,week,10,0750,00-0032063,Mike Davis,M.Davis,DAV567050,RB,RB,28,0750,2020,42469,32004441-5656-7050-90fa-b554877db5f4,Michael,Davis,Mike,RB,RB,28,ACT,https://static.www.nfl.com/image/private/{formatInstructions}/league/sd67wjznwou2pwqs2m3h,6.7425000000000015,42.857142857142854,2.7110000000000003,14,28,2.0,1,38.59690767708733,-15.59690767708733,-1.1997621290067177,0.3076923076923077,REG,16,
2020,REG,16,week,10,0810,00-0035685,David Montgomery,D.Montgomery,MON487374,RB,RB,32,0810,2020,47856,32004d4f-4e48-7374-a044-7fb197b6b501,David,Montgomery,David,RB,RB,32,ACT,https://static.www.nfl.com/image/private/{formatInstructions}/league/zsd3fcztejae8oexy3um,3.7549473684210524,39.130434782608695,2.729809523809524,23,95,4.130434782608695,1,75.1077529157587,19.892247084241305,0.9041930492836957,0.4090909090909091,REG,16,
2020,REG,16,week,10,0920,00-0030456,Giovani Bernard,G.Bernard,BER219765,RB,RB,25,0920,2020,39985,32004245-5221-9765-46d6-1e758159937b,Giovani,Bernard,Giovani,RB,RB,25,ACT,https://static.www.nfl.com/image/private/{formatInstructions}/league/emjueiztyubzm99lxd49,4.525230769230769,6.25,2.6460625000000007,16,65,4.0625,0,77.8073146668747,-12.807314666874703,-0.8004571666796689,0.3125,REG,16,
2020,REG,16,week,10,0920,00-0033526,Samaje Perine,S.Perine,PER095343,RB,RB,34,0920,2020,44927,32005045-5209-5343-a8b2-b2085b20ed79,Samaje,Perine,Samaje,RB,RB,34,ACT,https://static.www.nfl.com/image/private/{formatInstructions}/league/lyuhcp2aflz93its3ums,2.69578947368421,0.0,2.556769230769231,13,95,7.3076923076923075,2,46.689060007396286,48.310939992603714,3.716226153277209,0.6153846153846154,REG,16,
2020,REG,16,week,10,1050,00-0034791,Nick Chubb,N.Chubb,CHU033942,RB,RB,24,1050,2020,46104,32004348-5503-3942-d8b2-181bd658412e,Nicholas,Chubb,Nick,RB,RB,24,ACT,https://static.www.nfl.com/image/private/{formatInstructions}/league/m10y1skypqxyvigftdle,5.839285714285715,9.090909090909092,3.249888888888889,11,28,2.5454545454545454,1,25.316280433070705,-2.3162804330707054,-0.23162804330707054,0.2,REG,16,
2020,REG,16,week,10,1200,00-0033045,Ezekiel Elliott,E.Elliott,ELL289284,RB,RB,21,1200,2020,43293,3200454c-4c28-9284-cdcc-74694c8d1749,Ezekiel,Elliott,Ezekiel,RB,RB,21,ACT,https://static.www.nfl.com/image/private/{formatInstructions}/league/e2h7hohon748tyzzu3z5,3.069238095238095,42.10526315789473,2.9502631578947374,19,105,5.526315789473684,0,61.14265135262213,43.85734864737787,2.30828150775673,0.5789473684210527,REG,16,
2020,REG,16,week,10,1400,00-0032144,Melvin Gordon,M.Gordon,GOR275321,RB,RB,25,1400,2020,42358,3200474f-5227-5321-5a9f-5d54a292e030,Melvin,Gordon,Melvin,RB,RB,25,ACT,https://static.www.nfl.com/image/private/{formatInstructions}/league/en0ul7l1m9aqf7wffufg,3.5853164556962014,0.0,2.7272000000000007,16,79,4.9375,0,94.60580749047625,-15.605807490476252,-0.9753629681547658,0.25,REG,16,
2020,REG,16,week,10,1540,00-0036275,D'Andre Swift,D.Swift,SWI228476,RB,RB,32,1540,2020,52443,32005357-4922-8476-53db-e64aaf6e01f5,D'Andre,Swift,D'Andre,RB,RB,32,ACT,https://static.www.nfl.com/image/private/{formatInstructions}/league/amhsf13r1hnpo9lrn2uj,4.005777777777777,10.0,3.0973,10,45,4.5,0,38.73209043274563,6.267909567254371,0.626790956725437,0.4,REG,16,
2020,REG,16,week,10,1800,00-0033293,Aaron Jones,A.Jones,JON026624,RB,RB,33,1800,2020,44995,32004a4f-4e02-6624-33bd-3ba151b7013d,Aaron,Jones,Aaron,RB,RB,33,ACT,https://static.www.nfl.com/image/private/{formatInstructions}/league/fhg7hqiz87nyx1payjqh,2.7560638297872346,30.0,3.0538749999999997,10,94,9.4,0,35.655626529057564,58.344373470942436,5.834437347094243,0.5,REG,16,
2020,REG,16,week,10,1800,00-0036265,A.J. Dillon,A.Dillon,DIL237740,RB,RB,28,1800,2020,52470,32004449-4c23-7740-624c-afbd67329c54,Algiers,Dillon,A.J.,RB,RB,28,ACT,https://static.www.nfl.com/image/private/{formatInstructions}/league/jzpeevaiinmg3g0ksr17,2.8789516129032258,14.285714285714285,2.6369000000000007,21,124,5.904761904761905,2,101.89937521502965,22.10062478497035,1.0524107040462072,0.5238095238095238,REG,16,
2020,REG,16,week,10,2100,00-0032764,Derrick Henry,D.Henry,HEN602843,RB,RB,22,2100,2020,43334,32004845-4e60-2843-9b64-3cd8fac319c3,Derrick,Henry,Derrick,RB,RB,22,ACT,https://static.www.nfl.com/image/private/{formatInstructions}/league/f5kj56yln1s0qlpdhbxu,4.013979591836735,26.08695652173913,2.7536818181818177,23,98,4.260869565217392,0,92.6095834169182,5.390416583081802,0.23436593839486095,0.391304347826087,REG,16,
2020,REG,16,week,10,2120,00-0032187,David Johnson,D.Johnson,JOH174477,RB,RB,31,2120,2020,42429,32004a4f-4817-4477-4e5f-db6fb5a95abe,David,Johnson,David,RB,RB,31,ACT,https://static.www.nfl.com/image/private/{formatInstructions}/league/xhkqvvkq3awveyhv0x4e,1.9920312500000001,0.0,2.336,12,128,10.666666666666666,1,83.7727164378691,44.22728356213091,3.6856069635109088,0.3333333333333333,REG,16,
2020,REG,16,week,10,2200,00-0036223,Jonathan Taylor,J.Taylor,TAY431618,RB,RB,28,2200,2020,52449,32005441-5943-1618-c081-5dd6b2d0b829,Jonathan,Taylor,Jonathan,RB,RB,28,ACT,https://static.www.nfl.com/image/private/{formatInstructions}/league/mx6ptr3jbhx0wxo3848u,3.853513513513514,55.55555555555556,2.8589374999999997,18,74,4.111111111111111,2,71.80384434552009,2.1961556544799095,0.12200864747110608,0.5,REG,16,
2020,REG,16,week,10,2250,00-0033854,Dare Ogunbowale,D.Ogunbowale,OGU417955,RB,RB,33,2250,2020,45719,32004f47-5541-7955-59ab-15bd05c31d80,Oluwadare,Ogunbowale,Dare,RB,RB,33,ACT,https://static.www.nfl.com/image/private/{formatInstructions}/league/ojb98h43rjr01qt8zmca,3.2642253521126756,14.285714285714285,2.6867692307692312,14,71,5.071428571428571,0,70.67254744140786,0.3274525585921424,0.023389468470867314,0.35714285714285715,REG,16,
2020,REG,16,week,10,2310,00-0034301,Darrel Williams,Darr.Williams,WIL207361,RB,RB,31,2310,2020,46526,32005749-4c20-7361-9bac-e63ffb6793a8,Darrel,Williams,Darrel,RB,RB,31,ACT,https://static.www.nfl.com/image/private/{formatInstructions}/league/epdu1wpu6j9rqijzzatk,3.313913043478261,10.0,2.5507,10,46,4.6,0,53.94288144204396,-7.942881442043962,-0.7942881442043962,0.3,REG,16,
2020,REG,16,week,10,2510,00-0035664,Darrell Henderson,D.Henderson,HEN054456,RB,RB,27,2510,2020,47853,32004845-4e05-4456-6f99-3e76d883b110,Darrell,Henderson,Darrell,RB,RB,27,ACT,https://static.www.nfl.com/image/private/{formatInstructions}/league/nyjvyjkx6cb2a7lfxevg,3.745967741935484,66.66666666666666,3.1118181818181814,12,62,5.166666666666667,0,73.33740090807896,-11.337400908078962,-0.9447834090065802,0.3333333333333333,REG,16,
2020,REG,16,week,10,2520,00-0035700,Josh Jacobs,J.Jacobs,JAC734615,RB,RB,28,2520,2020,47807,32004a41-4373-4615-60ca-982d07046841,Joshua,Jacobs,Josh,RB,RB,28,ACT,https://static.www.nfl.com/image/private/{formatInstructions}/league/docmktgq1ubvu87ltcco,3.0239130434782604,46.15384615384615,2.4616666666666664,13,69,5.3076923076923075,0,53.69876491051063,15.301235089489367,1.1770180838068744,0.5384615384615384,REG,16,
2020,REG,16,week,10,2700,00-0035311,Myles Gaskin,M.Gaskin,GAS211909,RB,RB,37,2700,2020,48017,32004741-5321-1909-2ae0-a123794bf24d,Myles,Gaskin,Myles,RB,RB,37,ACT,https://static.www.nfl.com/image/private/{formatInstructions}/league/lwbo5oqzvpcb5y0fufoa,2.783448275862069,21.428571428571427,2.772384615384616,14,87,6.214285714285714,0,79.099123710114,7.900876289886,0.5643483064204285,0.42857142857142855,REG,16,
2020,REG,16,week,10,3000,00-0033893,Dalvin Cook,D.Cook,COO047079,RB,RB,33,3000,2020,44853,3200434f-4f04-7079-ca3d-32c8b4ce8a9a,Dalvin,Cook,Dalvin,RB,RB,33,ACT,https://static.www.nfl.com/image/private/{formatInstructions}/league/sxhuurbjysw8vxgj8arg,4.28972602739726,33.33333333333333,2.862076923076923,15,73,4.866666666666666,1,55.26228800403349,17.737711995966507,1.1825141330644338,0.4,REG,16,
2020,REG,16,week,10,3200,00-0034845,Sony Michel,S.Michel,MIC517884,RB,RB,26,3200,2020,46100,32004d49-4351-7884-c6be-b720a5a54649,Sony,Michel,Sony,RB,RB,26,ACT,https://static.www.nfl.com/image/private/{formatInstructions}/league/ipukh50tw8mnyhaufamz,2.677101449275362,60.0,2.6783749999999995,10,69,6.9,0,34.57793305814142,34.42206694185858,3.4422066941858582,0.5,REG,16,
2020,REG,16,week,10,3300,00-0030513,Latavius Murray,L.Murray,MUR671046,RB,RB,28,3300,2020,40129,32004d55-5267-1046-5487-d03e83f25c8b,Latavius,Murray,Latavius,RB,RB,28,ACT,https://static.www.nfl.com/image/private/{formatInstructions}/league/keze6gbkt5ipoqtpq7dl,2.9299999999999997,41.66666666666667,2.4720833333333334,12,72,6.0,0,51.57969384565562,20.42030615434438,1.7016921795286983,0.5833333333333334,REG,16,
2020,REG,16,week,10,3300,00-0033906,Alvin Kamara,A.Kamara,KAM244058,RB,RB,41,3300,2020,44879,32004b41-4d24-4058-5a3b-01bd39e6a25d,Alvin,Kamara,Alvin,RB,RB,41,ACT,https://static.www.nfl.com/image/private/{formatInstructions}/league/rubeyrjz53yacwyjgycx,2.5703225806451613,22.727272727272727,2.5321818181818188,22,155,7.045454545454546,6,92.82152465323166,62.17847534676834,2.8262943339440154,0.6363636363636364,REG,16,
2020,REG,16,week,10,3430,00-0023500,Frank Gore,F.Gore,GOR411171,RB,RB,21,3430,2020,29892,3200474f-5241-1171-e932-18530d86ff0c,Frank,Gore,Frank,RB,RB,21,ACT,https://static.www.nfl.com/image/private/{formatInstructions}/league/lxxkhd2suyalrbruzut7,3.979166666666666,7.142857142857142,2.4490000000000003,14,48,3.4285714285714284,0,71.88508654290487,-23.885086542904872,-1.7060776102074908,0.35714285714285715,REG,16,
2020,REG,16,week,10,3700,00-0035243,Miles Sanders,M.Sanders,SAN153567,RB,RB,26,3700,2020,47836,32005341-4e15-3567-869d-79c73965b54e,Miles,Sanders,Miles,RB,RB,26,ACT,https://static.www.nfl.com/image/private/{formatInstructions}/league/m1lscxsubhwr0oz4gp45,4.631052631578948,0.0,2.728923076923077,15,57,3.8,1,65.60175649215498,-15.601756492154976,-1.1144111780110697,0.5,REG,16,
2020,REG,16,week,10,3800,00-0033118,Kenyan Drake,K.Drake,DRA280410,RB,RB,41,3800,2020,43362,32004452-4128-0410-f1a5-770c8d09e9d7,Kenyan,Drake,Kenyan,RB,RB,41,ACT,https://static.www.nfl.com/image/private/{formatInstructions}/league/cnkha97t7evnzybhqsta,4.961333333333333,22.22222222222222,2.6302666666666665,18,45,2.5,1,65.96726692017073,-20.96726692017073,-1.1648481622317073,0.2777777777777778,REG,16,
2020,REG,16,week,10,4400,00-0033699,Austin Ekeler,A.Ekeler,EKE189430,RB,RB,30,4400,2020,45573,3200454b-4518-9430-b8b6-2128b5b3e282,Austin,Ekeler,Austin,RB,RB,30,ACT,https://static.www.nfl.com/image/private/{formatInstructions}/league/rpknwsvkh8wy6mdzg5og,3.0744444444444445,0.0,2.5927499999999997,10,45,4.5,0,27.843263747788495,17.156736252211505,1.7156736252211506,0.4,REG,16,
2020,REG,16,week,10,4500,00-0034115,Jeffery Wilson,J.Wilson,WIL723340,RB,RB,30,4500,2020,46377,32005749-4c72-3340-3ba4-ceb68768d8f6,Jeffery,Wilson,Jeffery,RB,RB,30,ACT,https://static.www.nfl.com/image/private/{formatInstructions}/league/ua7hai9fuexjwl8cgrrh,2.439453551912568,50.0,2.54445,22,183,8.318181818181818,0,130.71813966258924,52.28186033741076,2.376448197155035,0.5454545454545454,REG,16,
2020,REG,16,week,10,4600,00-0033594,Chris Carson,C.Carson,CAR568144,RB,RB,32,4600,2020,45062,32004341-5256-8144-487d-eff74f49df34,Christopher,Carson,Chris,RB,RB,32,ACT,https://static.www.nfl.com/image/private/{formatInstructions}/league/i03omk9cjgbka2nvn9pi,4.218985507246376,0.0,2.870625,16,69,4.3125,0,78.18633573184341,-9.186335731843414,-0.5741459832402134,0.3125,REG,16,
2020,REG,16,week,10,4900,00-0036450,Ke'Shawn Vaughn,K.Vaughn,VAU458202,RB,RB,30,4900,2020,52484,32005641-5545-8202-856a-988711b103bf,Ke'Shawn,Vaughn,Ke'Shawn,RB,RB,30,ACT,https://static.www.nfl.com/image/private/{formatInstructions}/league/j8hmiqkejgiekd6jiknd,4.124193548387097,46.666666666666664,3.0789230769230773,15,62,4.133333333333334,0,64.80503449800617,-2.8050344980061652,-0.18700229986707767,0.4666666666666667,REG,16,
2020,REG,16,week,10,5110,00-0036328,Antonio Gibson,A.Gibson,GIB415285,RB,RB,24,5110,2020,52474,32004749-4241-5285-a215-d633ff9a6f70,Antonio,Gibson,Antonio,RB,RB,24,ACT,https://static.www.nfl.com/image/private/{formatInstructions}/league/cvmwtpfzdt0ibauqifup,2.8516393442622947,20.0,2.4732222222222218,10,61,6.1,0,45.96781791838751,15.03218208161249,1.503218208161249,0.5,REG,16,
2020,REG,17,week,10,0325,00-0034184,Gus Edwards,G.Edwards,EDW471180,RB,RB,35,0325,2020,46437,32004544-5747-1180-daba-c0c892edc0c8,Gus,Edwards,Gus,RB,RB,35,ACT,https://static.www.nfl.com/image/private/{formatInstructions}/league/qzfjokxel2zmnlt4omrq,3.174000000000001,16.666666666666664,2.5989166666666668,12,60,5.0,0,44.866938699878055,15.133061300121945,1.2610884416768287,0.6666666666666666,REG,17,
2020,REG,17,week,10,0325,00-0036158,J.K. Dobbins,J.Dobbins,DOB207645,RB,RB,27,0325,2020,52463,3200444f-4220-7645-7ee7-94f57d3eed4f,Jkaylin,Dobbins,J.K.,RB,RB,27,ACT,https://static.www.nfl.com/image/private/{formatInstructions}/league/tr3yxhybdwehibl6maqy,2.0935625,7.6923076923076925,2.854538461538461,13,160,12.307692307692308,2,48.506577575210265,111.49342242478974,8.57641710959921,0.6923076923076923,REG,17,
2020,REG,17,week,10,0610,00-0036188,Antonio Williams,A.Williams,WIL142972,RB,RB,35,0610,2020,53080,32005749-4c14-2972-70c6-f910e2bab5c1,Antonio,Williams,Antonio,RB,RB,35,ACT,,3.2493650793650795,50.0,2.981583333333333,12,63,5.25,2,41.53676778421551,21.463232215784487,1.7886026846487073,0.5833333333333334,REG,17,
2020,REG,17,week,10,0750,00-0035957,Rodney Smith,R.Smith,SMI664708,RB,RB,35,0750,2020,52859,3200534d-4966-4708-745b-0824a967196e,Rodney,Smith,Rodney,RB,RB,35,ACT,,3.4555,30.0,2.4717,10,40,4.0,1,31.662219070811744,8.337780929188256,0.8337780929188255,0.7,REG,17,
2020,REG,17,week,10,0810,00-0035685,David Montgomery,D.Montgomery,MON487374,RB,RB,32,0810,2020,47856,32004d4f-4e48-7374-a044-7fb197b6b501,David,Montgomery,David,RB,RB,32,ACT,https://static.www.nfl.com/image/private/{formatInstructions}/league/zsd3fcztejae8oexy3um,4.399130434782609,9.090909090909092,2.4376499999999997,22,69,3.1363636363636362,1,92.60158953826502,-23.601589538265017,-1.0727995244665918,0.2727272727272727,REG,17,
2020,REG,17,week,10,1050,00-0033923,Kareem Hunt,K.Hunt,HUN308934,RB,RB,27,1050,2020,44898,32004855-4e30-8934-bd0d-d8d3d09b6aac,Kareem,Hunt,Kareem,RB,RB,27,ACT,https://static.www.nfl.com/image/private/{formatInstructions}/league/soaqewfl8xjea2lpzfth,4.1702702702702705,50.0,2.8109,10,37,3.7,0,52.77557908191246,-15.775579081912461,-1.577557908191246,0.2,REG,17,
2020,REG,17,week,10,1050,00-0034791,Nick Chubb,N.Chubb,CHU033942,RB,RB,24,1050,2020,46104,32004348-5503-3942-d8b2-181bd658412e,Nicholas,Chubb,Nick,RB,RB,24,ACT,https://static.www.nfl.com/image/private/{formatInstructions}/league/m10y1skypqxyvigftdle,2.652037037037037,28.57142857142857,2.934538461538461,14,108,7.714285714285714,1,71.91989934462467,36.08010065537533,2.5771500468125237,0.35714285714285715,REG,17,
2020,REG,17,week,10,1200,00-0033045,Ezekiel Elliott,E.Elliott,ELL289284,RB,RB,21,1200,2020,43293,3200454c-4c28-9284-cdcc-74694c8d1749,Ezekiel,Elliott,Ezekiel,RB,RB,21,ACT,https://static.www.nfl.com/image/private/{formatInstructions}/league/e2h7hohon748tyzzu3z5,4.531190476190476,7.142857142857142,2.6854615384615386,14,42,3.0,1,40.947272176045566,1.0527278239544344,0.0751948445681739,0.2857142857142857,REG,17,
2020,REG,17,week,10,1400,00-0032144,Melvin Gordon,M.Gordon,GOR275321,RB,RB,25,1400,2020,42358,3200474f-5227-5321-5a9f-5d54a292e030,Melvin,Gordon,Melvin,RB,RB,25,ACT,https://static.www.nfl.com/image/private/{formatInstructions}/league/en0ul7l1m9aqf7wffufg,5.055913978494623,19.230769230769234,3.165565217391304,26,93,3.576923076923077,1,105.00819261403451,-12.008192614034513,-0.4618535620782505,0.38461538461538464,REG,17,
2020,REG,17,week,10,1540,00-0036275,D'Andre Swift,D.Swift,SWI228476,RB,RB,32,1540,2020,52443,32005357-4922-8476-53db-e64aaf6e01f5,D'Andre,Swift,D'Andre,RB,RB,32,ACT,https://static.www.nfl.com/image/private/{formatInstructions}/league/amhsf13r1hnpo9lrn2uj,3.889814814814814,8.333333333333332,2.8591818181818183,12,54,4.5,1,49.142025224990775,4.857974775009225,0.40483123125076875,0.5,REG,17,
2020,REG,17,week,10,1800,00-0033293,Aaron Jones,A.Jones,JON026624,RB,RB,33,1800,2020,44995,32004a4f-4e02-6624-33bd-3ba151b7013d,Aaron,Jones,Aaron,RB,RB,33,ACT,https://static.www.nfl.com/image/private/{formatInstructions}/league/fhg7hqiz87nyx1payjqh,4.580476190476191,9.090909090909092,2.318111111111111,11,42,3.8181818181818183,1,50.40657418902938,-8.406574189029378,-0.7642340171844889,0.45454545454545453,REG,17,
2020,REG,17,week,10,2100,00-0032764,Derrick Henry,D.Henry,HEN602843,RB,RB,22,2100,2020,43334,32004845-4e60-2843-9b64-3cd8fac319c3,Derrick,Henry,Derrick,RB,RB,22,ACT,https://static.www.nfl.com/image/private/{formatInstructions}/league/f5kj56yln1s0qlpdhbxu,3.0463200000000006,8.823529411764707,2.8719666666666663,34,250,7.352941176470588,2,156.67741449220915,86.32258550779085,2.6158359244785103,0.48484848484848486,REG,17,
2020,REG,17,week,10,2120,00-0032187,David Johnson,D.Johnson,JOH174477,RB,RB,31,2120,2020,42429,32004a4f-4817-4477-4e5f-db6fb5a95abe,David,Johnson,David,RB,RB,31,ACT,https://static.www.nfl.com/image/private/{formatInstructions}/league/xhkqvvkq3awveyhv0x4e,2.8252380952380958,14.285714285714285,2.6823571428571427,14,84,6.0,1,62.72501147767083,21.274988522329167,1.5196420373092263,0.42857142857142855,REG,17,
2020,REG,17,week,10,2200,00-0036223,Jonathan Taylor,J.Taylor,TAY431618,RB,RB,28,2200,2020,52449,32005441-5943-1618-c081-5dd6b2d0b829,Jonathan,Taylor,Jonathan,RB,RB,28,ACT,https://static.www.nfl.com/image/private/{formatInstructions}/league/mx6ptr3jbhx0wxo3848u,2.3950197628458505,40.0,2.7021111111111114,30,253,8.433333333333334,2,160.10663839704276,92.89336160295724,3.0964453867652413,0.5,REG,17,
2020,REG,17,week,10,2250,00-0033854,Dare Ogunbowale,D.Ogunbowale,OGU417955,RB,RB,33,2250,2020,45719,32004f47-5541-7955-59ab-15bd05c31d80,Oluwadare,Ogunbowale,Dare,RB,RB,33,ACT,https://static.www.nfl.com/image/private/{formatInstructions}/league/ojb98h43rjr01qt8zmca,3.786800000000001,0.0,2.5790833333333336,14,50,3.5714285714285716,0,61.83872484735562,-11.838724847355621,-0.8456232033825444,0.14285714285714285,REG,17,
2020,REG,17,week,10,2310,00-0035148,Darwin Thompson,D.Thompson,THO510348,RB,RB,34,2310,2020,47997,32005448-4f51-0348-d88c-ebd0636e801c,Darwin,Thompson,Darwin,RB,RB,34,ACT,https://static.www.nfl.com/image/private/{formatInstructions}/league/vw5kdihizxhywkqimolv,4.3213333333333335,14.285714285714285,2.7957857142857145,14,45,3.2142857142857144,1,64.39664715337429,-19.39664715337429,-1.3854747966695922,0.2857142857142857,REG,17,
2020,REG,17,week,10,2510,00-0036414,Cam Akers,C.Akers,AKE415291,RB,RB,23,2510,2020,52460,3200414b-4541-5291-73e4-84e805a9ffce,Cam,Akers,Cam,RB,RB,23,ACT,https://static.www.nfl.com/image/private/{formatInstructions}/league/zeh3myk7tc0yzp6qbudr,8.386470588235294,57.14285714285714,2.834833333333333,21,34,1.619047619047619,0,77.80137309539643,-43.80137309539643,-2.085779671209354,0.23809523809523808,REG,17,
2020,REG,17,week,10,2520,00-0035700,Josh Jacobs,J.Jacobs,JAC734615,RB,RB,28,2520,2020,47807,32004a41-4373-4615-60ca-982d07046841,Joshua,Jacobs,Josh,RB,RB,28,ACT,https://static.www.nfl.com/image/private/{formatInstructions}/league/docmktgq1ubvu87ltcco,2.634831460674157,13.333333333333334,2.696133333333333,15,89,5.933333333333334,2,63.02837161401172,25.971628385988282,1.7314418923992188,0.3333333333333333,REG,17,
2020,REG,17,week,10,3000,00-0034972,Alexander Mattison,A.Mattison,MAT599622,RB,RB,25,3000,2020,47885,32004d41-5459-9622-25bb-238938a4f96b,Alexander,Mattison,Alexander,RB,RB,25,ACT,https://static.www.nfl.com/image/private/{formatInstructions}/league/crp4nxsdqb6rt6hqomp3,3.548105263157895,33.33333333333333,2.62735,21,95,4.523809523809524,1,81.592358418372,13.407641581627999,0.6384591229346667,0.47619047619047616,REG,17,
2020,REG,17,week,10,3200,00-0034845,Sony Michel,S.Michel,MIC517884,RB,RB,26,3200,2020,46100,32004d49-4351-7884-c6be-b720a5a54649,Sony,Michel,Sony,RB,RB,26,ACT,https://static.www.nfl.com/image/private/{formatInstructions}/league/ipukh50tw8mnyhaufamz,3.6197368421052634,37.5,2.775214285714285,16,76,4.75,0,69.52714218254117,6.472857817458831,0.4045536135911769,0.5,REG,17,
2020,REG,17,week,10,3300,00-0032200,Ty Montgomery,T.Montgomery,MON677133,RB,RB,88,3300,2020,42437,32004d4f-4e67-7133-aabc-f8fd3a30b39d,Ty,Montgomery,Ty,RB,RB,88,ACT,https://static.www.nfl.com/image/private/{formatInstructions}/league/kzispvii2eagvq1tqaar,3.1771428571428566,33.33333333333333,2.7735882352941177,18,105,5.833333333333333,0,76.43903672925728,22.560963270742718,1.3271154865142776,0.35294117647058826,REG,17,
2020,REG,17,week,10,3410,00-0033950,Wayne Gallman,W.Gallman Jr.,GAL649066,RB,RB,22,3410,2020,44953,32004741-4c64-9066-25c6-c9a8be2311bb,Wayne,Gallman,Wayne,RB,RB,22,ACT,https://static.www.nfl.com/image/private/{formatInstructions}/league/zlhxdru9d7ktq8kxylaa,2.7364615384615387,54.54545454545454,2.401090909090909,11,65,5.909090909090909,0,50.78231948817251,14.217680511827488,1.2925164101661353,0.6363636363636364,REG,17,
2020,REG,17,week,10,3430,00-0034457,Josh Adams,J.Adams,ADA444540,RB,RB,36,3430,2020,46641,32004144-4144-4540-a93e-f3e3911cee48,Joshua,Adams,Josh,RB,RB,36,ACT,https://static.www.nfl.com/image/private/{formatInstructions}/league/ekntdhjr8lvzvisvailr,3.743404255319149,27.27272727272727,2.635909090909091,11,47,4.2727272727272725,1,47.66653637158114,-0.6665363715811381,-0.06059421559828528,0.36363636363636365,REG,17,
2020,REG,17,week,10,3430,00-0035537,Ty Johnson,T.Johnson,JOH000019,RB,RB,25,3430,2020,47969,32004a4f-4800-0019-d088-6a9e623c3c3d,Ty,Johnson,Ty,RB,RB,25,ACT,https://static.www.nfl.com/image/private/{formatInstructions}/league/yryjrsqgbg1tmpxxc3ge,4.097333333333333,9.090909090909092,2.489181818181818,11,45,4.090909090909091,0,49.008642767527824,-4.0086427675278244,-0.36442206977525676,0.2727272727272727,REG,17,
2020,REG,17,week,10,3700,00-0034414,Boston Scott,B.Scott,SCO101831,RB,RB,35,3700,2020,46270,32005343-4f10-1831-d7aa-cc7da631e708,Boston,Scott,Boston,RB,RB,35,ACT,https://static.www.nfl.com/image/private/{formatInstructions}/league/fo2lggawemd9prlso3gk,4.077846153846155,6.666666666666667,3.3288666666666673,15,65,4.333333333333333,0,88.45507740005999,-23.45507740005999,-1.5636718266706662,0.2,REG,17,
2020,REG,17,week,10,3800,00-0033118,Kenyan Drake,K.Drake,DRA280410,RB,RB,41,3800,2020,43362,32004452-4128-0410-f1a5-770c8d09e9d7,Kenyan,Drake,Kenyan,RB,RB,41,ACT,https://static.www.nfl.com/image/private/{formatInstructions}/league/cnkha97t7evnzybhqsta,4.317777777777779,0.0,2.556,10,36,3.6,0,48.52594600187783,-12.525946001877827,-1.2525946001877828,0.3,REG,17,
2020,REG,17,week,10,4400,00-0034799,Kalen Ballage,K.Ballage,BAL608677,RB,RB,31,4400,2020,46200,32004241-4c60-8677-837d-5f12080d8f67,Kalen,Ballage,Kalen,RB,RB,31,ACT,https://static.www.nfl.com/image/private/{formatInstructions}/league/keqnir5nalt6ss4hk3wa,6.425833333333333,23.076923076923077,2.9418333333333337,13,36,2.769230769230769,1,38.35746639488669,-8.357466394886693,-0.7597696722624266,0.45454545454545453,REG,17,
2020,REG,17,week,10,4500,00-0034115,Jeffery Wilson,J.Wilson,WIL723340,RB,RB,30,4500,2020,46377,32005749-4c72-3340-3ba4-ceb68768d8f6,Jeffery,Wilson,Jeffery,RB,RB,30,ACT,https://static.www.nfl.com/image/private/{formatInstructions}/league/ua7hai9fuexjwl8cgrrh,4.469473684210528,45.0,2.8434999999999997,20,76,3.8,1,79.00546436664321,-3.00546436664321,-0.1502732183321605,0.4,REG,17,
2020,REG,17,week,10,4600,00-0033594,Chris Carson,C.Carson,CAR568144,RB,RB,32,4600,2020,45062,32004341-5256-8144-487d-eff74f49df34,Christopher,Carson,Chris,RB,RB,32,ACT,https://static.www.nfl.com/image/private/{formatInstructions}/league/i03omk9cjgbka2nvn9pi,5.023636363636364,36.36363636363637,2.9048,11,44,4.0,0,47.75174113216438,-3.7517411321643834,-0.34106737565130757,0.45454545454545453,REG,17,
2020,REG,17,week,10,4900,00-0034816,Ronald Jones,R.Jones,JON705925,RB,RB,27,4900,2020,46107,32004a4f-4e70-5925-2b49-5f67cfbf7e05,Ronald,Jones,Ronald,RB,RB,27,ACT,https://static.www.nfl.com/image/private/{formatInstructions}/league/rzzjyalc2o1un3uhx0lm,2.7974358974358977,8.333333333333332,2.4138333333333337,12,78,6.5,1,73.90598395030315,4.094016049696847,0.34116800414140397,0.5,REG,17,
2020,REG,17,week,10,5110,00-0036328,Antonio Gibson,A.Gibson,GIB415285,RB,RB,24,5110,2020,52474,32004749-4241-5285-a215-d633ff9a6f70,Antonio,Gibson,Antonio,RB,RB,24,ACT,https://static.www.nfl.com/image/private/{formatInstructions}/league/cvmwtpfzdt0ibauqifup,4.485200000000001,21.052631578947366,2.8094444444444444,19,75,3.9473684210526314,0,80.6338284793263,-5.633828479326297,-0.2965172883855946,0.42105263157894735,REG,17,
