season,season_type,week,game_id,play_id,team_id,team_abbr,play_game_key,play_sequence,play_description,play_type_code,play_type,play_quarter,play_down,play_yards_to_go,play_possession_team_id,play_game_clock,play_yardline,play_yardline_number,play_yardline_side,play_absolute_yardline_number,play_time_of_day_utc,play_is_st_play,play_is_penalty,play_is_scoring,play_is_goal_to_go,play_is_end_quarter,play_is_change_of_possession,play_home_score,play_visitor_score,play_start_game_clock,play_end_game_clock,play_direction,play_state,play_pre_snap_home_score,play_pre_snap_visitor_score,play_is_big_play,play_actual_yards_to_go,play_actual_yardline_for_first_down,play_health_player_tracking_is_ok,play_health_ball_tracking_is_ok
2022,PRE,1,2022081151,1780,3410,NYG,59111,1780.0,(6:27) (Shotgun) T.Taylor pass deep middle to R.James to NYG 45 for 26 yards (J.Elliott).,2,play_type_pass,2,3,12,3410,06:27,NYG 19,19,NYG,29,2022-08-12T00:16:30.000Z,false,false,false,false,false,false,7,3,6:27,6:21,right,APPROVED,7,3,true,12.32,40.89,true,false
2022,REG,1,2022090800,236,0610,BUF,58838,236.0,"(10:03) J.Allen pass short right to G.Davis for 26 yards, TOUCHDOWN.",2,play_type_pass,1,3,1,0610,10:03,LA 26,26,LA,36,2022-09-09T00:28:59.000Z,false,false,true,false,false,false,0,6,10:03,9:58,left,APPROVED,0,0,true,0.58,35.11,true,true
2022,REG,1,2022090800,364,2510,LA,58838,364.0,(8:25) (Shotgun) M.Stafford pass deep right to C.Kupp ran ob at LA 42 for 23 yards (J.Poyer).,2,play_type_pass,1,3,8,2510,08:25,LA 19,19,LA,29,2022-09-09T00:35:12.000Z,false,false,false,false,false,false,0,7,8:26,8:20,right,APPROVED,0,7,true,8.96,36.59,true,false
2022,REG,1,2022090800,721,2510,LA,58838,721.0,"(:45) (No Huddle, Shotgun) J.Allen pass short right intended for I.McKenzie INTERCEPTED by T.Lewis at LA 24. T.Lewis to LA 24 for no gain (I.McKenzie).",2,play_type_pass,1,2,7,0610,00:45,LA 29,29,LA,39,2022-09-09T00:46:38.000Z,false,false,false,false,false,true,0,7,:46,:43,left,APPROVED,0,7,true,7.05,32.47,true,true
2022,REG,1,2022090800,954,0610,BUF,58838,954.0,"(12:57) (No Huddle, Shotgun) M.Stafford pass short right intended for T.Higbee INTERCEPTED by D.Jackson [A.Epenesa] at BUF 30. D.Jackson to BUF 32 for 2 yards (T.Higbee).",2,play_type_pass,2,2,10,2510,12:57,BUF 36,36,BUF,46,2022-09-09T00:57:21.000Z,false,false,false,false,false,true,0,7,13:00,12:56,left,APPROVED,0,7,true,10.51,36.22,true,true
2022,REG,1,2022090800,1315,0610,BUF,58838,1315.0,"(6:12) (No Huddle, Shotgun) M.Stafford sacked at BUF 40 for -10 yards (J.Phillips).",2,play_type_sack,2,2,4,2510,06:12,BUF 30,30,BUF,40,2022-09-09T01:12:43.000Z,false,false,false,false,false,false,0,10,6:13,6:09,left,APPROVED,0,10,false,4.49,36.26,true,true
2022,REG,1,2022090800,1427,2510,LA,58838,1427.0,"(3:05) (Shotgun) M.Stafford pass short right to C.Kupp for 4 yards, TOUCHDOWN.",2,play_type_pass,2,2,4,2510,03:05,BUF 4,4,BUF,14,2022-09-09T01:18:56.000Z,false,false,true,true,false,false,6,10,3:05,3:01,left,APPROVED,0,10,true,5.42,10.0,true,true
2022,REG,1,2022090800,1609,2510,LA,58838,1609.0,(2:00) (Shotgun) J.Allen pass short middle intended for J.Crowder INTERCEPTED by T.Hill at 50. T.Hill to BUF 45 for 5 yards (J.Crowder).,2,play_type_pass,2,1,10,0610,02:00,BUF 38,38,BUF,48,2022-09-09T01:29:01.000Z,false,false,false,false,false,true,7,10,2:00,1:54,right,APPROVED,7,10,true,10.0,58.1,true,true
2022,REG,1,2022090800,1991,0610,BUF,58838,1991.0,"(13:46) (Shotgun) M.Stafford FUMBLES (Aborted) at LA 12, and recovers at LA 10. M.Stafford sacked at LA 10 for -7 yards (G.Rousseau).",2,play_type_sack,3,3,4,2510,13:46,LA 17,17,LA,27,2022-09-09T01:53:39.000Z,false,false,false,false,false,false,10,10,13:46,13:42,right,APPROVED,10,10,false,4.68,30.64,true,true
2022,REG,1,2022090800,2232,0610,BUF,58838,2232.0,"(8:02) (Shotgun) J.Allen pass short right to I.McKenzie for 7 yards, TOUCHDOWN.",2,play_type_pass,3,1,7,0610,08:02,LA 7,7,LA,17,2022-09-09T02:02:47.000Z,false,false,true,true,false,false,10,16,8:04,8:01,left,APPROVED,10,10,true,8.21,10.0,true,true
2022,REG,1,2022090800,2381,0610,BUF,58838,2381.0,"(5:53) (No Huddle, Shotgun) M.Stafford sacked at 50 for -9 yards (V.Miller).",2,play_type_sack,3,2,9,2510,05:53,BUF 41,41,BUF,69,2022-09-09T02:09:37.000Z,false,false,false,false,false,false,10,17,5:55,5:51,right,APPROVED,10,17,false,9.92,78.01,true,true
2022,REG,1,2022090800,2688,0610,BUF,58838,2688.0,(15:00) (Shotgun) J.Allen pass deep middle to G.Davis to LA 6 for 47 yards (D.Long).,2,play_type_pass,4,3,7,0610,15:00,BUF 47,47,BUF,57,2022-09-09T02:27:00.000Z,false,false,false,false,false,false,10,17,15:00,14:53,right,APPROVED,10,17,true,7.87,64.21,true,true
2022,REG,1,2022090800,2755,0610,BUF,58838,2755.0,"(13:34) (Shotgun) J.Allen scrambles right end for 4 yards, TOUCHDOWN.",2,play_type_rush,4,3,4,0610,13:34,LA 4,4,LA,106,2022-09-09T02:29:01.000Z,false,false,true,true,false,false,10,23,13:34,13:29,right,APPROVED,10,17,true,4.58,110.0,true,true
2022,REG,1,2022090800,2908,0610,BUF,58838,2908.0,"(11:10) (No Huddle, Shotgun) M.Stafford pass deep middle intended for C.Kupp INTERCEPTED by J.Poyer [A.Epenesa] at BUF 35. J.Poyer to BUF 41 for 6 yards (C.Kupp).",2,play_type_pass,4,1,10,2510,11:10,LA 43,43,LA,67,2022-09-09T02:36:02.000Z,false,false,false,false,false,true,10,24,11:11,11:02,left,APPROVED,10,24,true,10.0,57.36,true,true
2022,REG,1,2022090800,2979,0610,BUF,58838,2979.0,"(9:33) (Shotgun) J.Allen pass deep right to S.Diggs for 53 yards, TOUCHDOWN.",2,play_type_pass,4,3,4,0610,09:33,BUF 47,47,BUF,57,2022-09-09T02:40:50.000Z,false,false,true,false,false,false,10,30,9:34,9:27,right,APPROVED,10,24,true,4.55,60.62,true,true
2022,REG,1,2022090800,3576,2510,LA,58838,3576.0,(2:16) (Shotgun) M.Stafford pass short left to C.Kupp to BUF 12 for 28 yards (M.Hyde).,2,play_type_pass,4,3,6,2510,02:16,BUF 40,40,BUF,50,2022-09-09T03:03:08.000Z,false,false,false,false,false,false,10,31,2:16,2:09,left,APPROVED,10,31,true,6.31,44.36,false,true
2022,REG,1,2022091100,546,3300,NO,58839,546.0,(6:33) (Shotgun) T.Hill right end pushed ob at ATL 11 for 57 yards (C.Hayward).,2,play_type_rush,1,3,1,3300,06:33,NO 32,32,NO,78,2022-09-11T17:29:01.000Z,false,false,false,false,false,false,3,0,,6:24,left,APPROVED,3,0,true,1.36,77.18,true,true
2022,REG,1,2022091100,594,3300,NO,58839,594.0,"(5:51) (Shotgun) T.Hill right end for 11 yards, TOUCHDOWN.",2,play_type_rush,1,2,10,3300,05:51,ATL 11,11,ATL,21,2022-09-11T17:30:28.000Z,false,false,true,false,false,false,3,6,5:51,5:47,left,APPROVED,3,0,true,10.18,11.78,true,true
2022,REG,1,2022091100,679,3300,NO,58839,679.0,"(5:44) M.Mariota pass deep right to O.Zaccheaus to ATL 47 for 22 yards (P.Werner). FUMBLES (P.Werner), touched at ATL 47, RECOVERED by NO-B.Roby at ATL 45. B.Roby to ATL 43 for 2 yards (P.Hesse).",2,play_type_pass,1,1,10,0200,05:44,ATL 25,25,ATL,35,2022-09-11T17:35:32.000Z,false,false,false,false,false,true,3,7,5:44,5:37,right,APPROVED,3,7,true,10.0,45.22,true,true
2022,REG,1,2022091100,1088,0200,ATL,58839,1088.0,"(12:17) C.Patterson up the middle for 5 yards, TOUCHDOWN.",2,play_type_rush,2,1,5,0200,12:17,NO 5,5,NO,15,2022-09-11T17:52:10.000Z,false,false,true,true,false,false,9,7,12:19,12:14,left,APPROVED,3,7,true,5.109999999999999,10.0,true,true
2022,REG,1,2022091100,2226,0200,ATL,58839,2226.0,(10:43) (Shotgun) J.Winston sacked at ATL 41 for -9 yards (M.Walker).,2,play_type_sack,3,2,10,3300,10:43,ATL 32,32,ATL,42,2022-09-11T18:48:41.000Z,false,false,false,false,false,false,16,7,10:43,10:41,left,APPROVED,16,7,false,10.37,32.27,true,true
2022,REG,1,2022091100,3177,3300,NO,58839,3177.0,"(11:43) (No Huddle, Shotgun) J.Winston pass deep left to J.Landry to ATL 3 for 31 yards (R.Grant).",2,play_type_pass,4,1,10,3300,11:43,ATL 34,34,ATL,76,2022-09-11T19:29:58.000Z,false,false,false,false,false,false,26,10,11:45,11:39,right,APPROVED,26,10,true,10.0,85.62,true,true
2022,REG,1,2022091100,3201,3300,NO,58839,3201.0,"(11:16) (No Huddle, Shotgun) J.Winston pass short left to M.Thomas for 3 yards, TOUCHDOWN.",2,play_type_pass,4,1,3,3300,11:16,ATL 3,3,ATL,107,2022-09-11T19:30:26.000Z,false,false,true,true,false,false,26,16,11:17,11:14,right,APPROVED,26,10,true,4.060000000000002,110.0,true,true
2022,REG,1,2022091100,3526,3300,NO,58839,3526.0,(6:07) (Shotgun) J.Winston pass deep left to M.Thomas to ATL 38 for 21 yards (A.Terrell).,2,play_type_pass,4,3,3,3300,06:07,NO 41,41,NO,51,2022-09-11T19:43:00.000Z,false,false,false,false,false,false,26,18,6:07,6:03,right,APPROVED,26,18,true,3.34,53.73,true,true
2022,REG,1,2022091100,3671,3300,NO,58839,3671.0,"(3:42) (No Huddle, Shotgun) J.Winston pass short left to M.Thomas for 9 yards, TOUCHDOWN.",2,play_type_pass,4,1,9,3300,03:42,ATL 9,9,ATL,101,2022-09-11T19:46:31.000Z,false,false,true,true,false,false,26,24,3:44,3:41,right,APPROVED,26,18,true,9.129999999999995,110.0,true,true
2022,REG,1,2022091101,1166,1050,CLE,58840,1166.0,"(12:33) (No Huddle, Shotgun) B.Mayfield pass deep middle intended for S.Smith INTERCEPTED by G.Delpit at CAR 38. G.Delpit to CAR 42 for -4 yards (S.Smith).",2,play_type_pass,2,3,10,0750,12:33,CAR 20,20,CAR,90,2022-09-11T17:52:40.000Z,false,false,false,false,false,true,0,0,12:33,12:28,left,APPROVED,0,0,true,10.65,80.27,true,true
2022,REG,1,2022091101,1276,1050,CLE,58840,1276.0,"(10:53) J.Brissett pass short right to K.Hunt for 1 yard, TOUCHDOWN.",2,play_type_pass,2,1,1,1050,10:53,CAR 1,1,CAR,109,2022-09-11T17:58:44.000Z,false,false,true,true,false,false,0,6,10:53,10:52,right,APPROVED,0,0,true,1.1800000000000068,110.0,true,true
2022,REG,1,2022091101,1564,1050,CLE,58840,1564.0,(6:10) (Shotgun) N.Chubb left tackle pushed ob at CAR 29 for 25 yards (J.Chinn).,2,play_type_rush,2,3,2,1050,06:10,CLE 46,46,CLE,56,2022-09-11T18:12:27.000Z,false,false,false,false,false,false,0,7,6:10,6:05,right,APPROVED,0,7,true,2.51,57.79,false,true
2022,REG,1,2022091101,1616,1050,CLE,58840,1616.0,"(4:52) K.Hunt up the middle for 24 yards, TOUCHDOWN.",2,play_type_rush,2,2,5,1050,04:52,CAR 24,24,CAR,86,2022-09-11T18:13:58.000Z,false,false,true,false,false,false,0,13,4:54,4:47,right,APPROVED,0,7,true,5.26,90.99,true,false
2022,REG,1,2022091101,1744,0750,CAR,58840,1744.0,"(3:33) (No Huddle, Shotgun) B.Mayfield pass deep left to I.Thomas to CLV 2 for 50 yards (J.Johnson).",2,play_type_pass,2,1,10,0750,03:33,CAR 48,48,CAR,62,2022-09-11T18:20:21.000Z,false,false,false,false,false,false,0,14,3:34,3:26,left,APPROVED,0,14,true,10.0,52.43,true,true
2022,REG,1,2022091101,3168,0750,CAR,58840,3168.0,"(12:58) (Shotgun) B.Mayfield scrambles up the middle for 7 yards, TOUCHDOWN.",2,play_type_rush,4,3,5,0750,12:58,CLE 7,7,CLE,103,2022-09-11T19:30:25.000Z,false,false,true,false,false,false,13,20,12:58,12:53,right,APPROVED,7,20,true,5.61,108.17,true,true
2022,REG,1,2022091101,3454,0750,CAR,58840,3454.0,"(6:13) B.Mayfield pass deep middle to R.Anderson for 75 yards, TOUCHDOWN.",2,play_type_pass,4,1,10,0750,06:13,CAR 25,25,CAR,35,2022-09-11T19:46:15.000Z,false,false,true,false,false,false,20,23,6:13,6:05,right,APPROVED,14,23,true,10.0,44.47,true,true
2022,REG,1,2022091102,107,4500,SF,58841,107.0,(14:14) (Shotgun) J.Fields sacked at CHI 16 for -10 yards (S.Ebukam).,2,play_type_sack,1,3,7,0810,14:14,CHI 26,26,CHI,84,2022-09-11T17:06:22.000Z,false,false,false,false,false,false,0,0,14:15,14:10,left,APPROVED,0,0,false,8.16,77.14,true,true
2022,REG,1,2022091102,488,4500,SF,58841,488.0,(7:38) (Shotgun) J.Fields pass short middle intended for D.Mooney INTERCEPTED by T.Hufanga at CHI 49. T.Hufanga to CHI 48 for 1 yard (D.Pettis).,2,play_type_pass,1,3,7,0810,07:38,CHI 35,35,CHI,75,2022-09-11T17:22:10.000Z,false,false,false,false,false,true,0,0,7:38,7:28,left,APPROVED,0,0,true,7.98,68.31,true,true
2022,REG,1,2022091102,821,4500,SF,58841,821.0,(2:51) (Shotgun) J.Fields sacked at CHI 26 for -6 yards (N.Bosa).,2,play_type_sack,1,3,8,0810,02:51,CHI 32,32,CHI,78,2022-09-11T17:39:23.000Z,false,false,false,false,false,false,0,0,2:52,2:47,left,APPROVED,0,0,false,8.36,70.28,true,true
2022,REG,1,2022091102,1286,4500,SF,58841,1286.0,"(10:17) (Shotgun) D.Samuel right end for 6 yards, TOUCHDOWN.",2,play_type_rush,2,2,6,4500,10:17,CHI 6,6,CHI,16,2022-09-11T17:55:57.000Z,false,false,true,true,false,false,0,6,10:17,10:12,left,APPROVED,0,0,true,6.47,10.0,true,true
2022,REG,1,2022091102,2302,4500,SF,58841,2302.0,(13:28) (Shotgun) T.Lance pass deep left to J.Jennings pushed ob at CHI 16 for 44 yards (K.Gordon).,2,play_type_pass,3,3,6,4500,13:28,SF 40,40,SF,70,2022-09-11T18:46:38.000Z,false,false,false,false,false,false,0,7,13:28,13:21,left,APPROVED,0,7,true,6.43,64.48,true,true
2022,REG,1,2022091102,2639,0810,CHI,58841,2639.0,"(5:45) (Shotgun) J.Fields pass deep right to D.Pettis for 51 yards, TOUCHDOWN.",2,play_type_pass,3,3,10,0810,05:45,CHI 49,49,CHI,59,2022-09-11T18:59:16.000Z,false,false,true,false,false,false,6,10,5:47,5:33,right,APPROVED,0,10,true,10.45,69.14,true,true
2022,REG,1,2022091102,3148,0810,CHI,58841,3148.0,"(12:50) J.Fields pass deep middle to E.St. Brown for 18 yards, TOUCHDOWN.",2,play_type_pass,4,3,2,0810,12:50,SF 18,18,SF,28,2022-09-11T19:21:47.000Z,false,false,true,false,false,false,13,10,12:52,12:46,left,APPROVED,7,10,true,2.45,26.17,true,true
2022,REG,1,2022091102,3402,0810,CHI,58841,3402.0,(9:52) (Shotgun) T.Lance pass short middle intended for J.Jennings INTERCEPTED by E.Jackson at SF 47. E.Jackson to SF 21 for 26 yards (T.Lance).,2,play_type_pass,4,3,5,4500,09:52,SF 41,41,SF,51,2022-09-11T19:34:43.000Z,false,false,false,false,false,true,13,10,9:53,9:44,right,APPROVED,13,10,true,5.34,55.53,true,true
2022,REG,1,2022091102,3523,0810,CHI,58841,3523.0,"(7:24) (Shotgun) K.Herbert right guard for 3 yards, TOUCHDOWN.",2,play_type_rush,4,2,3,0810,07:24,SF 3,3,SF,13,2022-09-11T19:38:45.000Z,false,false,true,true,false,false,19,10,7:25,7:22,left,APPROVED,13,10,true,3.46,10.0,true,true
2022,REG,1,2022091103,195,3900,PIT,58842,195.0,"(12:52) (Shotgun) J.Burrow pass short right intended for T.Boyd INTERCEPTED by M.Fitzpatrick at CIN 31. M.Fitzpatrick for 31 yards, TOUCHDOWN.",2,play_type_pass,1,2,15,0920,12:52,CIN 17,17,CIN,93,2022-09-11T17:10:24.000Z,false,false,true,false,false,true,0,6,12:52,12:44,left,APPROVED,0,0,true,15.36,78.15,true,false
2022,REG,1,2022091103,446,3900,PIT,58842,446.0,(8:12) (Shotgun) J.Burrow sacked at PIT 41 for -7 yards (A.Highsmith).,2,play_type_sack,1,3,10,0920,08:12,PIT 34,34,PIT,44,2022-09-11T17:20:11.000Z,false,false,false,false,false,false,0,7,8:12,8:08,left,APPROVED,0,7,false,10.4,33.87,true,true
2022,REG,1,2022091103,690,3900,PIT,58842,690.0,"(4:26) (Shotgun) J.Burrow sacked at CIN 34 for -9 yards (A.Highsmith). FUMBLES (A.Highsmith) [A.Highsmith], RECOVERED by PIT-C.Heyward at CIN 34. C.Heyward to CIN 34 for no gain (T.Karras).",2,play_type_sack,1,1,10,0920,04:26,CIN 43,43,CIN,67,2022-09-11T17:32:59.000Z,false,false,false,false,false,true,3,7,4:26,4:23,left,APPROVED,3,7,false,10.0,56.97,true,true
2022,REG,1,2022091103,719,3900,PIT,58842,719.0,(4:22) (Shotgun) M.Trubisky pass deep right to P.Freiermuth to CIN 3 for 31 yards (L.Wilson) [M.Hilton].,2,play_type_pass,1,1,10,3900,04:22,CIN 34,34,CIN,76,2022-09-11T17:34:01.000Z,false,false,false,false,false,false,3,7,4:22,4:15,right,APPROVED,3,7,true,10.0,85.84,true,true
2022,REG,1,2022091103,1058,3900,PIT,58842,1058.0,(13:11) (Shotgun) J.Burrow pass short right intended for H.Hurst INTERCEPTED by T.Watt at PIT 41. T.Watt to PIT 41 for no gain.,2,play_type_pass,2,2,14,0920,13:11,PIT 39,39,PIT,71,2022-09-11T17:47:30.000Z,false,false,false,false,false,true,3,10,13:12,13:08,right,APPROVED,3,10,true,14.13,84.71,true,true
2022,REG,1,2022091103,1249,3900,PIT,58842,1249.0,"(8:50) T.Scott reported in as eligible.  M.Trubisky pass short left to N.Harris for 1 yard, TOUCHDOWN.",2,play_type_pass,2,2,1,3900,08:50,CIN 1,1,CIN,11,2022-09-11T17:55:50.000Z,false,false,true,true,false,false,3,16,8:51,8:47,left,APPROVED,3,10,true,1.6,10.0,true,true
2022,REG,1,2022091103,1672,0920,CIN,58842,1672.0,(1:16) H.Adeniji reported in as eligible.  J.Mixon right guard pushed ob at PIT 4 for 31 yards (M.Fitzpatrick).,2,play_type_rush,2,4,1,0920,01:16,PIT 35,35,PIT,75,2022-09-11T18:16:49.000Z,false,false,false,false,false,false,3,17,1:17,1:11,right,APPROVED,3,17,true,0.8,75.41,true,true
2022,REG,1,2022091103,2291,0920,CIN,58842,2291.0,(6:53) (Shotgun) J.Burrow pass short middle to J.Chase to PIT 4 for 24 yards (L.Wallace).,2,play_type_pass,3,2,14,0920,06:53,PIT 28,28,PIT,38,2022-09-11T18:55:10.000Z,false,false,false,false,false,false,6,17,6:59,6:50,left,APPROVED,6,17,true,14.31,23.78,true,true
2022,REG,1,2022091103,2357,0920,CIN,58842,2357.0,"(4:44) (Shotgun) J.Burrow pass short right to T.Boyd for 2 yards, TOUCHDOWN.",2,play_type_pass,3,3,2,0920,04:44,PIT 2,2,PIT,12,2022-09-11T18:57:19.000Z,false,false,true,true,false,false,12,17,4:45,,left,APPROVED,6,17,true,2.28,10.0,true,true
2022,REG,1,2022091103,3079,3900,PIT,58842,3079.0,(8:23) (Shotgun) J.Burrow pass short middle intended for T.Boyd INTERCEPTED by A.Witherspoon at PIT 23. A.Witherspoon to PIT 23 for no gain (S.Perine).,2,play_type_pass,4,4,6,0920,08:23,PIT 36,36,PIT,74,2022-09-11T19:32:26.000Z,false,false,false,false,false,true,14,20,8:23,8:18,right,APPROVED,14,20,true,6.39,79.91,true,true
2022,REG,1,2022091103,4047,0920,CIN,58842,4047.0,"(:04) (Shotgun) J.Burrow pass short right to J.Chase for 6 yards, TOUCHDOWN.",2,play_type_pass,4,2,6,0920,00:04,PIT 6,6,PIT,104,2022-09-11T20:03:59.000Z,false,false,true,true,false,false,20,20,:04,:02,right,APPROVED,14,20,true,6.55,110.0,true,true
2022,REG,1,2022091104,86,1540,DET,58843,86.0,(14:27) D.Swift left tackle to PHI 26 for 50 yards (D.Slay).,2,play_type_rush,1,2,11,1540,14:27,DET 24,24,DET,86,2022-09-11T17:05:34.000Z,false,false,false,false,false,false,0,0,14:29,14:19,left,APPROVED,0,0,true,11.04,75.63,true,true
2022,REG,1,2022091104,1528,3700,PHI,58843,1528.0,(8:19) (Shotgun) J.Hurts pass short left to D.Goedert pushed ob at DET 6 for 27 yards (D.Elliott).,2,play_type_pass,2,3,2,3700,08:19,DET 33,33,DET,43,2022-09-11T18:07:29.000Z,false,false,false,false,false,false,7,7,8:19,8:14,left,APPROVED,7,7,true,2.32,41.37,true,true
2022,REG,1,2022091104,1768,3700,PHI,58843,1768.0,"(6:36) (Shotgun) J.Goff pass short left intended for T.Hockenson INTERCEPTED by J.Bradberry (K.White) [M.Tuipulotu] at DET 27. J.Bradberry for 27 yards, TOUCHDOWN.",2,play_type_pass,2,2,16,1540,06:36,DET 19,19,DET,29,2022-09-11T18:17:28.000Z,false,false,true,false,false,true,7,20,6:37,6:28,right,APPROVED,7,14,true,16.33,44.49,true,true
2022,REG,1,2022091104,1871,1540,DET,58843,1871.0,"(5:20) (No Huddle, Shotgun) J.Goff pass deep left to J.Reynolds to PHI 42 for 28 yards (M.Epps).",2,play_type_pass,2,3,5,1540,05:20,DET 30,30,DET,40,2022-09-11T18:21:31.000Z,false,false,false,false,false,false,7,21,5:20,5:15,right,APPROVED,7,21,true,5.24,44.55,true,true
2022,REG,1,2022091104,2047,1540,DET,58843,2047.0,"(2:00) M.Nelson reported in as eligible.  D.Swift left end for 7 yards, TOUCHDOWN.",2,play_type_rush,2,4,1,1540,02:00,PHI 7,7,PHI,103,2022-09-11T18:28:25.000Z,false,false,true,false,false,false,13,21,2:00,1:57,right,APPROVED,7,21,true,0.77,104.0,true,true
2022,REG,1,2022091104,2228,3700,PHI,58843,2228.0,(:46) (Shotgun) J.Hurts pass deep right to A.Brown to DET 4 for 54 yards (W.Harris).,2,play_type_pass,2,3,4,3700,00:46,PHI 42,42,PHI,68,2022-09-11T18:34:41.000Z,false,false,false,false,false,false,14,21,:46,:39,left,APPROVED,14,21,true,3.99,64.64,true,true
2022,REG,1,2022091104,3059,1540,DET,58843,3059.0,"(4:14) (Shotgun) J.Goff pass short left to A.St. Brown for 4 yards, TOUCHDOWN.",2,play_type_pass,3,3,4,1540,04:14,PHI 4,4,PHI,106,2022-09-11T19:19:33.000Z,false,false,true,true,false,false,20,31,4:14,4:11,right,APPROVED,14,31,true,5.15,110.0,true,true
2022,REG,1,2022091104,3307,1540,DET,58843,3307.0,(1:09) J.Goff pass deep right to A.St. Brown pushed ob at PHI 42 for 29 yards (D.Slay).,2,play_type_pass,3,2,6,1540,01:09,DET 29,29,DET,39,2022-09-11T19:32:36.000Z,false,false,false,false,false,false,21,38,1:10,1:03,right,APPROVED,21,38,true,6.45,44.64,true,true
2022,REG,1,2022091104,3434,1540,DET,58843,3434.0,(15:00) J.Goff pass short left to D.Swift pushed ob at PHI 1 for 25 yards (T.Edwards; J.Bradberry).,2,play_type_pass,4,1,10,1540,15:00,PHI 26,26,PHI,36,2022-09-11T19:39:16.000Z,false,false,false,false,false,false,21,38,15:00,14:52,left,APPROVED,21,38,true,10.0,26.43,true,true
2022,REG,1,2022091104,3776,3700,PHI,58843,3776.0,"(11:30) (Shotgun) J.Goff FUMBLES (Aborted) at DET 39, and recovers at DET 39. J.Goff sacked at DET 35 for -10 yards (sack split by F.Cox and B.Graham).",2,play_type_sack,4,3,3,1540,11:30,DET 45,45,DET,65,2022-09-11T19:52:23.000Z,false,false,false,false,false,false,28,38,11:30,11:28,left,APPROVED,28,38,false,3.96,62.5,true,true
2022,REG,1,2022091104,4221,1540,DET,58843,4221.0,"(3:56) (Shotgun) J.Goff pass deep right to D.Chark for 22 yards, TOUCHDOWN.",2,play_type_pass,4,3,2,1540,03:56,PHI 22,22,PHI,32,2022-09-11T20:07:14.000Z,false,false,true,false,false,false,34,38,3:56,3:52,left,APPROVED,28,38,true,2.42,30.23,true,true
2022,REG,1,2022091105,1283,2120,HOU,58844,1283.0,(4:34) M.Ryan pass short right intended for J.Taylor INTERCEPTED by J.Hughes at HST 28. J.Hughes to HST 42 for 14 yards (M.Ryan).,2,play_type_pass,2,2,7,2200,04:34,HOU 22,22,HOU,88,2022-09-11T17:55:06.000Z,false,false,false,false,false,true,3,3,4:36,4:29,right,APPROVED,3,3,true,7.84,94.35,true,true
2022,REG,1,2022091105,1405,2120,HOU,58844,1405.0,"(2:42) (Shotgun) D.Mills pass short right to O.Howard for 16 yards, TOUCHDOWN.",2,play_type_pass,2,1,10,2120,02:42,IND 16,16,IND,26,2022-09-11T18:01:11.000Z,false,false,true,false,false,false,9,3,2:42,2:39,left,APPROVED,3,3,true,10.0,16.19,true,true
2022,REG,1,2022091105,1968,2120,HOU,58844,1968.0,(15:00) D.Mills pass deep middle to B.Cooks to IND 33 for 42 yards (J.Blackmon). Flea Flicker,2,play_type_pass,3,1,10,2120,15:00,HOU 25,25,HOU,35,2022-09-11T18:35:51.000Z,false,false,false,false,false,false,10,3,15:00,14:54,right,APPROVED,10,3,true,10.0,44.35,true,true
2022,REG,1,2022091105,2425,2120,HOU,58844,2425.0,"(7:21) D.Mills pass deep left to O.Howard for 22 yards, TOUCHDOWN.",2,play_type_pass,3,2,5,2120,07:21,IND 22,22,IND,88,2022-09-11T18:57:21.000Z,false,false,true,false,false,false,19,3,7:22,7:18,right,APPROVED,13,3,true,5.53,92.41,true,true
2022,REG,1,2022091105,3316,2200,IND,58844,3316.0,"(10:02) D.Mills sacked at HST 21 for -8 yards (E.Speed). FUMBLES (E.Speed) [E.Speed], touched at HST 22, RECOVERED by IND-D.Buckner at HST 20.",2,play_type_sack,4,2,6,2120,10:02,HOU 29,29,HOU,81,2022-09-11T19:33:56.000Z,false,false,false,false,false,true,20,6,10:03,9:58,left,APPROVED,20,6,false,6.84,74.91,true,true
2022,REG,1,2022091105,3750,2200,IND,58844,3750.0,"(2:00) (Shotgun) M.Ryan pass short right to M.Pittman for 15 yards, TOUCHDOWN.",2,play_type_pass,4,1,10,2200,02:00,HOU 15,15,HOU,95,2022-09-11T19:53:06.000Z,false,false,true,false,false,false,20,19,2:00,1:56,right,APPROVED,20,13,true,10.0,104.14,true,true
2022,REG,1,2022091105,3878,2200,IND,58844,3878.0,"(1:27) C.Johnston punts 44 yards to IND 12, Center-J.Weeks. N.Hines MUFFS catch, recovered by IND-I.Rodgers at IND 10. I.Rodgers to IND 9 for -1 yards (N.Hewitt).",2,play_type_punt,4,4,6,2120,01:27,HOU 44,44,HOU,66,2022-09-11T19:57:51.000Z,true,false,false,false,false,true,20,20,1:27,1:18,left,APPROVED,20,20,false,6.16,60.08,true,true
2022,REG,1,2022091106,236,2700,MIA,58845,236.0,(10:05) (Shotgun) M.Jones pass deep right intended for D.Parker INTERCEPTED by J.Holland (X.Howard) at MIA -3. J.Holland to MIA 28 for 31 yards (I.Wynn).,2,play_type_pass,1,1,10,3200,10:05,MIA 22,22,MIA,88,2022-09-11T17:09:38.000Z,false,false,false,false,false,true,0,0,:00,:00,right,APPROVED,0,0,true,10.0,97.69,true,true
2022,REG,1,2022091106,1125,2700,MIA,58845,1125.0,"(7:40) (Shotgun) M.Jones sacked at NE 6 for -9 yards (Br.Jones). FUMBLES (Br.Jones) [Br.Jones], RECOVERED by MIA-M.Ingram at NE 2. M.Ingram for 2 yards, TOUCHDOWN.",2,play_type_sack,2,2,10,3200,07:40,NE 15,15,NE,95,2022-09-11T17:48:36.000Z,false,false,true,false,false,true,9,0,:00,:00,left,APPROVED,3,0,false,10.17,85.12,true,true
2022,REG,1,2022091106,1239,3200,NE,58845,1239.0,(6:47) (Shotgun) M.Jones pass deep right to J.Meyers pushed ob at MIA 44 for 27 yards (N.Needham).,2,play_type_pass,2,3,7,3200,06:47,NE 29,29,NE,81,2022-09-11T17:59:51.829Z,false,false,false,false,false,false,10,0,:00,:00,left,APPROVED,10,0,true,7.81,73.88,true,true
2022,REG,1,2022091106,1653,2700,MIA,58845,1653.0,"(:24) (Shotgun) T.Tagovailoa pass short middle to J.Waddle for 42 yards, TOUCHDOWN.",2,play_type_pass,2,4,7,2700,00:24,NE 42,42,NE,68,2022-09-11T18:16:57.000Z,false,false,true,false,false,false,16,0,:00,:00,right,APPROVED,10,0,true,7.3,74.4,true,true
2022,REG,1,2022091106,2261,3200,NE,58845,2261.0,"(4:50) (Shotgun) M.Jones pass short right to T.Montgomery for 6 yards, TOUCHDOWN.",2,play_type_pass,3,3,6,3200,04:50,MIA 6,6,MIA,104,2022-09-11T18:52:07.000Z,false,false,true,true,false,false,17,6,:00,:00,right,APPROVED,17,0,true,6.57,110.0,true,true
2022,REG,1,2022091106,3050,3200,NE,58845,3050.0,(6:55) (Shotgun) T.Tagovailoa sacked at NE 41 for -12 yards (J.Bentley).,2,play_type_sack,4,3,3,2700,06:55,NE 29,29,NE,81,2022-09-11T19:30:17.000Z,false,false,false,false,false,false,20,7,:00,:00,right,APPROVED,20,7,false,3.69,83.78,true,true
2022,REG,1,2022091106,3162,3200,NE,58845,3162.0,"(5:28) (No Huddle, Shotgun) M.Jones pass deep left to K.Bourne pushed ob at MIA 43 for 41 yards (J.Holland).",2,play_type_pass,4,1,10,3200,05:28,NE 16,16,NE,94,2022-09-11T19:37:03.000Z,false,false,false,false,false,false,20,7,:00,:00,left,APPROVED,20,7,true,10.0,83.95,true,true
2022,REG,1,2022091107,697,0325,BAL,58846,697.0,(5:07) (Shotgun) J.Flacco pass short middle intended for L.Cager INTERCEPTED by M.Williams at NYJ 46. M.Williams to NYJ 13 for 33 yards (J.Flacco).,2,play_type_pass,1,1,19,3430,05:07,NYJ 32,32,NYJ,78,2022-09-11T17:33:53.000Z,false,false,false,false,false,true,0,0,5:07,4:57,left,APPROVED,0,0,true,19.0,59.16,true,true
2022,REG,1,2022091107,1642,0325,BAL,58846,1642.0,"(3:51) (Shotgun) L.Jackson pass deep right to D.Duvernay for 25 yards, TOUCHDOWN.",2,play_type_pass,2,3,5,0325,03:51,NYJ 25,25,NYJ,35,2022-09-11T18:17:21.000Z,false,false,true,false,false,false,0,9,3:53,3:46,left,APPROVED,0,3,true,5.5,30.18,true,true
2022,REG,1,2022091107,2406,0325,BAL,58846,2406.0,"(7:20) (Shotgun) L.Jackson pass deep middle to D.Duvernay for 17 yards, TOUCHDOWN.",2,play_type_pass,3,3,10,0325,07:20,NYJ 17,17,NYJ,93,2022-09-11T19:04:50.000Z,false,false,true,false,false,false,3,16,7:20,7:15,right,APPROVED,3,10,true,10.4,102.97,true,true
2022,REG,1,2022091107,2712,0325,BAL,58846,2712.0,"(2:14) (Shotgun) L.Jackson pass deep middle to R.Bateman for 55 yards, TOUCHDOWN.",2,play_type_pass,3,1,10,0325,02:14,BAL 45,45,BAL,55,2022-09-11T19:17:43.000Z,false,false,true,false,false,false,3,23,2:15,2:07,right,APPROVED,3,17,true,10.0,64.9,true,true
2022,REG,1,2022091107,3763,3430,NYJ,58846,3763.0,(2:49) (Shotgun) L.Jackson pass deep left intended for D.Robinson INTERCEPTED by D.Reed at BLT 43. D.Reed to BLT 43 for no gain (D.Robinson).,2,play_type_pass,4,3,6,0325,02:49,BAL 11,11,BAL,99,2022-09-11T19:52:42.000Z,false,false,false,false,false,true,3,24,2:49,2:43,left,APPROVED,3,24,true,6.75,92.99,true,true
2022,REG,1,2022091107,4115,3430,NYJ,58846,4115.0,"(1:03) (Shotgun) J.Flacco pass short right to T.Conklin for 3 yards, TOUCHDOWN.",2,play_type_pass,4,3,3,3430,01:03,BAL 3,3,BAL,107,2022-09-11T20:04:55.000Z,false,false,true,true,false,false,9,24,1:04,1:02,right,APPROVED,3,24,true,3.51,110.0,true,true
2022,REG,1,2022091108,125,2100,TEN,58851,125.0,"(13:03) J.Gillan punts 60 yards to TEN 9, Center-C.Kreiter. K.Philips to NYG 45 for 46 yards (G.Brightwell; Q.Roche).",2,play_type_punt,1,4,1,3410,13:03,NYG 31,31,NYG,41,2022-09-11T20:30:42.000Z,true,false,false,false,false,true,0,0,13:04,12:49,right,APPROVED,0,0,true,0.59,41.85,true,false
2022,REG,1,2022091108,240,2100,TEN,58851,240.0,"(9:52) (Shotgun) R.Tannehill pass short left to D.Hilliard for 7 yards, TOUCHDOWN.",2,play_type_pass,1,1,7,2100,09:52,NYG 7,7,NYG,17,2022-09-11T20:34:38.000Z,false,false,true,true,false,false,6,0,9:52,9:48,left,APPROVED,0,0,true,8.129999999999999,10.0,true,true
2022,REG,1,2022091108,791,2100,TEN,58851,791.0,(15:00) (Shotgun) R.Tannehill pass short right to D.Hilliard to NYG 43 for 31 yards (T.Crowder).,2,play_type_pass,2,3,3,2100,15:00,TEN 26,26,TEN,36,2022-09-11T21:03:21.000Z,false,false,false,false,false,false,7,0,15:00,14:52,right,APPROVED,7,0,true,3.05,38.21,true,true
2022,REG,1,2022091108,1060,2100,TEN,58851,1060.0,"(10:06) (No Huddle, Shotgun) D.Jones sacked at TEN 49 for -7 yards (J.Simmons). FUMBLES (J.Simmons) [J.Simmons], RECOVERED by TEN-B.Dupree at NYG 44. B.Dupree to NYG 42 for 2 yards (A.Thomas).",2,play_type_sack,2,2,8,3410,10:06,TEN 42,42,TEN,52,2022-09-11T21:13:21.000Z,false,false,false,false,false,true,10,0,10:07,10:02,left,APPROVED,10,0,false,8.45,44.13,true,true
2022,REG,1,2022091108,1948,3410,NYG,58851,1948.0,(12:45) S.Barkley left end pushed ob at TEN 22 for 68 yards (K.Byard).,2,play_type_rush,3,1,10,3410,12:45,NYG 10,10,NYG,100,2022-09-11T22:02:27.000Z,false,false,false,false,false,false,13,0,12:45,12:36,left,APPROVED,13,0,true,10.0,90.21,true,true
2022,REG,1,2022091108,2027,3410,NYG,58851,2027.0,"(11:20) S.Barkley up the middle for 4 yards, TOUCHDOWN.",2,play_type_rush,3,1,4,3410,11:20,TEN 4,4,TEN,14,2022-09-11T22:04:44.000Z,false,false,true,true,false,false,13,6,11:21,11:18,left,APPROVED,13,0,true,4.880000000000001,10.0,true,true
2022,REG,1,2022091108,2208,3410,NYG,58851,2208.0,"(8:58) (No Huddle, Shotgun) D.Jones pass deep left to S.Shepard for 65 yards, TOUCHDOWN.",2,play_type_pass,3,2,11,3410,08:58,NYG 35,35,NYG,75,2022-09-11T22:15:45.000Z,false,false,true,false,false,false,13,12,8:59,8:49,left,APPROVED,13,6,true,11.97,64.23,true,true
2022,REG,1,2022091108,2559,2100,TEN,58851,2559.0,"(3:00) (Shotgun) R.Tannehill pass short left to D.Hilliard for 23 yards, TOUCHDOWN [D.Lawrence].",2,play_type_pass,3,1,20,2100,03:00,NYG 23,23,NYG,87,2022-09-11T22:28:49.000Z,false,false,true,false,false,false,19,13,3:00,2:55,right,APPROVED,13,13,true,20.0,106.68,true,true
2022,REG,1,2022091108,3034,2100,TEN,58851,3034.0,"(10:38) J.Gillan punts 43 yards to TEN 12, Center-C.Kreiter. K.Philips MUFFS catch, touched at TEN 13, RECOVERED by NYG-J.Pinnock at TEN 11.",2,play_type_punt,4,4,10,3410,10:38,NYG 45,45,NYG,55,2022-09-11T22:48:14.000Z,true,false,false,false,false,false,20,13,10:38,10:29,right,APPROVED,20,13,false,10.12,64.7,true,true
2022,REG,1,2022091108,3105,2100,TEN,58851,3105.0,(8:55) (Shotgun) D.Jones pass short left intended for S.Barkley INTERCEPTED by A.Hooker at TEN -4. Touchback.,2,play_type_pass,4,3,7,3410,08:55,TEN 8,8,TEN,102,2022-09-11T22:51:06.000Z,false,false,false,false,false,true,20,13,8:56,8:51,right,APPROVED,20,13,true,7.64,109.16,true,false
2022,REG,1,2022091108,3366,3410,NYG,58851,3366.0,"(4:00) (No Huddle) S.Barkley up the middle to TEN 26 for 33 yards (K.Fulton). FUMBLES (K.Fulton), ball out of bounds at TEN 11.",2,play_type_rush,4,2,7,3410,04:00,NYG 41,41,NYG,51,2022-09-11T23:03:42.000Z,false,false,false,false,false,false,20,13,4:02,3:53,right,APPROVED,20,13,true,7.31,57.87,true,true
2022,REG,1,2022091108,3599,3410,NYG,58851,3599.0,"(1:09) D.Jones pass short right to C.Myarick for 1 yard, TOUCHDOWN.",2,play_type_pass,4,2,1,3410,01:09,TEN 1,1,TEN,109,2022-09-11T23:12:46.000Z,false,false,true,true,false,false,20,19,1:09,1:07,right,APPROVED,20,13,true,0.76,110.0,true,true
2022,REG,1,2022091109,128,2250,JAX,58847,128.0,"(14:36) (Shotgun) T.Lawrence pass short middle to C.Kirk to 50 for 25 yards (D.Forrest). Penalty on WAS-B.St-Juste, Defensive Holding, declined.",2,play_type_pass,1,1,15,2250,14:36,JAX 25,25,JAX,85,2022-09-11T17:06:56.000Z,false,false,false,false,false,false,0,0,14:37,14:30,left,APPROVED,0,0,true,15.0,70.32,true,true
2022,REG,1,2022091109,433,5110,WAS,58847,433.0,(8:58) (Shotgun) C.Wentz pass deep right to A.Gibson ran ob at JAX 4 for 26 yards.,2,play_type_pass,1,2,7,5110,08:58,JAX 30,30,JAX,80,2022-09-11T17:18:30.000Z,false,false,false,false,false,false,0,3,8:59,8:53,right,APPROVED,0,3,true,6.84,86.72,true,true
2022,REG,1,2022091109,483,5110,WAS,58847,483.0,"(7:39) (Shotgun) C.Wentz pass short right to C.Samuel for 3 yards, TOUCHDOWN.",2,play_type_pass,1,2,3,5110,07:39,JAX 3,3,JAX,107,2022-09-11T17:20:01.000Z,false,false,true,true,false,false,6,3,7:40,7:37,right,APPROVED,0,3,true,4.09,110.0,true,true
2022,REG,1,2022091109,1120,5110,WAS,58847,1120.0,"(11:52) (Shotgun) C.Wentz pass short middle to J.Dotson for 7 yards, TOUCHDOWN.",2,play_type_pass,2,2,6,5110,11:52,JAX 7,7,JAX,17,2022-09-11T17:51:21.000Z,false,false,true,false,false,false,13,3,11:54,11:48,left,APPROVED,7,3,true,6.34,11.21,true,true
2022,REG,1,2022091109,2425,2250,JAX,58847,2425.0,(10:56) T.Lawrence pass deep middle to C.Kirk to WAS 16 for 49 yards (K.Fuller).,2,play_type_pass,3,1,10,2250,10:56,JAX 35,35,JAX,75,2022-09-11T19:00:28.000Z,false,false,false,false,false,false,14,3,10:58,10:49,left,APPROVED,14,3,true,10.0,65.59,true,true
2022,REG,1,2022091109,2502,2250,JAX,58847,2502.0,"(8:54) C.Van Lanen reported in as eligible.  T.Lawrence pass short right to J.Robinson for 3 yards, TOUCHDOWN.",2,play_type_pass,3,2,3,2250,08:54,WAS 3,3,WAS,13,2022-09-11T19:02:38.000Z,false,false,true,true,false,false,14,9,8:55,8:51,left,APPROVED,14,3,true,2.98,10.0,true,true
2022,REG,1,2022091109,2529,2250,JAX,58847,2529.0,TWO-POINT CONVERSION ATTEMPT. T.Lawrence pass to E.Engram is incomplete. ATTEMPT FAILS.,26,play_type_two_point_conversion,3,0,0,2250,08:50,WAS 2,2,WAS,12,2022-09-11T19:03:31.000Z,false,false,false,false,false,false,14,9,8:50,8:50,left,APPROVED,14,9,false,,,true,true
2022,REG,1,2022091109,3177,2250,JAX,58847,3177.0,(14:24) (Shotgun) C.Wentz pass short left intended for J.Dotson INTERCEPTED by T.Campbell at WAS 48. T.Campbell pushed ob at WAS 45 for 3 yards (J.Dotson).,2,play_type_pass,4,2,8,5110,14:24,WAS 39,39,WAS,71,2022-09-11T19:30:26.000Z,false,false,false,false,false,true,14,12,14:25,14:20,left,APPROVED,14,12,true,8.29,63.16,true,true
2022,REG,1,2022091109,3437,2250,JAX,58847,3437.0,(12:04) C.Wentz pass short middle intended for A.Gibson INTERCEPTED by T.Walker at WAS 20. T.Walker to WAS 11 for 9 yards (C.Wentz).,2,play_type_pass,4,1,10,5110,12:04,WAS 25,25,WAS,85,2022-09-11T19:41:22.000Z,false,false,false,false,false,true,14,15,12:04,11:56,left,APPROVED,14,15,true,10.0,75.21,true,true
2022,REG,1,2022091109,3463,2250,JAX,58847,3463.0,"(11:52) J.Robinson right end for 11 yards, TOUCHDOWN.",2,play_type_rush,4,1,10,2250,11:52,WAS 11,11,WAS,99,2022-09-11T19:42:35.000Z,false,false,true,false,false,false,14,21,11:52,11:47,right,APPROVED,14,15,true,10.0,109.01,true,true
2022,REG,1,2022091109,3568,5110,WAS,58847,3568.0,(10:18) (Shotgun) C.Wentz pass short left to L.Thomas pushed ob at JAX 49 for 27 yards (T.Campbell).,2,play_type_pass,4,3,8,5110,10:18,WAS 24,24,WAS,86,2022-09-11T19:48:23.000Z,false,false,false,false,false,false,14,22,10:19,10:12,left,APPROVED,14,22,true,8.75,78.38,true,true
2022,REG,1,2022091109,3597,5110,WAS,58847,3597.0,"(9:43) (Shotgun) C.Wentz pass deep right to T.McLaurin for 49 yards, TOUCHDOWN.",2,play_type_pass,4,1,10,5110,09:43,JAX 49,49,JAX,59,2022-09-11T19:49:06.000Z,false,false,true,false,false,false,20,22,9:43,9:37,left,APPROVED,14,22,true,10.0,49.34,true,true
2022,REG,1,2022091109,3797,5110,WAS,58847,3797.0,(7:27) (Shotgun) T.Lawrence sacked at WAS 48 for -6 yards (D.Payne).,2,play_type_sack,4,3,4,2250,07:27,WAS 42,42,WAS,68,2022-09-11T19:55:03.000Z,false,false,false,false,false,false,20,22,7:28,7:24,right,APPROVED,20,22,false,4.61,71.95,true,true
2022,REG,1,2022091109,4232,5110,WAS,58847,4232.0,"(1:52) (Shotgun) C.Wentz pass deep left to J.Dotson for 24 yards, TOUCHDOWN.",2,play_type_pass,4,3,8,5110,01:52,JAX 24,24,JAX,34,2022-09-11T20:09:56.000Z,false,false,true,false,false,false,26,22,1:52,1:48,left,APPROVED,20,22,true,8.52,26.12,true,true
2022,REG,1,2022091110,291,2310,KC,58848,291.0,"(9:43) (Shotgun) P.Mahomes pass short left to T.Kelce for 9 yards, TOUCHDOWN [M.Golden].",2,play_type_pass,1,2,9,2310,09:43,ARI 9,9,ARI,19,2022-09-11T20:33:57.000Z,false,false,true,true,false,false,0,6,9:43,9:40,left,APPROVED,0,0,true,9.51,10.0,true,true
2022,REG,1,2022091110,400,2310,KC,58848,400.0,(8:36) (Shotgun) K.Murray sacked at ARZ 27 for -7 yards (L.Sneed).,2,play_type_sack,1,3,1,3800,08:36,ARI 34,34,ARI,44,2022-09-11T20:38:56.000Z,false,false,false,false,false,false,0,7,8:37,8:35,right,APPROVED,0,7,false,,,true,true
2022,REG,1,2022091110,673,2310,KC,58848,673.0,"(3:24) P.Mahomes pass short middle to C.Edwards-Helaire for 3 yards, TOUCHDOWN.",2,play_type_pass,1,1,3,2310,03:24,ARI 3,3,ARI,13,2022-09-11T20:46:59.000Z,false,false,true,true,false,false,0,13,3:25,3:21,left,APPROVED,0,7,true,3.5199999999999996,10.0,true,true
2022,REG,1,2022091110,870,3800,ARI,58848,870.0,(:04) (Shotgun) K.Murray pass deep right to G.Dortch to KC 35 for 24 yards (T.McDuffie).,2,play_type_pass,1,2,18,3800,00:04,ARI 41,41,ARI,51,2022-09-11T20:53:45.000Z,false,false,false,false,false,false,0,14,:05,:00,right,APPROVED,0,14,true,17.92,68.31,true,true
2022,REG,1,2022091110,1338,2310,KC,58848,1338.0,"(7:37) (Shotgun) P.Mahomes pass short right to C.Edwards-Helaire for 4 yards, TOUCHDOWN.",2,play_type_pass,2,4,2,2310,07:37,ARI 4,4,ARI,106,2022-09-11T21:14:06.000Z,false,false,true,false,false,false,7,20,7:38,7:33,right,APPROVED,7,14,true,2.26,108.01,true,true
2022,REG,1,2022091110,2380,2310,KC,58848,2380.0,"(13:03) (No Huddle, Shotgun) K.Murray sacked at ARZ 26 for -11 yards (C.Dunlap).",2,play_type_sack,3,3,10,3800,13:03,ARI 37,37,ARI,73,2022-09-11T22:10:19.000Z,false,false,false,false,false,false,7,23,13:04,12:58,left,APPROVED,7,23,false,9.73,64.13,true,true
2022,REG,1,2022091110,2424,2310,KC,58848,2424.0,(12:07) P.Mahomes pass deep left to T.Kelce to ARZ 40 for 35 yards (M.Wilson).,2,play_type_pass,3,1,10,2310,12:07,KC 25,25,KC,35,2022-09-11T22:14:05.000Z,false,false,false,false,false,false,7,23,12:07,12:01,right,APPROVED,7,23,true,10.0,45.0,true,true
2022,REG,1,2022091110,2474,2310,KC,58848,2474.0,(10:51) (Shotgun) P.Mahomes pass short middle to S.Moore to ARZ 10 for 30 yards (B.Baker).,2,play_type_pass,3,2,10,2310,10:51,ARI 40,40,ARI,70,2022-09-11T22:15:21.000Z,false,false,false,false,false,false,7,23,,10:44,right,APPROVED,7,23,true,10.48,79.99,true,true
2022,REG,1,2022091110,2531,2310,KC,58848,2531.0,"(10:02) (Shotgun) P.Mahomes pass short left to J.Fortson for 1 yard, TOUCHDOWN [V.Dimukeje].",2,play_type_pass,3,1,1,2310,10:02,ARI 1,1,ARI,109,2022-09-11T22:16:54.000Z,false,false,true,true,false,false,7,29,10:02,9:58,right,APPROVED,7,23,true,1.4000000000000057,110.0,true,true
2022,REG,1,2022091110,2720,2310,KC,58848,2720.0,(8:05) (Shotgun) P.Mahomes pass short right to T.Kelce to ARZ 36 for 26 yards (I.Simmons).,2,play_type_pass,3,3,6,2310,08:05,KC 38,38,KC,48,2022-09-11T22:27:57.000Z,false,false,false,false,false,false,7,30,,7:59,right,APPROVED,7,30,true,6.5,53.77,true,true
2022,REG,1,2022091110,2869,2310,KC,58848,2869.0,"(4:00) (Shotgun) P.Mahomes pass short left to M.Hardman for 2 yards, TOUCHDOWN.",2,play_type_pass,3,1,2,2310,04:00,ARI 2,2,ARI,108,2022-09-11T22:32:50.000Z,false,false,true,true,false,false,7,36,4:01,3:59,right,APPROVED,7,30,true,1.8700000000000045,110.0,true,true
2022,REG,1,2022091110,3270,3800,ARI,58848,3270.0,"(12:58) (Shotgun) K.Murray pass short left to M.Brown for 6 yards, TOUCHDOWN.",2,play_type_pass,4,4,6,3800,12:58,KC 6,6,KC,104,2022-09-11T22:51:37.000Z,false,false,true,true,false,false,13,37,12:58,12:54,right,APPROVED,7,37,true,6.37,110.0,true,true
2022,REG,1,2022091110,3516,2310,KC,58848,3516.0,"(7:43) (Shotgun) I.Pacheco right tackle for 3 yards, TOUCHDOWN.",2,play_type_rush,4,1,3,2310,07:43,ARI 3,3,ARI,13,2022-09-11T23:02:34.000Z,false,false,true,true,false,false,15,43,7:44,7:41,left,APPROVED,15,37,true,3.9000000000000004,10.0,true,true
2022,REG,1,2022091110,3695,3800,ARI,58848,3695.0,"(5:15) (No Huddle, Shotgun) K.Murray pass short left to Z.Ertz for 6 yards, TOUCHDOWN.",2,play_type_pass,4,3,5,3800,05:15,KC 6,6,KC,104,2022-09-11T23:10:17.000Z,false,false,true,false,false,false,21,44,5:17,5:13,right,APPROVED,15,44,true,5.84,109.35,true,true
2022,REG,1,2022091111,208,4400,LAC,58849,208.0,(10:53) (Shotgun) J.Herbert pass short middle to G.Everett to LV 26 for 25 yards (D.Harmon) [C.Jones].,2,play_type_pass,1,3,8,4400,10:53,LAC 49,49,LAC,59,2022-09-11T20:31:16.000Z,false,false,false,false,false,false,0,0,10:55,10:47,right,APPROVED,0,0,true,8.11,66.64,true,true
2022,REG,1,2022091111,401,2520,LV,58849,401.0,(7:33) (Shotgun) D.Carr pass deep right to D.Adams pushed ob at 50 for 21 yards (A.Gilman).,2,play_type_pass,1,3,17,2520,07:33,LV 29,29,LV,81,2022-09-11T20:37:52.000Z,false,false,false,false,false,false,3,0,7:33,7:28,left,APPROVED,3,0,true,16.94,64.32,true,true
2022,REG,1,2022091111,542,2520,LV,58849,542.0,(4:07) (Shotgun) D.Carr pass short right to D.Adams to LAC 4 for 22 yards (M.Davis).,2,play_type_pass,1,3,6,2520,04:07,LAC 26,26,LAC,36,2022-09-11T20:42:05.000Z,false,false,false,false,false,false,3,0,4:07,4:02,left,APPROVED,3,0,true,7.03,29.34,true,true
2022,REG,1,2022091111,923,4400,LAC,58849,923.0,(11:59) J.Herbert pass deep right to K.Allen pushed ob at LV 11 for 42 yards (T.Moehrig).,2,play_type_pass,2,1,10,4400,11:59,LAC 47,47,LAC,63,2022-09-11T21:02:36.000Z,false,false,false,false,false,false,3,3,12:00,11:53,left,APPROVED,3,3,true,10.0,53.15,true,true
2022,REG,1,2022091111,1069,4400,LAC,58849,1069.0,"(9:38) (Shotgun) J.Herbert pass short left to Z.Horvath for 1 yard, TOUCHDOWN.",2,play_type_pass,2,3,1,4400,09:38,LV 1,1,LV,11,2022-09-11T21:06:54.000Z,false,false,true,true,false,false,9,3,9:38,9:35,left,APPROVED,3,3,true,1.52,10.0,true,false
2022,REG,1,2022091111,1237,4400,LAC,58849,1237.0,"(7:33) (Shotgun) D.Carr sacked at LV 41 for -7 yards (K.Mack). Penalty on LV-J.Simpson, Offensive Holding, declined.",2,play_type_sack,2,3,7,2520,07:33,LV 48,48,LV,58,2022-09-11T21:14:11.000Z,false,false,false,false,false,false,10,3,7:33,,right,APPROVED,10,3,false,7.52,64.86,true,true
2022,REG,1,2022091111,1586,4400,LAC,58849,1586.0,(:57) (Shotgun) D.Carr pass deep middle intended for D.Waller INTERCEPTED by D.Tranquill at LAC 49. D.Tranquill to LV 31 for 20 yards (B.Bolden).,2,play_type_pass,2,2,13,2520,00:57,LV 25,25,LV,35,2022-09-11T21:31:15.000Z,false,false,false,false,false,true,10,3,:57,:46,right,APPROVED,10,3,true,13.39,47.87,true,true
2022,REG,1,2022091111,1650,4400,LAC,58849,1650.0,"(:40) (Shotgun) J.Herbert pass deep middle to D.Carter for 23 yards, TOUCHDOWN.",2,play_type_pass,2,2,2,4400,00:40,LV 23,23,LV,33,2022-09-11T21:36:06.000Z,false,false,true,false,false,false,16,3,:40,:37,left,APPROVED,10,3,true,2.76,31.05,true,true
2022,REG,1,2022091111,1790,2520,LV,58849,1790.0,"(14:19) (Shotgun) D.Carr pass deep left to D.Adams to LAC 23 for 41 yards (M.Davis, K.Van Noy) [M.Fox].",2,play_type_pass,3,1,10,2520,14:19,LV 36,36,LV,46,2022-09-11T21:56:26.000Z,false,false,false,false,false,false,17,3,14:20,14:09,right,APPROVED,17,3,true,10.0,55.81,true,true
2022,REG,1,2022091111,1862,2520,LV,58849,1862.0,"(12:45) (Shotgun) D.Carr pass deep left to B.Bolden for 18 yards, TOUCHDOWN.",2,play_type_pass,3,3,5,2520,12:45,LAC 18,18,LAC,92,2022-09-11T21:58:40.000Z,false,false,true,false,false,false,17,9,12:45,12:41,right,APPROVED,17,3,true,5.64,97.22,true,true
2022,REG,1,2022091111,2156,4400,LAC,58849,2156.0,"(6:50) (Shotgun) J.Herbert pass short left to G.Everett for 18 yards, TOUCHDOWN.",2,play_type_pass,3,2,10,4400,06:50,LV 18,18,LV,28,2022-09-11T22:09:40.000Z,false,false,true,false,false,false,23,10,6:50,6:44,left,APPROVED,17,10,true,10.45,18.09,true,true
2022,REG,1,2022091111,2681,4400,LAC,58849,2681.0,(13:20) (Shotgun) D.Carr pass deep left intended for D.Adams INTERCEPTED by A.Samuel at LAC 2. A.Samuel to LAC 2 for no gain.,2,play_type_pass,4,1,10,2520,13:20,LAC 44,44,LAC,54,2022-09-11T22:36:16.000Z,false,false,false,false,false,true,24,13,13:21,13:15,left,APPROVED,24,13,true,10.0,43.5,true,true
2022,REG,1,2022091111,2875,4400,LAC,58849,2875.0,(11:07) (Shotgun) D.Carr pass short left intended for H.Renfrow INTERCEPTED by B.Callahan at LAC 49. B.Callahan to LV 49 for 2 yards (H.Renfrow).,2,play_type_pass,4,2,2,2520,11:07,LV 48,48,LV,62,2022-09-11T22:45:49.000Z,false,false,false,false,false,true,24,13,11:09,11:04,left,APPROVED,24,13,true,2.09,59.89,true,true
2022,REG,1,2022091111,3147,2520,LV,58849,3147.0,(5:28) (Shotgun) D.Carr pass deep right to D.Waller to LAC 3 for 31 yards (D.James).,2,play_type_pass,4,1,10,2520,05:28,LAC 34,34,LAC,44,2022-09-11T22:54:41.000Z,false,false,false,false,false,false,24,13,5:29,,left,APPROVED,24,13,true,10.0,34.27,true,true
2022,REG,1,2022091111,3193,2520,LV,58849,3193.0,"(4:36) (Shotgun) D.Carr pass short right to D.Adams for 3 yards, TOUCHDOWN.",2,play_type_pass,4,2,3,2520,04:36,LAC 3,3,LAC,13,2022-09-11T22:56:13.000Z,false,false,true,true,false,false,24,19,4:36,4:34,left,APPROVED,24,13,true,3.21,10.0,true,true
2022,REG,1,2022091111,3525,4400,LAC,58849,3525.0,"(2:00) (Shotgun) D.Carr sacked at LV 28 for -7 yards (K.Mack). FUMBLES (K.Mack) [K.Mack], recovered by LV-K.Miller at LV 28.",2,play_type_sack,4,4,8,2520,02:00,LV 35,35,LV,75,2022-09-11T23:14:18.000Z,false,false,false,false,false,true,24,19,2:00,1:54,left,APPROVED,24,19,true,8.88,66.83,true,true
2022,REG,1,2022091112,275,3000,MIN,58850,275.0,"(9:21) K.Cousins pass short right to J.Jefferson for 5 yards, TOUCHDOWN.",2,play_type_pass,1,4,1,3000,09:21,GB 5,5,GB,105,2022-09-11T20:33:06.000Z,false,false,true,false,false,false,6,0,9:21,9:18,right,APPROVED,0,0,true,0.85,105.76,true,true
2022,REG,1,2022091112,508,1800,GB,58850,508.0,(6:18) (Shotgun) K.Cousins sacked at MIN 10 for -8 yards (R.Gary).,2,play_type_sack,1,3,7,3000,06:18,MIN 18,18,MIN,28,2022-09-11T20:45:55.000Z,false,false,false,false,false,false,7,0,6:19,6:14,right,APPROVED,7,0,false,7.45,34.73,true,true
2022,REG,1,2022091112,678,3000,MIN,58850,678.0,(2:44) (Shotgun) A.Rodgers sacked at MIN 48 for -8 yards (Z.Smith).,2,play_type_sack,1,3,8,1800,02:44,MIN 40,40,MIN,50,2022-09-11T20:54:39.000Z,false,false,false,false,false,false,7,0,2:44,2:39,left,APPROVED,7,0,false,8.47,42.2,true,true
2022,REG,1,2022091112,1207,3000,MIN,58850,1207.0,(5:54) (No Huddle) K.Cousins pass deep right to J.Jefferson to GB 13 for 64 yards (D.Savage).,2,play_type_pass,2,1,10,3000,05:54,MIN 23,23,MIN,87,2022-09-11T21:22:11.000Z,false,false,false,false,false,false,7,0,5:54,5:45,left,APPROVED,7,0,true,10.0,77.42,true,true
2022,REG,1,2022091112,1613,3000,MIN,58850,1613.0,"(:45) K.Cousins pass deep right to J.Jefferson for 36 yards, TOUCHDOWN.",2,play_type_pass,2,1,10,3000,00:45,GB 36,36,GB,46,2022-09-11T21:41:54.000Z,false,false,true,false,false,false,16,0,:45,:36,left,APPROVED,10,0,true,10.0,36.01,true,true
2022,REG,1,2022091112,2036,3000,MIN,58850,2036.0,"(12:21) A.Rodgers sacked at GB 35 for -9 yards (J.Hicks). FUMBLES (J.Hicks) [J.Hicks], RECOVERED by MIN-D.Tomlinson at GB 33. D.Tomlinson to GB 33 for no gain (R.Newman).",2,play_type_sack,3,1,10,1800,12:21,GB 44,44,GB,54,2022-09-11T22:11:22.000Z,false,false,false,false,false,true,17,0,12:22,12:14,right,APPROVED,17,0,false,10.0,63.56,true,true
2022,REG,1,2022091112,2699,1800,GB,58850,2699.0,(14:14) (Shotgun) A.Rodgers pass deep right to R.Doubs to GB 45 for 23 yards (C.Bynum).,2,play_type_pass,4,2,19,1800,14:14,GB 22,22,GB,88,2022-09-11T22:45:42.000Z,false,false,false,false,false,false,20,7,14:15,14:09,left,APPROVED,20,7,true,18.98,69.26,true,true
2022,REG,1,2022091112,2779,3000,MIN,58850,2779.0,(12:49) (Shotgun) A.Rodgers sacked at GB 43 for -5 yards (D.Wonnum).,2,play_type_sack,4,3,7,1800,12:49,GB 48,48,GB,62,2022-09-11T22:47:58.000Z,false,false,false,false,false,false,20,7,12:49,12:43,left,APPROVED,20,7,false,7.25,55.0,true,true
2022,REG,1,2022091112,2907,3000,MIN,58850,2907.0,"(10:42) (No Huddle, Shotgun) K.Cousins pass deep right to J.Jefferson to GB 38 for 21 yards (D.Savage).",2,play_type_pass,4,3,7,3000,10:42,MIN 41,41,MIN,51,2022-09-11T22:54:18.000Z,false,false,false,false,false,false,20,7,10:43,10:37,right,APPROVED,20,7,true,7.58,57.76,true,true
2022,REG,1,2022091113,413,4900,TB,58852,413.0,(9:02) (Shotgun) T.Brady pass short left to C.Godwin pushed ob at TB 44 for 24 yards (D.Wilson).,2,play_type_pass,1,1,15,4900,09:02,TB 20,20,TB,30,2022-09-12T00:36:41.000Z,false,false,false,false,false,false,3,0,9:02,8:57,right,APPROVED,3,0,true,15.0,44.67,true,true
2022,REG,1,2022091113,1363,4900,TB,58852,1363.0,"(6:17) (No Huddle, Shotgun) D.Prescott pass short right intended for N.Brown INTERCEPTED by A.Winfield at DAL 38. A.Winfield to DAL 23 for 15 yards (T.Biadasz).",2,play_type_pass,2,3,10,1200,06:17,DAL 26,26,DAL,36,2022-09-12T01:17:27.000Z,false,false,false,false,false,true,3,6,6:18,6:07,right,APPROVED,3,6,true,,,true,true
2022,REG,1,2022091113,1766,4900,TB,58852,1766.0,"(1:00) (No Huddle, Shotgun) T.Brady pass deep right to J.Jones to DAL 29 for 48 yards (A.Brown).",2,play_type_pass,2,1,10,4900,01:00,TB 23,23,TB,87,2022-09-12T01:33:44.000Z,false,false,false,false,false,false,3,9,1:00,:54,left,APPROVED,3,9,true,10.0,77.13,false,true
2022,REG,1,2022091113,2307,4900,TB,58852,2307.0,(9:01) (Shotgun) D.Prescott sacked at DAL 30 for -7 yards (D.White).,2,play_type_sack,3,3,6,1200,09:01,DAL 37,37,DAL,73,2022-09-12T02:10:00.000Z,false,false,false,false,false,false,3,12,9:03,8:58,left,APPROVED,3,12,false,5.7,67.7,true,true
2022,REG,1,2022091113,2542,4900,TB,58852,2542.0,"(3:27) T.Brady pass short left to M.Evans for 5 yards, TOUCHDOWN.",2,play_type_pass,3,1,5,4900,03:27,DAL 5,5,DAL,105,2022-09-12T02:21:48.000Z,false,false,true,true,false,false,3,18,3:28,3:24,right,APPROVED,3,12,true,5.430000000000007,110.0,true,true
2022,REG,1,2022091113,2620,4900,TB,58852,2620.0,(3:18) (Shotgun) D.Prescott sacked at DAL 19 for -6 yards (A.Nelson).,2,play_type_sack,3,2,10,1200,03:18,DAL 25,25,DAL,85,2022-09-12T02:26:41.000Z,false,false,false,false,false,false,3,19,3:19,3:17,left,APPROVED,3,19,false,10.41,75.45,true,false
2022,REG,1,2022091113,2983,1200,DAL,58852,2983.0,(12:06) (Shotgun) T.Brady pass short middle intended for M.Evans INTERCEPTED by D.Wilson at DAL 48. D.Wilson to DAL 48 for no gain (M.Evans).,2,play_type_pass,4,3,3,4900,12:06,TB 48,48,TB,62,2022-09-12T02:41:15.000Z,false,false,false,false,false,true,3,19,12:08,12:03,left,APPROVED,3,19,true,3.26,58.51,false,true
2022,REG,1,2022091113,3601,4900,TB,58852,3601.0,"(4:03) (No Huddle, Shotgun) C.Rush sacked at TB 42 for -10 yards (D.White).",2,play_type_sack,4,3,5,1200,04:03,TB 32,32,TB,78,2022-09-12T03:04:47.000Z,false,false,false,false,false,false,3,19,4:05,4:00,right,APPROVED,3,19,false,5.18,82.07,true,true
2022,REG,1,2022091200,201,4600,SEA,58853,201.0,"(11:37) (Shotgun) G.Smith pass short left to W.Dissly for 38 yards, TOUCHDOWN.",2,play_type_pass,1,3,2,4600,11:37,DEN 38,38,DEN,72,2022-09-13T00:19:54.000Z,false,false,true,false,false,false,6,0,11:37,11:28,right,APPROVED,0,0,true,2.43,73.69,true,true
2022,REG,1,2022091200,286,1400,DEN,58853,286.0,(11:18) R.Wilson pass short right to A.Beck to DEN 36 for 25 yards (M.Jackson).,2,play_type_pass,1,2,10,1400,11:18,DEN 11,11,DEN,99,2022-09-13T00:25:12.000Z,false,false,false,false,false,false,7,0,11:18,11:10,left,APPROVED,7,0,true,10.35,89.16,true,true
2022,REG,1,2022091200,1344,1400,DEN,58853,1344.0,"(5:46) (Shotgun) R.Wilson pass deep left to J.Jeudy for 67 yards, TOUCHDOWN.",2,play_type_pass,2,3,2,1400,05:46,DEN 33,33,DEN,43,2022-09-13T01:10:57.000Z,false,false,true,false,false,false,10,9,5:47,5:37,right,APPROVED,10,3,true,2.22,44.67,true,true
2022,REG,1,2022091200,1579,4600,SEA,58853,1579.0,"(2:31) (Shotgun) G.Smith pass deep right to C.Parkinson for 25 yards, TOUCHDOWN.",2,play_type_pass,2,2,6,4600,02:31,DEN 25,25,DEN,35,2022-09-13T01:20:06.000Z,false,false,true,false,false,false,16,10,2:31,2:27,left,APPROVED,10,10,true,6.18,28.86,true,true
2022,REG,1,2022091200,1764,1400,DEN,58853,1764.0,(:48) (Shotgun) R.Wilson pass deep right to C.Sutton pushed ob at SEA 24 for 30 yards (J.Brooks).,2,play_type_pass,2,3,8,1400,00:48,DEN 46,46,DEN,56,2022-09-13T01:30:52.000Z,false,false,false,false,false,false,17,10,:48,:39,right,APPROVED,17,10,true,8.38,63.61,true,true
2022,REG,1,2022091200,2292,4600,SEA,58853,2292.0,"(7:42) (Shotgun) M.Gordon right tackle to SEA 1 for no gain (Q.Diggs, U.Nwosu). FUMBLES (Q.Diggs), RECOVERED by SEA-M.Jackson at SEA 2. M.Jackson to SEA 10 for 8 yards (C.Sutton). The Replay Official reviewed the fumble ruling, and the play was Upheld. The ruling on the field stands.",2,play_type_rush,3,4,1,1400,07:42,SEA 1,1,SEA,109,2022-09-13T02:00:10.000Z,false,false,false,true,false,true,17,13,7:43,7:36,right,APPROVED,17,13,true,0.83,110.0,true,true
2022,REG,2,2022091500,559,4400,LAC,58854,559.0,(5:19) (Shotgun) P.Mahomes sacked at KC 19 for -9 yards (sack split by D.Tranquill and K.Mack).,2,play_type_sack,1,2,7,2310,05:19,KC 28,28,KC,82,2022-09-16T00:35:22.000Z,false,false,false,false,false,false,0,3,5:20,5:17,left,APPROVED,0,3,false,7.48,75.21,true,true
2022,REG,2,2022091500,741,4400,LAC,58854,741.0,"(:47) J.Herbert pass deep left to M.Williams to KC 1 for 39 yards (R.Fenton). Penalty on KC-R.Fenton, Defensive Pass Interference, declined. Penalty on KC-R.Fenton, Defensive Holding, declined.",2,play_type_pass,1,2,3,4400,00:47,KC 40,40,KC,70,2022-09-16T00:44:09.000Z,false,false,false,false,false,false,0,3,:48,:41,right,APPROVED,0,3,true,3.36,72.9,true,true
2022,REG,2,2022091500,816,4400,LAC,58854,816.0,"(15:00) J.Herbert pass short right to Z.Horvath for 1 yard, TOUCHDOWN.",2,play_type_pass,2,2,1,4400,15:00,KC 1,1,KC,11,2022-09-16T00:49:24.000Z,false,false,true,true,false,false,0,9,15:00,14:58,left,APPROVED,0,3,true,1.5,10.0,true,true
2022,REG,2,2022091500,1076,2310,KC,58854,1076.0,"(11:47) (Shotgun) P.Mahomes pass short right to J.McKinnon for 9 yards, TOUCHDOWN.",2,play_type_pass,2,1,9,2310,11:47,LAC 9,9,LAC,101,2022-09-16T00:57:27.000Z,false,false,true,true,false,false,6,10,11:49,11:41,right,APPROVED,0,10,true,9.39,110.0,true,true
2022,REG,2,2022091500,1615,2310,KC,58854,1615.0,(2:00) J.Herbert sacked at KC 48 for -1 yards (C.Jones).,2,play_type_sack,2,3,1,4400,02:00,KC 47,47,KC,57,2022-09-16T01:22:42.000Z,false,false,false,false,false,false,7,10,2:00,1:52,left,APPROVED,7,10,false,0.92,56.27,true,true
2022,REG,2,2022091500,2067,4400,LAC,58854,2067.0,"(9:58) (Shotgun) J.Herbert pass short right to M.Williams for 15 yards, TOUCHDOWN.",2,play_type_pass,3,1,10,4400,09:58,KC 15,15,KC,95,2022-09-16T01:50:39.000Z,false,false,true,false,false,false,7,16,9:59,9:54,right,APPROVED,7,10,true,10.0,104.62,true,true
2022,REG,2,2022091500,2359,2310,KC,58854,2359.0,"(7:28) (Shotgun) P.Mahomes pass deep left to Ju.Watson for 41 yards, TOUCHDOWN.",2,play_type_pass,3,3,10,2310,07:28,LAC 41,41,LAC,51,2022-09-16T02:04:03.000Z,false,false,true,false,false,false,13,17,7:28,7:23,left,APPROVED,7,17,true,10.28,41.25,true,true
2022,REG,2,2022091500,3138,2310,KC,58854,3138.0,"(10:43) (No Huddle, Shotgun) J.Herbert pass short right intended for G.Everett INTERCEPTED by Ja.Watson at KC 1. Ja.Watson for 99 yards, TOUCHDOWN.",2,play_type_pass,4,1,3,4400,10:43,KC 3,3,KC,13,2022-09-16T02:34:39.000Z,false,false,true,true,false,true,23,17,10:46,10:30,left,APPROVED,17,17,true,3.8000000000000007,10.0,true,true
2022,REG,2,2022091500,3879,4400,LAC,58854,3879.0,(2:05) (Shotgun) J.Herbert pass deep middle to D.Carter to KC 8 for 35 yards (L.Sneed).,2,play_type_pass,4,4,1,4400,02:05,KC 43,43,KC,53,2022-09-16T03:06:18.000Z,false,false,false,false,false,false,27,17,2:05,2:00,left,APPROVED,27,17,true,1.74,52.36,true,true
2022,REG,2,2022091500,3990,4400,LAC,58854,3990.0,"(1:15) (No Huddle, Shotgun) J.Herbert pass short middle to J.Palmer for 7 yards, TOUCHDOWN.",2,play_type_pass,4,4,7,4400,01:15,KC 7,7,KC,17,2022-09-16T03:09:13.000Z,false,false,true,true,false,false,27,23,1:16,1:12,left,APPROVED,27,17,true,7.54,10.0,true,true
2022,REG,2,2022091800,42,0325,BAL,58855,42.0,"J.Sanders kicks 68 yards from MIA 35 to BLT -3. D.Duvernay for 103 yards, TOUCHDOWN.",32,play_type_kickoff,1,0,0,2700,15:00,MIA 35,35,MIA,75,2022-09-18T17:02:40.000Z,true,false,true,false,false,true,6,0,15:00,14:49,left,AUDITED,0,0,true,,,,
2022,REG,2,2022091800,281,0325,BAL,58855,281.0,(10:42) (Shotgun) T.Tagovailoa pass short left intended for T.Hill INTERCEPTED by M.Williams at BLT 20. M.Williams to BLT 20 for no gain (T.Hill).,2,play_type_pass,1,2,6,2700,10:42,BAL 29,29,BAL,39,2022-09-18T17:11:57.000Z,false,false,false,false,false,true,7,0,10:43,10:37,left,APPROVED,7,0,true,6.19,33.02,true,true
2022,REG,2,2022091800,913,2700,MIA,58855,913.0,(14:14) (Shotgun) T.Tagovailoa pass deep middle to J.Waddle pushed ob at BLT 38 for 59 yards (C.Clark).,2,play_type_pass,2,2,13,2700,14:14,MIA 03,3,MIA,13,2022-09-18T17:44:49.000Z,false,false,false,false,false,false,7,0,14:14,14:03,right,APPROVED,7,0,true,13.24,25.15,true,true
2022,REG,2,2022091800,1052,2700,MIA,58855,1052.0,"(10:58) (Shotgun) T.Tagovailoa pass short left to J.Waddle for 6 yards, TOUCHDOWN.",2,play_type_pass,2,2,5,2700,10:58,BAL 6,6,BAL,104,2022-09-18T17:49:17.000Z,false,false,true,false,false,false,7,6,11:00,10:55,right,APPROVED,7,0,true,6.2,109.46,true,true
2022,REG,2,2022091800,1108,0325,BAL,58855,1108.0,"(10:54) (Shotgun) L.Jackson pass short middle to R.Bateman for 75 yards, TOUCHDOWN.",2,play_type_pass,2,1,10,0325,10:54,BAL 25,25,BAL,85,2022-09-18T17:54:09.000Z,false,false,true,false,false,false,13,7,10:54,10:45,left,APPROVED,7,7,true,10.0,75.44,true,true
2022,REG,2,2022091800,1459,0325,BAL,58855,1459.0,"(4:23) (Shotgun) L.Jackson pass deep middle to M.Andrews for 26 yards, TOUCHDOWN. The Replay Official reviewed the runner broke the plane ruling, and the play was REVERSED. (Shotgun) L.Jackson pass deep middle to M.Andrews to MIA 1 for 25 yards (K.Crossen).",2,play_type_pass,2,1,10,0325,04:23,MIA 26,26,MIA,36,2022-09-18T18:09:07.000Z,false,false,false,false,false,false,14,7,4:23,4:19,left,APPROVED,14,7,true,10.0,26.13,true,true
2022,REG,2,2022091800,1513,0325,BAL,58855,1513.0,"(4:07) D.Faalele reported in as eligible.  L.Jackson pass short left to M.Andrews for 1 yard, TOUCHDOWN.",2,play_type_pass,2,1,1,0325,04:07,MIA 1,1,MIA,11,2022-09-18T18:12:45.000Z,false,false,true,true,false,false,20,7,4:07,,left,APPROVED,14,7,true,1.0299999999999994,10.0,true,true
2022,REG,2,2022091800,1978,0325,BAL,58855,1978.0,"(:32) (Shotgun) L.Jackson pass short middle to D.Robinson for 12 yards, TOUCHDOWN.",2,play_type_pass,2,2,10,0325,00:32,MIA 12,12,MIA,22,2022-09-18T18:34:00.000Z,false,false,true,false,false,false,27,7,:33,:30,left,APPROVED,21,7,true,10.38,12.42,true,true
2022,REG,2,2022091800,2404,2700,MIA,58855,2404.0,"(7:56) (Shotgun) T.Tagovailoa pass short middle to M.Gesicki for 14 yards, TOUCHDOWN.",2,play_type_pass,3,3,13,2700,07:56,BAL 14,14,BAL,24,2022-09-18T19:00:38.000Z,false,false,true,false,false,false,28,13,7:57,7:53,left,APPROVED,28,7,true,14.03,11.13,true,true
2022,REG,2,2022091800,2801,0325,BAL,58855,2801.0,"(:37) (Shotgun) L.Jackson right guard for 79 yards, TOUCHDOWN. Jackson sets record for 100-yd, rushing games by QB.",2,play_type_rush,3,3,2,0325,00:37,BAL 21,21,BAL,31,2022-09-18T19:22:02.000Z,false,false,true,false,false,false,34,14,:39,:27,right,APPROVED,28,14,true,2.04,32.6,true,false
2022,REG,2,2022091800,3023,2700,MIA,58855,3023.0,"(12:18) (Shotgun) T.Tagovailoa pass short middle to R.Cracraft for 2 yards, TOUCHDOWN.",2,play_type_pass,4,3,2,2700,12:18,BAL 02,2,BAL,108,2022-09-18T19:35:09.000Z,false,false,true,true,false,false,35,20,12:18,12:13,right,APPROVED,35,14,true,2.41,110.0,true,true
2022,REG,2,2022091800,3309,2700,MIA,58855,3309.0,"(7:53) (Shotgun) T.Tagovailoa pass deep middle to T.Hill for 48 yards, TOUCHDOWN.",2,play_type_pass,4,3,10,2700,07:53,BAL 48,48,BAL,62,2022-09-18T19:48:47.000Z,false,false,true,false,false,false,35,27,7:54,7:48,right,APPROVED,35,21,true,10.35,71.64,true,true
2022,REG,2,2022091800,3547,2700,MIA,58855,3547.0,"(5:27) (Shotgun) T.Tagovailoa pass deep left to T.Hill for 60 yards, TOUCHDOWN.",2,play_type_pass,4,3,6,2700,05:27,MIA 40,40,MIA,50,2022-09-18T19:57:45.000Z,false,false,true,false,false,false,35,34,5:28,5:21,right,APPROVED,35,28,true,6.99,55.91,true,true
2022,REG,2,2022091800,3961,2700,MIA,58855,3961.0,"(:19) (Shotgun) T.Tagovailoa pass short middle to J.Waddle for 7 yards, TOUCHDOWN.",2,play_type_pass,4,2,7,2700,00:19,BAL 7,7,BAL,103,2022-09-18T20:17:00.000Z,false,false,true,true,false,false,38,41,:19,:16,right,APPROVED,38,35,true,8.17,110.0,true,true
2022,REG,2,2022091801,524,1050,CLE,58856,524.0,"(5:00) N.Chubb left tackle for 4 yards, TOUCHDOWN.",2,play_type_rush,1,3,2,1050,05:00,NYJ 4,4,NYJ,14,2022-09-18T17:18:08.000Z,false,false,true,false,false,false,6,0,5:00,4:56,left,APPROVED,0,0,true,2.99,11.77,true,true
2022,REG,2,2022091801,859,3430,NYJ,58856,859.0,(15:00) (Shotgun) Br.Hall left guard pushed ob at CLV 6 for 23 yards (J.Johnson).,2,play_type_rush,2,3,2,3430,15:00,CLE 29,29,CLE,39,2022-09-18T17:32:41.000Z,false,false,false,false,false,false,7,0,15:00,14:55,left,APPROVED,7,0,true,2.35,36.9,true,true
2022,REG,2,2022091801,930,3430,NYJ,58856,930.0,"(13:09) (Shotgun) J.Flacco pass short right to G.Wilson for 2 yards, TOUCHDOWN.",2,play_type_pass,2,3,2,3430,13:09,CLE 2,2,CLE,12,2022-09-18T17:34:37.000Z,false,false,true,true,false,false,7,6,13:10,13:07,left,APPROVED,7,0,true,1.84,10.0,true,true
2022,REG,2,2022091801,1263,1050,CLE,58856,1263.0,"(8:20) (Shotgun) J.Brissett pass short right to A.Cooper for 6 yards, TOUCHDOWN.",2,play_type_pass,2,3,6,1050,08:20,NYJ 6,6,NYJ,104,2022-09-18T17:48:39.000Z,false,false,true,true,false,false,13,7,8:20,8:18,right,APPROVED,7,7,true,6.48,110.0,true,true
2022,REG,2,2022091801,1533,1050,CLE,58856,1533.0,"(3:30) (Shotgun) J.Flacco sacked at CLV 20 for -8 yards (J.Clowney). FUMBLES (J.Clowney), RECOVERED by CLV-J.Clowney at CLV 21.",2,play_type_sack,2,3,8,3430,03:30,CLE 12,12,CLE,22,2022-09-18T17:57:08.000Z,false,false,false,false,false,true,14,7,3:32,3:28,left,APPROVED,14,7,false,8.32,13.98,true,true
2022,REG,2,2022091801,1889,3430,NYJ,58856,1889.0,"(:15) (Shotgun) J.Flacco pass short right to Br.Hall for 10 yards, TOUCHDOWN.",2,play_type_pass,2,3,10,3430,00:15,CLE 10,10,CLE,20,2022-09-18T18:18:45.000Z,false,false,true,true,false,false,14,13,:15,:11,left,APPROVED,14,7,true,10.22,10.0,true,true
2022,REG,2,2022091801,2737,3430,NYJ,58856,2737.0,(1:45) J.Flacco pass deep left to G.Wilson to CLV 48 for 31 yards (G.Delpit) [C.Winovich].,2,play_type_pass,3,2,11,3430,01:45,NYJ 21,21,NYJ,89,2022-09-18T19:06:09.000Z,false,false,false,false,false,false,17,14,1:45,1:37,left,APPROVED,17,14,true,11.48,78.0,true,true
2022,REG,2,2022091801,3208,1050,CLE,58856,3208.0,"(9:29) (Shotgun) N.Chubb right tackle for 7 yards, TOUCHDOWN.",2,play_type_rush,4,1,7,1050,09:29,NYJ 7,7,NYJ,17,2022-09-18T19:27:45.000Z,false,false,true,true,false,false,23,17,9:29,9:23,left,APPROVED,17,17,true,7.370000000000001,10.0,true,true
2022,REG,2,2022091801,3799,1050,CLE,58856,3799.0,"(2:02) M.Dunn reported in as eligible.  N.Chubb left tackle for 12 yards, TOUCHDOWN.",2,play_type_rush,4,1,10,1050,02:02,NYJ 12,12,NYJ,22,2022-09-18T19:52:28.000Z,false,false,true,false,false,false,30,17,2:02,1:56,left,APPROVED,24,17,true,10.0,12.04,true,true
2022,REG,2,2022091801,3890,3430,NYJ,58856,3890.0,"(1:32) (No Huddle, Shotgun) J.Flacco pass deep right to C.Davis for 66 yards, TOUCHDOWN.",2,play_type_pass,4,2,1,3430,01:32,NYJ 34,34,NYJ,44,2022-09-18T19:57:06.000Z,false,false,true,false,false,false,30,23,1:33,1:24,right,APPROVED,30,17,true,1.37,45.0,true,true
2022,REG,2,2022091801,4199,3430,NYJ,58856,4199.0,"(:25) (Shotgun) J.Flacco pass short middle to G.Wilson for 15 yards, TOUCHDOWN.",2,play_type_pass,4,3,10,3430,00:25,CLE 15,15,CLE,95,2022-09-18T20:06:10.000Z,false,false,true,false,false,false,30,30,:25,:22,right,APPROVED,30,24,true,10.38,105.1,true,true
2022,REG,2,2022091802,316,1540,DET,58857,316.0,(10:18) (Shotgun) J.Goff pass short middle to A.St. Brown pushed ob at WAS 24 for 49 yards (D.Forrest).,2,play_type_pass,1,3,3,1540,10:18,DET 27,27,DET,37,2022-09-18T17:12:51.000Z,false,false,false,false,false,false,0,0,10:19,10:10,right,APPROVED,0,0,true,3.68,39.88,true,true
2022,REG,2,2022091802,567,1540,DET,58857,567.0,(6:22) D.Swift right tackle to WAS 7 for 50 yards (B.McCain).,2,play_type_rush,1,1,10,1540,06:22,DET 43,43,DET,53,2022-09-18T17:25:11.000Z,false,false,false,false,false,false,3,0,6:22,6:14,right,APPROVED,3,0,true,10.0,62.55,true,true
2022,REG,2,2022091802,704,1540,DET,58857,704.0,"(3:22) (Shotgun) C.Wentz sacked at WAS -4 for -9 yards (C.Harris). FUMBLES (C.Harris) [C.Harris], ball out of bounds in End Zone, SAFETY.",2,play_type_sack,1,2,8,5110,03:22,WAS 5,5,WAS,105,2022-09-18T17:32:46.000Z,false,false,true,false,false,false,5,0,3:22,3:18,left,APPROVED,3,0,false,8.73,96.99,true,true
2022,REG,2,2022091802,728,1540,DET,58857,728.0,T.Way kicks 63 yards from WAS 20 to DET 17. K.Raymond to WAS 31 for 52 yards (J.Reaves).,32,play_type_kickoff,1,0,0,5110,03:17,WAS 20,20,WAS,90,2022-09-18T17:34:30.000Z,true,false,false,false,false,true,5,0,3:17,3:09,left,APPROVED,5,0,true,,,true,true
2022,REG,2,2022091802,817,1540,DET,58857,817.0,"(1:45) (Shotgun) J.Goff pass short right to A.St. Brown for 13 yards, TOUCHDOWN [M.Sweat].",2,play_type_pass,1,3,5,1540,01:45,WAS 13,13,WAS,97,2022-09-18T17:37:29.000Z,false,false,true,false,false,false,11,0,1:47,1:41,right,APPROVED,5,0,true,4.54,101.42,true,true
2022,REG,2,2022091802,1147,1540,DET,58857,1147.0,(13:42) (Shotgun) C.Wentz sacked at WAS 19 for -6 yards (A.Hutchinson).,2,play_type_sack,2,2,10,5110,13:42,WAS 25,25,WAS,35,2022-09-18T17:55:16.000Z,false,false,false,false,false,false,15,0,13:42,13:38,right,APPROVED,15,0,false,10.59,44.88,true,true
2022,REG,2,2022091802,1393,1540,DET,58857,1393.0,"(6:47) J.Goff pass short middle to J.Reynolds for 3 yards, TOUCHDOWN.",2,play_type_pass,2,1,3,1540,06:47,WAS 3,3,WAS,13,2022-09-18T18:05:14.000Z,false,false,true,true,false,false,21,0,6:49,6:44,left,APPROVED,15,0,true,3.6500000000000004,10.0,true,true
2022,REG,2,2022091802,2085,5110,WAS,58857,2085.0,"(14:27) (No Huddle, Shotgun) C.Wentz pass deep right to J.Dotson to DET 20 for 40 yards (W.Harris).",2,play_type_pass,3,2,6,5110,14:27,WAS 40,40,WAS,70,2022-09-18T18:45:29.000Z,false,false,false,false,false,false,22,0,14:28,14:22,left,APPROVED,22,0,true,6.32,64.32,true,true
2022,REG,2,2022091802,2159,5110,WAS,58857,2159.0,"(13:03) (Shotgun) C.Wentz pass short left to C.Samuel for 15 yards, TOUCHDOWN.",2,play_type_pass,3,3,5,5110,13:03,DET 15,15,DET,25,2022-09-18T18:47:32.000Z,false,false,true,false,false,false,22,6,13:04,13:00,left,APPROVED,22,0,true,5.45,20.17,true,true
2022,REG,2,2022091802,2351,1540,DET,58857,2351.0,(10:13) (Shotgun) C.Wentz pass deep middle intended for L.Thomas INTERCEPTED by W.Harris at DET 20. W.Harris to DET 20 for no gain (L.Thomas).,2,play_type_pass,3,2,2,5110,10:13,DET 47,47,DET,57,2022-09-18T18:58:17.000Z,false,false,false,false,false,true,22,7,10:14,10:08,left,APPROVED,22,7,true,2.27,55.28,true,true
2022,REG,2,2022091802,2561,5110,WAS,58857,2561.0,(5:57) (Shotgun) C.Wentz pass deep right to T.McLaurin to DET 49 for 35 yards (M.Hughes).,2,play_type_pass,3,1,10,5110,05:57,WAS 16,16,WAS,94,2022-09-18T19:09:11.000Z,false,false,false,false,false,false,22,7,5:58,5:50,left,APPROVED,22,7,true,10.0,83.95,true,true
2022,REG,2,2022091802,2606,5110,WAS,58857,2606.0,(4:27) C.Wentz pass deep right to C.Samuel pushed ob at DET 21 for 27 yards (D.Elliott).,2,play_type_pass,3,2,9,5110,04:27,DET 48,48,DET,58,2022-09-18T19:10:41.000Z,false,false,false,false,false,false,22,7,4:28,4:21,left,APPROVED,22,7,true,9.08,49.18,true,true
2022,REG,2,2022091802,2656,5110,WAS,58857,2656.0,"(3:04) (Shotgun) C.Wentz pass deep middle to L.Thomas for 20 yards, TOUCHDOWN.",2,play_type_pass,3,2,9,5110,03:04,DET 20,20,DET,30,2022-09-18T19:12:08.000Z,false,false,true,false,false,false,22,13,3:04,3:00,left,APPROVED,22,7,true,9.39,21.14,true,true
2022,REG,2,2022091802,2710,1540,DET,58857,2710.0,(2:58) A.St. Brown right end to WAS 17 for 58 yards (B.St-Juste).,2,play_type_rush,3,1,10,1540,02:58,DET 25,25,DET,35,2022-09-18T19:15:29.000Z,false,false,false,false,false,false,22,15,2:58,2:50,right,APPROVED,22,15,true,10.0,44.7,true,true
2022,REG,2,2022091802,2772,1540,DET,58857,2772.0,"(1:38) (Shotgun) J.Goff pass short right to D.Swift for 22 yards, TOUCHDOWN [J.Davis].",2,play_type_pass,3,3,15,1540,01:38,WAS 22,22,WAS,88,2022-09-18T19:17:34.000Z,false,false,true,false,false,false,28,15,1:38,1:29,right,APPROVED,22,15,true,15.75,102.83,true,true
2022,REG,2,2022091802,3158,5110,WAS,58857,3158.0,TWO-POINT CONVERSION ATTEMPT. C.Wentz pass to J.Dotson is incomplete. ATTEMPT FAILS.,26,play_type_two_point_conversion,4,0,0,5110,10:39,DET 2,2,DET,108,2022-09-18T19:35:25.128Z,false,false,false,false,false,false,29,21,10:39,10:39,right,APPROVED,29,21,false,,,true,true
2022,REG,2,2022091802,3310,1540,DET,58857,3310.0,"(7:05) J.Goff pass short left to A.St. Brown for 11 yards, TOUCHDOWN.",2,play_type_pass,4,1,10,1540,07:05,WAS 11,11,WAS,21,2022-09-18T19:42:45.000Z,false,false,true,false,false,false,35,21,7:06,7:02,left,APPROVED,29,21,true,10.0,11.73,true,true
2022,REG,2,2022091802,3666,5110,WAS,58857,3666.0,"(2:00) (Shotgun) C.Wentz pass short middle to J.Dotson for 1 yard, TOUCHDOWN.",2,play_type_pass,4,3,1,5110,02:00,DET 1,1,DET,109,2022-09-18T19:54:56.000Z,false,false,true,true,false,false,36,27,2:00,1:58,right,APPROVED,36,21,true,1.45,110.0,true,true
2022,REG,2,2022091802,3940,1540,DET,58857,3940.0,(1:00) (Shotgun) C.Wentz sacked at WAS 30 for -9 yards (J.Cominsky).,2,play_type_sack,4,4,4,5110,01:00,WAS 39,39,WAS,49,2022-09-18T20:06:31.000Z,false,false,false,false,false,true,36,27,1:00,:55,right,APPROVED,36,27,true,4.44,52.77,true,true
2022,REG,2,2022091803,193,2250,JAX,58858,193.0,(11:41) (Shotgun) M.Ryan pass deep right intended for A.Dulin INTERCEPTED by R.Jenkins [T.Walker] at JAX 22. R.Jenkins to JAX 32 for 10 yards (K.Granson).,2,play_type_pass,1,3,10,2200,11:41,JAX 40,40,JAX,50,2022-09-18T17:07:20.000Z,false,false,false,false,false,true,0,0,11:41,11:35,left,APPROVED,0,0,true,10.43,40.2,true,true
2022,REG,2,2022091803,592,2250,JAX,58858,592.0,"(2:27) (Shotgun) T.Lawrence pass short middle to C.Kirk for 10 yards, TOUCHDOWN.",2,play_type_pass,1,3,4,2250,02:27,IND 10,10,IND,100,2022-09-18T17:24:30.000Z,false,false,true,false,false,false,6,0,2:28,2:24,right,APPROVED,0,0,true,4.56,103.77,true,true
2022,REG,2,2022091803,904,2250,JAX,58858,904.0,(12:21) (Shotgun) M.Ryan sacked at IND 38 for -9 yards (J.Allen).,2,play_type_sack,2,3,7,2200,12:21,IND 47,47,IND,57,2022-09-18T17:39:56.000Z,false,false,false,false,false,false,7,0,12:22,12:19,right,APPROVED,7,0,false,7.28,63.26,true,true
2022,REG,2,2022091803,1070,2250,JAX,58858,1070.0,(8:41) T.Lawrence pass deep left to C.Kirk pushed ob at IND 37 for 26 yards (R.McLeod).,2,play_type_pass,2,1,20,2250,08:41,JAX 37,37,JAX,73,2022-09-18T17:47:05.000Z,false,false,false,false,false,false,7,0,8:42,8:35,left,APPROVED,7,0,true,20.0,53.46,true,true
2022,REG,2,2022091803,1099,2250,JAX,58858,1099.0,"(8:02) J.Robinson up the middle for 37 yards, TOUCHDOWN.",2,play_type_rush,2,1,10,2250,08:02,IND 37,37,IND,47,2022-09-18T17:47:48.000Z,false,false,true,false,false,false,13,0,8:03,7:55,left,APPROVED,7,0,true,10.0,37.4,true,true
2022,REG,2,2022091803,2437,2250,JAX,58858,2437.0,"(:22) T.Lawrence pass short right to C.Kirk for 5 yards, TOUCHDOWN.",2,play_type_pass,3,4,1,2250,00:22,IND 5,5,IND,15,2022-09-18T18:57:44.000Z,false,false,true,false,false,false,23,0,:22,:19,left,APPROVED,17,0,true,2.09,13.29,true,true
2022,REG,2,2022091803,2654,2200,IND,58858,2654.0,(13:30) (Shotgun) M.Ryan pass deep left to M.Strachan to JAX 8 for 23 yards (T.Campbell).,2,play_type_pass,4,2,14,2200,13:30,JAX 31,31,JAX,41,2022-09-18T19:08:32.000Z,false,false,false,false,false,false,24,0,13:31,13:26,left,APPROVED,24,0,true,14.06,27.08,true,true
2022,REG,2,2022091803,2993,2200,IND,58858,2993.0,(7:53) (Shotgun) M.Ryan pass deep right to A.Dulin to JAX 11 for 39 yards (A.Cisco).,2,play_type_pass,4,2,10,2200,07:53,50,50,,60,2022-09-18T19:25:56.000Z,false,false,false,false,false,false,24,0,7:53,,left,APPROVED,24,0,true,10.24,50.52,true,true
2022,REG,2,2022091803,3221,2250,JAX,58858,3221.0,(4:33) (Shotgun) M.Ryan pass deep right intended for D.Patmon INTERCEPTED by D.Lloyd (F.Fatukasi) [R.Robertson-Harris] at JAX 33. D.Lloyd to JAX 46 for 13 yards (N.Hines).,2,play_type_pass,4,2,10,2200,04:33,IND 42,42,IND,68,2022-09-18T19:33:53.000Z,false,false,false,false,false,true,24,0,4:35,4:26,left,APPROVED,24,0,true,10.24,42.25,true,true
2022,REG,2,2022091803,3346,2250,JAX,58858,3346.0,(2:37) (Shotgun) M.Ryan pass deep left intended for P.Campbell INTERCEPTED by A.Cisco [A.Gotsis] at IND 35. A.Cisco to IND 34 for 1 yard.,2,play_type_pass,4,1,10,2200,02:37,IND 13,13,IND,97,2022-09-18T19:38:21.000Z,false,false,false,false,false,true,24,0,2:37,2:33,left,APPROVED,24,0,true,10.0,87.37,true,true
2022,REG,2,2022091804,421,4900,TB,58859,421.0,"(8:16) (Shotgun) T.Brady pass deep right to S.Miller pushed ob at TB 48 for 23 yards (P.Williams). Pass 23, YAC 0",2,play_type_pass,1,3,10,4900,08:16,TB 25,25,TB,35,2022-09-18T17:15:24.000Z,false,false,false,false,false,false,3,0,,8:13,right,APPROVED,3,0,true,10.19,44.67,true,true
2022,REG,2,2022091804,826,4900,TB,58859,826.0,"(15:00) (Shotgun) T.Brady pass deep right to M.Evans pushed ob at NO 30 for 41 yards (J.Evans; M.Maye). Pass 17, YAC 24",2,play_type_pass,2,3,4,4900,15:00,TB 29,29,TB,81,2022-09-18T17:34:07.000Z,false,false,false,false,false,false,3,0,15:00,,left,APPROVED,3,0,true,4.11,77.35,true,true
2022,REG,2,2022091804,3147,4900,TB,58859,3147.0,(11:58) J.Winston pass deep middle intended for C.Olave INTERCEPTED by J.Dean at TB 0. Touchback.,2,play_type_pass,4,2,8,3300,11:58,NO 47,47,NO,57,2022-09-18T19:24:09.000Z,false,false,false,false,false,true,3,3,11:59,11:49,right,APPROVED,3,3,true,8.41,64.63,true,true
2022,REG,2,2022091804,3409,4900,TB,58859,3409.0,"(7:49) (Shotgun) T.Brady pass deep right to B.Perriman for 28 yards, TOUCHDOWN. Pass 28, YAC 0",2,play_type_pass,4,3,5,4900,07:49,NO 28,28,NO,38,2022-09-18T19:34:51.000Z,false,false,true,false,false,false,3,9,7:50,7:44,left,APPROVED,3,3,true,4.75,33.4,true,true
2022,REG,2,2022091804,3495,4900,TB,58859,3495.0,(6:56) (Shotgun) J.Winston pass deep left intended for J.Johnson INTERCEPTED by J.Dean at TB 47. J.Dean ran ob at NO 29 for 24 yards (J.Hurst).,2,play_type_pass,4,2,15,3300,06:56,NO 28,28,NO,38,2022-09-18T19:38:35.000Z,false,false,false,false,false,true,3,10,6:57,,right,APPROVED,3,10,true,15.45,52.69,true,true
2022,REG,2,2022091804,3668,3300,NO,58859,3668.0,"(5:17) (Shotgun) J.Winston pass short right to J.Johnson to NO 47 for 22 yards (C.Davis). Pass 15, YAC 7",2,play_type_pass,4,2,15,3300,05:17,NO 25,25,NO,35,2022-09-18T19:45:35.000Z,false,false,false,false,false,false,3,13,5:17,5:13,right,APPROVED,3,13,true,15.64,49.65,true,true
2022,REG,2,2022091804,3742,4900,TB,58859,3742.0,"(4:23) (No Huddle, Shotgun) J.Winston pass short left intended for J.Landry INTERCEPTED by M.Edwards at TB 32. M.Edwards for 68 yards, TOUCHDOWN.",2,play_type_pass,4,1,10,3300,04:23,TB 42,42,TB,68,2022-09-18T19:47:06.000Z,false,false,true,false,false,true,3,19,,4:13,right,APPROVED,3,13,true,10.0,77.77,true,true
2022,REG,2,2022091804,3993,3300,NO,58859,3993.0,"(3:07) (Shotgun) J.Winston pass short right to M.Thomas for 7 yards, TOUCHDOWN.",2,play_type_pass,4,3,4,3300,03:07,TB 7,7,TB,103,2022-09-18T19:54:52.000Z,false,false,true,false,false,false,9,20,3:07,3:06,right,APPROVED,3,20,true,4.07,106.58,true,true
2022,REG,2,2022091804,4190,4900,TB,58859,4190.0,"(2:36) (Shotgun) J.Winston pass deep right to C.Olave to TB 39 for 51 yards. FUMBLES, RECOVERED by TB-C.Davis at TB 34. C.Davis to TB 34 for no gain (C.Olave). The Replay Official reviewed the fumble ruling, and the play was Upheld. The ruling on the field stands.",2,play_type_pass,4,1,10,3300,02:36,NO 10,10,NO,20,2022-09-18T20:02:21.000Z,false,false,false,false,false,true,10,20,2:37,2:29,right,APPROVED,10,20,true,10.0,29.59,true,true
2022,REG,2,2022091805,41,0750,CAR,58860,41.0,"G.Gano kicks 65 yards from NYG 35 to CAR 0. C.Hubbard to CAR 25 for 25 yards (C.Coughlin). FUMBLES (C.Coughlin), RECOVERED by NYG-D.Belton at CAR 25. D.Belton to CAR 22 for 3 yards (G.Ricci).",32,play_type_kickoff,1,0,0,3410,15:00,NYG 35,35,NYG,45,2022-09-18T17:03:00.000Z,true,false,false,false,false,true,0,0,15:00,14:55,right,APPROVED,0,0,false,,,true,true
2022,REG,2,2022091805,2010,0750,CAR,58860,2010.0,"(12:33) B.Mayfield pass deep right to D.Moore for 16 yards, TOUCHDOWN.",2,play_type_pass,3,1,10,0750,12:33,NYG 16,16,NYG,94,2022-09-18T18:41:57.000Z,false,false,true,false,false,false,6,12,12:34,12:28,right,APPROVED,6,6,true,10.0,103.74,true,true
2022,REG,2,2022091805,2229,3410,NYG,58860,2229.0,"(9:27) (Shotgun) D.Jones pass short left to D.Bellinger for 16 yards, TOUCHDOWN.",2,play_type_pass,3,2,10,3410,09:27,CAR 16,16,CAR,26,2022-09-18T18:50:35.000Z,false,false,true,false,false,false,12,13,9:27,9:23,left,APPROVED,6,13,true,10.19,16.06,true,true
2022,REG,2,2022091805,2998,3410,NYG,58860,2998.0,(14:44) (Shotgun) D.Jones pass deep left to D.Sills to CAR 41 for 24 yards (S.Thompson).,2,play_type_pass,4,3,10,3410,14:44,NYG 35,35,NYG,45,2022-09-18T19:25:32.000Z,false,false,false,false,false,false,13,13,14:44,14:38,right,APPROVED,13,13,true,10.52,54.53,true,true
2022,REG,2,2022091805,3127,0750,CAR,58860,3127.0,(12:31) C.McCaffrey left guard to NYG 26 for 49 yards (F.Moreau).,2,play_type_rush,4,1,10,0750,12:31,CAR 25,25,CAR,85,2022-09-18T19:31:26.000Z,false,false,false,false,false,false,16,13,12:31,12:23,left,APPROVED,16,13,true,10.0,75.06,true,true
2022,REG,2,2022091805,3706,3410,NYG,58860,3706.0,(2:42) (Shotgun) B.Mayfield sacked at CAR 37 for -9 yards (J.Love).,2,play_type_sack,4,3,6,0750,02:42,CAR 46,46,CAR,64,2022-09-18T19:53:40.000Z,false,false,false,false,false,false,19,16,2:42,2:39,left,APPROVED,19,16,false,6.76,57.74,true,true
2022,REG,2,2022091806,758,3200,NE,58861,758.0,(1:47) M.Trubisky pass deep middle intended for D.Johnson INTERCEPTED by J.Mills (M.Wilson) at NE 26. J.Mills to NE 39 for 13 yards (G.Pickens).,2,play_type_pass,1,1,10,3900,01:47,NE 42,42,NE,52,2022-09-18T17:30:02.000Z,false,false,false,false,false,true,0,3,1:48,1:39,left,APPROVED,0,3,true,10.0,42.35,true,true
2022,REG,2,2022091806,832,3900,PIT,58861,832.0,(:53) (Shotgun) M.Jones pass deep middle intended for D.Parker INTERCEPTED by M.Fitzpatrick [A.Highsmith] at PIT 21. M.Fitzpatrick ran ob at PIT 34 for 13 yards (H.Henry).,2,play_type_pass,1,3,5,3200,00:53,NE 44,44,NE,54,2022-09-18T17:34:53.000Z,false,false,false,false,false,true,0,3,:54,:42,right,APPROVED,0,3,true,5.18,58.79,true,true
2022,REG,2,2022091806,1817,3200,NE,58861,1817.0,"(:30) (No Huddle, Shotgun) M.Jones pass deep right to N.Agholor for 44 yards, TOUCHDOWN.",2,play_type_pass,2,3,3,3200,00:30,PIT 44,44,PIT,54,2022-09-18T18:15:53.000Z,false,false,true,false,false,false,3,9,,:23,left,APPROVED,3,3,true,3.39,51.13,true,true
2022,REG,2,2022091806,2945,3900,PIT,58861,2945.0,"(15:00) (Shotgun) M.Trubisky pass short middle to P.Freiermuth for 8 yards, TOUCHDOWN.",2,play_type_pass,4,3,4,3900,15:00,NE 8,8,NE,102,2022-09-18T19:19:24.000Z,false,false,true,false,false,false,12,17,15:00,14:59,right,APPROVED,6,17,true,4.36,105.92,true,true
2022,REG,2,2022091807,578,2510,LA,58862,578.0,"(1:48) M.Stafford pass short left to Al.Robinson for 1 yard, TOUCHDOWN.",2,play_type_pass,1,3,1,2510,01:48,ATL 1,1,ATL,109,2022-09-18T20:26:20.000Z,false,false,true,true,false,false,6,0,1:49,1:46,right,APPROVED,0,0,true,0.76,110.0,true,true
2022,REG,2,2022091807,1030,2510,LA,58862,1030.0,"(9:34) D.Henderson right guard for 8 yards, TOUCHDOWN.",2,play_type_rush,2,1,8,2510,09:34,ATL 8,8,ATL,18,2022-09-18T20:46:38.000Z,false,false,true,true,false,false,13,0,9:35,9:32,left,APPROVED,7,0,true,8.309999999999999,10.0,true,true
2022,REG,2,2022091807,1104,0200,ATL,58862,1104.0,(8:48) (Shotgun) M.Mariota pass deep right to K.Hodge to LA 33 for 39 yards (J.Fuller).,2,play_type_pass,2,2,7,0200,08:48,ATL 28,28,ATL,38,2022-09-18T20:51:48.000Z,false,false,false,false,false,false,14,0,8:49,8:41,right,APPROVED,14,0,true,7.24,44.81,true,true
2022,REG,2,2022091807,1512,0200,ATL,58862,1512.0,(1:00) (Shotgun) M.Stafford pass deep right intended for T.Higbee INTERCEPTED by C.Hayward at ATL -5. Touchback.,2,play_type_pass,2,2,7,2510,01:00,ATL 23,23,ATL,33,2022-09-18T21:10:09.000Z,false,false,false,false,false,true,14,3,1:00,:56,left,APPROVED,14,3,true,6.86,26.75,true,false
2022,REG,2,2022091807,1616,2510,LA,58862,1616.0,"(:39) (Shotgun) M.Mariota pass short left intended for C.Patterson INTERCEPTED by D.Durant at LA 40. D.Durant to ATL 9 for 51 yards (M.Mariota, C.Lindstrom).",2,play_type_pass,2,3,10,0200,00:39,LA 44,44,LA,66,2022-09-18T21:15:30.000Z,false,false,false,false,false,true,14,3,:39,:30,right,APPROVED,14,3,true,10.28,75.83,true,true
2022,REG,2,2022091807,1721,2510,LA,58862,1721.0,"(:18) M.Stafford pass short left to C.Kupp for 3 yards, TOUCHDOWN.",2,play_type_pass,2,2,3,2510,00:18,ATL 3,3,ATL,13,2022-09-18T21:19:48.000Z,false,false,true,true,false,false,20,3,:18,:15,left,APPROVED,14,3,true,3.69,10.0,true,true
2022,REG,2,2022091807,2111,2510,LA,58862,2111.0,"(9:28) (Shotgun) M.Stafford pass short right to C.Kupp for 10 yards, TOUCHDOWN.",2,play_type_pass,3,3,4,2510,09:28,ATL 10,10,ATL,100,2022-09-18T21:45:28.000Z,false,false,true,false,false,false,27,3,9:28,9:24,right,APPROVED,21,3,true,4.35,103.8,true,true
2022,REG,2,2022091807,2188,2510,LA,58862,2188.0,(8:43) (Shotgun) M.Mariota sacked at ATL 19 for -7 yards (D.Durant).,2,play_type_sack,3,2,9,0200,08:43,ATL 26,26,ATL,84,2022-09-18T21:50:29.000Z,false,false,false,false,false,false,28,3,8:44,8:40,left,APPROVED,28,3,false,9.51,74.82,true,true
2022,REG,2,2022091807,2293,0200,ATL,58862,2293.0,(6:33) M.Stafford pass short middle intended for C.Kupp INTERCEPTED by M.Walker at LA 41. M.Walker to LA 20 for 21 yards (C.Shelton; R.Havenstein).,2,play_type_pass,3,2,7,2510,06:33,LA 33,33,LA,43,2022-09-18T21:56:38.000Z,false,false,false,false,false,true,28,3,6:34,6:25,right,APPROVED,28,3,true,7.29,49.61,true,true
2022,REG,2,2022091807,2438,0200,ATL,58862,2438.0,"(3:24) (Shotgun) M.Mariota pass short left to D.London for 4 yards, TOUCHDOWN.",2,play_type_pass,3,2,4,0200,03:24,LA 4,4,LA,14,2022-09-18T22:01:02.000Z,false,false,true,true,false,false,28,9,3:24,3:22,left,APPROVED,28,3,true,4.55,10.0,true,true
2022,REG,2,2022091807,3043,0200,ATL,58862,3043.0,"(8:21) (Shotgun) M.Mariota pass short right to O.Zaccheaus for 11 yards, TOUCHDOWN.",2,play_type_pass,4,2,6,0200,08:21,LA 11,11,LA,99,2022-09-18T22:29:21.000Z,false,false,true,false,false,false,31,16,8:22,8:15,right,APPROVED,31,10,true,6.54,105.04,true,true
2022,REG,2,2022091807,3239,0200,ATL,58862,3239.0,"(5:06) R.Dixon punt is BLOCKED by T.Andersen, Center-M.Orzech, RECOVERED by ATL-L.Carter at LA 26. L.Carter for 26 yards, TOUCHDOWN.",2,play_type_punt,4,4,8,2510,05:06,LA 41,41,LA,69,2022-09-18T22:40:48.000Z,true,false,true,false,false,true,31,23,5:06,4:58,left,APPROVED,31,17,true,8.66,61.41,true,true
2022,REG,2,2022091807,3480,2510,LA,58862,3480.0,(1:18) (Shotgun) M.Mariota pass deep middle intended for B.Edwards INTERCEPTED by J.Ramsey at LA -2. J.Ramsey pushed ob at LA 23 for 25 yards (D.Dalman).,2,play_type_pass,4,3,13,0200,01:18,LA 24,24,LA,86,2022-09-18T22:53:20.000Z,false,false,false,false,false,true,31,25,1:18,1:08,right,APPROVED,31,25,true,13.64,99.31,true,true
2022,REG,2,2022091808,565,4500,SF,58863,565.0,(4:09) (Shotgun) D.Samuel right end to SEA 23 for 51 yards (T.Woolen).,2,play_type_rush,1,2,8,4500,04:09,SF 26,26,SF,84,2022-09-18T20:26:09.000Z,false,false,false,false,false,false,3,0,4:10,3:59,left,APPROVED,3,0,true,8.58,75.55,true,true
2022,REG,2,2022091808,980,4500,SF,58863,980.0,"(11:28) (Shotgun) J.Garoppolo pass deep left to R.Dwelley for 38 yards, TOUCHDOWN.",2,play_type_pass,2,1,10,4500,11:28,SEA 38,38,SEA,72,2022-09-18T20:48:36.000Z,false,false,true,false,false,false,12,0,11:29,11:21,right,APPROVED,6,0,true,10.0,81.58,true,false
2022,REG,2,2022091808,1461,4500,SF,58863,1461.0,(4:19) (Shotgun) Direct snap to K.Walker.  D.Dallas pass short right intended for D.Metcalf INTERCEPTED by C.Ward at SF -2. C.Ward pushed ob at SF 7 for 9 yards (D.Dallas).,2,play_type_pass,2,2,5,4600,04:19,SF 8,8,SF,18,2022-09-18T21:11:35.000Z,false,false,false,false,false,true,13,0,4:21,4:13,left,APPROVED,13,0,true,5.0,12.86,true,true
2022,REG,2,2022091808,1581,4600,SEA,58863,1581.0,"(2:00) M.Wishnowsky punts 46 yards to SEA 25, Center-T.Pepper. X.Crawford MUFFS catch, touched at SEA 24, RECOVERED by SF-R.Dwelley at SEA 22.",2,play_type_punt,2,4,1,4500,02:00,SF 29,29,SF,39,2022-09-18T21:17:44.000Z,true,false,false,false,false,false,13,0,2:00,1:49,right,APPROVED,13,0,false,0.93,39.67,true,true
2022,REG,2,2022091809,309,1200,DAL,58864,309.0,"(8:41) C.Rush pass short right to N.Brown for 9 yards, TOUCHDOWN. Pass complete after Rush rolled out right",2,play_type_pass,1,2,7,1200,08:41,CIN 9,9,CIN,19,2022-09-18T20:33:22.000Z,false,false,true,false,false,false,6,0,8:42,,left,APPROVED,0,0,true,7.68,11.91,true,true
2022,REG,2,2022091809,695,1200,DAL,58864,695.0,(1:32) (Shotgun) C.Rush pass deep left to N.Brown to CIN 47 for 28 yards (E.Apple).,2,play_type_pass,1,3,10,1200,01:32,DAL 25,25,DAL,85,2022-09-18T20:53:03.000Z,false,false,false,false,false,false,7,3,1:34,1:27,left,APPROVED,7,3,true,10.2,75.21,true,true
2022,REG,2,2022091809,741,1200,DAL,58864,741.0,"(:39) (Shotgun) C.Rush pass short left to T.Pollard for 47 yards, TOUCHDOWN. The Replay Official reviewed the runner broke the plane ruling, and the play was REVERSED. (Shotgun) C.Rush pass short left to T.Pollard to CIN 1 for 46 yards (V.Bell).",2,play_type_pass,1,2,10,1200,00:39,CIN 47,47,CIN,57,2022-09-18T20:54:33.000Z,false,false,false,false,false,false,7,3,:39,:32,left,APPROVED,7,3,true,10.43,47.35,true,true
2022,REG,2,2022091809,1428,1200,DAL,58864,1428.0,"(4:00) (Shotgun) C.Rush pass deep left to N.Brown to CIN 47 for 25 yards (E.Apple). Penalty on CIN-G.Pratt, Defensive Offside, declined.",2,play_type_pass,2,3,4,1200,04:00,DAL 28,28,DAL,38,2022-09-18T21:27:41.000Z,false,false,false,false,false,false,14,3,4:01,3:56,right,APPROVED,14,3,true,4.2,41.36,true,true
2022,REG,2,2022091809,3015,0920,CIN,58864,3015.0,(13:26) (Shotgun) C.Rush sacked at DAL 41 for -5 yards (S.Hubbard).,2,play_type_sack,4,3,7,1200,13:26,DAL 46,46,DAL,64,2022-09-18T22:44:29.000Z,false,false,false,false,false,false,17,9,13:26,13:23,left,APPROVED,17,9,false,7.43,57.34,true,true
2022,REG,2,2022091809,3522,0920,CIN,58864,3522.0,"(3:51) (Shotgun) J.Burrow pass short right to T.Higgins for 5 yards, TOUCHDOWN.",2,play_type_pass,4,2,5,0920,03:51,DAL 5,5,DAL,105,2022-09-18T23:05:18.000Z,false,false,true,true,false,false,17,15,,3:47,right,APPROVED,17,9,true,5.6,110.0,true,true
2022,REG,2,2022091810,2139,1400,DEN,58865,2139.0,(2:00) (Shotgun) R.Wilson pass deep left to C.Sutton pushed ob at HST 16 for 34 yards (D.Stingley).,2,play_type_pass,2,3,5,1400,02:00,50,50,,60,2022-09-18T21:48:27.000Z,false,false,false,false,false,false,3,6,2:00,1:54,left,APPROVED,3,6,true,5.76,55.56,true,true
2022,REG,2,2022091810,2435,2120,HOU,58865,2435.0,(13:47) (Shotgun) R.Wilson pass deep middle intended for C.Sutton INTERCEPTED by C.Kirksey at DEN 45. C.Kirksey to DEN 45 for no gain (C.Sutton).,2,play_type_pass,3,2,16,1400,13:47,DEN 19,19,DEN,91,2022-09-18T22:10:43.000Z,false,false,false,false,false,true,6,6,,13:42,left,APPROVED,6,6,true,16.31,75.59,true,true
2022,REG,2,2022091810,3232,1400,DEN,58865,3232.0,(15:00) (Shotgun) R.Wilson pass deep left to C.Sutton to HST 33 for 35 yards (J.Owens).,2,play_type_pass,4,3,16,1400,15:00,DEN 32,32,DEN,42,2022-09-18T22:48:36.000Z,false,false,false,false,false,false,6,9,15:00,14:54,right,APPROVED,6,9,true,16.27,57.4,true,true
2022,REG,2,2022091810,3298,1400,DEN,58865,3298.0,"(12:42) R.Wilson pass deep right to E.Saubert for 22 yards, TOUCHDOWN.",2,play_type_pass,4,1,10,1400,12:42,HOU 22,22,HOU,88,2022-09-18T22:50:53.000Z,false,false,true,false,false,false,12,9,12:43,12:38,right,APPROVED,6,9,true,10.0,98.12,true,true
2022,REG,2,2022091810,3478,1400,DEN,58865,3478.0,(10:37) (Shotgun) D.Mills sacked at DEN 45 for -7 yards (D.Jones).,2,play_type_sack,4,3,7,2120,10:37,DEN 38,38,DEN,48,2022-09-18T22:58:55.000Z,false,false,false,false,false,false,13,9,10:37,10:35,left,APPROVED,13,9,false,7.63,41.24,true,true
2022,REG,2,2022091811,77,3800,ARI,58866,77.0,(14:21) (Shotgun) D.Carr sacked at LV 24 for -8 yards (J.Watt).,2,play_type_sack,1,2,3,2520,14:21,LV 32,32,LV,42,2022-09-18T20:26:55.000Z,false,false,false,false,false,false,0,0,14:22,14:18,right,APPROVED,0,0,false,3.41,44.49,true,true
2022,REG,2,2022091811,334,2520,LV,58866,334.0,(7:45) (Shotgun) D.Carr pass deep middle to M.Hollins to ARZ 6 for 23 yards (B.Baker).,2,play_type_pass,1,3,12,2520,07:45,ARI 29,29,ARI,81,2022-09-18T20:34:21.000Z,false,false,false,false,false,false,0,0,7:46,7:38,right,APPROVED,0,0,true,12.44,92.59,true,true
2022,REG,2,2022091811,455,2520,LV,58866,455.0,"(5:25) J.Barton reported in as eligible.  D.Carr pass short left to D.Adams for 1 yard, TOUCHDOWN.",2,play_type_pass,1,2,1,2520,05:25,ARI 1,1,ARI,109,2022-09-18T20:38:06.000Z,false,false,true,true,false,false,6,0,5:26,5:24,right,APPROVED,0,0,true,1.49,110.0,true,true
2022,REG,2,2022091811,1297,2520,LV,58866,1297.0,(7:51) (Shotgun) D.Carr pass short left to A.Abdullah to ARZ 3 for 23 yards (Z.Collins).,2,play_type_pass,2,3,10,2520,07:51,ARI 26,26,ARI,36,2022-09-18T21:16:32.000Z,false,false,false,false,false,false,10,0,7:51,7:45,left,APPROVED,10,0,true,10.42,26.08,true,true
2022,REG,2,2022091811,1321,2520,LV,58866,1321.0,"(7:04) D.Carr pass short left to D.Waller for 3 yards, TOUCHDOWN.",2,play_type_pass,2,1,3,2520,07:04,ARI 3,3,ARI,13,2022-09-18T21:17:19.000Z,false,false,true,true,false,false,16,0,7:06,,left,APPROVED,10,0,true,3.4499999999999993,10.0,true,true
2022,REG,2,2022091811,1623,2520,LV,58866,1623.0,(2:01) (Shotgun) K.Murray pass deep right intended for M.Brown INTERCEPTED by A.Robertson at LV 20. A.Robertson pushed ob at LV 27 for 7 yards (M.Brown).,2,play_type_pass,2,3,2,3800,02:01,LV 42,42,LV,68,2022-09-18T21:32:23.000Z,false,false,false,false,false,true,17,0,2:02,1:53,right,APPROVED,17,0,true,2.38,69.51,true,true
2022,REG,2,2022091811,2213,3800,ARI,58866,2213.0,(11:05) (Shotgun) K.Murray pass short left to G.Dortch to ARZ 45 for 29 yards (N.Hobbs).,2,play_type_pass,3,1,15,3800,11:05,ARI 16,16,ARI,26,2022-09-18T22:11:55.000Z,false,false,false,false,false,false,20,0,11:06,10:57,right,APPROVED,20,0,true,15.0,40.59,true,true
2022,REG,2,2022091811,2461,3800,ARI,58866,2461.0,"(6:08) (Shotgun) K.Murray pass short right to G.Dortch for 5 yards, TOUCHDOWN.",2,play_type_pass,3,3,5,3800,06:08,LV 5,5,LV,105,2022-09-18T22:19:46.000Z,false,false,true,true,false,false,20,6,6:08,6:05,right,APPROVED,20,0,true,5.91,110.0,true,true
2022,REG,2,2022091811,3306,3800,ARI,58866,3306.0,"(8:41) (Shotgun) K.Murray pass deep left to M.Brown for 25 yards, TOUCHDOWN. Penalty on LV-A.Robertson, Defensive Pass Interference, declined. The Replay Official reviewed the runner broke the plane ruling, and the play was REVERSED. (Shotgun) K.Murray pass deep left to M.Brown to LV 1 for 24 yards (A.Robertson). Penalty on LV-A.Robertson, Defensive Pass Interference, declined.",2,play_type_pass,4,4,4,3800,08:41,LV 25,25,LV,35,2022-09-18T22:58:17.000Z,false,false,false,false,false,false,23,7,8:41,8:37,left,APPROVED,23,7,true,4.57,30.93,true,true
2022,REG,2,2022091811,4076,3800,ARI,58866,4076.0,"(:05) (Shotgun) K.Murray scrambles left tackle for 3 yards, TOUCHDOWN.",2,play_type_rush,4,4,3,3800,00:05,LV 3,3,LV,13,2022-09-18T23:29:55.000Z,false,false,true,true,false,false,23,21,:05,:00,left,APPROVED,23,15,true,3.75,10.0,true,true
2022,REG,2,2022091812,546,0810,CHI,58867,546.0,"(4:42) J.Fields right end for 3 yards, TOUCHDOWN.",2,play_type_rush,1,2,1,0810,04:42,GB 3,3,GB,107,2022-09-19T00:44:25.000Z,false,false,true,false,false,false,3,6,4:43,4:38,right,APPROVED,3,0,true,1.7,107.89,true,true
2022,REG,2,2022091812,814,1800,GB,58867,814.0,"(15:00) (Shotgun) A.Jones right end for 15 yards, TOUCHDOWN.",2,play_type_rush,2,2,11,1800,15:00,CHI 15,15,CHI,95,2022-09-19T00:57:58.000Z,false,false,true,false,false,false,9,7,15:00,14:55,right,APPROVED,3,7,true,11.5,105.87,true,true
2022,REG,2,2022091812,1027,0810,CHI,58867,1027.0,(12:41) (Shotgun) A.Rodgers sacked at GB 28 for -11 yards (R.Quinn).,2,play_type_sack,2,3,10,1800,12:41,GB 39,39,GB,49,2022-09-19T01:08:04.000Z,false,false,false,false,false,false,10,7,12:41,12:38,right,APPROVED,10,7,false,10.62,58.75,true,true
2022,REG,2,2022091812,1756,1800,GB,58867,1756.0,"(:35) (Shotgun) A.Rodgers pass short middle to A.Lazard for 5 yards, TOUCHDOWN.",2,play_type_pass,2,2,1,1800,00:35,CHI 5,5,CHI,105,2022-09-19T01:39:46.000Z,false,false,true,false,false,false,23,7,:35,:33,right,APPROVED,17,7,true,1.22,105.57,true,true
2022,REG,2,2022091812,1923,1800,GB,58867,1923.0,(14:24) (Shotgun) J.Fields sacked at CHI 22 for -7 yards (R.Gary).,2,play_type_sack,3,2,3,0810,14:24,CHI 29,29,CHI,81,2022-09-19T01:59:39.000Z,false,false,false,false,false,false,24,7,14:25,14:21,left,APPROVED,24,7,false,3.15,78.26,true,true
2022,REG,2,2022091812,2033,1800,GB,58867,2033.0,(11:36) (Shotgun) A.Jones left end pushed ob at CHI 38 for 36 yards (E.Jackson; R.Smith).,2,play_type_rush,3,1,10,1800,11:36,GB 26,26,GB,36,2022-09-19T02:05:23.000Z,false,false,false,false,false,false,24,7,11:37,11:30,right,APPROVED,24,7,true,10.0,45.44,true,true
2022,REG,2,2022091812,2620,0810,CHI,58867,2620.0,(12:50) D.Montgomery left guard to GB 47 for 28 yards (D.Savage).,2,play_type_rush,4,2,20,0810,12:50,CHI 25,25,CHI,35,2022-09-19T02:31:12.000Z,false,false,false,false,false,false,24,10,12:51,12:41,right,APPROVED,24,10,true,20.28,54.53,true,true
2022,REG,2,2022091812,3011,1800,GB,58867,3011.0,(5:45) A.Rodgers pass deep left to S.Watkins pushed ob at CHI 33 for 55 yards (E.Jackson).,2,play_type_pass,4,2,11,1800,05:45,GB 12,12,GB,98,2022-09-19T02:52:03.000Z,false,false,false,false,false,false,24,10,5:45,5:36,left,APPROVED,24,10,true,11.08,87.37,true,true
2022,REG,2,2022091812,3246,1800,GB,58867,3246.0,(2:18) (Shotgun) J.Fields pass deep right intended for E.St. Brown INTERCEPTED by J.Alexander at CHI 39. J.Alexander ran ob at CHI 39 for no gain.,2,play_type_pass,4,2,10,0810,02:18,CHI 19,19,CHI,29,2022-09-19T03:03:30.000Z,false,false,false,false,false,true,27,10,2:18,2:11,right,APPROVED,27,10,true,10.39,38.6,true,true
2022,REG,2,2022091900,344,0610,BUF,58868,344.0,"(9:16) (Shotgun) J.Allen pass short left to R.Gilliam for 11 yards, TOUCHDOWN.",2,play_type_pass,1,1,10,0610,09:16,TEN 11,11,TEN,21,2022-09-19T23:28:37.000Z,false,false,true,false,false,false,6,0,9:16,9:08,left,APPROVED,0,0,true,10.0,10.88,true,true
2022,REG,2,2022091900,1637,0610,BUF,58868,1637.0,(3:51) B.Hart reported in as eligible.  J.Allen pass deep left to J.Kumerow to TEN 28 for 39 yards (C.Farley).,2,play_type_pass,2,1,10,0610,03:51,BUF 33,33,BUF,43,2022-09-20T00:26:38.000Z,false,false,false,false,false,false,10,7,3:52,3:47,right,APPROVED,10,7,true,10.0,53.17,true,true
2022,REG,2,2022091900,1798,0610,BUF,58868,1798.0,"(1:07) (Shotgun) J.Allen pass short right to S.Diggs for 4 yards, TOUCHDOWN.",2,play_type_pass,2,4,1,0610,01:07,TEN 4,4,TEN,106,2022-09-20T00:35:14.000Z,false,false,true,false,false,false,16,7,1:07,1:02,right,APPROVED,10,7,true,1.92,107.33,true,false
2022,REG,2,2022091900,2340,0610,BUF,58868,2340.0,"(10:26) (Shotgun) J.Allen pass deep left to S.Diggs for 46 yards, TOUCHDOWN.",2,play_type_pass,3,2,10,0610,10:26,TEN 46,46,TEN,56,2022-09-20T01:14:05.000Z,false,false,true,false,false,false,23,7,10:26,10:20,left,APPROVED,17,7,true,10.41,46.2,true,true
2022,REG,2,2022091900,2610,2100,TEN,58868,2610.0,"(8:33) S.Martin punts 38 yards to TEN 14, Center-R.Ferguson. K.Philips MUFFS catch, RECOVERED by BUF-T.Dodson at TEN 20. T.Dodson ran ob at TEN 20 for no gain.",2,play_type_punt,3,4,6,0610,08:33,BUF 48,48,BUF,62,2022-09-20T01:27:05.000Z,true,false,false,false,false,false,24,7,8:33,8:25,left,APPROVED,24,7,false,5.89,56.12,true,true
2022,REG,2,2022091900,2802,0610,BUF,58868,2802.0,(6:53) (Shotgun) R.Tannehill pass deep left intended for R.Woods INTERCEPTED by J.Poyer (T.Edmunds) at BUF 49. J.Poyer to BUF 49 for no gain (N.Westbrook-Ikhine).,2,play_type_pass,3,2,2,2100,06:53,TEN 33,33,TEN,43,2022-09-20T01:36:13.000Z,false,false,false,false,false,true,27,7,6:53,6:47,right,APPROVED,27,7,true,2.12,44.55,true,false
2022,REG,2,2022091900,2907,0610,BUF,58868,2907.0,"(5:38) (Shotgun) J.Allen pass short right to S.Diggs for 14 yards, TOUCHDOWN.",2,play_type_pass,3,2,10,0610,05:38,TEN 14,14,TEN,24,2022-09-20T01:39:43.000Z,false,false,true,false,false,false,33,7,5:38,5:35,left,APPROVED,27,7,true,10.28,14.22,true,true
2022,REG,2,2022091900,3059,0610,BUF,58868,3059.0,"(3:58) (Shotgun) R.Tannehill pass short right intended for N.Westbrook-Ikhine INTERCEPTED by M.Milano at TEN 43. M.Milano for 43 yards, TOUCHDOWN.",2,play_type_pass,3,2,12,2100,03:58,TEN 39,39,TEN,49,2022-09-20T01:48:29.000Z,false,false,true,false,false,true,40,7,3:58,3:49,right,APPROVED,34,7,true,13.04,60.52,true,true
2022,REG,2,2022091900,3825,0610,BUF,58868,3825.0,(6:39) J.Cook left end pushed ob at TEN 34 for 33 yards (C.Farley). TEN-C.Jackson was injured during the play.,2,play_type_rush,4,1,10,0610,06:39,BUF 33,33,BUF,43,2022-09-20T02:19:44.000Z,false,false,false,false,false,false,41,7,6:39,6:32,right,APPROVED,41,7,true,10.0,52.82,false,true
2022,REG,2,2022091901,327,3700,PHI,58869,327.0,"(9:14) (No Huddle, Shotgun) J.Hurts up the middle for 3 yards, TOUCHDOWN.",2,play_type_rush,1,1,3,3700,09:14,MIN 3,3,MIN,107,2022-09-20T00:38:40.000Z,false,false,true,true,false,false,6,0,9:16,9:11,right,APPROVED,0,0,true,4.180000000000007,110.0,true,true
2022,REG,2,2022091901,976,3700,PHI,58869,976.0,"(15:00) (Shotgun) J.Hurts pass deep left to Q.Watkins for 53 yards, TOUCHDOWN.",2,play_type_pass,2,2,8,3700,15:00,PHI 47,47,PHI,63,2022-09-20T01:09:44.000Z,false,false,true,false,false,false,13,0,15:00,14:53,left,APPROVED,7,0,true,8.18,55.46,true,false
2022,REG,2,2022091901,1225,3000,MIN,58869,1225.0,"(9:43) (Shotgun) K.Cousins pass short right to I.Smith for 2 yards, TOUCHDOWN.",2,play_type_pass,2,1,2,3000,09:43,PHI 2,2,PHI,108,2022-09-20T01:17:49.000Z,false,false,true,true,false,false,14,6,,9:40,right,APPROVED,14,0,true,2.6899999999999977,110.0,true,true
2022,REG,2,2022091901,1683,3700,PHI,58869,1683.0,"(2:09) (Shotgun) J.Hurts right end for 26 yards, TOUCHDOWN.",2,play_type_rush,2,3,2,3700,02:09,MIN 26,26,MIN,36,2022-09-20T01:38:13.000Z,false,false,true,false,false,false,20,7,,2:00,left,APPROVED,14,7,true,2.43,34.13,true,true
2022,REG,2,2022091901,2345,3700,PHI,58869,2345.0,"(10:01) (Shotgun) K.Cousins pass deep middle intended for J.Jefferson INTERCEPTED by D.Slay [J.Hargrave] at PHI 0. D.Slay to PHI 19 for 19 yards (G.Bradbury). Penalty on MIN-E.Cleveland, Offensive Holding, declined.",2,play_type_pass,3,2,10,3000,10:01,PHI 19,19,PHI,91,2022-09-20T02:14:08.000Z,false,false,false,false,false,true,24,7,10:03,9:54,right,APPROVED,24,7,true,10.58,101.03,true,false
2022,REG,2,2022091901,2740,3700,PHI,58869,2740.0,(2:28) (Shotgun) K.Cousins pass short left intended for A.Thielen INTERCEPTED by A.Maddox at PHI 13. A.Maddox to PHI 15 for 2 yards (I.Smith).,2,play_type_pass,3,3,7,3000,02:28,PHI 27,27,PHI,83,2022-09-20T02:28:12.000Z,false,false,false,false,false,true,24,7,2:28,2:21,right,APPROVED,24,7,true,,,true,true
2022,REG,2,2022091901,3331,3700,PHI,58869,3331.0,"(9:19) (Shotgun) K.Cousins sacked at MIN 40 for -9 yards (F.Cox). FUMBLES (F.Cox) [J.Sweat], recovered by MIN-E.Ingram at MIN 37.",2,play_type_sack,4,3,10,3000,09:19,MIN 49,49,MIN,61,2022-09-20T02:50:20.000Z,false,false,false,false,false,false,24,7,9:19,9:14,left,APPROVED,24,7,false,10.54,50.98,true,true
2022,REG,2,2022091901,3418,3000,MIN,58869,3418.0,"(7:36) (No Huddle, Shotgun) J.Hurts pass short right intended for K.Gainwell INTERCEPTED by J.Hicks at PHI 28. J.Hicks to PHI 9 for 19 yards (J.Mailata).",2,play_type_pass,4,2,11,3700,07:36,PHI 24,24,PHI,34,2022-09-20T02:55:00.000Z,false,false,false,false,false,true,24,7,7:37,7:28,right,APPROVED,24,7,true,10.93,44.25,true,true
2022,REG,2,2022091901,4000,3700,PHI,58869,4000.0,"(:23) (No Huddle, Shotgun) K.Cousins sacked at PHI 18 for -7 yards (J.Sweat).",2,play_type_sack,4,3,11,3000,00:23,PHI 11,11,PHI,21,2022-09-20T03:19:14.000Z,false,false,false,true,false,false,24,7,:24,:21,left,APPROVED,24,7,false,11.19,10.0,true,true
2022,PRE,3,2022082755,1009,0810,CHI,59153,1009.0,"(13:49) (Shotgun) J.Fields pass short left to D.Pettis for 12 yards, TOUCHDOWN.",2,play_type_pass,2,2,10,0810,13:49,CLE 12,12,CLE,22,2022-08-27T23:48:57.000Z,false,false,true,false,false,false,0,13,13:51,13:46,left,APPROVED,0,7,true,10.41,12.24,true,true
2022,REG,3,2022092200,382,3900,PIT,58870,382.0,(9:27) (Shotgun) J.Brissett sacked at CLV 23 for -8 yards (sack split by L.Ogunjobi and A.Highsmith).,2,play_type_sack,1,3,2,1050,09:27,CLE 31,31,CLE,79,2022-09-23T00:29:54.000Z,false,false,false,false,false,false,0,0,9:28,9:24,left,APPROVED,0,0,false,2.17,77.31,true,true
2022,REG,3,2022092200,666,1050,CLE,58870,666.0,"(2:57) (Shotgun) J.Brissett pass short middle to A.Cooper for 11 yards, TOUCHDOWN.",2,play_type_pass,1,2,9,1050,02:57,PIT 11,11,PIT,21,2022-09-23T00:41:17.000Z,false,false,true,false,false,false,6,0,2:59,2:55,left,APPROVED,0,0,true,9.41,12.22,true,true
2022,REG,3,2022092200,791,3900,PIT,58870,791.0,"(1:32) (No Huddle, Shotgun) M.Trubisky pass deep right to G.Pickens to CLV 18 for 36 yards (M.Emerson).",2,play_type_pass,1,2,3,3900,01:32,PIT 46,46,PIT,56,2022-09-23T00:47:07.000Z,false,false,false,false,false,false,7,0,1:33,1:25,right,APPROVED,7,0,true,3.61,59.27,true,true
2022,REG,3,2022092200,887,3900,PIT,58870,887.0,"(15:00) (Shotgun) N.Harris left tackle for 5 yards, TOUCHDOWN. Penalty on CLV-D.Ward, Defensive Offside, declined.",2,play_type_rush,2,1,5,3900,15:00,CLE 5,5,CLE,15,2022-09-23T00:51:59.000Z,false,false,true,true,false,false,7,6,15:00,14:57,left,APPROVED,7,0,true,5.58,10.0,true,true
2022,REG,3,2022092200,1258,1050,CLE,58870,1258.0,"(9:01) (Shotgun) J.Brissett pass short right to D.Njoku for 7 yards, TOUCHDOWN.",2,play_type_pass,2,1,7,1050,09:01,PIT 7,7,PIT,103,2022-09-23T01:04:40.000Z,false,false,true,true,false,false,13,7,9:03,8:59,right,APPROVED,7,7,true,7.299999999999997,110.0,true,true
2022,REG,3,2022092200,2560,1050,CLE,58870,2560.0,(8:51) (Shotgun) J.Brissett pass short right to A.Cooper ran ob at CLV 43 for 28 yards (M.Fitzpatrick).,2,play_type_pass,3,2,9,1050,08:51,CLE 15,15,CLE,95,2022-09-23T02:11:11.000Z,false,false,false,false,false,false,13,14,8:51,8:44,left,APPROVED,13,14,true,9.7,86.33,true,true
2022,REG,3,2022092200,3053,1050,CLE,58870,3053.0,(15:00) M.Dunn reported in as eligible.  J.Brissett pass deep right to A.Cooper to PIT 39 for 32 yards (C.Sutton).,2,play_type_pass,4,3,1,1050,15:00,CLE 29,29,CLE,39,2022-09-23T02:34:32.000Z,false,false,false,false,false,false,16,14,15:00,14:54,right,APPROVED,16,14,true,0.75,39.72,true,true
2022,REG,3,2022092500,194,3300,NO,58871,194.0,(12:08) A.Kamara left guard pushed ob at NO 43 for 27 yards (J.Chinn).,2,play_type_rush,1,2,5,3300,12:08,NO 16,16,NO,94,2022-09-25T17:08:19.000Z,false,false,false,false,false,false,0,0,12:09,12:03,left,APPROVED,0,0,true,5.45,89.37,true,false
2022,REG,3,2022092500,1224,3300,NO,58871,1224.0,(11:18) (Shotgun) B.Mayfield sacked at CAR 25 for -9 yards (sack split by C.Granderson and J.Gray).,2,play_type_sack,2,3,5,0750,11:18,CAR 34,34,CAR,76,2022-09-25T17:53:20.000Z,false,false,false,false,false,false,10,0,11:18,11:13,left,APPROVED,10,0,false,5.4,71.22,true,true
2022,REG,3,2022092500,1846,3300,NO,58871,1846.0,"(:53) (No Huddle, Shotgun) J.Winston pass deep right to C.Olave to CAR 18 for 49 yards (C.Henderson).",2,play_type_pass,2,3,6,3300,00:53,NO 33,33,NO,43,2022-09-25T18:19:22.000Z,false,false,false,false,false,false,13,0,2:56,2:56,right,APPROVED,13,0,true,6.69,48.16,false,false
2022,REG,3,2022092500,2355,3300,NO,58871,2355.0,(9:22) (Shotgun) J.Winston pass deep right to T.Smith to CAR 18 for 23 yards (J.Chinn).,2,play_type_pass,3,2,12,3300,09:22,CAR 41,41,CAR,69,2022-09-25T18:49:39.000Z,false,false,false,false,false,false,13,0,11:01,11:01,right,APPROVED,13,0,true,12.21,80.97,true,true
2022,REG,3,2022092500,2732,0750,CAR,58871,2732.0,(2:31) B.Mayfield pass deep left to S.Smith to NO 49 for 24 yards (B.Roby).,2,play_type_pass,3,3,2,0750,02:31,CAR 27,27,CAR,83,2022-09-25T19:07:43.000Z,false,false,false,false,false,false,13,0,2:32,2:24,left,APPROVED,13,0,true,2.67,81.3,true,true
2022,REG,3,2022092500,3097,3300,NO,58871,3097.0,"(12:35) M.Ingram up the middle for 5 yards, TOUCHDOWN.",2,play_type_rush,4,1,5,3300,12:35,CAR 5,5,CAR,15,2022-09-25T19:19:19.000Z,false,false,true,true,false,false,13,6,12:37,12:33,left,APPROVED,13,0,true,5.66,10.0,true,true
2022,REG,3,2022092500,3182,0750,CAR,58871,3182.0,"(12:19) (Shotgun) B.Mayfield pass short left to L.Shenault for 67 yards, TOUCHDOWN.",2,play_type_pass,4,2,10,0750,12:19,CAR 33,33,CAR,43,2022-09-25T19:24:32.000Z,false,false,true,false,false,false,19,7,12:19,12:08,right,APPROVED,13,7,true,10.95,52.37,true,true
2022,REG,3,2022092500,3207,0750,CAR,58871,3207.0,TWO-POINT CONVERSION ATTEMPT. C.McCaffrey rushes up the middle. ATTEMPT FAILS.,26,play_type_two_point_conversion,4,0,0,0750,12:06,NO 2,2,NO,108,2022-09-25T19:25:42.000Z,false,false,false,false,false,false,19,7,12:06,12:06,right,APPROVED,19,7,false,,,true,true
2022,REG,3,2022092500,3294,0750,CAR,58871,3294.0,(11:25) (Shotgun) J.Winston pass short middle intended for C.Olave INTERCEPTED by D.Brown (J.Horn) at NO 35. D.Brown to NO 35 for no gain (E.McCoy).,2,play_type_pass,4,2,10,3300,11:25,NO 36,36,NO,74,2022-09-25T19:30:48.000Z,false,false,false,false,false,true,19,7,11:25,11:21,left,APPROVED,19,7,true,10.39,64.63,true,false
2022,REG,3,2022092500,3711,0750,CAR,58871,3711.0,(4:44) (Shotgun) B.Mayfield pass short middle to L.Shenault to CAR 33 for 23 yards (T.Mathieu; P.Williams).,2,play_type_pass,4,3,14,0750,04:44,CAR 10,10,CAR,20,2022-09-25T19:45:30.000Z,false,false,false,false,false,false,22,7,4:53,4:53,right,APPROVED,22,7,true,12.29,31.28,true,true
2022,REG,3,2022092500,3862,3300,NO,58871,3862.0,(2:56) (Shotgun) J.Winston pass deep right to T.Smith to CAR 4 for 48 yards (J.Chinn). NO-T.Smith was injured during the play. He is Out.,2,play_type_pass,4,1,10,3300,02:56,NO 48,48,NO,62,2022-09-25T19:51:12.000Z,false,false,false,false,false,false,22,7,2:57,2:49,left,APPROVED,22,7,true,10.0,52.64,true,true
2022,REG,3,2022092500,3886,3300,NO,58871,3886.0,"(2:29) (Shotgun) J.Winston pass short right to M.Callaway for 4 yards, TOUCHDOWN.",2,play_type_pass,4,1,4,3300,02:29,CAR 4,4,CAR,14,2022-09-25T19:53:58.000Z,false,false,true,true,false,false,22,13,2:29,2:24,left,APPROVED,22,7,true,4.59,10.0,true,true
2022,REG,3,2022092501,155,0810,CHI,58872,155.0,(13:08) (Shotgun) J.Fields scrambles up the middle pushed ob at HST 35 for 29 yards (C.Kirksey).,2,play_type_rush,1,3,9,0810,13:08,CHI 36,36,CHI,46,2022-09-25T17:05:48.000Z,false,false,false,false,false,false,0,0,13:09,12:57,right,APPROVED,0,0,true,9.42,54.83,true,true
2022,REG,3,2022092501,391,0810,CHI,58872,391.0,(10:01) E.St. Brown left end pushed ob at HST 40 for 41 yards (D.King).,2,play_type_rush,1,1,10,0810,10:01,CHI 19,19,CHI,29,2022-09-25T17:18:45.000Z,false,false,false,false,false,false,3,0,10:01,9:54,right,APPROVED,3,0,true,10.0,38.9,true,true
2022,REG,3,2022092501,552,0810,CHI,58872,552.0,"(6:53) K.Herbert left tackle for 11 yards, TOUCHDOWN.",2,play_type_rush,1,1,10,0810,06:53,HOU 11,11,HOU,99,2022-09-25T17:26:03.000Z,false,false,true,false,false,false,9,0,6:54,6:48,right,APPROVED,3,0,true,10.0,109.06,true,true
2022,REG,3,2022092501,655,2120,HOU,58872,655.0,(6:11) (Shotgun) D.Mills pass deep middle to C.Moore pushed ob at CHI 20 for 52 yards (J.Brisker).,2,play_type_pass,1,3,7,2120,06:11,HOU 28,28,HOU,82,2022-09-25T17:31:40.000Z,false,false,false,false,false,false,10,0,6:11,6:02,left,APPROVED,10,0,true,7.38,75.19,true,true
2022,REG,3,2022092501,766,2120,HOU,58872,766.0,"(3:45) D.Mills pass short middle to J.Akins for 4 yards, TOUCHDOWN.",2,play_type_pass,1,2,4,2120,03:45,CHI 4,4,CHI,14,2022-09-25T17:34:51.000Z,false,false,true,true,false,false,10,6,3:46,3:42,left,APPROVED,10,0,true,4.51,10.0,true,true
2022,REG,3,2022092501,857,2120,HOU,58872,857.0,"(2:54) (Shotgun) J.Fields pass deep middle intended for C.Kmet INTERCEPTED by J.Pitre at CHI 43. J.Pitre to CHI 42 for 1 yard (C.Kmet). FUMBLES (C.Kmet), and recovers at CHI 41. The Replay Official reviewed the interception ruling, and the play was Upheld. The ruling on the field stands.",2,play_type_pass,1,2,11,0810,02:54,CHI 19,19,CHI,29,2022-09-25T17:40:04.000Z,false,false,false,false,false,true,10,7,2:56,2:48,right,APPROVED,10,7,true,11.47,39.91,true,true
2022,REG,3,2022092501,1010,0810,CHI,58872,1010.0,(:51) (Shotgun) D.Mills pass deep middle intended for B.Cooks INTERCEPTED by E.Jackson (K.Vildor) at CHI -9. Touchback.,2,play_type_pass,1,2,7,2120,00:51,CHI 7,7,CHI,17,2022-09-25T17:45:03.000Z,false,false,false,true,false,true,10,7,:51,:47,left,APPROVED,10,7,true,7.12,10.0,true,true
2022,REG,3,2022092501,1419,2120,HOU,58872,1419.0,"(9:53) T.Gill punts 56 yards to HST 28, Center-P.Scales. D.King pushed ob at CHI 41 for 31 yards (K.Blasingame).",2,play_type_punt,2,4,4,0810,09:53,CHI 16,16,CHI,94,2022-09-25T18:03:44.000Z,true,false,false,false,false,true,10,7,9:54,9:40,left,APPROVED,10,7,true,4.09,90.14,true,true
2022,REG,3,2022092501,1740,0810,CHI,58872,1740.0,"(4:05) (No Huddle, Shotgun) J.Fields pass deep left to C.Kmet to HST 27 for 24 yards (K.Grugier-Hill).",2,play_type_pass,2,3,5,0810,04:05,CHI 49,49,CHI,61,2022-09-25T18:15:48.000Z,false,false,false,false,false,false,10,14,4:06,4:01,left,APPROVED,10,14,true,5.3,56.35,true,true
2022,REG,3,2022092501,2398,0810,CHI,58872,2398.0,(11:25) K.Herbert right guard to HST 23 for 52 yards (D.Stingley).,2,play_type_rush,3,1,10,0810,11:25,CHI 25,25,CHI,85,2022-09-25T18:52:44.000Z,false,false,false,false,false,false,13,17,11:25,11:15,left,APPROVED,13,17,true,10.0,75.3,true,true
2022,REG,3,2022092501,2980,2120,HOU,58872,2980.0,(15:00) (Shotgun) J.Fields pass deep middle intended for D.Mooney INTERCEPTED by J.Pitre [M.Collins] at HST 41. J.Pitre to CHI 39 for 20 yards (K.Herbert).,2,play_type_pass,4,3,6,0810,15:00,CHI 26,26,CHI,36,2022-09-25T19:20:04.000Z,false,false,false,false,false,true,20,20,15:00,14:51,right,APPROVED,20,20,true,6.82,41.91,true,true
2022,REG,3,2022092501,3030,0810,CHI,58872,3030.0,(14:14) D.Mills sacked at CHI 43 for -8 yards (Ju.Jones).,2,play_type_sack,4,2,6,2120,14:14,CHI 35,35,CHI,45,2022-09-25T19:21:34.000Z,false,false,false,false,false,false,20,20,14:15,14:11,left,APPROVED,20,20,false,6.56,39.03,true,true
2022,REG,3,2022092501,3514,2120,HOU,58872,3514.0,(5:18) (Shotgun) D.Mills pass short middle to P.Brown to HST 39 for 30 yards (K.Vildor; N.Morrow).,2,play_type_pass,4,3,10,2120,05:18,HOU 9,9,HOU,101,2022-09-25T19:41:54.000Z,false,false,false,false,false,false,20,20,5:19,5:09,left,APPROVED,20,20,true,10.66,91.01,true,true
2022,REG,3,2022092501,3848,0810,CHI,58872,3848.0,"(1:13) (No Huddle, Shotgun) D.Mills pass short left intended for R.Burkhead INTERCEPTED by R.Smith (A.Blackson) at HST 30. R.Smith to HST 12 for 18 yards (D.Mills).",2,play_type_pass,4,3,1,2120,01:13,HOU 26,26,HOU,84,2022-09-25T19:53:43.000Z,false,false,false,false,false,true,20,20,1:14,1:07,left,APPROVED,20,20,true,1.23,83.25,true,true
2022,REG,3,2022092502,129,2310,KC,58873,129.0,"(13:57) M.Haack punts 53 yards to KC 8, Center-L.Rhodes. S.Moore MUFFS catch, RECOVERED by IND-K.Granson at KC 4.",2,play_type_punt,1,4,5,2200,13:57,IND 39,39,IND,49,2022-09-25T17:05:30.000Z,true,false,false,false,false,false,0,0,13:57,13:48,right,APPROVED,0,0,false,5.2,53.45,true,true
2022,REG,3,2022092502,203,2200,IND,58873,203.0,"(12:28) (Shotgun) M.Ryan pass short left to J.Woods for 1 yard, TOUCHDOWN [K.Saunders].",2,play_type_pass,1,3,1,2200,12:28,KC 1,1,KC,109,2022-09-25T17:08:18.000Z,false,false,true,true,false,false,6,0,12:28,12:25,right,APPROVED,0,0,true,1.41,110.0,true,true
2022,REG,3,2022092502,709,2310,KC,58873,709.0,"(2:45) (Shotgun) M.Ryan sacked at IND 41 for -10 yards (L.Sneed). FUMBLES (L.Sneed) [L.Sneed], touched at IND 41, recovered by IND-J.Taylor at IND 35.",2,play_type_sack,1,4,1,2200,02:45,KC 49,49,KC,61,2022-09-25T17:32:35.000Z,false,false,false,false,false,true,7,0,2:46,2:40,right,APPROVED,7,0,true,1.42,61.55,true,true
2022,REG,3,2022092502,783,2310,KC,58873,783.0,(1:20) (Shotgun) P.Mahomes pass short right to T.Kelce to IND 3 for 29 yards (B.Okereke).,2,play_type_pass,1,3,7,2310,01:20,IND 32,32,IND,42,2022-09-25T17:35:17.000Z,false,false,false,false,false,false,7,0,1:21,1:15,left,APPROVED,7,0,true,7.77,35.27,true,true
2022,REG,3,2022092502,807,2310,KC,58873,807.0,"(:39) (Shotgun) P.Mahomes pass short left to T.Kelce for 3 yards, TOUCHDOWN.",2,play_type_pass,1,1,3,2310,00:39,IND 3,3,IND,13,2022-09-25T17:35:58.000Z,false,false,true,true,false,false,7,6,:39,:36,left,APPROVED,7,0,true,3.9700000000000006,10.0,true,true
2022,REG,3,2022092502,1490,2310,KC,58873,1490.0,"(3:33) (Shotgun) M.Ryan sacked at IND 28 for -4 yards (C.Dunlap). FUMBLES (C.Dunlap) [C.Dunlap], touched at IND 27, RECOVERED by KC-L.Sneed at IND 26. L.Sneed to IND 21 for 5 yards (D.Pinter).",2,play_type_sack,2,2,9,2200,03:33,IND 32,32,IND,78,2022-09-25T18:10:59.000Z,false,false,false,false,false,true,10,6,3:33,3:29,left,APPROVED,10,6,false,9.33,69.7,true,true
2022,REG,3,2022092502,2674,2310,KC,58873,2674.0,(3:38) (Shotgun) M.Ryan sacked at KC 33 for -11 yards (N.Bolton).,2,play_type_sack,3,3,6,2200,03:38,KC 22,22,KC,32,2022-09-25T19:10:12.000Z,false,false,false,false,false,false,10,17,3:38,3:35,left,APPROVED,10,17,false,6.64,26.47,true,true
2022,REG,3,2022092502,3273,2310,KC,58873,3273.0,(10:04) (Shotgun) P.Mahomes pass deep right to J.Smith-Schuster pushed ob at IND 19 for 53 yards (B.Facyson).,2,play_type_pass,4,3,13,2310,10:04,KC 28,28,KC,82,2022-09-25T19:39:50.000Z,false,false,false,false,false,false,13,17,10:04,9:54,left,APPROVED,13,17,true,13.33,69.55,true,true
2022,REG,3,2022092502,3792,2200,IND,58873,3792.0,"(:29) (Shotgun) M.Ryan pass short middle to J.Woods for 12 yards, TOUCHDOWN [C.Jones].",2,play_type_pass,4,2,10,2200,00:29,KC 12,12,KC,98,2022-09-25T19:58:29.000Z,false,false,true,false,false,false,19,17,:29,:26,right,APPROVED,13,17,true,10.52,106.94,true,true
2022,REG,3,2022092503,294,2700,MIA,58874,294.0,(9:50) (Shotgun) J.Allen sacked at MIA 2 for -1 yards (M.Ingram).,2,play_type_sack,1,3,1,0610,09:50,MIA 1,1,MIA,109,2022-09-25T17:13:12.000Z,false,false,false,true,false,false,0,0,9:51,9:43,right,APPROVED,0,0,false,1.9,110.0,true,true
2022,REG,3,2022092503,322,0610,BUF,58874,322.0,"(9:06) (Shotgun) J.Allen pass short left to D.Singletary for 2 yards, TOUCHDOWN.",2,play_type_pass,1,4,2,0610,09:06,MIA 2,2,MIA,108,2022-09-25T17:13:55.000Z,false,false,true,true,false,false,0,6,9:07,9:04,right,APPROVED,0,0,true,2.54,110.0,true,true
2022,REG,3,2022092503,642,2700,MIA,58874,642.0,"(5:19) (Shotgun) J.Allen sacked at BUF 5 for -9 yards (J.Holland). FUMBLES (J.Holland), RECOVERED by MIA-M.Ingram at BUF 7. M.Ingram to BUF 6 for 1 yard (D.Knox).",2,play_type_sack,1,3,8,0610,05:19,BUF 14,14,BUF,24,2022-09-25T17:28:28.000Z,false,false,false,false,false,true,0,7,5:21,5:15,right,APPROVED,0,7,false,8.54,31.81,true,true
2022,REG,3,2022092503,1087,0610,BUF,58874,1087.0,"(13:39) (No Huddle, Shotgun) J.Allen pass deep left to I.McKenzie to MIA 9 for 27 yards (K.Kohou) [E.Ogbah].",2,play_type_pass,2,2,19,0610,13:39,MIA 36,36,MIA,46,2022-09-25T17:49:10.000Z,false,false,false,false,false,false,7,7,13:40,13:34,left,APPROVED,7,7,true,19.49,27.01,true,true
2022,REG,3,2022092503,1157,0610,BUF,58874,1157.0,"(12:03) (Shotgun) J.Allen pass short middle to I.McKenzie for 8 yards, TOUCHDOWN.",2,play_type_pass,2,3,8,0610,12:03,MIA 8,8,MIA,18,2022-09-25T17:51:25.000Z,false,false,true,true,false,false,7,13,12:05,12:01,left,APPROVED,7,7,true,8.67,10.0,true,true
2022,REG,3,2022092503,1426,2700,MIA,58874,1426.0,"(6:51) T.Tagovailoa pass short middle to R.Cracraft for 11 yards, TOUCHDOWN.",2,play_type_pass,2,1,10,2700,06:51,BUF 11,11,BUF,99,2022-09-25T18:01:26.000Z,false,false,true,false,false,false,13,14,6:51,6:47,right,APPROVED,7,14,true,10.0,109.35,true,true
2022,REG,3,2022092503,2890,0610,BUF,58874,2890.0,(2:00) (Shotgun) Z.Moss right end ran ob at MIA 37 for 43 yards (J.Holland).,2,play_type_rush,3,1,10,0610,02:00,BUF 20,20,BUF,30,2022-09-25T19:19:16.000Z,false,false,false,false,false,false,14,17,2:00,1:54,right,APPROVED,14,17,true,10.0,39.87,true,true
2022,REG,3,2022092503,3154,2700,MIA,58874,3154.0,(11:37) (Shotgun) T.Tagovailoa pass deep middle to J.Waddle to BUF 7 for 45 yards (D.Hamlin).,2,play_type_pass,4,3,22,2700,11:37,MIA 48,48,MIA,58,2022-09-25T19:30:45.000Z,false,false,false,false,false,false,14,17,11:38,11:31,right,APPROVED,14,17,true,22.78,79.55,true,true
2022,REG,3,2022092503,3246,2700,MIA,58874,3246.0,"(10:08) (Shotgun) C.Edmonds up the middle for 3 yards, TOUCHDOWN.",2,play_type_rush,4,1,3,2700,10:08,BUF 3,3,BUF,107,2022-09-25T19:35:52.000Z,false,false,true,true,false,false,20,17,10:08,10:07,right,APPROVED,14,17,true,3.260000000000005,110.0,true,true
2022,REG,3,2022092503,3416,0610,BUF,58874,3416.0,(7:48) (Shotgun) J.Allen pass short right to D.Singletary pushed ob at MIA 41 for 22 yards (J.Holland).,2,play_type_pass,4,3,10,0610,07:48,BUF 37,37,BUF,73,2022-09-25T19:49:29.000Z,false,false,false,false,false,false,21,17,7:49,7:43,left,APPROVED,21,17,true,10.24,63.37,true,true
2022,REG,3,2022092504,465,1540,DET,58875,465.0,(7:12) (Shotgun) J.Goff pass short middle to A.St. Brown pushed ob at MIN 2 for 30 yards (P.Peterson).,2,play_type_pass,1,4,5,1540,07:12,MIN 32,32,MIN,78,2022-09-25T17:19:19.000Z,false,false,false,false,false,false,0,0,7:12,7:05,right,APPROVED,0,0,true,5.79,82.44,true,true
2022,REG,3,2022092504,989,1540,DET,58875,989.0,"(13:42) J.Goff pass short left to T.Hockenson for 5 yards, TOUCHDOWN.",2,play_type_pass,2,2,1,1540,13:42,MIN 5,5,MIN,15,2022-09-25T17:47:15.000Z,false,false,true,false,false,false,0,13,13:44,13:39,left,APPROVED,0,7,true,1.52,14.32,true,true
2022,REG,3,2022092504,1361,3000,MIN,58875,1361.0,"(8:55) K.Cousins pass short left to A.Thielen for 1 yard, TOUCHDOWN.",2,play_type_pass,2,1,1,3000,08:55,DET 1,1,DET,109,2022-09-25T18:01:25.000Z,false,false,true,true,false,false,6,14,8:55,8:52,right,APPROVED,0,14,true,1.5400000000000063,110.0,true,true
2022,REG,3,2022092504,1820,3000,MIN,58875,1820.0,"(1:18) (Shotgun) D.Cook left end for 4 yards, TOUCHDOWN.",2,play_type_rush,2,1,4,3000,01:18,DET 4,4,DET,106,2022-09-25T18:22:15.000Z,false,false,true,true,false,false,13,14,1:19,1:14,right,APPROVED,7,14,true,4.640000000000001,110.0,true,true
2022,REG,3,2022092504,3526,3000,MIN,58875,3526.0,"(7:55) A.Mattison left guard for 6 yards, TOUCHDOWN.",2,play_type_rush,4,2,6,3000,07:55,DET 6,6,DET,104,2022-09-25T19:42:46.000Z,false,false,true,true,false,false,20,24,7:55,7:50,right,APPROVED,14,24,true,6.62,110.0,true,true
2022,REG,3,2022092504,4168,3000,MIN,58875,4168.0,"(:50) (Shotgun) K.Cousins pass deep right to K.Osborn for 28 yards, TOUCHDOWN [A.McNeill].",2,play_type_pass,4,1,10,3000,00:50,DET 28,28,DET,82,2022-09-25T20:09:41.000Z,false,false,true,false,false,false,27,24,:50,:47,right,APPROVED,21,24,true,10.0,91.76,true,true
2022,REG,3,2022092505,164,3200,NE,58876,164.0,(13:23) (Shotgun) M.Jones pass short middle to D.Parker to NE 42 for 31 yards (C.Clark).,2,play_type_pass,1,1,10,3200,13:23,NE 11,11,NE,99,2022-09-25T17:06:44.000Z,false,false,false,false,false,false,0,0,13:23,13:17,left,APPROVED,0,0,true,10.0,89.07,true,true
2022,REG,3,2022092505,278,0325,BAL,58876,278.0,(11:25) (Shotgun) M.Jones sacked at NE 37 for -7 yards (P.Queen).,2,play_type_sack,1,3,8,3200,11:25,NE 44,44,NE,66,2022-09-25T17:09:34.000Z,false,false,false,false,false,false,0,0,11:26,11:21,left,APPROVED,0,0,false,8.19,58.03,true,true
2022,REG,3,2022092505,566,0325,BAL,58876,566.0,"(4:14) (Shotgun) L.Jackson pass short middle to M.Andrews for 5 yards, TOUCHDOWN. BAL 89-Andrews 31st career rec TD, 2nd in franchise history (Heap 41).",2,play_type_pass,1,3,1,0325,04:14,NE 5,5,NE,105,2022-09-25T17:23:37.000Z,false,false,true,false,false,false,0,6,4:15,4:11,right,APPROVED,0,0,true,0.74,105.58,true,true
2022,REG,3,2022092505,678,3200,NE,58876,678.0,(2:54) M.Jones pass deep right to D.Parker to BLT 20 for 40 yards (J.Armour-Davis).,2,play_type_pass,1,1,10,3200,02:54,NE 40,40,NE,70,2022-09-25T17:32:22.000Z,false,false,false,false,false,false,0,7,2:55,2:47,left,APPROVED,0,7,true,10.0,59.63,true,true
2022,REG,3,2022092505,1226,3200,NE,58876,1226.0,(8:24) (Shotgun) L.Jackson pass deep right intended for R.Bateman INTERCEPTED by Jo.Jones at BLT 47. Jo.Jones to BLT 32 for 15 yards (P.Ricard).,2,play_type_pass,2,3,16,0325,08:24,BAL 27,27,BAL,83,2022-09-25T17:58:21.000Z,false,false,false,false,false,true,3,7,8:24,8:14,left,APPROVED,3,7,true,16.33,67.38,true,false
2022,REG,3,2022092505,1368,3200,NE,58876,1368.0,"(6:04) (Shotgun) M.Jones scrambles left tackle for 3 yards, TOUCHDOWN. NE 10-Jones 1st career rush TD.",2,play_type_rush,2,2,3,3200,06:04,BAL 3,3,BAL,107,2022-09-25T18:05:09.000Z,false,false,true,true,false,false,9,7,6:05,6:00,right,APPROVED,3,7,true,3.68,110.0,true,true
2022,REG,3,2022092505,1621,0325,BAL,58876,1621.0,"(:36) (Shotgun) L.Jackson pass deep middle to M.Andrews for 16 yards, TOUCHDOWN.",2,play_type_pass,2,2,7,0325,00:36,NE 16,16,NE,26,2022-09-25T18:18:15.000Z,false,false,true,false,false,false,10,13,:37,:32,left,APPROVED,10,7,true,7.93,19.07,true,true
2022,REG,3,2022092505,1874,3200,NE,58876,1874.0,"(14:32) (Shotgun) M.Jones pass deep left to D.Parker to BLT 37 for 36 yards (B.Stephens). Penalty on BLT-B.Stephens, Defensive Holding, declined.",2,play_type_pass,3,2,8,3200,14:32,NE 27,27,NE,37,2022-09-25T18:40:58.000Z,false,false,false,false,false,false,13,14,14:33,14:27,right,APPROVED,13,14,true,8.82,44.91,true,true
2022,REG,3,2022092505,1951,3200,NE,58876,1951.0,(12:51) (Shotgun) M.Jones pass deep left to D.Parker ran ob at BLT 2 for 25 yards.,2,play_type_pass,3,2,10,3200,12:51,BAL 27,27,BAL,83,2022-09-25T18:43:15.000Z,false,false,false,false,false,false,13,14,12:52,12:46,right,APPROVED,13,14,true,10.5,93.15,true,true
2022,REG,3,2022092505,2115,0325,BAL,58876,2115.0,(11:44) (Shotgun) L.Jackson pass short middle to D.Duvernay to NE 49 for 21 yards (A.Phillips; D.McCourty).,2,play_type_pass,3,3,5,0325,11:44,BAL 30,30,BAL,80,2022-09-25T18:54:03.000Z,false,false,false,false,false,false,20,14,11:44,11:39,left,APPROVED,20,14,true,5.23,75.08,true,true
2022,REG,3,2022092505,2163,0325,BAL,58876,2163.0,(10:16) (Shotgun) J.Hill right tackle to NE 6 for 34 yards (Jo.Jones).,2,play_type_rush,3,2,1,0325,10:16,NE 40,40,NE,50,2022-09-25T18:55:32.000Z,false,false,false,false,false,false,20,14,10:17,10:07,left,APPROVED,20,14,true,1.52,49.24,true,true
2022,REG,3,2022092505,2228,0325,BAL,58876,2228.0,"(8:44) L.Jackson pass short middle to J.Oliver for 1 yard, TOUCHDOWN.",2,play_type_pass,3,2,1,0325,08:44,NE 1,1,NE,11,2022-09-25T18:57:31.000Z,false,false,true,true,false,false,20,20,8:44,8:41,left,APPROVED,20,14,true,1.47,10.0,true,true
2022,REG,3,2022092505,2381,0325,BAL,58876,2381.0,"(6:47) (Shotgun) M.Jones sacked at NE 31 for -5 yards (J.Madubuike). Penalty on NE-D.Andrews, Offensive Holding, declined.",2,play_type_sack,3,3,7,3200,06:47,NE 36,36,NE,46,2022-09-25T19:04:27.000Z,false,false,false,false,false,false,20,21,6:47,6:44,right,APPROVED,20,21,false,8.04,53.49,true,true
2022,REG,3,2022092505,2411,0325,BAL,58876,2411.0,"(6:33) J.Bailey punts 56 yards to BLT 13, Center-J.Cardona. D.Duvernay pushed ob at NE 44 for 43 yards (J.Bailey).",2,play_type_punt,3,4,12,3200,06:33,NE 31,31,NE,41,2022-09-25T19:05:14.000Z,true,false,false,false,false,true,20,21,6:34,6:20,right,APPROVED,20,21,true,13.43,53.49,true,true
2022,REG,3,2022092505,2441,0325,BAL,58876,2441.0,(6:18) (Shotgun) L.Jackson up the middle ran ob at NE 6 for 38 yards (D.McCourty).,2,play_type_rush,3,1,10,0325,06:18,NE 44,44,NE,54,2022-09-25T19:08:37.000Z,false,false,false,false,false,false,20,21,6:18,6:09,left,APPROVED,20,21,true,10.0,44.17,true,true
2022,REG,3,2022092505,2519,0325,BAL,58876,2519.0,"(4:47) (Shotgun) L.Jackson pass short right to D.Duvernay for 4 yards, TOUCHDOWN.",2,play_type_pass,3,3,4,0325,04:47,NE 4,4,NE,14,2022-09-25T19:10:55.000Z,false,false,true,true,false,false,20,27,4:49,4:44,left,APPROVED,20,21,true,4.26,10.0,true,true
2022,REG,3,2022092505,2601,0325,BAL,58876,2601.0,(4:09) M.Jones pass short middle intended for D.Parker INTERCEPTED by J.Bynes at NE 43. J.Bynes to NE 43 for no gain (D.Parker).,2,play_type_pass,3,2,7,3200,04:09,NE 28,28,NE,38,2022-09-25T19:14:45.000Z,false,false,false,false,false,true,20,28,4:11,4:06,right,APPROVED,20,28,true,7.33,45.09,true,true
2022,REG,3,2022092505,3069,3200,NE,58876,3069.0,"(12:39) (Shotgun) L.Jackson pass deep left to R.Bateman to BLT 49 for 24 yards (Jo.Jones). FUMBLES (Jo.Jones), RECOVERED by NE-J.Peppers at NE 49. J.Peppers to BLT 39 for 12 yards (R.Bateman; B.Powers).",2,play_type_pass,4,1,10,0325,12:39,BAL 25,25,BAL,35,2022-09-25T19:35:09.000Z,false,false,false,false,false,true,26,31,12:39,12:27,right,APPROVED,26,31,true,10.0,44.73,true,true
2022,REG,3,2022092505,3225,0325,BAL,58876,3225.0,(9:12) (Shotgun) M.Jones pass deep left intended for D.Parker INTERCEPTED by M.Humphrey at BLT -8. Touchback.,2,play_type_pass,4,3,10,3200,09:12,BAL 10,10,BAL,20,2022-09-25T19:40:36.000Z,false,false,false,true,false,true,26,31,9:13,9:08,left,APPROVED,26,31,true,10.98,10.0,true,true
2022,REG,3,2022092505,3510,0325,BAL,58876,3510.0,(5:28) (Shotgun) L.Jackson pass short left to R.Bateman ran ob at NE 38 for 35 yards (D.McCourty).,2,play_type_pass,4,2,10,0325,05:28,BAL 27,27,BAL,37,2022-09-25T19:52:01.000Z,false,false,false,false,false,false,26,31,5:28,5:20,right,APPROVED,26,31,true,10.62,46.72,true,true
2022,REG,3,2022092505,3641,0325,BAL,58876,3641.0,"(3:07) (Shotgun) L.Jackson right guard for 9 yards, TOUCHDOWN.",2,play_type_rush,4,3,1,0325,03:07,NE 9,9,NE,101,2022-09-25T19:56:25.000Z,false,false,true,false,false,false,26,37,,3:03,right,APPROVED,26,31,true,1.63,101.98,true,true
2022,REG,3,2022092505,3740,3200,NE,58876,3740.0,"(2:23) (No Huddle, Shotgun) M.Jones pass deep middle to K.Bourne to NE 44 for 26 yards (M.Peters). FUMBLES (M.Peters), and recovers at NE 44. K.Bourne to NE 44 for no gain (M.Humphrey).",2,play_type_pass,4,3,17,3200,02:23,NE 18,18,NE,92,2022-09-25T20:00:10.000Z,false,false,false,false,false,false,26,37,2:25,2:14,left,APPROVED,26,37,true,17.17,75.28,true,true
2022,REG,3,2022092505,3780,0325,BAL,58876,3780.0,"(2:01) (No Huddle, Shotgun) M.Jones pass deep middle intended for K.Bourne INTERCEPTED by M.Peters [C.Campbell] at BLT 36. M.Peters to BLT 44 for 8 yards. NE-M.Jones was injured during the play.",2,play_type_pass,4,1,10,3200,02:01,NE 44,44,NE,66,2022-09-25T20:00:41.000Z,false,false,false,false,false,true,26,37,2:04,1:56,left,APPROVED,26,37,true,10.0,56.0,true,true
2022,REG,3,2022092506,250,0920,CIN,58877,250.0,(11:20) (Shotgun) J.Burrow pass short right to T.Boyd to NYJ 4 for 22 yards (C.Mosley; L.Joyner).,2,play_type_pass,1,3,8,0920,11:20,NYJ 26,26,NYJ,36,2022-09-25T17:08:48.000Z,false,false,false,false,false,false,0,0,11:21,11:14,left,APPROVED,0,0,true,8.26,27.83,true,true
2022,REG,3,2022092506,351,0920,CIN,58877,351.0,"(9:45) (Shotgun) J.Burrow pass short left to S.Perine for 12 yards, TOUCHDOWN.",2,play_type_pass,1,3,12,0920,09:45,NYJ 12,12,NYJ,22,2022-09-25T17:15:12.000Z,false,false,true,true,false,false,0,6,9:45,9:38,left,APPROVED,0,0,true,12.29,10.0,true,true
2022,REG,3,2022092506,569,3430,NYJ,58877,569.0,(7:06) (Shotgun) J.Flacco pass deep left to G.Wilson pushed ob at CIN 33 for 23 yards (V.Bell).,2,play_type_pass,1,3,6,3430,07:06,NYJ 44,44,NYJ,54,2022-09-25T17:21:13.000Z,false,false,false,false,false,false,0,7,7:08,7:01,right,APPROVED,0,7,true,6.28,59.85,true,true
2022,REG,3,2022092506,1034,0920,CIN,58877,1034.0,"(:00) (Shotgun) J.Burrow pass short middle to T.Boyd for 56 yards, TOUCHDOWN [L.Joyner].",2,play_type_pass,1,3,7,0920,00:00,CIN 44,44,CIN,66,2022-09-25T17:44:24.000Z,false,false,true,false,false,false,6,13,:05,:00,left,APPROVED,6,7,true,7.25,59.09,true,true
2022,REG,3,2022092506,1633,0920,CIN,58877,1633.0,"(6:44) (Shotgun) J.Flacco pass deep middle intended for B.Berrios INTERCEPTED by L.Wilson at CIN 34. L.Wilson to NYJ 19 for 47 yards (G.Fant). FUMBLES (G.Fant), recovered by CIN-T.Flowers at NYJ 25.",2,play_type_pass,2,3,12,3430,06:44,NYJ 36,36,NYJ,74,2022-09-25T18:11:46.000Z,false,false,false,false,false,true,6,17,6:44,6:29,left,APPROVED,6,17,true,12.64,61.75,true,true
2022,REG,3,2022092506,2543,0920,CIN,58877,2543.0,"(14:16) (Shotgun) J.Flacco sacked at NYJ 23 for -8 yards (T.Hendrickson). FUMBLES (T.Hendrickson) [T.Hendrickson], touched at NYJ 23, RECOVERED by CIN-B.Hill at NYJ 24.",2,play_type_sack,3,3,4,3430,14:16,NYJ 31,31,NYJ,41,2022-09-25T18:59:30.000Z,false,false,false,false,false,true,9,20,14:17,14:10,right,APPROVED,9,20,false,4.41,44.84,true,true
2022,REG,3,2022092506,2635,0920,CIN,58877,2635.0,"(12:05) J.Burrow pass short right to J.Chase for 5 yards, TOUCHDOWN [C.Lawson].",2,play_type_pass,3,3,5,0920,12:05,NYJ 5,5,NYJ,15,2022-09-25T19:02:26.000Z,false,false,true,true,false,false,9,26,12:06,12:03,left,APPROVED,9,20,true,5.85,10.0,true,true
2022,REG,3,2022092506,3803,0920,CIN,58877,3803.0,"(10:09) (Shotgun) J.Flacco sacked at CIN 23 for -9 yards (sack split by B.Hill and T.Hendrickson). FUMBLES (B.Hill) [T.Hendrickson], RECOVERED by CIN-B.Hill at CIN 25.",2,play_type_sack,4,4,6,3430,10:09,CIN 14,14,CIN,24,2022-09-25T19:55:14.000Z,false,false,false,false,false,true,12,27,10:09,10:05,left,APPROVED,12,27,true,6.37,17.81,true,true
2022,REG,3,2022092506,4331,0920,CIN,58877,4331.0,(1:01) J.Flacco pass short middle intended for Br.Hall INTERCEPTED by J.Bates at CIN 3. J.Bates to CIN 4 for 1 yard.,2,play_type_pass,4,4,1,3430,01:01,CIN 17,17,CIN,27,2022-09-25T20:15:21.000Z,false,false,false,false,false,true,12,27,1:02,:57,left,APPROVED,12,27,true,1.01,25.87,true,true
2022,REG,3,2022092507,77,2100,TEN,58878,77.0,(14:21) (Shotgun) R.Tannehill pass short right to D.Henry to TEN 45 for 23 yards (N.Hobbs).,2,play_type_pass,1,2,13,2100,14:21,TEN 22,22,TEN,32,2022-09-25T17:04:17.000Z,false,false,false,false,false,false,0,0,14:22,14:13,right,APPROVED,0,0,true,13.22,44.46,true,true
2022,REG,3,2022092507,355,2100,TEN,58878,355.0,"(7:25) (Shotgun) R.Tannehill pass short right to G.Swaim for 2 yards, TOUCHDOWN.",2,play_type_pass,1,3,1,2100,07:25,LV 2,2,LV,108,2022-09-25T17:12:38.000Z,false,false,true,false,false,false,6,0,7:26,7:22,right,APPROVED,0,0,true,1.56,108.79,true,true
2022,REG,3,2022092507,1036,2520,LV,58878,1036.0,"(9:49) (Shotgun) D.Carr pass short middle to D.Adams for 5 yards, TOUCHDOWN.",2,play_type_pass,2,1,5,2520,09:49,TEN 5,5,TEN,105,2022-09-25T17:46:15.000Z,false,false,true,true,false,false,14,9,9:50,9:45,right,APPROVED,14,3,true,5.890000000000001,110.0,true,true
2022,REG,3,2022092507,2311,2520,LV,58878,2311.0,(4:55) (Shotgun) R.Tannehill pass deep left intended for R.Woods INTERCEPTED by D.Harmon at TEN 44. D.Harmon to TEN 31 for 13 yards (A.Hooper).,2,play_type_pass,3,3,11,2100,04:55,TEN 24,24,TEN,86,2022-09-25T18:54:25.000Z,false,false,false,false,false,true,24,13,4:56,4:48,left,APPROVED,24,13,true,11.81,75.46,true,true
2022,REG,3,2022092507,2555,2100,TEN,58878,2555.0,"(2:13) (Shotgun) R.Tannehill pass short middle to D.Hilliard to TEN 33 for 30 yards (R.Ya-Sin, D.Deablo).",2,play_type_pass,3,3,9,2100,02:13,TEN 3,3,TEN,107,2022-09-25T19:08:53.000Z,false,false,false,false,false,false,24,13,2:13,2:05,left,APPROVED,24,13,true,9.49,98.47,true,true
2022,REG,3,2022092507,2862,2100,TEN,58878,2862.0,(9:33) D.Carr pass short middle intended for D.Waller INTERCEPTED by K.Byard at TEN -4. K.Byard to TEN 20 for 24 yards (J.Johnson).,2,play_type_pass,4,3,3,2520,09:33,TEN 6,6,TEN,16,2022-09-25T19:24:43.000Z,false,false,false,false,false,true,24,13,9:34,9:24,left,APPROVED,24,13,true,2.91,13.42,true,true
2022,REG,3,2022092507,3520,2520,LV,58878,3520.0,(2:13) (Shotgun) D.Carr pass deep right to M.Hollins to TEN 25 for 48 yards (T.Mitchell).,2,play_type_pass,4,4,15,2520,02:13,LV 27,27,LV,83,2022-09-25T19:54:20.000Z,false,false,false,false,false,false,24,16,2:13,2:07,left,APPROVED,24,16,true,15.59,68.35,true,true
2022,REG,3,2022092507,3817,2520,LV,58878,3817.0,"(1:18) (Shotgun) D.Carr pass short right to M.Hollins for 9 yards, TOUCHDOWN.",2,play_type_pass,4,4,9,2520,01:18,TEN 9,9,TEN,19,2022-09-25T20:06:50.000Z,false,false,true,true,false,false,24,22,1:18,1:15,left,APPROVED,24,16,true,9.88,10.0,true,true
2022,REG,3,2022092508,128,3700,PHI,58879,128.0,(13:57) (Shotgun) C.Wentz sacked at WAS 38 for -7 yards (sack split by J.Sweat and F.Cox).,2,play_type_sack,1,3,5,5110,13:57,WAS 45,45,WAS,65,2022-09-25T17:05:02.000Z,false,false,false,false,false,false,0,0,13:58,13:53,left,APPROVED,0,0,false,5.62,59.9,true,true
2022,REG,3,2022092508,667,3700,PHI,58879,667.0,(3:55) (Shotgun) C.Wentz sacked at WAS 39 for -8 yards (sack split by B.Graham and H.Reddick).,2,play_type_sack,1,3,5,5110,03:55,WAS 47,47,WAS,63,2022-09-25T17:29:50.000Z,false,false,false,false,false,false,0,0,3:56,3:51,left,APPROVED,0,0,false,5.82,57.74,true,true
2022,REG,3,2022092508,786,3700,PHI,58879,786.0,"(1:20) (No Huddle, Shotgun) J.Hurts pass deep right to D.Smith ran ob at WAS 16 for 45 yards (B.St-Juste).",2,play_type_pass,1,1,10,3700,01:20,PHI 39,39,PHI,49,2022-09-25T17:35:15.000Z,false,false,false,false,false,false,0,0,1:20,1:16,right,APPROVED,0,0,true,10.0,58.75,true,true
2022,REG,3,2022092508,961,3700,PHI,58879,961.0,"(14:12) (Shotgun) C.Wentz sacked at WAS 25 for -4 yards (B.Graham). FUMBLES (B.Graham) [B.Graham], RECOVERED by PHI-J.Hargrave at WAS 24.",2,play_type_sack,2,2,6,5110,14:12,WAS 29,29,WAS,39,2022-09-25T17:44:17.000Z,false,false,false,false,false,true,0,3,14:13,14:06,right,APPROVED,0,3,false,6.53,44.63,true,true
2022,REG,3,2022092508,1011,3700,PHI,58879,1011.0,"(13:26) (Shotgun) J.Hurts pass short middle to D.Goedert for 23 yards, TOUCHDOWN.",2,play_type_pass,2,2,9,3700,13:26,WAS 23,23,WAS,33,2022-09-25T17:45:57.000Z,false,false,true,false,false,false,0,9,13:27,13:20,left,APPROVED,0,3,true,9.1,24.22,true,true
2022,REG,3,2022092508,1262,3700,PHI,58879,1262.0,(10:11) (Shotgun) J.Hurts pass deep left to A.Brown to WAS 43 for 38 yards (K.Fuller).,2,play_type_pass,2,1,10,3700,10:11,PHI 19,19,PHI,91,2022-09-25T17:58:22.000Z,false,false,false,false,false,false,0,10,10:12,10:05,left,APPROVED,0,10,true,10.0,81.79,true,true
2022,REG,3,2022092508,1650,3700,PHI,58879,1650.0,(4:17) (Shotgun) J.Hurts pass short right to D.Smith pushed ob at WAS 11 for 31 yards (B.McCain).,2,play_type_pass,2,3,5,3700,04:17,WAS 42,42,WAS,52,2022-09-25T18:13:46.000Z,false,false,false,false,false,false,0,10,4:18,4:10,left,APPROVED,0,10,true,5.44,47.15,true,true
2022,REG,3,2022092508,1722,3700,PHI,58879,1722.0,"(3:00) (Shotgun) J.Hurts pass short right to A.Brown for 9 yards, TOUCHDOWN.",2,play_type_pass,2,3,8,3700,03:00,WAS 9,9,WAS,19,2022-09-25T18:17:18.000Z,false,false,true,false,false,false,0,16,3:00,2:58,left,APPROVED,0,10,true,8.19,11.27,true,true
2022,REG,3,2022092508,2061,3700,PHI,58879,2061.0,(:37) (Shotgun) J.Hurts pass deep middle to D.Smith to WAS 1 for 44 yards (K.Fuller).,2,play_type_pass,2,1,10,3700,00:37,WAS 45,45,WAS,55,2022-09-25T18:30:34.000Z,false,false,false,false,false,false,0,17,:37,:32,left,APPROVED,0,17,true,10.0,45.42,true,true
2022,REG,3,2022092508,2175,3700,PHI,58879,2175.0,"(:01) (No Huddle, Shotgun) J.Hurts pass short left to D.Smith for 2 yards, TOUCHDOWN.",2,play_type_pass,2,4,2,3700,00:01,WAS 2,2,WAS,12,2022-09-25T18:34:38.000Z,false,false,true,true,false,false,0,23,:03,:00,left,APPROVED,0,17,true,2.57,10.0,true,true
2022,REG,3,2022092508,2271,3700,PHI,58879,2271.0,(15:00) (Shotgun) J.Hurts pass deep left to G.Calcaterra pushed ob at WAS 35 for 40 yards (C.Holcomb).,2,play_type_pass,3,1,10,3700,15:00,PHI 25,25,PHI,85,2022-09-25T18:50:24.000Z,false,false,false,false,false,false,0,24,15:00,14:52,left,APPROVED,0,24,true,10.0,75.43,true,true
2022,REG,3,2022092508,2321,5110,WAS,58879,2321.0,(13:57) (Shotgun) J.Hurts sacked at WAS 44 for -9 yards (E.Obada).,2,play_type_sack,3,2,10,3700,13:57,WAS 35,35,WAS,45,2022-09-25T18:51:32.000Z,false,false,false,false,false,false,0,24,13:58,13:54,left,APPROVED,0,24,false,10.46,35.14,true,true
2022,REG,3,2022092508,2939,5110,WAS,58879,2939.0,"(2:23) (No Huddle, Shotgun) C.Wentz pass deep left to T.McLaurin to PHI 27 for 45 yards (C.Gardner-Johnson) [H.Reddick].",2,play_type_pass,3,1,10,5110,02:23,WAS 28,28,WAS,38,2022-09-25T19:18:27.000Z,false,false,false,false,false,false,0,24,2:25,2:19,right,APPROVED,0,24,true,10.0,47.37,true,true
2022,REG,3,2022092508,3604,3700,PHI,58879,3604.0,(9:01) (Shotgun) C.Wentz sacked at PHI 31 for -5 yards (J.Sweat).,2,play_type_sack,4,4,22,5110,09:01,PHI 26,26,PHI,36,2022-09-25T19:45:06.000Z,false,false,false,false,false,true,2,24,9:01,8:57,left,APPROVED,2,24,true,23.27,13.5,true,true
2022,REG,3,2022092509,924,2250,JAX,58880,924.0,(14:49) J.Herbert pass short left intended for S.Michel INTERCEPTED by D.Lloyd (T.Campbell) at LAC 15. D.Lloyd to LAC 5 for 10 yards (G.Everett).,2,play_type_pass,2,1,10,4400,14:49,LAC 9,9,LAC,101,2022-09-25T20:47:00.000Z,false,false,false,false,false,true,0,3,14:49,14:41,left,APPROVED,0,3,true,10.0,91.64,true,true
2022,REG,3,2022092509,1140,2250,JAX,58880,1140.0,"(12:34) (Shotgun) J.Herbert sacked at LAC 30 for -9 yards (D.Smoot). FUMBLES (D.Smoot) [D.Smoot], RECOVERED by JAX-F.Oluokun at LAC 28.",2,play_type_sack,2,3,10,4400,12:34,LAC 39,39,LAC,71,2022-09-25T20:56:22.000Z,false,false,false,false,false,true,0,6,12:34,12:28,left,APPROVED,0,6,false,10.51,61.44,true,true
2022,REG,3,2022092509,1262,2250,JAX,58880,1262.0,"(10:30) (Shotgun) T.Lawrence pass short right to Z.Jones for 14 yards, TOUCHDOWN.",2,play_type_pass,2,2,7,2250,10:30,LAC 14,14,LAC,96,2022-09-25T20:59:59.000Z,false,false,true,false,false,false,0,12,10:31,10:24,right,APPROVED,0,6,true,6.84,102.51,true,true
2022,REG,3,2022092509,1525,4400,LAC,58880,1525.0,"(6:16) (Shotgun) J.Herbert pass short left to M.Williams for 15 yards, TOUCHDOWN.",2,play_type_pass,2,1,10,4400,06:16,JAX 15,15,JAX,25,2022-09-25T21:09:22.000Z,false,false,true,false,false,false,6,13,6:16,6:12,left,APPROVED,0,13,true,10.0,15.4,true,true
2022,REG,3,2022092509,1647,2250,JAX,58880,1647.0,"(4:12) T.Lawrence pass deep right to C.Kirk pushed ob at LAC 21 for 35 yards (N.Adderley). Penalty on LAC-A.Gilman, Defensive Holding, declined.",2,play_type_pass,2,1,10,2250,04:12,JAX 44,44,JAX,54,2022-09-25T21:16:27.000Z,false,false,false,false,false,false,7,13,4:13,4:04,right,APPROVED,7,13,true,10.0,63.8,true,true
2022,REG,3,2022092509,2192,4400,LAC,58880,2192.0,(14:00) (Shotgun) J.Herbert pass deep middle to J.Guyton to JAX 26 for 54 yards (R.Jenkins).,2,play_type_pass,3,3,15,4400,14:00,LAC 20,20,LAC,30,2022-09-25T21:50:58.000Z,false,false,false,false,false,false,7,16,14:01,13:54,right,APPROVED,7,16,true,15.86,44.52,true,true
2022,REG,3,2022092509,2480,2250,JAX,58880,2480.0,"(10:47) J.Robinson left tackle for 50 yards, TOUCHDOWN.",2,play_type_rush,3,4,1,2250,10:47,50,50,,60,2022-09-25T22:01:42.000Z,false,false,true,false,false,false,10,22,10:47,10:39,left,APPROVED,10,16,true,1.23,59.09,true,true
2022,REG,3,2022092509,2936,2250,JAX,58880,2936.0,"(1:18) (Shotgun) T.Lawrence pass short right to C.Kirk for 4 yards, TOUCHDOWN.",2,play_type_pass,3,2,4,2250,01:18,LAC 4,4,LAC,14,2022-09-25T22:22:44.000Z,false,false,true,true,false,false,10,29,1:19,1:16,left,APPROVED,10,23,true,4.45,10.0,true,true
2022,REG,3,2022092509,3541,2250,JAX,58880,3541.0,"(4:59) (Shotgun) T.Lawrence pass short left to M.Jones for 11 yards, TOUCHDOWN.",2,play_type_pass,4,3,11,2250,04:59,LAC 11,11,LAC,99,2022-09-25T22:44:02.000Z,false,false,true,true,false,false,10,37,5:00,4:55,right,APPROVED,10,31,true,11.47,110.0,true,true
2022,REG,3,2022092510,122,2510,LA,58881,122.0,"(13:42) A.Lee punts 3 yards to ARZ 36, Center-A.Brewer. J.Gervase to ARZ 35 for 1 yard (A.Brewer, S.Anderson).",2,play_type_punt,1,4,2,3800,13:42,ARI 33,33,ARI,77,2022-09-25T20:27:52.000Z,true,false,false,false,false,true,0,0,13:42,13:35,left,APPROVED,0,0,false,2.4,75.44,true,true
2022,REG,3,2022092510,777,2510,LA,58881,777.0,"(2:42) (No Huddle, Shotgun) K.Murray sacked at ARZ 27 for -15 yards (A.Donald).",2,play_type_sack,1,2,6,3800,02:42,ARI 42,42,ARI,68,2022-09-25T20:55:25.000Z,false,false,false,false,false,false,0,10,2:43,2:38,left,APPROVED,0,10,false,6.55,62.23,true,true
2022,REG,3,2022092510,2147,2510,LA,58881,2147.0,"M.Prater kicks 73 yards from ARZ 35 to LA -8. B.Powell to LA 45 for 53 yards (T.Mullen). Penalty on LA-C.Rozeboom, Offensive Holding, declined.",32,play_type_kickoff,2,0,0,3800,00:02,ARI 35,35,ARI,45,2022-09-25T21:55:11.000Z,true,false,false,false,false,true,6,13,:02,:00,right,APPROVED,6,13,true,,,true,true
2022,REG,3,2022092510,2236,3800,ARI,58881,2236.0,(14:31) M.Stafford sacked at LA 20 for -10 yards (J.Watt).,2,play_type_sack,3,2,5,2510,14:31,LA 30,30,LA,40,2022-09-25T22:10:35.000Z,false,false,false,false,false,false,6,13,14:32,14:28,right,APPROVED,6,13,false,5.79,44.95,true,true
2022,REG,3,2022092510,2912,2510,LA,58881,2912.0,"(1:07) C.Akers left tackle for 14 yards, TOUCHDOWN.",2,play_type_rush,3,2,4,2510,01:07,ARI 14,14,ARI,96,2022-09-25T22:37:31.000Z,false,false,true,false,false,false,9,19,1:08,1:02,right,APPROVED,9,13,true,4.7,100.07,true,true
2022,REG,3,2022092510,3356,2510,LA,58881,3356.0,(10:02) M.Stafford pass short left to B.Skowronek pushed ob at ARZ 33 for 32 yards (J.Thompson).,2,play_type_pass,4,3,1,2510,10:02,LA 35,35,LA,75,2022-09-25T22:58:08.000Z,false,false,false,false,false,false,9,20,10:04,9:53,left,APPROVED,9,20,true,1.41,74.35,true,true
2022,REG,3,2022092511,685,4600,SEA,58882,685.0,(5:32) G.Smith pass deep right to C.Parkinson pushed ob at ATL 15 for 36 yards (J.Hawkins).,2,play_type_pass,1,3,1,4600,05:32,SEA 49,49,SEA,59,2022-09-25T20:49:16.000Z,false,false,false,false,false,false,3,7,5:32,5:25,right,APPROVED,3,7,true,1.44,59.66,true,true
2022,REG,3,2022092511,735,4600,SEA,58882,735.0,"(4:16) (Shotgun) G.Smith pass deep middle to W.Dissly for 18 yards, TOUCHDOWN.",2,play_type_pass,1,2,13,4600,04:16,ATL 18,18,ATL,92,2022-09-25T20:50:38.000Z,false,false,true,false,false,false,9,7,4:18,4:14,right,APPROVED,3,7,true,13.17,104.84,true,true
2022,REG,3,2022092511,879,0200,ATL,58882,879.0,(1:55) (Shotgun) M.Mariota pass deep right to K.Pitts to SEA 11 for 28 yards (J.Jones).,2,play_type_pass,1,2,10,0200,01:55,SEA 39,39,SEA,49,2022-09-25T20:57:53.000Z,false,false,false,false,false,false,10,7,1:55,1:50,left,APPROVED,10,7,true,10.18,38.87,true,true
2022,REG,3,2022092511,1191,0200,ATL,58882,1191.0,(13:00) (Shotgun) M.Mariota pass deep right to D.London pushed ob at ATL 42 for 30 yards (M.Jackson) [A.Woods].,2,play_type_pass,2,2,9,0200,13:00,ATL 12,12,ATL,22,2022-09-25T21:14:40.000Z,false,false,false,false,false,false,10,10,13:01,12:55,right,APPROVED,10,10,true,9.29,30.87,true,true
2022,REG,3,2022092511,1241,4600,SEA,58882,1241.0,(11:41) (Shotgun) M.Mariota sacked at ATL 33 for -9 yards (Q.Jefferson).,2,play_type_sack,2,2,10,0200,11:41,ATL 42,42,ATL,52,2022-09-25T21:16:04.000Z,false,false,false,false,false,false,10,10,11:42,11:37,right,APPROVED,10,10,false,10.52,61.98,true,true
2022,REG,3,2022092511,1260,0200,ATL,58882,1260.0,(11:00) (Shotgun) M.Mariota pass deep left to O.Zaccheaus pushed ob at SEA 41 for 26 yards (J.Jones).,2,play_type_pass,2,3,19,0200,11:00,ATL 33,33,ATL,43,2022-09-25T21:16:45.000Z,false,false,false,false,false,false,10,10,11:01,10:55,right,APPROVED,10,10,true,19.63,61.98,true,true
2022,REG,3,2022092511,1360,0200,ATL,58882,1360.0,"(8:18) C.Patterson right tackle for 17 yards, TOUCHDOWN.",2,play_type_rush,2,1,10,0200,08:18,SEA 17,17,SEA,93,2022-09-25T21:19:45.000Z,false,false,true,false,false,false,10,16,8:19,8:14,right,APPROVED,10,10,true,10.0,103.3,true,true
2022,REG,3,2022092511,1585,4600,SEA,58882,1585.0,(4:39) (Shotgun) G.Smith pass deep left to M.Goodwin pushed ob at ATL 18 for 23 yards (C.Hayward).,2,play_type_pass,2,4,2,4600,04:39,ATL 41,41,ATL,51,2022-09-25T21:28:34.000Z,false,false,false,false,false,false,10,17,4:40,4:34,left,APPROVED,10,17,true,2.71,48.71,true,true
2022,REG,3,2022092511,1614,4600,SEA,58882,1614.0,"(4:04) (Shotgun) G.Smith pass deep left to D.Metcalf for 18 yards, TOUCHDOWN.",2,play_type_pass,2,1,10,4600,04:04,ATL 18,18,ATL,28,2022-09-25T21:29:15.000Z,false,false,true,false,false,false,16,17,4:05,4:00,left,APPROVED,10,17,true,10.0,18.03,true,true
2022,REG,3,2022092511,2746,0200,ATL,58882,2746.0,(3:11) C.Patterson right guard ran ob at SEA 35 for 40 yards (J.Jones).,2,play_type_rush,3,1,10,0200,03:11,ATL 25,25,ATL,35,2022-09-25T22:31:38.000Z,false,false,false,false,false,false,23,20,3:11,3:04,right,APPROVED,23,20,true,10.0,44.83,true,true
2022,REG,3,2022092511,2847,0200,ATL,58882,2847.0,"(:41) (Shotgun) M.Mariota pass short left to D.London for 14 yards, TOUCHDOWN.",2,play_type_pass,3,3,7,0200,00:41,SEA 14,14,SEA,96,2022-09-25T22:34:22.000Z,false,false,true,false,false,false,23,26,:43,:37,right,APPROVED,23,20,true,8.12,103.46,true,true
2022,REG,3,2022092511,3615,0200,ATL,58882,3615.0,(2:00) (Shotgun) G.Smith sacked at ATL 38 for -10 yards (G.Jarrett).,2,play_type_sack,4,3,8,4600,02:00,ATL 28,28,ATL,82,2022-09-25T23:13:53.000Z,false,false,false,false,false,false,23,27,2:00,1:58,right,APPROVED,23,27,false,8.61,89.79,true,true
2022,REG,3,2022092512,520,1800,GB,58883,520.0,"(3:07) (Shotgun) A.Rodgers pass short right to R.Doubs for 5 yards, TOUCHDOWN.",2,play_type_pass,1,3,3,1800,03:07,TB 5,5,TB,15,2022-09-25T20:41:58.000Z,false,false,true,false,false,false,3,6,3:08,3:04,left,APPROVED,3,0,true,3.72,11.96,true,true
2022,REG,3,2022092512,1212,1800,GB,58883,1212.0,(5:57) (Shotgun) A.Rodgers pass short left to R.Cobb to TB 22 for 40 yards (C.Davis).,2,play_type_pass,2,1,10,1800,05:57,GB 38,38,GB,48,2022-09-25T21:19:58.000Z,false,false,false,false,false,false,3,14,5:57,5:50,right,APPROVED,3,14,true,10.0,57.48,true,true
2022,REG,3,2022092512,2320,4900,TB,58883,2320.0,(7:57) (Shotgun) A.Rodgers pass short middle intended for R.Tonyan INTERCEPTED by L.Ryan at GB 47. L.Ryan to GB 47 for no gain (A.Lazard).,2,play_type_pass,3,3,5,1800,07:57,GB 40,40,GB,50,2022-09-25T22:19:08.000Z,false,false,false,false,false,true,3,14,7:59,7:54,right,APPROVED,3,14,true,5.93,54.77,true,true
2022,REG,3,2022092512,3473,4900,TB,58883,3473.0,(3:18) (Shotgun) A.Rodgers sacked at TB 49 for -7 yards (L.Hall).,2,play_type_sack,4,3,10,1800,03:18,TB 42,42,TB,52,2022-09-25T23:07:56.000Z,false,false,false,false,false,false,6,14,3:18,3:14,left,APPROVED,6,14,false,10.52,41.94,true,true
2022,REG,3,2022092512,3868,4900,TB,58883,3868.0,"(:18) (Shotgun) T.Brady pass short middle to R.Gage for 1 yard, TOUCHDOWN.",2,play_type_pass,4,3,1,4900,00:18,GB 1,1,GB,109,2022-09-25T23:20:34.000Z,false,false,true,true,false,false,12,14,:18,:15,right,APPROVED,6,14,true,1.94,110.0,true,false
2022,REG,3,2022092513,320,4500,SF,58884,320.0,(10:32) J.Wilson left tackle to DEN 18 for 37 yards (P.Surtain).,2,play_type_rush,1,1,10,4500,10:32,SF 45,45,SF,65,2022-09-26T00:34:42.000Z,false,false,false,false,false,false,0,0,10:34,10:26,left,APPROVED,0,0,true,10.0,55.34,true,true
2022,REG,3,2022092513,410,4500,SF,58884,410.0,"(7:58) J.Garoppolo pass short middle to B.Aiyuk for 3 yards, TOUCHDOWN.",2,play_type_pass,1,2,3,4500,07:58,DEN 3,3,DEN,13,2022-09-26T00:37:17.000Z,false,false,true,true,false,false,0,6,7:58,7:56,left,APPROVED,0,0,true,3.38,10.0,true,true
2022,REG,3,2022092513,679,1400,DEN,58884,679.0,(5:09) (Shotgun) J.Garoppolo sacked at SF 26 for -10 yards (J.Jewell).,2,play_type_sack,1,3,9,4500,05:09,SF 36,36,SF,74,2022-09-26T00:49:22.000Z,false,false,false,false,false,false,0,7,5:11,5:06,left,APPROVED,0,7,false,10.1,65.32,true,true
2022,REG,3,2022092513,2083,4500,SF,58884,2083.0,(14:27) R.Wilson sacked at DEN 21 for -8 yards (N.Bosa).,2,play_type_sack,3,2,6,1400,14:27,DEN 29,29,DEN,39,2022-09-26T02:08:18.000Z,false,false,false,false,false,false,3,7,14:28,14:25,right,APPROVED,3,7,false,6.37,44.66,true,true
2022,REG,3,2022092513,2389,1400,DEN,58884,2389.0,"(9:56) J.Garoppolo sacked ob in End Zone for -2 yards, SAFETY (M.Purcell). SF-T.Williams was injured during the play.",2,play_type_sack,3,2,10,4500,09:56,SF 2,2,SF,108,2022-09-26T02:20:54.000Z,false,false,true,false,false,false,5,7,9:57,9:54,left,APPROVED,3,7,false,10.34,98.3,true,false
2022,REG,3,2022092513,2815,1400,DEN,58884,2815.0,(2:38) J.Garoppolo sacked at DEN 47 for -8 yards (R.Gregory).,2,play_type_sack,3,2,10,4500,02:38,DEN 39,39,DEN,49,2022-09-26T02:38:54.000Z,false,false,false,false,false,false,5,7,2:39,2:36,left,APPROVED,5,7,false,10.05,39.59,true,true
2022,REG,3,2022092513,3451,1400,DEN,58884,3451.0,(8:16) (Shotgun) R.Wilson pass deep left to K.Hinton to SF 40 for 27 yards (F.Warner).,2,play_type_pass,4,3,10,1400,08:16,DEN 33,33,DEN,77,2022-09-26T03:06:45.000Z,false,false,false,false,false,false,5,10,8:16,8:09,left,APPROVED,5,10,true,10.34,67.44,true,true
2022,REG,3,2022092513,3762,1400,DEN,58884,3762.0,(2:13) (Shotgun) J.Garoppolo pass short middle intended for D.Samuel INTERCEPTED by J.Griffith (K.Jackson) at DEN 41. J.Griffith to DEN 42 for 1 yard (D.Samuel).,2,play_type_pass,4,1,10,4500,02:13,SF 48,48,SF,58,2022-09-26T03:18:10.000Z,false,false,false,false,false,true,11,10,2:14,2:08,right,APPROVED,11,10,true,10.0,67.81,true,true
2022,REG,3,2022092600,1162,1200,DAL,58885,1162.0,(11:11) T.Pollard left tackle to NYG 17 for 46 yards (A.Jackson; C.Flott).,2,play_type_rush,2,1,10,1200,11:11,DAL 37,37,DAL,47,2022-09-27T00:59:11.000Z,false,false,false,false,false,false,3,3,11:11,11:03,right,APPROVED,3,3,true,10.0,56.56,true,true
2022,REG,3,2022092600,1514,1200,DAL,58885,1514.0,"(5:10) (Shotgun) E.Elliott left end to DAL 48 for 27 yards (O.Ximines, J.Love).",2,play_type_rush,2,3,12,1200,05:10,DAL 21,21,DAL,31,2022-09-27T01:14:35.000Z,false,false,false,false,false,false,3,6,5:11,5:02,right,APPROVED,3,6,true,12.47,42.45,true,true
2022,REG,3,2022092600,2043,1200,DAL,58885,2043.0,(14:22) (Shotgun) D.Jones sacked at NYG 21 for -8 yards (D.Lawrence).,2,play_type_sack,3,2,6,3410,14:22,NYG 29,29,NYG,39,2022-09-27T01:53:39.000Z,false,false,false,false,false,false,3,6,14:24,14:18,right,APPROVED,3,6,false,7.0,44.88,true,true
2022,REG,3,2022092600,2540,3410,NYG,58885,2540.0,"(5:41) (No Huddle) S.Barkley right guard for 36 yards, TOUCHDOWN.",2,play_type_rush,3,1,10,3410,05:41,DAL 36,36,DAL,74,2022-09-27T02:15:11.000Z,false,false,true,false,false,false,12,6,5:42,5:32,right,APPROVED,6,6,true,10.0,84.18,true,true
2022,REG,3,2022092600,3231,1200,DAL,58885,3231.0,"(9:21) (Shotgun) C.Rush pass short left to C.Lamb to NYG 1 for 26 yards (F.Moreau, J.Love).",2,play_type_pass,4,1,10,1200,09:21,NYG 27,27,NYG,83,2022-09-27T02:45:50.000Z,false,false,false,false,false,false,13,13,9:23,9:16,right,APPROVED,13,13,true,10.0,92.55,true,true
2022,REG,3,2022092600,3255,1200,DAL,58885,3255.0,"(8:34) (Shotgun) C.Rush pass short left to C.Lamb for 1 yard, TOUCHDOWN.",2,play_type_pass,4,1,1,1200,08:34,NYG 1,1,NYG,109,2022-09-27T02:46:37.000Z,false,false,true,true,false,false,13,19,8:35,8:32,right,APPROVED,13,13,true,1.8900000000000006,110.0,true,true
2022,REG,3,2022092600,4077,1200,DAL,58885,4077.0,(1:17) (Shotgun) D.Jones pass deep left intended for D.Sills INTERCEPTED by T.Diggs at NYG 36. T.Diggs to NYG 29 for 7 yards. NYG-S.Shepard was injured during the play.,2,play_type_pass,4,2,15,3410,01:17,NYG 16,16,NYG,94,2022-09-27T03:21:40.000Z,false,false,false,false,false,true,16,23,1:17,1:11,left,APPROVED,16,23,true,15.43,79.19,true,true
2022,REG,4,2022092900,272,0920,CIN,58886,272.0,"(10:26) J.Mixon up the middle for 5 yards, TOUCHDOWN.",2,play_type_rush,1,3,1,0920,10:26,MIA 5,5,MIA,15,2022-09-30T00:23:25.000Z,false,false,true,false,false,false,6,0,10:26,10:21,left,APPROVED,0,0,true,0.63,14.69,true,true
2022,REG,4,2022092900,805,2700,MIA,58886,805.0,(2:29) (Shotgun) T.Tagovailoa pass deep left to M.Gesicki to MIA 31 for 21 yards (J.Bates) [S.Hubbard].,2,play_type_pass,1,2,13,2700,02:29,MIA 10,10,MIA,20,2022-09-30T00:50:22.000Z,false,false,false,false,false,false,7,3,2:29,2:25,right,APPROVED,7,3,true,13.16,32.28,true,true
2022,REG,4,2022092900,857,0920,CIN,58886,857.0,(1:14) (Shotgun) T.Tagovailoa pass deep middle intended for T.Hill INTERCEPTED by V.Bell at CIN 29. V.Bell to CIN 29 for no gain (T.Hill).,2,play_type_pass,1,2,8,2700,01:14,MIA 33,33,MIA,43,2022-09-30T00:51:37.000Z,false,false,false,false,false,true,7,3,1:14,1:06,right,APPROVED,7,3,true,8.81,50.77,true,true
2022,REG,4,2022092900,1672,0920,CIN,58886,1672.0,"(2:58) (Shotgun) J.Burrow pass deep left to T.Higgins for 59 yards, TOUCHDOWN.",2,play_type_pass,2,3,11,0920,02:58,CIN 41,41,CIN,51,2022-09-30T01:34:42.000Z,false,false,true,false,false,false,13,6,2:59,2:50,right,APPROVED,7,6,true,11.11,61.89,true,true
2022,REG,4,2022092900,1965,2700,MIA,58886,1965.0,"(:15) T.Bridgewater pass short middle to C.Edmonds for 7 yards, TOUCHDOWN [S.Hubbard].",2,play_type_pass,2,1,7,2700,00:15,CIN 7,7,CIN,17,2022-09-30T01:47:32.000Z,false,false,true,true,false,false,14,12,:15,:10,left,APPROVED,14,6,true,7.539999999999999,10.0,true,true
2022,REG,4,2022092900,2299,2700,MIA,58886,2299.0,"(10:57) (Shotgun) J.Burrow sacked at CIN 44 for -6 yards (J.Phillips). Penalty on CIN-C.Volson, Offensive Holding, declined.",2,play_type_sack,3,3,6,0920,10:57,50,50,,60,2022-09-30T02:13:18.000Z,false,false,false,false,false,false,14,12,10:59,10:54,right,APPROVED,14,12,false,7.03,66.02,true,true
2022,REG,4,2022092900,2598,2700,MIA,58886,2598.0,(4:56) (Shotgun) T.Bridgewater pass deep middle to T.Hill to CIN 5 for 64 yards (C.Awuzie).,2,play_type_pass,3,1,10,2700,04:56,MIA 31,31,MIA,79,2022-09-30T02:27:56.000Z,false,false,false,false,false,false,14,12,4:56,4:47,left,APPROVED,14,12,true,10.0,69.09,true,true
2022,REG,4,2022092900,2800,0920,CIN,58886,2800.0,(:56) (Shotgun) T.Boyd pass deep right to J.Chase pushed ob at CIN 47 for 23 yards (J.Holland).,2,play_type_pass,3,3,11,0920,00:56,CIN 24,24,CIN,34,2022-09-30T02:34:58.000Z,false,false,false,false,false,false,14,15,:57,:52,right,APPROVED,14,15,true,10.9,44.67,true,true
2022,REG,4,2022092900,2872,0920,CIN,58886,2872.0,(15:00) (Shotgun) J.Burrow pass deep left to T.Boyd to MIA 6 for 43 yards (K.Kohou).,2,play_type_pass,4,2,6,0920,15:00,MIA 49,49,MIA,59,2022-09-30T02:39:17.000Z,false,false,false,false,false,false,14,15,15:00,14:54,left,APPROVED,14,15,true,5.99,53.35,true,true
2022,REG,4,2022092900,3501,0920,CIN,58886,3501.0,(3:17) (Shotgun) T.Bridgewater pass deep middle intended for M.Gesicki INTERCEPTED by V.Bell at CIN 9. V.Bell to MIA 45 for 46 yards (R.Cracraft).,2,play_type_pass,4,2,10,2700,03:17,CIN 26,26,CIN,84,2022-09-30T03:04:20.000Z,false,false,false,false,false,true,20,15,3:17,3:07,right,APPROVED,20,15,true,10.33,93.67,true,true
2022,REG,4,2022092900,3548,0920,CIN,58886,3548.0,(2:58) J.Burrow pass deep left to J.Chase to MIA 6 for 36 yards (K.Crossen).,2,play_type_pass,4,2,7,0920,02:58,MIA 42,42,MIA,52,2022-09-30T03:06:30.000Z,false,false,false,false,false,false,20,15,2:58,2:54,left,APPROVED,20,15,true,7.51,44.97,true,true
2022,REG,4,2022092900,3630,0920,CIN,58886,3630.0,"(1:56) J.Burrow pass short left to H.Hurst for 2 yards, TOUCHDOWN. Penalty on MIA-D.Riley, Defensive Holding, declined.",2,play_type_pass,4,3,2,0920,01:56,MIA 2,2,MIA,12,2022-09-30T03:11:27.000Z,false,false,true,true,false,false,26,15,1:56,1:52,left,APPROVED,20,15,true,2.45,10.0,true,true
2022,REG,4,2022100200,451,3000,MIN,58887,451.0,"(8:18) (Shotgun) K.Cousins pass short left to A.Mattison for 15 yards, TOUCHDOWN.",2,play_type_pass,1,3,15,3000,08:18,NO 15,15,NO,95,2022-10-02T13:44:41.000Z,false,false,true,true,false,false,0,6,8:19,8:14,right,APPROVED,0,0,true,15.22,110.0,true,true
2022,REG,4,2022100200,826,3300,NO,58887,826.0,(3:15) (Shotgun) K.Cousins sacked at NO 45 for -5 yards (K.Street).,2,play_type_sack,1,3,9,3000,03:15,NO 40,40,NO,70,2022-10-02T13:58:44.000Z,false,false,false,false,false,false,0,7,3:15,3:11,right,APPROVED,0,7,false,9.29,78.88,true,true
2022,REG,4,2022100200,980,3300,NO,58887,980.0,(:16) (Shotgun) K.Cousins pass deep right intended for I.Smith INTERCEPTED by T.Mathieu at NO 37. T.Mathieu ran ob at NO 40 for 3 yards.,2,play_type_pass,1,2,8,3000,00:16,MIN 47,47,MIN,57,2022-10-02T14:11:02.000Z,false,false,false,false,false,true,0,7,:17,:12,right,APPROVED,0,7,true,8.58,64.96,true,true
2022,REG,4,2022100200,1276,3300,NO,58887,1276.0,"(9:03) (Shotgun) A.Dalton pass short middle to C.Olave for 4 yards, TOUCHDOWN.",2,play_type_pass,2,3,4,3300,09:03,MIN 4,4,MIN,106,2022-10-02T14:21:50.000Z,false,false,true,true,false,false,6,7,9:04,9:00,right,APPROVED,0,7,true,5.31,110.0,true,true
2022,REG,4,2022100200,1425,3300,NO,58887,1425.0,(6:47) (Shotgun) K.Cousins sacked at MIN 43 for -7 yards (sack split by C.Jordan and M.Davenport).,2,play_type_sack,2,3,3,3000,06:47,50,50,,60,2022-10-02T14:29:44.000Z,false,false,false,false,false,false,7,7,6:48,6:45,left,APPROVED,7,7,false,3.61,57.29,true,true
2022,REG,4,2022100200,1806,3000,MIN,58887,1806.0,"(1:03) (Shotgun) A.Dalton sacked at NO 19 for -6 yards (D.Tomlinson). FUMBLES (D.Tomlinson) [D.Tomlinson], RECOVERED by MIN-H.Phillips at NO 20.",2,play_type_sack,2,1,10,3300,01:03,NO 25,25,NO,35,2022-10-02T14:48:00.000Z,false,false,false,false,false,true,7,10,1:04,:59,right,APPROVED,7,10,false,10.0,44.68,true,true
2022,REG,4,2022100200,2201,3300,NO,58887,2201.0,"(12:09) R.Wright punts 42 yards to NO 42, Center-A.DePaola. D.Harty to NO 44 for 2 yards (J.Metellus, K.Boyd). FUMBLES (K.Boyd), RECOVERED by MIN-K.Boyd at NO 44.",2,play_type_punt,3,4,9,3000,12:09,MIN 16,16,MIN,26,2022-10-02T15:15:48.000Z,true,false,false,false,false,false,7,13,12:09,11:56,right,APPROVED,7,13,false,9.62,34.81,true,true
2022,REG,4,2022100200,2242,3000,MIN,58887,2242.0,(11:54) K.Cousins pass deep right to J.Jefferson pushed ob at NO 3 for 41 yards (M.Lattimore) [K.Street].,2,play_type_pass,3,1,10,3000,11:54,NO 44,44,NO,66,2022-10-02T15:17:24.000Z,false,false,false,false,false,false,7,13,11:54,11:46,right,APPROVED,7,13,true,10.0,75.93,true,true
2022,REG,4,2022100200,2628,3300,NO,58887,2628.0,(5:21) (Shotgun) A.Dalton pass deep left to M.Callaway pushed ob at MIN 8 for 33 yards (A.Evans).,2,play_type_pass,3,2,15,3300,05:21,MIN 41,41,MIN,51,2022-10-02T15:30:56.000Z,false,false,false,false,false,false,7,16,5:21,5:16,left,APPROVED,7,16,true,16.11,36.13,true,true
2022,REG,4,2022100200,3641,3000,MIN,58887,3641.0,"(4:17) J.Jefferson left end for 3 yards, TOUCHDOWN.",2,play_type_rush,4,1,3,3000,04:17,NO 3,3,NO,13,2022-10-02T16:09:37.000Z,false,false,true,true,false,false,22,25,4:20,4:17,left,APPROVED,22,19,true,3.74,10.0,true,true
2022,REG,4,2022100201,749,0200,ATL,58888,749.0,(2:11) (Shotgun) M.Mariota pass deep left to P.Hesse pushed ob at CLV 13 for 22 yards (M.Emerson) [I.Rochell].,2,play_type_pass,1,2,14,0200,02:11,CLE 35,35,CLE,75,2022-10-02T17:27:26.000Z,false,false,false,false,false,false,3,0,2:12,2:02,right,APPROVED,3,0,true,14.75,89.03,true,true
2022,REG,4,2022100201,778,0200,ATL,58888,778.0,"(1:29) (Shotgun) C.Patterson left end for 13 yards, TOUCHDOWN.",2,play_type_rush,1,1,10,0200,01:29,CLE 13,13,CLE,97,2022-10-02T17:28:14.000Z,false,false,true,false,false,false,9,0,1:30,1:24,right,APPROVED,3,0,true,10.0,107.07,true,true
2022,REG,4,2022100201,1197,1050,CLE,58888,1197.0,"(7:42) (Shotgun) J.Brissett scrambles right tackle for 4 yards, TOUCHDOWN.",2,play_type_rush,2,3,4,1050,07:42,ATL 4,4,ATL,106,2022-10-02T17:45:56.000Z,false,false,true,true,false,false,10,6,7:42,7:37,right,APPROVED,10,0,true,5.06,110.0,true,true
2022,REG,4,2022100201,2684,0200,ATL,58888,2684.0,"(12:56) (No Huddle) C.Huntley left tackle for 5 yards, TOUCHDOWN.",2,play_type_rush,4,1,5,0200,12:56,CLE 5,5,CLE,105,2022-10-02T19:10:24.000Z,false,false,true,true,false,false,16,13,12:56,12:53,right,APPROVED,10,13,true,5.329999999999998,110.0,true,true
2022,REG,4,2022100201,2864,1050,CLE,58888,2864.0,"(9:58) N.Chubb left end for 28 yards, TOUCHDOWN.",2,play_type_rush,4,1,10,1050,09:58,ATL 28,28,ATL,38,2022-10-02T19:17:44.000Z,false,false,true,false,false,false,17,19,9:59,9:53,left,APPROVED,17,13,true,10.0,28.22,true,true
2022,REG,4,2022100202,158,0325,BAL,58889,158.0,"(13:30) (Shotgun) L.Jackson pass short middle to J.Dobbins for 1 yard, TOUCHDOWN.",2,play_type_pass,1,2,1,0325,13:30,BUF 1,1,BUF,109,2022-10-02T17:06:29.000Z,false,false,true,true,false,false,6,0,13:31,13:27,right,APPROVED,0,0,true,1.66,110.0,true,true
2022,REG,4,2022100202,775,0325,BAL,58889,775.0,"(1:10) (Shotgun) J.Dobbins left tackle for 4 yards, TOUCHDOWN.",2,play_type_rush,1,1,4,0325,01:10,BUF 4,4,BUF,106,2022-10-02T17:30:12.000Z,false,false,true,true,false,false,13,3,1:10,1:06,right,APPROVED,7,3,true,4.760000000000005,110.0,true,true
2022,REG,4,2022100202,1293,0325,BAL,58889,1293.0,(8:54) (Shotgun) L.Jackson pass deep left to D.Duvernay to BUF 39 for 21 yards (D.Hamlin) [S.Lawson].,2,play_type_pass,2,2,19,0325,08:54,BAL 40,40,BAL,70,2022-10-02T17:55:52.000Z,false,false,false,false,false,false,17,3,8:55,8:45,left,APPROVED,17,3,true,19.56,51.07,true,true
2022,REG,4,2022100202,2019,0610,BUF,58889,2019.0,"(:13) (Shotgun) J.Allen pass short right to I.McKenzie for 4 yards, TOUCHDOWN.",2,play_type_pass,2,1,4,0610,00:13,BAL 4,4,BAL,106,2022-10-02T18:24:03.000Z,false,false,true,true,false,false,20,9,:13,:10,right,APPROVED,20,3,true,4.609999999999999,110.0,true,true
2022,REG,4,2022100202,2830,0610,BUF,58889,2830.0,"(3:32) J.Allen left end for 11 yards, TOUCHDOWN. The Replay Official reviewed the runner broke the plane ruling, and the play was Upheld. The ruling on the field stands.",2,play_type_rush,3,2,3,0610,03:32,BAL 11,11,BAL,99,2022-10-02T19:11:57.000Z,false,false,true,false,false,false,20,19,3:33,3:27,right,APPROVED,20,13,true,3.41,101.83,false,true
2022,REG,4,2022100202,3050,0610,BUF,58889,3050.0,(15:00) (Shotgun) L.Jackson pass short middle intended for M.Andrews INTERCEPTED by J.Poyer (P.Emili) at 50. J.Poyer to 50 for no gain (L.Jackson).,2,play_type_pass,4,1,10,0325,15:00,BAL 48,48,BAL,58,2022-10-02T19:27:44.000Z,false,false,false,false,false,true,20,20,15:00,14:55,right,APPROVED,20,20,true,10.0,67.74,true,true
2022,REG,4,2022100202,3119,0325,BAL,58889,3119.0,(14:17) (Shotgun) J.Allen sacked at BUF 39 for -12 yards (O.Oweh).,2,play_type_sack,4,3,9,0610,14:17,BAL 49,49,BAL,59,2022-10-02T19:30:02.000Z,false,false,false,false,false,false,20,20,14:18,14:16,left,APPROVED,20,20,false,,,true,true
2022,REG,4,2022100202,3594,0610,BUF,58889,3594.0,(4:15) (Shotgun) L.Jackson pass short right intended for D.Duvernay INTERCEPTED by J.Poyer at BUF -6. Touchback.,2,play_type_pass,4,4,2,0325,04:15,BUF 2,2,BUF,108,2022-10-02T19:49:13.000Z,false,false,false,true,false,true,20,20,4:16,4:09,right,APPROVED,20,20,true,3.03,110.0,true,true
2022,REG,4,2022100203,958,0750,CAR,58897,958.0,"(12:23) (Shotgun) K.Murray pass short left intended for M.Brown INTERCEPTED by F.Luvu [M.Ioannidis] at ARZ 33. F.Luvu for 33 yards, TOUCHDOWN.",2,play_type_pass,2,3,6,3800,12:23,ARI 31,31,ARI,41,2022-10-02T20:46:24.000Z,false,false,true,false,false,true,6,0,12:24,12:15,right,APPROVED,0,0,true,6.43,46.74,true,true
2022,REG,4,2022100203,1747,3800,ARI,58897,1747.0,(1:12) (Shotgun) B.Mayfield pass deep left intended for D.Moore INTERCEPTED by J.Thompson at ARZ 18. J.Thompson to ARZ 18 for no gain (D.Moore).,2,play_type_pass,2,3,5,0750,01:12,ARI 42,42,ARI,52,2022-10-02T21:22:12.000Z,false,false,false,false,false,true,7,3,1:12,1:07,left,APPROVED,7,3,true,5.32,47.37,true,true
2022,REG,4,2022100203,2088,3800,ARI,58897,2088.0,(13:43) (Shotgun) B.Mayfield sacked at CAR 21 for -9 yards (Z.Allen).,2,play_type_sack,3,3,5,0750,13:43,CAR 30,30,CAR,40,2022-10-02T21:46:18.000Z,false,false,false,false,false,false,10,3,13:44,13:40,right,APPROVED,10,3,false,5.88,44.47,true,true
2022,REG,4,2022100203,2440,3800,ARI,58897,2440.0,"(7:46) (Shotgun) K.Murray pass short left to Z.Ertz for 2 yards, TOUCHDOWN.",2,play_type_pass,3,3,2,3800,07:46,CAR 2,2,CAR,12,2022-10-02T21:59:23.000Z,false,false,true,true,false,false,10,9,7:46,7:44,left,APPROVED,10,3,true,2.58,10.0,true,true
2022,REG,4,2022100203,3224,3800,ARI,58897,3224.0,(11:17) (Shotgun) B.Mayfield pass short right intended for D.Moore INTERCEPTED by D.Gardeck (J.Watt) at CAR 29. D.Gardeck pushed ob at CAR 5 for 24 yards (B.Mayfield).,2,play_type_pass,4,1,10,0750,11:17,CAR 25,25,CAR,85,2022-10-02T22:39:09.000Z,false,false,false,false,false,true,10,13,11:17,11:10,left,APPROVED,10,13,true,10.0,75.31,true,true
2022,REG,4,2022100203,3282,3800,ARI,58897,3282.0,"(10:32) (Shotgun) K.Murray right end for 4 yards, TOUCHDOWN.",2,play_type_rush,4,2,4,3800,10:32,CAR 4,4,CAR,106,2022-10-02T22:40:57.000Z,false,false,true,true,false,false,10,19,10:33,10:28,right,APPROVED,10,13,true,4.92,110.0,true,true
2022,REG,4,2022100203,3494,3800,ARI,58897,3494.0,"(7:44) (Shotgun) K.Murray pass deep right to M.Brown for 23 yards, TOUCHDOWN.",2,play_type_pass,4,3,2,3800,07:44,CAR 23,23,CAR,87,2022-10-02T22:52:33.000Z,false,false,true,false,false,false,10,26,7:45,7:40,right,APPROVED,10,20,true,2.68,89.25,true,true
2022,REG,4,2022100203,3519,3800,ARI,58897,3519.0,TWO-POINT CONVERSION ATTEMPT. K.Murray is sacked. ATTEMPT FAILS.,26,play_type_two_point_conversion,4,0,0,3800,07:37,CAR 2,2,CAR,108,2022-10-02T22:53:49.000Z,false,false,false,false,false,false,10,26,7:37,7:37,right,APPROVED,10,26,false,,,true,true
2022,REG,4,2022100203,3592,0750,CAR,58897,3592.0,"(7:14) (No Huddle, Shotgun) B.Mayfield pass short right to C.McCaffrey to ARZ 35 for 34 yards (Z.Collins).",2,play_type_pass,4,2,5,0750,07:14,CAR 31,31,CAR,79,2022-10-02T22:56:14.000Z,false,false,false,false,false,false,10,26,7:15,7:05,left,APPROVED,10,26,true,5.2,74.48,true,true
2022,REG,4,2022100203,3767,0750,CAR,58897,3767.0,"(4:53) (No Huddle, Shotgun) B.Mayfield pass short middle to C.McCaffrey for 13 yards, TOUCHDOWN.",2,play_type_pass,4,3,7,0750,04:53,ARI 13,13,ARI,23,2022-10-02T23:00:18.000Z,false,false,true,false,false,false,16,26,4:53,4:49,left,APPROVED,10,26,true,7.63,16.04,true,true
2022,REG,4,2022100203,3792,0750,CAR,58897,3792.0,TWO-POINT CONVERSION ATTEMPT. B.Mayfield pass to S.Smith is incomplete. ATTEMPT FAILS.,26,play_type_two_point_conversion,4,0,0,0750,04:47,ARI 2,2,ARI,12,2022-10-02T23:01:12.000Z,false,false,false,false,false,false,16,26,4:47,4:47,left,APPROVED,16,26,false,,,true,true
2022,REG,4,2022100204,99,1200,DAL,58890,99.0,(14:20) (Shotgun) C.Rush pass short left to E.Elliott to WAS 39 for 31 yards (K.Curl).,2,play_type_pass,1,3,5,1200,14:20,DAL 30,30,DAL,80,2022-10-02T17:04:16.000Z,false,false,false,false,false,false,0,0,14:20,14:11,left,APPROVED,0,0,true,5.8,75.35,true,true
2022,REG,4,2022100204,1172,5110,WAS,58890,1172.0,(8:56) (Shotgun) J.McKissic right tackle pushed ob at DAL 17 for 33 yards (L.Vander Esch).,2,play_type_rush,2,2,7,5110,08:56,50,50,,60,2022-10-02T17:54:44.000Z,false,false,false,false,false,false,6,0,8:57,8:50,left,APPROVED,6,0,true,7.78,52.65,true,true
2022,REG,4,2022100204,1243,5110,WAS,58890,1243.0,"(7:11) (Shotgun) C.Wentz pass short right to J.Dotson for 10 yards, TOUCHDOWN.",2,play_type_pass,2,3,3,5110,07:11,DAL 10,10,DAL,20,2022-10-02T17:56:35.000Z,false,false,true,false,false,false,6,6,7:12,7:07,left,APPROVED,6,0,true,,,true,true
2022,REG,4,2022100204,1684,1200,DAL,58890,1684.0,"(1:10) (Shotgun) C.Rush pass short right to M.Gallup for 9 yards, TOUCHDOWN.",2,play_type_pass,2,3,6,1200,01:10,WAS 9,9,WAS,101,2022-10-02T18:14:43.000Z,false,false,true,false,false,false,12,7,1:10,1:04,right,APPROVED,6,7,true,6.5,106.53,true,true
2022,REG,4,2022100204,2386,1200,DAL,58890,2386.0,(7:48) C.Rush pass deep middle to N.Brown to WAS 17 for 45 yards (B.McCain).,2,play_type_pass,3,1,10,1200,07:48,DAL 38,38,DAL,72,2022-10-02T18:59:23.000Z,false,false,false,false,false,false,12,7,7:48,7:43,left,APPROVED,12,7,true,10.0,62.31,true,true
2022,REG,4,2022100204,2582,5110,WAS,58890,2582.0,(4:05) (Shotgun) C.Wentz pass deep right to J.Dotson to DAL 42 for 31 yards (D.Bland).,2,play_type_pass,3,3,8,5110,04:05,WAS 27,27,WAS,37,2022-10-02T19:08:59.000Z,false,false,false,false,false,false,15,7,4:05,3:58,right,APPROVED,15,7,true,9.13,44.78,true,true
2022,REG,4,2022100204,2860,1200,DAL,58890,2860.0,"(15:00) (Shotgun) C.Rush pass deep middle to C.Lamb for 30 yards, TOUCHDOWN.",2,play_type_pass,4,2,5,1200,15:00,WAS 30,30,WAS,80,2022-10-02T19:21:44.000Z,false,false,true,false,false,false,21,10,15:00,14:55,right,APPROVED,15,10,true,5.81,84.71,true,true
2022,REG,4,2022100204,3514,1200,DAL,58890,3514.0,(5:36) (Shotgun) C.Wentz pass short middle intended for C.Samuel INTERCEPTED by D.Bland at WAS 24. D.Bland to WAS 20 for 4 yards (T.McLaurin).,2,play_type_pass,4,3,8,5110,05:36,WAS 13,13,WAS,97,2022-10-02T19:48:44.000Z,false,false,false,false,false,true,22,10,5:36,5:31,left,APPROVED,22,10,true,,,true,true
2022,REG,4,2022100205,378,4600,SEA,58891,378.0,"(8:29) (Shotgun) G.Smith pass deep right to W.Dissly for 17 yards, TOUCHDOWN.",2,play_type_pass,1,1,15,4600,08:29,DET 17,17,DET,93,2022-10-02T17:12:10.000Z,false,false,true,false,false,false,0,6,8:30,8:26,right,APPROVED,0,0,true,15.0,107.78,true,true
2022,REG,4,2022100205,510,4600,SEA,58891,510.0,"(7:05) J.Fox punts 48 yards to SEA 21, Center-S.Daly. T.Lockett to SEA 28 for 7 yards (M.Rodriguez). FUMBLES (M.Rodriguez), touched at SEA 32, RECOVERED by DET-S.Daly at SEA 32.",2,play_type_punt,1,4,5,1540,07:05,DET 31,31,DET,79,2022-10-02T17:18:36.000Z,true,false,false,false,false,false,0,7,7:05,6:54,left,APPROVED,0,7,false,4.94,74.6,true,true
2022,REG,4,2022100205,560,1540,DET,58891,560.0,"(6:54) J.Goff pass deep left to T.Hockenson for 32 yards, TOUCHDOWN. Penalty on SEA-T.Woolen, Defensive Holding, declined.",2,play_type_pass,1,1,10,1540,06:54,SEA 32,32,SEA,42,2022-10-02T17:19:45.000Z,false,false,true,false,false,false,6,7,6:54,6:49,left,APPROVED,0,7,true,10.0,32.41,true,true
2022,REG,4,2022100205,736,4600,SEA,58891,736.0,"(4:40) (No Huddle, Shotgun) G.Smith up the middle for 8 yards, TOUCHDOWN.",2,play_type_rush,1,2,8,4600,04:40,DET 8,8,DET,102,2022-10-02T17:26:57.000Z,false,false,true,true,false,false,6,13,4:41,4:37,right,APPROVED,6,7,true,8.27,110.0,true,true
2022,REG,4,2022100205,1570,4600,SEA,58891,1570.0,"(6:52) J.Goff pass deep left to K.Raymond to SEA 47 for 21 yards (C.Bryant). FUMBLES (C.Bryant), touched at SEA 46, RECOVERED by SEA-J.Brooks at SEA 45. J.Brooks to SEA 48 for 3 yards (T.Kennedy).",2,play_type_pass,2,2,8,1540,06:52,DET 32,32,DET,42,2022-10-02T18:03:48.000Z,false,false,false,false,false,true,9,17,6:54,6:44,right,APPROVED,9,17,true,7.91,49.62,true,true
2022,REG,4,2022100205,1671,4600,SEA,58891,1671.0,"(5:43) (No Huddle, Shotgun) G.Smith pass deep left to D.Metcalf pushed ob at DET 2 for 54 yards (D.Elliott).",2,play_type_pass,2,2,14,4600,05:43,SEA 44,44,SEA,66,2022-10-02T18:09:36.000Z,false,false,false,false,false,false,9,17,5:44,5:35,left,APPROVED,9,17,true,14.75,52.25,true,true
2022,REG,4,2022100205,1700,4600,SEA,58891,1700.0,"(5:09) (No Huddle, Shotgun) G.Smith pass short right to N.Fant for 2 yards, TOUCHDOWN.",2,play_type_pass,2,1,2,4600,05:09,DET 2,2,DET,12,2022-10-02T18:10:13.000Z,false,false,true,true,false,false,9,23,5:10,5:05,left,APPROVED,9,17,true,2.25,10.0,true,true
2022,REG,4,2022100205,1851,1540,DET,58891,1851.0,(3:41) (Shotgun) J.Goff pass deep right to T.Kennedy pushed ob at DET 40 for 28 yards (C.Barton) [Q.Jefferson].,2,play_type_pass,2,2,23,1540,03:41,DET 12,12,DET,22,2022-10-02T18:17:08.000Z,false,false,false,false,false,false,9,24,3:41,3:32,right,APPROVED,9,24,true,23.58,44.56,true,true
2022,REG,4,2022100205,2041,1540,DET,58891,2041.0,(1:00) (Shotgun) J.Goff pass deep left to J.Reynolds to SEA 1 for 26 yards (J.Brooks; C.Bryant).,2,play_type_pass,2,2,10,1540,01:00,SEA 27,27,SEA,83,2022-10-02T18:25:33.000Z,false,false,false,false,false,false,9,24,1:00,:54,right,APPROVED,9,24,true,10.53,92.78,true,true
2022,REG,4,2022100205,2231,4600,SEA,58891,2231.0,"(15:00) M.Nelson reported in as eligible.  J.Goff pass short right intended for T.Hockenson INTERCEPTED by T.Woolen at DET 40. T.Woolen for 40 yards, TOUCHDOWN.",2,play_type_pass,3,1,10,1540,15:00,DET 25,25,DET,35,2022-10-02T18:45:51.132Z,false,false,true,false,false,true,15,30,15:00,14:51,right,APPROVED,15,24,true,10.0,44.52,true,true
2022,REG,4,2022100205,2401,4600,SEA,58891,2401.0,(11:54) (Shotgun) J.Goff sacked at DET 29 for -9 yards (U.Nwosu).,2,play_type_sack,3,3,8,1540,11:54,DET 38,38,DET,48,2022-10-02T18:51:35.000Z,false,false,false,false,false,false,15,31,11:54,11:50,right,APPROVED,15,31,false,9.02,55.76,true,true
2022,REG,4,2022100205,2648,1540,DET,58891,2648.0,"(6:39) Ja.Williams up the middle for 51 yards, TOUCHDOWN.",2,play_type_rush,3,2,7,1540,06:39,DET 49,49,DET,59,2022-10-02T19:05:43.000Z,false,false,true,false,false,false,21,31,6:40,6:31,right,APPROVED,15,31,true,6.88,65.56,true,true
2022,REG,4,2022100205,3078,4600,SEA,58891,3078.0,"(:40) (Shotgun) R.Penny up the middle for 36 yards, TOUCHDOWN.",2,play_type_rush,3,3,16,4600,00:40,DET 36,36,DET,46,2022-10-02T19:25:58.000Z,false,false,true,false,false,false,23,37,:40,:35,left,APPROVED,23,31,true,16.46,29.9,true,true
2022,REG,4,2022100205,3163,1540,DET,58891,3163.0,"(:11) (Shotgun) J.Goff pass short middle to T.Hockenson to SEA 4 for 81 yards (C.Barton, T.Woolen).",2,play_type_pass,3,1,20,1540,00:11,DET 15,15,DET,25,2022-10-02T19:29:43.000Z,false,false,false,false,false,false,23,38,:12,:00,right,APPROVED,23,38,true,20.0,44.3,true,true
2022,REG,4,2022100205,3227,1540,DET,58891,3227.0,"(14:27) J.Goff pass short middle to J.Reynolds for 3 yards, TOUCHDOWN. Penalty on SEA-M.Jackson, Defensive Holding, declined.",2,play_type_pass,4,2,3,1540,14:27,SEA 3,3,SEA,13,2022-10-02T19:33:44.000Z,false,false,true,true,false,false,29,38,14:29,14:24,left,APPROVED,23,38,true,3.4,10.0,true,true
2022,REG,4,2022100205,3458,4600,SEA,58891,3458.0,(11:34) (Shotgun) G.Smith pass deep middle to T.Lockett to DET 14 for 34 yards (A.Oruwariye) [A.Hutchinson].,2,play_type_pass,4,2,10,4600,11:34,DET 48,48,DET,62,2022-10-02T19:43:36.000Z,false,false,false,false,false,false,31,38,11:34,11:27,right,APPROVED,31,38,true,,,true,true
2022,REG,4,2022100205,3863,1540,DET,58891,3863.0,"(5:28) (Shotgun) J.Goff pass short left to T.Hockenson for 4 yards, TOUCHDOWN.",2,play_type_pass,4,3,4,1540,05:28,SEA 4,4,SEA,14,2022-10-02T19:57:16.000Z,false,false,true,true,false,false,37,41,5:31,5:27,left,APPROVED,31,41,true,5.36,10.0,true,true
2022,REG,4,2022100205,4072,4600,SEA,58891,4072.0,"(2:22) (Shotgun) R.Penny right end for 41 yards, TOUCHDOWN.",2,play_type_rush,4,3,5,4600,02:22,DET 41,41,DET,69,2022-10-02T20:08:07.000Z,false,false,true,false,false,false,38,47,2:22,2:16,right,APPROVED,38,41,true,5.95,73.95,true,true
2022,REG,4,2022100205,4341,1540,DET,58891,4341.0,"(1:38) (Shotgun) J.Goff pass short middle to T.Hockenson to SEA 2 for 24 yards (Q.Diggs, C.Bryant).",2,play_type_pass,4,3,9,1540,01:38,SEA 26,26,SEA,36,2022-10-02T20:20:51.000Z,false,false,false,false,false,false,38,48,1:38,1:30,left,APPROVED,38,48,true,9.99,27.15,true,true
2022,REG,4,2022100205,4387,1540,DET,58891,4387.0,"(1:09) (Shotgun) J.Goff pass short left to J.Jackson for 2 yards, TOUCHDOWN.",2,play_type_pass,4,2,2,1540,01:09,SEA 2,2,SEA,12,2022-10-02T20:21:58.000Z,false,false,true,true,false,false,44,48,1:09,1:07,left,APPROVED,38,48,true,2.69,10.0,true,true
2022,REG,4,2022100206,101,4400,LAC,58892,101.0,(13:40) (Shotgun) D.Mills pass deep right intended for N.Collins INTERCEPTED by N.Adderley [K.Mack] at LAC 45. N.Adderley to HST 25 for 30 yards (N.Collins).,2,play_type_pass,1,3,5,2120,13:40,HOU 30,30,HOU,40,2022-10-02T17:05:51.000Z,false,false,false,false,false,true,0,0,13:40,13:31,right,APPROVED,0,0,true,5.13,44.75,true,true
2022,REG,4,2022100206,202,4400,LAC,58892,202.0,"(12:04) (Shotgun) J.Herbert pass deep middle to G.Everett for 18 yards, TOUCHDOWN.",2,play_type_pass,1,3,3,4400,12:04,HOU 18,18,HOU,28,2022-10-02T17:08:33.000Z,false,false,true,false,false,false,0,6,12:07,12:02,left,APPROVED,0,0,true,3.53,25.05,true,true
2022,REG,4,2022100206,988,4400,LAC,58892,988.0,"(13:02) (Shotgun) A.Ekeler up the middle for 10 yards, TOUCHDOWN.",2,play_type_rush,2,2,5,4400,13:02,HOU 10,10,HOU,100,2022-10-02T17:42:31.000Z,false,false,true,false,false,false,0,13,13:04,13:00,right,APPROVED,0,7,true,5.42,104.44,true,true
2022,REG,4,2022100206,1152,4400,LAC,58892,1152.0,(10:46) J.Herbert pass short left to M.Williams pushed ob at HST 20 for 50 yards (J.Owens).,2,play_type_pass,2,2,7,4400,10:46,LAC 30,30,LAC,40,2022-10-02T17:52:25.000Z,false,false,false,false,false,false,0,14,10:46,10:37,right,APPROVED,0,14,true,7.35,46.71,true,true
2022,REG,4,2022100206,1176,4400,LAC,58892,1176.0,"(10:07) A.Ekeler up the middle for 20 yards, TOUCHDOWN.",2,play_type_rush,2,1,10,4400,10:07,HOU 20,20,HOU,90,2022-10-02T17:53:09.000Z,false,false,true,false,false,false,0,20,10:09,10:02,right,APPROVED,0,14,true,10.0,99.83,true,true
2022,REG,4,2022100206,1224,2120,HOU,58892,1224.0,"(10:00) D.Pierce right end for 75 yards, TOUCHDOWN.",2,play_type_rush,2,1,10,2120,10:00,HOU 25,25,HOU,85,2022-10-02T18:00:34.000Z,false,false,true,false,false,false,6,21,10:00,9:50,left,APPROVED,0,21,true,10.0,75.13,true,true
2022,REG,4,2022100206,1733,4400,LAC,58892,1733.0,(1:01) D.Mills sacked at LAC 32 for -8 yards (K.Mack).,2,play_type_sack,2,4,1,2120,01:01,LAC 24,24,LAC,34,2022-10-02T18:19:23.000Z,false,false,false,false,false,true,7,24,1:02,:59,left,APPROVED,7,24,true,1.02,33.1,true,true
2022,REG,4,2022100206,3086,2120,HOU,58892,3086.0,(11:00) D.Mills pass deep middle to N.Collins to LAC 18 for 58 yards (N.Adderley) [S.Joseph].,2,play_type_pass,4,1,10,2120,11:00,HOU 24,24,HOU,86,2022-10-02T19:24:26.000Z,false,false,false,false,false,false,14,27,11:01,10:52,left,APPROVED,14,27,true,10.0,76.11,true,true
2022,REG,4,2022100206,3110,2120,HOU,58892,3110.0,"(10:08) D.Mills pass deep right to B.Cooks for 18 yards, TOUCHDOWN.",2,play_type_pass,4,1,10,2120,10:08,LAC 18,18,LAC,28,2022-10-02T19:25:17.644Z,false,false,true,false,false,false,20,27,10:09,10:05,left,APPROVED,14,27,true,10.0,18.12,true,true
2022,REG,4,2022100206,3150,4400,LAC,58892,3150.0,"K.Fairbairn kicks 64 yards from HST 35 to LAC 1. D.Carter to LAC 17 for 16 yards (M.Stewart). FUMBLES (M.Stewart), RECOVERED by HST-J.Reeves-Maybin at LAC 16.",32,play_type_kickoff,4,0,0,2120,10:02,HOU 35,35,HOU,75,2022-10-02T19:28:59.000Z,true,false,false,false,false,true,21,27,10:02,10:00,left,APPROVED,21,27,false,,,true,true
2022,REG,4,2022100206,3456,4400,LAC,58892,3456.0,(5:23) J.Herbert pass short right to A.Ekeler to HST 34 for 21 yards (J.Owens).,2,play_type_pass,4,4,2,4400,05:23,LAC 45,45,LAC,55,2022-10-02T19:44:30.000Z,false,false,false,false,false,false,24,27,5:23,5:18,right,APPROVED,24,27,true,1.26,56.1,true,false
2022,REG,4,2022100206,3623,4400,LAC,58892,3623.0,"(2:34) J.Herbert pass short right to A.Ekeler for 14 yards, TOUCHDOWN.",2,play_type_pass,4,2,10,4400,02:34,HOU 14,14,HOU,96,2022-10-02T19:49:57.000Z,false,false,true,false,false,false,24,33,2:34,2:30,right,APPROVED,24,27,true,10.36,105.85,true,true
2022,REG,4,2022100207,307,2100,TEN,58893,307.0,"(10:56) (Shotgun) M.Ryan sacked at IND 40 for -10 yards (D.Autry). FUMBLES (D.Autry) [D.Autry], touched at IND 33, RECOVERED by TEN-B.Dupree at IND 32. Credit sack for -18 yards for TEN #96 Autry.",2,play_type_sack,1,3,15,2200,10:56,50,50,,60,2022-10-02T17:10:58.000Z,false,false,false,false,false,true,0,0,10:56,10:50,right,APPROVED,0,0,false,15.55,74.39,true,true
2022,REG,4,2022100207,446,2100,TEN,58893,446.0,"(8:04) R.Tannehill pass short right to R.Woods for 7 yards, TOUCHDOWN.",2,play_type_pass,1,1,7,2100,08:04,IND 7,7,IND,17,2022-10-02T17:17:23.000Z,false,false,true,true,false,false,0,6,8:05,8:00,left,APPROVED,0,0,true,7.890000000000001,10.0,true,true
2022,REG,4,2022100207,710,2100,TEN,58893,710.0,"(3:53) D.Henry right end for 19 yards, TOUCHDOWN.",2,play_type_rush,1,1,10,2100,03:53,IND 19,19,IND,29,2022-10-02T17:30:04.000Z,false,false,true,false,false,false,0,13,3:53,3:47,left,APPROVED,0,7,true,10.0,19.47,true,true
2022,REG,4,2022100207,1322,2100,TEN,58893,1322.0,(9:39) (Shotgun) M.Ryan pass short middle intended for A.Pierce INTERCEPTED by T.Tart at IND 28. T.Tart to IND 28 for no gain.,2,play_type_pass,2,1,10,2200,09:39,IND 25,25,IND,85,2022-10-02T18:00:19.000Z,false,false,false,false,false,true,3,17,9:39,9:35,left,APPROVED,3,17,true,10.0,75.54,true,true
2022,REG,4,2022100207,1458,2100,TEN,58893,1458.0,"(7:46) (Shotgun) R.Tannehill pass short middle to C.Okonkwo for 8 yards, TOUCHDOWN. IND-S.Leonard was injured during the play.",2,play_type_pass,2,2,7,2100,07:46,IND 8,8,IND,102,2022-10-02T18:04:47.000Z,false,false,true,false,false,false,3,23,7:47,7:43,right,APPROVED,3,17,true,7.22,108.49,true,true
2022,REG,4,2022100207,1668,2200,IND,58893,1668.0,(4:03) (Shotgun) M.Ryan pass short right to J.Woods to TEN 5 for 33 yards (A.Adams).,2,play_type_pass,2,1,10,2200,04:03,TEN 38,38,TEN,48,2022-10-02T18:14:37.000Z,false,false,false,false,false,false,3,24,4:04,3:57,left,APPROVED,3,24,true,10.0,38.68,true,true
2022,REG,4,2022100207,1750,2200,IND,58893,1750.0,"(2:20) M.Ryan pass short left to M.Alie-Cox for 14 yards, TOUCHDOWN. Penalty on TEN-R.McCreary, Illegal Contact, declined.",2,play_type_pass,2,2,14,2200,02:20,TEN 14,14,TEN,24,2022-10-02T18:16:49.000Z,false,false,true,true,false,false,9,24,2:21,2:13,left,APPROVED,3,24,true,14.71,10.0,true,true
2022,REG,4,2022100207,2172,2200,IND,58893,2172.0,(14:16) R.Tannehill sacked at TEN 15 for -12 yards (D.Odeyingbo).,2,play_type_sack,3,2,7,2100,14:16,TEN 27,27,TEN,37,2022-10-02T18:45:12.000Z,false,false,false,false,false,false,10,24,14:17,14:13,right,APPROVED,10,24,false,7.53,43.53,true,true
2022,REG,4,2022100207,2309,2200,IND,58893,2309.0,(11:18) (Shotgun) M.Ryan pass deep left to A.Pierce to TEN 35 for 25 yards (T.Mitchell).,2,play_type_pass,3,3,3,2200,11:18,IND 40,40,IND,70,2022-10-02T18:51:29.000Z,false,false,false,false,false,false,10,24,11:19,11:13,left,APPROVED,10,24,true,3.35,67.47,true,true
2022,REG,4,2022100207,2443,2200,IND,58893,2443.0,"(7:31) M.Ryan pass short left to M.Alie-Cox for 7 yards, TOUCHDOWN.",2,play_type_pass,3,2,7,2200,07:31,TEN 7,7,TEN,17,2022-10-02T18:55:35.000Z,false,false,true,true,false,false,16,24,7:31,7:26,left,APPROVED,10,24,true,7.81,10.0,true,true
2022,REG,4,2022100207,2798,2100,TEN,58893,2798.0,"(1:22) (Shotgun) M.Ryan sacked at TEN 42 for -6 yards (R.Weaver). FUMBLES (R.Weaver), touched at TEN 40, recovered by IND-M.Pryor at TEN 49.",2,play_type_sack,3,2,12,2200,01:22,TEN 36,36,TEN,46,2022-10-02T19:10:38.000Z,false,false,false,false,false,false,17,24,1:23,1:16,left,APPROVED,17,24,false,12.0,34.91,true,true
2022,REG,4,2022100207,3274,2200,IND,58893,3274.0,(5:44) (Shotgun) R.Tannehill sacked at TEN 35 for -9 yards (K.Paye).,2,play_type_sack,4,3,8,2100,05:44,TEN 44,44,TEN,66,2022-10-02T19:34:58.000Z,false,false,false,false,false,false,17,24,5:44,5:40,left,APPROVED,17,24,false,8.27,58.47,true,true
2022,REG,4,2022100207,3351,2200,IND,58893,3351.0,(4:41) (Shotgun) M.Ryan pass deep right to A.Pierce to TEN 22 for 44 yards (C.Farley).,2,play_type_pass,4,2,10,2200,04:41,IND 34,34,IND,44,2022-10-02T19:39:49.000Z,false,false,false,false,false,false,17,24,4:41,4:33,right,APPROVED,17,24,true,10.59,53.59,true,true
2022,REG,4,2022100208,518,3410,NYG,58894,518.0,"(5:15) D.Jones left end for 21 yards, TOUCHDOWN.",2,play_type_rush,1,1,10,3410,05:15,CHI 21,21,CHI,89,2022-10-02T17:19:50.000Z,false,false,true,false,false,false,6,3,5:16,5:08,right,APPROVED,0,3,true,10.0,99.01,true,true
2022,REG,4,2022100208,581,0810,CHI,58894,581.0,(5:00) J.Fields pass deep left to D.Mooney to NYG 25 for 56 yards (X.McKinney).,2,play_type_pass,1,1,10,0810,05:00,CHI 19,19,CHI,91,2022-10-02T17:24:26.000Z,false,false,false,false,false,false,7,3,5:00,4:52,left,APPROVED,7,3,true,10.0,81.02,true,true
2022,REG,4,2022100208,1107,0810,CHI,58894,1107.0,(10:22) (Shotgun) J.Fields pass short middle to K.Herbert to NYG 27 for 24 yards (X.McKinney; M.McFadden).,2,play_type_pass,2,3,20,0810,10:22,CHI 49,49,CHI,59,2022-10-02T17:52:58.000Z,false,false,false,false,false,false,7,6,10:23,10:15,right,APPROVED,7,6,true,20.59,79.19,true,false
2022,REG,4,2022100208,1135,3410,NYG,58894,1135.0,"(9:38) (Shotgun) J.Fields sacked at NYG 35 for -8 yards (A.Ojulari). FUMBLES (A.Ojulari), RECOVERED by NYG-K.Thibodeaux at NYG 25. Officially, a sack for 0 Yards.",2,play_type_sack,2,1,10,0810,09:38,NYG 27,27,NYG,83,2022-10-02T17:53:41.000Z,false,false,false,false,false,true,7,6,9:39,9:35,right,APPROVED,7,6,false,10.0,92.51,true,true
2022,REG,4,2022100208,1348,3410,NYG,58894,1348.0,"(5:24) D.Jones scrambles left end for 8 yards, TOUCHDOWN.",2,play_type_rush,2,2,6,3410,05:24,CHI 8,8,CHI,18,2022-10-02T18:00:14.000Z,false,false,true,false,false,false,13,6,5:25,5:19,left,APPROVED,7,6,true,6.45,11.84,true,true
2022,REG,4,2022100208,1503,3410,NYG,58894,1503.0,"(4:02) T.Gill punts 50 yards to NYG 30, Center-P.Scales. R.James to NYG 35 for 5 yards (J.Blackwell). FUMBLES (J.Blackwell), RECOVERED by CHI-J.Blackwell at NYG 35.",2,play_type_punt,2,4,15,0810,04:02,CHI 20,20,CHI,30,2022-10-02T18:09:55.000Z,true,false,false,false,false,false,14,6,4:03,3:54,right,APPROVED,14,6,false,15.87,44.86,true,true
2022,REG,4,2022100208,3682,0810,CHI,58894,3682.0,"(2:13) J.Gillan punts 59 yards to CHI 34, Center-C.Kreiter. V.Jones MUFFS catch, touched at CHI 34, RECOVERED by NYG-G.Brightwell at CHI 37. Penalty on CHI-S.Weatherford, Offensive Holding, declined.",2,play_type_punt,4,4,6,3410,02:13,NYG 7,7,NYG,103,2022-10-02T19:49:31.000Z,true,false,false,false,false,false,20,12,2:14,2:03,left,APPROVED,20,12,false,6.09,97.17,true,false
2022,REG,4,2022100209,290,2250,JAX,58895,290.0,"(11:30) (No Huddle, Shotgun) J.Hurts pass deep left intended for Z.Pascal INTERCEPTED by A.Cisco (D.Williams) at JAX 41. A.Cisco for 59 yards, TOUCHDOWN.",2,play_type_pass,1,2,7,3700,11:30,PHI 36,36,PHI,46,2022-10-02T17:09:47.000Z,false,false,true,false,false,true,0,6,11:31,11:17,right,APPROVED,0,0,true,7.29,52.54,true,true
2022,REG,4,2022100209,543,2250,JAX,58895,543.0,(7:07) (Shotgun) T.Lawrence pass deep left to J.Agnew to JAX 49 for 24 yards (C.Gardner-Johnson).,2,play_type_pass,1,3,5,2250,07:07,JAX 25,25,JAX,85,2022-10-02T17:22:08.000Z,false,false,false,false,false,false,0,7,7:08,7:03,left,APPROVED,0,7,true,5.21,80.37,true,true
2022,REG,4,2022100209,675,2250,JAX,58895,675.0,"(3:56) (Shotgun) T.Lawrence pass short right to J.Agnew for 4 yards, TOUCHDOWN.",2,play_type_pass,1,2,4,2250,03:56,PHI 4,4,PHI,14,2022-10-02T17:25:22.000Z,false,false,true,true,false,false,0,13,3:57,3:53,left,APPROVED,0,7,true,4.87,10.0,true,true
2022,REG,4,2022100209,740,3700,PHI,58895,740.0,"(3:44) (Shotgun) J.Hurts pass short right to A.Brown to JAX 47 for 31 yards (D.Lloyd, S.Griffin).",2,play_type_pass,1,1,10,3700,03:44,PHI 22,22,PHI,32,2022-10-02T17:29:46.000Z,false,false,false,false,false,false,0,14,3:44,3:37,right,APPROVED,0,14,true,10.0,41.76,true,true
2022,REG,4,2022100209,1007,3700,PHI,58895,1007.0,"(13:33) (Shotgun) T.Lawrence sacked at PHI 48 for -14 yards. FUMBLES, touched at PHI 45, RECOVERED by PHI-F.Cox at PHI 43.",2,play_type_sack,2,4,3,2250,13:33,PHI 34,34,PHI,76,2022-10-02T17:41:38.000Z,false,false,false,false,false,true,0,14,13:34,13:28,right,APPROVED,0,14,true,3.38,79.01,true,true
2022,REG,4,2022100209,1248,3700,PHI,58895,1248.0,"(9:20) (Shotgun) J.Hurts up the middle for 3 yards, TOUCHDOWN.",2,play_type_rush,2,4,3,3700,09:20,JAX 3,3,JAX,13,2022-10-02T17:51:02.000Z,false,false,true,true,false,false,6,14,9:21,9:16,left,APPROVED,0,14,true,4.0,10.0,true,true
2022,REG,4,2022100209,1602,3700,PHI,58895,1602.0,"(3:59) (Shotgun) M.Sanders right end for 10 yards, TOUCHDOWN.",2,play_type_rush,2,2,6,3700,03:59,JAX 10,10,JAX,20,2022-10-02T18:06:19.000Z,false,false,true,false,false,false,13,14,4:01,3:56,left,APPROVED,7,14,true,7.2,14.17,true,true
2022,REG,4,2022100209,1918,3700,PHI,58895,1918.0,"(:30) (Shotgun) K.Gainwell right guard for 10 yards, TOUCHDOWN.",2,play_type_rush,2,2,10,3700,00:30,JAX 10,10,JAX,20,2022-10-02T18:21:34.000Z,false,false,true,true,false,false,20,14,:30,:26,left,APPROVED,14,14,true,10.88,10.0,true,true
2022,REG,4,2022100209,2605,3700,PHI,58895,2605.0,(4:24) (Shotgun) T.Lawrence pass short left intended for C.Kirk INTERCEPTED by J.Bradberry at PHI 7. J.Bradberry to PHI 12 for 5 yards (J.Agnew).,2,play_type_pass,3,2,7,2250,04:24,PHI 16,16,PHI,26,2022-10-02T19:04:54.000Z,false,false,false,false,false,true,20,14,4:25,4:19,left,APPROVED,20,14,true,7.53,18.87,true,true
2022,REG,4,2022100209,2652,3700,PHI,58895,2652.0,(3:42) (Shotgun) M.Sanders left tackle to 50 for 35 yards (R.Jenkins; T.Campbell).,2,play_type_rush,3,2,7,3700,03:42,PHI 15,15,PHI,25,2022-10-02T19:08:39.000Z,false,false,false,false,false,false,20,14,3:43,3:35,right,APPROVED,20,14,true,7.69,31.87,true,true
2022,REG,4,2022100209,3024,3700,PHI,58895,3024.0,"(12:13) (Shotgun) T.Lawrence sacked at JAX 23 for -8 yards (H.Reddick). FUMBLES (H.Reddick) [H.Reddick], touched at JAX 23, RECOVERED by PHI-H.Reddick at JAX 24. H.Reddick to JAX 24 for no gain (J.Taylor).",2,play_type_sack,4,2,10,2250,12:13,JAX 31,31,JAX,41,2022-10-02T19:25:23.000Z,false,false,false,false,false,true,23,14,12:14,12:07,right,APPROVED,23,14,false,10.98,51.13,true,true
2022,REG,4,2022100209,3196,3700,PHI,58895,3196.0,"(8:55) (Shotgun) M.Sanders left tackle for 5 yards, TOUCHDOWN.",2,play_type_rush,4,3,3,3700,08:55,JAX 5,5,JAX,15,2022-10-02T19:33:28.000Z,false,false,true,false,false,false,29,14,8:56,8:52,left,APPROVED,23,14,true,3.37,12.26,true,true
2022,REG,4,2022100209,3218,3700,PHI,58895,3218.0,(Pass formation) TWO-POINT CONVERSION ATTEMPT. J.Hurts pass to D.Smith is incomplete. ATTEMPT FAILS.,26,play_type_two_point_conversion,4,0,0,3700,08:49,JAX 2,2,JAX,12,2022-10-02T19:34:27.000Z,false,false,false,false,false,false,29,14,8:49,8:49,left,APPROVED,29,14,false,,,true,true
2022,REG,4,2022100209,3344,2250,JAX,58895,3344.0,(8:07) (Shotgun) T.Lawrence pass deep middle to C.Kirk to PHI 8 for 45 yards (C.Gardner-Johnson).,2,play_type_pass,4,3,10,2250,08:07,JAX 47,47,JAX,57,2022-10-02T19:38:52.000Z,false,false,false,false,false,false,29,14,8:07,8:00,right,APPROVED,29,14,true,10.47,66.49,true,true
2022,REG,4,2022100209,3368,2250,JAX,58895,3368.0,"(7:26) (No Huddle, Shotgun) T.Lawrence pass short right to J.Agnew for 8 yards, TOUCHDOWN.",2,play_type_pass,4,1,8,2250,07:26,PHI 8,8,PHI,102,2022-10-02T19:39:33.000Z,false,false,true,true,false,false,29,20,7:27,7:22,right,APPROVED,29,14,true,8.61,110.0,true,true
2022,REG,4,2022100209,3690,3700,PHI,58895,3690.0,"(1:54) (Shotgun) T.Lawrence sacked at JAX 14 for -7 yards (H.Reddick). FUMBLES (H.Reddick), touched at JAX 14, RECOVERED by PHI-J.Hargrave at JAX 13.",2,play_type_sack,4,1,10,2250,01:54,JAX 21,21,JAX,31,2022-10-02T19:55:37.000Z,false,false,false,false,false,true,29,21,1:54,1:50,right,APPROVED,29,21,false,10.0,40.88,true,true
2022,REG,4,2022100210,370,3430,NYJ,58896,370.0,(7:41) (Shotgun) M.Trubisky pass deep middle intended for D.Johnson INTERCEPTED by L.Joyner at PIT 40. L.Joyner to PIT 36 for 4 yards (N.Harris).,2,play_type_pass,1,1,10,3900,07:41,PIT 23,23,PIT,87,2022-10-02T17:17:28.000Z,false,false,false,false,false,true,0,0,7:41,7:36,left,APPROVED,0,0,true,10.0,77.1,true,true
2022,REG,4,2022100210,775,3430,NYJ,58896,775.0,(15:00) (Shotgun) Z.Wilson pass short middle to E.Moore to PIT 16 for 28 yards (M.Jack).,2,play_type_pass,2,2,7,3430,15:00,PIT 44,44,PIT,54,2022-10-02T17:36:59.000Z,false,false,false,false,false,false,0,3,15:00,14:55,left,APPROVED,0,3,true,7.53,47.09,true,true
2022,REG,4,2022100210,867,3430,NYJ,58896,867.0,"(12:42) (Shotgun) B.Berrios pass short right to Z.Wilson for 2 yards, TOUCHDOWN.",2,play_type_pass,2,2,2,3430,12:42,PIT 2,2,PIT,12,2022-10-02T17:39:33.000Z,false,false,true,true,false,false,0,9,12:43,12:38,left,APPROVED,0,3,true,2.11,10.0,true,true
2022,REG,4,2022100210,994,3900,PIT,58896,994.0,(11:52) (Shotgun) M.Trubisky pass deep middle to G.Pickens to PIT 45 for 26 yards (L.Joyner).,2,play_type_pass,2,2,16,3900,11:52,PIT 19,19,PIT,29,2022-10-02T17:45:58.000Z,false,false,false,false,false,false,0,10,11:53,11:47,right,APPROVED,0,10,true,16.22,44.59,true,true
2022,REG,4,2022100210,1951,3900,PIT,58896,1951.0,(:33) (Shotgun) Z.Wilson pass deep left intended for J.Smith INTERCEPTED by C.Sutton at PIT 4. C.Sutton pushed ob at PIT 30 for 26 yards (C.McGovern).,2,play_type_pass,2,3,11,3430,00:33,PIT 29,29,PIT,39,2022-10-02T18:29:51.000Z,false,false,false,false,false,true,3,10,:33,:21,left,APPROVED,3,10,true,11.92,27.41,true,true
2022,REG,4,2022100210,2385,3430,NYJ,58896,2385.0,(11:07) (Shotgun) K.Pickett pass deep left intended for C.Claypool INTERCEPTED by J.Whitehead (L.Joyner) at NYJ 11. J.Whitehead to NYJ 11 for no gain (C.Claypool).,2,play_type_pass,3,1,10,3900,11:07,NYJ 49,49,NYJ,59,2022-10-02T18:59:24.000Z,false,false,false,false,false,true,6,10,11:08,11:00,left,APPROVED,6,10,true,10.0,49.03,true,true
2022,REG,4,2022100210,2483,3900,PIT,58896,2483.0,"(8:53) (Shotgun) Z.Wilson pass short right intended for T.Conklin INTERCEPTED by M.Fitzpatrick at NYJ 38. M.Fitzpatrick ran ob at NYJ 4 for 34 yards (Br.Hall). Penalty on NYJ-G.Wilson, Offensive Pass Interference, declined.",2,play_type_pass,3,3,6,3430,08:53,NYJ 30,30,NYJ,40,2022-10-02T19:04:48.000Z,false,false,false,false,false,true,6,10,8:55,8:46,right,APPROVED,6,10,true,6.42,45.94,true,true
2022,REG,4,2022100210,3324,3430,NYJ,58896,3324.0,(12:05) (Shotgun) Z.Wilson pass short right to G.Wilson to PIT 42 for 35 yards (M.Fitzpatrick).,2,play_type_pass,4,3,6,3430,12:05,NYJ 23,23,NYJ,87,2022-10-02T19:37:18.000Z,false,false,false,false,false,false,20,10,12:06,11:58,left,APPROVED,20,10,true,6.81,80.91,true,true
2022,REG,4,2022100210,3412,3430,NYJ,58896,3412.0,"(9:48) (Shotgun) Z.Wilson pass short right to C.Davis to PIT 17 for 22 yards (T.Norwood, A.Maulet).",2,play_type_pass,4,4,7,3430,09:48,PIT 39,39,PIT,49,2022-10-02T19:40:11.000Z,false,false,false,false,false,false,20,10,9:49,9:44,left,APPROVED,20,10,true,6.97,41.78,true,true
2022,REG,4,2022100210,3575,3430,NYJ,58896,3575.0,"(7:35) (Shotgun) Z.Wilson pass short left to C.Davis for 5 yards, TOUCHDOWN.",2,play_type_pass,4,3,5,3430,07:35,PIT 5,5,PIT,15,2022-10-02T19:44:57.000Z,false,false,true,true,false,false,20,16,7:35,7:32,left,APPROVED,20,10,true,5.25,10.0,true,true
2022,REG,4,2022100210,3726,3900,PIT,58896,3726.0,(4:55) (Shotgun) K.Pickett pass deep left to G.Pickens to NYJ 31 for 26 yards (M.Carter).,2,play_type_pass,4,3,3,3900,04:55,PIT 43,43,PIT,53,2022-10-02T19:52:15.000Z,false,false,false,false,false,false,20,17,4:56,4:51,right,APPROVED,20,17,true,3.45,55.8,true,true
2022,REG,4,2022100210,3784,3430,NYJ,58896,3784.0,(3:42) K.Pickett pass short right intended for P.Freiermuth INTERCEPTED by M.Carter (J.Martin) at NYJ 35. M.Carter to NYJ 35 for no gain (P.Freiermuth).,2,play_type_pass,4,2,15,3900,03:42,NYJ 36,36,NYJ,74,2022-10-02T19:53:28.000Z,false,false,false,false,false,true,20,17,3:43,3:36,right,APPROVED,20,17,true,15.74,89.13,true,true
2022,REG,4,2022100211,490,1800,GB,58898,490.0,(5:45) (Shotgun) B.Hoyer sacked at GB 45 for -8 yards (R.Gary).,2,play_type_sack,1,3,10,3200,05:45,GB 37,37,GB,73,2022-10-02T20:44:31.000Z,false,false,false,false,false,false,0,3,5:47,5:44,right,APPROVED,0,3,false,10.4,82.95,true,true
2022,REG,4,2022100211,622,3200,NE,58898,622.0,(3:07) (Shotgun) A.Rodgers sacked at NE 46 for -7 yards (M.Judon).,2,play_type_sack,1,3,9,1800,03:07,NE 39,39,NE,49,2022-10-02T20:51:10.000Z,false,false,false,false,false,false,0,3,3:07,3:03,left,APPROVED,0,3,false,9.24,40.23,true,true
2022,REG,4,2022100211,922,1800,GB,58898,922.0,"(13:05) C.Watson right end for 15 yards, TOUCHDOWN.",2,play_type_rush,2,1,10,1800,13:05,NE 15,15,NE,95,2022-10-02T21:08:30.000Z,false,false,true,false,false,false,6,3,13:06,13:01,right,APPROVED,0,3,true,10.0,104.54,true,true
2022,REG,4,2022100211,1653,1800,GB,58898,1653.0,"(1:04) (Shotgun) B.Zappe sacked at GB 31 for -9 yards (R.Gary). FUMBLES (R.Gary) [R.Gary], RECOVERED by GB-R.Gary at GB 31.",2,play_type_sack,2,1,10,3200,01:04,GB 22,22,GB,32,2022-10-02T21:43:25.000Z,false,false,false,false,false,true,7,3,1:04,:58,left,APPROVED,7,3,false,10.0,21.81,true,true
2022,REG,4,2022100211,1725,3200,NE,58898,1725.0,"(:22) (No Huddle, Shotgun) A.Rodgers pass short right intended for A.Lazard INTERCEPTED by Ja.Jones at GB 40. Ja.Jones for 40 yards, TOUCHDOWN.",2,play_type_pass,2,3,9,1800,00:22,GB 32,32,GB,42,2022-10-02T21:46:18.000Z,false,false,true,false,false,true,7,9,:23,:15,right,APPROVED,7,3,true,9.01,50.49,true,true
2022,REG,4,2022100211,1899,1800,GB,58898,1899.0,(14:48) (Shotgun) A.Rodgers pass deep right to A.Lazard to NE 49 for 32 yards (Jo.Jones).,2,play_type_pass,3,3,10,1800,14:48,GB 19,19,GB,91,2022-10-02T22:05:58.000Z,false,false,false,false,false,false,7,10,14:48,14:44,left,APPROVED,7,10,true,10.42,81.25,true,true
2022,REG,4,2022100211,2101,1800,GB,58898,2101.0,"(9:24) (Shotgun) A.Rodgers pass deep middle to R.Tonyan for 20 yards, TOUCHDOWN.",2,play_type_pass,3,2,19,1800,09:24,NE 20,20,NE,30,2022-10-02T22:12:59.000Z,false,false,true,false,false,false,13,10,9:25,9:21,left,APPROVED,7,10,true,19.41,11.08,true,true
2022,REG,4,2022100211,2344,3200,NE,58898,2344.0,"(4:59) B.Zappe pass short right to D.Parker for 25 yards, TOUCHDOWN.",2,play_type_pass,3,1,15,3200,04:59,GB 25,25,GB,85,2022-10-02T22:23:29.000Z,false,false,true,false,false,false,14,16,5:00,4:53,right,APPROVED,14,10,true,15.0,99.82,true,true
2022,REG,4,2022100211,2774,3200,NE,58898,2774.0,"(11:18) M.Cannon reported in as eligible.  D.Harris left tackle for 5 yards, TOUCHDOWN.",2,play_type_rush,4,2,5,3200,11:18,GB 5,5,GB,15,2022-10-02T22:42:22.000Z,false,false,true,true,false,false,17,23,11:19,11:16,left,APPROVED,17,17,true,5.14,10.0,true,true
2022,REG,4,2022100211,2875,1800,GB,58898,2875.0,(10:31) (Shotgun) A.Rodgers pass deep left to R.Cobb pushed ob at NE 47 for 24 yards (D.McCourty).,2,play_type_pass,4,3,6,1800,10:31,GB 29,29,GB,39,2022-10-02T22:51:11.000Z,false,false,false,false,false,false,17,24,10:32,10:26,right,APPROVED,17,24,true,6.75,44.41,true,true
2022,REG,4,2022100211,3015,1800,GB,58898,3015.0,"(6:17) (Shotgun) A.Rodgers pass short right to R.Doubs for 13 yards, TOUCHDOWN.",2,play_type_pass,4,3,3,1800,06:17,NE 13,13,NE,97,2022-10-02T22:55:25.000Z,false,false,true,false,false,false,23,24,6:18,6:15,right,APPROVED,17,24,true,3.57,99.58,true,true
2022,REG,4,2022100212,524,1400,DEN,58899,524.0,"(5:09) A.Cole punts 62 yards to DEN 36, Center-T.Sieg. M.Washington to LV 34 for 30 yards (D.Butler).",2,play_type_punt,1,4,21,2520,05:09,LV 2,2,LV,108,2022-10-02T20:48:20.000Z,true,false,false,false,false,true,3,0,5:10,4:55,left,APPROVED,3,0,true,21.57,86.92,true,true
2022,REG,4,2022100212,615,1400,DEN,58899,615.0,"(2:50) (Shotgun) R.Wilson pass short middle to C.Sutton for 5 yards, TOUCHDOWN.",2,play_type_pass,1,3,5,1400,02:50,LV 5,5,LV,105,2022-10-02T20:51:21.000Z,false,false,true,true,false,false,3,6,2:51,2:47,right,APPROVED,3,0,true,5.98,110.0,true,true
2022,REG,4,2022100212,970,2520,LV,58899,970.0,"(11:53) J.Jacobs left guard for 10 yards, TOUCHDOWN.",2,play_type_rush,2,2,2,2520,11:53,DEN 10,10,DEN,100,2022-10-02T21:09:17.000Z,false,false,true,false,false,false,9,7,11:54,11:49,right,APPROVED,3,7,true,3.03,102.06,true,true
2022,REG,4,2022100212,1068,1400,DEN,58899,1068.0,(11:01) (Shotgun) R.Wilson pass deep right to J.Jeudy ran ob at LV 12 for 32 yards.,2,play_type_pass,2,3,6,1400,11:01,LV 44,44,LV,54,2022-10-02T21:15:26.000Z,false,false,false,false,false,false,10,7,11:01,10:56,left,APPROVED,10,7,true,6.63,47.98,true,true
2022,REG,4,2022100212,1598,1400,DEN,58899,1598.0,(1:36) (Shotgun) R.Wilson pass deep left to K.Hinton pushed ob at LV 20 for 35 yards (T.Moehrig).,2,play_type_pass,2,2,12,1400,01:36,DEN 45,45,DEN,65,2022-10-02T21:42:16.000Z,false,false,false,false,false,false,16,10,1:37,1:31,left,APPROVED,16,10,true,12.49,53.13,true,true
2022,REG,4,2022100212,1622,1400,DEN,58899,1622.0,"(1:29) (No Huddle, Shotgun) R.Wilson pass deep middle to J.Jeudy for 20 yards, TOUCHDOWN.",2,play_type_pass,2,1,10,1400,01:29,LV 20,20,LV,30,2022-10-02T21:42:47.000Z,false,false,true,false,false,false,16,16,1:29,1:26,left,APPROVED,16,10,true,10.0,20.41,true,true
2022,REG,4,2022100212,2028,2520,LV,58899,2028.0,(12:23) (Shotgun) R.Wilson sacked at DEN 37 for -7 yards (M.Crosby).,2,play_type_sack,3,3,3,1400,12:23,DEN 44,44,DEN,54,2022-10-02T22:12:31.000Z,false,false,false,false,false,false,19,16,12:24,12:20,right,APPROVED,19,16,false,4.2,56.69,true,true
2022,REG,4,2022100212,2194,1400,DEN,58899,2194.0,(10:00) (Shotgun) D.Carr sacked at LV 25 for -7 yards (K.Williams).,2,play_type_sack,3,3,10,2520,10:00,LV 32,32,LV,78,2022-10-02T22:20:14.000Z,false,false,false,false,false,false,19,16,10:00,9:59,left,APPROVED,19,16,false,10.31,67.9,true,true
2022,REG,4,2022100212,2259,2520,LV,58899,2259.0,(8:38) R.Wilson sacked at DEN 41 for -9 yards (M.Crosby).,2,play_type_sack,3,2,9,1400,08:38,50,50,,60,2022-10-02T22:24:40.000Z,false,false,false,false,false,false,19,16,8:39,8:36,right,APPROVED,19,16,false,9.6,68.7,true,true
2022,REG,4,2022100212,2366,2520,LV,58899,2366.0,(6:00) J.Jacobs up the middle to DEN 17 for 43 yards (C.Sterns).,2,play_type_rush,3,1,10,2520,06:00,LV 40,40,LV,70,2022-10-02T22:30:20.000Z,false,false,false,false,false,false,19,16,6:02,5:52,left,APPROVED,19,16,true,10.0,59.9,true,true
2022,REG,4,2022100212,3250,1400,DEN,58899,3250.0,"(7:54) (No Huddle, Shotgun) R.Wilson pass deep middle to K.Hamler to LV 3 for 55 yards (D.Harmon).",2,play_type_pass,4,2,7,1400,07:54,DEN 42,42,DEN,68,2022-10-02T23:06:09.000Z,false,false,false,false,false,false,25,16,7:55,7:47,left,APPROVED,25,16,true,7.32,61.34,true,true
2022,REG,4,2022100212,3274,1400,DEN,58899,3274.0,"(7:19) (No Huddle, Shotgun) R.Wilson left end for 3 yards, TOUCHDOWN.",2,play_type_rush,4,1,3,1400,07:19,LV 3,3,LV,13,2022-10-02T23:06:43.000Z,false,false,true,true,false,false,25,22,7:21,7:17,left,APPROVED,25,16,true,3.49,10.0,true,true
2022,REG,4,2022100212,3519,2520,LV,58899,3519.0,(2:53) J.Herron reported in as eligible.  Z.White left end to DEN 7 for 22 yards (P.Surtain).,2,play_type_rush,4,3,2,2520,02:53,DEN 29,29,DEN,81,2022-10-02T23:19:47.000Z,false,false,false,false,false,false,25,23,2:53,2:48,right,APPROVED,25,23,true,2.07,82.5,true,true
2022,REG,4,2022100212,3549,2520,LV,58899,3549.0,"(2:07) J.Jacobs up the middle for 7 yards, TOUCHDOWN.",2,play_type_rush,4,1,7,2520,02:07,DEN 7,7,DEN,103,2022-10-02T23:20:34.000Z,false,false,true,true,false,false,31,23,2:07,2:03,right,APPROVED,25,23,true,7.480000000000004,110.0,true,true
2022,REG,4,2022100213,43,4900,TB,58900,43.0,"M.Wright kicks 67 yards from KC 35 to TB -2. R.White to TB 23 for 25 yards (J.Cochrane, C.Lammons). FUMBLES (C.Lammons), RECOVERED by KC-E.Lee at TB 21.",32,play_type_kickoff,1,0,0,2310,15:00,KC 35,35,KC,75,2022-10-03T00:23:08.000Z,true,false,false,false,false,true,0,0,15:00,14:56,left,APPROVED,0,0,false,,,true,true
2022,REG,4,2022100213,102,2310,KC,58900,102.0,"(14:20) (Shotgun) P.Mahomes pass short middle to T.Kelce for 16 yards, TOUCHDOWN.",2,play_type_pass,1,2,5,2310,14:20,TB 16,16,TB,26,2022-10-03T00:25:03.000Z,false,false,true,false,false,false,0,6,14:21,14:16,left,APPROVED,0,0,true,5.28,20.88,true,true
2022,REG,4,2022100213,186,4900,TB,58900,186.0,(13:35) T.Brady pass short left to L.Fournette to KC 44 for 25 yards (L.Sneed).,2,play_type_pass,1,2,7,4900,13:35,TB 31,31,TB,41,2022-10-03T00:28:23.000Z,false,false,false,false,false,false,0,7,13:36,13:27,right,APPROVED,0,7,true,6.93,47.58,true,true
2022,REG,4,2022100213,614,2310,KC,58900,614.0,"(4:07) (Shotgun) Direct snap to J.McKinnon.  C.Edwards-Helaire up the middle for 3 yards, TOUCHDOWN.",2,play_type_rush,1,2,1,2310,04:07,TB 3,3,TB,13,2022-10-03T00:46:00.000Z,false,false,true,false,false,false,3,13,4:08,4:02,left,APPROVED,3,7,true,1.82,11.88,true,false
2022,REG,4,2022100213,918,2310,KC,58900,918.0,(14:24) (Shotgun) P.Mahomes pass deep middle to M.Valdes-Scantling to TB 16 for 36 yards (L.David).,2,play_type_pass,2,1,10,2310,14:24,KC 48,48,KC,58,2022-10-03T01:02:32.000Z,false,false,false,false,false,false,3,14,14:25,14:20,right,APPROVED,3,14,true,10.0,67.65,true,true
2022,REG,4,2022100213,1063,2310,KC,58900,1063.0,"(11:35) P.Mahomes pass short right to C.Edwards-Helaire for 2 yards, TOUCHDOWN [K.Neal].",2,play_type_pass,2,2,2,2310,11:35,TB 2,2,TB,108,2022-10-03T01:06:34.000Z,false,false,true,true,false,false,3,20,11:36,11:27,right,APPROVED,3,14,true,2.48,110.0,true,true
2022,REG,4,2022100213,1247,4900,TB,58900,1247.0,"(8:55) (Shotgun) T.Brady pass short middle to M.Evans for 13 yards, TOUCHDOWN.",2,play_type_pass,2,1,10,4900,08:55,KC 13,13,KC,23,2022-10-03T01:14:35.000Z,false,false,true,false,false,false,9,21,8:56,8:52,left,APPROVED,3,21,true,10.0,13.41,true,true
2022,REG,4,2022100213,1494,2310,KC,58900,1494.0,"(5:09) (Shotgun) T.Brady sacked at TB 26 for -8 yards (L.Sneed). FUMBLES (L.Sneed) [L.Sneed], RECOVERED by KC-C.Jones at TB 22. C.Jones to TB 20 for 2 yards (L.Goedeke).",2,play_type_sack,2,1,10,4900,05:09,TB 34,34,TB,76,2022-10-03T01:27:07.000Z,false,false,false,false,false,true,10,21,5:09,5:07,left,APPROVED,10,21,false,10.0,66.16,true,true
2022,REG,4,2022100213,2057,4900,TB,58900,2057.0,"(:15) (Shotgun) T.Brady pass short right to M.Evans for 1 yard, TOUCHDOWN.",2,play_type_pass,2,2,1,4900,00:15,KC 1,1,KC,11,2022-10-03T01:50:13.000Z,false,false,true,true,false,false,16,28,:15,:12,left,APPROVED,10,28,true,1.34,10.0,true,true
2022,REG,4,2022100213,2724,2310,KC,58900,2724.0,"(5:46) (Shotgun) P.Mahomes pass short right to J.Fortson for 10 yards, TOUCHDOWN.",2,play_type_pass,3,2,10,2310,05:46,TB 10,10,TB,100,2022-10-03T02:29:45.000Z,false,false,true,true,false,false,17,37,5:47,5:44,right,APPROVED,17,31,true,10.65,110.0,true,true
2022,REG,4,2022100213,3243,2310,KC,58900,3243.0,(13:01) (Shotgun) P.Mahomes pass deep middle to T.Kelce to TB 22 for 22 yards (D.White).,2,play_type_pass,4,3,4,2310,13:01,TB 44,44,TB,54,2022-10-03T02:53:16.000Z,false,false,false,false,false,false,24,38,13:02,12:58,left,APPROVED,24,38,true,4.72,49.8,true,true
2022,REG,4,2022100213,3815,4900,TB,58900,3815.0,"(3:35) (No Huddle, Shotgun) T.Brady pass short left to L.Fournette for 5 yards, TOUCHDOWN.",2,play_type_pass,4,1,5,4900,03:35,KC 5,5,KC,105,2022-10-03T03:16:15.000Z,false,false,true,true,false,false,30,41,3:36,3:33,right,APPROVED,24,41,true,5.640000000000001,110.0,true,true
2022,REG,4,2022100300,623,4500,SF,58901,623.0,"(2:52) J.Wilson left guard for 32 yards, TOUCHDOWN.",2,play_type_rush,1,1,10,4500,02:52,LA 32,32,LA,42,2022-10-04T00:36:33.000Z,false,false,true,false,false,false,6,3,2:52,2:48,left,APPROVED,0,3,true,10.0,32.08,true,true
2022,REG,4,2022100300,733,4500,SF,58901,733.0,"(2:21) (No Huddle, Shotgun) M.Stafford sacked at LA 18 for -9 yards (N.Bosa).",2,play_type_sack,1,3,8,2510,02:21,LA 27,27,LA,37,2022-10-04T00:41:55.000Z,false,false,false,false,false,false,7,3,2:21,2:18,right,APPROVED,7,3,false,8.72,44.58,true,true
2022,REG,4,2022100300,1547,4500,SF,58901,1547.0,"(3:01) (Shotgun) J.Garoppolo pass short left to D.Samuel for 57 yards, TOUCHDOWN. 52 YAC",2,play_type_pass,2,3,3,4500,03:01,SF 43,43,SF,53,2022-10-04T01:17:21.000Z,false,false,true,false,false,false,13,6,3:02,2:48,right,APPROVED,7,6,true,3.14,55.74,true,true
2022,REG,4,2022100300,3097,4500,SF,58901,3097.0,(11:27) (Shotgun) J.Garoppolo pass short left to D.Samuel to LA 29 for 29 yards (L.Floyd). 31 YAC,2,play_type_pass,4,3,13,4500,11:27,SF 42,42,SF,52,2022-10-04T02:28:08.000Z,false,false,false,false,false,false,17,9,11:28,11:21,right,APPROVED,17,9,true,13.45,64.68,true,true
2022,REG,4,2022100300,3330,4500,SF,58901,3330.0,"(6:36) (Shotgun) M.Stafford pass short right intended for C.Kupp INTERCEPTED by T.Hufanga at SF 48. T.Hufanga for 52 yards, TOUCHDOWN.",2,play_type_pass,4,1,10,2510,06:36,SF 44,44,SF,54,2022-10-04T02:36:47.000Z,false,false,true,false,false,true,23,9,6:37,6:28,left,APPROVED,17,9,true,10.0,43.63,true,true
2022,REG,4,2022100300,3713,4500,SF,58901,3713.0,"(1:58) (Shotgun) M.Stafford sacked at SF 30 for -6 yards (S.Ebukam). FUMBLES (S.Ebukam), touched at SF 30, RECOVERED by SF-K.Hyder at SF 16.",2,play_type_sack,4,3,10,2510,01:58,SF 24,24,SF,34,2022-10-04T02:51:51.000Z,false,false,false,false,false,true,24,9,1:58,1:52,left,APPROVED,24,9,false,,,true,true
2022,REG,5,2022100600,1443,1400,DEN,58902,1443.0,(5:50) (Shotgun) M.Ryan pass short middle intended for K.Granson INTERCEPTED by C.Sterns at DEN 15. C.Sterns to DEN 38 for 23 yards (D.Jackson).,2,play_type_pass,2,2,10,2200,05:50,DEN 24,24,DEN,86,2022-10-07T01:11:19.000Z,false,false,false,false,false,true,6,0,5:51,5:41,right,APPROVED,6,0,true,10.08,95.9,true,true
2022,REG,5,2022100600,2004,1400,DEN,58902,2004.0,"(:49) (Shotgun) M.Ryan sacked at DEN 32 for -17 yards (sack split by J.Jewell and D.Jones). FUMBLES (J.Jewell) [J.Jewell], recovered by IND-Q.Nelson at DEN 33.",2,play_type_sack,2,1,10,2200,00:49,DEN 15,15,DEN,95,2022-10-07T01:36:08.000Z,false,false,false,false,false,false,6,0,:51,:40,right,APPROVED,6,0,false,10.0,104.79,true,true
2022,REG,5,2022100600,2633,1400,DEN,58902,2633.0,(8:12) (Shotgun) R.Wilson pass deep middle to C.Sutton to IND 22 for 51 yards (R.Thomas) [C.Williams].,2,play_type_pass,3,2,8,1400,08:12,DEN 27,27,DEN,83,2022-10-07T02:14:00.000Z,false,false,false,false,false,false,6,6,8:12,8:03,left,APPROVED,6,6,true,8.42,75.31,true,true
2022,REG,5,2022100600,2844,1400,DEN,58902,2844.0,(3:44) (Shotgun) M.Ryan pass short middle intended for M.Pittman INTERCEPTED by C.Sterns [B.Browning] at IND 29. C.Sterns to IND 27 for 2 yards (M.Pittman).,2,play_type_pass,3,3,15,2200,03:44,IND 19,19,IND,29,2022-10-07T02:22:34.000Z,false,false,false,false,false,true,6,6,,3:41,right,APPROVED,6,6,true,15.28,44.0,true,true
2022,REG,5,2022100600,3123,1400,DEN,58902,3123.0,(:30) (Shotgun) R.Wilson pass short left to M.Boone to IND 32 for 34 yards (Z.Franklin).,2,play_type_pass,3,2,10,1400,00:30,DEN 34,34,DEN,76,2022-10-07T02:32:35.000Z,false,false,false,false,false,false,9,6,:30,:21,left,APPROVED,9,6,true,10.58,66.18,true,true
2022,REG,5,2022100600,3232,2200,IND,58902,3232.0,(14:20) (Shotgun) R.Wilson pass deep left intended for K.Hamler INTERCEPTED by R.Thomas [K.Paye] at IND 4. R.Thomas to IND 39 for 35 yards (J.Jeudy). IND-K.Paye was injured during the play.,2,play_type_pass,4,3,13,1400,14:20,IND 35,35,IND,75,2022-10-07T02:38:30.000Z,false,false,false,false,false,true,9,6,14:21,14:07,right,APPROVED,9,6,true,13.14,87.84,true,true
2022,REG,5,2022100600,3413,1400,DEN,58902,3413.0,(11:24) (Shotgun) M.Ryan sacked at DEN 45 for -7 yards (sack split by B.Chubb and B.Browning).,2,play_type_sack,4,3,10,2200,11:24,DEN 38,38,DEN,48,2022-10-07T02:46:21.000Z,false,false,false,false,false,false,9,6,11:24,11:20,left,APPROVED,9,6,false,11.19,38.15,true,true
2022,REG,5,2022100600,3966,2200,IND,58902,3966.0,(2:19) (Shotgun) R.Wilson pass deep middle intended for T.Cleveland INTERCEPTED by S.Gilmore at IND -5. Touchback.,2,play_type_pass,4,3,4,1400,02:19,IND 13,13,IND,97,2022-10-07T03:13:05.000Z,false,false,false,false,false,true,9,6,2:19,2:14,right,APPROVED,9,6,true,4.33,100.84,true,true
2022,REG,5,2022100600,4637,1400,DEN,58902,4637.0,(5:16) R.Wilson pass deep right to J.Jeudy to IND 14 for 37 yards (I.Rodgers).,2,play_type_pass,5,1,10,1400,05:16,DEN 49,49,DEN,61,2022-10-07T03:39:47.000Z,false,false,false,false,false,false,9,12,5:16,5:08,left,APPROVED,9,12,true,10.0,51.25,true,true
2022,REG,5,2022100900,109,1800,GB,58903,109.0,(14:16) (Shotgun) A.Rodgers pass deep middle to R.Cobb to NYG 39 for 35 yards (J.Love) [J.Ward].,2,play_type_pass,1,3,8,1800,14:16,GB 26,26,GB,84,2022-10-09T13:35:00.000Z,false,false,false,false,false,false,0,0,14:16,14:09,left,APPROVED,0,0,true,8.51,76.4,true,true
2022,REG,5,2022100900,736,1800,GB,58903,736.0,"(3:22) (Shotgun) A.Rodgers pass short right to A.Lazard for 4 yards, TOUCHDOWN.",2,play_type_pass,1,2,4,1800,03:22,NYG 4,4,NYG,14,2022-10-09T14:03:46.000Z,false,false,true,true,false,false,9,0,3:22,3:20,left,APPROVED,3,0,true,4.83,10.0,true,true
2022,REG,5,2022100900,1329,1800,GB,58903,1329.0,"(7:29) A.Rodgers pass short left to M.Lewis for 2 yards, TOUCHDOWN.",2,play_type_pass,2,2,1,1800,07:29,NYG 2,2,NYG,108,2022-10-09T14:28:53.000Z,false,false,true,false,false,false,16,3,7:30,7:26,right,APPROVED,10,3,true,0.84,108.94,true,true
2022,REG,5,2022100900,2544,3410,NYG,58903,2544.0,(4:09) (Shotgun) A.Rodgers sacked at NYG 42 for -6 yards (D.Lawrence).,2,play_type_sack,3,3,8,1800,04:09,NYG 36,36,NYG,74,2022-10-09T15:32:42.000Z,false,false,false,false,false,false,20,13,4:09,4:06,right,APPROVED,20,13,false,8.47,81.8,true,true
2022,REG,5,2022100900,3133,3410,NYG,58903,3133.0,"(9:13) (No Huddle, Shotgun) D.Jones pass short left to S.Barkley pushed ob at GB 19 for 41 yards (Q.Walker).",2,play_type_pass,4,2,10,3410,09:13,NYG 40,40,NYG,50,2022-10-09T16:02:05.000Z,false,false,false,false,false,false,20,20,9:14,9:05,right,APPROVED,20,20,true,10.17,59.58,true,true
2022,REG,5,2022100901,117,0610,BUF,58904,117.0,"(14:09) (Shotgun) J.Allen pass deep middle to G.Davis for 98 yards, TOUCHDOWN [M.Fitzpatrick].",2,play_type_pass,1,3,10,0610,14:09,BUF 2,2,BUF,108,2022-10-09T17:04:29.000Z,false,false,true,false,false,false,6,0,14:10,13:58,left,APPROVED,0,0,true,10.29,98.6,true,true
2022,REG,5,2022100901,158,3900,PIT,58904,158.0,"T.Bass kicks 45 yards from BUF 35 to PIT 20. J.Pierre MUFFS catch, touched at PIT 25, RECOVERED by BUF-T.Johnson at PIT 21.",32,play_type_kickoff,1,0,0,0610,13:56,BUF 35,35,BUF,75,2022-10-09T17:07:12.000Z,true,false,false,false,false,true,7,0,13:56,13:54,left,APPROVED,7,0,false,,,true,true
2022,REG,5,2022100901,668,0610,BUF,58904,668.0,(4:56) (Shotgun) J.Allen pass deep middle to K.Shakir to PIT 34 for 31 yards (D.Bush).,2,play_type_pass,1,2,10,0610,04:56,BUF 35,35,BUF,75,2022-10-09T17:28:04.000Z,false,false,false,false,false,false,7,3,4:57,4:52,left,APPROVED,7,3,true,10.33,65.19,true,true
2022,REG,5,2022100901,1028,0610,BUF,58904,1028.0,(14:52) (Shotgun) J.Allen pass deep right to I.Hodgins to BUF 34 for 26 yards (T.Norwood).,2,play_type_pass,2,3,4,0610,14:52,BUF 8,8,BUF,18,2022-10-09T17:46:02.000Z,false,false,false,false,false,false,10,3,14:52,14:48,right,APPROVED,10,3,true,4.33,21.65,true,true
2022,REG,5,2022100901,1099,0610,BUF,58904,1099.0,(13:32) (Shotgun) J.Allen pass short right to Q.Morris pushed ob at PIT 41 for 26 yards (J.Pierre).,2,play_type_pass,2,3,11,0610,13:32,BUF 33,33,BUF,43,2022-10-09T17:47:57.000Z,false,false,false,false,false,false,10,3,13:32,13:24,right,APPROVED,10,3,true,11.74,53.79,true,true
2022,REG,5,2022100901,1295,0610,BUF,58904,1295.0,"(9:41) (Shotgun) J.Allen pass deep middle to G.Davis for 62 yards, TOUCHDOWN.",2,play_type_pass,2,1,10,0610,09:41,BUF 38,38,BUF,48,2022-10-09T17:57:45.000Z,false,false,true,false,false,false,16,3,9:39,9:32,right,APPROVED,10,3,true,10.0,57.69,true,true
2022,REG,5,2022100901,1476,0610,BUF,58904,1476.0,"(7:24) (Shotgun) J.Allen pass short left to S.Diggs for 15 yards, TOUCHDOWN.",2,play_type_pass,2,1,10,0610,07:24,PIT 15,15,PIT,95,2022-10-09T18:07:54.000Z,false,false,true,false,false,false,23,3,7:25,7:22,right,APPROVED,17,3,true,10.0,104.85,true,true
2022,REG,5,2022100901,1630,3900,PIT,58904,1630.0,(5:20) (Shotgun) K.Pickett pass deep left to G.Pickens to BUF 20 for 29 yards (K.Elam).,2,play_type_pass,2,3,5,3900,05:20,BUF 49,49,BUF,59,2022-10-09T18:14:47.000Z,false,false,false,false,false,false,24,3,5:21,5:15,left,APPROVED,24,3,true,5.6,54.12,true,true
2022,REG,5,2022100901,1943,0610,BUF,58904,1943.0,"(1:09) (Shotgun) J.Allen pass deep left to K.Shakir for 24 yards, TOUCHDOWN. PIT-J.Pierre was injured during the play.",2,play_type_pass,2,3,5,0610,01:09,PIT 24,24,PIT,86,2022-10-09T18:27:50.000Z,false,false,true,false,false,false,30,3,1:09,1:04,right,APPROVED,24,3,true,5.24,90.75,true,true
2022,REG,5,2022100901,2569,0610,BUF,58904,2569.0,(8:56) (Shotgun) J.Allen scrambles right tackle to PIT 34 for 21 yards (J.Pierre).,2,play_type_rush,3,3,4,0610,08:56,BUF 45,45,BUF,65,2022-10-09T19:05:59.000Z,false,false,false,false,false,false,31,3,8:56,8:51,left,APPROVED,31,3,true,4.47,61.36,true,true
2022,REG,5,2022100901,3094,0610,BUF,58904,3094.0,(15:00) (Shotgun) J.Allen pass short middle to S.Diggs pushed ob at PIT 24 for 41 yards (A.Maulet).,2,play_type_pass,4,1,10,0610,15:00,BUF 35,35,BUF,45,2022-10-09T19:30:58.000Z,false,false,false,false,false,false,31,3,15:00,14:52,right,APPROVED,31,3,true,10.0,54.76,true,true
2022,REG,5,2022100901,3128,0610,BUF,58904,3128.0,"(14:11) B.Hart reported in as eligible.  J.Cook up the middle for 24 yards, TOUCHDOWN.",2,play_type_rush,4,1,10,0610,14:11,PIT 24,24,PIT,86,2022-10-09T19:31:49.000Z,false,false,true,false,false,false,37,3,14:11,14:04,right,APPROVED,31,3,true,10.0,96.09,true,true
2022,REG,5,2022100902,146,1050,CLE,58905,146.0,"(12:12) M.Dunn reported in as eligible.  N.Chubb right tackle for 41 yards, TOUCHDOWN.",2,play_type_rush,1,2,1,1050,12:12,LAC 41,41,LAC,51,2022-10-09T17:06:06.000Z,false,false,true,false,false,false,6,0,12:13,12:02,left,APPROVED,0,0,true,1.42,49.65,true,false
2022,REG,5,2022100902,674,1050,CLE,58905,674.0,"(4:06) (Shotgun) J.Brissett pass short left to A.Cooper for 11 yards, TOUCHDOWN.",2,play_type_pass,1,1,10,1050,04:06,LAC 11,11,LAC,21,2022-10-09T17:25:44.000Z,false,false,true,false,false,false,13,0,4:07,4:02,left,APPROVED,7,0,true,10.0,11.68,true,true
2022,REG,5,2022100902,730,4400,LAC,58905,730.0,(4:01) A.Ekeler right guard to CLV 4 for 71 yards (G.Newsome).,2,play_type_rush,1,1,10,4400,04:01,LAC 25,25,LAC,35,2022-10-09T17:30:12.000Z,false,false,false,false,false,false,14,0,4:01,3:52,right,APPROVED,14,0,true,10.0,44.84,true,true
2022,REG,5,2022100902,1057,4400,LAC,58905,1057.0,(:17) (Shotgun) J.Herbert pass deep right to M.Williams to CLV 18 for 38 yards (D.Ward).,2,play_type_pass,1,1,10,4400,00:17,LAC 44,44,LAC,54,2022-10-09T17:44:41.000Z,false,false,false,false,false,false,14,3,:19,:13,right,APPROVED,14,3,true,10.0,63.77,true,true
2022,REG,5,2022100902,1145,4400,LAC,58905,1145.0,"(13:43) J.Kelley right tackle for 5 yards, TOUCHDOWN.",2,play_type_rush,2,1,5,4400,13:43,CLE 5,5,CLE,15,2022-10-09T17:49:14.000Z,false,false,true,true,false,false,14,9,13:43,13:39,left,APPROVED,14,3,true,5.859999999999999,10.0,true,true
2022,REG,5,2022100902,1571,4400,LAC,58905,1571.0,"(5:57) (Shotgun) J.Herbert pass short left to A.Ekeler for 12 yards, TOUCHDOWN.",2,play_type_pass,2,2,12,4400,05:57,CLE 12,12,CLE,22,2022-10-09T18:08:08.000Z,false,false,true,true,false,false,14,16,5:58,5:52,left,APPROVED,14,10,true,12.79,10.0,true,true
2022,REG,5,2022100902,1627,1050,CLE,58905,1627.0,(5:50) J.Brissett pass deep right to D.Njoku pushed ob at LAC 37 for 38 yards (A.Gilman).,2,play_type_pass,2,1,10,1050,05:50,CLE 25,25,CLE,35,2022-10-09T18:11:11.000Z,false,false,false,false,false,false,14,17,5:51,5:42,right,APPROVED,14,17,true,10.0,45.0,true,true
2022,REG,5,2022100902,1680,1050,CLE,58905,1680.0,(4:39) (No Huddle) N.Chubb left tackle to LAC 3 for 29 yards (A.Samuel).,2,play_type_rush,2,2,5,1050,04:39,LAC 32,32,LAC,78,2022-10-09T18:12:28.000Z,false,false,false,false,false,false,14,17,4:39,4:33,right,APPROVED,14,17,true,5.84,82.8,true,true
2022,REG,5,2022100902,2392,4400,LAC,58905,2392.0,"(12:36) (Shotgun) J.Herbert pass short right to M.Williams to CLV 45 for 21 yards (D.Ward, J.Phillips).",2,play_type_pass,3,3,12,4400,12:36,LAC 34,34,LAC,44,2022-10-09T18:50:14.000Z,false,false,false,false,false,false,21,17,12:38,12:29,right,APPROVED,21,17,true,12.54,55.83,true,true
2022,REG,5,2022100902,3823,4400,LAC,58905,3823.0,(2:55) (Shotgun) J.Brissett pass short right intended for A.Cooper INTERCEPTED by A.Gilman at LAC -1. A.Gilman to LAC 17 for 18 yards (J.Brissett; Dav.Bell).,2,play_type_pass,4,3,7,1050,02:55,LAC 9,9,LAC,101,2022-10-09T19:46:40.000Z,false,false,false,false,false,true,28,30,2:55,2:44,right,APPROVED,28,30,true,7.19,107.87,true,true
2022,REG,5,2022100903,1182,2250,JAX,58906,1182.0,(10:22) T.Lawrence pass deep left to M.Jones to HST 43 for 37 yards (J.Owens).,2,play_type_pass,2,1,10,2250,10:22,JAX 20,20,JAX,90,2022-10-09T17:51:09.000Z,false,false,false,false,false,false,3,3,10:23,10:14,left,APPROVED,3,3,true,10.0,80.17,true,true
2022,REG,5,2022100903,1590,2250,JAX,58906,1590.0,(2:27) T.Lawrence pass deep middle to E.Engram to JAX 40 for 25 yards (J.Pitre). JAX-B.Bartch was injured during the play. His return is Questionable.,2,play_type_pass,2,2,18,2250,02:27,JAX 15,15,JAX,95,2022-10-09T18:08:44.000Z,false,false,false,false,false,false,3,6,2:28,2:23,left,APPROVED,3,6,true,,,true,true
2022,REG,5,2022100903,2037,2250,JAX,58906,2037.0,"(14:28) (Shotgun) T.Lawrence pass deep middle to E.Engram to HST 45 for 28 yards (J.Pitre, J.Owens).",2,play_type_pass,3,2,8,2250,14:28,JAX 27,27,JAX,37,2022-10-09T18:42:24.000Z,false,false,false,false,false,false,6,6,14:29,14:24,right,APPROVED,6,6,true,9.01,44.54,true,true
2022,REG,5,2022100903,2198,2120,HOU,58906,2198.0,(10:12) T.Lawrence pass short right intended for Z.Jones INTERCEPTED by D.Stingley at HST -7. D.Stingley to HST 2 for 9 yards (T.Lawrence).,2,play_type_pass,3,2,1,2250,10:12,HOU 7,7,HOU,103,2022-10-09T18:46:46.000Z,false,false,false,false,false,true,6,6,10:13,10:05,right,APPROVED,6,6,true,0.9,103.73,true,false
2022,REG,5,2022100904,414,0810,CHI,58907,414.0,(8:15) (Shotgun) J.Fields pass short left to D.Montgomery to 50 for 30 yards (C.Dantzler).,2,play_type_pass,1,1,15,0810,08:15,CHI 20,20,CHI,30,2022-10-09T17:16:08.000Z,false,false,false,false,false,false,7,0,8:15,8:08,right,APPROVED,7,0,true,15.0,44.7,true,true
2022,REG,5,2022100904,874,3000,MIN,58907,874.0,"(15:00) D.Cook right end for 5 yards, TOUCHDOWN.",2,play_type_rush,2,1,5,3000,15:00,CHI 5,5,CHI,105,2022-10-09T17:33:46.000Z,false,false,true,true,false,false,13,3,15:00,14:57,right,APPROVED,7,3,true,5.25,110.0,true,true
2022,REG,5,2022100904,1110,3000,MIN,58907,1110.0,(12:19) (Shotgun) K.Cousins pass deep left to J.Jefferson pushed ob at CHI 32 for 31 yards (E.Jackson).,2,play_type_pass,2,3,2,3000,12:19,MIN 37,37,MIN,47,2022-10-09T17:46:08.000Z,false,false,false,false,false,false,14,3,12:21,12:14,right,APPROVED,14,3,true,2.44,48.66,true,true
2022,REG,5,2022100904,1247,3000,MIN,58907,1247.0,(9:35) (Shotgun) J.Jefferson pass short right to D.Cook to CHI 9 for 23 yards (N.Morrow).,2,play_type_pass,2,3,10,3000,09:35,CHI 32,32,CHI,78,2022-10-09T17:49:53.000Z,false,false,false,false,false,false,14,3,9:36,9:26,right,APPROVED,14,3,true,10.18,87.58,true,true
2022,REG,5,2022100904,1313,3000,MIN,58907,1313.0,"(7:23) (Shotgun) K.Cousins pass short middle to J.Reagor for 1 yard, TOUCHDOWN.",2,play_type_pass,2,3,1,3000,07:23,CHI 1,1,CHI,109,2022-10-09T17:52:14.000Z,false,false,true,true,false,false,20,3,7:25,7:21,right,APPROVED,14,3,true,1.29,110.0,true,true
2022,REG,5,2022100904,1723,0810,CHI,58907,1723.0,(1:54) J.Fields pass deep left to D.Mooney to MIN 11 for 39 yards (C.Sullivan).,2,play_type_pass,2,1,10,0810,01:54,50,50,,60,2022-10-09T18:11:27.000Z,false,false,false,false,false,false,21,3,1:54,1:49,left,APPROVED,21,3,true,10.0,50.05,true,true
2022,REG,5,2022100904,1792,0810,CHI,58907,1792.0,"(1:12) (Shotgun) D.Montgomery up the middle for 9 yards, TOUCHDOWN.",2,play_type_rush,2,3,8,0810,01:12,MIN 9,9,MIN,19,2022-10-09T18:13:51.000Z,false,false,true,false,false,false,21,9,1:12,1:10,left,APPROVED,21,3,true,,,true,true
2022,REG,5,2022100904,2223,0810,CHI,58907,2223.0,"(12:32) (No Huddle, Shotgun) J.Fields pass short middle to C.Kmet to MIN 23 for 23 yards (D.Hunter, H.Smith).",2,play_type_pass,3,3,10,0810,12:32,MIN 46,46,MIN,64,2022-10-09T18:41:40.000Z,false,false,false,false,false,false,21,10,12:32,12:26,right,APPROVED,21,10,true,10.28,73.77,true,false
2022,REG,5,2022100904,2294,0810,CHI,58907,2294.0,"(10:31) (Shotgun) J.Fields pass short middle to V.Jones for 9 yards, TOUCHDOWN.",2,play_type_pass,3,1,9,0810,10:31,MIN 9,9,MIN,101,2022-10-09T18:43:44.000Z,false,false,true,true,false,false,21,16,10:31,10:26,right,APPROVED,21,10,true,10.090000000000003,110.0,true,true
2022,REG,5,2022100904,2319,0810,CHI,58907,2319.0,TWO-POINT CONVERSION ATTEMPT. J.Fields pass to D.Pettis is complete. ATTEMPT FAILS.,26,play_type_two_point_conversion,3,0,0,0810,10:24,MIN 2,2,MIN,108,2022-10-09T18:44:47.000Z,false,false,false,false,false,false,21,16,10:24,10:24,right,APPROVED,21,16,false,,,true,true
2022,REG,5,2022100905,590,3200,NE,58908,590.0,(3:48) R.Stevenson up the middle to DET 31 for 49 yards (A.Anzalone).,2,play_type_rush,1,1,10,3200,03:48,NE 20,20,NE,30,2022-10-09T17:35:15.000Z,false,false,false,false,false,false,3,0,3:50,3:39,right,APPROVED,3,0,true,10.0,39.96,true,true
2022,REG,5,2022100905,801,1540,DET,58908,801.0,J.Bailey kicks 65 yards from NE 35 to DET 0. M.Alexander ran ob at DET 47 for 47 yards (J.Bailey).,32,play_type_kickoff,2,0,0,3200,14:14,NE 35,35,NE,75,2022-10-09T17:44:45.000Z,true,false,false,false,false,true,6,0,14:14,,left,APPROVED,6,0,true,,,true,true
2022,REG,5,2022100905,971,3200,NE,58908,971.0,(11:07) (Shotgun) J.Goff sacked at NE 40 for -9 yards (M.Judon).,2,play_type_sack,2,3,7,1540,11:07,NE 31,31,NE,79,2022-10-09T17:49:39.000Z,false,false,false,false,false,false,6,0,11:08,11:04,right,APPROVED,6,0,false,8.03,85.73,true,true
2022,REG,5,2022100905,1153,1540,DET,58908,1153.0,(7:40) (Shotgun) B.Zappe pass short middle intended for N.Agholor INTERCEPTED by D.Elliott at NE 45. D.Elliott to 50 for -5 yards (R.Stevenson).,2,play_type_pass,2,2,14,3200,07:40,NE 36,36,NE,74,2022-10-09T17:58:17.000Z,false,false,false,false,false,true,6,0,7:42,7:35,left,APPROVED,6,0,true,14.36,59.97,true,true
2022,REG,5,2022100905,1348,3200,NE,58908,1348.0,"(3:40) (Shotgun) J.Goff sacked at NE 45 for -13 yards (M.Judon). FUMBLES (M.Judon) [M.Judon], RECOVERED by NE-K.Dugger at NE 41. K.Dugger for 59 yards, TOUCHDOWN.",2,play_type_sack,2,4,9,1540,03:40,NE 32,32,NE,78,2022-10-09T18:07:36.000Z,false,false,true,false,false,true,12,0,3:41,3:28,right,APPROVED,6,0,true,9.75,86.43,true,true
2022,REG,5,2022100905,2378,3200,NE,58908,2378.0,"(1:57) (Shotgun) B.Zappe pass deep right to J.Meyers for 24 yards, TOUCHDOWN.",2,play_type_pass,3,1,10,3200,01:57,DET 24,24,DET,34,2022-10-09T19:05:04.000Z,false,false,true,false,false,false,25,0,1:58,1:53,left,APPROVED,19,0,true,10.0,24.03,true,true
2022,REG,5,2022100905,2469,1540,DET,58908,2469.0,(1:06) J.Goff pass short left to C.Reynolds pushed ob at NE 24 for 36 yards (D.McCourty).,2,play_type_pass,3,1,10,1540,01:06,DET 40,40,DET,50,2022-10-09T19:10:17.000Z,false,false,false,false,false,false,26,0,1:08,:58,right,APPROVED,26,0,true,10.0,59.39,true,true
2022,REG,5,2022100905,2997,1540,DET,58908,2997.0,(11:07) (Shotgun) J.Goff pass short right to C.Reynolds pushed ob at NE 40 for 25 yards (J.Uche).,2,play_type_pass,4,2,10,1540,11:07,DET 35,35,DET,75,2022-10-09T19:33:08.000Z,false,false,false,false,false,false,26,0,11:07,11:03,left,APPROVED,26,0,true,10.43,65.52,true,true
2022,REG,5,2022100906,413,4600,SEA,58909,413.0,"(6:53) (Shotgun) G.Smith pass deep left to D.Metcalf for 50 yards, TOUCHDOWN. Pass 25, YAC 25",2,play_type_pass,1,3,5,4600,06:53,50,50,,60,2022-10-09T17:16:42.000Z,false,false,true,false,false,false,3,6,6:54,6:44,right,APPROVED,3,0,true,4.78,64.16,true,true
2022,REG,5,2022100906,691,4600,SEA,58909,691.0,(4:05) R.Penny right end pushed ob at NO 42 for 32 yards (D.Davis).,2,play_type_rush,1,2,10,4600,04:05,SEA 26,26,SEA,36,2022-10-09T17:29:16.000Z,false,false,false,false,false,false,3,7,4:05,3:58,right,APPROVED,3,7,true,10.26,45.55,true,true
2022,REG,5,2022100906,1125,3300,NO,58909,1125.0,"(10:59) (Shotgun) T.Hill right guard for 8 yards, TOUCHDOWN.",2,play_type_rush,2,1,8,3300,10:59,SEA 8,8,SEA,102,2022-10-09T17:46:51.000Z,false,false,true,true,false,false,9,10,11:00,10:56,right,APPROVED,3,10,true,8.299999999999997,110.0,true,true
2022,REG,5,2022100906,1227,3300,NO,58909,1227.0,(9:34) (Shotgun) G.Smith sacked at SEA 24 for -9 yards (C.Jordan).,2,play_type_sack,2,3,2,4600,09:34,SEA 33,33,SEA,77,2022-10-09T17:52:51.000Z,false,false,false,false,false,false,10,10,9:35,9:32,left,APPROVED,10,10,false,2.61,75.18,true,true
2022,REG,5,2022100906,1522,3300,NO,58909,1522.0,"(3:39) (Shotgun) T.Hill left end for 9 yards, TOUCHDOWN.",2,play_type_rush,2,2,6,3300,03:39,SEA 9,9,SEA,101,2022-10-09T18:07:12.000Z,false,false,true,false,false,false,16,10,3:40,3:36,right,APPROVED,10,10,true,6.05,107.01,true,true
2022,REG,5,2022100906,2090,4600,SEA,58909,2090.0,"(:14) (Shotgun) G.Smith pass deep middle to T.Lockett for 35 yards, TOUCHDOWN [M.Davenport].",2,play_type_pass,2,2,6,4600,00:14,NO 35,35,NO,45,2022-10-09T18:29:59.000Z,false,false,true,false,false,false,17,19,,:09,left,APPROVED,17,13,true,6.68,39.36,true,true
2022,REG,5,2022100906,2403,3300,NO,58909,2403.0,"(12:07) (Shotgun) A.Dalton pass incomplete deep right to C.Olave (C.Bryant). New Orleans challenged the incomplete pass ruling, and the play was REVERSED. (Shotgun) A.Dalton pass deep right to C.Olave for 16 yards, TOUCHDOWN.",2,play_type_pass,3,3,9,3300,12:07,SEA 16,16,SEA,26,2022-10-09T18:56:14.000Z,false,false,true,false,false,false,23,19,12:09,12:04,left,APPROVED,17,19,true,9.63,16.75,true,true
2022,REG,5,2022100906,3046,4600,SEA,58909,3046.0,(5:04) (Shotgun) A.Dalton pass short left intended for T.Smith INTERCEPTED by T.Woolen at NO 48. T.Woolen to NO 48 for no gain (T.Smith).,2,play_type_pass,3,2,14,3300,05:04,NO 35,35,NO,75,2022-10-09T19:24:50.000Z,false,false,false,false,false,true,24,19,5:06,5:01,left,APPROVED,24,19,true,14.84,60.51,true,true
2022,REG,5,2022100906,3322,3300,NO,58909,3322.0,"(2:12) (Shotgun) A.Dalton pass short left to A.Kamara pushed ob at SEA 24 for 54 yards (C.Bryant). Pass -4, YAC 58",2,play_type_pass,3,2,9,3300,02:12,NO 22,22,NO,88,2022-10-09T19:32:55.000Z,false,false,false,false,false,false,24,19,2:13,2:00,left,APPROVED,24,19,true,9.58,79.01,true,true
2022,REG,5,2022100906,3376,3300,NO,58909,3376.0,"(:41) (Shotgun) T.Hill pass deep middle to A.Trautman for 22 yards, TOUCHDOWN.",2,play_type_pass,3,2,8,3300,00:41,SEA 22,22,SEA,32,2022-10-09T19:34:30.000Z,false,false,true,false,false,false,30,19,:42,:38,left,APPROVED,24,19,true,8.39,23.77,true,true
2022,REG,5,2022100906,3568,4600,SEA,58909,3568.0,"(14:16) (No Huddle) G.Smith pass deep middle to T.Lockett for 40 yards, TOUCHDOWN.",2,play_type_pass,4,1,10,4600,14:16,NO 40,40,NO,50,2022-10-09T19:43:28.000Z,false,false,true,false,false,false,31,25,14:17,,left,APPROVED,31,19,true,10.0,40.0,true,true
2022,REG,5,2022100906,3597,4600,SEA,58909,3597.0,TWO-POINT CONVERSION ATTEMPT. G.Smith pass to D.Metcalf is incomplete. ATTEMPT FAILS.,26,play_type_two_point_conversion,4,0,0,4600,14:08,NO 2,2,NO,12,2022-10-09T19:44:26.000Z,false,false,false,false,false,false,31,25,14:08,14:08,left,APPROVED,31,25,false,,,true,true
2022,REG,5,2022100906,3977,4600,SEA,58909,3977.0,"(7:04) (No Huddle) K.Walker left guard for 69 yards, TOUCHDOWN.",2,play_type_rush,4,2,1,4600,07:04,SEA 31,31,SEA,79,2022-10-09T20:00:24.000Z,false,false,true,false,false,false,31,31,7:05,6:54,left,APPROVED,31,25,true,1.3,78.12,true,false
2022,REG,5,2022100906,4083,3300,NO,58909,4083.0,"(5:33) (Shotgun) L.Kidd and L.Young reported in as eligible.  T.Hill left tackle for 60 yards, TOUCHDOWN.",2,play_type_rush,4,3,1,3300,05:33,NO 40,40,NO,50,2022-10-09T20:04:43.000Z,false,false,true,false,false,false,37,32,5:34,5:24,right,APPROVED,31,32,true,1.31,50.97,true,true
2022,REG,5,2022100906,4180,3300,NO,58909,4180.0,(4:15) G.Smith sacked at SEA 19 for -14 yards (sack split by C.Jordan and D.Davis).,2,play_type_sack,4,3,2,4600,04:15,SEA 33,33,SEA,77,2022-10-09T20:09:22.000Z,false,false,false,false,false,false,39,32,4:16,4:07,left,APPROVED,39,32,false,2.71,75.07,true,true
2022,REG,5,2022100907,319,2700,MIA,58910,319.0,(10:31) (Shotgun) Z.Wilson sacked at MIA 46 for -6 yards (J.Baker).,2,play_type_sack,1,3,10,3430,10:31,MIA 40,40,MIA,70,2022-10-09T17:14:49.000Z,false,false,false,false,false,false,2,0,10:31,10:27,right,APPROVED,2,0,false,10.51,79.74,true,true
2022,REG,5,2022100907,1223,2700,MIA,58910,1223.0,"(10:01) R.Mostert right end for 12 yards, TOUCHDOWN.",2,play_type_rush,2,1,10,2700,10:01,NYJ 12,12,NYJ,98,2022-10-09T17:56:48.000Z,false,false,true,false,false,false,12,6,10:02,9:57,right,APPROVED,12,0,true,10.0,108.15,true,true
2022,REG,5,2022100907,1427,3430,NYJ,58910,1427.0,(8:07) S.Thompson pass short right intended for R.Cracraft INTERCEPTED by A.Gardner (J.Franklin-Myers) [J.Franklin-Myers] at NYJ 44. A.Gardner to NYJ 47 for 3 yards (R.Cracraft).,2,play_type_pass,2,1,10,2700,08:07,MIA 44,44,MIA,54,2022-10-09T18:07:59.000Z,false,false,false,false,false,true,12,7,8:08,8:02,right,APPROVED,12,7,true,10.0,63.66,true,true
2022,REG,5,2022100907,1629,3430,NYJ,58910,1629.0,"(2:47) (Shotgun) Z.Wilson scrambles for 5 yards, TOUCHDOWN.",2,play_type_rush,2,3,5,3430,02:47,MIA 5,5,MIA,15,2022-10-09T18:14:16.000Z,false,false,true,true,false,false,18,7,2:46,2:40,left,APPROVED,12,7,true,5.34,10.0,true,true
2022,REG,5,2022100907,2663,3430,NYJ,58910,2663.0,(4:47) (Shotgun) S.Thompson sacked at MIA 45 for -5 yards (sack split by Q.Williams and J.Franklin-Myers).,2,play_type_sack,3,3,5,2700,04:47,50,50,,60,2022-10-09T19:09:52.000Z,false,false,false,false,false,false,19,17,4:47,4:43,right,APPROVED,19,17,false,5.65,64.54,true,true
2022,REG,5,2022100907,2806,2700,MIA,58910,2806.0,(1:51) Z.Wilson sacked at NYJ 9 for -17 yards (Br.Jones).,2,play_type_sack,3,2,8,3430,01:51,NYJ 26,26,NYJ,84,2022-10-09T19:16:29.000Z,false,false,false,false,false,false,19,17,1:52,1:48,left,APPROVED,19,17,false,8.59,76.34,true,true
2022,REG,5,2022100907,3211,3430,NYJ,58910,3211.0,(10:13) (Shotgun) Z.Wilson pass short right to Br.Hall to MIA 1 for 21 yards (D.Riley).,2,play_type_pass,4,2,9,3430,10:13,MIA 22,22,MIA,88,2022-10-09T19:37:03.000Z,false,false,false,false,false,false,19,17,10:14,10:07,right,APPROVED,19,17,true,9.59,96.92,true,true
2022,REG,5,2022100907,3319,3430,NYJ,58910,3319.0,"(9:22) (Shotgun) S.Thompson sacked at MIA 17 for -3 yards (C.Lawson). FUMBLES (C.Lawson) [C.Lawson], RECOVERED by NYJ-Q.Williams at MIA 17. Q.Williams to MIA 5 for 12 yards (G.Little).",2,play_type_sack,4,1,15,2700,09:22,MIA 20,20,MIA,90,2022-10-09T19:44:21.000Z,false,false,false,false,false,true,26,17,9:22,9:14,left,APPROVED,26,17,false,15.0,75.25,true,true
2022,REG,5,2022100907,3609,3430,NYJ,58910,3609.0,"(4:31) B.Berrios left end for 15 yards, TOUCHDOWN. NYJ-B.Berrios was injured during the play.",2,play_type_rush,4,2,9,3430,04:31,MIA 15,15,MIA,95,2022-10-09T19:56:58.000Z,false,false,true,false,false,false,39,17,4:32,4:27,right,APPROVED,33,17,true,9.34,104.05,true,true
2022,REG,5,2022100908,331,4900,TB,58911,331.0,"(11:23) (No Huddle, Shotgun) M.Mariota sacked at ATL 25 for -7 yards (J.Tryon).",2,play_type_sack,1,3,10,0200,11:23,ATL 32,32,ATL,42,2022-10-09T17:11:45.000Z,false,false,false,false,false,false,0,0,11:23,11:20,right,APPROVED,0,0,false,10.45,52.06,true,true
2022,REG,5,2022100908,1073,4900,TB,58911,1073.0,"(11:43) (No Huddle, Shotgun) T.Brady pass deep left to M.Evans to ATL 12 for 25 yards (J.Hawkins). TB-M.Evans was injured during the play. His return is Questionable.",2,play_type_pass,2,3,3,4900,11:43,ATL 37,37,ATL,73,2022-10-09T17:43:26.000Z,false,false,false,false,false,false,0,0,11:44,11:39,right,APPROVED,0,0,true,3.32,75.74,true,true
2022,REG,5,2022100908,2603,4900,TB,58911,2603.0,"(6:56) (No Huddle, Shotgun) T.Brady pass deep left to M.Evans pushed ob at ATL 1 for 40 yards (D.Marlowe). Tampa Bay challenged the short of the goal line ruling, and the play was Upheld. The ruling on the field stands. (Timeout #1.)",2,play_type_pass,3,1,10,4900,06:56,ATL 41,41,ATL,51,2022-10-09T18:58:34.000Z,false,false,false,false,false,false,13,0,7:00,6:48,left,APPROVED,13,0,true,10.0,40.99,true,true
2022,REG,5,2022100908,2661,4900,TB,58911,2661.0,"(6:12) F.Johnson reported in as eligible.  T.Brady pass short right to L.Fournette for 1 yard, TOUCHDOWN.",2,play_type_pass,3,1,1,4900,06:12,ATL 1,1,ATL,11,2022-10-09T19:03:12.000Z,false,false,true,true,false,false,19,0,6:12,6:10,left,APPROVED,13,0,true,1.3699999999999992,10.0,true,true
2022,REG,5,2022100908,2792,4900,TB,58911,2792.0,(4:11) M.Mariota sacked at ATL 43 for -9 yards (L.Hall).,2,play_type_sack,3,3,1,0200,04:11,TB 48,48,TB,62,2022-10-09T19:10:05.000Z,false,false,false,false,false,false,21,0,4:12,4:09,right,APPROVED,21,0,false,1.79,62.98,true,true
2022,REG,5,2022100908,3071,0200,ATL,58911,3071.0,"(13:44) (Shotgun) A.Williams right end for 8 yards, TOUCHDOWN.",2,play_type_rush,4,2,8,0200,13:44,TB 8,8,TB,18,2022-10-09T19:24:41.000Z,false,false,true,true,false,false,21,6,13:46,13:41,left,APPROVED,21,0,true,8.31,10.0,true,true
2022,REG,5,2022100908,3731,0200,ATL,58911,3731.0,"(4:43) (Shotgun) M.Mariota pass short left to O.Zaccheaus for 19 yards, TOUCHDOWN.",2,play_type_pass,4,1,10,0200,04:43,TB 19,19,TB,29,2022-10-09T19:47:56.000Z,false,false,true,false,false,false,21,13,4:43,4:39,left,APPROVED,21,7,true,10.0,18.75,true,true
2022,REG,5,2022100909,694,2100,TEN,58912,694.0,"(4:04) (Shotgun) R.Tannehill pass short middle to D.Hilliard for 13 yards, TOUCHDOWN [C.Toohill].",2,play_type_pass,1,1,10,2100,04:04,WAS 13,13,WAS,97,2022-10-09T17:29:38.000Z,false,false,true,false,false,false,0,6,4:05,3:59,right,APPROVED,0,0,true,10.0,106.47,true,true
2022,REG,5,2022100909,1002,5110,WAS,58912,1002.0,(14:55) (Shotgun) R.Tannehill sacked at TEN 23 for -7 yards (M.Sweat).,2,play_type_sack,2,3,5,2100,14:55,TEN 30,30,TEN,80,2022-10-09T17:45:51.000Z,false,false,false,false,false,false,3,7,14:55,14:53,left,APPROVED,3,7,false,4.99,75.8,true,true
2022,REG,5,2022100909,1046,5110,WAS,58912,1046.0,"(14:06) C.Wentz pass deep middle to D.Brown for 75 yards, TOUCHDOWN.",2,play_type_pass,2,1,10,5110,14:06,WAS 25,25,WAS,35,2022-10-09T17:48:04.000Z,false,false,true,false,false,false,9,7,14:06,13:56,right,APPROVED,3,7,true,10.0,44.56,true,true
2022,REG,5,2022100909,1981,5110,WAS,58912,1981.0,(14:55) (Shotgun) C.Wentz pass deep middle to T.McLaurin to 50 for 34 yards (K.Byard).,2,play_type_pass,3,1,10,5110,14:55,WAS 16,16,WAS,26,2022-10-09T18:43:01.000Z,false,false,false,false,false,false,10,14,14:55,14:51,right,APPROVED,10,14,true,10.0,35.61,true,true
2022,REG,5,2022100909,2483,5110,WAS,58912,2483.0,"(4:41) (Shotgun) C.Wentz pass deep left to D.Brown for 30 yards, TOUCHDOWN.",2,play_type_pass,3,2,7,5110,04:41,TEN 30,30,TEN,80,2022-10-09T19:09:29.000Z,false,false,true,false,false,false,16,14,4:42,4:37,right,APPROVED,10,14,true,7.91,86.47,true,true
2022,REG,5,2022100909,2571,2100,TEN,58912,2571.0,(4:18) R.Tannehill pass deep left to N.Westbrook-Ikhine to WAS 12 for 61 yards (B.McCain).,2,play_type_pass,3,2,8,2100,04:18,TEN 27,27,TEN,83,2022-10-09T19:13:19.000Z,false,false,false,false,false,false,17,14,4:18,4:10,left,APPROVED,17,14,true,7.83,75.3,true,true
2022,REG,5,2022100909,3075,5110,WAS,58912,3075.0,(10:42) (Shotgun) R.Tannehill sacked at 50 for -16 yards (J.Smith-Williams).,2,play_type_sack,4,3,6,2100,10:42,WAS 34,34,WAS,76,2022-10-09T19:33:26.000Z,false,false,false,false,false,false,17,21,10:43,10:38,right,APPROVED,17,21,false,7.0,81.53,true,true
2022,REG,5,2022100909,4017,2100,TEN,58912,4017.0,"(:09) (Shotgun) C.Wentz pass short left intended for J.McKissic INTERCEPTED by D.Long at TEN 2. D.Long to TEN 47 for 45 yards (C.Leno). The Replay Official reviewed the runner was not down by contact ruling, and the play was REVERSED. (Shotgun) C.Wentz pass short left intended for J.McKissic INTERCEPTED by D.Long at TEN 1. D.Long to TEN 1 for no gain (J.McKissic).",2,play_type_pass,4,3,2,5110,00:09,TEN 2,2,TEN,12,2022-10-09T20:09:05.000Z,false,false,false,true,false,true,17,21,:09,:07,left,APPROVED,17,21,true,2.53,10.0,true,true
2022,REG,5,2022100910,155,4500,SF,58913,155.0,(12:32) (Shotgun) J.Wilson up the middle pushed ob at CAR 9 for 41 yards (M.Hartsfield).,2,play_type_rush,1,2,9,4500,12:32,50,50,,60,2022-10-09T20:08:47.000Z,false,false,false,false,false,false,0,0,12:33,12:25,left,APPROVED,0,0,true,10.04,51.2,true,true
2022,REG,5,2022100910,203,4500,SF,58913,203.0,"(11:47) (Shotgun) J.Garoppolo pass short right to T.Coleman for 9 yards, TOUCHDOWN.",2,play_type_pass,1,2,9,4500,11:47,CAR 9,9,CAR,19,2022-10-09T20:10:18.000Z,false,false,true,true,false,false,0,6,11:47,11:43,left,APPROVED,0,0,true,9.76,10.0,true,true
2022,REG,5,2022100910,797,4500,SF,58913,797.0,(:43) (Shotgun) J.Garoppolo pass deep left to T.Coleman pushed ob at CAR 33 for 30 yards (M.Hartsfield) [M.Haynes].,2,play_type_pass,1,3,4,4500,00:43,SF 37,37,SF,73,2022-10-09T20:36:46.000Z,false,false,false,false,false,false,0,7,:45,:39,left,APPROVED,0,7,true,4.7,68.91,true,true
2022,REG,5,2022100910,1032,0750,CAR,58913,1032.0,(12:08) B.Mayfield pass deep right to R.Anderson to SF 47 for 32 yards.,2,play_type_pass,2,2,11,0750,12:08,CAR 21,21,CAR,89,2022-10-09T20:48:34.000Z,false,false,false,false,false,false,0,10,12:09,12:03,left,APPROVED,0,10,true,11.34,78.47,true,true
2022,REG,5,2022100910,1902,4500,SF,58913,1902.0,"(:55) (Shotgun) B.Mayfield pass short left intended for C.McCaffrey INTERCEPTED by E.Moseley at CAR 41. E.Moseley for 41 yards, TOUCHDOWN.",2,play_type_pass,2,2,20,0750,00:55,CAR 30,30,CAR,80,2022-10-09T21:24:34.000Z,false,false,true,false,false,true,3,16,:55,:45,left,APPROVED,3,10,true,20.17,60.57,true,true
2022,REG,5,2022100910,2129,0750,CAR,58913,2129.0,"R.Gould kicks 61 yards from SF 35 to CAR 4. R.Blackshear to CAR 49 for 45 yards (R.Gould, S.Womack).",32,play_type_kickoff,3,0,0,4500,15:00,SF 35,35,SF,75,2022-10-09T21:45:04.000Z,true,false,false,false,false,true,3,17,15:00,14:54,left,APPROVED,3,17,true,,,true,false
2022,REG,5,2022100910,2566,4500,SF,58913,2566.0,(8:18) (Shotgun) J.Garoppolo pass short middle to J.Jennings pushed ob at CAR 3 for 32 yards (J.Burris).,2,play_type_pass,3,1,10,4500,08:18,CAR 35,35,CAR,45,2022-10-09T22:01:18.000Z,false,false,false,false,false,false,9,17,8:18,8:08,left,APPROVED,9,17,true,10.0,35.45,true,true
2022,REG,5,2022100910,2683,4500,SF,58913,2683.0,"(6:37) (Shotgun) J.Garoppolo pass short right to D.Samuel for 4 yards, TOUCHDOWN.",2,play_type_pass,3,3,4,4500,06:37,CAR 4,4,CAR,14,2022-10-09T22:04:50.000Z,false,false,true,true,false,false,9,23,6:37,6:34,left,APPROVED,9,17,true,4.67,10.0,true,true
2022,REG,5,2022100910,2724,0750,CAR,58913,2724.0,R.Gould kicks 63 yards from SF 35 to CAR 2. R.Blackshear to 50 for 48 yards (R.Gould).,32,play_type_kickoff,3,0,0,4500,06:32,SF 35,35,SF,75,2022-10-09T22:08:35.000Z,true,false,false,false,false,true,9,24,6:32,6:26,left,APPROVED,9,24,true,,,true,true
2022,REG,5,2022100910,2767,0750,CAR,58913,2767.0,(5:42) (Shotgun) B.Mayfield pass deep left to S.Smith to SF 17 for 31 yards (D.Lenoir).,2,play_type_pass,3,2,8,0750,05:42,SF 48,48,SF,62,2022-10-09T22:10:04.000Z,false,false,false,false,false,false,9,24,5:42,5:37,right,APPROVED,9,24,true,8.64,69.96,true,true
2022,REG,5,2022100910,3452,0750,CAR,58913,3452.0,(9:33) (Shotgun) B.Mayfield pass short right to D.Moore pushed ob at SF 35 for 27 yards (T.Gipson).,2,play_type_pass,4,3,10,0750,09:33,CAR 38,38,CAR,72,2022-10-09T22:39:11.000Z,false,false,false,false,false,false,12,30,9:33,9:25,left,APPROVED,12,30,true,10.53,62.57,true,true
2022,REG,5,2022100910,3879,4500,SF,58913,3879.0,(4:12) (Shotgun) B.Mayfield sacked at CAR 3 for -7 yards (D.Jackson).,2,play_type_sack,4,4,10,0750,04:12,CAR 10,10,CAR,100,2022-10-09T23:00:05.000Z,false,false,false,false,false,true,15,30,4:12,4:07,left,APPROVED,15,30,true,10.52,90.62,true,false
2022,REG,5,2022100910,3922,4500,SF,58913,3922.0,"(3:20) T.Coleman left end for 5 yards, TOUCHDOWN.",2,play_type_rush,4,2,5,4500,03:20,CAR 5,5,CAR,105,2022-10-09T23:01:52.000Z,false,false,true,true,false,false,15,36,3:21,3:16,right,APPROVED,15,30,true,5.16,110.0,true,true
2022,REG,5,2022100911,483,3700,PHI,58914,483.0,(8:02) (Shotgun) K.Murray pass deep middle intended for M.Brown INTERCEPTED by C.Gardner-Johnson at PHI 35. C.Gardner-Johnson to PHI 35 for no gain (M.Brown).,2,play_type_pass,1,1,10,3800,08:02,ARI 25,25,ARI,35,2022-10-09T20:42:34.000Z,false,false,false,false,false,true,0,7,8:02,7:56,right,APPROVED,0,7,true,10.0,44.6,true,true
2022,REG,5,2022100911,866,3700,PHI,58914,866.0,(1:39) (Shotgun) J.Hurts pass deep left to D.Smith to PHI 33 for 22 yards (B.Murphy) [D.Gardeck].,2,play_type_pass,1,3,12,3700,01:39,PHI 11,11,PHI,99,2022-10-09T20:59:29.000Z,false,false,false,false,false,false,0,7,1:39,1:32,left,APPROVED,0,7,true,12.69,87.71,true,true
2022,REG,5,2022100911,1566,3800,ARI,58914,1566.0,"(5:33) (No Huddle, Shotgun) K.Murray pass short middle to M.Brown for 25 yards, TOUCHDOWN.",2,play_type_pass,2,3,3,3800,05:33,PHI 25,25,PHI,35,2022-10-09T21:29:41.000Z,false,false,true,false,false,false,6,14,5:34,5:26,left,APPROVED,0,14,true,3.35,32.32,true,true
2022,REG,5,2022100911,2870,3700,PHI,58914,2870.0,"(4:03) (No Huddle, Shotgun) J.Hurts pass deep left to D.Goedert to PHI 47 for 31 yards (M.Wilson).",2,play_type_pass,3,2,8,3700,04:03,PHI 16,16,PHI,94,2022-10-09T22:29:10.000Z,false,false,false,false,false,false,10,17,4:04,3:58,left,APPROVED,10,17,true,8.35,86.42,true,true
2022,REG,5,2022100911,3022,3800,ARI,58914,3022.0,(1:08) (Shotgun) J.Hurts sacked at ARZ 49 for -10 yards (sack split by J.Watt and B.Murphy).,2,play_type_sack,3,3,8,3700,01:08,ARI 39,39,ARI,49,2022-10-09T22:33:20.000Z,false,false,false,false,false,false,10,17,,1:05,left,APPROVED,10,17,false,8.54,41.29,true,true
2022,REG,5,2022100911,3339,3800,ARI,58914,3339.0,"(9:47) (No Huddle, Shotgun) E.Benjamin left tackle for 11 yards, TOUCHDOWN.",2,play_type_rush,4,1,10,3800,09:47,PHI 11,11,PHI,21,2022-10-09T22:46:02.000Z,false,false,true,false,false,false,16,17,9:48,9:44,left,APPROVED,10,17,true,10.0,11.19,true,true
2022,REG,5,2022100912,103,1200,DAL,58915,103.0,"(13:36) M.Stafford sacked at LA 24 for -10 yards (D.Armstrong). FUMBLES (D.Armstrong) [D.Armstrong], touched at LA 23, RECOVERED by DAL-D.Lawrence at LA 19. D.Lawrence for 19 yards, TOUCHDOWN.",2,play_type_sack,1,3,1,2510,13:36,LA 34,34,LA,76,2022-10-09T20:27:22.000Z,false,false,true,false,false,true,0,6,13:37,13:28,left,APPROVED,0,0,false,1.4,75.08,true,true
2022,REG,5,2022100912,375,1200,DAL,58915,375.0,"(9:42) R.Dixon punt is BLOCKED by D.Armstrong, Center-M.Orzech, RECOVERED by DAL-D.Armstrong at LA 34. D.Armstrong to LA 20 for 14 yards (M.Orzech).",2,play_type_punt,1,4,10,2510,09:42,DAL 46,46,DAL,56,2022-10-09T20:37:35.000Z,true,false,false,false,false,true,0,6,9:42,9:36,left,APPROVED,0,6,false,10.57,46.81,true,true
2022,REG,5,2022100912,573,2510,LA,58915,573.0,(7:07) (Shotgun) M.Stafford pass deep middle to T.Atwell to DAL 11 for 54 yards (T.Diggs).,2,play_type_pass,1,1,10,2510,07:07,LA 35,35,LA,75,2022-10-09T20:47:18.000Z,false,false,false,false,false,false,0,9,7:08,7:01,left,APPROVED,0,9,true,10.0,65.26,true,true
2022,REG,5,2022100912,812,2510,LA,58915,812.0,"(2:18) (Shotgun) C.Rush sacked at DAL 39 for -9 yards (A.Donald). FUMBLES (A.Donald), recovered by DAL-Ty.Smith at DAL 39. Penalty on DAL-Ty.Smith, Offensive Holding, declined.",2,play_type_sack,1,3,5,1200,02:18,DAL 48,48,DAL,58,2022-10-09T20:57:07.000Z,false,false,false,false,false,false,3,9,2:19,2:15,right,APPROVED,3,9,false,5.46,62.54,true,true
2022,REG,5,2022100912,1222,2510,LA,58915,1222.0,"(9:42) (Shotgun) M.Stafford pass short right to C.Kupp for 75 yards, TOUCHDOWN.",2,play_type_pass,2,3,2,2510,09:42,LA 25,25,LA,35,2022-10-09T21:18:31.000Z,false,false,true,false,false,false,9,9,9:44,9:31,right,APPROVED,3,9,true,2.13,36.78,true,true
2022,REG,5,2022100912,1323,1200,DAL,58915,1323.0,"(8:10) T.Pollard right tackle for 57 yards, TOUCHDOWN.",2,play_type_rush,2,1,10,1200,08:10,DAL 43,43,DAL,67,2022-10-09T21:24:28.000Z,false,false,true,false,false,false,10,15,8:12,8:01,left,APPROVED,10,9,true,10.0,57.29,true,true
2022,REG,5,2022100912,2074,1200,DAL,58915,2074.0,(11:48) (Shotgun) C.Rush pass deep right to M.Gallup ran ob at LA 42 for 27 yards.,2,play_type_pass,3,3,16,1200,11:48,DAL 31,31,DAL,79,2022-10-09T22:09:21.000Z,false,false,false,false,false,false,10,16,11:49,11:44,left,APPROVED,10,16,true,15.77,63.76,true,true
2022,REG,5,2022100912,2477,1200,DAL,58915,2477.0,"(3:29) (No Huddle, Shotgun) M.Stafford sacked at LA 42 for -11 yards (M.Parsons).",2,play_type_sack,3,3,11,2510,03:29,DAL 47,47,DAL,63,2022-10-09T22:26:24.000Z,false,false,false,false,false,false,10,19,3:30,3:25,right,APPROVED,10,19,false,11.64,73.7,true,true
2022,REG,5,2022100912,3394,1200,DAL,58915,3394.0,"(3:38) (No Huddle, Shotgun) M.Stafford pass deep right intended for Al.Robinson INTERCEPTED by M.Hooker [O.Odighizuwa] at DAL 1. M.Hooker to DAL 4 for 3 yards.",2,play_type_pass,4,3,13,2510,03:38,DAL 25,25,DAL,35,2022-10-09T23:09:32.000Z,false,false,false,false,false,true,10,22,3:39,3:29,left,APPROVED,10,22,true,13.27,22.2,true,true
2022,REG,5,2022100912,3615,1200,DAL,58915,3615.0,"(1:39) (No Huddle, Shotgun) M.Stafford sacked at DAL 38 for -10 yards (M.Parsons). FUMBLES (M.Parsons) [M.Parsons], touched at DAL 37, RECOVERED by DAL-S.Williams at DAL 39.",2,play_type_sack,4,2,7,2510,01:39,DAL 28,28,DAL,38,2022-10-09T23:18:43.000Z,false,false,false,false,false,true,10,22,1:39,1:35,left,APPROVED,10,22,false,6.68,31.6,true,true
2022,REG,5,2022100913,1035,0325,BAL,58916,1035.0,"(13:31) (Shotgun) L.Jackson pass short left to M.Andrews for 11 yards, TOUCHDOWN.",2,play_type_pass,2,3,7,0325,13:31,CIN 11,11,CIN,21,2022-10-10T01:06:05.000Z,false,false,true,false,false,false,9,0,13:31,13:27,left,APPROVED,3,0,true,7.81,14.18,true,true
2022,REG,5,2022100913,1119,0325,BAL,58916,1119.0,"(12:47) (No Huddle, Shotgun) J.Burrow sacked at CIN 18 for -7 yards (J.Bynes).",2,play_type_sack,2,2,7,0920,12:47,CIN 25,25,CIN,35,2022-10-10T01:11:30.000Z,false,false,false,false,false,false,10,0,12:49,12:46,right,APPROVED,10,0,false,7.02,41.82,true,true
2022,REG,5,2022100913,1248,0920,CIN,58916,1248.0,(9:24) (Shotgun) L.Jackson pass deep right intended for D.Robinson INTERCEPTED by V.Bell at CIN 17. V.Bell to CIN 17 for no gain (D.Robinson).,2,play_type_pass,2,2,8,0325,09:24,CIN 43,43,CIN,53,2022-10-10T01:17:57.000Z,false,false,false,false,false,true,10,0,9:26,9:19,left,APPROVED,10,0,true,8.22,45.54,true,true
2022,REG,5,2022100913,1401,0920,CIN,58916,1401.0,(7:00) (Shotgun) J.Burrow pass short right to Mi.Thomas pushed ob at BLT 31 for 33 yards (C.Clark).,2,play_type_pass,2,1,15,0920,07:00,CIN 36,36,CIN,46,2022-10-10T01:23:45.000Z,false,false,false,false,false,false,10,0,7:00,6:52,right,APPROVED,10,0,true,15.0,60.71,true,true
2022,REG,5,2022100913,1472,0920,CIN,58916,1472.0,"(5:02) (Shotgun) J.Burrow pass short middle to H.Hurst for 19 yards, TOUCHDOWN.",2,play_type_pass,2,1,10,0920,05:02,BAL 19,19,BAL,91,2022-10-10T01:25:49.000Z,false,false,true,false,false,false,10,6,5:03,4:57,right,APPROVED,10,0,true,10.0,100.45,true,true
2022,REG,5,2022100913,2248,0325,BAL,58916,2248.0,(12:31) J.Burrow pass deep middle intended for J.Chase INTERCEPTED by P.Queen at BLT 43. P.Queen to CIN 46 for 11 yards (J.Mixon).,2,play_type_pass,3,1,10,0920,12:31,CIN 41,41,CIN,69,2022-10-10T02:11:20.000Z,false,false,false,false,false,true,10,10,12:31,12:25,left,APPROVED,10,10,true,10.0,58.97,true,true
2022,REG,5,2022100913,2747,0325,BAL,58916,2747.0,(4:18) (Shotgun) T.Boyd sacked at BLT 14 for -12 yards (M.Peters).,2,play_type_sack,3,2,2,0920,04:18,BAL 2,2,BAL,12,2022-10-10T02:26:59.000Z,false,false,false,true,false,false,13,10,4:18,4:15,left,APPROVED,13,10,false,2.5,10.0,true,true
2022,REG,5,2022101000,224,2520,LV,58917,224.0,(12:07) (Shotgun) P.Mahomes sacked at KC 10 for -13 yards (M.Crosby).,2,play_type_sack,1,3,8,2310,12:07,KC 23,23,KC,87,2022-10-11T00:21:27.000Z,false,false,false,false,false,false,0,0,12:07,12:05,left,APPROVED,0,0,false,8.45,79.25,true,true
2022,REG,5,2022101000,367,2520,LV,58917,367.0,"(8:36) D.Carr pass deep right to D.Adams for 58 yards, TOUCHDOWN.",2,play_type_pass,1,4,1,2520,08:36,LV 42,42,LV,52,2022-10-11T00:28:30.000Z,false,false,true,false,false,false,0,6,8:38,8:29,right,APPROVED,0,0,true,0.68,52.81,true,true
2022,REG,5,2022101000,1364,2310,KC,58917,1364.0,(8:05) (Shotgun) J.McKinnon left end to LV 34 for 30 yards (K.Vickers; N.Hobbs).,2,play_type_rush,2,2,17,2310,08:05,KC 36,36,KC,46,2022-10-11T01:16:40.000Z,false,false,false,false,false,false,0,17,8:06,7:57,right,APPROVED,0,17,true,17.35,62.84,true,true
2022,REG,5,2022101000,1500,2310,KC,58917,1500.0,"(4:44) (Shotgun) P.Mahomes pass short middle to T.Kelce for 1 yard, TOUCHDOWN.",2,play_type_pass,2,3,1,2310,04:44,LV 1,1,LV,109,2022-10-11T01:21:33.000Z,false,false,true,true,false,false,6,17,4:45,4:41,right,APPROVED,0,17,true,0.96,110.0,true,true
2022,REG,5,2022101000,2198,2310,KC,58917,2198.0,(12:38) (Shotgun) P.Mahomes pass short right to M.Valdes-Scantling pushed ob at LV 29 for 23 yards (T.Moehrig).,2,play_type_pass,3,3,8,2310,12:38,KC 48,48,KC,58,2022-10-11T02:01:55.000Z,false,false,false,false,false,false,10,20,12:38,12:32,right,APPROVED,10,20,true,8.01,65.47,true,true
2022,REG,5,2022101000,2372,2310,KC,58917,2372.0,"(9:29) (Shotgun) P.Mahomes pass short left to T.Kelce for 4 yards, TOUCHDOWN.",2,play_type_pass,3,3,4,2310,09:29,LV 4,4,LV,106,2022-10-11T02:06:44.000Z,false,false,true,true,false,false,16,20,9:29,9:29,right,APPROVED,10,20,true,4.46,110.0,true,true
2022,REG,5,2022101000,2631,2310,KC,58917,2631.0,(6:31) (Shotgun) P.Mahomes pass deep right to M.Hardman pushed ob at LV 27 for 28 yards (J.Abram).,2,play_type_pass,3,3,8,2310,06:31,KC 45,45,KC,55,2022-10-11T02:19:50.000Z,false,false,false,false,false,false,17,20,6:31,6:23,right,APPROVED,17,20,true,7.93,62.92,true,true
2022,REG,5,2022101000,2910,2520,LV,58917,2910.0,(1:20) J.Jacobs right end ran ob at KC 22 for 37 yards (D.Harris).,2,play_type_rush,3,1,10,2520,01:20,LV 41,41,LV,69,2022-10-11T02:30:29.000Z,false,false,false,false,false,false,24,20,1:21,1:14,left,APPROVED,24,20,true,10.0,59.29,true,true
2022,REG,5,2022101000,3183,2310,KC,58917,3183.0,"(11:44) (Shotgun) P.Mahomes pass deep left to M.Hardman pushed ob at LV 28 for 36 yards (D.Harmon). Penalty on LV-C.Ferrell, Illegal Use of Hands, declined.",2,play_type_pass,4,3,15,2310,11:44,KC 36,36,KC,74,2022-10-11T02:43:34.000Z,false,false,false,false,false,false,24,23,11:45,11:38,left,APPROVED,24,23,true,15.41,59.2,true,true
2022,REG,5,2022101000,3465,2310,KC,58917,3465.0,"(7:30) P.Mahomes pass short left to T.Kelce for 1 yard, TOUCHDOWN.",2,play_type_pass,4,1,1,2310,07:30,LV 1,1,LV,11,2022-10-11T02:51:14.000Z,false,false,true,true,false,false,30,23,7:31,7:27,left,APPROVED,24,23,true,1.3200000000000003,10.0,true,true
2022,REG,5,2022101000,3674,2520,LV,58917,3674.0,"(4:34) (Shotgun) D.Carr pass deep right to D.Adams for 48 yards, TOUCHDOWN.",2,play_type_pass,4,3,6,2520,04:34,KC 48,48,KC,62,2022-10-11T02:59:57.000Z,false,false,true,false,false,false,30,29,4:34,4:28,right,APPROVED,30,23,true,6.44,68.05,true,true
2022,REG,6,2022101300,291,0810,CHI,58918,291.0,(10:00) (Shotgun) C.Wentz sacked at WAS 18 for -8 yards (J.Brisker).,2,play_type_sack,1,3,7,5110,10:00,WAS 26,26,WAS,36,2022-10-14T00:25:25.000Z,false,false,false,false,false,false,0,0,10:01,9:58,right,APPROVED,0,0,false,7.37,42.53,true,true
2022,REG,6,2022101300,610,5110,WAS,58918,610.0,(2:27) (Shotgun) J.Fields pass short middle intended for C.Kmet INTERCEPTED by J.Allen (E.Obada) at WAS 5. J.Allen to WAS 6 for 1 yard (T.Jenkins).,2,play_type_pass,1,2,5,0810,02:27,WAS 5,5,WAS,15,2022-10-14T00:36:41.000Z,false,false,false,true,false,true,0,0,2:29,2:19,left,APPROVED,0,0,true,5.29,10.0,true,true
2022,REG,6,2022101300,782,0810,CHI,58918,782.0,(14:56) (Shotgun) C.Wentz sacked at WAS 24 for -5 yards (R.Smith).,2,play_type_sack,2,3,5,5110,14:56,WAS 29,29,WAS,81,2022-10-14T00:46:46.000Z,false,false,false,false,false,false,0,0,14:56,14:51,left,APPROVED,0,0,false,5.79,75.98,true,true
2022,REG,6,2022101300,826,0810,CHI,58918,826.0,(14:01) K.Herbert left end pushed ob at WAS 6 for 64 yards (C.Toohill; E.Obada).,2,play_type_rush,2,1,10,0810,14:01,CHI 30,30,CHI,40,2022-10-14T00:48:33.000Z,false,false,false,false,false,false,0,0,14:01,13:47,right,APPROVED,0,0,true,10.0,50.77,true,true
2022,REG,6,2022101300,2412,0810,CHI,58918,2412.0,"(7:22) (No Huddle) J.Fields pass deep left to D.Pettis for 40 yards, TOUCHDOWN [M.Sweat]. Penalty on WAS, Defensive Too Many Men on Field, declined.",2,play_type_pass,3,2,9,0810,07:22,WAS 40,40,WAS,50,2022-10-14T02:03:17.000Z,false,false,true,false,false,false,6,3,,7:18,left,APPROVED,0,3,true,9.46,41.04,true,true
2022,REG,6,2022101300,2971,5110,WAS,58918,2971.0,(11:21) (Shotgun) J.Fields sacked at CHI 30 for -13 yards (M.Sweat).,2,play_type_sack,4,3,1,0810,11:21,CHI 43,43,CHI,53,2022-10-14T02:26:40.000Z,false,false,false,false,false,false,7,6,11:22,11:16,right,APPROVED,7,6,false,1.36,53.82,true,true
2022,REG,6,2022101300,3114,0810,CHI,58918,3114.0,"(8:18) T.Way punts 54 yards to CHI 9, Center-C.Cheeseman. V.Jones MUFFS catch, RECOVERED by WAS-C.Holmes at CHI 6.",2,play_type_punt,4,4,6,5110,08:18,WAS 37,37,WAS,73,2022-10-14T02:33:08.000Z,true,false,false,false,false,false,7,6,8:18,8:09,left,APPROVED,7,6,false,6.95,67.18,true,true
2022,REG,6,2022101300,3744,0810,CHI,58918,3744.0,"(1:06) (No Huddle, Shotgun) J.Fields scrambles left end pushed ob at WAS 5 for 39 yards (R.Wildgoose). WAS-J.Allen was injured during the play.",2,play_type_rush,4,1,10,0810,01:06,WAS 44,44,WAS,66,2022-10-14T02:59:30.000Z,false,false,false,false,false,false,7,12,1:06,:54,right,APPROVED,7,12,true,10.0,75.72,true,true
2022,REG,6,2022101300,3850,0810,CHI,58918,3850.0,(:35) (Shotgun) J.Fields pass short right to D.Mooney to WAS 1 for 3 yards (B.St-Juste).,2,play_type_pass,4,4,4,0810,00:35,WAS 4,4,WAS,106,2022-10-14T03:04:16.000Z,false,false,false,true,false,true,7,12,:35,:31,right,APPROVED,7,12,true,4.92,110.0,true,true
2022,REG,6,2022101600,108,0200,ATL,58919,108.0,"(13:41) (No Huddle, Shotgun) M.Mariota pass short middle to O.Zaccheaus to SF 29 for 37 yards (T.Gipson).",2,play_type_pass,1,3,2,0200,13:41,ATL 34,34,ATL,76,2022-10-16T17:04:28.000Z,false,false,false,false,false,false,0,0,13:42,13:34,left,APPROVED,0,0,true,2.67,74.06,true,true
2022,REG,6,2022101600,292,0200,ATL,58919,292.0,"(8:51) (Shotgun) M.Mariota pass short right to M.Pruitt for 2 yards, TOUCHDOWN.",2,play_type_pass,1,2,2,0200,08:51,SF 2,2,SF,12,2022-10-16T17:11:58.843Z,false,false,true,true,false,false,6,0,8:53,8:49,left,APPROVED,0,0,true,2.53,10.0,true,true
2022,REG,6,2022101600,690,0200,ATL,58919,690.0,"(1:36) J.Wilson left guard to SF 21 for 1 yard (R.Evans). FUMBLES (R.Evans), touched at SF 21, RECOVERED by ATL-A.Terrell at SF 22. A.Terrell to SF 1 for 21 yards (G.Kittle). FUMBLES (G.Kittle), recovered by ATL-J.Hawkins at SF -4. TOUCHDOWN.",2,play_type_rush,1,3,1,4500,01:36,SF 20,20,SF,30,2022-10-16T17:30:43.000Z,false,false,true,false,false,true,13,0,1:37,1:27,right,APPROVED,7,0,true,0.82,30.73,true,true
2022,REG,6,2022101600,986,4500,SF,58919,986.0,"(11:39) (Shotgun) J.Garoppolo pass short left to B.Aiyuk for 12 yards, TOUCHDOWN.",2,play_type_pass,2,2,5,4500,11:39,ATL 12,12,ATL,22,2022-10-16T17:45:34.000Z,false,false,true,false,false,false,14,6,11:40,11:34,left,APPROVED,14,0,true,5.55,17.24,true,true
2022,REG,6,2022101600,1118,4500,SF,58919,1118.0,"(9:31) B.Pinion punts 39 yards to SF 33, Center-L.McCullough. R.McCloud to ATL 32 for 35 yards (T.Andersen).",2,play_type_punt,2,4,7,0200,09:31,ATL 28,28,ATL,38,2022-10-16T17:52:10.000Z,true,false,false,false,false,true,14,7,9:32,9:19,right,APPROVED,14,7,true,8.21,44.93,true,true
2022,REG,6,2022101600,1215,4500,SF,58919,1215.0,"(7:13) (Shotgun) J.Garoppolo pass short right to B.Aiyuk for 14 yards, TOUCHDOWN [A.Ebiketie].",2,play_type_pass,2,2,9,4500,07:13,ATL 14,14,ATL,24,2022-10-16T17:56:13.000Z,false,false,true,false,false,false,14,13,7:14,7:09,left,APPROVED,14,7,true,9.51,15.19,true,true
2022,REG,6,2022101600,1563,0200,ATL,58919,1563.0,"(:57) (Shotgun) M.Mariota right end for 3 yards, TOUCHDOWN.",2,play_type_rush,2,1,3,0200,00:57,SF 3,3,SF,107,2022-10-16T18:12:59.000Z,false,false,true,true,false,false,20,14,1:02,:59,right,APPROVED,14,14,true,3.299999999999997,110.0,true,true
2022,REG,6,2022101600,2167,0200,ATL,58919,2167.0,"(8:44) (Shotgun) M.Mariota pass short middle to K.Pitts for 7 yards, TOUCHDOWN.",2,play_type_pass,3,3,3,0200,08:44,SF 7,7,SF,103,2022-10-16T18:48:06.000Z,false,false,true,false,false,false,27,14,8:44,8:40,right,APPROVED,21,14,true,3.71,106.09,true,true
2022,REG,6,2022101600,2689,0200,ATL,58919,2689.0,(14:54) J.Garoppolo pass deep left intended for D.Samuel INTERCEPTED by J.Hawkins (D.Hall) at ATL 31. J.Hawkins pushed ob at ATL 45 for 14 yards (T.Coleman).,2,play_type_pass,4,2,10,4500,14:54,SF 47,47,SF,57,2022-10-16T19:14:41.000Z,false,false,false,false,false,true,28,14,14:54,14:46,right,APPROVED,28,14,true,10.4,66.77,true,true
2022,REG,6,2022101600,3097,4500,SF,58919,3097.0,(6:17) (Shotgun) J.Garoppolo pass short left to D.Samuel to SF 46 for 27 yards (R.Evans).,2,play_type_pass,4,2,14,4500,06:17,SF 19,19,SF,29,2022-10-16T19:32:59.000Z,false,false,false,false,false,false,28,14,6:18,6:10,right,APPROVED,28,14,true,14.27,42.74,true,true
2022,REG,6,2022101601,80,3200,NE,58920,80.0,(14:28) J.Brissett pass deep right intended for P.Brown INTERCEPTED by K.Dugger at NE 36. K.Dugger to NE 36 for no gain (P.Brown).,2,play_type_pass,1,2,4,1050,14:28,CLE 31,31,CLE,79,2022-10-16T17:03:53.000Z,false,false,false,false,false,true,0,0,14:29,14:22,left,APPROVED,0,0,true,4.65,75.56,true,true
2022,REG,6,2022101601,247,3200,NE,58920,247.0,(11:21) (Shotgun) B.Zappe pass deep left to D.Parker to CLV 14 for 29 yards (M.Emerson).,2,play_type_pass,1,3,9,3200,11:21,CLE 43,43,CLE,67,2022-10-16T17:08:57.000Z,false,false,false,false,false,false,0,0,11:23,11:17,right,APPROVED,0,0,true,9.76,76.12,true,true
2022,REG,6,2022101601,613,1050,CLE,58920,613.0,(5:22) (Shotgun) J.Brissett pass deep left to D.Njoku ran ob at NE 27 for 33 yards.,2,play_type_pass,1,3,10,1050,05:22,CLE 40,40,CLE,70,2022-10-16T17:22:04.000Z,false,false,false,false,false,false,0,3,5:23,5:17,left,APPROVED,0,3,true,9.88,60.81,true,true
2022,REG,6,2022101601,861,1050,CLE,58920,861.0,"(:54) (Shotgun) B.Zappe sacked at NE 24 for -8 yards (M.Garrett). FUMBLES (M.Garrett), RECOVERED by CLV-J.Johnson at NE 38. The Replay Official reviewed the fumble ruling, and the play was Upheld. The ruling on the field stands.",2,play_type_sack,1,2,14,3200,00:54,NE 32,32,NE,42,2022-10-16T17:32:26.000Z,false,false,false,false,false,true,3,3,:55,:49,right,APPROVED,3,3,false,14.7,56.15,true,true
2022,REG,6,2022101601,1672,3200,NE,58920,1672.0,"(3:29) (Shotgun) R.Stevenson left guard for 31 yards, TOUCHDOWN.",2,play_type_rush,2,3,10,3200,03:29,CLE 31,31,CLE,41,2022-10-16T18:11:35.000Z,false,false,true,false,false,false,3,9,3:30,3:24,left,APPROVED,3,3,true,10.33,30.95,true,false
2022,REG,6,2022101601,2092,3200,NE,58920,2092.0,(14:21) (Shotgun) B.Zappe pass short right to J.Smith to CLV 21 for 53 yards (M.Emerson).,2,play_type_pass,3,2,9,3200,14:21,NE 26,26,NE,36,2022-10-16T18:46:17.000Z,false,false,false,false,false,false,6,10,14:22,14:12,right,APPROVED,6,10,true,9.33,44.94,true,true
2022,REG,6,2022101601,2216,3200,NE,58920,2216.0,"(11:25) (Shotgun) B.Zappe pass short right to T.Thornton for 2 yards, TOUCHDOWN.",2,play_type_pass,3,3,2,3200,11:25,CLE 2,2,CLE,108,2022-10-16T18:49:47.000Z,false,false,true,true,false,false,6,16,11:25,11:23,right,APPROVED,6,10,true,2.25,110.0,true,true
2022,REG,6,2022101601,2589,3200,NE,58920,2589.0,(7:13) (Shotgun) J.Brissett pass deep right intended for D.Njoku INTERCEPTED by J.Mills [J.Bentley] at NE 45. J.Mills to CLV 40 for 15 yards (A.Cooper).,2,play_type_pass,3,1,10,1050,07:13,CLE 28,28,CLE,82,2022-10-16T19:08:09.000Z,false,false,false,false,false,true,6,17,7:13,7:03,left,APPROVED,6,17,true,10.0,72.63,true,true
2022,REG,6,2022101601,2665,3200,NE,58920,2665.0,"(5:39) M.Cannon reported in as eligible.  B.Zappe pass short left to H.Henry for 31 yards, TOUCHDOWN.",2,play_type_pass,3,3,1,3200,05:39,CLE 31,31,CLE,79,2022-10-16T19:10:38.000Z,false,false,true,false,false,false,6,23,5:41,5:33,right,APPROVED,6,17,true,0.6,79.88,true,true
2022,REG,6,2022101601,2999,1050,CLE,58920,2999.0,(1:43) (Shotgun) J.Brissett pass short left to D.Njoku to CLV 45 for 21 yards (A.Phillips).,2,play_type_pass,3,3,5,1050,01:43,CLE 24,24,CLE,86,2022-10-16T19:23:25.000Z,false,false,false,false,false,false,6,24,1:43,1:39,left,APPROVED,6,24,true,5.52,81.34,true,true
2022,REG,6,2022101601,3652,1050,CLE,58920,3652.0,"(7:22) (No Huddle, Shotgun) J.Brissett pass deep right to D.Peoples-Jones ran ob at NE 20 for 37 yards.",2,play_type_pass,4,4,2,1050,07:22,CLE 43,43,CLE,53,2022-10-16T19:48:38.000Z,false,false,false,false,false,false,9,24,7:24,7:17,right,APPROVED,9,24,true,2.14,54.67,true,true
2022,REG,6,2022101601,3744,1050,CLE,58920,3744.0,"(6:22) (Shotgun) J.Brissett pass short right to A.Cooper for 15 yards, TOUCHDOWN.",2,play_type_pass,4,4,5,1050,06:22,NE 15,15,NE,95,2022-10-16T19:51:41.000Z,false,false,true,false,false,false,15,24,6:22,6:18,right,APPROVED,9,24,true,5.1,99.87,true,true
2022,REG,6,2022101601,3769,1050,CLE,58920,3769.0,TWO-POINT CONVERSION ATTEMPT. J.Brissett pass to H.Bryant is incomplete. ATTEMPT FAILS.,26,play_type_two_point_conversion,4,0,0,1050,06:17,NE 2,2,NE,108,2022-10-16T19:53:08.000Z,false,false,false,false,false,false,15,24,6:17,6:17,right,APPROVED,15,24,false,,,true,true
2022,REG,6,2022101601,3914,1050,CLE,58920,3914.0,"(4:41) J.Bailey punts 41 yards to CLV 17, Center-J.Cardona. C.Rogers MUFFS catch, touched at CLV 17, RECOVERED by NE-B.Schooler at CLV 17. B.Schooler to CLV 19 for -2 yards.",2,play_type_punt,4,4,21,3200,04:41,NE 42,42,NE,68,2022-10-16T20:03:46.000Z,true,false,false,false,false,false,15,24,4:41,4:34,left,APPROVED,15,24,false,22.07,47.21,true,true
2022,REG,6,2022101601,3943,3200,NE,58920,3943.0,"(4:32) M.Cannon reported in as eligible.  T.Thornton left end for 19 yards, TOUCHDOWN.",2,play_type_rush,4,1,10,3200,04:32,CLE 19,19,CLE,29,2022-10-16T20:04:59.000Z,false,false,true,false,false,false,15,30,4:32,4:28,left,APPROVED,15,24,true,10.0,19.32,true,true
2022,REG,6,2022101601,4049,3200,NE,58920,4049.0,"(4:06) (No Huddle, Shotgun) J.Brissett sacked at CLV 18 for -6 yards. FUMBLES, touched at CLV 22, RECOVERED by NE-Ca.Davis at CLV 25. Ca.Davis to CLV 8 for 17 yards (J.Conklin).",2,play_type_sack,4,2,3,1050,04:06,CLE 24,24,CLE,34,2022-10-16T20:08:13.000Z,false,false,false,false,false,true,15,31,4:07,3:57,right,APPROVED,15,31,false,3.61,36.76,true,true
2022,REG,6,2022101601,4173,3200,NE,58920,4173.0,"(3:44) R.Stevenson right guard for 6 yards, TOUCHDOWN.",2,play_type_rush,4,3,6,3200,03:44,CLE 6,6,CLE,16,2022-10-16T20:12:20.000Z,false,false,true,true,false,false,15,37,3:45,3:42,left,APPROVED,15,31,true,6.37,10.0,true,true
2022,REG,6,2022101601,4352,1050,CLE,58920,4352.0,(2:41) (Shotgun) J.Brissett pass deep left to D.Peoples-Jones to NE 44 for 22 yards (S.Wade) [A.Jennings].,2,play_type_pass,4,4,8,1050,02:41,CLE 34,34,CLE,44,2022-10-16T20:17:42.000Z,false,false,false,false,false,false,15,38,2:41,2:36,right,APPROVED,15,38,true,8.52,51.8,true,true
2022,REG,6,2022101602,793,1800,GB,58921,793.0,(3:17) (Shotgun) Z.Wilson sacked at NYJ 12 for -7 yards (R.Gary).,2,play_type_sack,1,3,6,3430,03:17,NYJ 19,19,NYJ,91,2022-10-16T17:37:35.000Z,false,false,false,false,false,false,0,0,3:18,3:12,left,APPROVED,0,0,false,6.22,84.92,true,true
2022,REG,6,2022101602,888,1800,GB,58921,888.0,(1:42) (Shotgun) A.Rodgers pass deep left to A.Lazard pushed ob at NYJ 35 for 35 yards (L.Joyner).,2,play_type_pass,1,3,7,1800,01:42,GB 30,30,GB,40,2022-10-16T17:40:48.000Z,false,false,false,false,false,false,0,0,1:43,1:37,right,APPROVED,0,0,true,7.41,46.5,true,true
2022,REG,6,2022101602,1257,3430,NYJ,58921,1257.0,(11:50) (Shotgun) A.Rodgers sacked at NYJ 44 for -9 yards (S.Rankins). NYJ-Q.Williams was injured during the play.,2,play_type_sack,2,3,9,1800,11:50,NYJ 35,35,NYJ,45,2022-10-16T17:56:43.000Z,false,false,false,false,false,false,0,0,11:50,11:47,left,APPROVED,0,0,false,9.76,36.13,true,true
2022,REG,6,2022101602,2339,3430,NYJ,58921,2339.0,(11:16) (Shotgun) A.Rodgers sacked at GB 39 for -7 yards (J.Franklin-Myers).,2,play_type_sack,3,3,3,1800,11:16,GB 46,46,GB,64,2022-10-16T18:54:53.000Z,false,false,false,false,false,false,3,3,11:16,11:13,left,APPROVED,3,3,false,3.65,60.98,true,true
2022,REG,6,2022101602,2428,3430,NYJ,58921,2428.0,(9:02) Z.Wilson pass deep right to C.Davis to GB 20 for 41 yards (E.Stokes).,2,play_type_pass,3,1,10,3430,09:02,NYJ 39,39,NYJ,49,2022-10-16T19:00:03.000Z,false,false,false,false,false,false,3,3,9:03,8:55,right,APPROVED,3,3,true,10.0,58.9,true,true
2022,REG,6,2022101602,2457,3430,NYJ,58921,2457.0,"(8:19) B.Berrios left end for 20 yards, TOUCHDOWN.",2,play_type_rush,3,1,10,3430,08:19,GB 20,20,GB,90,2022-10-16T19:00:46.000Z,false,false,true,false,false,false,3,9,8:20,8:12,right,APPROVED,3,3,true,10.0,99.92,true,true
2022,REG,6,2022101602,2603,3430,NYJ,58921,2603.0,(6:29) (Shotgun) A.Rodgers sacked at GB 39 for -12 yards (Q.Williams).,2,play_type_sack,3,3,8,1800,06:29,NYJ 49,49,NYJ,59,2022-10-16T19:08:19.000Z,false,false,false,false,false,false,3,10,6:29,6:26,left,APPROVED,3,10,false,8.44,50.99,true,true
2022,REG,6,2022101602,2622,3430,NYJ,58921,2622.0,"(5:52) P.O'Donnell punt is BLOCKED by M.Clemons, Center-J.Coco, RECOVERED by NYJ-W.Parks at GB 20. W.Parks for 20 yards, TOUCHDOWN.",2,play_type_punt,3,4,20,1800,05:52,GB 39,39,GB,71,2022-10-16T19:08:56.000Z,true,false,true,false,false,true,3,16,5:53,5:45,left,APPROVED,3,10,true,20.52,50.99,true,true
2022,REG,6,2022101602,3046,3430,NYJ,58921,3046.0,"(15:00) Br.Hall up the middle for 34 yards, TOUCHDOWN.",2,play_type_rush,4,1,10,3430,15:00,GB 34,34,GB,44,2022-10-16T19:28:28.000Z,false,false,true,false,false,false,10,23,15:00,14:52,left,APPROVED,10,17,true,10.0,33.83,true,true
2022,REG,6,2022101603,346,2250,JAX,58922,346.0,(11:10) (No Huddle) T.Etienne left tackle pushed ob at IND 27 for 48 yards (R.Thomas).,2,play_type_rush,1,1,10,2250,11:10,JAX 25,25,JAX,85,2022-10-16T17:11:46.000Z,false,false,false,false,false,false,0,0,11:10,11:02,left,APPROVED,0,0,true,10.0,75.28,true,true
2022,REG,6,2022101603,415,2200,IND,58922,415.0,(9:53) (Shotgun) T.Lawrence sacked at IND 40 for -14 yards (D.Buckner).,2,play_type_sack,1,3,9,2250,09:53,IND 26,26,IND,36,2022-10-16T17:13:43.000Z,false,false,false,false,false,false,0,0,9:53,9:49,left,APPROVED,0,0,false,9.34,27.24,true,true
2022,REG,6,2022101603,1176,2250,JAX,58922,1176.0,"(11:36) W.Little reported in as eligible.  J.Hasty right tackle for 61 yards, TOUCHDOWN.",2,play_type_rush,2,3,1,2250,11:36,JAX 39,39,JAX,49,2022-10-16T17:50:04.000Z,false,false,true,false,false,false,3,13,11:37,11:27,right,APPROVED,3,7,true,1.15,49.89,true,true
2022,REG,6,2022101603,1442,2200,IND,58922,1442.0,(7:27) (Shotgun) T.Lawrence sacked at JAX 12 for -8 yards (T.Lewis).,2,play_type_sack,2,3,2,2250,07:27,JAX 20,20,JAX,30,2022-10-16T18:03:29.000Z,false,false,false,false,false,false,3,14,7:28,7:24,right,APPROVED,3,14,false,2.69,31.89,true,true
2022,REG,6,2022101603,1769,2200,IND,58922,1769.0,"(2:11) (Shotgun) M.Ryan pass short left to P.Campbell for 4 yards, TOUCHDOWN.",2,play_type_pass,2,3,4,2200,02:11,JAX 4,4,JAX,14,2022-10-16T18:14:08.000Z,false,false,true,true,false,false,9,14,2:12,2:08,left,APPROVED,3,14,true,5.47,10.0,true,true
2022,REG,6,2022101603,2749,2200,IND,58922,2749.0,"(5:47) (No Huddle) D.Jackson left guard for 3 yards, TOUCHDOWN.",2,play_type_rush,3,1,3,2200,05:47,JAX 3,3,JAX,13,2022-10-16T19:07:15.000Z,false,false,true,true,false,false,19,21,5:49,5:45,left,APPROVED,13,21,true,3.8100000000000005,10.0,true,true
2022,REG,6,2022101603,2771,2200,IND,58922,2771.0,"TWO-POINT CONVERSION ATTEMPT. M.Ryan pass to M.Pittman is complete. ATTEMPT SUCCEEDS. The Replay Official reviewed the pass completion ruling, and the play was REVERSED. TWO-POINT CONVERSION ATTEMPT. M.Ryan pass to M.Pittman is incomplete. ATTEMPT FAILS.",26,play_type_two_point_conversion,3,0,0,2200,05:44,JAX 2,2,JAX,12,2022-10-16T19:08:16.000Z,false,false,false,false,false,false,19,21,5:44,5:44,left,APPROVED,19,21,false,,,true,true
2022,REG,6,2022101603,3296,2200,IND,58922,3296.0,"(12:52) (Shotgun) M.Ryan pass short left to J.Woods for 10 yards, TOUCHDOWN.",2,play_type_pass,4,2,10,2200,12:52,JAX 10,10,JAX,100,2022-10-16T19:28:53.000Z,false,false,true,true,false,false,25,21,12:52,12:48,right,APPROVED,19,21,true,10.82,110.0,true,true
2022,REG,6,2022101603,3793,2250,JAX,58922,3793.0,"(2:48) (Shotgun) T.Lawrence pass short right to C.Kirk for 4 yards, TOUCHDOWN.",2,play_type_pass,4,1,4,2250,02:48,IND 4,4,IND,14,2022-10-16T19:46:25.000Z,false,false,true,true,false,false,26,27,2:49,2:45,left,APPROVED,26,21,true,4.529999999999999,10.0,true,true
2022,REG,6,2022101603,3818,2250,JAX,58922,3818.0,TWO-POINT CONVERSION ATTEMPT. T.Lawrence pass to E.Engram is incomplete. ATTEMPT FAILS.,26,play_type_two_point_conversion,4,0,0,2250,02:44,IND 2,2,IND,12,2022-10-16T19:47:13.000Z,false,false,false,false,false,false,26,27,2:44,2:44,left,APPROVED,26,27,false,,,true,true
2022,REG,6,2022101603,4115,2200,IND,58922,4115.0,"(:23) (Shotgun) M.Ryan pass deep right to A.Pierce for 32 yards, TOUCHDOWN.",2,play_type_pass,4,3,13,2200,00:23,JAX 32,32,JAX,78,2022-10-16T20:03:03.000Z,false,false,true,false,false,false,32,27,:23,:18,right,APPROVED,26,27,true,13.5,90.75,true,true
2022,REG,6,2022101604,362,3000,MIN,58923,362.0,(8:48) (Shotgun) S.Thompson sacked at MIN 42 for -8 yards (P.Jones).,2,play_type_sack,1,3,9,2700,08:48,MIN 34,34,MIN,76,2022-10-16T17:12:34.000Z,false,false,false,false,false,false,0,0,8:48,8:45,right,APPROVED,0,0,false,9.62,84.38,true,true
2022,REG,6,2022101604,1544,3000,MIN,58923,1544.0,"(2:37) K.Cousins pass short middle to I.Smith for 1 yard, TOUCHDOWN.",2,play_type_pass,2,1,1,3000,02:37,MIA 1,1,MIA,109,2022-10-16T18:07:32.000Z,false,false,true,true,false,false,3,6,2:38,2:35,right,APPROVED,3,0,true,1.4399999999999977,110.0,true,true
2022,REG,6,2022101604,1917,3000,MIN,58923,1917.0,(:23) (Shotgun) T.Bridgewater pass deep middle intended for J.Waddle INTERCEPTED by H.Smith at MIA 41. H.Smith to MIA 41 for no gain.,2,play_type_pass,2,1,10,2700,00:23,MIA 25,25,MIA,85,2022-10-16T18:24:11.000Z,false,false,false,false,false,true,3,7,:23,:18,left,APPROVED,3,7,true,10.0,75.59,true,true
2022,REG,6,2022101604,2676,2700,MIA,58923,2676.0,(6:28) (Shotgun) K.Cousins sacked at MIN 44 for -7 yards (R.Davis).,2,play_type_sack,3,3,10,3000,06:28,MIA 49,49,MIA,59,2022-10-16T19:07:41.000Z,false,false,false,false,false,false,3,10,6:29,6:25,left,APPROVED,3,10,false,9.94,49.36,true,true
2022,REG,6,2022101604,3044,3000,MIN,58923,3044.0,"(14:21) K.Cousins pass short middle to A.Thielen for 2 yards, TOUCHDOWN.",2,play_type_pass,4,2,2,3000,14:21,MIA 2,2,MIA,108,2022-10-16T19:22:45.000Z,false,false,true,true,false,false,3,16,14:22,14:17,right,APPROVED,3,10,true,2.96,110.0,true,true
2022,REG,6,2022101604,3150,2700,MIA,58923,3150.0,(13:00) (Shotgun) T.Bridgewater pass short middle to T.Hill to MIN 31 for 28 yards (H.Smith).,2,play_type_pass,4,2,7,2700,13:00,MIA 41,41,MIA,69,2022-10-16T19:26:51.000Z,false,false,false,false,false,false,3,16,13:01,12:51,left,APPROVED,3,16,true,7.14,62.33,true,true
2022,REG,6,2022101604,3240,2700,MIA,58923,3240.0,"(10:08) (Shotgun) T.Bridgewater pass short right to M.Gesicki for 4 yards, TOUCHDOWN.",2,play_type_pass,4,1,4,2700,10:08,MIN 4,4,MIN,14,2022-10-16T19:29:43.000Z,false,false,true,true,false,false,9,16,10:09,10:06,left,APPROVED,3,16,true,4.630000000000001,10.0,true,true
2022,REG,6,2022101604,3459,3000,MIN,58923,3459.0,(7:31) (Shotgun) T.Bridgewater sacked at MIA 34 for -9 yards (Z.Smith).,2,play_type_sack,4,2,10,2700,07:31,MIA 43,43,MIA,67,2022-10-16T19:40:40.000Z,false,false,false,false,false,false,10,16,7:31,7:28,left,APPROVED,10,16,false,9.99,57.89,true,true
2022,REG,6,2022101604,3650,3000,MIN,58923,3650.0,"(3:25) D.Cook left tackle for 53 yards, TOUCHDOWN.",2,play_type_rush,4,2,4,3000,03:25,MIN 47,47,MIN,57,2022-10-16T19:47:21.000Z,false,false,true,false,false,false,10,22,3:26,3:17,right,APPROVED,10,16,true,4.2,60.94,true,true
2022,REG,6,2022101604,3730,3000,MIN,58923,3730.0,(3:10) (Shotgun) T.Bridgewater pass short right intended for T.Sherfield INTERCEPTED by P.Peterson at MIN 46. P.Peterson to MIA 48 for 6 yards (R.Cracraft).,2,play_type_pass,4,1,10,2700,03:10,MIA 39,39,MIA,71,2022-10-16T19:51:08.000Z,false,false,false,false,false,true,10,24,3:10,3:03,left,APPROVED,10,24,true,10.0,61.43,true,true
2022,REG,6,2022101604,3860,2700,MIA,58923,3860.0,(2:37) (Shotgun) T.Bridgewater pass short right to J.Waddle to MIN 34 for 49 yards (J.Hicks). MIA-J.Waddle was injured during the play.,2,play_type_pass,4,1,10,2700,02:37,MIA 17,17,MIA,93,2022-10-16T19:56:19.000Z,false,false,false,false,false,false,10,24,2:37,2:28,left,APPROVED,10,24,true,10.0,83.51,true,true
2022,REG,6,2022101604,4040,2700,MIA,58923,4040.0,"(1:31) (No Huddle, Shotgun) T.Bridgewater pass short left to M.Gesicki for 3 yards, TOUCHDOWN.",2,play_type_pass,4,3,3,2700,01:31,MIN 3,3,MIN,13,2022-10-16T20:03:23.000Z,false,false,true,true,false,false,16,24,1:32,1:26,left,APPROVED,10,24,true,3.69,10.0,true,true
2022,REG,6,2022101605,103,3300,NO,58924,103.0,(13:43) (Shotgun) J.Burrow sacked at CIN 24 for -10 yards (D.Davis).,2,play_type_sack,1,3,1,0920,13:43,CIN 34,34,CIN,44,2022-10-16T17:04:42.000Z,false,false,false,false,false,false,0,0,13:43,13:39,right,APPROVED,0,0,false,1.58,44.55,true,true
2022,REG,6,2022101605,212,0920,CIN,58924,212.0,"(12:12) B.Gillikin punts 59 yards to CIN 8, Center-Z.Wood. T.Taylor to CIN 23 for 15 yards (A.Dowell). FUMBLES (A.Dowell), RECOVERED by NO-A.Trautman at CIN 32.",2,play_type_punt,1,4,9,3300,12:12,NO 33,33,NO,77,2022-10-16T17:08:07.000Z,true,false,false,false,false,false,0,0,12:12,12:01,left,APPROVED,0,0,false,9.18,68.08,true,true
2022,REG,6,2022101605,302,3300,NO,58924,302.0,"(10:39) (Shotgun) A.Dalton pass short middle to T.Smith for 18 yards, TOUCHDOWN. Pass 15, YAC 3",2,play_type_pass,1,1,10,3300,10:39,CIN 18,18,CIN,28,2022-10-16T17:10:24.000Z,false,false,true,false,false,false,6,0,10:40,10:35,left,APPROVED,0,0,true,10.0,17.98,true,true
2022,REG,6,2022101605,960,0920,CIN,58924,960.0,"(:51) (Shotgun) J.Burrow pass short middle to J.Mixon for 9 yards, TOUCHDOWN. Pass 4, YAC 5",2,play_type_pass,1,3,9,0920,00:51,NO 9,9,NO,101,2022-10-16T17:34:56.000Z,false,false,true,true,false,false,7,6,:51,:49,right,APPROVED,7,0,true,9.59,110.0,true,true
2022,REG,6,2022101605,1143,3300,NO,58924,1143.0,"(13:49) R.Shaheed right end for 44 yards, TOUCHDOWN.",2,play_type_rush,2,2,8,3300,13:49,CIN 44,44,CIN,66,2022-10-16T17:44:35.000Z,false,false,true,false,false,false,13,7,13:50,13:42,right,APPROVED,7,7,true,8.08,73.97,true,true
2022,REG,6,2022101605,1736,0920,CIN,58924,1736.0,"(5:53) (Shotgun) J.Burrow scrambles left guard for 19 yards, TOUCHDOWN.",2,play_type_rush,2,3,8,0920,05:53,NO 19,19,NO,29,2022-10-16T18:10:10.000Z,false,false,true,false,false,false,17,13,5:53,5:46,left,APPROVED,17,7,true,8.84,20.96,true,true
2022,REG,6,2022101605,2862,0920,CIN,58924,2862.0,"(3:36) (Shotgun) J.Burrow pass short right to J.Chase for 15 yards, TOUCHDOWN.",2,play_type_pass,3,1,10,0920,03:36,NO 15,15,NO,95,2022-10-16T19:05:46.000Z,false,false,true,false,false,false,23,20,3:37,3:32,right,APPROVED,23,14,true,10.0,104.69,true,true
2022,REG,6,2022101605,3778,0920,CIN,58924,3778.0,"(2:10) (Shotgun) J.Burrow pass short left to J.Chase for 60 yards, TOUCHDOWN. Pass 10, YAC 50",2,play_type_pass,4,1,10,0920,02:10,CIN 40,40,CIN,70,2022-10-16T19:47:26.000Z,false,false,true,false,false,false,26,30,2:10,2:00,left,APPROVED,26,24,true,10.0,60.27,true,true
2022,REG,6,2022101606,1067,0325,BAL,58925,1067.0,"(9:33) (Shotgun) K.Drake right tackle for 30 yards, TOUCHDOWN.",2,play_type_rush,2,1,10,0325,09:33,NYG 30,30,NYG,80,2022-10-16T17:48:50.000Z,false,false,true,false,false,false,0,6,9:35,9:28,right,APPROVED,0,0,true,10.0,90.17,true,true
2022,REG,6,2022101606,1105,3410,NYG,58925,1105.0,J.Tucker kicks 65 yards from BLT 35 to NYG 0. G.Brightwell to NYG 47 for 47 yards (J.Oliver).,32,play_type_kickoff,2,0,0,0325,09:26,BAL 35,35,BAL,45,2022-10-16T17:52:46.000Z,true,false,false,false,false,true,0,7,9:26,9:17,right,APPROVED,0,7,true,,,true,false
2022,REG,6,2022101606,1414,3410,NYG,58925,1414.0,"(3:36) (Shotgun) D.Jones pass short left to W.Robinson for 5 yards, TOUCHDOWN.",2,play_type_pass,2,3,4,3410,03:36,BAL 5,5,BAL,15,2022-10-16T18:02:56.000Z,false,false,true,false,false,false,6,7,3:36,3:32,left,APPROVED,0,7,true,4.95,10.4,false,true
2022,REG,6,2022101606,2813,0325,BAL,58925,2813.0,(1:56) (Shotgun) L.Jackson right guard to 50 for 25 yards (A.Jackson; T.Fox).,2,play_type_rush,3,2,10,0325,01:56,BAL 25,25,BAL,35,2022-10-16T19:19:57.000Z,false,false,false,false,false,false,10,13,1:56,1:49,right,APPROVED,10,13,true,10.29,44.66,true,true
2022,REG,6,2022101606,2971,0325,BAL,58925,2971.0,"(12:59) (Shotgun) L.Jackson pass short right to M.Andrews for 12 yards, TOUCHDOWN.",2,play_type_pass,4,2,8,0325,12:59,NYG 12,12,NYG,22,2022-10-16T19:27:00.000Z,false,false,true,false,false,false,10,19,13:00,12:56,left,APPROVED,10,13,true,8.52,13.91,true,true
2022,REG,6,2022101606,3270,3410,NYG,58925,3270.0,"(6:06) D.Jones pass short left to D.Bellinger for 8 yards, TOUCHDOWN.",2,play_type_pass,4,2,7,3410,06:06,BAL 8,8,BAL,102,2022-10-16T19:38:37.029Z,false,false,true,false,false,false,16,20,6:07,6:02,right,APPROVED,10,20,true,7.44,109.48,true,true
2022,REG,6,2022101606,3449,3410,NYG,58925,3449.0,"(3:04) L.Jackson to BLT 40 for no gain. FUMBLES, and recovers at BLT 27. L.Jackson pass intended for P.Ricard INTERCEPTED by J.Love at BLT 40. J.Love to BLT 13 for 27 yards (K.Zeitler). NYG-O.Ximines was injured during the play.",2,play_type_pass,4,3,5,0325,03:04,BAL 40,40,BAL,70,2022-10-16T19:46:58.000Z,false,false,false,false,false,true,17,20,3:05,2:51,left,APPROVED,17,20,true,5.57,64.92,true,true
2022,REG,6,2022101606,3681,3410,NYG,58925,3681.0,"(1:40) (Shotgun) L.Jackson sacked at BLT 17 for -8 yards (K.Thibodeaux). FUMBLES (K.Thibodeaux), touched at BLT 17, RECOVERED by NYG-L.Williams at BLT 13. Officially, a sack for -12 yards.",2,play_type_sack,4,2,10,0325,01:40,BAL 25,25,BAL,85,2022-10-16T19:59:40.000Z,false,false,false,false,false,true,24,20,1:40,1:30,left,APPROVED,24,20,false,10.5,75.16,true,true
2022,REG,6,2022101607,426,3900,PIT,58926,426.0,"(7:44) (Shotgun) K.Pickett pass short left to N.Harris for 6 yards, TOUCHDOWN.",2,play_type_pass,1,2,6,3900,07:44,TB 6,6,TB,104,2022-10-16T17:13:44.000Z,false,false,true,true,false,false,6,0,7:45,7:39,right,APPROVED,0,0,true,6.51,110.0,true,true
2022,REG,6,2022101607,973,4900,TB,58926,973.0,(1:19) (Shotgun) T.Brady pass deep middle to C.Godwin to PIT 37 for 22 yards (T.Norwood).,2,play_type_pass,1,2,15,4900,01:19,TB 41,41,TB,69,2022-10-16T17:39:01.000Z,false,false,false,false,false,false,7,3,1:19,1:15,left,APPROVED,7,3,true,15.43,54.01,true,true
2022,REG,6,2022101607,2116,3900,PIT,58926,2116.0,J.Camarda kicks 66 yards from TB 35 to PIT -1. S.Sims to TB 12 for 89 yards (J.Dean).,32,play_type_kickoff,3,0,0,4900,15:00,TB 35,35,TB,75,2022-10-16T18:38:18.000Z,true,false,false,false,false,true,10,9,15:00,14:50,left,APPROVED,10,9,true,,,true,true
2022,REG,6,2022101607,2332,4900,TB,58926,2332.0,(11:33) (Shotgun) T.Brady pass deep middle to C.Godwin to PIT 30 for 28 yards (T.Edmunds).,2,play_type_pass,3,2,7,4900,11:33,TB 42,42,TB,68,2022-10-16T18:47:30.000Z,false,false,false,false,false,false,13,9,11:34,11:29,left,APPROVED,13,9,true,7.64,61.27,true,true
2022,REG,6,2022101607,3355,3900,PIT,58926,3355.0,"(10:58) (No Huddle, Shotgun) M.Trubisky pass short middle to Co.Heyward to TB 11 for 45 yards (L.David). Penalty on TB-V.Vea, Defensive Too Many Men on Field, declined. Penalty on TB-V.Vea, Defensive Offside, declined.",2,play_type_pass,4,3,6,3900,10:58,PIT 44,44,PIT,66,2022-10-16T19:38:45.000Z,false,false,false,false,false,false,13,12,11:00,10:51,left,APPROVED,13,12,true,6.3,60.16,true,true
2022,REG,6,2022101607,3413,3900,PIT,58926,3413.0,"(9:59) (Shotgun) M.Trubisky pass short right to C.Claypool for 6 yards, TOUCHDOWN.",2,play_type_pass,4,2,5,3900,09:59,TB 6,6,TB,16,2022-10-16T19:40:36.000Z,false,false,true,false,false,false,19,12,10:00,9:56,left,APPROVED,13,12,true,5.4,10.83,true,true
2022,REG,6,2022101607,3814,4900,TB,58926,3814.0,"(4:45) (No Huddle, Shotgun) T.Brady pass short right to L.Fournette for 11 yards, TOUCHDOWN.",2,play_type_pass,4,1,10,4900,04:45,PIT 11,11,PIT,99,2022-10-16T19:53:39.000Z,false,false,true,false,false,false,20,18,4:46,4:39,right,APPROVED,20,12,true,10.0,108.46,true,true
2022,REG,6,2022101607,3995,3900,PIT,58926,3995.0,(2:15) (Shotgun) M.Trubisky pass deep left to C.Claypool to TB 38 for 26 yards.,2,play_type_pass,4,3,11,3900,02:15,PIT 36,36,PIT,74,2022-10-16T20:01:17.000Z,false,false,false,false,false,false,20,18,2:15,2:10,left,APPROVED,20,18,true,11.35,63.11,true,true
2022,REG,6,2022101608,1055,2510,LA,58927,1055.0,(9:05) (Shotgun) M.Stafford pass short right to C.Kupp to CAR 41 for 22 yards (C.Henderson).,2,play_type_pass,2,3,13,2510,09:05,LA 37,37,LA,47,2022-10-16T20:51:28.000Z,false,false,false,false,false,false,0,3,9:06,8:59,right,APPROVED,0,3,true,13.58,59.53,true,true
2022,REG,6,2022101608,1317,2510,LA,58927,1317.0,"(3:39) M.Stafford pass short left to Al.Robinson for 5 yards, TOUCHDOWN.",2,play_type_pass,2,1,5,2510,03:39,CAR 5,5,CAR,105,2022-10-16T21:01:38.000Z,false,false,true,true,false,false,6,3,3:39,3:36,right,APPROVED,0,3,true,5.400000000000006,110.0,true,true
2022,REG,6,2022101608,1488,0750,CAR,58927,1488.0,"(2:08) (No Huddle, Shotgun) M.Stafford pass short left intended for C.Kupp INTERCEPTED by D.Jackson at LA 30. D.Jackson for 30 yards, TOUCHDOWN.",2,play_type_pass,2,2,7,2510,02:08,LA 23,23,LA,33,2022-10-16T21:13:04.000Z,false,false,true,false,false,true,7,9,2:08,1:59,right,APPROVED,7,3,true,7.33,39.98,true,true
2022,REG,6,2022101608,1784,0750,CAR,58927,1784.0,(13:11) M.Stafford sacked at LA 21 for -4 yards (sack split by D.Brown and C.Littleton).,2,play_type_sack,3,3,10,2510,13:11,LA 25,25,LA,85,2022-10-16T21:40:35.000Z,false,false,false,false,false,false,7,10,13:13,13:08,left,APPROVED,7,10,false,10.71,75.03,true,true
2022,REG,6,2022101608,2501,2510,LA,58927,2501.0,"(:16) B.Skowronek right end for 17 yards, TOUCHDOWN.",2,play_type_rush,3,1,10,2510,00:16,CAR 17,17,CAR,27,2022-10-16T22:15:40.000Z,false,false,true,false,false,false,16,10,:17,:12,left,APPROVED,10,10,true,10.0,17.01,true,true
2022,REG,6,2022101608,3227,0750,CAR,58927,3227.0,"(3:53) (No Huddle, Shotgun) J.Eason pass short right to C.McCaffrey to LA 17 for 49 yards (J.Ramsey).",2,play_type_pass,4,2,9,0750,03:53,CAR 34,34,CAR,76,2022-10-16T22:49:09.000Z,false,false,false,false,false,false,24,10,3:54,3:43,left,APPROVED,24,10,true,9.54,67.14,true,true
2022,REG,6,2022101608,3321,2510,LA,58927,3321.0,"(2:25) (No Huddle, Shotgun) J.Eason pass short right intended for S.Smith INTERCEPTED by N.Scott (E.Jones) at LA -3. Touchback.",2,play_type_pass,4,1,7,0750,02:25,LA 7,7,LA,17,2022-10-16T22:51:16.000Z,false,false,false,true,false,true,24,10,2:25,2:20,left,APPROVED,24,10,true,7.719999999999999,10.0,true,true
2022,REG,6,2022101609,112,3800,ARI,58928,112.0,"(13:45) (No Huddle, Shotgun) K.Murray right guard ran ob at SEA 33 for 42 yards (R.Neal).",2,play_type_rush,1,3,4,3800,13:45,ARI 25,25,ARI,85,2022-10-16T20:07:30.000Z,false,false,false,false,false,false,0,0,13:46,13:38,left,APPROVED,0,0,true,4.08,81.26,true,true
2022,REG,6,2022101609,181,3800,ARI,58928,181.0,"(12:26) (No Huddle, Shotgun) K.Murray pass short right to R.Moore to SEA 3 for 26 yards (J.Jones).",2,play_type_pass,1,3,6,3800,12:26,SEA 29,29,SEA,39,2022-10-16T20:09:22.000Z,false,false,false,false,false,false,0,0,12:26,12:18,left,APPROVED,0,0,true,6.77,32.98,true,true
2022,REG,6,2022101609,1361,4600,SEA,58928,1361.0,(4:02) (Shotgun) K.Murray sacked at ARZ 45 for -6 yards (R.Neal).,2,play_type_sack,2,3,8,3800,04:02,SEA 49,49,SEA,61,2022-10-16T21:01:23.000Z,false,false,false,false,false,false,6,3,4:03,4:00,right,APPROVED,6,3,false,8.29,68.4,true,true
2022,REG,6,2022101609,3099,4600,SEA,58928,3099.0,"(13:31) (Shotgun) K.Walker up the middle for 11 yards, TOUCHDOWN.",2,play_type_rush,4,1,10,4600,13:31,ARI 11,11,ARI,21,2022-10-16T22:28:08.000Z,false,false,true,false,false,false,18,9,13:32,13:26,left,APPROVED,12,9,true,10.0,10.96,true,true
2022,REG,6,2022101609,3345,4600,SEA,58928,3345.0,(10:12) (Shotgun) K.Murray sacked at SEA 35 for -12 yards (Q.Jefferson).,2,play_type_sack,4,4,2,3800,10:12,SEA 23,23,SEA,87,2022-10-16T22:38:24.000Z,false,false,false,false,false,true,19,9,10:12,10:08,right,APPROVED,19,9,true,2.76,88.54,true,true
2022,REG,6,2022101610,79,0610,BUF,58929,79.0,(14:22) J.Allen pass deep right to G.Davis pushed ob at BUF 46 for 22 yards (Ja.Watson).,2,play_type_pass,1,2,11,0610,14:22,BUF 24,24,BUF,86,2022-10-16T20:26:52.000Z,false,false,false,false,false,false,0,0,14:23,14:14,left,APPROVED,0,0,true,11.16,75.42,true,true
2022,REG,6,2022101610,362,2310,KC,58929,362.0,(8:42) (Shotgun) P.Mahomes pass deep right to M.Hardman pushed ob at BUF 47 for 26 yards (T.Johnson).,2,play_type_pass,1,2,10,2310,08:42,KC 27,27,KC,37,2022-10-16T20:39:51.000Z,false,false,false,false,false,false,0,0,8:42,8:38,right,APPROVED,0,0,true,10.49,46.71,true,true
2022,REG,6,2022101610,675,0610,BUF,58929,675.0,(3:28) (Shotgun) P.Mahomes pass short right intended for M.Valdes-Scantling INTERCEPTED by K.Elam [C.Basham] at BUF -6. Touchback.,2,play_type_pass,1,3,9,2310,03:28,BUF 9,9,BUF,101,2022-10-16T20:48:18.000Z,false,false,false,true,false,true,0,0,3:29,3:19,right,APPROVED,0,0,true,9.18,110.0,true,true
2022,REG,6,2022101610,701,0610,BUF,58929,701.0,(3:16) J.Allen pass deep left to S.Diggs pushed ob at KC 49 for 31 yards (L.Sneed).,2,play_type_pass,1,1,10,0610,03:16,BUF 20,20,BUF,90,2022-10-16T20:51:41.000Z,false,false,false,false,false,false,0,0,3:16,3:10,left,APPROVED,0,0,true,10.0,80.19,true,true
2022,REG,6,2022101610,1182,2310,KC,58929,1182.0,"(11:44) (Shotgun) P.Mahomes pass short left to J.Smith-Schuster for 42 yards, TOUCHDOWN.",2,play_type_pass,2,3,10,2310,11:44,BUF 42,42,BUF,52,2022-10-16T21:10:23.000Z,false,false,true,false,false,false,6,3,11:44,11:31,left,APPROVED,0,3,true,10.42,42.18,true,true
2022,REG,6,2022101610,2208,0610,BUF,58929,2208.0,"(:22) (Shotgun) J.Allen pass deep right to G.Davis for 34 yards, TOUCHDOWN.",2,play_type_pass,2,1,10,0610,00:22,KC 34,34,KC,76,2022-10-16T21:56:53.000Z,false,false,true,false,false,false,7,9,:22,:17,right,APPROVED,7,3,true,10.0,85.95,true,true
2022,REG,6,2022101610,2482,2310,KC,58929,2482.0,(13:46) (Shotgun) P.Mahomes pass short right to S.Moore pushed ob at BUF 48 for 24 yards (T.Johnson).,2,play_type_pass,3,3,9,2310,13:46,KC 28,28,KC,82,2022-10-16T22:18:28.000Z,false,false,false,false,false,false,10,10,13:46,13:39,left,APPROVED,10,10,true,9.28,73.54,true,true
2022,REG,6,2022101610,2789,0610,BUF,58929,2789.0,"(7:08) (Shotgun) J.Allen pass deep right to S.Diggs for 17 yards, TOUCHDOWN.",2,play_type_pass,3,2,5,0610,07:08,KC 17,17,KC,93,2022-10-16T22:30:15.000Z,false,false,true,false,false,false,10,16,7:09,7:04,right,APPROVED,10,10,true,5.32,97.9,true,true
2022,REG,6,2022101610,2876,2310,KC,58929,2876.0,(6:17) (Shotgun) P.Mahomes pass short middle to J.Smith-Schuster to BUF 19 for 41 yards (T.Johnson).,2,play_type_pass,3,1,10,2310,06:17,KC 40,40,KC,70,2022-10-16T22:35:42.000Z,false,false,false,false,false,false,10,17,6:19,6:11,left,APPROVED,10,17,true,10.0,60.16,true,true
2022,REG,6,2022101610,3008,2310,KC,58929,3008.0,"(2:50) (Shotgun) P.Mahomes pass short middle to M.Hardman for 3 yards, TOUCHDOWN [E.Oliver].",2,play_type_pass,3,3,3,2310,02:50,BUF 3,3,BUF,13,2022-10-16T22:40:36.000Z,false,false,true,true,false,false,16,17,2:51,2:45,left,APPROVED,10,17,true,3.0,10.0,true,true
2022,REG,6,2022101610,3975,0610,BUF,58929,3975.0,"(1:09) (Shotgun) J.Allen pass short left to D.Knox for 14 yards, TOUCHDOWN.",2,play_type_pass,4,2,12,0610,01:09,KC 14,14,KC,24,2022-10-16T23:25:45.000Z,false,false,true,false,false,false,20,23,1:11,1:05,left,APPROVED,20,17,true,12.62,11.59,true,true
2022,REG,6,2022101611,485,3700,PHI,58930,485.0,(6:46) (Shotgun) J.Hurts pass short right to J.Stoll to PHI 43 for 21 yards (J.Kearse; M.Parsons).,2,play_type_pass,1,2,8,3700,06:46,PHI 22,22,PHI,32,2022-10-17T00:41:56.000Z,false,false,false,false,false,false,0,0,6:47,6:38,right,APPROVED,0,0,true,8.63,39.34,true,true
2022,REG,6,2022101611,834,3700,PHI,58930,834.0,"(15:00) M.Sanders left guard for 5 yards, TOUCHDOWN.",2,play_type_rush,2,1,5,3700,15:00,DAL 5,5,DAL,15,2022-10-17T00:54:08.000Z,false,false,true,true,false,false,6,0,15:00,14:57,left,APPROVED,0,0,true,5.58,10.0,true,true
2022,REG,6,2022101611,887,3700,PHI,58930,887.0,(14:55) M.Farniok reported in as eligible.  C.Rush pass deep middle intended for M.Gallup INTERCEPTED by C.Gardner-Johnson (J.Bradberry) at DAL 44. C.Gardner-Johnson to DAL 44 for no gain (M.Gallup).,2,play_type_pass,2,1,10,1200,14:55,DAL 25,25,DAL,35,2022-10-17T00:58:33.000Z,false,false,false,false,false,true,7,0,14:55,14:48,right,APPROVED,7,0,true,10.0,44.58,true,true
2022,REG,6,2022101611,1052,3700,PHI,58930,1052.0,"(10:47) (Shotgun) J.Hurts pass short right to A.Brown for 15 yards, TOUCHDOWN.",2,play_type_pass,2,3,3,3700,10:47,DAL 15,15,DAL,25,2022-10-17T01:04:44.000Z,false,false,true,false,false,false,13,0,10:48,10:42,left,APPROVED,7,0,true,3.48,22.03,true,true
2022,REG,6,2022101611,1434,3700,PHI,58930,1434.0,"(5:24) (No Huddle, Shotgun) C.Rush pass deep middle intended for M.Gallup INTERCEPTED by D.Slay at DAL 44. D.Slay to DAL 46 for -2 yards (C.Lamb).",2,play_type_pass,2,3,9,1200,05:24,DAL 26,26,DAL,36,2022-10-17T01:23:01.000Z,false,false,false,false,false,true,17,0,5:25,5:17,right,APPROVED,17,0,true,9.66,44.62,true,true
2022,REG,6,2022101611,1677,1200,DAL,58930,1677.0,J.Elliott kicks 69 yards from PHI 35 to DAL -4. K.Turpin to PHI 41 for 63 yards (K.Johnson).,32,play_type_kickoff,2,0,0,3700,01:47,PHI 35,35,PHI,75,2022-10-17T01:38:11.000Z,true,false,false,false,false,true,20,0,1:47,1:40,left,APPROVED,20,0,true,,,true,true
2022,REG,6,2022101611,2327,1200,DAL,58930,2327.0,"(8:26) E.Elliott right tackle for 14 yards, TOUCHDOWN.",2,play_type_rush,3,1,10,1200,08:26,PHI 14,14,PHI,96,2022-10-17T02:15:06.000Z,false,false,true,false,false,false,20,9,8:27,8:21,right,APPROVED,20,3,true,10.0,105.78,true,true
2022,REG,6,2022101611,2490,1200,DAL,58930,2490.0,(7:26) (Shotgun) J.Hurts sacked at PHI 36 for -12 yards (D.Fowler).,2,play_type_sack,3,3,7,3700,07:26,PHI 48,48,PHI,62,2022-10-17T02:23:02.000Z,false,false,false,false,false,false,20,10,7:26,7:25,left,APPROVED,20,10,false,7.24,55.44,true,true
2022,REG,6,2022101611,2982,1200,DAL,58930,2982.0,"(14:45) M.Farniok reported in as eligible.  C.Rush pass short right to J.Ferguson for 7 yards, TOUCHDOWN.",2,play_type_pass,4,1,7,1200,14:45,PHI 7,7,PHI,17,2022-10-17T02:40:52.000Z,false,false,true,true,false,false,20,16,14:46,14:41,left,APPROVED,20,10,true,7.760000000000002,10.0,true,true
2022,REG,6,2022101611,3339,3700,PHI,58930,3339.0,shotgun TWO-POINT CONVERSION ATTEMPT. M.Sanders rushes up the middle. ATTEMPT FAILS.,26,play_type_two_point_conversion,4,0,0,3700,07:02,DAL 1,1,DAL,109,2022-10-17T02:55:14.000Z,false,false,false,false,false,false,26,17,7:02,7:02,right,APPROVED,26,17,false,,,true,false
2022,REG,6,2022101611,3443,3700,PHI,58930,3443.0,(5:16) C.Rush pass deep left intended for C.Lamb INTERCEPTED by C.Gardner-Johnson [B.Graham] at PHI 32. C.Gardner-Johnson to PHI 47 for 15 yards (N.Brown).,2,play_type_pass,4,2,8,1200,05:16,DAL 40,40,DAL,70,2022-10-17T03:00:48.000Z,false,false,false,false,false,true,26,17,5:17,5:05,left,APPROVED,26,17,true,8.38,62.37,true,true
2022,REG,6,2022101700,512,4400,LAC,58931,512.0,(7:53) R.Wilson sacked at LAC 33 for -4 yards (K.Mack).,2,play_type_sack,1,3,1,1400,07:53,LAC 29,29,LAC,81,2022-10-18T00:32:18.000Z,false,false,false,false,false,false,0,0,8:05,8:00,right,APPROVED,0,0,false,1.78,81.58,true,true
2022,REG,6,2022101700,865,1400,DEN,58931,865.0,(2:40) (Shotgun) R.Wilson pass deep right to J.Jeudy to LAC 39 for 37 yards (A.Gilman).,2,play_type_pass,1,3,13,1400,02:40,DEN 24,24,DEN,34,2022-10-18T00:45:11.000Z,false,false,false,false,false,false,0,3,2:42,2:31,right,APPROVED,0,3,true,14.02,47.02,true,false
2022,REG,6,2022101700,889,1400,DEN,58931,889.0,"(1:57) (Shotgun) R.Wilson pass deep right to G.Dulcich for 39 yards, TOUCHDOWN.",2,play_type_pass,1,1,10,1400,01:57,LAC 39,39,LAC,71,2022-10-18T00:45:54.000Z,false,false,true,false,false,false,0,9,1:58,1:51,right,APPROVED,0,3,true,10.0,80.41,true,true
2022,REG,6,2022101700,1298,4400,LAC,58931,1298.0,"(9:16) (No Huddle) A.Ekeler up the middle for 6 yards, TOUCHDOWN.",2,play_type_rush,2,3,2,4400,09:16,DEN 6,6,DEN,104,2022-10-18T01:01:26.000Z,false,false,true,false,false,false,6,10,9:17,9:12,right,APPROVED,0,10,true,2.02,105.49,true,true
2022,REG,6,2022101700,1916,1400,DEN,58931,1916.0,(:50) (Shotgun) R.Wilson pass deep right to K.Hamler to LAC 28 for 47 yards (D.James).,2,play_type_pass,2,2,10,1400,00:50,DEN 25,25,DEN,85,2022-10-18T01:30:54.000Z,false,false,false,false,false,false,10,10,:50,:43,left,APPROVED,10,10,true,10.4,75.27,true,true
2022,REG,6,2022101700,2654,4400,LAC,58931,2654.0,(6:02) (Shotgun) R.Wilson sacked at DEN 36 for -11 yards (D.James).,2,play_type_sack,3,3,9,1400,06:02,DEN 47,47,DEN,63,2022-10-18T02:10:45.000Z,false,false,false,false,false,false,13,13,6:02,6:00,left,APPROVED,13,13,false,10.13,53.67,true,true
2022,REG,6,2022101700,3193,1400,DEN,58931,3193.0,"(10:41) (Shotgun) J.Herbert pass short middle intended for G.Everett INTERCEPTED by B.Browning at LAC 24. B.Browning to LAC 24 for no gain (J.Palmer). FUMBLES (J.Palmer), and recovers at LAC 30.",2,play_type_pass,4,1,10,4400,10:41,LAC 17,17,LAC,93,2022-10-18T02:34:16.000Z,false,false,false,false,false,true,13,13,10:41,10:32,left,APPROVED,13,13,true,10.0,83.45,true,true
2022,REG,6,2022101700,4440,1400,DEN,58931,4440.0,"(4:58) J.Scott punts 48 yards to DEN 32, Center-J.Harris. M.Washington MUFFS catch, RECOVERED by LAC-D.Leonard at DEN 28.",2,play_type_punt,5,4,9,4400,04:58,LAC 20,20,LAC,30,2022-10-18T03:29:30.000Z,true,false,false,false,false,false,16,16,4:58,4:49,right,APPROVED,16,16,false,9.36,38.42,true,true
2022,REG,7,2022102000,145,3300,NO,58932,145.0,"(13:02) A.Dalton pass deep middle to R.Shaheed for 53 yards, TOUCHDOWN.",2,play_type_pass,1,2,11,3300,13:02,NO 47,47,NO,63,2022-10-21T00:18:39.000Z,false,false,true,false,false,false,0,6,13:03,12:56,left,APPROVED,0,0,true,11.55,52.01,true,true
2022,REG,7,2022102000,702,3800,ARI,58932,702.0,(2:13) (Shotgun) A.Dalton pass deep middle intended for M.Callaway INTERCEPTED by A.Hamilton at ARZ -9. Touchback.,2,play_type_pass,1,3,8,3300,02:13,ARI 10,10,ARI,20,2022-10-21T00:44:17.000Z,false,false,false,false,false,true,3,7,2:14,2:08,left,APPROVED,3,7,true,8.69,12.1,true,true
2022,REG,7,2022102000,755,3800,ARI,58932,755.0,(1:29) (Shotgun) E.Benjamin up the middle pushed ob at NO 18 for 45 yards (T.Mathieu).,2,play_type_rush,1,1,10,3800,01:29,ARI 37,37,ARI,47,2022-10-21T00:48:12.000Z,false,false,false,false,false,false,3,7,1:30,1:22,right,APPROVED,3,7,true,10.0,57.13,true,true
2022,REG,7,2022102000,1025,3300,NO,58932,1025.0,"(11:52) (Shotgun) A.Dalton pass short left to K.White to ARZ 3 for 64 yards (A.Hamilton). Arizona challenged the runner was inbounds ruling, and the play was Upheld. The ruling on the field stands. (Timeout #2.)",2,play_type_pass,2,3,2,3300,11:52,NO 33,33,NO,43,2022-10-21T01:02:51.000Z,false,false,false,false,false,false,6,7,11:53,11:42,right,APPROVED,6,7,true,2.77,45.09,true,true
2022,REG,7,2022102000,1104,3300,NO,58932,1104.0,"(10:33) A.Dalton pass short right to T.Hill for 3 yards, TOUCHDOWN.",2,play_type_pass,2,2,3,3300,10:33,ARI 3,3,ARI,107,2022-10-21T01:07:40.000Z,false,false,true,true,false,false,6,13,10:34,10:31,right,APPROVED,6,7,true,4.01,110.0,true,true
2022,REG,7,2022102000,1618,3800,ARI,58932,1618.0,"(2:00) (Shotgun) A.Dalton pass short middle intended for M.Callaway INTERCEPTED by M.Wilson at NO 38. M.Wilson for 38 yards, TOUCHDOWN.",2,play_type_pass,2,1,10,3300,02:00,NO 35,35,NO,45,2022-10-21T01:32:00.000Z,false,false,true,false,false,true,20,14,2:00,1:52,right,APPROVED,14,14,true,10.0,54.82,true,false
2022,REG,7,2022102000,1784,3800,ARI,58932,1784.0,"(:57) (Shotgun) A.Dalton pass short middle intended for C.Olave INTERCEPTED by I.Simmons at ARZ 44. I.Simmons for 56 yards, TOUCHDOWN.",2,play_type_pass,2,3,10,3300,00:57,NO 47,47,NO,57,2022-10-21T01:37:27.000Z,false,false,true,false,false,true,26,14,:57,:47,right,APPROVED,20,14,true,10.38,66.76,true,true
2022,REG,7,2022102000,2095,3300,NO,58932,2095.0,(11:55) (Shotgun) T.Hill pass short middle to C.Olave to ARZ 8 for 41 yards (J.Thompson; B.Baker).,2,play_type_pass,3,2,10,3300,11:55,ARI 49,49,ARI,61,2022-10-21T02:02:38.000Z,false,false,false,false,false,false,28,14,11:55,11:48,right,APPROVED,28,14,true,10.75,70.95,true,true
2022,REG,7,2022102000,2748,3800,ARI,58932,2748.0,"(:32) (Shotgun) K.Murray pass short middle to G.Dortch for 5 yards, TOUCHDOWN.",2,play_type_pass,3,2,5,3800,00:32,NO 5,5,NO,15,2022-10-21T02:31:33.000Z,false,false,true,true,false,false,34,17,:32,:30,left,APPROVED,28,17,true,5.57,10.0,true,true
2022,REG,7,2022102000,3201,3300,NO,58932,3201.0,"(11:20) (No Huddle, Shotgun) A.Dalton pass short right to J.Johnson for 17 yards, TOUCHDOWN.",2,play_type_pass,4,2,4,3300,11:20,ARI 17,17,ARI,27,2022-10-21T02:50:48.000Z,false,false,true,false,false,false,35,23,11:21,11:16,left,APPROVED,35,17,true,5.03,23.22,true,true
2022,REG,7,2022102000,3458,3800,ARI,58932,3458.0,"(6:26) (Shotgun) E.Benjamin up the middle to NO 1 for 4 yards (C.Jordan). The Replay Official reviewed the short of the goal line ruling, and the play was REVERSED. (Shotgun) E.Benjamin up the middle for 5 yards, TOUCHDOWN.",2,play_type_rush,4,2,5,3800,06:26,NO 5,5,NO,105,2022-10-21T03:01:51.000Z,false,false,true,true,false,false,41,24,6:27,6:23,right,APPROVED,35,24,true,5.23,110.0,true,true
2022,REG,7,2022102000,3824,3300,NO,58932,3824.0,"(3:12) (No Huddle, Shotgun) A.Dalton pass short left to J.Johnson for 1 yard, TOUCHDOWN.",2,play_type_pass,4,2,1,3300,03:12,ARI 1,1,ARI,11,2022-10-21T03:15:09.000Z,false,false,true,true,false,false,42,30,3:13,3:09,left,APPROVED,42,24,true,1.68,10.0,true,true
2022,REG,7,2022102300,430,0325,BAL,58933,430.0,(5:38) (Shotgun) L.Jackson pass deep right to D.Duvernay to CLV 21 for 31 yards (M.Emerson).,2,play_type_pass,1,2,6,0325,05:38,BAL 48,48,BAL,62,2022-10-23T17:17:05.000Z,false,false,false,false,false,false,0,7,5:39,5:34,left,APPROVED,0,7,true,6.66,55.97,true,true
2022,REG,7,2022102300,552,1050,CLE,58933,552.0,(3:27) J.Brissett pass deep left to A.Cooper to BLT 20 for 55 yards (G.Stone).,2,play_type_pass,1,1,10,1050,03:27,CLE 25,25,CLE,35,2022-10-23T17:23:32.000Z,false,false,false,false,false,false,3,7,3:27,3:21,right,APPROVED,3,7,true,10.0,44.75,true,true
2022,REG,7,2022102300,727,1050,CLE,58933,727.0,(:12) (Shotgun) L.Jackson sacked at BLT 18 for -7 yards (M.Garrett).,2,play_type_sack,1,2,10,0325,00:12,BAL 25,25,BAL,85,2022-10-23T17:30:10.000Z,false,false,false,false,false,false,3,10,:12,:07,left,APPROVED,3,10,false,10.5,75.17,true,true
2022,REG,7,2022102300,897,0325,BAL,58933,897.0,"(12:01) C.Bojorquez punts 59 yards to BLT 33, Center-C.Hughlett. D.Duvernay to CLV 21 for 46 yards (S.Takitaki).",2,play_type_punt,2,4,14,1050,12:01,CLE 8,8,CLE,102,2022-10-23T17:41:01.000Z,true,false,false,false,false,true,3,10,12:02,11:45,left,APPROVED,3,10,true,14.48,88.18,true,true
2022,REG,7,2022102300,1201,0325,BAL,58933,1201.0,(6:45) (Shotgun) L.Jackson pass short right to R.Bateman pushed ob at BLT 45 for 26 yards (G.Williams).,2,play_type_pass,2,3,11,0325,06:45,BAL 19,19,BAL,29,2022-10-23T17:56:10.000Z,false,false,false,false,false,false,6,10,6:46,6:34,right,APPROVED,6,10,true,11.27,39.5,true,true
2022,REG,7,2022102300,1364,0325,BAL,58933,1364.0,"(2:00) (Shotgun) G.Edwards left tackle for 7 yards, TOUCHDOWN.",2,play_type_rush,2,1,7,0325,02:00,CLE 7,7,CLE,103,2022-10-23T18:04:04.000Z,false,false,true,true,false,false,12,10,2:00,1:58,right,APPROVED,6,10,true,7.359999999999999,110.0,true,true
2022,REG,7,2022102300,1883,0325,BAL,58933,1883.0,"(12:04) (Shotgun) J.Brissett sacked at CLV 30 for -7 yards (C.Campbell). FUMBLES (C.Campbell), RECOVERED by BLT-O.Oweh at CLV 25.",2,play_type_sack,3,3,13,1050,12:04,CLE 37,37,CLE,47,2022-10-23T18:40:11.000Z,false,false,false,false,false,true,13,10,12:05,12:00,right,APPROVED,13,10,false,13.81,60.14,true,true
2022,REG,7,2022102300,3347,1050,CLE,58933,3347.0,"(2:45) (No Huddle, Shotgun) J.Brissett pass deep right to D.Peoples-Jones pushed ob at BLT 42 for 37 yards (G.Stone) [O.Oweh].",2,play_type_pass,4,3,5,1050,02:45,CLE 21,21,CLE,89,2022-10-23T19:40:55.000Z,false,false,false,false,false,false,23,20,2:45,,left,APPROVED,23,20,true,5.39,84.07,true,true
2022,REG,7,2022102301,1111,4900,TB,58934,1111.0,"(9:08) (No Huddle, Shotgun) P.Walker sacked at TB 36 for -7 yards (V.Vea).",2,play_type_sack,2,3,4,0750,09:08,TB 29,29,TB,81,2022-10-23T17:45:09.000Z,false,false,false,false,false,false,0,0,9:10,9:05,right,APPROVED,0,0,false,3.76,84.07,true,true
2022,REG,7,2022102301,1517,0750,CAR,58934,1517.0,"(:35) (No Huddle, Shotgun) P.Walker pass deep left to D.Moore for 20 yards, TOUCHDOWN.",2,play_type_pass,2,1,10,0750,00:35,TB 20,20,TB,90,2022-10-23T18:06:58.000Z,false,false,true,false,false,false,6,0,:36,:32,right,APPROVED,0,0,true,10.0,99.37,true,true
2022,REG,7,2022102301,2441,0750,CAR,58934,2441.0,(3:55) D.Foreman right tackle to TB 17 for 60 yards (Z.McCollum).,2,play_type_rush,3,2,10,0750,03:55,CAR 23,23,CAR,87,2022-10-23T19:02:35.000Z,false,false,false,false,false,false,7,0,3:55,3:46,left,APPROVED,7,0,true,10.35,77.31,true,true
2022,REG,7,2022102301,2468,0750,CAR,58934,2468.0,"(3:15) (No Huddle, Shotgun) C.Hubbard left guard for 17 yards, TOUCHDOWN.",2,play_type_rush,3,1,10,0750,03:15,TB 17,17,TB,27,2022-10-23T19:03:26.000Z,false,false,true,false,false,false,13,0,3:16,3:12,left,APPROVED,7,0,true,10.0,17.07,true,true
2022,REG,7,2022102301,3050,0750,CAR,58934,3050.0,"(9:39) (Shotgun) P.Walker pass deep right to T.Tremble for 29 yards, TOUCHDOWN.",2,play_type_pass,4,3,11,0750,09:39,TB 29,29,TB,81,2022-10-23T19:25:49.000Z,false,false,true,false,false,false,20,3,9:40,9:35,right,APPROVED,14,3,true,11.34,91.46,true,true
2022,REG,7,2022102301,3118,4900,TB,58934,3118.0,(9:26) (Shotgun) T.Brady pass deep right to C.Otton to CAR 31 for 35 yards (X.Woods).,2,play_type_pass,4,1,10,4900,09:26,TB 34,34,TB,76,2022-10-23T19:30:37.000Z,false,false,false,false,false,false,21,3,9:26,9:21,left,APPROVED,21,3,true,10.0,66.0,true,true
2022,REG,7,2022102302,141,0920,CIN,58935,141.0,"(13:07) (Shotgun) J.Burrow pass deep middle to T.Boyd for 60 yards, TOUCHDOWN.",2,play_type_pass,1,1,10,0920,13:07,CIN 40,40,CIN,70,2022-10-23T17:05:02.000Z,false,false,true,false,false,false,6,0,13:09,13:00,left,APPROVED,0,0,true,10.0,60.08,true,true
2022,REG,7,2022102302,970,0920,CIN,58935,970.0,"(15:00) (Shotgun) J.Burrow pass deep right to J.Chase for 32 yards, TOUCHDOWN.",2,play_type_pass,2,1,10,0920,15:00,ATL 32,32,ATL,78,2022-10-23T17:42:31.000Z,false,false,true,false,false,false,20,0,15:00,14:56,right,APPROVED,14,0,true,10.0,87.5,true,true
2022,REG,7,2022102302,1625,0920,CIN,58935,1625.0,(1:23) (Shotgun) J.Burrow pass short middle to T.Higgins to ATL 41 for 25 yards (J.Hawkins; I.Oliver).,2,play_type_pass,2,2,17,0920,01:23,CIN 34,34,CIN,44,2022-10-23T18:13:40.000Z,false,false,false,false,false,false,21,7,1:23,1:18,right,APPROVED,21,7,true,17.71,60.57,true,true
2022,REG,7,2022102302,1649,0920,CIN,58935,1649.0,"(:57) (No Huddle, Shotgun) J.Burrow pass short left to J.Chase for 41 yards, TOUCHDOWN.",2,play_type_pass,2,1,10,0920,00:57,ATL 41,41,ATL,69,2022-10-23T18:14:06.000Z,false,false,true,false,false,false,27,7,:59,:50,right,APPROVED,21,7,true,10.0,78.46,true,true
2022,REG,7,2022102302,1705,0200,ATL,58935,1705.0,"(:49) (Shotgun) M.Mariota pass deep middle to D.Byrd for 75 yards, TOUCHDOWN.",2,play_type_pass,2,1,10,0200,00:49,ATL 25,25,ATL,85,2022-10-23T18:18:33.000Z,false,false,true,false,false,false,28,13,:49,:40,left,APPROVED,28,7,true,10.0,75.02,true,true
2022,REG,7,2022102302,1865,0200,ATL,58935,1865.0,"(:20) K.Huber punts 37 yards to ATL 19, Center-C.Adomitis. A.Williams to CIN 25 for 56 yards (M.Bailey).",2,play_type_punt,2,4,4,0920,00:20,CIN 44,44,CIN,54,2022-10-23T18:24:55.000Z,true,false,false,false,false,true,28,14,:20,:04,right,APPROVED,28,14,true,3.82,57.53,true,true
2022,REG,7,2022102302,2606,0920,CIN,58935,2606.0,(2:36) (Shotgun) M.Mariota sacked at ATL 34 for -8 yards (S.Hubbard).,2,play_type_sack,3,3,7,0200,02:36,ATL 42,42,ATL,68,2022-10-23T19:12:46.000Z,false,false,false,false,false,false,35,17,2:37,2:32,left,APPROVED,35,17,false,7.81,60.67,true,true
2022,REG,7,2022102302,2984,0920,CIN,58935,2984.0,"(9:33) (No Huddle, Shotgun) M.Mariota sacked at ATL 43 for -8 yards (J.Ossai).",2,play_type_sack,4,3,5,0200,09:33,CIN 49,49,CIN,61,2022-10-23T19:26:13.000Z,false,false,false,false,false,false,35,17,9:35,9:30,right,APPROVED,35,17,false,5.53,65.85,true,true
2022,REG,7,2022102303,99,1540,DET,58936,99.0,(14:17) (Shotgun) D.Prescott sacked at DAL 18 for -9 yards (sack split by A.Hutchinson and A.Anzalone).,2,play_type_sack,1,3,8,1200,14:17,DAL 27,27,DAL,83,2022-10-23T17:04:22.000Z,false,false,false,false,false,false,0,0,14:18,14:13,left,APPROVED,0,0,false,8.52,75.19,true,true
2022,REG,7,2022102303,1842,1200,DAL,58936,1842.0,(13:49) (Shotgun) J.Goff pass deep left intended for J.Reynolds INTERCEPTED by T.Diggs at DAL 15. T.Diggs to DAL 18 for 3 yards (J.Reynolds).,2,play_type_pass,3,2,2,1540,13:49,DET 49,49,DET,59,2022-10-23T18:32:25.000Z,false,false,false,false,false,true,3,6,13:50,13:39,right,APPROVED,3,6,true,2.6,60.35,true,false
2022,REG,7,2022102303,2219,1200,DAL,58936,2219.0,"(7:11) J.Fox punts 43 yards to DAL 7, Center-S.Daly. K.Turpin to DET 41 for 52 yards (D.Elliott).",2,play_type_punt,3,4,8,1540,07:11,50,50,,60,2022-10-23T18:47:38.000Z,true,false,false,false,false,true,10,6,,6:57,right,APPROVED,10,6,true,8.19,67.43,true,true
2022,REG,7,2022102303,2289,1540,DET,58936,2289.0,(5:35) (Shotgun) D.Prescott sacked at DET 40 for -7 yards (A.Hutchinson).,2,play_type_sack,3,3,2,1200,05:35,DET 33,33,DET,43,2022-10-23T18:52:03.000Z,false,false,false,false,false,false,10,6,5:36,5:33,left,APPROVED,10,6,false,2.51,41.16,true,true
2022,REG,7,2022102303,2893,1200,DAL,58936,2893.0,(8:29) (Shotgun) J.Goff pass short middle intended for T.Kennedy INTERCEPTED by J.Lewis at DAL 46. J.Lewis to DAL 46 for no gain (T.Kennedy). DAL-J.Lewis was injured during the play. His return is Questionable.,2,play_type_pass,4,3,12,1540,08:29,DET 42,42,DET,68,2022-10-23T19:19:28.000Z,false,false,false,false,false,true,10,6,8:29,8:23,left,APPROVED,10,6,true,12.54,56.25,true,true
2022,REG,7,2022102303,3307,1200,DAL,58936,3307.0,"(2:23) (No Huddle, Shotgun) J.Goff sacked at DET 24 for -8 yards (S.Williams). FUMBLES (S.Williams) [S.Williams], RECOVERED by DAL-S.Williams at DET 24. S.Williams to DET 24 for no gain (J.Goff).",2,play_type_sack,4,2,3,1540,02:23,DET 32,32,DET,78,2022-10-23T19:33:45.000Z,false,false,false,false,false,true,17,6,2:25,2:16,left,APPROVED,17,6,false,3.34,75.44,true,true
2022,REG,7,2022102303,3379,1200,DAL,58936,3379.0,"(2:15) (Shotgun) T.Pollard right tackle to DET 3 for 25 yards (A.Oruwariye, A.Anzalone).",2,play_type_rush,4,2,14,1200,02:15,DET 28,28,DET,82,2022-10-23T19:36:50.000Z,false,false,false,false,false,false,17,6,2:15,2:10,right,APPROVED,17,6,true,14.64,95.49,true,true
2022,REG,7,2022102303,3435,1200,DAL,58936,3435.0,"(2:00) D.Prescott pass short left to P.Hendershot for 2 yards, TOUCHDOWN. DET-M.Rodriguez was injured during the play. His return is Questionable.",2,play_type_pass,4,2,2,1200,02:00,DET 2,2,DET,108,2022-10-23T19:40:51.000Z,false,false,true,true,false,false,23,6,2:00,1:56,right,APPROVED,17,6,true,2.67,110.0,true,true
2022,REG,7,2022102303,3627,1200,DAL,58936,3627.0,"(:58) (Shotgun) J.Goff sacked at DET 38 for -10 yards (M.Parsons). FUMBLES (M.Parsons), RECOVERED by DAL-D.Armstrong at DET 42. D.Armstrong to DET 40 for 2 yards (P.Sewell). FUMBLES (P.Sewell), recovered by DAL-D.Lawrence at DET 41. D.Lawrence to DET 41 for no gain (J.Goff).",2,play_type_sack,4,2,5,1540,00:58,DET 48,48,DET,62,2022-10-23T19:46:30.000Z,false,false,false,false,false,true,24,6,:58,:52,left,APPROVED,24,6,false,4.96,57.37,true,true
2022,REG,7,2022102304,245,3410,NYG,58937,245.0,"(10:29) (Shotgun) D.Jones pass deep right to D.Slayton for 32 yards, TOUCHDOWN.",2,play_type_pass,1,2,14,3410,10:29,JAX 32,32,JAX,42,2022-10-23T17:08:53.000Z,false,false,true,false,false,false,0,6,10:30,10:25,left,APPROVED,0,0,true,14.29,27.89,true,true
2022,REG,7,2022102304,432,2250,JAX,58937,432.0,"(7:02) (Shotgun) T.Etienne left guard for 7 yards, TOUCHDOWN.",2,play_type_rush,1,1,7,2250,07:02,NYG 7,7,NYG,103,2022-10-23T17:17:35.000Z,false,false,true,true,false,false,6,7,7:03,6:59,right,APPROVED,0,7,true,7.670000000000002,110.0,true,true
2022,REG,7,2022102304,2284,2250,JAX,58937,2284.0,(14:55) (Shotgun) T.Etienne left end to NYG 24 for 49 yards (K.Thibodeaux).,2,play_type_rush,3,1,10,2250,14:55,JAX 27,27,JAX,83,2022-10-23T18:54:21.000Z,false,false,false,false,false,false,11,13,14:55,14:46,left,APPROVED,11,13,true,10.0,72.73,true,true
2022,REG,7,2022102305,196,2200,IND,58938,196.0,(11:43) (Shotgun) R.Tannehill sacked at TEN 26 for -7 yards (K.Moore).,2,play_type_sack,1,3,9,2100,11:43,TEN 33,33,TEN,77,2022-10-23T17:08:18.000Z,false,false,false,false,false,false,0,0,11:44,11:40,left,APPROVED,0,0,false,9.47,68.2,true,true
2022,REG,7,2022102305,1097,2100,TEN,58938,1097.0,"(9:36) (Shotgun) M.Ryan pass short left intended for P.Campbell INTERCEPTED by A.Adams [B.Dupree] at TEN 24. A.Adams for 76 yards, TOUCHDOWN.",2,play_type_pass,2,2,12,2200,09:36,TEN 28,28,TEN,38,2022-10-23T17:48:06.000Z,false,false,true,false,false,true,9,0,9:37,9:26,left,APPROVED,3,0,true,13.19,26.09,true,true
2022,REG,7,2022102305,1324,2100,TEN,58938,1324.0,"(5:47) (No Huddle, Shotgun) M.Ryan pass short middle intended for M.Pittman INTERCEPTED by D.Long at TEN 34. D.Long to TEN 38 for 4 yards (M.Pittman).",2,play_type_pass,2,3,3,2200,05:47,TEN 38,38,TEN,48,2022-10-23T17:58:52.000Z,false,false,false,false,false,true,10,0,5:49,5:42,left,APPROVED,10,0,true,3.42,45.15,true,true
2022,REG,7,2022102305,2394,2200,IND,58938,2394.0,"(4:12) (No Huddle, Shotgun) M.Ryan pass short left to P.Campbell for 4 yards, TOUCHDOWN.",2,play_type_pass,3,2,4,2200,04:12,TEN 4,4,TEN,14,2022-10-23T18:54:37.000Z,false,false,true,true,false,false,13,6,4:13,4:08,left,APPROVED,13,0,true,4.78,10.0,true,true
2022,REG,7,2022102305,3550,2100,TEN,58938,3550.0,(2:00) D.Henry left guard to IND 23 for 21 yards (J.Blackmon).,2,play_type_rush,4,2,8,2100,02:00,IND 44,44,IND,54,2022-10-23T19:52:22.000Z,false,false,false,false,false,false,19,10,2:00,1:54,left,APPROVED,19,10,true,7.98,46.63,true,true
2022,REG,7,2022102306,530,1800,GB,58939,530.0,"(6:45) A.Rodgers pass short middle to A.Jones for 4 yards, TOUCHDOWN.",2,play_type_pass,1,2,4,1800,06:45,WAS 4,4,WAS,106,2022-10-23T17:22:01.000Z,false,false,true,true,false,false,0,6,6:46,6:41,right,APPROVED,0,0,true,4.87,110.0,true,true
2022,REG,7,2022102306,659,1800,GB,58939,659.0,"(5:05) T.Way punts 43 yards to GB 20, Center-C.Cheeseman. Am.Rodgers MUFFS catch, touched at GB 18, RECOVERED by WAS-P.Butler at GB 17.",2,play_type_punt,1,4,3,5110,05:05,WAS 37,37,WAS,73,2022-10-23T17:28:41.000Z,true,false,false,false,false,false,0,7,5:05,4:57,left,APPROVED,0,7,false,3.4,70.52,true,true
2022,REG,7,2022102306,1087,1800,GB,58939,1087.0,"(13:42) (Shotgun) T.Heinicke pass short right intended for J.McKissic INTERCEPTED by D.Campbell [R.Gary] at GB 37. D.Campbell for 63 yards, TOUCHDOWN.",2,play_type_pass,2,3,5,5110,13:42,GB 41,41,GB,69,2022-10-23T17:46:24.000Z,false,false,true,false,false,true,3,13,13:43,13:30,right,APPROVED,3,7,true,5.86,73.85,true,true
2022,REG,7,2022102306,2460,5110,WAS,58939,2460.0,"(11:55) (Shotgun) T.Heinicke pass deep right to T.McLaurin for 37 yards, TOUCHDOWN.",2,play_type_pass,3,1,10,5110,11:55,GB 37,37,GB,73,2022-10-23T19:06:45.000Z,false,false,true,false,false,false,16,14,11:56,11:51,right,APPROVED,10,14,true,10.0,82.37,true,true
2022,REG,7,2022102306,3820,1800,GB,58939,3820.0,"(3:33) (Shotgun) A.Rodgers pass deep left to A.Jones for 21 yards, TOUCHDOWN.",2,play_type_pass,4,1,10,1800,03:33,WAS 21,21,WAS,89,2022-10-23T20:04:08.000Z,false,false,true,false,false,false,23,20,3:33,3:27,right,APPROVED,23,14,true,10.0,98.83,true,true
2022,REG,7,2022102307,641,3430,NYJ,58940,641.0,"(7:44) Br.Hall left end for 62 yards, TOUCHDOWN.",2,play_type_rush,1,1,10,3430,07:44,NYJ 38,38,NYJ,72,2022-10-23T20:32:52.000Z,false,false,true,false,false,false,0,6,7:45,7:36,left,APPROVED,0,0,true,10.0,61.89,true,true
2022,REG,7,2022102307,1084,1400,DEN,58940,1084.0,"(:54) Z.Wilson sacked at NYJ 19 for -10 yards (D.Jones). Denver challenged the runner was down by contact ruling, and the play was Upheld. The ruling on the field stands. (Timeout #1.)",2,play_type_sack,1,2,6,3430,00:54,NYJ 29,29,NYJ,81,2022-10-23T20:50:23.000Z,false,false,false,false,false,false,6,7,:55,:48,left,APPROVED,6,7,false,6.11,75.02,true,true
2022,REG,7,2022102307,1526,1400,DEN,58940,1526.0,(8:31) (Shotgun) B.Rypien pass deep right to J.Jeudy to NYJ 42 for 45 yards (A.Gardner) [N.Shepherd].,2,play_type_pass,2,1,10,1400,08:31,DEN 13,13,DEN,97,2022-10-23T21:15:20.000Z,false,false,false,false,false,false,6,7,8:32,8:23,left,APPROVED,6,7,true,10.0,87.42,true,true
2022,REG,7,2022102307,1976,3430,NYJ,58940,1976.0,(2:00) (Shotgun) Z.Wilson pass short left to Mi.Carter pushed ob at DEN 33 for 37 yards (J.Simmons).,2,play_type_pass,2,1,25,3430,02:00,NYJ 30,30,NYJ,40,2022-10-23T21:35:30.000Z,false,false,false,false,false,false,9,7,2:00,1:52,right,APPROVED,9,7,true,25.0,65.01,true,true
2022,REG,7,2022102307,3023,3430,NYJ,58940,3023.0,(1:33) B.Rypien pass deep left intended for G.Dulcich INTERCEPTED by L.Joyner at NYJ 36. L.Joyner pushed ob at DEN 37 for 27 yards (C.Fleming).,2,play_type_pass,3,1,10,1400,01:33,DEN 42,42,DEN,68,2022-10-23T22:31:34.000Z,false,false,false,false,false,true,9,10,1:35,1:24,left,APPROVED,9,10,true,10.0,58.39,true,true
2022,REG,7,2022102308,971,2120,HOU,58941,971.0,"(11:22) (Shotgun) D.Mills pass short right to C.Moore for 13 yards, TOUCHDOWN.",2,play_type_pass,2,3,9,2120,11:22,LV 13,13,LV,23,2022-10-23T20:46:37.000Z,false,false,true,false,false,false,3,6,11:23,11:18,left,APPROVED,3,0,true,9.96,14.09,true,true
2022,REG,7,2022102308,1614,2520,LV,58941,1614.0,"(:31) (Shotgun) D.Carr pass deep middle to M.Hollins for 26 yards, TOUCHDOWN.",2,play_type_pass,2,2,7,2520,00:31,HOU 26,26,HOU,84,2022-10-23T21:16:54.000Z,false,false,true,false,false,false,9,10,:31,:28,right,APPROVED,3,10,true,7.68,90.7,true,true
2022,REG,7,2022102308,1774,2120,HOU,58941,1774.0,(13:34) (Shotgun) D.Mills pass short right to J.Akins to LV 38 for 39 yards (D.Harmon).,2,play_type_pass,3,3,3,2120,13:34,HOU 23,23,HOU,87,2022-10-23T21:36:10.000Z,false,false,false,false,false,false,10,10,13:35,13:26,left,APPROVED,10,10,true,3.75,84.26,true,true
2022,REG,7,2022102308,2140,2520,LV,58941,2140.0,"(5:54) J.Jacobs left end for 4 yards, TOUCHDOWN.",2,play_type_rush,3,1,4,2520,05:54,HOU 4,4,HOU,106,2022-10-23T21:49:48.000Z,false,false,true,true,false,false,16,13,5:55,5:50,right,APPROVED,10,13,true,4.75,110.0,true,true
2022,REG,7,2022102308,2311,2120,HOU,58941,2311.0,"(3:20) (Shotgun) D.Mills pass deep left to P.Dorsett for 25 yards, TOUCHDOWN.",2,play_type_pass,3,3,7,2120,03:20,LV 25,25,LV,35,2022-10-23T21:57:30.000Z,false,false,true,false,false,false,17,19,3:20,3:16,left,APPROVED,17,13,true,7.38,28.23,true,true
2022,REG,7,2022102308,2600,2520,LV,58941,2600.0,"(13:37) J.Jacobs up the middle for 7 yards, TOUCHDOWN.",2,play_type_rush,4,1,7,2520,13:37,HOU 7,7,HOU,17,2022-10-23T22:11:34.000Z,false,false,true,true,false,false,23,20,13:38,13:34,left,APPROVED,17,20,true,7.210000000000001,10.0,true,true
2022,REG,7,2022102308,2953,2520,LV,58941,2953.0,"(7:12) J.Jacobs left guard for 15 yards, TOUCHDOWN.",2,play_type_rush,4,1,10,2520,07:12,HOU 15,15,HOU,25,2022-10-23T22:28:06.000Z,false,false,true,false,false,false,30,20,7:13,7:07,left,APPROVED,24,20,true,10.0,14.82,true,true
2022,REG,7,2022102308,3207,2520,LV,58941,3207.0,"(3:39) (No Huddle, Shotgun) D.Mills pass short middle intended for B.Jordan INTERCEPTED by D.Harmon at LV 27. D.Harmon for 73 yards, TOUCHDOWN.",2,play_type_pass,4,1,10,2120,03:39,LV 40,40,LV,70,2022-10-23T22:39:46.000Z,false,false,true,false,false,true,37,20,3:39,3:27,right,APPROVED,31,20,true,10.0,79.59,true,true
2022,REG,7,2022102309,135,4400,LAC,58942,135.0,(13:29) (Shotgun) G.Smith pass short middle intended for T.Lockett INTERCEPTED by K.Murray (A.Samuel) at LAC 43. K.Murray to SEA 41 for 16 yards (W.Dissly).,2,play_type_pass,1,1,10,4600,13:29,50,50,,60,2022-10-23T20:28:56.000Z,false,false,false,false,false,true,0,0,13:30,13:21,left,APPROVED,0,0,true,10.0,50.1,true,true
2022,REG,7,2022102309,619,4600,SEA,58942,619.0,"(7:35) (Shotgun) G.Smith pass deep right to M.Goodwin for 20 yards, TOUCHDOWN.",2,play_type_pass,1,3,14,4600,07:35,LAC 20,20,LAC,30,2022-10-23T20:48:37.000Z,false,false,true,false,false,false,0,6,7:35,7:32,left,APPROVED,0,0,true,14.55,15.97,true,true
2022,REG,7,2022102309,758,4600,SEA,58942,758.0,(5:36) (Shotgun) J.Herbert pass short middle intended for D.Carter INTERCEPTED by R.Neal at SEA 44. R.Neal to LAC 43 for 13 yards (T.McKitty).,2,play_type_pass,1,3,7,4400,05:36,LAC 43,43,LAC,53,2022-10-23T20:55:07.000Z,false,false,false,false,false,true,0,7,5:37,5:28,right,APPROVED,0,7,true,7.68,59.73,true,true
2022,REG,7,2022102309,881,4600,SEA,58942,881.0,"(4:23) (Shotgun) K.Walker left guard for 12 yards, TOUCHDOWN.",2,play_type_rush,1,1,10,4600,04:23,LAC 12,12,LAC,22,2022-10-23T20:58:49.000Z,false,false,true,false,false,false,0,13,4:23,4:19,left,APPROVED,0,7,true,10.0,12.4,true,true
2022,REG,7,2022102309,1023,4600,SEA,58942,1023.0,"(2:43) (Shotgun) J.Herbert sacked at LAC 40 for -9 yards (D.Taylor). FUMBLES (D.Taylor), RECOVERED by SEA-D.Taylor at LAC 40. D.Taylor to LAC 19 for 21 yards (J.Herbert).",2,play_type_sack,1,3,10,4400,02:43,LAC 49,49,LAC,59,2022-10-23T21:06:06.000Z,false,false,false,false,false,true,0,14,2:43,2:36,right,APPROVED,0,14,false,10.65,68.76,true,true
2022,REG,7,2022102309,1352,4400,LAC,58942,1352.0,"(12:50) (Shotgun) A.Ekeler left guard for 7 yards, TOUCHDOWN.",2,play_type_rush,2,1,7,4400,12:50,SEA 7,7,SEA,17,2022-10-23T21:20:30.000Z,false,false,true,true,false,false,6,17,12:50,12:46,left,APPROVED,0,17,true,8.170000000000002,10.0,true,true
2022,REG,7,2022102309,1581,4400,LAC,58942,1581.0,"(9:43) (Shotgun) J.Herbert pass short right to M.Williams for 13 yards, TOUCHDOWN.",2,play_type_pass,2,3,3,4400,09:43,SEA 13,13,SEA,23,2022-10-23T21:32:02.000Z,false,false,true,false,false,false,13,17,9:44,9:38,left,APPROVED,7,17,true,3.77,20.28,true,true
2022,REG,7,2022102309,2062,4600,SEA,58942,2062.0,"(1:46) (Shotgun) G.Smith pass deep left to M.Goodwin for 23 yards, TOUCHDOWN. LAC-J.Jackson was injured during the play.",2,play_type_pass,2,2,10,4600,01:46,LAC 23,23,LAC,87,2022-10-23T21:54:11.000Z,false,false,true,false,false,false,14,23,1:46,1:42,right,APPROVED,14,17,true,10.9,96.78,true,true
2022,REG,7,2022102309,3733,4600,SEA,58942,3733.0,(7:37) (Shotgun) J.Herbert sacked at SEA 38 for -8 yards (Q.Jefferson). SEA-U.Nwosu was injured during the play.,2,play_type_sack,4,3,5,4400,07:37,SEA 30,30,SEA,40,2022-10-23T23:20:51.000Z,false,false,false,false,false,false,16,30,7:37,7:33,left,APPROVED,16,30,false,5.75,35.15,true,true
2022,REG,7,2022102309,3809,4600,SEA,58942,3809.0,"(7:08) K.Walker right end for 74 yards, TOUCHDOWN.",2,play_type_rush,4,1,10,4600,07:08,SEA 26,26,SEA,36,2022-10-23T23:26:09.000Z,false,false,true,false,false,false,16,36,7:08,6:57,right,APPROVED,16,30,true,10.0,45.48,true,true
2022,REG,7,2022102309,4143,4400,LAC,58942,4143.0,"(3:26) (Shotgun) J.Herbert pass short right to A.Ekeler for 1 yard, TOUCHDOWN.",2,play_type_pass,4,4,1,4400,03:26,SEA 1,1,SEA,11,2022-10-23T23:35:31.000Z,false,false,true,true,false,false,22,37,3:26,3:23,left,APPROVED,16,37,true,1.94,10.0,true,true
2022,REG,7,2022102310,359,4500,SF,58943,359.0,(8:50) (Shotgun) P.Mahomes pass short middle intended for S.Moore INTERCEPTED by T.Hufanga (T.Gipson) at KC 36. T.Hufanga to KC 34 for 2 yards (M.Valdes-Scantling).,2,play_type_pass,1,3,7,2310,08:50,KC 28,28,KC,38,2022-10-23T20:36:49.000Z,false,false,false,false,false,true,3,0,8:51,8:44,right,APPROVED,3,0,true,7.33,44.5,true,true
2022,REG,7,2022102310,459,4500,SF,58943,459.0,"(6:36) (Shotgun) J.Garoppolo pass short right to R.McCloud for 8 yards, TOUCHDOWN. Penalty on KC-T.Stallworth, Roughing the Passer, superseded.",2,play_type_pass,1,2,8,4500,06:36,KC 8,8,KC,18,2022-10-23T20:40:13.000Z,false,false,true,true,false,false,9,0,6:37,6:31,left,APPROVED,3,0,true,7.95,10.0,true,true
2022,REG,7,2022102310,796,2310,KC,58943,796.0,"(2:14) (Shotgun) P.Mahomes pass short middle to M.Hardman for 8 yards, TOUCHDOWN. 12 YAC",2,play_type_pass,1,1,8,2310,02:14,SF 8,8,SF,102,2022-10-23T20:54:52.000Z,false,false,true,true,false,false,10,6,2:15,2:11,right,APPROVED,10,0,true,8.530000000000001,110.0,true,true
2022,REG,7,2022102310,917,4500,SF,58943,917.0,"(1:18) (Shotgun) J.Garoppolo pass short middle to B.Aiyuk to SF 45 for 21 yards (C.Lammons, J.Thornhill). 12 YAC",2,play_type_pass,1,3,8,4500,01:18,SF 24,24,SF,86,2022-10-23T21:00:47.000Z,false,false,false,false,false,false,10,7,1:19,1:13,left,APPROVED,10,7,true,8.33,78.19,true,true
2022,REG,7,2022102310,1107,2310,KC,58943,1107.0,(12:56) (Shotgun) J.Garoppolo sacked at KC 32 for -8 yards (C.Jones).,2,play_type_sack,2,3,7,4500,12:56,KC 24,24,KC,86,2022-10-23T21:07:58.000Z,false,false,false,false,false,false,10,7,12:56,12:52,right,APPROVED,10,7,false,7.45,92.8,true,true
2022,REG,7,2022102310,1488,2310,KC,58943,1488.0,"(7:17) M.Hardman right end for 25 yards, TOUCHDOWN.",2,play_type_rush,2,1,10,2310,07:17,SF 25,25,SF,35,2022-10-23T21:22:43.000Z,false,false,true,false,false,false,13,13,7:18,7:11,left,APPROVED,13,7,true,10.0,25.29,true,true
2022,REG,7,2022102310,1653,4500,SF,58943,1653.0,(5:18) 7 YAC (Shotgun) J.Garoppolo pass deep right to G.Kittle to KC 46 for 34 yards (J.Reid).,2,play_type_pass,2,2,15,4500,05:18,SF 20,20,SF,30,2022-10-23T21:29:54.000Z,false,false,false,false,false,false,13,14,5:18,5:13,right,APPROVED,13,14,true,15.38,44.45,true,true
2022,REG,7,2022102310,1877,2310,KC,58943,1877.0,"(1:55) M.Wishnowsky punts 27 yards to KC 11, Center-T.Pepper. S.Moore MUFFS catch, touched at KC 9, RECOVERED by SF-S.Womack at KC 12.",2,play_type_punt,2,4,19,4500,01:55,KC 38,38,KC,72,2022-10-23T21:38:29.000Z,true,false,false,false,false,false,13,14,1:55,1:50,right,APPROVED,13,14,false,19.61,90.65,true,true
2022,REG,7,2022102310,1972,2310,KC,58943,1972.0,(1:34) (Shotgun) J.Garoppolo pass short left intended for G.Kittle INTERCEPTED by J.Williams [G.Karlaftis] at KC -1. J.Williams to KC 6 for 7 yards (B.Aiyuk).,2,play_type_pass,2,3,3,4500,01:34,KC 5,5,KC,105,2022-10-23T21:41:47.000Z,false,false,false,false,false,true,13,14,1:34,1:30,right,APPROVED,13,14,true,3.29,107.81,true,true
2022,REG,7,2022102310,2066,2310,KC,58943,2066.0,(1:09) 0 YAC (Shotgun) P.Mahomes pass deep middle to M.Valdes-Scantling to SF 30 for 40 yards (T.Gipson).,2,play_type_pass,2,1,10,2310,01:09,KC 30,30,KC,80,2022-10-23T21:49:55.000Z,false,false,false,false,false,false,13,14,1:09,1:04,left,APPROVED,13,14,true,10.0,70.15,true,true
2022,REG,7,2022102310,2422,2310,KC,58943,2422.0,"(13:34) (Shotgun) C.Edwards-Helaire right end for 16 yards, TOUCHDOWN.",2,play_type_rush,3,1,10,2310,13:34,SF 16,16,SF,26,2022-10-23T22:10:48.000Z,false,false,true,false,false,false,13,20,13:35,13:30,left,APPROVED,13,14,true,10.0,16.02,true,true
2022,REG,7,2022102310,2989,2310,KC,58943,2989.0,(4:21) (Shotgun) P.Mahomes pass short left to J.McKinnon to SF 4 for 34 yards (T.Gipson). 37 YAC,2,play_type_pass,3,3,20,2310,04:21,SF 38,38,SF,48,2022-10-23T22:33:22.000Z,false,false,false,false,false,false,16,21,4:22,4:14,left,APPROVED,16,21,true,20.53,27.8,true,true
2022,REG,7,2022102310,3013,2310,KC,58943,3013.0,"(3:35) (Shotgun) P.Mahomes pass short left to Ju.Watson for 4 yards, TOUCHDOWN. 0 YAC",2,play_type_pass,3,1,4,2310,03:35,SF 4,4,SF,14,2022-10-23T22:34:08.000Z,false,false,true,true,false,false,16,27,3:36,3:32,left,APPROVED,16,21,true,3.59,10.0,true,true
2022,REG,7,2022102310,3406,4500,SF,58943,3406.0,"(14:19) (Shotgun) J.Garoppolo pass short middle to G.Kittle for 15 yards, TOUCHDOWN. 0 YAC",2,play_type_pass,4,3,10,4500,14:19,KC 15,15,KC,25,2022-10-23T22:49:01.000Z,false,false,true,false,false,false,22,28,14:20,14:18,left,APPROVED,16,28,true,10.58,14.44,true,true
2022,REG,7,2022102310,3513,2310,KC,58943,3513.0,(12:54) (Shotgun) P.Mahomes pass deep right to M.Valdes-Scantling to SF 24 for 57 yards (C.Ward). 16 YAC,2,play_type_pass,4,3,11,2310,12:54,KC 19,19,KC,29,2022-10-23T22:54:38.000Z,false,false,false,false,false,false,23,28,,,right,APPROVED,23,28,true,11.56,39.58,true,true
2022,REG,7,2022102310,3586,2310,KC,58943,3586.0,"(10:48) M.Hardman left end for 3 yards, TOUCHDOWN.",2,play_type_rush,4,1,3,2310,10:48,SF 3,3,SF,107,2022-10-23T22:56:44.000Z,false,false,true,true,false,false,23,34,10:49,10:46,right,APPROVED,23,28,true,3.719999999999999,110.0,true,true
2022,REG,7,2022102310,3731,2310,KC,58943,3731.0,"(8:55) (Shotgun) J.Garoppolo sacked in End Zone for -6 yards, SAFETY (F.Clark).",2,play_type_sack,4,3,9,4500,08:55,SF 6,6,SF,104,2022-10-23T23:03:28.000Z,false,false,true,false,false,false,23,37,8:55,8:51,left,APPROVED,23,35,false,9.57,95.21,true,true
2022,REG,7,2022102310,3897,2310,KC,58943,3897.0,"(6:15) (Shotgun) P.Mahomes pass short middle to J.Smith-Schuster for 45 yards, TOUCHDOWN. 31 YAC",2,play_type_pass,4,3,6,2310,06:15,SF 45,45,SF,65,2022-10-23T23:09:24.000Z,false,false,true,false,false,false,23,43,6:16,6:06,right,APPROVED,23,37,true,6.0,70.15,true,true
2022,REG,7,2022102310,4149,2310,KC,58943,4149.0,"(4:08) (No Huddle, Shotgun) J.Garoppolo sacked at SF 49 for -8 yards (C.Jones). FUMBLES (C.Jones), touched at KC 48, RECOVERED by KC-M.Herring at KC 49.",2,play_type_sack,4,1,10,4500,04:08,KC 43,43,KC,53,2022-10-23T23:17:03.000Z,false,false,false,false,false,true,23,44,,4:03,left,APPROVED,23,44,false,10.0,43.08,true,true
2022,REG,7,2022102310,4524,2310,KC,58943,4524.0,"(1:35) (No Huddle, Shotgun) B.Purdy pass deep middle intended for J.Jennings INTERCEPTED by J.Thornhill at KC -2. Touchback.",2,play_type_pass,4,1,10,4500,01:35,KC 18,18,KC,28,2022-10-23T23:29:32.000Z,false,false,false,false,false,true,23,44,1:38,1:32,left,APPROVED,23,44,true,10.0,17.72,true,true
2022,REG,7,2022102311,278,2700,MIA,58944,278.0,"(10:51) (Shotgun) T.Tagovailoa pass short left to R.Mostert for 8 yards, TOUCHDOWN.",2,play_type_pass,1,3,3,2700,10:51,PIT 8,8,PIT,102,2022-10-24T00:31:04.000Z,false,false,true,false,false,false,6,0,10:51,10:47,right,APPROVED,0,0,true,3.36,104.67,true,true
2022,REG,7,2022102311,1337,3900,PIT,58944,1337.0,(8:37) (Shotgun) K.Pickett pass deep left to G.Pickens ran ob at PIT 40 for 30 yards (N.Igbinoghene).,2,play_type_pass,2,2,14,3900,08:37,PIT 10,10,PIT,20,2022-10-24T01:21:50.000Z,false,false,false,false,false,false,13,3,8:38,8:33,right,APPROVED,13,3,true,14.46,33.64,true,true
2022,REG,7,2022102311,1653,3900,PIT,58944,1653.0,"(1:55) (Shotgun) K.Pickett pass short right to G.Pickens for 7 yards, TOUCHDOWN.",2,play_type_pass,2,2,7,3900,01:55,MIA 7,7,MIA,103,2022-10-24T01:32:26.000Z,false,false,true,true,false,false,13,9,1:55,1:53,right,APPROVED,13,3,true,8.07,110.0,true,true
2022,REG,7,2022102311,2069,2700,MIA,58944,2069.0,(14:19) (Shotgun) K.Pickett sacked at PIT 15 for -11 yards (J.Phillips).,2,play_type_sack,3,2,11,3900,14:19,PIT 26,26,PIT,84,2022-10-24T02:00:43.000Z,false,false,false,false,false,false,16,10,14:20,,left,APPROVED,16,10,false,11.44,73.34,true,true
2022,REG,7,2022102311,2184,2700,MIA,58944,2184.0,"(11:53) (No Huddle, Shotgun) T.Tagovailoa pass short left to J.Waddle to PIT 39 for 25 yards (M.Jack).",2,play_type_pass,3,3,2,2700,11:53,MIA 36,36,MIA,46,2022-10-24T02:06:06.000Z,false,false,false,false,false,false,16,10,11:54,11:48,right,APPROVED,16,10,true,2.75,47.44,true,true
2022,REG,7,2022102311,3713,2700,MIA,58944,3713.0,(3:06) (Shotgun) K.Pickett pass short right intended for D.Johnson INTERCEPTED by J.Holland at MIA 18. J.Holland ran ob at PIT 49 for 33 yards (K.Pickett).,2,play_type_pass,4,3,16,3900,03:06,MIA 30,30,MIA,80,2022-10-24T03:08:39.000Z,false,false,false,false,false,true,16,10,3:06,2:59,right,APPROVED,16,10,true,17.4,96.69,true,true
2022,REG,7,2022102311,3978,3900,PIT,58944,3978.0,"(1:06) (No Huddle, Shotgun) K.Pickett pass deep middle to P.Freiermuth to MIA 47 for 21 yards (E.Rowe).",2,play_type_pass,4,4,6,3900,01:06,PIT 32,32,PIT,42,2022-10-24T03:19:38.000Z,false,false,false,false,false,false,16,10,1:07,1:02,right,APPROVED,16,10,true,5.48,46.97,true,true
2022,REG,7,2022102311,4073,2700,MIA,58944,4073.0,"(:25) (No Huddle, Shotgun) K.Pickett pass deep left intended for D.Johnson INTERCEPTED by N.Igbinoghene at MIA -1. Touchback.",2,play_type_pass,4,2,2,3900,00:25,MIA 25,25,MIA,85,2022-10-24T03:21:32.000Z,false,false,false,false,false,true,16,10,:25,:19,right,APPROVED,16,10,true,2.32,86.77,true,true
2022,REG,7,2022102400,699,0810,CHI,58945,699.0,"(2:16) (Shotgun) J.Fields left tackle for 3 yards, TOUCHDOWN.",2,play_type_rush,1,1,3,0810,02:16,NE 3,3,NE,13,2022-10-25T00:41:52.000Z,false,false,true,true,false,false,0,9,2:16,2:13,left,APPROVED,0,3,true,3.4499999999999993,10.0,true,true
2022,REG,7,2022102400,979,0810,CHI,58945,979.0,(13:16) (Shotgun) M.Jones pass short right intended for J.Smith INTERCEPTED by J.Brisker at CHI 21. J.Brisker to CHI 27 for 6 yards (R.Stevenson).,2,play_type_pass,2,2,10,3200,13:16,CHI 36,36,CHI,46,2022-10-25T00:58:31.000Z,false,false,false,false,false,true,0,10,13:16,13:10,left,APPROVED,0,10,true,10.36,36.0,true,true
2022,REG,7,2022102400,1049,3200,NE,58945,1049.0,"(13:01) (Shotgun) J.Fields sacked at CHI 18 for -9 yards (sack split by M.Wilson and M.Judon). FUMBLES (M.Wilson) [M.Judon], ball out of bounds at NE 18.",2,play_type_sack,2,3,10,0810,13:01,CHI 27,27,CHI,37,2022-10-25T01:03:06.000Z,false,false,false,false,false,false,0,10,13:01,12:53,right,APPROVED,0,10,false,10.37,46.18,true,true
2022,REG,7,2022102400,1322,3200,NE,58945,1322.0,"(7:44) (No Huddle, Shotgun) J.Fields pass short middle intended for E.St. Brown INTERCEPTED by M.Bryant (M.Judon) at NE 39. M.Bryant to 50 for 11 yards (E.St. Brown). CHI-T.Jenkins was injured during the play.",2,play_type_pass,2,3,5,0810,07:44,50,50,,60,2022-10-25T01:14:49.000Z,false,false,false,false,false,true,7,10,7:45,7:37,right,APPROVED,7,10,true,5.29,64.78,true,true
2022,REG,7,2022102400,1351,3200,NE,58945,1351.0,(7:34) B.Zappe pass deep left to D.Parker to CHI 7 for 43 yards (J.Johnson).,2,play_type_pass,2,1,10,3200,07:34,50,50,,60,2022-10-25T01:17:56.000Z,false,false,false,false,false,false,7,10,7:34,7:28,left,APPROVED,7,10,true,10.0,49.96,true,true
2022,REG,7,2022102400,1396,3200,NE,58945,1396.0,"(6:08) R.Stevenson left end for 4 yards, TOUCHDOWN. CHI-M.Pennel was injured during the play.",2,play_type_rush,2,2,4,3200,06:08,CHI 4,4,CHI,14,2022-10-25T01:19:23.000Z,false,false,true,true,false,false,13,10,6:09,6:05,left,APPROVED,7,10,true,4.54,10.0,true,true
2022,REG,7,2022102400,1660,0810,CHI,58945,1660.0,"(2:00) (Shotgun) J.Fields pass short left to K.Herbert for 25 yards, TOUCHDOWN [M.Judon].",2,play_type_pass,2,1,10,0810,02:00,NE 25,25,NE,85,2022-10-25T01:32:24.000Z,false,false,true,false,false,false,14,16,2:00,1:56,right,APPROVED,14,10,true,10.0,94.71,true,true
2022,REG,7,2022102400,2161,0810,CHI,58945,2161.0,(13:35) D.Pettis right end ran ob at NE 36 for 29 yards (D.McCourty).,2,play_type_rush,3,1,10,0810,13:35,CHI 35,35,CHI,75,2022-10-25T02:02:11.000Z,false,false,false,false,false,false,14,20,13:36,13:30,left,APPROVED,14,20,true,10.0,65.16,true,true
2022,REG,7,2022102400,2406,0810,CHI,58945,2406.0,(9:04) (Shotgun) B.Zappe sacked at NE 21 for -8 yards (R.Smith).,2,play_type_sack,3,3,6,3200,09:04,NE 29,29,NE,39,2022-10-25T02:12:04.000Z,false,false,false,false,false,false,14,23,9:04,9:01,right,APPROVED,14,23,false,6.91,44.92,true,true
2022,REG,7,2022102400,2513,0810,CHI,58945,2513.0,(7:28) (Shotgun) J.Fields pass deep left to C.Kmet to NE 49 for 26 yards (D.McCourty).,2,play_type_pass,3,3,7,0810,07:28,CHI 25,25,CHI,85,2022-10-25T02:17:40.000Z,false,false,false,false,false,false,14,23,7:29,7:22,left,APPROVED,14,23,true,7.24,78.2,true,true
2022,REG,7,2022102400,3623,0810,CHI,58945,3623.0,(2:52) (Shotgun) B.Zappe pass short left intended for T.Thornton INTERCEPTED by K.Gordon at CHI 48. K.Gordon to NE 10 for 42 yards (T.Thornton).,2,play_type_pass,4,4,2,3200,02:52,50,50,,60,2022-10-25T03:04:35.000Z,false,false,false,false,false,true,14,33,2:52,2:43,left,APPROVED,14,33,true,2.5,58.07,true,true
2022,REG,8,2022102700,172,4900,TB,58946,172.0,"(12:47) J.Stout punts 45 yards to TB 11, Center-N.Moore. D.Delaney MUFFS catch, RECOVERED by BLT-K.Seymour at TB 6.",2,play_type_punt,1,4,9,0325,12:47,BAL 44,44,BAL,54,2022-10-28T00:19:23.000Z,true,false,false,false,false,false,0,0,12:47,,right,APPROVED,0,0,false,9.7,62.86,true,true
2022,REG,8,2022102700,390,4900,TB,58946,390.0,(9:03) T.Brady pass short middle to C.Godwin pushed ob at BLT 8 for 44 yards (G.Stone).,2,play_type_pass,1,2,1,4900,09:03,TB 48,48,TB,62,2022-10-28T00:28:52.000Z,false,false,false,false,false,false,0,3,9:03,8:56,left,APPROVED,0,3,true,1.47,60.86,true,true
2022,REG,8,2022102700,1799,4900,TB,58946,1799.0,(1:31) (Shotgun) T.Brady pass deep right to M.Evans ran ob at TB 45 for 28 yards (Da.Williams) [J.Madubuike].,2,play_type_pass,2,3,3,4900,01:31,TB 17,17,TB,27,2022-10-28T01:30:54.000Z,false,false,false,false,false,false,10,3,1:31,1:26,right,APPROVED,10,3,true,3.47,29.83,true,true
2022,REG,8,2022102700,2480,0325,BAL,58946,2480.0,"(9:10) L.Jackson pass short right to K.Drake for 5 yards, TOUCHDOWN.",2,play_type_pass,3,1,5,0325,09:10,TB 5,5,TB,15,2022-10-28T02:05:25.000Z,false,false,true,true,false,false,10,9,9:10,9:06,left,APPROVED,10,3,true,6.149999999999999,10.0,false,true
2022,REG,8,2022102700,2870,0325,BAL,58946,2870.0,"(:11) (Shotgun) L.Jackson pass short right to I.Likely for 10 yards, TOUCHDOWN.",2,play_type_pass,3,2,7,0325,00:11,TB 10,10,TB,20,2022-10-28T02:22:11.000Z,false,false,true,false,false,false,10,16,:12,:06,left,APPROVED,10,10,true,7.44,13.18,true,true
2022,REG,8,2022102700,3015,4900,TB,58946,3015.0,(14:20) (Shotgun) T.Brady pass deep left to M.Evans to BLT 13 for 51 yards (G.Stone).,2,play_type_pass,4,2,10,4900,14:20,TB 36,36,TB,74,2022-10-28T02:30:20.000Z,false,false,false,false,false,false,10,17,14:20,14:13,left,APPROVED,10,17,true,10.36,64.3,true,true
2022,REG,8,2022102700,3348,0325,BAL,58946,3348.0,"(7:00) (Shotgun) D.Duvernay left end for 15 yards, TOUCHDOWN.",2,play_type_rush,4,3,1,0325,07:00,TB 15,15,TB,95,2022-10-28T02:46:20.000Z,false,false,true,false,false,false,13,23,7:01,6:57,right,APPROVED,13,17,true,2.03,95.92,true,true
2022,REG,8,2022102700,3764,0325,BAL,58946,3764.0,(4:47) (Shotgun) K.Drake right tackle to TB 21 for 40 yards (M.Edwards).,2,play_type_rush,4,1,10,0325,04:47,BAL 39,39,BAL,49,2022-10-28T03:02:07.000Z,false,false,false,false,false,false,16,24,4:47,4:40,right,APPROVED,16,24,true,10.0,58.97,true,true
2022,REG,8,2022102700,4249,4900,TB,58946,4249.0,"(:53) (Shotgun) T.Brady pass short right to J.Jones for 8 yards, TOUCHDOWN. Penalty on BLT-J.Pierre-Paul, Defensive Offside, declined.",2,play_type_pass,4,4,8,4900,00:53,BAL 8,8,BAL,18,2022-10-28T03:17:59.000Z,false,false,true,true,false,false,22,27,:53,:51,left,APPROVED,16,27,true,8.7,10.0,true,true
2022,REG,8,2022103000,112,2250,JAX,58947,112.0,(14:07) (Shotgun) R.Wilson sacked at DEN 19 for -7 yards (A.Key).,2,play_type_sack,1,3,6,1400,14:07,DEN 26,26,DEN,36,2022-10-30T13:33:07.000Z,false,false,false,false,false,false,0,0,14:09,14:06,right,APPROVED,0,0,false,5.93,41.57,true,true
2022,REG,8,2022103000,323,2250,JAX,58947,323.0,"(10:43) (No Huddle, Shotgun) R.Wilson pass deep left intended for C.Sutton INTERCEPTED by T.Campbell at DEN 37. T.Campbell to DEN 37 for no gain (C.Sutton).",2,play_type_pass,1,2,8,1400,10:43,DEN 19,19,DEN,29,2022-10-30T13:41:04.000Z,false,false,false,false,false,true,0,0,10:43,10:38,right,APPROVED,0,0,true,8.54,36.64,true,true
2022,REG,8,2022103000,476,2250,JAX,58947,476.0,"(7:46) (Shotgun) T.Lawrence pass deep left to E.Engram for 22 yards, TOUCHDOWN.",2,play_type_pass,1,3,6,2250,07:46,DEN 22,22,DEN,32,2022-10-30T13:45:34.000Z,false,false,true,false,false,false,6,0,7:47,7:42,left,APPROVED,0,0,true,6.07,26.06,true,true
2022,REG,8,2022103000,1098,1400,DEN,58947,1098.0,(12:48) (Shotgun) T.Lawrence pass short right intended for M.Jones INTERCEPTED by J.Simmons at DEN -1. Touchback.,2,play_type_pass,2,1,1,2250,12:48,DEN 1,1,DEN,109,2022-10-30T14:11:15.000Z,false,false,false,true,false,true,7,0,12:48,12:43,right,APPROVED,7,0,true,1.4399999999999977,110.0,true,true
2022,REG,8,2022103000,1268,2250,JAX,58947,1268.0,(10:48) (Shotgun) T.Etienne left end pushed ob at DEN 24 for 49 yards (J.Simmons).,2,play_type_rush,2,2,10,2250,10:48,JAX 27,27,JAX,37,2022-10-30T14:18:47.000Z,false,false,false,false,false,false,7,0,10:48,10:40,right,APPROVED,7,0,true,10.35,46.7,true,true
2022,REG,8,2022103000,1602,1400,DEN,58947,1602.0,(3:23) (Shotgun) R.Wilson pass deep left to J.Jeudy ran ob at JAX 6 for 25 yards (R.Jenkins) [J.Allen].,2,play_type_pass,2,3,7,1400,03:23,JAX 31,31,JAX,41,2022-10-30T14:34:12.000Z,false,false,false,false,false,false,10,0,3:24,3:18,left,APPROVED,10,0,true,7.58,34.31,true,true
2022,REG,8,2022103000,1636,1400,DEN,58947,1636.0,"(2:50) (Shotgun) R.Wilson pass short middle to J.Jeudy for 6 yards, TOUCHDOWN.",2,play_type_pass,2,1,6,1400,02:50,JAX 6,6,JAX,16,2022-10-30T14:34:53.000Z,false,false,true,true,false,false,10,6,2:50,2:46,left,APPROVED,10,0,true,6.579999999999998,10.0,true,true
2022,REG,8,2022103000,2625,1400,DEN,58947,2625.0,"(6:24) (No Huddle, Shotgun) R.Wilson pass deep right to G.Dulcich to JAX 1 for 38 yards (T.Herndon, R.Jenkins).",2,play_type_pass,3,2,5,1400,06:24,JAX 39,39,JAX,49,2022-10-30T15:23:18.000Z,false,false,false,false,false,false,10,7,6:26,6:19,left,APPROVED,10,7,true,5.5,44.18,true,true
2022,REG,8,2022103000,2953,2250,JAX,58947,2953.0,(1:14) (Shotgun) R.Wilson sacked at DEN 19 for -8 yards (sack split by D.Smoot and T.Walker).,2,play_type_sack,3,3,8,1400,01:14,DEN 27,27,DEN,83,2022-10-30T15:38:31.000Z,false,false,false,false,false,false,10,14,1:15,1:12,left,APPROVED,10,14,false,8.56,75.41,true,true
2022,REG,8,2022103000,3424,1400,DEN,58947,3424.0,"(8:51) (Shotgun) T.Lawrence sacked at DEN 48 for -6 yards (D.Jones). Penalty on JAX-C.Robinson, Offensive Holding, declined.",2,play_type_sack,4,3,8,2250,08:51,DEN 42,42,DEN,52,2022-10-30T15:58:05.000Z,false,false,false,false,false,false,10,14,8:51,8:48,left,APPROVED,10,14,false,8.85,43.69,true,true
2022,REG,8,2022103000,3742,1400,DEN,58947,3742.0,(3:49) (Shotgun) R.Wilson pass deep right to K.Hamler to JAX 33 for 47 yards (T.Herndon).,2,play_type_pass,4,1,10,1400,03:49,DEN 20,20,DEN,30,2022-10-30T16:11:51.000Z,false,false,false,false,false,false,17,14,3:49,3:43,right,APPROVED,17,14,true,10.0,39.47,true,true
2022,REG,8,2022103000,3949,1400,DEN,58947,3949.0,(1:42) (Shotgun) T.Lawrence pass short right intended for C.Kirk INTERCEPTED by K.Williams at JAX 35. K.Williams to JAX 35 for no gain (C.Kirk).,2,play_type_pass,4,1,10,2250,01:42,JAX 25,25,JAX,85,2022-10-30T16:22:12.000Z,false,false,false,false,false,true,17,21,1:43,1:40,left,APPROVED,17,21,true,10.0,75.28,true,true
2022,REG,8,2022103001,344,0750,CAR,58948,344.0,(10:18) (Shotgun) M.Mariota sacked at ATL 12 for -13 yards (F.Luvu).,2,play_type_sack,1,3,10,0200,10:18,ATL 25,25,ATL,85,2022-10-30T17:14:51.000Z,false,false,false,false,false,false,0,0,10:19,10:11,left,APPROVED,0,0,false,10.64,74.95,true,true
2022,REG,8,2022103001,1073,0200,ATL,58948,1073.0,"(10:18) M.Mariota pass short middle to K.Pitts for 2 yards, TOUCHDOWN.",2,play_type_pass,2,1,2,0200,10:18,CAR 2,2,CAR,108,2022-10-30T17:49:12.000Z,false,false,true,true,false,false,6,3,10:19,10:16,right,APPROVED,0,3,true,2.6099999999999994,110.0,true,true
2022,REG,8,2022103001,1171,0750,CAR,58948,1171.0,(8:51) (Shotgun) P.Walker pass deep right to T.Marshall pushed ob at ATL 42 for 27 yards (D.Marlowe).,2,play_type_pass,2,3,4,0750,08:51,CAR 31,31,CAR,79,2022-10-30T17:55:12.681Z,false,false,false,false,false,false,7,3,8:51,8:47,left,APPROVED,7,3,true,4.32,75.24,true,true
2022,REG,8,2022103001,1712,0200,ATL,58948,1712.0,"(:49) (Shotgun) P.Walker pass short middle intended for D.Foreman INTERCEPTED by L.Carter at CAR 28. L.Carter for 28 yards, TOUCHDOWN.",2,play_type_pass,2,1,10,0750,00:49,CAR 37,37,CAR,73,2022-10-30T18:19:40.000Z,false,false,true,false,false,true,13,10,:51,:43,left,APPROVED,7,10,true,10.0,63.33,true,true
2022,REG,8,2022103001,1951,0750,CAR,58948,1951.0,(13:43) (Shotgun) P.Walker pass short right to S.Sullivan to ATL 38 for 33 yards (D.Marlowe).,2,play_type_pass,3,3,6,0750,13:43,CAR 29,29,CAR,81,2022-10-30T18:42:25.000Z,false,false,false,false,false,false,14,10,13:45,13:38,left,APPROVED,14,10,true,6.8,75.22,true,true
2022,REG,8,2022103001,2623,0200,ATL,58948,2623.0,"(1:51) (No Huddle, Shotgun) M.Mariota pass short left to T.Allgeier for 25 yards, TOUCHDOWN.",2,play_type_pass,3,1,10,0200,01:51,CAR 25,25,CAR,85,2022-10-30T19:10:42.000Z,false,false,true,false,false,false,20,13,1:52,1:44,right,APPROVED,14,13,true,10.0,95.05,true,true
2022,REG,8,2022103001,2721,0750,CAR,58948,2721.0,(:22) (Shotgun) P.Walker pass short middle to D.Moore to ATL 41 for 29 yards (R.Grant).,2,play_type_pass,3,3,5,0750,00:22,CAR 30,30,CAR,80,2022-10-30T19:16:50.000Z,false,false,false,false,false,false,21,13,:23,:16,left,APPROVED,21,13,true,5.54,75.05,true,true
2022,REG,8,2022103001,3039,0200,ATL,58948,3039.0,"(9:40) (No Huddle, Shotgun) M.Mariota pass short left to K.Pitts to CAR 14 for 33 yards (M.Hartsfield).",2,play_type_pass,4,3,7,0200,09:40,CAR 47,47,CAR,57,2022-10-30T19:31:34.000Z,false,false,false,false,false,false,21,21,9:42,9:32,left,APPROVED,21,21,true,7.42,50.04,true,true
2022,REG,8,2022103001,3250,0750,CAR,58948,3250.0,(5:40) (Shotgun) P.Walker pass deep middle to D.Moore to ATL 42 for 21 yards (R.Grant; D.Hall).,2,play_type_pass,4,3,13,0750,05:40,CAR 37,37,CAR,47,2022-10-30T19:41:23.000Z,false,false,false,false,false,false,24,21,5:41,5:34,right,APPROVED,24,21,true,13.49,59.9,true,true
2022,REG,8,2022103001,3383,0750,CAR,58948,3383.0,(4:07) (Shotgun) P.Walker pass short left to T.Marshall to ATL 11 for 39 yards (C.Armstrong).,2,play_type_pass,4,2,18,0750,04:07,50,50,,60,2022-10-30T19:45:51.000Z,false,false,false,false,false,false,24,21,4:07,3:58,right,APPROVED,24,21,true,17.54,77.37,true,true
2022,REG,8,2022103001,3439,0750,CAR,58948,3439.0,"(3:12) D.Foreman left guard for 12 yards, TOUCHDOWN.",2,play_type_rush,4,2,11,0750,03:12,ATL 12,12,ATL,98,2022-10-30T19:47:46.000Z,false,false,true,false,false,false,24,27,3:12,3:08,right,APPROVED,24,21,true,11.44,108.96,true,true
2022,REG,8,2022103001,3594,0200,ATL,58948,3594.0,"(2:26) (Shotgun) M.Mariota pass deep right to D.Byrd for 47 yards, TOUCHDOWN.",2,play_type_pass,4,1,15,0200,02:26,CAR 47,47,CAR,57,2022-10-30T19:55:07.000Z,false,false,true,false,false,false,30,28,2:26,2:16,left,APPROVED,24,28,true,15.0,42.24,true,true
2022,REG,8,2022103001,4209,0750,CAR,58948,4209.0,(7:58) M.Mariota pass deep middle intended for D.Byrd INTERCEPTED by C.Henderson [M.Ioannidis] at CAR 26. C.Henderson pushed ob at ATL 20 for 54 yards (K.Smith).,2,play_type_pass,5,2,10,0200,07:58,ATL 27,27,ATL,37,2022-10-30T20:28:04.000Z,false,false,false,false,false,true,34,34,7:58,7:45,right,APPROVED,34,34,true,9.27,46.39,true,true
2022,REG,8,2022103001,4427,0200,ATL,58948,4427.0,"(3:28) (No Huddle, Shotgun) M.Mariota left tackle ran ob at CAR 24 for 30 yards (M.Hartsfield).",2,play_type_rush,5,3,1,0200,03:28,ATL 46,46,ATL,56,2022-10-30T20:35:20.000Z,false,false,false,false,false,false,34,34,3:29,3:21,right,APPROVED,34,34,true,,,true,true
2022,REG,8,2022103002,317,1200,DAL,58949,317.0,"(10:23) (Shotgun) D.Prescott left end for 7 yards, TOUCHDOWN.",2,play_type_rush,1,3,2,1200,10:23,CHI 7,7,CHI,103,2022-10-30T17:08:52.000Z,false,false,true,false,false,false,6,0,10:23,10:19,right,APPROVED,0,0,true,2.9,104.58,true,true
2022,REG,8,2022103002,662,1200,DAL,58949,662.0,"(5:24) (Shotgun) D.Prescott pass deep middle to C.Lamb for 21 yards, TOUCHDOWN.",2,play_type_pass,1,3,9,1200,05:24,CHI 21,21,CHI,89,2022-10-30T17:22:32.000Z,false,false,true,false,false,false,13,0,5:24,5:20,right,APPROVED,7,0,true,9.38,97.46,true,true
2022,REG,8,2022103002,1001,0810,CHI,58949,1001.0,"(13:45) (Shotgun) J.Fields left end for 3 yards, TOUCHDOWN.",2,play_type_rush,2,2,3,0810,13:45,DAL 3,3,DAL,107,2022-10-30T17:36:50.000Z,false,false,true,true,false,false,14,6,13:46,13:42,right,APPROVED,14,0,true,3.35,110.0,true,true
2022,REG,8,2022103002,1170,1200,DAL,58949,1170.0,"(10:56) T.Pollard left tackle for 18 yards, TOUCHDOWN.",2,play_type_rush,2,1,10,1200,10:56,CHI 18,18,CHI,28,2022-10-30T17:44:06.000Z,false,false,true,false,false,false,20,7,10:57,10:51,left,APPROVED,14,7,true,10.0,18.14,true,true
2022,REG,8,2022103002,1537,1200,DAL,58949,1537.0,"(6:52) D.Prescott pass short right to J.Ferguson for 1 yard, TOUCHDOWN.",2,play_type_pass,2,1,1,1200,06:52,CHI 1,1,CHI,11,2022-10-30T18:02:25.000Z,false,false,true,true,false,false,27,7,6:53,6:50,left,APPROVED,21,7,true,0.5500000000000007,10.0,true,true
2022,REG,8,2022103002,2002,0810,CHI,58949,2002.0,"(:45) (Shotgun) J.Fields pass deep middle to N.Harry for 17 yards, TOUCHDOWN.",2,play_type_pass,2,1,10,0810,00:45,DAL 17,17,DAL,93,2022-10-30T18:19:41.000Z,false,false,true,false,false,false,28,13,:45,:42,right,APPROVED,28,7,true,10.0,102.77,true,true
2022,REG,8,2022103002,2058,0810,CHI,58949,2058.0,(:40) (Shotgun) D.Prescott pass deep middle intended for C.Lamb INTERCEPTED by E.Jackson at DAL 45. E.Jackson to DAL 24 for 21 yards (P.Hendershot).,2,play_type_pass,2,1,10,1200,00:40,DAL 25,25,DAL,85,2022-10-30T18:24:22.000Z,false,false,false,false,false,true,28,14,:40,:29,left,APPROVED,28,14,true,10.0,75.42,true,true
2022,REG,8,2022103002,2500,0810,CHI,58949,2500.0,(11:50) J.Fields pass deep left to D.Mooney pushed ob at DAL 25 for 36 yards (I.Mukuamu).,2,play_type_pass,3,2,9,0810,11:50,CHI 39,39,CHI,49,2022-10-30T18:57:07.000Z,false,false,false,false,false,false,28,17,11:51,11:43,right,APPROVED,28,17,true,9.56,57.72,true,true
2022,REG,8,2022103002,2612,0810,CHI,58949,2612.0,"(9:48) K.Herbert up the middle for 12 yards, TOUCHDOWN.",2,play_type_rush,3,1,10,0810,09:48,DAL 12,12,DAL,98,2022-10-30T18:59:17.000Z,false,false,true,false,false,false,28,23,9:48,9:44,right,APPROVED,28,17,true,10.0,107.7,true,true
2022,REG,8,2022103002,2706,1200,DAL,58949,2706.0,"(9:06) (Shotgun) D.Prescott pass deep middle to D.Schultz to CHI 44 for 30 yards (J.Brisker). Penalty on CHI-D.Robinson, Defensive Offside, declined.",2,play_type_pass,3,3,9,1200,09:06,DAL 26,26,DAL,84,2022-10-30T19:05:09.000Z,false,false,false,false,false,false,28,23,9:06,8:59,left,APPROVED,28,23,true,9.49,75.13,true,true
2022,REG,8,2022103002,2815,1200,DAL,58949,2815.0,"(6:55) T.Pollard right tackle for 7 yards, TOUCHDOWN.",2,play_type_rush,3,1,7,1200,06:55,CHI 7,7,CHI,17,2022-10-30T19:07:49.000Z,false,false,true,true,false,false,34,23,6:57,6:53,left,APPROVED,28,23,true,7.48,10.0,true,false
2022,REG,8,2022103002,3359,0810,CHI,58949,3359.0,"(13:45) J.Fields pass short right to C.Kmet for 10 yards, TOUCHDOWN.",2,play_type_pass,4,2,4,0810,13:45,DAL 10,10,DAL,20,2022-10-30T19:36:17.000Z,false,false,true,false,false,false,42,29,13:46,13:41,left,APPROVED,42,23,true,4.46,15.97,true,true
2022,REG,8,2022103002,3387,0810,CHI,58949,3387.0,TWO-POINT CONVERSION ATTEMPT. J.Fields pass to D.Mooney is incomplete. ATTEMPT FAILS.,26,play_type_two_point_conversion,4,0,0,0810,13:40,DAL 2,2,DAL,12,2022-10-30T19:37:24.000Z,false,false,false,false,false,false,42,29,13:40,13:40,left,APPROVED,42,29,false,,,true,true
2022,REG,8,2022103002,3507,1200,DAL,58949,3507.0,"(10:46) T.Pollard left end for 54 yards, TOUCHDOWN.",2,play_type_rush,4,3,1,1200,10:46,DAL 46,46,DAL,56,2022-10-30T19:42:21.000Z,false,false,true,false,false,false,48,29,10:47,10:36,right,APPROVED,42,29,true,1.47,56.44,true,true
2022,REG,8,2022103002,3567,0810,CHI,58949,3567.0,(10:29) K.Herbert up the middle pushed ob at DAL 40 for 36 yards (L.Vander Esch).,2,play_type_rush,4,1,10,0810,10:29,CHI 24,24,CHI,86,2022-10-30T19:45:21.000Z,false,false,false,false,false,false,49,29,10:29,10:22,left,APPROVED,49,29,true,10.0,76.01,true,true
2022,REG,8,2022103002,3839,0810,CHI,58949,3839.0,(5:20) (Shotgun) J.Fields pass short right to D.Pettis to DAL 16 for 2 yards (J.Kearse).,2,play_type_pass,4,4,11,0810,05:20,DAL 18,18,DAL,28,2022-10-30T19:52:59.000Z,false,false,false,false,false,true,49,29,5:20,5:14,left,APPROVED,49,29,true,11.32,16.99,true,true
2022,REG,8,2022103003,122,1540,DET,58950,122.0,(14:09) J.Goff pass deep right to K.Raymond to MIA 21 for 27 yards (J.Holland).,2,play_type_pass,1,2,8,1540,14:09,MIA 48,48,MIA,62,2022-10-30T17:04:58.000Z,false,false,false,false,false,false,0,0,14:10,14:03,right,APPROVED,0,0,true,8.29,69.98,true,true
2022,REG,8,2022103003,180,1540,DET,58950,180.0,"(13:03) Ja.Williams up the middle for 7 yards, TOUCHDOWN.",2,play_type_rush,1,1,7,1540,13:03,MIA 7,7,MIA,103,2022-10-30T17:06:20.000Z,false,false,true,true,false,false,6,0,13:04,13:00,right,APPROVED,0,0,true,7.239999999999995,110.0,true,true
2022,REG,8,2022103003,480,1540,DET,58950,480.0,(6:57) (Shotgun) J.Goff pass deep left to T.Hockenson to MIA 12 for 58 yards (V.McKinley).,2,play_type_pass,1,3,2,1540,06:57,DET 30,30,DET,40,2022-10-30T17:19:48.000Z,false,false,false,false,false,false,7,0,6:58,6:49,right,APPROVED,7,0,true,2.36,41.61,true,true
2022,REG,8,2022103003,547,1540,DET,58950,547.0,"(5:40) (Shotgun) J.Goff pass short middle to D.Swift for 7 yards, TOUCHDOWN.",2,play_type_pass,1,3,5,1540,05:40,MIA 7,7,MIA,103,2022-10-30T17:21:36.000Z,false,false,true,false,false,false,13,0,5:40,5:37,right,APPROVED,7,0,true,5.62,107.86,true,true
2022,REG,8,2022103003,719,2700,MIA,58950,719.0,"(3:37) (Shotgun) T.Tagovailoa pass deep right to T.Hill to DET 23 for 36 yards (A.Parker, A.Oruwariye).",2,play_type_pass,1,3,13,2700,03:37,MIA 41,41,MIA,69,2022-10-30T17:29:57.000Z,false,false,false,false,false,false,14,0,3:37,3:32,left,APPROVED,14,0,true,13.4,56.36,true,true
2022,REG,8,2022103003,895,2700,MIA,58950,895.0,"(:55) (Shotgun) T.Tagovailoa pass short left to J.Waddle for 5 yards, TOUCHDOWN.",2,play_type_pass,1,1,5,2700,00:55,DET 5,5,DET,15,2022-10-30T17:34:16.000Z,false,false,true,true,false,false,14,6,:55,:52,left,APPROVED,14,0,true,5.4399999999999995,10.0,true,true
2022,REG,8,2022103003,1052,1540,DET,58950,1052.0,(:10) (Shotgun) J.Goff pass short right to A.St. Brown pushed ob at MIA 48 for 21 yards (N.Igbinoghene).,2,play_type_pass,1,3,4,1540,00:10,DET 31,31,DET,41,2022-10-30T17:42:42.000Z,false,false,false,false,false,false,14,7,:11,:04,right,APPROVED,14,7,true,4.49,44.54,true,true
2022,REG,8,2022103003,1105,1540,DET,58950,1105.0,(15:00) J.Goff pass deep left to K.Raymond to MIA 5 for 43 yards (J.Holland).,2,play_type_pass,2,1,10,1540,15:00,MIA 48,48,MIA,58,2022-10-30T17:45:41.000Z,false,false,false,false,false,false,14,7,15:00,14:53,left,APPROVED,14,7,true,10.0,49.04,true,true
2022,REG,8,2022103003,1217,2700,MIA,58950,1217.0,(13:46) (Shotgun) T.Tagovailoa pass deep middle to T.Hill to DET 33 for 42 yards (A.Oruwariye).,2,play_type_pass,2,1,10,2700,13:46,MIA 25,25,MIA,35,2022-10-30T17:52:08.000Z,false,false,false,false,false,false,21,7,13:46,13:39,right,APPROVED,21,7,true,10.0,44.48,true,true
2022,REG,8,2022103003,1286,2700,MIA,58950,1286.0,"(11:35) (Shotgun) T.Tagovailoa pass deep left to J.Waddle for 29 yards, TOUCHDOWN.",2,play_type_pass,2,3,6,2700,11:35,DET 29,29,DET,81,2022-10-30T17:54:19.000Z,false,false,true,false,false,false,21,13,11:36,11:31,right,APPROVED,21,7,true,7.09,86.69,true,true
2022,REG,8,2022103003,3014,2700,MIA,58950,3014.0,"(:17) (Shotgun) T.Tagovailoa pass short left to M.Gesicki for 11 yards, TOUCHDOWN. MIA-L.Eichenberg was injured during the play.",2,play_type_pass,3,3,3,2700,00:17,DET 11,11,DET,21,2022-10-30T19:09:23.000Z,false,false,true,false,false,false,27,30,:18,:14,left,APPROVED,27,24,true,3.05,18.21,true,true
2022,REG,8,2022103003,3248,2700,MIA,58950,3248.0,(13:02) (Shotgun) J.Goff sacked at DET 17 for -10 yards (Z.Sieler).,2,play_type_sack,4,3,9,1540,13:02,DET 27,27,DET,83,2022-10-30T19:24:00.000Z,false,false,false,false,false,false,27,31,13:03,12:59,left,APPROVED,27,31,false,9.01,74.67,true,true
2022,REG,8,2022103004,77,2100,TEN,58955,77.0,(14:22) D.Henry up the middle to HST 32 for 41 yards (S.Nelson).,2,play_type_rush,1,2,8,2100,14:22,TEN 27,27,TEN,37,2022-10-30T20:07:09.000Z,false,false,false,false,false,false,0,0,14:22,14:14,right,APPROVED,0,0,true,8.8,44.63,true,true
2022,REG,8,2022103004,376,2100,TEN,58955,376.0,(6:49) (Shotgun) D.Mills pass short left intended for B.Jordan INTERCEPTED by K.Fulton at TEN 31. K.Fulton to TEN 31 for no gain (B.Jordan).,2,play_type_pass,1,3,5,2120,06:49,TEN 34,34,TEN,44,2022-10-30T20:18:36.000Z,false,false,false,false,false,true,0,0,6:50,6:46,left,APPROVED,0,0,true,5.67,39.16,true,true
2022,REG,8,2022103004,568,2100,TEN,58955,568.0,"(3:02) C.Johnston punts 54 yards to TEN 38, Center-J.Weeks. R.Woods to TEN 41 for 3 yards (T.Smith). FUMBLES (T.Smith), RECOVERED by HST-D.Ogunbowale at TEN 42.",2,play_type_punt,1,4,8,2120,03:02,HOU 8,8,HOU,102,2022-10-30T20:30:49.000Z,true,false,false,false,false,false,0,0,3:02,2:52,left,APPROVED,0,0,false,8.94,94.39,true,true
2022,REG,8,2022103004,915,2120,HOU,58955,915.0,(12:02) M.Willis pass short middle intended for C.Hollister INTERCEPTED by S.Nelson at TEN 44. S.Nelson ran ob at TEN 11 for 33 yards (M.Willis).,2,play_type_pass,2,1,10,2100,12:02,TEN 30,30,TEN,80,2022-10-30T20:51:42.000Z,false,false,false,false,false,true,0,0,12:03,11:52,left,APPROVED,0,0,true,10.0,70.57,true,true
2022,REG,8,2022103004,1324,2100,TEN,58955,1324.0,"(4:29) (Shotgun) D.Henry right guard for 29 yards, TOUCHDOWN.",2,play_type_rush,2,3,2,2100,04:29,HOU 29,29,HOU,39,2022-10-30T21:10:35.000Z,false,false,true,false,false,false,3,6,4:29,4:21,left,APPROVED,3,0,true,2.82,37.3,true,true
2022,REG,8,2022103004,1997,2100,TEN,58955,1997.0,(9:51) (Shotgun) D.Hilliard left tackle pushed ob at HST 9 for 30 yards (C.Harris).,2,play_type_rush,3,3,6,2100,09:51,HOU 39,39,HOU,71,2022-10-30T21:52:50.000Z,false,false,false,false,false,false,3,7,9:52,9:45,right,APPROVED,3,7,true,5.91,76.21,true,true
2022,REG,8,2022103004,2286,2100,TEN,58955,2286.0,(4:11) (Shotgun) D.Mills sacked at HST 47 for -12 yards (J.Simmons).,2,play_type_sack,3,3,5,2120,04:11,TEN 41,41,TEN,51,2022-10-30T22:04:37.000Z,false,false,false,false,false,false,3,14,4:11,4:08,left,APPROVED,3,14,false,5.95,46.19,true,true
2022,REG,8,2022103004,3177,2120,HOU,58955,3177.0,"(1:31) (No Huddle, Shotgun) D.Mills pass deep right to B.Cooks to TEN 48 for 26 yards (K.Byard).",2,play_type_pass,4,4,6,2120,01:31,HOU 26,26,HOU,36,2022-10-30T22:48:46.000Z,false,false,false,false,false,false,3,17,1:31,1:26,right,APPROVED,3,17,true,6.25,41.63,true,true
2022,REG,8,2022103004,3274,2120,HOU,58955,3274.0,(:41) (Shotgun) D.Mills pass deep right to B.Cooks to TEN 3 for 44 yards (K.Byard).,2,play_type_pass,4,3,9,2120,00:41,TEN 47,47,TEN,63,2022-10-30T22:51:21.000Z,false,false,false,false,false,false,3,17,:41,:32,right,APPROVED,3,17,true,9.33,71.51,true,true
2022,REG,8,2022103004,3298,2120,HOU,58955,3298.0,"(:21) (Shotgun) D.Mills pass short right to D.Pierce for 3 yards, TOUCHDOWN.",2,play_type_pass,4,1,3,2120,00:21,TEN 3,3,TEN,107,2022-10-30T22:53:33.000Z,false,false,true,true,false,false,9,17,:21,:18,right,APPROVED,3,17,true,3.719999999999999,110.0,true,true
2022,REG,8,2022103005,206,3000,MIN,58951,206.0,(11:51) (Shotgun) K.Cousins pass deep middle to J.Jefferson to ARZ 23 for 28 yards (I.Simmons).,2,play_type_pass,1,2,10,3000,11:51,MIN 49,49,MIN,59,2022-10-30T17:07:54.000Z,false,false,false,false,false,false,0,0,11:51,11:47,right,APPROVED,0,0,true,10.45,68.73,true,true
2022,REG,8,2022103005,273,3000,MIN,58951,273.0,"(10:20) (Shotgun) K.Cousins scrambles right end for 17 yards, TOUCHDOWN.",2,play_type_rush,1,3,4,3000,10:20,ARI 17,17,ARI,93,2022-10-30T17:10:07.000Z,false,false,true,false,false,false,6,0,10:20,10:12,right,APPROVED,0,0,true,4.21,96.51,true,true
2022,REG,8,2022103005,942,3000,MIN,58951,942.0,(:33) (Shotgun) K.Murray sacked at ARZ 46 for -8 yards (Z.Smith).,2,play_type_sack,1,3,7,3800,00:33,MIN 46,46,MIN,56,2022-10-30T17:41:17.000Z,false,false,false,false,false,false,7,3,:33,:30,left,APPROVED,7,3,false,7.55,48.85,true,true
2022,REG,8,2022103005,1222,3000,MIN,58951,1222.0,"(9:59) K.Cousins pass short right to J.Mundt for 1 yard, TOUCHDOWN.",2,play_type_pass,2,3,1,3000,09:59,ARI 1,1,ARI,11,2022-10-30T17:54:46.000Z,false,false,true,true,false,false,13,3,9:59,9:55,left,APPROVED,7,3,true,1.7,10.0,true,true
2022,REG,8,2022103005,1849,3800,ARI,58951,1849.0,"(:50) (Shotgun) K.Murray pass short left to D.Hopkins for 6 yards, TOUCHDOWN.",2,play_type_pass,2,3,2,3800,00:50,MIN 6,6,MIN,104,2022-10-30T18:24:01.000Z,false,false,true,false,false,false,14,9,:50,:48,right,APPROVED,14,3,true,2.71,105.98,true,true
2022,REG,8,2022103005,2549,3800,ARI,58951,2549.0,(9:35) (Shotgun) K.Murray pass deep left to D.Hopkins pushed ob at MIN 8 for 33 yards (H.Smith).,2,play_type_pass,3,2,11,3800,09:35,MIN 41,41,MIN,69,2022-10-30T19:07:08.000Z,false,false,false,false,false,false,14,10,9:36,9:31,right,APPROVED,14,10,true,10.95,79.5,true,true
2022,REG,8,2022103005,2573,3800,ARI,58951,2573.0,"(9:17) (No Huddle, Shotgun) K.Murray pass short left to Z.Ertz for 8 yards, TOUCHDOWN.",2,play_type_pass,3,1,8,3800,09:17,MIN 8,8,MIN,102,2022-10-30T19:07:31.000Z,false,false,true,true,false,false,14,16,9:19,9:13,right,APPROVED,14,10,true,8.879999999999995,110.0,true,true
2022,REG,8,2022103005,2706,3000,MIN,58951,2706.0,(8:05) (Shotgun) K.Cousins pass deep left to J.Jefferson to ARZ 30 for 29 yards (A.Hamilton).,2,play_type_pass,3,3,5,3000,08:05,MIN 41,41,MIN,69,2022-10-30T19:14:39.000Z,false,false,false,false,false,false,14,17,8:05,7:57,left,APPROVED,14,17,true,6.19,64.0,true,true
2022,REG,8,2022103005,2807,3000,MIN,58951,2807.0,"(5:51) (Shotgun) A.Mattison left guard for 7 yards, TOUCHDOWN.",2,play_type_rush,3,2,7,3000,05:51,ARI 7,7,ARI,17,2022-10-30T19:17:35.000Z,false,false,true,true,false,false,20,17,5:51,5:49,left,APPROVED,14,17,true,7.37,10.0,true,true
2022,REG,8,2022103005,2878,3000,MIN,58951,2878.0,(5:42) (Shotgun) K.Murray pass deep middle intended for R.Anderson INTERCEPTED by H.Smith [K.Tonga] at ARZ 46. H.Smith to ARZ 31 for 15 yards (T.McBride).,2,play_type_pass,3,1,10,3800,05:42,ARI 9,9,ARI,19,2022-10-30T19:22:38.000Z,false,false,false,false,false,true,21,17,5:42,5:29,right,APPROVED,21,17,true,10.0,28.66,true,true
2022,REG,8,2022103005,2990,3000,MIN,58951,2990.0,"(4:11) (Shotgun) D.Cook up the middle for 4 yards, TOUCHDOWN.",2,play_type_rush,3,2,4,3000,04:11,ARI 4,4,ARI,14,2022-10-30T19:26:17.000Z,false,false,true,true,false,false,27,17,4:11,4:08,left,APPROVED,21,17,true,4.38,10.0,true,true
2022,REG,8,2022103005,3078,3800,ARI,58951,3078.0,(3:28) (Shotgun) K.Murray pass short left to R.Moore to MIN 43 for 27 yards (C.Bynum).,2,play_type_pass,3,2,10,3800,03:28,ARI 30,30,ARI,40,2022-10-30T19:30:13.000Z,false,false,false,false,false,false,28,17,3:30,3:22,right,APPROVED,28,17,true,10.37,49.61,true,true
2022,REG,8,2022103005,3126,3800,ARI,58951,3126.0,"(2:37) (Shotgun) K.Murray pass short right to R.Moore for 38 yards, TOUCHDOWN.",2,play_type_pass,3,2,5,3800,02:37,MIN 38,38,MIN,72,2022-10-30T19:31:04.000Z,false,false,true,false,false,false,28,23,2:38,2:28,right,APPROVED,28,17,true,4.88,76.61,true,true
2022,REG,8,2022103005,3151,3800,ARI,58951,3151.0,(Pass formation) TWO-POINT CONVERSION ATTEMPT. K.Murray pass to D.Hopkins is incomplete. ATTEMPT FAILS. MIN-D.Tomlinson was injured during the play.,26,play_type_two_point_conversion,3,0,0,3800,02:27,MIN 2,2,MIN,108,2022-10-30T19:32:13.000Z,false,false,false,false,false,false,28,23,2:27,2:27,right,APPROVED,28,23,false,,,true,true
2022,REG,8,2022103005,3225,3800,ARI,58951,3225.0,"(1:06) (Shotgun) K.Cousins sacked at MIN 23 for -7 yards (I.Simmons). FUMBLES (I.Simmons), touched at MIN 24, RECOVERED by ARZ-I.Simmons at MIN 24.",2,play_type_sack,3,3,5,3000,01:06,MIN 30,30,MIN,80,2022-10-30T19:36:27.000Z,false,false,false,false,false,true,28,23,1:07,1:02,left,APPROVED,28,23,false,5.4,75.07,true,true
2022,REG,8,2022103005,3594,3800,ARI,58951,3594.0,"(10:46) R.Wright punts 42 yards to ARZ 27, Center-A.DePaola. G.Dortch MUFFS catch, RECOVERED by MIN-T.Dye at ARZ 25.",2,play_type_punt,4,4,4,3000,10:46,MIN 31,31,MIN,41,2022-10-30T19:53:52.000Z,true,false,false,false,false,false,28,26,10:47,10:38,right,APPROVED,28,26,false,4.77,44.6,true,true
2022,REG,8,2022103005,3699,3000,MIN,58951,3699.0,"(8:41) (Shotgun) K.Cousins pass short right to K.Osborn for 5 yards, TOUCHDOWN.",2,play_type_pass,4,3,2,3000,08:41,ARI 5,5,ARI,105,2022-10-30T19:57:25.000Z,false,false,true,false,false,false,34,26,8:41,8:38,right,APPROVED,28,26,true,2.52,106.77,true,true
2022,REG,8,2022103005,3846,3000,MIN,58951,3846.0,"(6:55) (Shotgun) K.Murray pass deep middle intended for Z.Ertz INTERCEPTED by C.Bynum at MIN 24. C.Bynum to MIN 36 for 12 yards (D.Hopkins, T.McBride). Penalty on MIN-E.Kendricks, Unnecessary Roughness, offsetting. Penalty on ARZ-D.Williams, Unnecessary Roughness, offsetting.",2,play_type_pass,4,2,7,3800,06:55,MIN 44,44,MIN,54,2022-10-30T20:04:06.000Z,false,false,false,false,false,true,34,26,6:56,6:45,left,APPROVED,34,26,true,7.24,47.05,true,true
2022,REG,8,2022103005,4176,3800,ARI,58951,4176.0,(2:45) (Shotgun) K.Murray pass short middle to E.Benjamin to MIN 41 for 3 yards (J.Hicks).,2,play_type_pass,4,4,4,3800,02:45,MIN 44,44,MIN,54,2022-10-30T20:15:10.000Z,false,false,false,false,false,true,34,26,2:45,2:41,left,APPROVED,34,26,true,4.18,50.33,true,true
2022,REG,8,2022103006,757,3300,NO,58952,757.0,"(1:36) A.Kamara right guard for 3 yards, TOUCHDOWN.",2,play_type_rush,1,2,3,3300,01:36,LV 3,3,LV,13,2022-10-30T17:27:46.000Z,false,false,true,true,false,false,6,0,1:37,1:34,left,APPROVED,0,0,true,3.29,10.0,true,true
2022,REG,8,2022103006,1157,3300,NO,58952,1157.0,(11:17) (Shotgun) D.Carr pass short middle intended for H.Renfrow INTERCEPTED by T.Mathieu (P.Werner) at LV 45. T.Mathieu to LV 45 for no gain (M.Hollins).,2,play_type_pass,2,3,2,2520,11:17,LV 30,30,LV,80,2022-10-30T17:47:36.000Z,false,false,false,false,false,true,10,0,11:18,11:11,left,APPROVED,10,0,true,2.53,77.81,true,true
2022,REG,8,2022103006,1333,3300,NO,58952,1333.0,"(7:23) (Shotgun) A.Dalton pass short middle to A.Kamara for 16 yards, TOUCHDOWN. Pass 2, YAC 14",2,play_type_pass,2,1,15,3300,07:23,LV 16,16,LV,94,2022-10-30T17:55:04.000Z,false,false,true,false,false,false,16,0,7:24,7:19,right,APPROVED,10,0,true,15.0,108.54,true,true
2022,REG,8,2022103006,2229,3300,NO,58952,2229.0,"(11:12) (Shotgun) A.Dalton pass short middle to A.Kamara for 36 yards, TOUCHDOWN.",2,play_type_pass,3,1,10,3300,11:12,LV 36,36,LV,74,2022-10-30T18:45:08.000Z,false,false,true,false,false,false,23,0,11:13,11:05,right,APPROVED,17,0,true,10.0,83.72,true,true
2022,REG,8,2022103007,376,3430,NYJ,58953,376.0,(10:03) (Shotgun) Z.Wilson pass deep right to G.Wilson to NE 12 for 54 yards (J.Mills).,2,play_type_pass,1,3,5,3430,10:03,NYJ 34,34,NYJ,76,2022-10-30T17:14:36.000Z,false,false,false,false,false,false,0,0,10:05,9:55,left,APPROVED,0,0,true,5.49,71.02,true,true
2022,REG,8,2022103007,1040,3430,NYJ,58953,1040.0,"(12:04) (Shotgun) Z.Wilson pass short left to T.Conklin for 8 yards, TOUCHDOWN.",2,play_type_pass,2,3,6,3430,12:04,NE 8,8,NE,102,2022-10-30T17:38:31.000Z,false,false,true,false,false,false,9,3,12:05,12:01,right,APPROVED,3,3,true,5.77,107.44,true,true
2022,REG,8,2022103007,1151,3200,NE,58953,1151.0,(10:54) (Shotgun) M.Jones pass short middle to R.Stevenson to NE 49 for 22 yards (J.Whitehead; K.Alexander).,2,play_type_pass,2,3,8,3200,10:54,NE 27,27,NE,83,2022-10-30T17:44:12.000Z,false,false,false,false,false,false,10,3,10:55,10:49,left,APPROVED,10,3,true,8.61,75.12,true,true
2022,REG,8,2022103007,1220,3430,NYJ,58953,1220.0,(9:33) (Shotgun) M.Jones pass deep left intended for K.Bourne INTERCEPTED by M.Carter (B.Huff) at NYJ 24. M.Carter to NYJ 24 for no gain (J.Meyers).,2,play_type_pass,2,3,9,3200,09:33,50,50,,60,2022-10-30T17:46:08.000Z,false,false,false,false,false,true,10,3,9:34,9:27,left,APPROVED,10,3,true,9.69,51.08,true,true
2022,REG,8,2022103007,2116,3200,NE,58953,2116.0,(14:56) R.Stevenson up the middle pushed ob at NYJ 27 for 35 yards (C.Mosley).,2,play_type_rush,3,1,10,3200,14:56,NE 38,38,NE,48,2022-10-30T18:39:44.000Z,false,false,false,false,false,false,10,6,14:56,14:47,right,APPROVED,10,6,true,10.0,57.79,true,true
2022,REG,8,2022103007,2240,3200,NE,58953,2240.0,"(12:12) (Shotgun) M.Jones pass short right to J.Meyers for 5 yards, TOUCHDOWN.",2,play_type_pass,3,4,1,3200,12:12,NYJ 5,5,NYJ,105,2022-10-30T18:43:14.000Z,false,false,true,false,false,false,10,12,12:12,12:10,right,APPROVED,10,6,true,1.09,105.65,true,true
2022,REG,8,2022103007,2639,3430,NYJ,58953,2639.0,(6:07) (Shotgun) M.Jones sacked at NYJ 31 for -10 yards (Q.Williams).,2,play_type_sack,3,3,4,3200,06:07,NYJ 21,21,NYJ,89,2022-10-30T18:58:02.000Z,false,false,false,false,false,false,10,13,6:09,6:04,right,APPROVED,10,13,false,4.47,92.51,true,true
2022,REG,8,2022103007,2798,3200,NE,58953,2798.0,"(4:03) B.Mann punts 48 yards to NE 41, Center-T.Hennessy. Ma.Jones to NYJ 27 for 32 yards (M.Clemons).",2,play_type_punt,3,4,16,3430,04:03,NYJ 11,11,NYJ,99,2022-10-30T19:05:32.000Z,true,false,false,false,false,true,10,16,4:03,3:50,left,APPROVED,10,16,true,16.24,83.44,true,true
2022,REG,8,2022103007,2924,3200,NE,58953,2924.0,(2:39) Z.Wilson pass short right INTERCEPTED by D.McCourty at NYJ 40. D.McCourty ran ob at NYJ 40 for no gain.,2,play_type_pass,3,1,10,3430,02:39,NYJ 25,25,NYJ,85,2022-10-30T19:11:53.000Z,false,false,false,false,false,true,10,19,2:39,2:32,left,APPROVED,10,19,true,10.0,74.8,true,true
2022,REG,8,2022103007,2976,3430,NYJ,58953,2976.0,"(1:53) (Shotgun) M.Jones sacked at NYJ 44 for -9 yards (J.Martin). FUMBLES (J.Martin) [J.Martin], touched at NYJ 42, recovered by NE-C.Strange at NYJ 45.",2,play_type_sack,3,2,5,3200,01:53,NYJ 35,35,NYJ,75,2022-10-30T19:14:27.000Z,false,false,false,false,false,false,10,19,1:54,1:46,right,APPROVED,10,19,false,5.65,79.67,true,true
2022,REG,8,2022103007,3212,3200,NE,58953,3212.0,(12:13) (Shotgun) Z.Wilson pass deep right intended for T.Conklin INTERCEPTED by D.McCourty at NE 27. D.McCourty pushed ob at NYJ 37 for 36 yards (Z.Wilson).,2,play_type_pass,4,3,7,3430,12:13,NYJ 46,46,NYJ,56,2022-10-30T19:24:11.000Z,false,false,false,false,false,true,10,19,12:13,12:00,right,APPROVED,10,19,true,7.6,63.01,true,true
2022,REG,8,2022103007,3873,3430,NYJ,58953,3873.0,(3:35) (Shotgun) Z.Wilson pass deep right to D.Mims to NE 25 for 63 yards (M.Bryant).,2,play_type_pass,4,1,10,3430,03:35,NYJ 12,12,NYJ,22,2022-10-30T19:52:12.000Z,false,false,false,false,false,false,10,22,3:35,3:25,right,APPROVED,10,22,true,10.0,31.97,true,true
2022,REG,8,2022103007,3923,3430,NYJ,58953,3923.0,(2:53) (Shotgun) Z.Wilson pass short middle to J.Smith to NE 2 for 23 yards (Ja.Jones).,2,play_type_pass,4,2,10,3430,02:53,NE 25,25,NE,85,2022-10-30T19:53:29.000Z,false,false,false,false,false,false,10,22,2:53,2:48,right,APPROVED,10,22,true,10.31,94.73,true,true
2022,REG,8,2022103007,3988,3430,NYJ,58953,3988.0,"(1:56) (Shotgun) Z.Wilson pass short middle to T.Conklin for 9 yards, TOUCHDOWN.",2,play_type_pass,4,3,9,3430,01:56,NE 9,9,NE,101,2022-10-30T19:57:34.000Z,false,false,true,true,false,false,16,22,1:56,1:52,right,APPROVED,10,22,true,9.39,110.0,true,true
2022,REG,8,2022103008,99,3700,PHI,58954,99.0,(13:51) (Shotgun) K.Pickett sacked at PIT 18 for -8 yards (H.Reddick).,2,play_type_sack,1,3,9,3900,13:51,PIT 26,26,PIT,84,2022-10-30T17:04:12.000Z,false,false,false,false,false,false,0,0,13:52,13:49,left,APPROVED,0,0,false,9.84,75.07,true,true
2022,REG,8,2022103008,330,3700,PHI,58954,330.0,"(9:31) (Shotgun) J.Hurts pass deep middle to A.Brown for 39 yards, TOUCHDOWN.",2,play_type_pass,1,2,10,3700,09:31,PIT 39,39,PIT,71,2022-10-30T17:10:29.000Z,false,false,true,false,false,false,6,0,9:33,9:26,right,APPROVED,0,0,true,10.68,80.57,true,true
2022,REG,8,2022103008,848,3900,PIT,58954,848.0,"(2:01) C.Claypool pass short left to D.Watt for 1 yard, TOUCHDOWN [T.Edwards].",2,play_type_pass,1,4,1,3900,02:01,PHI 1,1,PHI,11,2022-10-30T17:27:06.000Z,false,false,true,true,false,false,7,6,2:01,1:59,left,APPROVED,7,0,true,1.33,10.0,true,true
2022,REG,8,2022103008,1215,3700,PHI,58954,1215.0,"(12:53) (Shotgun) J.Hurts pass deep right to A.Brown for 27 yards, TOUCHDOWN.",2,play_type_pass,2,3,8,3700,12:53,PIT 27,27,PIT,37,2022-10-30T17:41:45.000Z,false,false,true,false,false,false,13,7,12:53,12:50,left,APPROVED,7,7,true,8.48,29.25,true,true
2022,REG,8,2022103008,2434,3700,PHI,58954,2434.0,"(13:01) (Shotgun) J.Hurts pass deep left to Z.Pascal for 34 yards, TOUCHDOWN.",2,play_type_pass,3,1,10,3700,13:01,PIT 34,34,PIT,44,2022-10-30T18:49:08.000Z,false,false,true,false,false,false,27,10,13:02,12:55,left,APPROVED,21,10,true,10.0,33.99,true,true
2022,REG,8,2022103008,3353,3700,PHI,58954,3353.0,"(13:41) (Shotgun) K.Pickett sacked at PHI 45 for -9 yards (J.Hargrave). FUMBLES (J.Hargrave) [J.Hargrave], RECOVERED by PHI-A.Maddox at PHI 38. A.Maddox to PHI 46 for 8 yards (K.Pickett).",2,play_type_sack,4,1,10,3900,13:41,PHI 36,36,PHI,46,2022-10-30T19:23:57.000Z,false,false,false,false,false,true,28,13,13:42,13:32,left,APPROVED,28,13,false,10.0,36.51,true,true
2022,REG,8,2022103008,3382,3700,PHI,58954,3382.0,(13:30) (Shotgun) J.Hurts pass short middle to A.Brown to PIT 11 for 43 yards (M.Fitzpatrick).,2,play_type_pass,4,1,10,3700,13:30,PHI 46,46,PHI,56,2022-10-30T19:27:07.000Z,false,false,false,false,false,false,28,13,13:30,13:22,right,APPROVED,28,13,true,10.0,65.51,true,true
2022,REG,8,2022103008,3406,3700,PHI,58954,3406.0,"(12:41) (Shotgun) M.Sanders left end for 11 yards, TOUCHDOWN.",2,play_type_rush,4,1,10,3700,12:41,PIT 11,11,PIT,99,2022-10-30T19:27:56.000Z,false,false,true,false,false,false,34,13,12:42,12:37,right,APPROVED,28,13,true,10.0,108.6,true,true
2022,REG,8,2022103008,3615,3700,PHI,58954,3615.0,"(10:08) (No Huddle, Shotgun) K.Pickett sacked at PIT 49 for -11 yards (C.Gardner-Johnson).",2,play_type_sack,4,3,5,3900,10:08,PHI 40,40,PHI,50,2022-10-30T19:36:01.000Z,false,false,false,false,false,false,35,13,10:09,10:06,left,APPROVED,35,13,false,5.34,45.2,true,true
2022,REG,8,2022103008,3881,3700,PHI,58954,3881.0,"(4:27) (No Huddle, Shotgun) K.Pickett pass deep middle intended for P.Freiermuth INTERCEPTED by C.Gardner-Johnson (T.Edwards) at PHI -2. C.Gardner-Johnson to PHI 12 for 14 yards (J.Warren).",2,play_type_pass,4,3,7,3900,04:27,PHI 20,20,PHI,30,2022-10-30T19:46:02.000Z,false,false,false,false,false,true,35,13,4:28,4:20,left,APPROVED,35,13,true,7.01,23.01,true,true
2022,REG,8,2022103009,700,2200,IND,58956,700.0,(1:49) (Shotgun) J.Taylor right guard to WAS 25 for 27 yards (B.St-Juste).,2,play_type_rush,1,3,2,2200,01:49,IND 48,48,IND,62,2022-10-30T20:50:44.000Z,false,false,false,false,false,false,0,0,1:50,1:44,left,APPROVED,0,0,true,2.38,60.39,true,true
2022,REG,8,2022103009,877,5110,WAS,58956,877.0,(12:54) (Shotgun) T.Heinicke pass short middle to T.McLaurin to IND 19 for 42 yards (R.Thomas; R.McLeod).,2,play_type_pass,2,1,10,5110,12:54,WAS 39,39,WAS,71,2022-10-30T21:01:11.000Z,false,false,false,false,false,false,3,0,12:55,12:46,left,APPROVED,3,0,true,10.0,61.61,true,true
2022,REG,8,2022103009,943,5110,WAS,58956,943.0,"(11:01) (Shotgun) T.Heinicke pass short right to A.Gibson for 9 yards, TOUCHDOWN.",2,play_type_pass,2,1,9,5110,11:01,IND 9,9,IND,19,2022-10-30T21:03:06.000Z,false,false,true,true,false,false,3,6,11:02,10:56,left,APPROVED,3,0,true,9.54,10.0,true,true
2022,REG,8,2022103009,1383,5110,WAS,58956,1383.0,"(2:43) (Shotgun) S.Ehlinger sacked at WAS 23 for -6 yards. FUMBLES, touched at WAS 23, RECOVERED by WAS-D.Payne at WAS 22.",2,play_type_sack,2,2,14,2200,02:43,WAS 17,17,WAS,93,2022-10-30T21:23:55.000Z,false,false,false,false,false,true,3,7,2:44,2:37,right,APPROVED,3,7,false,14.59,106.27,true,true
2022,REG,8,2022103009,2214,2200,IND,58956,2214.0,(4:55) (Shotgun) S.Ehlinger pass deep right to A.Pierce to WAS 34 for 47 yards (B.St-Juste).,2,play_type_pass,3,2,14,2200,04:55,IND 19,19,IND,91,2022-10-30T22:16:30.000Z,false,false,false,false,false,false,6,7,4:55,4:49,left,APPROVED,6,7,true,14.49,77.52,true,true
2022,REG,8,2022103009,2338,2200,IND,58956,2338.0,(2:05) (Shotgun) T.Heinicke sacked at WAS 7 for -12 yards (sack split by Y.Ngakoue and I.Odenigbo).,2,play_type_sack,3,3,6,5110,02:05,WAS 19,19,WAS,29,2022-10-30T22:22:21.000Z,false,false,false,false,false,false,6,7,2:06,2:00,right,APPROVED,6,7,false,6.18,34.49,true,true
2022,REG,8,2022103009,2443,2200,IND,58956,2443.0,(:11) (Shotgun) S.Ehlinger pass short left to P.Campbell pushed ob at WAS 25 for 38 yards (B.McCain).,2,play_type_pass,3,2,11,2200,00:11,IND 37,37,IND,73,2022-10-30T22:25:44.000Z,false,false,false,false,false,false,6,7,:12,:04,left,APPROVED,6,7,true,11.36,62.44,true,true
2022,REG,8,2022103009,2626,2200,IND,58956,2626.0,(12:32) (Shotgun) T.Heinicke pass short right intended for C.Sims INTERCEPTED by S.Leonard (T.Lewis) [T.Lewis] at WAS 39. S.Leonard to WAS 24 for 15 yards (A.Norwell).,2,play_type_pass,4,1,10,5110,12:32,WAS 25,25,WAS,85,2022-10-30T22:36:07.000Z,false,false,false,false,false,true,9,7,12:32,12:25,left,APPROVED,9,7,true,10.0,75.59,true,true
2022,REG,8,2022103009,2741,2200,IND,58956,2741.0,"(11:17) (Shotgun) N.Hines left end for 6 yards, TOUCHDOWN.",2,play_type_rush,4,1,6,2200,11:17,WAS 6,6,WAS,104,2022-10-30T22:39:31.000Z,false,false,true,true,false,false,15,7,11:17,11:13,right,APPROVED,9,7,true,6.780000000000001,110.0,true,true
2022,REG,8,2022103009,3417,5110,WAS,58956,3417.0,"(:41) (No Huddle, Shotgun) T.Heinicke pass deep left to T.McLaurin to IND 1 for 33 yards (S.Gilmore).",2,play_type_pass,4,1,10,5110,00:41,IND 34,34,IND,44,2022-10-30T23:08:52.000Z,false,false,false,false,false,false,16,10,:42,:32,left,APPROVED,16,10,true,10.0,34.65,true,true
2022,REG,8,2022103010,588,2510,LA,58957,588.0,(3:13) (Shotgun) M.Stafford pass deep right to Al.Robinson ran ob at SF 10 for 23 yards.,2,play_type_pass,1,3,9,2510,03:13,SF 33,33,SF,77,2022-10-30T20:44:29.000Z,false,false,false,false,false,false,0,0,3:14,3:08,right,APPROVED,0,0,true,9.41,85.68,true,true
2022,REG,8,2022103010,1012,4500,SF,58957,1012.0,"(12:17) (Shotgun) C.McCaffrey pass deep right to B.Aiyuk for 34 yards, TOUCHDOWN.",2,play_type_pass,2,2,8,4500,12:17,LA 34,34,LA,76,2022-10-30T21:01:28.000Z,false,false,true,false,false,false,7,6,12:18,12:12,right,APPROVED,7,0,true,8.49,83.81,true,true
2022,REG,8,2022103010,1267,2510,LA,58957,1267.0,"(6:41) (Shotgun) M.Stafford pass deep middle to C.Kupp for 16 yards, TOUCHDOWN.",2,play_type_pass,2,1,10,2510,06:41,SF 16,16,SF,26,2022-10-30T21:12:18.000Z,false,false,true,false,false,false,13,7,6:42,6:37,left,APPROVED,7,7,true,10.0,15.93,true,true
2022,REG,8,2022103010,2410,4500,SF,58957,2410.0,"(1:58) (Shotgun) J.Garoppolo pass short right to C.McCaffrey for 9 yards, TOUCHDOWN.",2,play_type_pass,3,3,3,4500,01:58,LA 9,9,LA,19,2022-10-30T22:20:25.000Z,false,false,true,false,false,false,14,16,1:59,1:53,left,APPROVED,14,10,true,3.47,16.03,true,true
2022,REG,8,2022103010,2509,4500,SF,58957,2509.0,(1:05) (Shotgun) M.Stafford sacked at LA 19 for -9 yards (F.Warner).,2,play_type_sack,3,3,7,2510,01:05,LA 28,28,LA,38,2022-10-30T22:26:12.000Z,false,false,false,false,false,false,14,17,1:05,1:02,right,APPROVED,14,17,false,7.89,44.54,true,true
2022,REG,8,2022103010,2681,4500,SF,58957,2681.0,(12:51) (Shotgun) C.McCaffrey up the middle pushed ob at LA 1 for 24 yards (T.Rapp).,2,play_type_rush,4,1,10,4500,12:51,LA 25,25,LA,85,2022-10-30T22:35:49.000Z,false,false,false,false,false,false,14,17,12:51,12:44,right,APPROVED,14,17,true,10.0,94.45,true,true
2022,REG,8,2022103010,2955,4500,SF,58957,2955.0,(9:08) (Shotgun) J.Garoppolo pass deep left to R.Dwelley to LA 14 for 56 yards (D.Kendrick).,2,play_type_pass,4,2,7,4500,09:08,SF 30,30,SF,40,2022-10-30T22:50:12.000Z,false,false,false,false,false,false,14,24,9:09,8:59,right,APPROVED,14,24,true,7.72,46.68,true,true
2022,REG,8,2022103010,3021,4500,SF,58957,3021.0,"(6:48) J.Garoppolo pass short left to G.Kittle for 7 yards, TOUCHDOWN.",2,play_type_pass,4,3,3,4500,06:48,LA 7,7,LA,103,2022-10-30T22:52:33.000Z,false,false,true,false,false,false,14,30,6:49,6:43,right,APPROVED,14,24,true,3.27,105.81,true,true
2022,REG,8,2022103010,3108,4500,SF,58957,3108.0,"(6:16) (No Huddle, Shotgun) M.Stafford sacked at LA 15 for -11 yards (N.Bosa).",2,play_type_sack,4,2,5,2510,06:16,LA 26,26,LA,84,2022-10-30T22:57:24.000Z,false,false,false,false,false,false,14,31,6:17,6:13,left,APPROVED,14,31,false,5.33,79.46,true,true
2022,REG,8,2022103011,1179,4600,SEA,58958,1179.0,"(12:12) (Shotgun) G.Smith pass short middle to D.Metcalf for 3 yards, TOUCHDOWN.",2,play_type_pass,2,2,3,4600,12:12,NYG 3,3,NYG,107,2022-10-30T21:14:50.000Z,false,false,true,true,false,false,6,0,12:13,12:08,right,APPROVED,0,0,true,3.76,110.0,true,true
2022,REG,8,2022103011,1687,3410,NYG,58958,1687.0,"(2:39) M.Dickson punts 49 yards to NYG 24, Center-C.Tinker. R.James to NYG 24 for no gain (W.Dissly). FUMBLES (W.Dissly), touched at NYG 21, RECOVERED by SEA-J.Blount at NYG 19.",2,play_type_punt,2,4,18,4600,02:39,SEA 27,27,SEA,37,2022-10-30T21:36:18.000Z,true,false,false,false,false,false,7,7,2:39,2:26,right,APPROVED,7,7,false,18.99,54.58,true,true
2022,REG,8,2022103011,2676,3410,NYG,58958,2676.0,(1:52) (Shotgun) D.Jones pass short middle to D.Slayton pushed ob at NYG 48 for 21 yards (J.Jones).,2,play_type_pass,3,3,11,3410,01:52,NYG 27,27,NYG,83,2022-10-30T22:30:10.000Z,false,false,false,false,false,false,13,10,1:52,1:45,left,APPROVED,13,10,true,11.65,71.95,true,true
2022,REG,8,2022103011,3046,4600,SEA,58958,3046.0,"(9:24) (No Huddle, Shotgun) G.Smith pass deep right to T.Lockett for 33 yards, TOUCHDOWN [K.Thibodeaux].",2,play_type_pass,4,1,10,4600,09:24,NYG 33,33,NYG,43,2022-10-30T22:45:13.000Z,false,false,true,false,false,false,19,13,9:25,9:19,left,APPROVED,13,13,true,10.0,32.98,true,true
2022,REG,8,2022103011,3247,3410,NYG,58958,3247.0,"(6:18) M.Dickson punts 55 yards to NYG 21, Center-C.Tinker. R.James to NYG 30 for 9 yards (J.Blount, T.Homer). FUMBLES (T.Homer), RECOVERED by SEA-W.Dissly at NYG 32. NYG-R.James was injured during the play.",2,play_type_punt,4,4,6,4600,06:18,SEA 24,24,SEA,86,2022-10-30T22:57:05.000Z,true,false,false,false,false,false,20,13,6:18,6:08,left,APPROVED,20,13,false,6.11,80.33,true,true
2022,REG,8,2022103011,3320,4600,SEA,58958,3320.0,"(5:31) (Shotgun) K.Walker left end for 16 yards, TOUCHDOWN.",2,play_type_rush,4,1,10,4600,05:31,NYG 16,16,NYG,26,2022-10-30T23:01:17.000Z,false,false,true,false,false,false,26,13,5:32,5:24,left,APPROVED,20,13,true,10.0,16.0,true,true
2022,REG,8,2022103011,3394,3410,NYG,58958,3394.0,"(5:04) (No Huddle, Shotgun) D.Jones pass short right to T.Hudson to SEA 45 for 27 yards (T.Woolen).",2,play_type_pass,4,2,7,3410,05:04,NYG 28,28,NYG,38,2022-10-30T23:04:20.000Z,false,false,false,false,false,false,27,13,5:05,4:57,right,APPROVED,27,13,true,7.52,44.82,true,true
2022,REG,8,2022103012,546,0610,BUF,58959,546.0,"(3:40) J.Allen pass short left to D.Knox for 1 yard, TOUCHDOWN.",2,play_type_pass,1,2,1,0610,03:40,GB 1,1,GB,109,2022-10-31T00:41:35.000Z,false,false,true,true,false,false,6,0,3:41,3:35,right,APPROVED,0,0,true,1.04,110.0,false,true
2022,REG,8,2022103012,821,0610,BUF,58959,821.0,"(15:00) (Shotgun) J.Allen pass deep right to S.Diggs for 26 yards, TOUCHDOWN [J.Reed].",2,play_type_pass,2,2,1,0610,15:00,GB 26,26,GB,36,2022-10-31T00:57:06.000Z,false,false,true,false,false,false,13,0,,14:55,left,APPROVED,7,0,true,1.39,35.14,true,true
2022,REG,8,2022103012,1183,1800,GB,58959,1183.0,"(6:21) (Shotgun) A.Rodgers pass deep right to R.Doubs for 19 yards, TOUCHDOWN.",2,play_type_pass,2,2,12,1800,06:21,BUF 19,19,BUF,91,2022-10-31T01:12:39.000Z,false,false,true,false,false,false,14,6,6:22,6:16,right,APPROVED,14,0,true,12.4,103.0,true,true
2022,REG,8,2022103012,1425,0610,BUF,58959,1425.0,"(2:00) I.McKenzie left end for 7 yards, TOUCHDOWN.",2,play_type_rush,2,2,4,0610,02:00,GB 7,7,GB,17,2022-10-31T01:26:27.000Z,false,false,true,false,false,false,20,7,2:00,1:56,left,APPROVED,14,7,true,4.87,13.16,true,true
2022,REG,8,2022103012,1635,0610,BUF,58959,1635.0,(:53) (Shotgun) J.Allen pass deep middle to S.Diggs to GB 27 for 53 yards (D.Savage) [J.Reed].,2,play_type_pass,2,1,10,0610,00:53,BUF 20,20,BUF,90,2022-10-31T01:38:29.000Z,false,false,false,false,false,false,21,7,:53,:46,left,APPROVED,21,7,true,10.0,80.28,true,true
2022,REG,8,2022103012,1982,1800,GB,58959,1982.0,(12:34) (Shotgun) A.Dillon right guard to BUF 17 for 27 yards (M.Milano).,2,play_type_rush,3,2,10,1800,12:34,BUF 44,44,BUF,54,2022-10-31T02:03:01.000Z,false,false,false,false,false,false,24,7,12:35,12:29,left,APPROVED,24,7,true,10.45,44.11,true,true
2022,REG,8,2022103012,2206,0610,BUF,58959,2206.0,(9:46) (Shotgun) J.Allen pass deep middle to G.Davis to GB 36 for 29 yards (A.Amos).,2,play_type_pass,3,2,10,0610,09:46,BUF 35,35,BUF,45,2022-10-31T02:13:03.000Z,false,false,false,false,false,false,24,10,9:46,9:38,right,APPROVED,24,10,true,10.21,54.77,true,true
2022,REG,8,2022103012,2864,1800,GB,58959,2864.0,(12:46) (Shotgun) J.Allen pass deep middle intended for G.Davis INTERCEPTED by R.Douglas at GB 47. R.Douglas to GB 46 for -1 yards. Lateral to J.Alexander to GB 47 for 1 yard (D.Singletary).,2,play_type_pass,4,3,9,0610,12:46,BUF 33,33,BUF,77,2022-10-31T02:40:18.000Z,false,false,false,false,false,true,27,10,12:46,12:37,left,APPROVED,27,10,true,10.11,67.64,true,true
2022,REG,8,2022103012,2900,0610,BUF,58959,2900.0,(12:34) (Shotgun) A.Rodgers pass short middle intended for Am.Rodgers INTERCEPTED by M.Milano (T.Settle) at GB 42. M.Milano to GB 44 for -2 yards (Z.Tom). Pass tipped at line prior to INT.,2,play_type_pass,4,1,10,1800,12:34,GB 47,47,GB,57,2022-10-31T02:43:35.000Z,false,false,false,false,false,true,27,10,12:34,12:31,right,APPROVED,27,10,true,10.0,66.8,true,true
2022,REG,8,2022103012,2951,0610,BUF,58959,2951.0,(11:44) (Shotgun) J.Allen pass deep left to J.Cook to GB 7 for 41 yards (D.Savage).,2,play_type_pass,4,2,14,0610,11:44,GB 48,48,GB,58,2022-10-31T02:47:23.000Z,false,false,false,false,false,false,27,10,11:45,11:35,left,APPROVED,27,10,true,14.15,44.29,true,true
2022,REG,8,2022103012,3020,1800,GB,58959,3020.0,(10:12) (Shotgun) J.Allen pass short right intended for G.Davis INTERCEPTED by J.Alexander at GB 3. J.Alexander to GB 5 for 2 yards (G.Davis).,2,play_type_pass,4,3,3,0610,10:12,GB 3,3,GB,13,2022-10-31T02:49:36.000Z,false,false,false,true,false,true,27,10,10:12,10:05,left,APPROVED,27,10,true,4.02,10.0,true,true
2022,REG,8,2022103012,3206,1800,GB,58959,3206.0,"(6:42) (Shotgun) A.Rodgers pass deep middle to S.Toure for 37 yards, TOUCHDOWN.",2,play_type_pass,4,2,10,1800,06:42,BUF 37,37,BUF,73,2022-10-31T02:58:47.000Z,false,false,true,false,false,false,27,16,6:42,6:35,right,APPROVED,27,10,true,10.17,82.79,true,true
2022,REG,8,2022103100,186,0920,CIN,58960,186.0,(12:38) (Shotgun) J.Burrow pass deep right to C.Evans pushed ob at CLV 44 for 26 yards (D.Jones).,2,play_type_pass,1,3,5,0920,12:38,CIN 30,30,CIN,40,2022-11-01T00:19:54.000Z,false,false,false,false,false,false,0,0,12:38,12:35,right,APPROVED,0,0,true,5.56,44.67,true,true
2022,REG,8,2022103100,285,1050,CLE,58960,285.0,(10:51) (Shotgun) J.Burrow pass short left intended for T.Higgins INTERCEPTED by A.Green (M.Garrett) at CLV 16. A.Green to CLV 16 for no gain (Mi.Thomas).,2,play_type_pass,1,1,10,0920,10:51,CLE 27,27,CLE,83,2022-11-01T00:22:48.000Z,false,false,false,false,false,true,0,0,10:52,10:48,right,APPROVED,0,0,true,10.0,92.73,true,true
2022,REG,8,2022103100,363,1050,CLE,58960,363.0,(9:31) M.Dunn reported in as eligible.  J.Brissett pass deep right to D.Peoples-Jones to CIN 35 for 37 yards (C.Taylor-Britt).,2,play_type_pass,1,1,10,1050,09:31,CLE 28,28,CLE,82,2022-11-01T00:27:58.000Z,false,false,false,false,false,false,0,0,9:31,9:22,left,APPROVED,0,0,true,10.0,72.11,true,true
2022,REG,8,2022103100,650,1050,CLE,58960,650.0,(2:51) (Shotgun) J.Burrow sacked at CIN 46 for -8 yards (M.Garrett).,2,play_type_sack,1,3,10,0920,02:51,CLE 46,46,CLE,64,2022-11-01T00:38:31.000Z,false,false,false,false,false,false,0,0,2:52,2:49,right,APPROVED,0,0,false,10.59,74.14,true,true
2022,REG,8,2022103100,1171,1050,CLE,58960,1171.0,(9:24) (Shotgun) J.Brissett pass deep right to A.Cooper pushed ob at CIN 44 for 29 yards (S.Hubbard).,2,play_type_pass,2,3,5,1050,09:24,CLE 27,27,CLE,37,2022-11-01T01:06:13.000Z,false,false,false,false,false,false,0,0,9:25,9:17,right,APPROVED,0,0,true,5.28,41.59,true,true
2022,REG,8,2022103100,1353,1050,CLE,58960,1353.0,"(5:07) (Shotgun) M.Dunn and J.Hudson reported in as eligible. Direct snap to N.Chubb.  N.Chubb right guard for 3 yards, TOUCHDOWN.",2,play_type_rush,2,2,3,1050,05:07,CIN 3,3,CIN,107,2022-11-01T01:11:52.000Z,false,false,true,true,false,false,6,0,5:07,5:05,right,APPROVED,0,0,true,3.8,110.0,true,true
2022,REG,8,2022103100,1530,1050,CLE,58960,1530.0,"(3:34) (Shotgun) J.Burrow sacked at 50 for -5 yards (S.Takitaki). FUMBLES (S.Takitaki), touched at 50, RECOVERED by CLV-T.Togiai at CIN 47.",2,play_type_sack,2,1,10,0920,03:34,CLE 45,45,CLE,55,2022-11-01T01:19:41.000Z,false,false,false,false,false,true,8,0,3:35,3:29,left,APPROVED,8,0,false,10.0,45.41,true,true
2022,REG,8,2022103100,1656,0920,CIN,58960,1656.0,"(1:56) (Shotgun) J.Brissett sacked at CIN 47 for -11 yards (sack split by S.Hubbard and V.Bell). FUMBLES (S.Hubbard) [V.Bell], RECOVERED by CIN-A.Davis-Gaither at CIN 46. A.Davis-Gaither to CIN 49 for 3 yards (P.Brown).",2,play_type_sack,2,3,12,1050,01:56,CIN 36,36,CIN,74,2022-11-01T01:27:22.000Z,false,false,false,false,false,true,8,0,1:56,1:52,right,APPROVED,8,0,false,12.25,86.07,true,true
2022,REG,8,2022103100,2169,1050,CLE,58960,2169.0,(12:29) (Shotgun) J.Brissett pass deep right to D.Peoples-Jones to CIN 34 for 26 yards (C.Taylor-Britt).,2,play_type_pass,3,3,7,1050,12:29,CLE 40,40,CLE,50,2022-11-01T01:55:45.000Z,false,false,false,false,false,false,11,0,12:30,12:21,right,APPROVED,11,0,true,7.94,56.98,true,true
2022,REG,8,2022103100,2235,1050,CLE,58960,2235.0,(10:21) (Shotgun) N.Chubb left tackle pushed ob at CIN 9 for 21 yards (J.Bates).,2,play_type_rush,3,3,6,1050,10:21,CIN 30,30,CIN,80,2022-11-01T01:57:52.000Z,false,false,false,false,false,false,11,0,10:22,10:16,right,APPROVED,11,0,true,6.02,86.0,true,true
2022,REG,8,2022103100,2286,1050,CLE,58960,2286.0,"(9:05) M.Dunn reported in as eligible.  J.Brissett scrambles left end for 3 yards, TOUCHDOWN.",2,play_type_rush,3,2,3,1050,09:05,CIN 3,3,CIN,107,2022-11-01T01:59:14.000Z,false,false,true,true,false,false,17,0,9:06,8:59,right,APPROVED,11,0,true,3.12,110.0,true,true
2022,REG,8,2022103100,2384,1050,CLE,58960,2384.0,(8:14) (Shotgun) J.Burrow sacked at CIN 20 for -9 yards (D.Jones).,2,play_type_sack,3,3,6,0920,08:14,CIN 29,29,CIN,81,2022-11-01T02:04:59.000Z,false,false,false,false,false,false,18,0,8:14,8:11,left,APPROVED,18,0,false,6.3,75.28,true,true
2022,REG,8,2022103100,2593,1050,CLE,58960,2593.0,"(3:14) (Shotgun) J.Brissett pass short left to A.Cooper for 4 yards, TOUCHDOWN.",2,play_type_pass,3,2,4,1050,03:14,CIN 4,4,CIN,106,2022-11-01T02:13:03.000Z,false,false,true,true,false,false,24,0,3:15,3:11,right,APPROVED,18,0,true,5.16,110.0,true,true
2022,REG,8,2022103100,2911,0920,CIN,58960,2911.0,"(14:22) (Shotgun) J.Burrow pass short right to T.Boyd for 13 yards, TOUCHDOWN.",2,play_type_pass,4,1,10,0920,14:22,CLE 13,13,CLE,97,2022-11-01T02:25:58.000Z,false,false,true,false,false,false,25,6,14:23,14:15,right,APPROVED,25,0,true,10.0,106.43,true,true
2022,REG,8,2022103100,3087,1050,CLE,58960,3087.0,(10:37) (Shotgun) J.Brissett pass deep left to A.Cooper to CIN 11 for 53 yards (V.Bell).,2,play_type_pass,4,3,9,1050,10:37,CLE 36,36,CLE,74,2022-11-01T02:34:10.000Z,false,false,false,false,false,false,25,6,10:38,10:31,left,APPROVED,25,6,true,10.15,65.1,true,true
2022,REG,8,2022103100,3132,1050,CLE,58960,3132.0,"(8:51) M.Dunn and J.Hudson reported in as eligible.  N.Chubb left guard for 11 yards, TOUCHDOWN.",2,play_type_rush,4,2,10,1050,08:51,CIN 11,11,CIN,21,2022-11-01T02:35:55.000Z,false,false,true,false,false,false,31,6,8:52,8:47,left,APPROVED,25,6,true,10.18,11.14,true,true
2022,REG,8,2022103100,3304,0920,CIN,58960,3304.0,"(6:48) (Shotgun) J.Burrow pass deep left to T.Higgins for 41 yards, TOUCHDOWN [M.Garrett].",2,play_type_pass,4,1,10,0920,06:48,CLE 41,41,CLE,69,2022-11-01T02:42:45.000Z,false,false,true,false,false,false,32,12,6:48,6:41,right,APPROVED,32,6,true,10.0,78.86,true,true
2022,REG,9,2022110300,192,2120,HOU,58961,192.0,(11:12) D.Mills pass deep left to P.Dorsett ran ob at PHI 6 for 34 yards (J.Bradberry).,2,play_type_pass,1,1,10,2120,11:12,PHI 40,40,PHI,70,2022-11-04T00:20:24.000Z,false,false,false,false,false,false,0,0,11:13,11:07,right,APPROVED,0,0,true,10.0,79.71,true,true
2022,REG,9,2022110300,242,2120,HOU,58961,242.0,"(9:42) C.Heck reported in as eligible.  D.Mills pass short left to T.Quitoriano for 2 yards, TOUCHDOWN.",2,play_type_pass,1,2,2,2120,09:42,PHI 2,2,PHI,108,2022-11-04T00:21:54.000Z,false,false,true,true,false,false,6,0,9:43,9:38,right,APPROVED,0,0,true,3.12,110.0,true,true
2022,REG,9,2022110300,417,3700,PHI,58961,417.0,(8:51) (Shotgun) J.Hurts pass short right to Q.Watkins to PHI 44 for 23 yards (J.Owens).,2,play_type_pass,1,3,6,3700,08:51,PHI 21,21,PHI,89,2022-11-04T00:29:18.000Z,false,false,false,false,false,false,7,0,8:51,8:44,left,APPROVED,7,0,true,6.72,83.4,true,true
2022,REG,9,2022110300,1016,2120,HOU,58961,1016.0,"(12:16) (No Huddle, Shotgun) J.Hurts sacked at HST 35 for -8 yards (S.Nelson). FUMBLES (S.Nelson) [S.Nelson], touched at HST 34, RECOVERED by HST-J.Johnson at HST 35.",2,play_type_sack,2,1,10,3700,12:16,HOU 27,27,HOU,83,2022-11-04T00:53:41.000Z,false,false,false,false,false,true,7,7,12:17,12:12,right,APPROVED,7,7,false,10.0,92.57,true,true
2022,REG,9,2022110300,1112,3700,PHI,58961,1112.0,(10:52) (Shotgun) D.Mills sacked at HST 44 for -6 yards (J.Hargrave).,2,play_type_sack,2,3,9,2120,10:52,50,50,,60,2022-11-04T00:58:41.000Z,false,false,false,false,false,false,7,7,10:53,10:48,left,APPROVED,7,7,false,9.62,51.26,true,true
2022,REG,9,2022110300,1361,3700,PHI,58961,1361.0,"(4:37) (Shotgun) K.Gainwell up the middle for 4 yards, TOUCHDOWN.",2,play_type_rush,2,3,4,3700,04:37,HOU 4,4,HOU,106,2022-11-04T01:08:33.000Z,false,false,true,true,false,false,7,13,4:38,4:35,right,APPROVED,7,7,true,4.68,110.0,true,true
2022,REG,9,2022110300,1475,2120,HOU,58961,1475.0,(2:38) (Shotgun) D.Pierce right tackle pushed ob at PHI 27 for 36 yards (A.Maddox).,2,play_type_rush,2,1,10,2120,02:38,HOU 37,37,HOU,73,2022-11-04T01:19:03.000Z,false,false,false,false,false,false,7,14,2:38,2:31,left,APPROVED,7,14,true,10.0,63.06,true,true
2022,REG,9,2022110300,1555,2120,HOU,58961,1555.0,"(:43) (Shotgun) D.Mills pass incomplete short right to C.Moore (M.Epps). The Replay Official reviewed the incomplete pass ruling, and the play was REVERSED. (Shotgun) D.Mills pass short right to C.Moore for 13 yards, TOUCHDOWN.",2,play_type_pass,2,1,10,2120,00:43,PHI 13,13,PHI,23,2022-11-04T01:22:28.000Z,false,false,true,false,false,false,13,14,:44,:38,left,APPROVED,7,14,true,10.0,13.2,true,true
2022,REG,9,2022110300,1874,2120,HOU,58961,1874.0,(13:36) (Shotgun) J.Hurts sacked at PHI 15 for -9 yards (J.Hughes).,2,play_type_sack,3,3,3,3700,13:36,PHI 24,24,PHI,34,2022-11-04T01:49:03.000Z,false,false,false,false,false,false,14,14,13:37,13:31,right,APPROVED,14,14,false,3.62,36.42,true,true
2022,REG,9,2022110300,2185,3700,PHI,58961,2185.0,(8:23) (Shotgun) D.Mills pass deep middle intended for C.Moore INTERCEPTED by C.Gardner-Johnson at HST 42. C.Gardner-Johnson ran ob at HST 17 for 25 yards (T.Quitoriano).,2,play_type_pass,3,3,6,2120,08:23,HOU 24,24,HOU,86,2022-11-04T02:04:30.000Z,false,false,false,false,false,true,14,14,8:24,8:14,left,APPROVED,14,14,true,6.47,80.17,true,true
2022,REG,9,2022110300,2233,3700,PHI,58961,2233.0,"(8:10) (Shotgun) J.Hurts pass deep left to A.Brown for 17 yards, TOUCHDOWN.",2,play_type_pass,3,2,10,3700,08:10,HOU 17,17,HOU,93,2022-11-04T02:06:03.000Z,false,false,true,false,false,false,14,20,8:10,8:05,right,APPROVED,14,14,true,10.4,102.62,true,true
2022,REG,9,2022110300,2308,2120,HOU,58961,2308.0,(7:22) (Shotgun) D.Mills pass short left to C.Moore to HST 46 for 25 yards (K.White).,2,play_type_pass,3,2,14,2120,07:22,HOU 21,21,HOU,89,2022-11-04T02:11:19.000Z,false,false,false,false,false,false,14,21,7:24,7:17,left,APPROVED,14,21,true,14.32,75.28,true,true
2022,REG,9,2022110300,2782,3700,PHI,58961,2782.0,"(11:26) (Shotgun) J.Hurts pass short right to D.Goedert for 4 yards, TOUCHDOWN.",2,play_type_pass,4,2,4,3700,11:26,HOU 4,4,HOU,14,2022-11-04T02:29:13.000Z,false,false,true,true,false,false,17,27,11:27,11:23,left,APPROVED,17,21,true,4.34,10.0,true,true
2022,REG,9,2022110300,3005,3700,PHI,58961,3005.0,(9:03) (Shotgun) D.Mills sacked at HST 49 for -4 yards (J.Hargrave).,2,play_type_sack,4,3,10,2120,09:03,PHI 47,47,PHI,63,2022-11-04T02:43:53.000Z,false,false,false,false,false,false,17,29,9:03,9:00,right,APPROVED,17,29,false,10.4,72.69,true,true
2022,REG,9,2022110300,3184,2120,HOU,58961,3184.0,(5:53) (Shotgun) D.Mills pass deep left to P.Dorsett to PHI 35 for 27 yards (K.Wallace).,2,play_type_pass,4,2,10,2120,05:53,HOU 38,38,HOU,48,2022-11-04T02:51:10.000Z,false,false,false,false,false,false,17,29,5:53,5:50,right,APPROVED,17,29,true,10.56,57.78,true,true
2022,REG,9,2022110300,3369,3700,PHI,58961,3369.0,"(2:17) (Shotgun) D.Mills pass deep left intended for P.Dorsett INTERCEPTED by J.Bradberry at PHI 3. J.Bradberry to PHI 25 for 22 yards (D.Mills). Penalty on HST-P.Dorsett, Illegal Shift, declined.",2,play_type_pass,4,3,19,2120,02:17,PHI 21,21,PHI,89,2022-11-04T02:56:13.000Z,false,false,false,false,false,true,17,29,2:18,2:10,right,APPROVED,17,29,true,19.23,107.68,true,true
2022,REG,9,2022110600,101,0200,ATL,58962,101.0,"(13:38) T.Allgeier right end to LAC 15 for 44 yards (N.Adderley, A.Samuel).",2,play_type_rush,1,1,10,0200,13:38,ATL 41,41,ATL,69,2022-11-06T18:04:25.000Z,false,false,false,false,false,false,0,0,13:39,13:29,left,APPROVED,0,0,true,10.0,58.92,true,true
2022,REG,9,2022110600,960,4400,LAC,58962,960.0,(12:15) (Shotgun) J.Herbert pass deep middle to J.Palmer to LAC 37 for 25 yards (R.Grant).,2,play_type_pass,2,3,15,4400,12:15,LAC 12,12,LAC,98,2022-11-06T18:42:39.000Z,false,false,false,false,false,false,10,0,12:15,12:09,left,APPROVED,10,0,true,15.34,83.24,true,true
2022,REG,9,2022110600,1682,4400,LAC,58962,1682.0,"(:36) J.Herbert pass short right to A.Ekeler for 1 yard, TOUCHDOWN.",2,play_type_pass,2,2,1,4400,00:36,ATL 1,1,ATL,11,2022-11-06T19:10:59.000Z,false,false,true,true,false,false,10,13,:36,:34,left,APPROVED,10,7,true,1.36,10.0,true,true
2022,REG,9,2022110600,2266,0200,ATL,58962,2266.0,(8:39) (Shotgun) J.Herbert pass short middle intended for J.Palmer INTERCEPTED by R.Grant at ATL 37. R.Grant to ATL 47 for 10 yards (C.Linsley).,2,play_type_pass,3,3,8,4400,08:39,ATL 48,48,ATL,58,2022-11-06T19:44:33.000Z,false,false,false,false,false,true,10,14,8:40,8:29,left,APPROVED,10,14,true,8.0,50.6,true,true
2022,REG,9,2022110600,2492,0200,ATL,58962,2492.0,"(3:48) (Shotgun) C.Patterson left guard for 3 yards, TOUCHDOWN. ATL-M.Hennessy was injured during the play.",2,play_type_rush,3,3,3,0200,03:48,LAC 3,3,LAC,107,2022-11-06T19:53:39.000Z,false,false,true,true,false,false,16,14,3:48,3:46,right,APPROVED,10,14,true,3.17,110.0,true,true
2022,REG,9,2022110601,845,0810,CHI,58963,845.0,"(15:00) J.Fields pass short right to C.Kmet for 18 yards, TOUCHDOWN.",2,play_type_pass,2,1,10,0810,15:00,MIA 18,18,MIA,28,2022-11-06T18:34:47.000Z,false,false,true,false,false,false,9,7,15:00,14:54,left,APPROVED,3,7,true,10.0,18.52,false,true
2022,REG,9,2022110601,930,2700,MIA,58963,930.0,(14:16) (Shotgun) T.Tagovailoa pass deep right to T.Hill pushed ob at MIA 45 for 25 yards (J.Brisker).,2,play_type_pass,2,1,15,2700,14:16,MIA 20,20,MIA,30,2022-11-06T18:39:05.000Z,false,false,false,false,false,false,10,7,14:24,14:17,right,APPROVED,10,7,true,15.0,44.59,true,true
2022,REG,9,2022110601,979,2700,MIA,58963,979.0,(13:10) (Shotgun) T.Tagovailoa pass short middle to J.Waddle to CHI 28 for 26 yards (E.Jackson).,2,play_type_pass,2,2,9,2700,13:10,MIA 46,46,MIA,56,2022-11-06T18:40:22.000Z,false,false,false,false,false,false,10,7,13:11,13:05,right,APPROVED,10,7,true,9.11,64.71,true,true
2022,REG,9,2022110601,1083,2700,MIA,58963,1083.0,"(10:42) (Shotgun) T.Tagovailoa pass short right to T.Hill for 3 yards, TOUCHDOWN.",2,play_type_pass,2,1,3,2700,10:42,CHI 3,3,CHI,107,2022-11-06T18:44:53.000Z,false,false,true,true,false,false,10,13,10:42,10:40,right,APPROVED,10,7,true,3.700000000000003,110.0,true,true
2022,REG,9,2022110601,1233,2700,MIA,58963,1233.0,"(8:33) T.Gill punt is BLOCKED by J.Phillips, Center-P.Scales, RECOVERED by MIA-A.Van Ginkel at CHI 25. A.Van Ginkel for 25 yards, TOUCHDOWN.",2,play_type_punt,2,4,5,0810,08:33,CHI 40,40,CHI,70,2022-11-06T18:51:51.000Z,true,false,true,false,false,true,10,20,8:33,8:27,left,APPROVED,10,14,true,5.73,64.99,true,true
2022,REG,9,2022110601,1560,0810,CHI,58963,1560.0,"(2:00) (Shotgun) J.Fields pass deep left to D.Mooney for 16 yards, TOUCHDOWN [J.Phillips].",2,play_type_pass,2,3,8,0810,02:00,MIA 16,16,MIA,26,2022-11-06T19:06:25.000Z,false,false,true,false,false,false,16,21,2:00,1:56,left,APPROVED,10,21,true,8.26,18.28,true,true
2022,REG,9,2022110601,1689,2700,MIA,58963,1689.0,(1:00) (Shotgun) T.Tagovailoa pass deep right to T.Hill pushed ob at CHI 18 for 39 yards (J.Johnson).,2,play_type_pass,2,3,6,2700,01:00,MIA 43,43,MIA,53,2022-11-06T19:13:58.000Z,false,false,false,false,false,false,17,21,1:00,:53,right,APPROVED,17,21,true,6.5,58.66,true,true
2022,REG,9,2022110601,1971,2700,MIA,58963,1971.0,"(12:53) (Shotgun) T.Tagovailoa pass deep left to J.Waddle for 18 yards, TOUCHDOWN.",2,play_type_pass,3,2,3,2700,12:53,CHI 18,18,CHI,92,2022-11-06T19:41:05.000Z,false,false,true,false,false,false,17,27,12:55,12:49,right,APPROVED,17,21,true,3.33,94.72,true,true
2022,REG,9,2022110601,2084,0810,CHI,58963,2084.0,"(11:32) (Shotgun) J.Fields scrambles left tackle for 61 yards, TOUCHDOWN.",2,play_type_rush,3,3,5,0810,11:32,CHI 39,39,CHI,71,2022-11-06T19:46:32.000Z,false,false,true,false,false,false,23,28,11:34,11:22,left,APPROVED,17,28,true,5.75,66.22,true,true
2022,REG,9,2022110601,2379,2700,MIA,58963,2379.0,"(6:07) (Shotgun) T.Tagovailoa pass short left to J.Wilson for 10 yards, TOUCHDOWN.",2,play_type_pass,3,3,7,2700,06:07,CHI 10,10,CHI,100,2022-11-06T20:02:11.000Z,false,false,true,false,false,false,25,34,6:07,6:04,right,APPROVED,25,28,true,7.05,106.73,true,true
2022,REG,9,2022110601,2953,0810,CHI,58963,2953.0,"(11:42) J.Fields pass short right to C.Kmet for 4 yards, TOUCHDOWN.",2,play_type_pass,4,1,4,0810,11:42,MIA 4,4,MIA,106,2022-11-06T20:27:12.000Z,false,false,true,true,false,false,31,35,11:44,11:40,right,APPROVED,25,35,true,4.790000000000006,110.0,true,true
2022,REG,9,2022110602,206,0920,CIN,58964,206.0,(11:57) (Shotgun) J.Burrow pass short left to J.Mixon to CAR 18 for 35 yards (K.Taylor).,2,play_type_pass,1,1,10,0920,11:57,CIN 47,47,CIN,63,2022-11-06T18:06:31.000Z,false,false,false,false,false,false,0,0,11:58,11:49,left,APPROVED,0,0,true,10.0,53.4,true,true
2022,REG,9,2022110602,746,0920,CIN,58964,746.0,(1:41) (Shotgun) J.Mixon right tackle to CAR 14 for 29 yards (S.Thompson).,2,play_type_rush,1,2,6,0920,01:41,CAR 43,43,CAR,53,2022-11-06T18:32:55.000Z,false,false,false,false,false,false,7,0,1:42,1:35,left,APPROVED,7,0,true,6.32,47.06,true,true
2022,REG,9,2022110602,1320,0920,CIN,58964,1320.0,"(7:31) J.Mixon right tackle for 3 yards, TOUCHDOWN.",2,play_type_rush,2,1,3,0920,07:31,CAR 3,3,CAR,107,2022-11-06T18:57:52.000Z,false,false,true,true,false,false,20,0,7:33,7:30,right,APPROVED,14,0,true,2.6899999999999977,110.0,true,true
2022,REG,9,2022110602,1401,0920,CIN,58964,1401.0,"(6:47) C.Erving reported in as eligible.  P.Walker pass deep right intended for T.Tremble INTERCEPTED by G.Pratt at CAR 45. G.Pratt to CAR 42 for 3 yards (T.Tremble, G.Ricci). Penalty on CAR-C.Erving, Illegal Formation, declined.",2,play_type_pass,2,2,6,0750,06:47,CAR 25,25,CAR,85,2022-11-06T19:03:06.000Z,false,false,false,false,false,true,21,0,6:48,6:38,left,APPROVED,21,0,true,6.13,79.45,true,true
2022,REG,9,2022110602,1946,0920,CIN,58964,1946.0,(1:24) (Shotgun) P.Walker pass deep right intended for D.Moore INTERCEPTED by J.Bates at CAR 39. J.Bates to CAR 23 for 16 yards (T.Tremble).,2,play_type_pass,2,2,7,0750,01:24,CAR 14,14,CAR,96,2022-11-06T19:25:44.000Z,false,false,false,false,false,true,28,0,1:24,1:11,left,APPROVED,28,0,true,7.36,89.11,true,true
2022,REG,9,2022110602,2098,0920,CIN,58964,2098.0,"(:11) (Shotgun) J.Burrow pass short right to J.Mixon for 12 yards, TOUCHDOWN.",2,play_type_pass,2,3,10,0920,00:11,CAR 12,12,CAR,98,2022-11-06T19:32:19.000Z,false,false,true,false,false,false,34,0,:11,:05,right,APPROVED,28,0,true,10.55,108.26,true,true
2022,REG,9,2022110602,2201,0750,CAR,58964,2201.0,E.McPherson kicks 68 yards from CIN 35 to CAR -3. R.Blackshear to CIN 37 for 66 yards (S.Perine; D.Hill).,32,play_type_kickoff,3,0,0,0920,15:00,CIN 35,35,CIN,45,2022-11-06T19:48:21.000Z,true,false,false,false,false,true,35,0,15:00,14:49,right,APPROVED,35,0,true,,,true,true
2022,REG,9,2022110602,2414,0750,CAR,58964,2414.0,"(10:55) (Shotgun) B.Mayfield pass short middle to T.Tremble for 8 yards, TOUCHDOWN.",2,play_type_pass,3,4,7,0750,10:55,CIN 8,8,CIN,18,2022-11-06T19:54:48.000Z,false,false,true,false,false,false,35,6,10:55,10:53,left,APPROVED,35,0,true,8.07,11.12,true,true
2022,REG,9,2022110602,2740,0920,CIN,58964,2740.0,"(4:44) H.Adeniji reported in as eligible.  J.Mixon left end for 14 yards, TOUCHDOWN. Penalty on CAR-M.Ioannidis, Defensive Offside, declined.",2,play_type_rush,3,2,4,0920,04:44,CAR 14,14,CAR,96,2022-11-06T20:06:21.000Z,false,false,true,false,false,false,41,7,4:45,4:39,right,APPROVED,35,7,true,4.01,99.54,true,true
2022,REG,9,2022110602,3165,0750,CAR,58964,3165.0,(12:06) (Shotgun) B.Mayfield pass short left to R.Blackshear to CAR 44 for 27 yards (A.Davis-Gaither; M.Bailey).,2,play_type_pass,4,2,7,0750,12:06,CAR 17,17,CAR,27,2022-11-06T20:29:09.000Z,false,false,false,false,false,false,42,7,12:07,11:59,right,APPROVED,42,7,true,7.47,33.95,true,true
2022,REG,9,2022110602,3361,0750,CAR,58964,3361.0,"(7:52) (Shotgun) B.Mayfield pass deep left to T.Marshall for 21 yards, TOUCHDOWN.",2,play_type_pass,4,2,14,0750,07:52,CIN 21,21,CIN,89,2022-11-06T20:33:27.000Z,false,false,true,false,false,false,42,13,7:53,7:48,right,APPROVED,42,7,true,13.67,102.62,true,true
2022,REG,9,2022110603,558,1540,DET,58965,558.0,(4:25) (Shotgun) A.Rodgers pass short middle intended for A.Lazard INTERCEPTED by K.Joseph (D.Barnes) at DET 0. Touchback.,2,play_type_pass,1,1,5,1800,04:25,DET 5,5,DET,105,2022-11-06T18:23:09.000Z,false,false,false,true,false,true,0,0,4:25,4:19,right,APPROVED,0,0,true,5.469999999999999,110.0,true,true
2022,REG,9,2022110603,796,1800,GB,58965,796.0,(1:48) (Shotgun) A.Rodgers pass deep right to A.Lazard to DET 1 for 47 yards (W.Harris) [J.Paschal].,2,play_type_pass,1,3,10,1800,01:48,DET 48,48,DET,62,2022-11-06T18:38:49.000Z,false,false,false,false,false,false,0,0,1:48,1:41,right,APPROVED,0,0,true,10.79,71.7,true,true
2022,REG,9,2022110603,915,1540,DET,58965,915.0,(15:00) D.Bakhtiari reported in as eligible.  A.Rodgers pass short left intended for D.Bakhtiari INTERCEPTED by A.Hutchinson at DET 0. Touchback.,2,play_type_pass,2,4,1,1800,15:00,DET 1,1,DET,11,2022-11-06T18:45:37.000Z,false,false,false,true,false,true,0,0,15:00,14:57,left,APPROVED,0,0,true,2.03,10.0,true,true
2022,REG,9,2022110603,1706,1540,DET,58965,1706.0,"(:20) J.Goff pass short left to S.Zylstra for 1 yard, TOUCHDOWN.",2,play_type_pass,2,2,1,1540,00:20,GB 1,1,GB,109,2022-11-06T19:17:54.000Z,false,false,true,true,false,false,6,0,:20,:17,right,APPROVED,0,0,true,1.63,110.0,true,true
2022,REG,9,2022110603,2135,1800,GB,58965,2135.0,(10:20) D.Skipper reported in as eligible.  J.Goff pass deep left intended for A.St. Brown INTERCEPTED by J.Alexander at GB 48. J.Alexander pushed ob at DET 23 for 29 yards (D.Skipper).,2,play_type_pass,3,1,10,1540,10:20,DET 35,35,DET,45,2022-11-06T19:49:40.000Z,false,false,false,false,false,true,8,0,10:20,10:08,right,APPROVED,8,0,true,10.0,54.35,true,true
2022,REG,9,2022110603,2189,1540,DET,58965,2189.0,(9:23) (Shotgun) A.Rodgers pass deep middle intended for R.Tonyan INTERCEPTED by K.Joseph at DET 3. K.Joseph to DET 12 for 9 yards (S.Watkins).,2,play_type_pass,3,2,9,1800,09:23,DET 22,22,DET,32,2022-11-06T19:51:40.000Z,false,false,false,false,false,true,8,0,9:24,9:17,left,APPROVED,8,0,true,9.8,23.2,true,true
2022,REG,9,2022110603,2460,1800,GB,58965,2460.0,"(5:00) A.Rodgers pass deep left to A.Lazard for 20 yards, TOUCHDOWN [J.Paschal].",2,play_type_pass,3,2,3,1800,05:00,DET 20,20,DET,30,2022-11-06T20:08:40.000Z,false,false,true,false,false,false,8,6,5:00,4:55,left,APPROVED,8,0,true,3.09,27.33,true,true
2022,REG,9,2022110603,2485,1800,GB,58965,2485.0,(Pass formation) TWO-POINT CONVERSION ATTEMPT. A.Rodgers pass to A.Lazard is incomplete. ATTEMPT FAILS.,26,play_type_two_point_conversion,3,0,0,1800,04:53,DET 2,2,DET,12,2022-11-06T20:09:56.000Z,false,false,false,false,false,false,8,6,4:53,4:53,left,APPROVED,8,6,false,,,true,true
2022,REG,9,2022110603,2761,1540,DET,58965,2761.0,(1:15) (Shotgun) J.Goff pass short middle to A.St. Brown to GB 16 for 25 yards (A.Amos).,2,play_type_pass,3,3,6,1540,01:15,GB 41,41,GB,69,2022-11-06T20:18:09.000Z,false,false,false,false,false,false,8,6,1:16,1:10,right,APPROVED,8,6,true,5.88,74.24,true,true
2022,REG,9,2022110603,2874,1540,DET,58965,2874.0,"(14:56) (Shotgun) J.Goff pass short middle to J.Mitchell for 3 yards, TOUCHDOWN.",2,play_type_pass,4,3,3,1540,14:56,GB 3,3,GB,13,2022-11-06T20:23:15.000Z,false,false,true,true,false,false,14,6,14:56,14:52,left,APPROVED,8,6,true,3.88,10.0,true,true
2022,REG,9,2022110603,3713,1800,GB,58965,3713.0,"(1:09) (Shotgun) A.Rodgers pass deep right to S.Toure to DET 17 for 32 yards (J.Okudah). FUMBLES (J.Okudah), ball out of bounds at DET 17.",2,play_type_pass,4,4,2,1800,01:09,DET 49,49,DET,61,2022-11-06T21:02:40.000Z,false,false,false,false,false,false,15,9,1:09,:57,right,APPROVED,15,9,true,2.72,63.23,true,true
2022,REG,9,2022110604,625,2520,LV,58966,625.0,"(4:51) (Shotgun) D.Carr pass deep left to D.Adams for 25 yards, TOUCHDOWN.",2,play_type_pass,1,2,4,2520,04:51,JAX 25,25,JAX,35,2022-11-06T18:22:50.000Z,false,false,true,false,false,false,0,6,4:52,4:48,left,APPROVED,0,0,true,4.34,30.79,true,true
2022,REG,9,2022110604,1130,2520,LV,58966,1130.0,(11:56) (Shotgun) D.Carr pass short right to F.Moreau to JAX 38 for 30 yards (T.Walker).,2,play_type_pass,2,2,9,2520,11:56,LV 32,32,LV,42,2022-11-06T18:50:48.000Z,false,false,false,false,false,false,0,10,11:57,11:46,right,APPROVED,0,10,true,8.83,50.77,true,true
2022,REG,9,2022110604,1154,2520,LV,58966,1154.0,"(11:00) T.Munford reported in as eligible.  D.Carr pass deep middle to D.Adams for 38 yards, TOUCHDOWN.",2,play_type_pass,2,1,10,2520,11:00,JAX 38,38,JAX,72,2022-11-06T18:51:45.000Z,false,false,true,false,false,false,0,16,11:01,10:53,right,APPROVED,0,10,true,10.0,81.57,true,true
2022,REG,9,2022110604,1982,2250,JAX,58966,1982.0,D.Carlson kicks 62 yards from LV 35 to JAX 3. J.Agnew to LV 45 for 52 yards (S.Webb).,32,play_type_kickoff,3,0,0,2520,15:00,LV 35,35,LV,45,2022-11-06T19:43:05.000Z,true,false,false,false,false,true,10,20,15:00,14:54,right,APPROVED,10,20,true,,,true,true
2022,REG,9,2022110604,2242,2250,JAX,58966,2242.0,"(10:20) (Shotgun) T.Lawrence pass short right to C.Kirk for 7 yards, TOUCHDOWN.",2,play_type_pass,3,2,7,2250,10:20,LV 7,7,LV,17,2022-11-06T19:50:44.000Z,false,false,true,true,false,false,16,20,10:20,10:16,left,APPROVED,10,20,true,7.19,10.0,true,true
2022,REG,9,2022110604,2710,2250,JAX,58966,2710.0,"(15:00) T.Etienne right end for 5 yards, TOUCHDOWN.",2,play_type_rush,4,3,1,2250,15:00,LV 5,5,LV,105,2022-11-06T20:12:40.000Z,false,false,true,false,false,false,23,20,15:00,14:58,right,APPROVED,17,20,true,0.96,106.21,true,true
2022,REG,9,2022110604,3850,2250,JAX,58966,3850.0,"(:25) (No Huddle, Shotgun) B.Bolden left end to LV 23 for 5 yards. Lateral to F.Moreau to LV 28 for 5 yards (T.Herndon). FUMBLES (T.Herndon), RECOVERED by JAX-D.Lloyd at LV 25. D.Lloyd to LV 14 for 11 yards (D.Parham).",2,play_type_rush,4,4,17,2520,00:25,LV 18,18,LV,92,2022-11-06T21:07:18.000Z,false,false,false,false,false,true,27,20,:26,:10,left,APPROVED,27,20,true,17.48,75.1,true,true
2022,REG,9,2022110605,440,3200,NE,58967,440.0,(8:20) (Shotgun) S.Ehlinger sacked at NE 48 for -8 yards (M.Judon).,2,play_type_sack,1,3,8,2200,08:20,NE 40,40,NE,50,2022-11-06T18:19:48.000Z,false,false,false,false,false,false,0,0,8:21,8:17,left,APPROVED,0,0,false,8.22,42.23,true,true
2022,REG,9,2022110605,676,3200,NE,58967,676.0,(2:07) (Shotgun) S.Ehlinger sacked at IND 24 for -5 yards (J.Bentley).,2,play_type_sack,1,3,5,2200,02:07,IND 29,29,IND,81,2022-11-06T18:32:15.000Z,false,false,false,false,false,false,0,0,2:08,2:03,left,APPROVED,0,0,false,5.94,76.21,true,true
2022,REG,9,2022110605,1288,3200,NE,58967,1288.0,"(7:04) M.Haack punt is BLOCKED by Jo.Jones, Center-L.Rhodes, RECOVERED by NE-B.Schooler at IND 8. B.Schooler to IND 2 for 6 yards (M.Haack).",2,play_type_punt,2,4,9,2200,07:04,IND 26,26,IND,36,2022-11-06T19:00:14.000Z,true,false,false,false,false,true,6,0,7:05,7:00,right,APPROVED,6,0,false,10.41,44.63,true,true
2022,REG,9,2022110605,1336,3200,NE,58967,1336.0,"(6:18) (Shotgun) M.Jones pass short left to R.Stevenson for 3 yards, TOUCHDOWN.",2,play_type_pass,2,2,3,3200,06:18,IND 3,3,IND,13,2022-11-06T19:01:53.000Z,false,false,true,true,false,false,12,0,6:19,6:14,left,APPROVED,6,0,true,3.97,10.0,true,true
2022,REG,9,2022110605,3009,3200,NE,58967,3009.0,"(14:17) (Shotgun) M.Jones pass deep middle to H.Henry to IND 14 for 30 yards (R.McLeod, J.Blackmon).",2,play_type_pass,4,3,9,3200,14:17,IND 44,44,IND,54,2022-11-06T20:28:26.000Z,false,false,false,false,false,false,16,3,14:18,14:12,left,APPROVED,16,3,true,9.5,44.91,true,true
2022,REG,9,2022110605,3260,3200,NE,58967,3260.0,(10:05) (Shotgun) S.Ehlinger sacked at IND 10 for -15 yards (sack split by J.Tavai and D.Wise).,2,play_type_sack,4,2,10,2200,10:05,IND 25,25,IND,35,2022-11-06T20:37:28.000Z,false,false,false,false,false,false,19,3,10:05,9:58,right,APPROVED,19,3,false,10.36,44.4,true,true
2022,REG,9,2022110605,3568,3200,NE,58967,3568.0,"(4:07) (Shotgun) S.Ehlinger pass short left intended for K.Granson INTERCEPTED by Jo.Jones at IND 17. Jo.Jones for 17 yards, TOUCHDOWN.",2,play_type_pass,4,3,15,2200,04:07,IND 6,6,IND,16,2022-11-06T20:48:29.000Z,false,false,true,false,false,true,25,3,4:08,4:00,right,APPROVED,19,3,true,15.71,30.52,true,true
2022,REG,9,2022110606,65,0610,BUF,58968,65.0,(14:58) J.Allen pass deep right to S.Diggs pushed ob at NYJ 13 for 42 yards (L.Joyner).,2,play_type_pass,1,1,10,0610,14:58,BUF 45,45,BUF,55,2022-11-06T18:04:08.000Z,false,false,false,false,false,false,0,0,14:58,14:52,right,APPROVED,0,0,true,10.0,64.76,true,true
2022,REG,9,2022110606,120,3430,NYJ,58968,120.0,(14:17) J.Allen pass short right intended for D.Knox INTERCEPTED by J.Whitehead at NYJ 9. J.Whitehead ran ob at NYJ 14 for 5 yards.,2,play_type_pass,1,2,10,0610,14:17,NYJ 13,13,NYJ,97,2022-11-06T18:05:28.000Z,false,false,false,false,false,true,0,0,14:17,14:12,right,APPROVED,0,0,true,10.22,106.74,true,true
2022,REG,9,2022110606,1361,0610,BUF,58968,1361.0,"(6:38) (No Huddle, Shotgun) J.Allen left end for 36 yards, TOUCHDOWN.",2,play_type_rush,2,3,2,0610,06:38,NYJ 36,36,NYJ,46,2022-11-06T19:01:14.000Z,false,false,true,false,false,false,3,13,6:39,6:32,left,APPROVED,3,7,true,2.09,44.46,true,true
2022,REG,9,2022110606,1732,3430,NYJ,58968,1732.0,"(:35) (Shotgun) Mi.Carter left guard for 6 yards, TOUCHDOWN.",2,play_type_rush,2,1,6,3430,00:35,BUF 6,6,BUF,104,2022-11-06T19:21:42.000Z,false,false,true,true,false,false,9,14,:35,:33,right,APPROVED,3,14,true,6.280000000000001,110.0,true,true
2022,REG,9,2022110606,2302,0610,BUF,58968,2302.0,"(6:29) (Shotgun) Z.Wilson sacked at BUF 28 for -10 yards (V.Miller). FUMBLES (V.Miller) [V.Miller], touched at BUF 28, RECOVERED by BUF-A.Epenesa at BUF 29.",2,play_type_sack,3,3,6,3430,06:29,BUF 18,18,BUF,28,2022-11-06T20:05:54.000Z,false,false,false,false,false,true,10,14,6:30,6:25,left,APPROVED,10,14,false,6.46,22.37,true,true
2022,REG,9,2022110606,2350,3430,NYJ,58968,2350.0,(5:38) (Shotgun) J.Allen pass short left intended for G.Davis INTERCEPTED by A.Gardner at BUF 35. A.Gardner to BUF 19 for 16 yards (G.Davis).,2,play_type_pass,3,2,17,0610,05:38,BUF 22,22,BUF,32,2022-11-06T20:09:53.000Z,false,false,false,false,false,true,10,14,5:39,5:32,right,APPROVED,10,14,true,17.33,48.73,true,true
2022,REG,9,2022110606,2455,3430,NYJ,58968,2455.0,"(4:03) (Shotgun) Z.Wilson pass short right to J.Robinson for 7 yards, TOUCHDOWN.",2,play_type_pass,3,1,7,3430,04:03,BUF 7,7,BUF,17,2022-11-06T20:14:47.000Z,false,false,true,true,false,false,16,14,4:11,4:06,left,APPROVED,10,14,true,7.41,10.0,true,true
2022,REG,9,2022110607,248,3000,MIN,58969,248.0,"(9:23) (Shotgun) K.Cousins pass short right to J.Jefferson for 9 yards, TOUCHDOWN.",2,play_type_pass,1,2,7,3000,09:23,WAS 9,9,WAS,101,2022-11-06T18:09:13.000Z,false,false,true,false,false,false,0,6,9:24,9:18,right,APPROVED,0,0,true,7.74,107.94,true,true
2022,REG,9,2022110607,1828,5110,WAS,58969,1828.0,(:14) (Shotgun) K.Cousins pass deep right intended for J.Jefferson INTERCEPTED by D.Johnson (B.St-Juste) at WAS -6. Touchback.,2,play_type_pass,2,2,15,3000,00:14,WAS 26,26,WAS,36,2022-11-06T19:21:30.000Z,false,false,false,false,false,true,3,7,:14,:08,left,APPROVED,3,7,true,15.26,21.24,true,true
2022,REG,9,2022110607,1940,5110,WAS,58969,1940.0,"(14:10) (Shotgun) T.Heinicke pass deep middle to C.Samuel for 49 yards, TOUCHDOWN. The Replay Official reviewed the runner was not down by contact ruling, and the play was Upheld. The ruling on the field stands.",2,play_type_pass,3,2,7,5110,14:10,MIN 49,49,MIN,61,2022-11-06T19:38:11.000Z,false,false,true,false,false,false,9,7,14:11,14:03,right,APPROVED,3,7,true,8.23,67.98,true,true
2022,REG,9,2022110607,2827,5110,WAS,58969,2827.0,"(14:20) T.Heinicke pass short right to D.Milne for 6 yards, TOUCHDOWN.",2,play_type_pass,4,2,5,5110,14:20,MIN 6,6,MIN,16,2022-11-06T20:21:06.000Z,false,false,true,false,false,false,16,7,14:20,14:15,left,APPROVED,10,7,true,4.87,11.74,true,true
2022,REG,9,2022110607,3258,3000,MIN,58969,3258.0,(8:09) (Shotgun) T.Heinicke pass deep middle intended for L.Thomas INTERCEPTED by H.Smith at WAS 47. H.Smith to WAS 12 for 35 yards (C.Sims).,2,play_type_pass,4,2,11,5110,08:09,WAS 30,30,WAS,80,2022-11-06T20:40:22.000Z,false,false,false,false,false,true,17,10,8:10,7:59,left,APPROVED,17,10,true,11.38,69.34,true,true
2022,REG,9,2022110607,3306,3000,MIN,58969,3306.0,"(7:52) (Shotgun) K.Cousins pass short left to D.Cook for 12 yards, TOUCHDOWN.",2,play_type_pass,4,2,10,3000,07:52,WAS 12,12,WAS,98,2022-11-06T20:42:50.000Z,false,false,true,false,false,false,17,16,7:52,7:48,right,APPROVED,17,10,true,10.66,108.05,true,true
2022,REG,9,2022110607,3405,3000,MIN,58969,3405.0,(6:59) (Shotgun) T.Heinicke sacked at WAS 20 for -9 yards (D.Hunter).,2,play_type_sack,4,3,6,5110,06:59,WAS 29,29,WAS,81,2022-11-06T20:48:45.000Z,false,false,false,false,false,false,17,17,6:59,6:55,left,APPROVED,17,17,false,7.01,75.49,true,true
2022,REG,9,2022110608,360,3800,ARI,58970,360.0,(9:47) (Shotgun) K.Murray scrambles right end to ARZ 43 for 21 yards (Q.Diggs).,2,play_type_rush,1,3,5,3800,09:47,ARI 22,22,ARI,32,2022-11-06T21:16:36.000Z,false,false,false,false,false,false,0,3,9:48,9:38,right,APPROVED,0,3,true,5.65,36.91,true,true
2022,REG,9,2022110608,505,3800,ARI,58970,505.0,"(6:25) (Shotgun) K.Murray pass short right to D.Hopkins for 22 yards, TOUCHDOWN.",2,play_type_pass,1,3,2,3800,06:25,SEA 22,22,SEA,88,2022-11-06T21:21:11.000Z,false,false,true,false,false,false,6,3,6:25,6:18,right,APPROVED,0,3,true,2.38,89.41,true,true
2022,REG,9,2022110608,1046,4600,SEA,58970,1046.0,"(12:04) (Shotgun) G.Smith pass short left to D.Metcalf for 4 yards, TOUCHDOWN.",2,play_type_pass,2,3,4,4600,12:04,ARI 4,4,ARI,106,2022-11-06T21:46:05.000Z,false,false,true,true,false,false,7,9,,12:00,right,APPROVED,7,3,true,4.56,110.0,true,true
2022,REG,9,2022110608,2261,3800,ARI,58970,2261.0,(12:03) (Shotgun) G.Smith sacked at SEA 23 for -5 yards (sack split by Z.Allen and M.Golden).,2,play_type_sack,3,3,9,4600,12:03,SEA 28,28,SEA,38,2022-11-06T22:50:15.000Z,false,false,false,false,false,false,7,10,12:03,11:58,right,APPROVED,7,10,false,8.89,46.57,true,true
2022,REG,9,2022110608,2459,3800,ARI,58970,2459.0,"(9:26) (Shotgun) G.Smith pass short right intended for K.Walker INTERCEPTED by Z.Collins at SEA 30. Z.Collins for 30 yards, TOUCHDOWN.",2,play_type_pass,3,1,10,4600,09:26,SEA 40,40,SEA,50,2022-11-06T22:59:29.000Z,false,false,true,false,false,true,13,10,9:26,9:19,right,APPROVED,7,10,true,10.0,59.62,true,true
2022,REG,9,2022110608,2860,4600,SEA,58970,2860.0,"(2:48) (Shotgun) G.Smith pass short left to T.Lockett for 9 yards, TOUCHDOWN.",2,play_type_pass,3,3,6,4600,02:48,ARI 9,9,ARI,101,2022-11-06T23:13:07.000Z,false,false,true,false,false,false,14,16,2:48,2:45,right,APPROVED,14,10,true,6.63,107.28,true,true
2022,REG,9,2022110608,3052,4600,SEA,58970,3052.0,(15:00) (Shotgun) K.Murray sacked at ARZ 34 for -9 yards (S.Harris).,2,play_type_sack,4,3,10,3800,15:00,ARI 43,43,ARI,53,2022-11-06T23:23:59.000Z,false,false,false,false,false,false,14,17,15:00,14:59,right,APPROVED,14,17,false,10.47,62.51,true,true
2022,REG,9,2022110608,3883,3800,ARI,58970,3883.0,"(3:35) (Shotgun) K.Murray pass short middle to Z.Ertz for 6 yards, TOUCHDOWN.",2,play_type_pass,4,2,6,3800,03:35,SEA 6,6,SEA,104,2022-11-06T23:50:44.000Z,false,false,true,true,false,false,20,24,3:35,3:34,right,APPROVED,14,24,true,6.65,110.0,true,true
2022,REG,9,2022110608,3959,4600,SEA,58970,3959.0,(3:30) G.Smith pass short right to N.Fant to ARZ 34 for 51 yards (B.Baker).,2,play_type_pass,4,1,10,4600,03:30,SEA 15,15,SEA,95,2022-11-06T23:55:09.000Z,false,false,false,false,false,false,21,24,3:30,3:19,left,APPROVED,21,24,true,10.0,85.14,true,true
2022,REG,9,2022110608,4083,4600,SEA,58970,4083.0,"(2:20) K.Walker right end for 5 yards, TOUCHDOWN.",2,play_type_rush,4,1,5,4600,02:20,ARI 5,5,ARI,15,2022-11-06T23:59:53.000Z,false,false,true,true,false,false,21,30,2:20,2:16,left,APPROVED,21,24,true,5.6899999999999995,10.0,true,true
2022,REG,9,2022110609,628,4900,TB,58971,628.0,(5:31) (Shotgun) M.Stafford sacked at LA 27 for -9 yards (V.Vea).,2,play_type_sack,1,2,10,2510,05:31,LA 36,36,LA,74,2022-11-06T21:47:53.000Z,false,false,false,false,false,false,3,0,5:31,5:28,left,APPROVED,3,0,false,10.38,64.57,true,true
2022,REG,9,2022110609,1050,2510,LA,58971,1050.0,"(13:08) (No Huddle, Shotgun) M.Stafford pass deep middle to C.Kupp for 69 yards, TOUCHDOWN.",2,play_type_pass,2,2,11,2510,13:08,LA 31,31,LA,41,2022-11-06T22:06:50.000Z,false,false,true,false,false,false,3,6,13:09,12:59,right,APPROVED,3,0,true,11.6,51.76,true,true
2022,REG,9,2022110609,2851,2510,LA,58971,2851.0,(4:01) (Shotgun) T.Brady sacked at TB 47 for -8 yards (A.Donald).,2,play_type_sack,3,4,2,4900,04:01,LA 45,45,LA,55,2022-11-06T23:37:22.000Z,false,false,false,false,false,true,6,10,4:01,3:59,left,APPROVED,6,10,true,2.48,53.55,true,true
2022,REG,9,2022110609,2898,2510,LA,58971,2898.0,(3:11) M.Stafford pass deep left to C.Kupp to TB 10 for 34 yards (M.Edwards).,2,play_type_pass,3,2,7,2510,03:11,TB 44,44,TB,66,2022-11-06T23:39:01.000Z,false,false,false,false,false,false,6,10,3:12,3:04,right,APPROVED,6,10,true,7.16,72.45,true,true
2022,REG,9,2022110609,4224,4900,TB,58971,4224.0,"(:13) (Shotgun) T.Brady pass short right to C.Otton for 1 yard, TOUCHDOWN.",2,play_type_pass,4,1,1,4900,00:13,LA 1,1,LA,109,2022-11-07T00:24:45.000Z,false,false,true,true,false,false,15,13,:13,:11,right,APPROVED,9,13,true,1.480000000000004,110.0,true,false
2022,REG,9,2022110610,544,2100,TEN,58972,544.0,(6:40) (Shotgun) M.Willis pass short right to C.Okonkwo to KC 34 for 48 yards (J.Reid).,2,play_type_pass,1,1,10,2100,06:40,TEN 18,18,TEN,28,2022-11-07T01:38:41.000Z,false,false,false,false,false,false,3,0,6:40,6:31,right,APPROVED,3,0,true,10.0,37.51,true,true
2022,REG,9,2022110610,763,2310,KC,58972,763.0,(2:38) (Shotgun) P.Mahomes pass deep left to Ju.Watson to TEN 22 for 31 yards (K.Fulton).,2,play_type_pass,1,3,7,2310,02:38,KC 47,47,KC,63,2022-11-07T01:47:15.000Z,false,false,false,false,false,false,3,0,2:39,2:34,left,APPROVED,3,0,true,7.1,56.11,true,true
2022,REG,9,2022110610,931,2310,KC,58972,931.0,"(15:00) P.Mahomes pass short right to M.Hardman for 7 yards, TOUCHDOWN.",2,play_type_pass,2,3,5,2310,15:00,TEN 7,7,TEN,103,2022-11-07T01:55:43.000Z,false,false,true,false,false,false,9,0,15:00,14:58,right,APPROVED,3,0,true,5.68,107.89,true,true
2022,REG,9,2022110610,1167,2100,TEN,58972,1167.0,"(10:51) Direct snap to D.Henry.  D.Henry right guard for 4 yards, TOUCHDOWN.",2,play_type_rush,2,3,1,2100,10:51,KC 4,4,KC,14,2022-11-07T02:05:44.000Z,false,false,true,false,false,false,9,6,10:51,10:50,left,APPROVED,9,0,true,1.15,13.23,true,true
2022,REG,9,2022110610,1419,2100,TEN,58972,1419.0,(8:14) D.Henry right tackle to KC 23 for 56 yards (L.Sneed; T.McDuffie).,2,play_type_rush,2,1,10,2100,08:14,TEN 21,21,TEN,89,2022-11-07T02:17:51.000Z,false,false,false,false,false,false,9,7,8:14,8:06,left,APPROVED,9,7,true,10.0,79.41,true,true
2022,REG,9,2022110610,2324,2100,TEN,58972,2324.0,(11:35) (Shotgun) P.Mahomes pass short right intended for T.Kelce INTERCEPTED by R.McCreary at KC 38. R.McCreary to KC 34 for 4 yards (T.Kelce).,2,play_type_pass,3,1,10,2310,11:35,KC 37,37,KC,73,2022-11-07T03:10:42.000Z,false,false,false,false,false,true,9,14,11:37,11:29,left,APPROVED,9,14,true,10.0,63.52,true,true
2022,REG,9,2022110610,3617,2310,KC,58972,3617.0,"(3:05) (Shotgun) P.Mahomes scrambles right end for 14 yards, TOUCHDOWN.",2,play_type_rush,4,3,9,2310,03:05,TEN 14,14,TEN,96,2022-11-07T04:05:52.000Z,false,false,true,false,false,false,15,17,3:06,2:58,right,APPROVED,9,17,true,9.32,104.89,true,true
2022,REG,9,2022110700,700,0325,BAL,58973,700.0,"(1:29) (Shotgun) L.Jackson pass deep right to I.Likely for 24 yards, TOUCHDOWN. Pass 22, YAC 2",2,play_type_pass,1,1,10,0325,01:29,NO 24,24,NO,86,2022-11-08T01:42:00.000Z,false,false,true,false,false,false,0,6,1:30,1:25,right,APPROVED,0,0,true,10.0,95.78,true,true
2022,REG,9,2022110700,2865,0325,BAL,58973,2865.0,(14:04) (Shotgun) A.Dalton sacked at NO 25 for -9 yards (sack split by J.Houston and C.Campbell).,2,play_type_sack,4,3,7,3300,14:04,NO 34,34,NO,44,2022-11-08T03:25:03.000Z,false,false,false,false,false,false,6,17,14:04,14:01,right,APPROVED,6,17,false,7.18,50.59,true,true
2022,REG,9,2022110700,3127,0325,BAL,58973,3127.0,(8:31) (Shotgun) A.Dalton pass short middle intended for T.Smith INTERCEPTED by J.Houston (B.Urban) at NO 22. J.Houston to NO 17 for 5 yards (T.Smith).,2,play_type_pass,4,1,10,3300,08:31,NO 25,25,NO,35,2022-11-08T03:40:06.000Z,false,false,false,false,false,true,6,20,8:31,8:26,right,APPROVED,6,20,true,10.0,44.4,true,true
2022,REG,9,2022110700,3195,0325,BAL,58973,3195.0,"(7:01) (Shotgun) K.Drake right guard for 3 yards, TOUCHDOWN.",2,play_type_rush,4,1,3,0325,07:01,NO 3,3,NO,13,2022-11-08T03:42:44.000Z,false,false,true,true,false,false,6,26,7:02,6:59,left,APPROVED,6,20,true,3.9000000000000004,10.0,true,true
2022,REG,9,2022110700,3480,3300,NO,58973,3480.0,"(4:22) (Shotgun) A.Dalton pass short right to J.Johnson for 41 yards, TOUCHDOWN. Pass 11, YAC 30",2,play_type_pass,4,2,10,3300,04:22,BAL 41,41,BAL,69,2022-11-08T03:52:04.000Z,false,false,true,false,false,false,12,27,4:22,4:15,right,APPROVED,6,27,true,10.33,78.56,true,true
2022,REG,10,2022111000,1290,0750,CAR,58974,1290.0,"(4:43) (Shotgun) L.Shenault left end for 41 yards, TOUCHDOWN.",2,play_type_rush,2,2,8,0750,04:43,ATL 41,41,ATL,69,2022-11-11T02:10:44.000Z,false,false,true,false,false,false,9,0,4:44,4:36,right,APPROVED,3,0,true,8.13,76.52,true,true
2022,REG,10,2022111000,1365,0750,CAR,58974,1365.0,(4:25) M.Mariota pass deep left intended for K.Pitts INTERCEPTED by J.Horn at CAR 37. J.Horn ran ob at ATL 45 for 18 yards (C.Patterson).,2,play_type_pass,2,2,10,0200,04:25,ATL 25,25,ATL,85,2022-11-11T02:15:57.000Z,false,false,false,false,false,true,10,0,4:25,4:12,left,APPROVED,10,0,true,10.51,74.92,true,true
2022,REG,10,2022111000,2117,0750,CAR,58974,2117.0,(11:31) (Shotgun) M.Mariota sacked ob at CAR 41 for -5 yards (F.Luvu).,2,play_type_sack,3,3,9,0200,11:31,CAR 36,36,CAR,46,2022-11-11T02:54:39.000Z,false,false,false,false,false,false,13,3,11:31,11:25,left,APPROVED,13,3,false,9.43,37.15,false,true
2022,REG,10,2022111000,2543,0750,CAR,58974,2543.0,(5:33) P.Walker pass short left to T.Marshall to ATL 38 for 43 yards (R.Evans).,2,play_type_pass,3,2,7,0750,05:33,CAR 19,19,CAR,29,2022-11-11T03:14:39.000Z,false,false,false,false,false,false,13,9,5:34,5:25,right,APPROVED,13,9,true,7.62,35.65,true,true
2022,REG,10,2022111000,2695,0750,CAR,58974,2695.0,"(1:56) (Shotgun) D.Foreman right tackle for 12 yards, TOUCHDOWN.",2,play_type_rush,3,1,10,0750,01:56,ATL 12,12,ATL,98,2022-11-11T03:19:26.000Z,false,false,true,false,false,false,19,9,1:57,1:52,right,APPROVED,13,9,true,10.0,107.16,true,true
2022,REG,10,2022111000,3600,0200,ATL,58974,3600.0,"(3:01) (No Huddle, Shotgun) M.Mariota pass deep left to K.Hodge for 25 yards, TOUCHDOWN.",2,play_type_pass,4,1,10,0200,03:01,CAR 25,25,CAR,85,2022-11-11T03:58:55.000Z,false,false,true,false,false,false,22,15,3:02,2:57,right,APPROVED,22,9,true,10.0,94.74,true,true
2022,REG,10,2022111000,3830,0750,CAR,58974,3830.0,(1:54) (Shotgun) M.Mariota sacked at ATL 19 for -7 yards (M.Haynes).,2,play_type_sack,4,4,18,0200,01:54,ATL 26,26,ATL,36,2022-11-11T04:08:09.000Z,false,false,false,false,false,true,22,15,1:54,1:52,right,APPROVED,22,15,true,18.66,54.05,true,true
2022,REG,10,2022111300,247,4900,TB,58975,247.0,(12:00) (Shotgun) G.Smith sacked at SEA 18 for -17 yards (J.Tryon).,2,play_type_sack,1,3,10,4600,12:00,SEA 35,35,SEA,45,2022-11-13T14:39:39.000Z,false,false,false,false,false,false,0,0,12:00,11:56,right,APPROVED,0,0,false,,,true,true
2022,REG,10,2022111300,904,4900,TB,58975,904.0,"(13:48) (Shotgun) T.Brady pass short middle to J.Jones for 31 yards, TOUCHDOWN.",2,play_type_pass,2,3,10,4900,13:48,SEA 31,31,SEA,79,2022-11-13T15:07:10.000Z,false,false,true,false,false,false,6,0,13:49,13:41,right,APPROVED,0,0,true,10.98,88.84,true,true
2022,REG,10,2022111300,2611,4900,TB,58975,2611.0,"(2:36) (Shotgun) G.Smith sacked at TB 13 for -4 yards (D.White). FUMBLES (D.White) [D.White], RECOVERED by TB-A.Nelson at TB 13.",2,play_type_sack,3,2,9,4600,02:36,TB 9,9,TB,19,2022-11-13T16:29:38.000Z,false,false,false,true,false,true,14,3,2:36,2:31,left,APPROVED,14,3,false,9.6,10.0,true,false
2022,REG,10,2022111300,2778,4900,TB,58975,2778.0,(14:24) (Shotgun) T.Brady pass deep left to C.Otton to SEA 16 for 25 yards (Q.Diggs).,2,play_type_pass,4,2,8,4900,14:24,SEA 41,41,SEA,51,2022-11-13T16:38:48.000Z,false,false,false,false,false,false,14,3,14:25,14:20,left,APPROVED,14,3,true,9.02,43.04,true,true
2022,REG,10,2022111300,2900,4900,TB,58975,2900.0,"(10:53) (Shotgun) T.Brady pass short left to C.Godwin for 4 yards, TOUCHDOWN.",2,play_type_pass,4,2,4,4900,10:53,SEA 4,4,SEA,14,2022-11-13T16:43:24.000Z,false,false,true,true,false,false,20,3,10:54,10:50,left,APPROVED,14,3,true,4.43,10.0,true,true
2022,REG,10,2022111300,3097,4600,SEA,58975,3097.0,"(8:24) (No Huddle, Shotgun) G.Smith pass deep middle to T.Lockett for 21 yards, TOUCHDOWN.",2,play_type_pass,4,1,10,4600,08:24,TB 21,21,TB,89,2022-11-13T16:51:42.000Z,false,false,true,false,false,false,21,9,8:25,8:20,right,APPROVED,21,3,true,10.0,98.8,true,true
2022,REG,10,2022111300,3265,4600,SEA,58975,3265.0,(6:31) (Shotgun) T.Brady pass short middle intended for M.Evans INTERCEPTED by C.Barton at TB 46. C.Barton to TB 45 for 1 yard (J.Jones).,2,play_type_pass,4,2,8,4900,06:31,TB 36,36,TB,74,2022-11-13T17:01:52.000Z,false,false,false,false,false,true,21,9,6:32,6:26,left,APPROVED,21,9,true,8.66,66.06,true,true
2022,REG,10,2022111300,3470,4600,SEA,58975,3470.0,"(4:04) (No Huddle, Shotgun) G.Smith pass deep left to M.Goodwin for 19 yards, TOUCHDOWN [D.White].",2,play_type_pass,4,4,1,4600,04:04,TB 19,19,TB,91,2022-11-13T17:07:38.000Z,false,false,true,false,false,false,21,15,4:04,3:59,right,APPROVED,21,9,true,1.41,91.78,true,true
2022,REG,10,2022111301,236,3000,MIN,58976,236.0,(12:21) (Shotgun) K.Cousins pass deep right to J.Jefferson to BUF 29 for 46 yards (D.Jackson).,2,play_type_pass,1,3,11,3000,12:21,MIN 25,25,MIN,85,2022-11-13T18:09:38.000Z,false,false,false,false,false,false,0,0,12:22,12:10,left,APPROVED,0,0,true,11.37,74.44,true,true
2022,REG,10,2022111301,305,3000,MIN,58976,305.0,"(10:19) (Shotgun) K.Cousins pass deep right to J.Jefferson for 22 yards, TOUCHDOWN.",2,play_type_pass,1,3,3,3000,10:19,BUF 22,22,BUF,32,2022-11-13T18:11:40.000Z,false,false,true,false,false,false,0,6,10:20,10:16,left,APPROVED,0,0,true,3.47,29.0,true,true
2022,REG,10,2022111301,451,0610,BUF,58976,451.0,"(8:14) (Shotgun) B.Hart reported in as eligible.  D.Singletary right tackle for 5 yards, TOUCHDOWN.",2,play_type_rush,1,2,5,0610,08:14,MIN 5,5,MIN,105,2022-11-13T18:18:39.000Z,false,false,true,true,false,false,6,7,8:15,8:11,right,APPROVED,0,7,true,5.32,110.0,true,true
2022,REG,10,2022111301,923,0610,BUF,58976,923.0,(:31) (No Huddle) K.Cousins pass deep middle intended for K.Osborn INTERCEPTED by C.Benford at BUF 38. C.Benford ran ob at MIN 27 for 35 yards (D.Cook).,2,play_type_pass,1,1,10,3000,00:31,MIN 36,36,MIN,74,2022-11-13T18:39:04.000Z,false,false,false,false,false,true,14,7,:32,:20,left,APPROVED,14,7,true,10.0,64.29,true,true
2022,REG,10,2022111301,1930,0610,BUF,58976,1930.0,"(:32) (Shotgun) J.Allen pass short left to G.Davis for 11 yards, TOUCHDOWN. Caught in front corner of end zone.",2,play_type_pass,2,2,4,0610,00:32,MIN 11,11,MIN,21,2022-11-13T19:22:04.000Z,false,false,true,false,false,false,23,10,:33,:30,left,APPROVED,17,10,true,4.53,17.19,true,true
2022,REG,10,2022111301,2276,0610,BUF,58976,2276.0,(12:30) K.Cousins pass short left intended for J.Jefferson INTERCEPTED by D.Jackson [S.Lawson] at BUF 31. D.Jackson to BUF 42 for 11 yards (J.Jefferson).,2,play_type_pass,3,1,10,3000,12:30,BUF 36,36,BUF,74,2022-11-13T19:45:01.000Z,false,false,false,false,false,true,24,10,12:31,12:24,right,APPROVED,24,10,true,10.0,83.91,true,true
2022,REG,10,2022111301,2384,3000,MIN,58976,2384.0,"(10:44) (No Huddle, Shotgun) J.Allen sacked at BUF 38 for -13 yards (Z.Smith). Penalty on BUF-M.Morse, Offensive Holding, declined.",2,play_type_sack,3,3,1,0610,10:44,MIN 49,49,MIN,59,2022-11-13T19:50:08.000Z,false,false,false,false,false,false,24,10,10:45,10:41,left,APPROVED,24,10,false,1.5,58.63,true,true
2022,REG,10,2022111301,2949,3000,MIN,58976,2949.0,"(1:46) D.Cook left tackle for 81 yards, TOUCHDOWN.",2,play_type_rush,3,1,10,3000,01:46,MIN 19,19,MIN,29,2022-11-13T20:17:56.000Z,false,false,true,false,false,false,27,16,1:46,1:35,right,APPROVED,27,10,true,10.0,38.55,true,true
2022,REG,10,2022111301,3090,0610,BUF,58976,3090.0,(:28) (Shotgun) J.Allen pass deep right to S.Diggs to BUF 46 for 25 yards (H.Smith).,2,play_type_pass,3,3,15,0610,00:28,BUF 21,21,BUF,89,2022-11-13T20:23:27.000Z,false,false,false,false,false,false,27,17,:29,:21,left,APPROVED,27,17,true,15.49,74.49,true,true
2022,REG,10,2022111301,3173,0610,BUF,58976,3173.0,(13:40) (Shotgun) J.Allen pass deep right to G.Davis to MIN 38 for 22 yards (P.Peterson).,2,play_type_pass,4,3,16,0610,13:40,BUF 40,40,BUF,50,2022-11-13T20:28:16.000Z,false,false,false,false,false,false,27,17,13:41,13:31,right,APPROVED,27,17,true,16.74,65.9,true,true
2022,REG,10,2022111301,3661,3000,MIN,58976,3661.0,"(4:38) C.Ham left guard for 3 yards, TOUCHDOWN.",2,play_type_rush,4,2,3,3000,04:38,BUF 3,3,BUF,13,2022-11-13T20:46:40.000Z,false,false,true,true,false,false,27,23,4:38,4:36,left,APPROVED,27,17,true,3.47,10.0,true,true
2022,REG,10,2022111301,3944,3000,MIN,58976,3944.0,(2:00) (Shotgun) K.Cousins pass deep right to J.Jefferson to BUF 41 for 32 yards (C.Lewis).,2,play_type_pass,4,4,18,3000,02:00,MIN 27,27,MIN,83,2022-11-13T21:00:38.000Z,false,false,false,false,false,false,27,23,2:00,1:55,left,APPROVED,27,23,true,18.67,65.56,true,true
2022,REG,10,2022111301,4847,3000,MIN,58976,4847.0,(5:58) (Shotgun) K.Cousins pass deep right to J.Jefferson to BUF 2 for 24 yards (D.Hamlin).,2,play_type_pass,5,3,10,3000,05:58,BUF 26,26,BUF,36,2022-11-13T21:37:31.000Z,false,false,false,false,false,false,30,30,5:58,,left,APPROVED,30,30,true,10.68,26.41,true,true
2022,REG,10,2022111301,5119,3000,MIN,58976,5119.0,(1:19) (Shotgun) J.Allen pass deep middle intended for G.Davis INTERCEPTED by P.Peterson at MIN -2. P.Peterson to MIN 5 for 7 yards.,2,play_type_pass,5,2,10,0610,01:19,MIN 20,20,MIN,90,2022-11-13T21:47:44.000Z,false,false,false,false,false,true,30,33,1:19,1:13,right,APPROVED,30,33,true,10.32,99.85,true,true
2022,REG,10,2022111302,650,0810,CHI,58977,650.0,J.Fox kicks 66 yards from DET 35 to CHI -1. K.Herbert pushed ob at CHI 49 for 50 yards (A.Oruwariye).,32,play_type_kickoff,1,0,0,1540,03:21,DET 35,35,DET,75,2022-11-13T18:25:05.000Z,true,false,false,false,false,true,3,3,3:21,3:13,left,APPROVED,3,3,true,,,true,true
2022,REG,10,2022111302,933,1540,DET,58977,933.0,(14:01) (Shotgun) J.Goff pass deep middle to K.Raymond to DET 37 for 21 yards (J.Brisker).,2,play_type_pass,2,3,14,1540,14:01,DET 16,16,DET,26,2022-11-13T18:38:07.000Z,false,false,false,false,false,false,3,3,14:01,13:56,right,APPROVED,3,3,true,14.82,39.52,true,true
2022,REG,10,2022111302,1959,0810,CHI,58977,1959.0,(11:00) (Shotgun) J.Fields pass short left to D.Mooney to DET 33 for 22 yards (W.Harris).,2,play_type_pass,3,3,5,0810,11:00,CHI 45,45,CHI,65,2022-11-13T19:33:10.000Z,false,false,false,false,false,false,10,10,11:02,10:53,left,APPROVED,10,10,true,4.84,60.58,true,true
2022,REG,10,2022111302,2097,0810,CHI,58977,2097.0,"(7:40) (Shotgun) J.Fields pass short right to C.Kmet for 6 yards, TOUCHDOWN.",2,play_type_pass,3,1,6,0810,07:40,DET 6,6,DET,16,2022-11-13T19:37:14.000Z,false,false,true,true,false,false,16,10,7:41,7:37,left,APPROVED,10,10,true,6.399999999999999,10.0,true,true
2022,REG,10,2022111302,2387,0810,CHI,58977,2387.0,"(2:53) J.Fields pass deep right to C.Kmet for 50 yards, TOUCHDOWN.",2,play_type_pass,3,2,1,0810,02:53,50,50,,60,2022-11-13T19:49:28.000Z,false,false,true,false,false,false,23,10,2:54,2:45,left,APPROVED,17,10,true,0.9,59.28,true,true
2022,REG,10,2022111302,2858,1540,DET,58977,2858.0,"(11:42) D.Swift left tackle for 9 yards, TOUCHDOWN.",2,play_type_rush,4,1,9,1540,11:42,CHI 9,9,CHI,19,2022-11-13T20:17:13.000Z,false,false,true,true,false,false,24,16,11:42,11:38,left,APPROVED,24,10,true,9.73,10.0,true,true
2022,REG,10,2022111302,2974,1540,DET,58977,2974.0,"(10:38) (Shotgun) J.Fields pass short right intended for C.Kmet INTERCEPTED by J.Okudah [I.Buggs] at CHI 20. J.Okudah for 20 yards, TOUCHDOWN.",2,play_type_pass,4,2,18,0810,10:38,CHI 17,17,CHI,27,2022-11-13T20:21:21.000Z,false,false,true,false,false,true,24,23,10:39,10:30,right,APPROVED,24,17,true,18.37,44.96,true,true
2022,REG,10,2022111302,3092,0810,CHI,58977,3092.0,"(9:23) (Shotgun) J.Fields right tackle for 67 yards, TOUCHDOWN.",2,play_type_rush,4,3,2,0810,09:23,CHI 33,33,CHI,43,2022-11-13T20:27:00.000Z,false,false,true,false,false,false,30,24,9:25,9:13,right,APPROVED,24,24,true,2.61,44.88,true,true
2022,REG,10,2022111302,3470,1540,DET,58977,3470.0,(3:14) (Shotgun) J.Goff pass short middle to T.Kennedy pushed ob at CHI 14 for 44 yards (E.Jackson).,2,play_type_pass,4,3,8,1540,03:14,DET 42,42,DET,68,2022-11-13T20:43:50.000Z,false,false,false,false,false,false,30,24,3:15,3:07,left,APPROVED,30,24,true,8.65,60.62,true,true
2022,REG,10,2022111302,3744,1540,DET,58977,3744.0,(1:11) (Shotgun) J.Fields sacked at CHI 22 for -10 yards (J.Okwara).,2,play_type_sack,4,4,8,0810,01:11,CHI 32,32,CHI,42,2022-11-13T20:54:58.000Z,false,false,false,false,false,true,30,31,1:12,1:02,right,APPROVED,30,31,true,8.32,49.81,true,true
2022,REG,10,2022111303,364,2310,KC,58978,364.0,(9:46) (Shotgun) P.Mahomes pass deep right to J.Smith-Schuster to JAX 13 for 25 yards (T.Herndon).,2,play_type_pass,1,3,8,2310,09:46,JAX 38,38,JAX,72,2022-11-13T18:14:34.000Z,false,false,false,false,false,false,0,0,9:46,9:41,right,APPROVED,0,0,true,8.32,79.77,true,true
2022,REG,10,2022111303,558,2310,KC,58978,558.0,(5:42) (Shotgun) P.Mahomes pass deep left to T.Kelce pushed ob at JAX 21 for 46 yards (R.Jenkins).,2,play_type_pass,1,1,10,2310,05:42,KC 33,33,KC,43,2022-11-13T18:25:18.000Z,false,false,false,false,false,false,0,0,5:43,5:34,right,APPROVED,0,0,true,10.0,52.83,true,true
2022,REG,10,2022111303,636,2310,KC,58978,636.0,"(3:39) (Shotgun) P.Mahomes pass short right to K.Toney for 6 yards, TOUCHDOWN.",2,play_type_pass,1,1,6,2310,03:39,JAX 6,6,JAX,104,2022-11-13T18:27:26.000Z,false,false,true,true,false,false,6,0,3:40,3:34,right,APPROVED,0,0,true,6.549999999999997,110.0,true,true
2022,REG,10,2022111303,739,2310,KC,58978,739.0,(1:59) (Shotgun) T.Lawrence sacked at JAX 27 for -9 yards (sack split by C.Jones and C.Dunlap).,2,play_type_sack,1,3,7,2250,01:59,JAX 36,36,JAX,74,2022-11-13T18:33:26.000Z,false,false,false,false,false,false,7,0,2:00,1:57,left,APPROVED,7,0,false,7.35,66.96,true,true
2022,REG,10,2022111303,978,2250,JAX,58978,978.0,(13:44) (Shotgun) T.Lawrence pass short right to T.Etienne to KC 31 for 24 yards (J.Thornhill; J.Reid).,2,play_type_pass,2,3,11,2250,13:44,JAX 45,45,JAX,55,2022-11-13T18:48:32.000Z,false,false,false,false,false,false,7,0,13:44,13:38,right,APPROVED,7,0,true,11.49,65.9,true,true
2022,REG,10,2022111303,1124,2310,KC,58978,1124.0,(11:18) K.Toney right end pushed ob at JAX 27 for 32 yards (C.Claybrooks).,2,play_type_rush,2,1,10,2310,11:18,KC 41,41,KC,69,2022-11-13T18:54:58.000Z,false,false,false,false,false,false,7,0,11:18,11:13,left,APPROVED,7,0,true,10.0,59.0,true,true
2022,REG,10,2022111303,1171,2310,KC,58978,1171.0,"(10:01) (Shotgun) P.Mahomes pass deep left to M.Valdes-Scantling for 18 yards, TOUCHDOWN.",2,play_type_pass,2,2,1,2310,10:01,JAX 18,18,JAX,28,2022-11-13T18:56:21.000Z,false,false,true,false,false,false,13,0,10:02,9:57,left,APPROVED,7,0,true,1.34,26.97,true,true
2022,REG,10,2022111303,1821,2310,KC,58978,1821.0,"(:51) (Shotgun) P.Mahomes pass short left to N.Gray for 13 yards, TOUCHDOWN.",2,play_type_pass,2,1,10,2310,00:51,JAX 13,13,JAX,23,2022-11-13T19:25:40.000Z,false,false,true,false,false,false,20,0,:51,:47,left,APPROVED,14,0,true,10.0,13.14,true,true
2022,REG,10,2022111303,1918,2250,JAX,58978,1918.0,(:35) (Shotgun) T.Lawrence pass deep left to M.Jones to KC 28 for 33 yards (T.McDuffie).,2,play_type_pass,2,2,10,2250,00:35,JAX 39,39,JAX,49,2022-11-13T19:29:00.000Z,false,false,false,false,false,false,20,0,:35,:30,right,APPROVED,20,0,true,10.33,58.87,true,true
2022,REG,10,2022111303,2006,2250,JAX,58978,2006.0,"(:15) (Shotgun) T.Lawrence pass short right to C.Kirk for 3 yards, TOUCHDOWN.",2,play_type_pass,2,2,3,2250,00:15,KC 3,3,KC,107,2022-11-13T19:32:15.000Z,false,false,true,true,false,false,20,6,:15,:12,right,APPROVED,20,0,true,3.95,110.0,true,true
2022,REG,10,2022111303,2321,2310,KC,58978,2321.0,(11:43) (Shotgun) T.Lawrence sacked at KC 40 for 0 yards (W.Gay).,2,play_type_sack,3,3,2,2250,11:43,KC 40,40,KC,70,2022-11-13T19:54:38.000Z,false,false,false,false,false,false,20,7,11:44,,right,APPROVED,20,7,false,2.49,72.04,true,true
2022,REG,10,2022111303,2862,2310,KC,58978,2862.0,"(:41) (Shotgun) P.Mahomes pass short left to T.Kelce for 7 yards, TOUCHDOWN.",2,play_type_pass,3,2,7,2310,00:41,JAX 7,7,JAX,17,2022-11-13T20:12:13.000Z,false,false,true,true,false,false,26,10,:43,:39,left,APPROVED,20,10,true,7.04,10.0,true,true
2022,REG,10,2022111303,3276,2250,JAX,58978,3276.0,(8:07) (Shotgun) P.Mahomes pass short middle intended for J.McKinnon INTERCEPTED by A.Cisco [D.Hamilton] at JAX 38. A.Cisco pushed ob at JAX 46 for 8 yards (M.Valdes-Scantling).,2,play_type_pass,4,2,9,2310,08:07,50,50,,60,2022-11-13T20:31:31.000Z,false,false,false,false,false,true,27,10,8:08,7:56,right,APPROVED,27,10,true,9.89,69.1,true,true
2022,REG,10,2022111303,3505,2250,JAX,58978,3505.0,"(5:32) (Shotgun) T.Lawrence pass deep right to C.Kirk for 19 yards, TOUCHDOWN.",2,play_type_pass,4,3,3,2250,05:32,KC 19,19,KC,29,2022-11-13T20:39:22.000Z,false,false,true,false,false,false,27,16,5:32,5:27,left,APPROVED,27,10,true,3.31,26.02,true,true
2022,REG,10,2022111303,3610,2310,KC,58978,3610.0,"(4:33) (Shotgun) P.Mahomes pass deep right to M.Valdes-Scantling to KC 49 for 36 yards (D.Williams) [T.Walker]. Jacksonville challenged the pass completion ruling, and the play was Upheld. The ruling on the field stands. (Timeout #2.)",2,play_type_pass,4,3,7,2310,04:33,KC 13,13,KC,23,2022-11-13T20:48:10.000Z,false,false,false,false,false,false,27,17,4:33,4:29,right,APPROVED,27,17,true,7.54,29.62,true,true
2022,REG,10,2022111304,41,1050,CLE,58979,41.0,J.Sanders kicks 66 yards from MIA 35 to CLV -1. J.Ford pushed ob at CLV 47 for 48 yards (K.Crossen).,32,play_type_kickoff,1,0,0,2700,15:00,MIA 35,35,MIA,45,2022-11-13T18:02:46.000Z,true,false,false,false,false,true,0,0,15:00,14:53,right,APPROVED,0,0,true,,,true,true
2022,REG,10,2022111304,68,1050,CLE,58979,68.0,(14:52) J.Brissett pass deep left to D.Peoples-Jones to MIA 15 for 38 yards (K.Kohou) [Z.Sieler].,2,play_type_pass,1,1,10,1050,14:52,CLE 47,47,CLE,63,2022-11-13T18:03:43.000Z,false,false,false,false,false,false,0,0,14:52,14:44,left,APPROVED,0,0,true,10.0,53.16,true,true
2022,REG,10,2022111304,195,1050,CLE,58979,195.0,"(12:18) J.Hudson and H.Froholdt reported in as eligible.  J.Brissett pass short left to H.Bryant for 1 yard, TOUCHDOWN.",2,play_type_pass,1,1,1,1050,12:18,MIA 1,1,MIA,11,2022-11-13T18:07:43.000Z,false,false,true,true,false,false,0,6,12:18,12:15,left,APPROVED,0,0,true,1.4299999999999997,10.0,true,true
2022,REG,10,2022111304,463,2700,MIA,58979,463.0,"(6:21) (Shotgun) T.Tagovailoa pass short left to A.Ingold for 13 yards, TOUCHDOWN.",2,play_type_pass,1,1,10,2700,06:21,CLE 13,13,CLE,97,2022-11-13T18:17:54.000Z,false,false,true,false,false,false,6,7,6:22,6:16,right,APPROVED,0,7,true,10.0,106.35,true,true
2022,REG,10,2022111304,609,2700,MIA,58979,609.0,(3:57) J.Brissett sacked at CLV 33 for -8 yards (sack split by C.Wilkins and B.Chubb).,2,play_type_sack,1,2,5,1050,03:57,CLE 41,41,CLE,69,2022-11-13T18:24:43.000Z,false,false,false,false,false,false,7,7,3:58,3:53,left,APPROVED,7,7,false,4.33,64.83,true,true
2022,REG,10,2022111304,628,1050,CLE,58979,628.0,(3:11) (Shotgun) J.Brissett pass deep left to D.Peoples-Jones to MIA 45 for 22 yards (D.Riley; V.McKinley).,2,play_type_pass,1,3,13,1050,03:11,CLE 33,33,CLE,77,2022-11-13T18:25:28.000Z,false,false,false,false,false,false,7,7,3:12,3:05,left,APPROVED,7,7,true,13.42,64.83,true,true
2022,REG,10,2022111304,907,2700,MIA,58979,907.0,(14:56) (Shotgun) T.Tagovailoa pass deep middle to J.Waddle to CLV 36 for 29 yards (G.Delpit).,2,play_type_pass,2,3,4,2700,14:56,MIA 35,35,MIA,75,2022-11-13T18:37:55.000Z,false,false,false,false,false,false,7,7,14:56,14:52,left,APPROVED,7,7,true,4.26,71.79,true,true
2022,REG,10,2022111304,1811,2700,MIA,58979,1811.0,"(:37) (Shotgun) T.Tagovailoa pass short left to T.Sherfield for 14 yards, TOUCHDOWN.",2,play_type_pass,2,2,2,2700,00:37,CLE 14,14,CLE,24,2022-11-13T19:15:21.000Z,false,false,true,false,false,false,16,7,,:34,left,APPROVED,10,7,true,1.59,22.98,true,true
2022,REG,10,2022111304,2145,2700,MIA,58979,2145.0,"(11:42) R.Mostert left tackle for 24 yards, TOUCHDOWN.",2,play_type_rush,3,1,10,2700,11:42,CLE 24,24,CLE,34,2022-11-13T19:40:14.000Z,false,false,true,false,false,false,23,7,11:42,11:37,left,APPROVED,17,7,true,10.0,23.82,true,true
2022,REG,10,2022111304,2768,2700,MIA,58979,2768.0,"(:41) (Shotgun) T.Tagovailoa pass short middle to T.Hill for 2 yards, TOUCHDOWN.",2,play_type_pass,3,3,2,2700,00:41,CLE 2,2,CLE,12,2022-11-13T20:04:09.000Z,false,false,true,true,false,false,30,10,:41,:39,left,APPROVED,24,10,true,2.76,10.0,true,true
2022,REG,10,2022111304,3014,1050,CLE,58979,3014.0,"(13:15) (No Huddle, Shotgun) N.Chubb left end for 33 yards, TOUCHDOWN.",2,play_type_rush,4,1,10,1050,13:15,MIA 33,33,MIA,43,2022-11-13T20:14:24.000Z,false,false,true,false,false,false,30,16,,13:11,left,APPROVED,30,10,true,10.0,33.09,true,true
2022,REG,10,2022111304,3432,2700,MIA,58979,3432.0,(7:20) (Shotgun) J.Brissett sacked at CLV 20 for -8 yards (sack split by J.Phillips and M.Ingram).,2,play_type_sack,4,4,7,1050,07:20,CLE 28,28,CLE,82,2022-11-13T20:35:59.000Z,false,false,false,false,false,true,33,17,7:20,7:15,left,APPROVED,33,17,true,7.33,75.2,true,true
2022,REG,10,2022111304,3451,2700,MIA,58979,3451.0,"(7:13) J.Wilson left end for 20 yards, TOUCHDOWN.",2,play_type_rush,4,1,10,2700,07:13,CLE 20,20,CLE,90,2022-11-13T20:37:07.000Z,false,false,true,false,false,false,39,17,7:13,7:07,right,APPROVED,33,17,true,10.0,99.69,true,true
2022,REG,10,2022111305,319,3410,NYG,58980,319.0,(9:31) (No Huddle) D.Jones pass short middle to D.Slayton to HST 6 for 36 yards (J.Owens).,2,play_type_pass,1,2,12,3410,09:31,HOU 42,42,HOU,68,2022-11-13T18:10:35.000Z,false,false,false,false,false,false,0,0,9:33,9:24,right,APPROVED,0,0,true,12.14,79.54,true,true
2022,REG,10,2022111305,401,3410,NYG,58980,401.0,"(7:57) D.Jones pass short left to L.Cager for 9 yards, TOUCHDOWN.",2,play_type_pass,1,2,9,3410,07:57,HOU 9,9,HOU,101,2022-11-13T18:12:51.000Z,false,false,true,true,false,false,6,0,7:58,7:52,right,APPROVED,0,0,true,8.9,110.0,true,true
2022,REG,10,2022111305,986,2120,HOU,58980,986.0,(13:39) (Shotgun) D.Pierce right tackle to NYG 19 for 44 yards (J.Love).,2,play_type_rush,2,2,5,2120,13:39,HOU 37,37,HOU,47,2022-11-13T18:43:45.000Z,false,false,false,false,false,false,7,0,13:40,13:31,right,APPROVED,7,0,true,4.73,51.19,true,true
2022,REG,10,2022111305,1260,2120,HOU,58980,1260.0,"(7:01) (No Huddle, Shotgun) D.Jones sacked at HST 40 for -8 yards (sack split by C.Kirksey and M.Collins).",2,play_type_sack,2,3,15,3410,07:01,HOU 32,32,HOU,42,2022-11-13T18:55:01.000Z,false,false,false,false,false,false,7,3,7:02,6:58,left,APPROVED,7,3,false,15.52,26.99,true,true
2022,REG,10,2022111305,2140,3410,NYG,58980,2140.0,"(12:45) (No Huddle, Shotgun) D.Jones pass short left to D.Slayton for 54 yards, TOUCHDOWN [M.Addison].",2,play_type_pass,3,3,9,3410,12:45,NYG 46,46,NYG,56,2022-11-13T19:43:57.000Z,false,false,true,false,false,false,13,3,12:47,12:34,right,APPROVED,7,3,true,9.46,64.79,true,true
2022,REG,10,2022111305,2374,2120,HOU,58980,2374.0,"(8:12) (Shotgun) D.Mills pass short left to N.Collins for 12 yards, TOUCHDOWN.",2,play_type_pass,3,2,12,2120,08:12,NYG 12,12,NYG,22,2022-11-13T19:55:24.000Z,false,false,true,true,false,false,14,9,8:13,8:08,left,APPROVED,14,3,true,13.03,10.0,true,true
2022,REG,10,2022111305,2591,3410,NYG,58980,2591.0,"(4:45) (No Huddle, Shotgun) D.Jones pass deep middle to I.Hodgins to HST 16 for 26 yards (J.Pitre).",2,play_type_pass,3,3,7,3410,04:45,HOU 42,42,HOU,68,2022-11-13T20:03:56.000Z,false,false,false,false,false,false,14,10,4:45,4:39,right,APPROVED,14,10,true,7.29,74.98,true,true
2022,REG,10,2022111305,2850,2120,HOU,58980,2850.0,(:03) D.Mills pass short left to J.Akins to NYG 9 for 46 yards (J.Love).,2,play_type_pass,3,2,16,2120,00:03,HOU 45,45,HOU,65,2022-11-13T20:15:54.000Z,false,false,false,false,false,false,21,10,:04,:00,left,APPROVED,21,10,true,16.31,49.23,true,true
2022,REG,10,2022111306,923,3900,PIT,58981,923.0,(1:00) N.Harris left guard to NO 20 for 36 yards (P.Adebo).,2,play_type_rush,1,2,3,3900,01:00,PIT 44,44,PIT,66,2022-11-13T18:36:58.000Z,false,false,false,false,false,false,7,0,1:01,:52,left,APPROVED,7,0,true,2.94,63.12,true,true
2022,REG,10,2022111306,1950,3300,NO,58981,1950.0,"(:23) (Shotgun) A.Dalton pass short right to J.Johnson for 15 yards, TOUCHDOWN.",2,play_type_pass,2,1,10,3300,00:23,PIT 15,15,PIT,25,2022-11-13T19:21:39.000Z,false,false,true,false,false,false,10,9,:23,:20,left,APPROVED,10,3,true,10.0,15.03,true,true
2022,REG,10,2022111306,3052,3900,PIT,58981,3052.0,(12:22) (Shotgun) A.Dalton pass deep middle intended for J.Landry INTERCEPTED by D.Kazee at NO 46. D.Kazee to NO 44 for 2 yards (J.Landry).,2,play_type_pass,4,3,5,3300,12:22,NO 30,30,NO,80,2022-11-13T20:21:25.000Z,false,false,false,false,false,true,13,10,12:23,12:17,left,APPROVED,13,10,true,5.59,74.94,true,true
2022,REG,10,2022111306,3115,3900,PIT,58981,3115.0,(11:34) (Shotgun) K.Pickett pass short middle to J.Warren pushed ob at NO 16 for 26 yards (K.Elliss).,2,play_type_pass,4,2,8,3900,11:34,NO 42,42,NO,68,2022-11-13T20:23:12.000Z,false,false,false,false,false,false,13,10,11:35,11:27,right,APPROVED,13,10,true,8.36,75.76,true,true
2022,REG,10,2022111307,235,1400,DEN,58982,235.0,(13:17) (Shotgun) R.Wilson pass deep left to K.Hinton to DEN 39 for 35 yards (T.Mitchell) [M.Edwards].,2,play_type_pass,1,3,10,1400,13:17,DEN 4,4,DEN,14,2022-11-13T18:12:02.000Z,false,false,false,false,false,false,0,0,13:17,13:10,right,APPROVED,0,0,true,10.41,23.49,true,true
2022,REG,10,2022111307,895,2100,TEN,58982,895.0,(2:31) (Shotgun) R.Wilson sacked at DEN 24 for -9 yards (M.Edwards).,2,play_type_sack,1,3,9,1400,02:31,DEN 33,33,DEN,43,2022-11-13T18:39:57.000Z,false,false,false,false,false,false,0,0,2:31,2:25,right,APPROVED,0,0,false,9.39,51.59,true,true
2022,REG,10,2022111307,1477,1400,DEN,58982,1477.0,"(8:30) (Shotgun) R.Wilson pass deep left to J.Virgil for 66 yards, TOUCHDOWN.",2,play_type_pass,2,3,6,1400,08:30,DEN 34,34,DEN,76,2022-11-13T19:03:34.000Z,false,false,true,false,false,false,0,6,8:31,8:21,left,APPROVED,0,0,true,6.53,70.3,true,true
2022,REG,10,2022111307,1584,1400,DEN,58982,1584.0,(6:57) (Shotgun) R.Tannehill sacked at TEN 18 for -11 yards (J.Martin).,2,play_type_sack,2,3,10,2100,06:57,TEN 29,29,TEN,39,2022-11-13T19:09:34.000Z,false,false,false,false,false,false,0,7,6:58,6:54,right,APPROVED,0,7,false,10.05,48.51,true,true
2022,REG,10,2022111307,2303,2100,TEN,58982,2303.0,"(:16) (Shotgun) R.Tannehill pass short left to N.Westbrook-Ikhine for 9 yards, TOUCHDOWN.",2,play_type_pass,2,3,9,2100,00:16,DEN 9,9,DEN,101,2022-11-13T19:39:45.000Z,false,false,true,true,false,false,6,10,:16,:13,right,APPROVED,0,10,true,9.72,110.0,true,true
2022,REG,10,2022111307,2926,2100,TEN,58982,2926.0,"(5:25) R.Tannehill pass deep right to N.Westbrook-Ikhine for 63 yards, TOUCHDOWN.",2,play_type_pass,3,1,10,2100,05:25,TEN 37,37,TEN,47,2022-11-13T20:18:17.000Z,false,false,true,false,false,false,13,10,5:27,5:16,right,APPROVED,7,10,true,10.0,56.28,true,true
2022,REG,10,2022111307,3467,2100,TEN,58982,3467.0,(12:08) (Shotgun) R.Wilson sacked at DEN 19 for -9 yards (D.Cole).,2,play_type_sack,4,3,10,1400,12:08,DEN 28,28,DEN,38,2022-11-13T20:44:18.000Z,false,false,false,false,false,false,14,10,12:09,12:03,right,APPROVED,14,10,false,10.75,47.55,true,true
2022,REG,10,2022111307,3911,2100,TEN,58982,3911.0,(4:07) (Shotgun) R.Tannehill pass deep middle to C.Okonkwo to DEN 20 for 41 yards (P.Surtain).,2,play_type_pass,4,3,4,2100,04:07,TEN 39,39,TEN,71,2022-11-13T21:03:17.000Z,false,false,false,false,false,false,14,10,4:08,3:59,left,APPROVED,14,10,true,4.2,67.35,true,true
2022,REG,10,2022111307,4337,2100,TEN,58982,4337.0,(:20) (Shotgun) R.Wilson pass deep middle intended for C.Sutton INTERCEPTED by T.Mitchell (J.Kalu) [M.Edwards] at TEN 0. T.Mitchell to TEN 1 for 1 yard.,2,play_type_pass,4,4,8,1400,00:20,TEN 25,25,TEN,85,2022-11-13T21:20:30.000Z,false,false,false,false,false,true,17,10,:20,:13,right,APPROVED,17,10,true,7.88,92.25,true,true
2022,REG,10,2022111308,603,2200,IND,58983,603.0,(6:05) (Shotgun) M.Ryan pass short right to K.Granson pushed ob at LV 11 for 32 yards (T.Moehrig).,2,play_type_pass,1,2,9,2200,06:05,LV 43,43,LV,67,2022-11-13T21:26:35.000Z,false,false,false,false,false,false,0,0,6:06,5:58,right,APPROVED,0,0,true,9.38,75.73,true,true
2022,REG,10,2022111308,1809,2520,LV,58983,1809.0,"(1:03) D.Carr pass short right to F.Moreau for 4 yards, TOUCHDOWN.",2,play_type_pass,2,3,1,2520,01:03,IND 4,4,IND,106,2022-11-13T22:20:20.000Z,false,false,true,false,false,false,6,10,1:03,1:00,right,APPROVED,0,10,true,1.19,107.02,true,true
2022,REG,10,2022111308,2311,2520,LV,58983,2311.0,(9:49) M.Ryan sacked at LV 30 for -14 yards (M.Crosby).,2,play_type_sack,3,3,1,2200,09:49,LV 16,16,LV,94,2022-11-13T22:51:31.000Z,false,false,false,false,false,false,7,13,9:50,9:45,right,APPROVED,7,13,false,1.96,95.09,true,true
2022,REG,10,2022111308,2746,2200,IND,58983,2746.0,"(1:12) J.Taylor up the middle for 66 yards, TOUCHDOWN.",2,play_type_rush,3,2,6,2200,01:12,IND 34,34,IND,44,2022-11-13T23:10:58.000Z,false,false,true,false,false,false,14,19,1:14,1:02,right,APPROVED,14,13,true,6.24,49.49,true,true
2022,REG,10,2022111308,3090,2520,LV,58983,3090.0,"(11:47) (Shotgun) D.Carr pass deep middle to D.Adams for 48 yards, TOUCHDOWN.",2,play_type_pass,4,3,10,2520,11:47,IND 48,48,IND,62,2022-11-13T23:32:19.000Z,false,false,true,false,false,false,20,19,11:48,11:38,right,APPROVED,14,19,true,10.69,72.02,true,true
2022,REG,10,2022111308,3110,2520,LV,58983,3110.0,TWO-POINT CONVERSION ATTEMPT. D.Carr pass to D.Adams is incomplete. ATTEMPT FAILS.,26,play_type_two_point_conversion,4,0,0,2520,11:36,IND 2,2,IND,108,2022-11-13T23:33:27.000Z,false,false,false,false,false,false,20,19,11:36,11:36,right,APPROVED,20,19,false,,,true,true
2022,REG,10,2022111308,3347,2200,IND,58983,3347.0,(8:54) (Shotgun) D.Carr sacked at LV 20 for -7 yards (sack split by Y.Ngakoue and D.Buckner).,2,play_type_sack,4,3,8,2520,08:54,LV 27,27,LV,37,2022-11-13T23:44:04.000Z,false,false,false,false,false,false,20,19,8:54,8:50,right,APPROVED,20,19,false,8.57,44.91,true,true
2022,REG,10,2022111308,3432,2200,IND,58983,3432.0,(6:49) (Shotgun) M.Ryan scrambles right end to LV 36 for 39 yards (A.Robertson).,2,play_type_rush,4,3,3,2200,06:49,IND 25,25,IND,85,2022-11-13T23:46:56.000Z,false,false,false,false,false,false,20,19,6:51,6:41,left,APPROVED,20,19,true,3.44,82.29,true,true
2022,REG,10,2022111308,3488,2200,IND,58983,3488.0,"(5:14) (Shotgun) M.Ryan pass short middle to P.Campbell for 35 yards, TOUCHDOWN.",2,play_type_pass,4,2,9,2200,05:14,LV 35,35,LV,45,2022-11-13T23:48:37.000Z,false,false,true,false,false,false,20,25,5:15,5:08,left,APPROVED,20,19,true,9.85,36.18,true,true
2022,REG,10,2022111309,1161,1200,DAL,58984,1161.0,"(9:57) (Shotgun) D.Prescott pass short left to C.Lamb for 3 yards, TOUCHDOWN.",2,play_type_pass,2,2,3,1200,09:57,GB 3,3,GB,13,2022-11-13T22:05:01.000Z,false,false,true,true,false,false,0,6,9:59,9:55,left,APPROVED,0,0,true,3.68,10.0,true,true
2022,REG,10,2022111309,1288,1200,DAL,58984,1288.0,"(8:24) (Shotgun) A.Rodgers sacked at GB 17 for 0 yards (D.Lawrence). FUMBLES (D.Lawrence) [D.Lawrence], RECOVERED by DAL-J.Kearse at GB 10.",2,play_type_sack,2,3,3,1800,08:24,GB 17,17,GB,27,2022-11-13T22:11:18.000Z,false,false,false,false,false,true,0,7,8:26,8:19,right,APPROVED,0,7,false,3.81,29.59,true,true
2022,REG,10,2022111309,1485,1800,GB,58984,1485.0,"(5:02) A.Rodgers pass deep right to C.Watson for 58 yards, TOUCHDOWN.",2,play_type_pass,2,3,1,1800,05:02,GB 42,42,GB,52,2022-11-13T22:20:23.000Z,false,false,true,false,false,false,6,7,5:03,4:55,right,APPROVED,0,7,true,1.82,52.65,true,true
2022,REG,10,2022111309,1733,1800,GB,58984,1733.0,(2:30) (Shotgun) D.Prescott pass deep middle intended for C.Lamb INTERCEPTED by R.Ford at GB 42. R.Ford ran ob at DAL 24 for 34 yards (P.Hendershot).,2,play_type_pass,2,3,10,1200,02:30,DAL 42,42,DAL,68,2022-11-13T22:38:20.000Z,false,false,false,false,false,true,7,7,2:30,2:20,left,APPROVED,7,7,true,10.64,58.16,true,true
2022,REG,10,2022111309,1860,1800,GB,58984,1860.0,"(1:48) A.Jones up the middle for 12 yards, TOUCHDOWN.",2,play_type_rush,2,2,5,1800,01:48,DAL 12,12,DAL,98,2022-11-13T22:45:41.000Z,false,false,true,false,false,false,13,7,1:48,1:44,right,APPROVED,7,7,true,5.28,102.79,true,true
2022,REG,10,2022111309,2065,1200,DAL,58984,2065.0,"(:25) (No Huddle, Shotgun) D.Prescott pass short right to M.Gallup to GB 5 for 23 yards (R.Douglas).",2,play_type_pass,2,3,1,1200,00:25,GB 28,28,GB,38,2022-11-13T22:53:02.000Z,false,false,false,false,false,false,14,7,:25,:20,left,APPROVED,14,7,true,1.48,37.54,true,true
2022,REG,10,2022111309,2118,1200,DAL,58984,2118.0,"(:14) (Shotgun) D.Prescott pass short right to D.Schultz for 5 yards, TOUCHDOWN.",2,play_type_pass,2,2,5,1200,00:14,GB 5,5,GB,15,2022-11-13T22:54:41.000Z,false,false,true,true,false,false,14,13,:14,:10,left,APPROVED,14,7,true,6.13,10.0,true,true
2022,REG,10,2022111309,2314,1800,GB,58984,2314.0,(13:01) (Shotgun) A.Rodgers pass deep right to S.Watkins to DAL 48 for 23 yards (K.Joseph).,2,play_type_pass,3,2,22,1800,13:01,GB 29,29,GB,39,2022-11-13T23:14:59.000Z,false,false,false,false,false,false,14,14,13:02,12:58,right,APPROVED,14,14,true,22.05,60.08,true,true
2022,REG,10,2022111309,2519,1800,GB,58984,2519.0,"(8:42) B.Anger punts 55 yards to GB 33, Center-M.Overton. Am.Rodgers to GB 44 for 11 yards (C.Goodwin; L.Gifford). FUMBLES (C.Goodwin), RECOVERED by DAL-S.McKeon at GB 45.",2,play_type_punt,3,4,3,1200,08:42,DAL 12,12,DAL,98,2022-11-13T23:24:11.000Z,true,false,false,false,false,false,14,14,8:43,8:32,left,APPROVED,14,14,false,3.42,95.27,true,true
2022,REG,10,2022111309,2581,1200,DAL,58984,2581.0,(7:55) (Shotgun) D.Prescott pass deep left to C.Lamb to GB 13 for 30 yards (D.Savage).,2,play_type_pass,3,2,8,1200,07:55,GB 43,43,GB,53,2022-11-13T23:26:12.000Z,false,false,false,false,false,false,14,14,7:56,7:50,left,APPROVED,14,14,true,8.87,45.14,true,true
2022,REG,10,2022111309,2627,1200,DAL,58984,2627.0,"(7:19) (Shotgun) T.Pollard up the middle for 13 yards, TOUCHDOWN.",2,play_type_rush,3,2,10,1200,07:19,GB 13,13,GB,23,2022-11-13T23:27:26.000Z,false,false,true,false,false,false,14,20,7:19,7:15,left,APPROVED,14,14,true,10.42,13.32,true,true
2022,REG,10,2022111309,2740,1200,DAL,58984,2740.0,(6:25) (Shotgun) A.Rodgers sacked at GB 30 for -9 yards (S.Williams).,2,play_type_sack,3,3,4,1800,06:25,GB 39,39,GB,49,2022-11-13T23:33:37.000Z,false,false,false,false,false,false,14,21,6:26,6:23,right,APPROVED,14,21,false,4.84,52.52,true,true
2022,REG,10,2022111309,2947,1200,DAL,58984,2947.0,"(2:54) D.Prescott pass deep left to C.Lamb for 35 yards, TOUCHDOWN.",2,play_type_pass,3,1,10,1200,02:54,GB 35,35,GB,45,2022-11-13T23:46:05.000Z,false,false,true,false,false,false,14,27,2:56,2:48,left,APPROVED,14,21,true,10.0,35.33,true,true
2022,REG,10,2022111309,3211,1800,GB,58984,3211.0,"(13:31) (Shotgun) A.Rodgers pass deep middle to C.Watson for 39 yards, TOUCHDOWN.",2,play_type_pass,4,4,7,1800,13:31,DAL 39,39,DAL,49,2022-11-13T23:59:58.000Z,false,false,true,false,false,false,20,28,13:31,13:25,left,APPROVED,14,28,true,6.79,42.69,true,true
2022,REG,10,2022111309,3622,1800,GB,58984,3622.0,"(4:56) (Shotgun) A.Jones right tackle to DAL 22 for 26 yards (K.Joseph). FUMBLES (K.Joseph), and recovers at DAL 18.",2,play_type_rush,4,2,6,1800,04:56,DAL 48,48,DAL,58,2022-11-14T00:17:37.000Z,false,false,false,false,false,false,21,28,4:57,4:48,left,APPROVED,21,28,true,6.15,52.06,true,true
2022,REG,10,2022111309,3704,1800,GB,58984,3704.0,"(2:33) A.Rodgers pass short left to C.Watson for 7 yards, TOUCHDOWN.",2,play_type_pass,4,1,7,1800,02:33,DAL 7,7,DAL,17,2022-11-14T00:20:05.000Z,false,false,true,true,false,false,27,28,2:34,2:30,left,APPROVED,21,28,true,7.949999999999999,10.0,true,true
2022,REG,10,2022111309,4372,1800,GB,58984,4372.0,"(4:47) (Shotgun) A.Rodgers pass short middle to A.Lazard to DAL 20 for 36 yards (D.Wilson, K.Joseph).",2,play_type_pass,5,3,1,1800,04:47,GB 44,44,GB,54,2022-11-14T00:51:57.000Z,false,false,false,false,false,false,28,28,4:48,4:41,right,APPROVED,28,28,true,1.87,55.05,true,true
2022,REG,10,2022111310,1655,3800,ARI,58985,1655.0,"(2:00) J.Conner up the middle for 4 yards, TOUCHDOWN.",2,play_type_rush,2,1,4,3800,02:00,LA 4,4,LA,106,2022-11-13T22:31:24.000Z,false,false,true,true,false,false,3,9,2:00,1:58,right,APPROVED,3,3,true,4.969999999999999,110.0,true,true
2022,REG,10,2022111310,1815,3800,ARI,58985,1815.0,"(1:39) (Shotgun) J.Wolford pass incomplete short middle [M.Sanders]. The Replay Official reviewed the incomplete pass ruling, and the play was REVERSED. (Shotgun) J.Wolford sacked at LA 35 for -9 yards (M.Sanders). FUMBLES (M.Sanders) [M.Sanders], touched at LA 35, RECOVERED by ARZ-J.Watt at LA 30.",2,play_type_sack,2,2,10,2510,01:39,LA 44,44,LA,66,2022-11-13T22:37:43.000Z,false,false,false,false,false,true,3,10,1:39,1:35,left,APPROVED,3,10,false,10.43,56.3,true,true
2022,REG,10,2022111310,1985,3800,ARI,58985,1985.0,"(:29) (Shotgun) C.McCoy pass short left to A.Green for 6 yards, TOUCHDOWN.",2,play_type_pass,2,2,6,3800,00:29,LA 6,6,LA,104,2022-11-13T22:44:59.000Z,false,false,true,true,false,false,3,16,:29,:25,right,APPROVED,3,10,true,6.69,110.0,true,true
2022,REG,10,2022111310,2799,2510,LA,58985,2799.0,"(4:29) (Shotgun) D.Henderson up the middle for 4 yards, TOUCHDOWN.",2,play_type_rush,3,3,4,2510,04:29,ARI 4,4,ARI,106,2022-11-13T23:32:56.000Z,false,false,true,true,false,false,9,17,4:29,4:26,right,APPROVED,3,17,true,5.25,110.0,false,true
2022,REG,10,2022111310,2985,2510,LA,58985,2985.0,"(1:19) (No Huddle, Shotgun) C.McCoy sacked at ARZ 48 for -9 yards (L.Floyd).",2,play_type_sack,3,2,6,3800,01:19,LA 43,43,LA,53,2022-11-13T23:40:25.000Z,false,false,false,false,false,false,10,17,1:20,1:14,left,APPROVED,10,17,false,6.48,46.88,true,true
2022,REG,10,2022111310,3352,2510,LA,58985,3352.0,(10:03) (Shotgun) C.McCoy sacked at ARZ 45 for -9 yards (B.Wagner).,2,play_type_sack,4,2,8,3800,10:03,LA 46,46,LA,64,2022-11-13T23:55:29.000Z,false,false,false,false,false,false,10,17,10:04,10:00,right,APPROVED,10,17,false,9.06,71.85,true,true
2022,REG,10,2022111310,3407,3800,ARI,58985,3407.0,(8:45) (Shotgun) C.McCoy pass deep left to R.Moore to LA 15 for 26 yards (D.Long) [T.Lewis].,2,play_type_pass,4,4,3,3800,08:45,LA 41,41,LA,69,2022-11-13T23:58:53.000Z,false,false,false,false,false,false,10,17,8:45,8:41,right,APPROVED,10,17,true,3.7,71.85,true,true
2022,REG,10,2022111310,3464,3800,ARI,58985,3464.0,"(7:48) J.Conner left end for 9 yards, TOUCHDOWN.",2,play_type_rush,4,2,4,3800,07:48,LA 9,9,LA,101,2022-11-14T00:00:06.000Z,false,false,true,false,false,false,10,23,7:49,7:43,right,APPROVED,10,17,true,4.44,104.98,true,true
2022,REG,10,2022111310,3632,3800,ARI,58985,3632.0,"(5:49) (No Huddle, Shotgun) J.Wolford pass deep middle intended for B.Skowronek INTERCEPTED by B.Baker (I.Simmons) at ARZ 22. B.Baker to LA 25 for 53 yards (D.Henderson).",2,play_type_pass,4,1,10,2510,05:49,ARI 46,46,ARI,56,2022-11-14T00:07:29.000Z,false,false,false,false,false,true,10,24,5:51,5:35,left,APPROVED,10,24,true,10.0,46.27,true,true
2022,REG,10,2022111310,4074,2510,LA,58985,4074.0,"(:14) (Shotgun) J.Wolford pass short left to V.Jefferson for 3 yards, TOUCHDOWN.",2,play_type_pass,4,3,3,2510,00:14,ARI 3,3,ARI,13,2022-11-14T00:23:13.000Z,false,false,true,true,false,false,16,27,:14,:09,left,APPROVED,10,27,true,3.72,10.0,true,true
2022,REG,10,2022111311,216,4400,LAC,58986,216.0,"(11:41) J.Herbert pass deep left to D.Carter for 32 yards, TOUCHDOWN.",2,play_type_pass,1,1,10,4400,11:41,SF 32,32,SF,42,2022-11-14T01:27:02.000Z,false,false,true,false,false,false,0,6,11:43,11:38,left,APPROVED,0,0,true,10.0,31.79,true,true
2022,REG,10,2022111311,717,4400,LAC,58986,717.0,(2:51) (Shotgun) J.Herbert pass deep left to J.Palmer pushed ob at LAC 44 for 25 yards (T.Hufanga). 8 YAC,2,play_type_pass,1,3,4,4400,02:51,LAC 19,19,LAC,91,2022-11-14T01:46:18.000Z,false,false,false,false,false,false,3,7,2:52,2:46,left,APPROVED,3,7,true,5.29,87.05,true,true
2022,REG,10,2022111311,1451,4400,LAC,58986,1451.0,(8:38) (Shotgun) J.Herbert pass deep right to D.Carter to SF 2 for 33 yards (T.Gipson) [C.Omenihu]. 16 YAC,2,play_type_pass,2,2,10,4400,08:38,SF 35,35,SF,75,2022-11-14T02:16:15.000Z,false,false,false,false,false,false,3,10,8:38,8:31,right,APPROVED,3,10,true,10.58,84.5,true,true
2022,REG,10,2022111311,1688,4500,SF,58986,1688.0,(5:33) (Shotgun) J.Garoppolo pass short middle to G.Kittle to SF 44 for 21 yards (A.Gilman; N.Adderley). 9 YAC,2,play_type_pass,2,3,12,4500,05:33,SF 23,23,SF,87,2022-11-14T02:25:43.000Z,false,false,false,false,false,false,3,13,5:33,5:27,left,APPROVED,3,13,true,12.83,75.09,true,true
2022,REG,10,2022111311,3491,4500,SF,58986,3491.0,(8:25) (Shotgun) J.Garoppolo pass short middle to B.Aiyuk to LAC 2 for 24 yards (A.Gilman). 10 YAC,2,play_type_pass,4,3,10,4500,08:25,LAC 26,26,LAC,36,2022-11-14T03:52:01.000Z,false,false,false,false,false,false,13,16,8:25,8:19,left,APPROVED,13,16,true,10.35,25.76,true,true
2022,REG,10,2022111311,4171,4500,SF,58986,4171.0,(:53) (Shotgun) J.Herbert pass deep middle intended for J.Palmer INTERCEPTED by T.Hufanga (C.Omenihu) at LAC 48. T.Hufanga ran ob at LAC 42 for 6 yards (A.Ekeler).,2,play_type_pass,4,1,10,4400,00:53,LAC 23,23,LAC,33,2022-11-14T04:21:03.000Z,false,false,false,false,false,true,22,16,:53,:45,right,APPROVED,22,16,true,10.0,42.51,true,true
2022,REG,10,2022111400,174,3700,PHI,58987,174.0,"(13:20) (Shotgun) T.Heinicke sacked at WAS 18 for -10 yards (J.Sweat). FUMBLES (J.Sweat) [J.Sweat], RECOVERED by PHI-M.Tuipulotu at WAS 18.",2,play_type_sack,1,1,10,5110,13:20,WAS 28,28,WAS,82,2022-11-15T01:19:41.000Z,false,false,false,false,false,true,0,0,13:20,13:16,left,APPROVED,0,0,false,10.0,73.18,true,true
2022,REG,10,2022111400,498,5110,WAS,58987,498.0,(7:45) (Shotgun) T.Heinicke pass short right to T.McLaurin pushed ob at PHI 18 for 26 yards (D.Slay).,2,play_type_pass,1,3,2,5110,07:45,PHI 44,44,PHI,54,2022-11-15T01:32:35.000Z,false,false,false,false,false,false,7,0,7:45,7:38,left,APPROVED,7,0,true,2.84,52.01,true,true
2022,REG,10,2022111400,931,3700,PHI,58987,931.0,"(1:33) (Shotgun) J.Hurts pass short middle to D.Goedert for 6 yards, TOUCHDOWN.",2,play_type_pass,1,1,6,3700,01:33,WAS 6,6,WAS,104,2022-11-15T01:45:57.000Z,false,false,true,true,false,false,13,7,1:33,1:31,right,APPROVED,7,7,true,6.609999999999999,110.0,true,true
2022,REG,10,2022111400,1413,5110,WAS,58987,1413.0,"(8:48) (No Huddle, Shotgun) J.Hurts pass deep middle intended for A.Brown INTERCEPTED by D.Forrest at WAS 14. D.Forrest to WAS 14 for no gain (A.Brown).",2,play_type_pass,2,1,10,3700,08:48,PHI 45,45,PHI,65,2022-11-15T02:09:42.000Z,false,false,false,false,false,true,14,10,8:49,8:33,left,APPROVED,14,10,true,10.0,55.48,true,true
2022,REG,10,2022111400,1577,5110,WAS,58987,1577.0,(6:03) (Shotgun) T.Heinicke pass short middle to C.Samuel pushed ob at PHI 48 for 23 yards (C.Gardner-Johnson).,2,play_type_pass,2,3,6,5110,06:03,WAS 29,29,WAS,39,2022-11-15T02:16:45.000Z,false,false,false,false,false,false,14,10,6:04,5:56,right,APPROVED,14,10,true,5.86,44.45,true,true
2022,REG,10,2022111400,2485,5110,WAS,58987,2485.0,(9:32) T.Heinicke pass deep right to T.McLaurin to PHI 17 for 41 yards (D.Slay).,2,play_type_pass,3,1,10,5110,09:32,WAS 42,42,WAS,68,2022-11-15T03:04:59.000Z,false,false,false,false,false,false,14,20,9:33,9:27,left,APPROVED,14,20,true,10.0,58.85,true,true
2022,REG,10,2022111400,3119,3700,PHI,58987,3119.0,(12:31) (Shotgun) T.Heinicke pass deep left intended for T.McLaurin INTERCEPTED by C.Gardner-Johnson at PHI 7. C.Gardner-Johnson to PHI 7 for no gain (T.McLaurin).,2,play_type_pass,4,3,3,5110,12:31,PHI 43,43,PHI,67,2022-11-15T03:30:04.000Z,false,false,false,false,false,true,21,23,12:33,12:26,right,APPROVED,21,23,true,3.34,69.71,true,true
2022,REG,11,2022111700,118,2100,TEN,58988,118.0,(14:05) (Shotgun) R.Tannehill pass deep middle to T.Burks to GB 37 for 43 yards (K.Nixon).,2,play_type_pass,1,3,7,2100,14:05,TEN 20,20,TEN,90,2022-11-18T01:18:05.000Z,false,false,false,false,false,false,0,0,14:06,13:59,left,APPROVED,0,0,true,6.77,83.5,true,true
2022,REG,11,2022111700,232,2100,TEN,58988,232.0,"(10:36) (Shotgun) R.Tannehill pass short left to D.Hilliard for 14 yards, TOUCHDOWN.",2,play_type_pass,1,1,10,2100,10:36,GB 14,14,GB,24,2022-11-18T01:21:33.000Z,false,false,true,false,false,false,0,6,10:37,10:32,left,APPROVED,0,0,true,10.0,14.78,true,true
2022,REG,11,2022111700,421,1800,GB,58988,421.0,(8:22) R.Tannehill sacked at TEN 32 for -9 yards (sack split by P.Smith and Q.Walker).,2,play_type_sack,1,2,8,2100,08:22,TEN 41,41,TEN,69,2022-11-18T01:32:13.000Z,false,false,false,false,false,false,0,7,8:23,8:19,left,APPROVED,0,7,false,8.05,61.17,true,true
2022,REG,11,2022111700,727,1800,GB,58988,727.0,"(:05) (No Huddle) A.Rodgers pass short left to C.Watson for 14 yards, TOUCHDOWN. Penalty on TEN, Defensive Too Many Men on Field, declined.",2,play_type_pass,1,3,9,1800,00:05,TEN 14,14,TEN,96,2022-11-18T01:43:32.000Z,false,false,true,false,false,false,6,7,:06,:00,right,APPROVED,0,7,true,9.69,104.88,true,true
2022,REG,11,2022111700,1669,2100,TEN,58988,1669.0,"(:36) D.Henry left tackle for 4 yards, TOUCHDOWN.",2,play_type_rush,2,1,4,2100,00:36,GB 4,4,GB,106,2022-11-18T02:28:13.000Z,false,false,true,true,false,false,6,13,:37,:34,right,APPROVED,6,7,true,5.099999999999994,110.0,true,true
2022,REG,11,2022111700,2203,2100,TEN,58988,2203.0,(7:38) (Shotgun) R.Tannehill pass deep left to C.Okonkwo ran ob at TEN 43 for 31 yards [D.Lowry].,2,play_type_pass,3,2,7,2100,07:38,TEN 12,12,TEN,98,2022-11-18T03:04:17.000Z,false,false,false,false,false,false,9,14,7:40,7:34,left,APPROVED,9,14,true,8.06,91.25,true,true
2022,REG,11,2022111700,2253,2100,TEN,58988,2253.0,(6:48) R.Tannehill pass short left to D.Henry to GB 9 for 42 yards (A.Amos).,2,play_type_pass,3,2,4,2100,06:48,TEN 49,49,TEN,61,2022-11-18T03:05:19.000Z,false,false,false,false,false,false,9,14,6:49,6:38,left,APPROVED,9,14,true,5.45,56.59,true,true
2022,REG,11,2022111700,2301,2100,TEN,58988,2301.0,"(5:21) (Shotgun) D.Henry pass short middle to A.Hooper for 3 yards, TOUCHDOWN.",2,play_type_pass,3,2,3,2100,05:21,GB 3,3,GB,13,2022-11-18T03:06:45.000Z,false,false,true,true,false,false,9,20,5:22,5:18,left,APPROVED,9,14,true,3.46,10.0,true,true
2022,REG,11,2022111700,2386,1800,GB,58988,2386.0,"(4:36) (Shotgun) A.Rodgers pass deep middle to R.Cobb to TEN 38 for 28 yards (A.Adams, R.McCreary).",2,play_type_pass,3,2,7,1800,04:36,GB 34,34,GB,44,2022-11-18T03:12:02.000Z,false,false,false,false,false,false,9,20,4:37,4:31,right,APPROVED,9,20,true,8.08,50.57,true,true
2022,REG,11,2022111700,2460,1800,GB,58988,2460.0,(2:34) (Shotgun) A.Rodgers pass deep right to A.Lazard to TEN 8 for 23 yards (R.McCreary).,2,play_type_pass,3,3,3,1800,02:34,TEN 31,31,TEN,79,2022-11-18T03:14:09.000Z,false,false,false,false,false,false,9,20,2:34,2:30,right,APPROVED,9,20,true,3.1,81.44,true,true
2022,REG,11,2022111700,2506,1800,GB,58988,2506.0,"(2:09) A.Rodgers pass short left to C.Watson for 8 yards, TOUCHDOWN.",2,play_type_pass,3,2,8,1800,02:09,TEN 8,8,TEN,102,2022-11-18T03:15:20.000Z,false,false,true,true,false,false,15,20,2:09,2:05,right,APPROVED,9,20,true,8.67,110.0,true,true
2022,REG,11,2022111700,2596,2100,TEN,58988,2596.0,(1:34) R.Tannehill pass short right to R.Woods to GB 28 for 32 yards (K.Barnes).,2,play_type_pass,3,2,7,2100,01:34,TEN 40,40,TEN,70,2022-11-18T03:23:58.000Z,false,false,false,false,false,false,17,20,1:35,1:27,left,APPROVED,17,20,true,7.42,63.19,true,true
2022,REG,11,2022111700,2689,2100,TEN,58988,2689.0,"(15:00) (Shotgun) R.Tannehill pass deep middle to A.Hooper for 16 yards, TOUCHDOWN.",2,play_type_pass,4,1,10,2100,15:00,GB 16,16,GB,94,2022-11-18T03:28:53.000Z,false,false,true,false,false,false,17,26,15:00,14:56,right,APPROVED,17,20,true,10.0,103.46,true,true
2022,REG,11,2022111700,2971,1800,GB,58988,2971.0,(10:55) R.Tannehill pass deep middle intended for T.Burks INTERCEPTED by R.Douglas at GB 12. R.Douglas to GB 34 for 22 yards (R.Tannehill).,2,play_type_pass,4,2,1,2100,10:55,GB 34,34,GB,76,2022-11-18T03:41:17.000Z,false,false,false,false,false,true,17,27,10:56,10:45,right,APPROVED,17,27,true,1.28,76.58,true,true
2022,REG,11,2022112000,286,0200,ATL,58989,286.0,"(9:46) M.Mariota pass short left to D.London for 2 yards, TOUCHDOWN [J.Sanborn]. Penalty on CHI-J.Brisker, Defensive Holding, declined.",2,play_type_pass,1,1,2,0200,09:46,CHI 2,2,CHI,108,2022-11-20T18:09:43.000Z,false,false,true,true,false,false,6,0,9:47,9:40,right,APPROVED,0,0,true,2.3100000000000023,110.0,true,true
2022,REG,11,2022112000,338,0810,CHI,58989,338.0,B.Pinion kicks 64 yards from ATL 35 to CHI 1. V.Jones to ATL 44 for 55 yards (E.Harris).,32,play_type_kickoff,1,0,0,0200,09:37,ATL 35,35,ATL,45,2022-11-20T18:13:45.000Z,true,false,false,false,false,true,7,0,9:37,9:29,right,APPROVED,7,0,true,,,true,true
2022,REG,11,2022112000,497,0810,CHI,58989,497.0,"(6:08) (Shotgun) J.Fields pass deep left to D.Mooney for 16 yards, TOUCHDOWN.",2,play_type_pass,1,3,8,0810,06:08,ATL 16,16,ATL,26,2022-11-20T18:18:40.000Z,false,false,true,false,false,false,7,6,6:10,6:05,left,APPROVED,7,0,true,8.28,18.24,true,true
2022,REG,11,2022112000,835,0200,ATL,58989,835.0,"(:16) T.Gill punts 40 yards to ATL 27, Center-P.Scales. A.Williams to ATL 42 for 15 yards (R.Griffin). Chicago challenged the runner was down by contact ruling, and the play was REVERSED. T.Gill punts 40 yards to ATL 27, Center-P.Scales. A.Williams to ATL 43 for 16 yards (R.Griffin, D.Houston-Carson). FUMBLES (D.Houston-Carson), touched at ATL 40, RECOVERED by CHI-J.Sanborn at ATL 41.",2,play_type_punt,1,4,6,0810,00:16,CHI 33,33,CHI,77,2022-11-20T18:32:36.000Z,true,false,false,false,false,false,7,7,:16,:04,left,APPROVED,7,7,false,6.38,71.53,true,true
2022,REG,11,2022112000,1585,0810,CHI,58989,1585.0,"(4:35) (Shotgun) J.Fields left end for 4 yards, TOUCHDOWN.",2,play_type_rush,2,1,4,0810,04:35,ATL 4,4,ATL,106,2022-11-20T19:10:54.000Z,false,false,true,true,false,false,7,16,4:36,4:32,right,APPROVED,7,10,true,4.75,110.0,true,true
2022,REG,11,2022112000,1623,0200,ATL,58989,1623.0,"C.Santos kicks 68 yards from CHI 35 to ATL -3. C.Patterson for 103 yards, TOUCHDOWN.",32,play_type_kickoff,2,0,0,0810,04:31,CHI 35,35,CHI,45,2022-11-20T19:12:58.000Z,true,false,true,false,false,true,13,17,4:31,4:20,right,APPROVED,7,17,true,,,true,true
2022,REG,11,2022112000,2805,0200,ATL,58989,2805.0,"(1:53) (Shotgun) M.Mariota right tackle for 10 yards, TOUCHDOWN. CHI-K.Gordon was injured during the play.",2,play_type_rush,3,2,6,0200,01:53,CHI 10,10,CHI,100,2022-11-20T20:16:00.000Z,false,false,true,false,false,false,23,17,1:54,1:50,right,APPROVED,17,17,true,5.74,105.61,true,true
2022,REG,11,2022112000,3617,0200,ATL,58989,3617.0,"(1:13) (No Huddle, Shotgun) J.Fields pass short middle intended for D.Montgomery INTERCEPTED by J.Hawkins at CHI 40. J.Hawkins to CHI 40 for no gain (D.Mooney).",2,play_type_pass,4,3,5,0810,01:13,CHI 30,30,CHI,40,2022-11-20T20:54:54.000Z,false,false,false,false,false,true,27,24,1:14,1:08,right,APPROVED,27,24,true,5.46,44.9,true,true
2022,REG,11,2022112000,3671,0200,ATL,58989,3671.0,(1:03) T.Allgeier left end pushed ob at CHI 10 for 26 yards (E.Jackson).,2,play_type_rush,4,2,6,0200,01:03,CHI 36,36,CHI,46,2022-11-20T20:57:15.000Z,false,false,false,false,false,false,27,24,1:03,:58,left,APPROVED,27,24,true,6.24,40.16,true,true
2022,REG,11,2022112001,380,0325,BAL,58990,380.0,(8:24) (Shotgun) B.Mayfield sacked at CAR 39 for -9 yards (sack split by J.Houston and P.Queen).,2,play_type_sack,1,3,5,0750,08:24,CAR 48,48,CAR,62,2022-11-20T18:16:37.000Z,false,false,false,false,false,false,0,0,8:24,8:18,left,APPROVED,0,0,false,5.63,57.32,true,true
2022,REG,11,2022112001,1080,0750,CAR,58990,1080.0,(9:26) (Shotgun) L.Jackson pass short middle intended for M.Andrews INTERCEPTED by B.Roy at CAR 32. B.Roy to CAR 35 for 3 yards (R.Stanley).,2,play_type_pass,2,1,10,0325,09:26,CAR 29,29,CAR,39,2022-11-20T18:54:24.000Z,false,false,false,false,false,true,0,0,9:27,9:20,left,APPROVED,0,0,true,10.0,29.46,true,true
2022,REG,11,2022112001,2107,0750,CAR,58990,2107.0,(10:37) (Shotgun) B.Mayfield pass deep right to T.Marshall to BLT 29 for 24 yards (M.Peters) [K.Hamilton].,2,play_type_pass,3,3,9,0750,10:37,CAR 47,47,CAR,63,2022-11-20T19:46:31.000Z,false,false,false,false,false,false,3,0,10:37,10:32,left,APPROVED,3,0,true,10.22,54.4,true,true
2022,REG,11,2022112001,3328,0325,BAL,58990,3328.0,(8:14) (Shotgun) K.Drake left end to CAR 2 for 29 yards (X.Woods).,2,play_type_rush,4,1,10,0325,08:14,CAR 31,31,CAR,41,2022-11-20T20:44:47.000Z,false,false,false,false,false,false,6,3,8:14,8:08,left,APPROVED,6,3,true,10.0,31.29,true,true
2022,REG,11,2022112001,3515,0325,BAL,58990,3515.0,(5:31) (Shotgun) B.Mayfield sacked at CAR 35 for -8 yards (J.Pierre-Paul).,2,play_type_sack,4,4,7,0750,05:31,CAR 43,43,CAR,53,2022-11-20T20:52:39.000Z,false,false,false,false,false,true,13,3,5:32,5:28,right,APPROVED,13,3,true,7.75,60.01,true,true
2022,REG,11,2022112001,3616,0750,CAR,58990,3616.0,(4:43) (Shotgun) L.Jackson sacked at CAR 40 for -8 yards (Y.Gross-Matos).,2,play_type_sack,4,3,7,0325,04:43,CAR 32,32,CAR,42,2022-11-20T20:57:13.000Z,false,false,false,false,false,false,13,3,4:43,4:40,left,APPROVED,13,3,false,7.6,35.22,true,true
2022,REG,11,2022112001,3776,0325,BAL,58990,3776.0,"(3:35) (No Huddle, Shotgun) B.Mayfield pass short right intended for S.Smith INTERCEPTED by M.Humphrey at CAR 41. M.Humphrey to CAR 41 for no gain (S.Smith).",2,play_type_pass,4,1,10,0750,03:35,CAR 41,41,CAR,51,2022-11-20T21:01:34.000Z,false,false,false,false,false,true,13,3,3:36,3:31,right,APPROVED,13,3,true,10.0,60.91,true,true
2022,REG,11,2022112001,4111,0325,BAL,58990,4111.0,(:49) (Shotgun) B.Mayfield pass short middle intended for R.Blackshear INTERCEPTED by J.Pierre-Paul (B.Washington) at BLT 41. J.Pierre-Paul to BLT 44 for 3 yards (T.Moton).,2,play_type_pass,4,3,6,0750,00:49,BAL 31,31,BAL,79,2022-11-20T21:12:53.000Z,false,false,false,false,false,true,13,3,:49,:44,right,APPROVED,13,3,true,5.59,84.32,true,true
2022,REG,11,2022112002,130,1050,CLE,58991,130.0,(12:53) (Shotgun) J.Brissett scrambles up the middle to BUF 37 for 22 yards (D.Hamlin; J.Poyer).,2,play_type_rush,1,3,11,1050,12:53,CLE 41,41,CLE,69,2022-11-20T18:05:16.000Z,false,false,false,false,false,false,0,0,12:54,12:45,left,APPROVED,0,0,true,11.31,58.21,true,true
2022,REG,11,2022112002,241,1050,CLE,58991,241.0,"(9:08) (Shotgun) J.Brissett pass deep right to A.Cooper for 25 yards, TOUCHDOWN.",2,play_type_pass,1,2,13,1050,09:08,BUF 25,25,BUF,35,2022-11-20T18:09:00.000Z,false,false,true,false,false,false,0,6,9:09,9:03,left,APPROVED,0,0,true,13.43,22.1,true,true
2022,REG,11,2022112002,1519,1050,CLE,58991,1519.0,(3:32) (Shotgun) J.Brissett pass deep left to A.Cooper pushed ob at BUF 45 for 24 yards (D.Jackson).,2,play_type_pass,2,3,4,1050,03:32,CLE 31,31,CLE,41,2022-11-20T19:09:19.000Z,false,false,false,false,false,false,6,10,3:33,,right,APPROVED,6,10,true,4.62,44.78,true,true
2022,REG,11,2022112002,1930,0610,BUF,58991,1930.0,"(:18) (Shotgun) J.Allen pass short left to S.Diggs for 5 yards, TOUCHDOWN.",2,play_type_pass,2,2,5,0610,00:18,CLE 5,5,CLE,15,2022-11-20T19:25:55.000Z,false,false,true,true,false,false,12,10,:18,:14,left,APPROVED,6,10,true,5.44,10.0,true,true
2022,REG,11,2022112002,2671,0610,BUF,58991,2671.0,"(4:11) D.Singletary up the middle for 5 yards, TOUCHDOWN.",2,play_type_rush,3,1,5,0610,04:11,CLE 5,5,CLE,105,2022-11-20T20:07:24.000Z,false,false,true,true,false,false,22,10,4:12,4:09,right,APPROVED,16,10,true,5.459999999999994,110.0,true,true
2022,REG,11,2022112002,3162,0610,BUF,58991,3162.0,(12:40) (Shotgun) J.Brissett sacked at CLV 18 for -8 yards (M.Milano).,2,play_type_sack,4,3,9,1050,12:40,CLE 26,26,CLE,36,2022-11-20T20:34:03.000Z,false,false,false,false,false,false,25,10,12:40,12:37,right,APPROVED,25,10,false,9.52,44.77,true,true
2022,REG,11,2022112002,3654,1050,CLE,58991,3654.0,"(4:16) (No Huddle, Shotgun) J.Brissett pass short left to A.Cooper for 7 yards, TOUCHDOWN.",2,play_type_pass,4,1,7,1050,04:16,BUF 7,7,BUF,103,2022-11-20T20:52:29.000Z,false,false,true,true,false,false,28,16,4:16,4:14,right,APPROVED,28,10,true,7.340000000000003,110.0,true,true
2022,REG,11,2022112002,4184,1050,CLE,58991,4184.0,"(:25) (Shotgun) J.Brissett pass short right to D.Peoples-Jones for 2 yards, TOUCHDOWN.",2,play_type_pass,4,2,2,1050,00:25,BUF 2,2,BUF,108,2022-11-20T21:13:19.000Z,false,false,true,true,false,false,31,22,:25,:20,right,APPROVED,31,16,true,2.9,110.0,true,true
2022,REG,11,2022112003,178,5110,WAS,58992,178.0,"(13:24) (No Huddle, Shotgun) D.Mills pass short right intended for B.Cooks INTERCEPTED by K.Fuller at HST 37. K.Fuller for 37 yards, TOUCHDOWN.",2,play_type_pass,1,2,10,2120,13:24,HOU 32,32,HOU,78,2022-11-20T18:06:44.000Z,false,false,true,false,false,true,0,6,13:25,13:17,left,APPROVED,0,0,true,10.4,68.3,true,true
2022,REG,11,2022112003,826,5110,WAS,58992,826.0,(2:37) (Shotgun) D.Mills sacked at HST 24 for -9 yards (J.Allen).,2,play_type_sack,1,3,8,2120,02:37,HOU 33,33,HOU,77,2022-11-20T18:38:16.000Z,false,false,false,false,false,false,0,7,2:37,2:33,left,APPROVED,0,7,false,8.3,69.03,true,true
2022,REG,11,2022112003,1112,5110,WAS,58992,1112.0,"(11:49) C.Samuel left end for 10 yards, TOUCHDOWN.",2,play_type_rush,2,2,10,5110,11:49,HOU 10,10,HOU,20,2022-11-20T18:49:25.000Z,false,false,true,true,false,false,0,13,11:49,11:45,left,APPROVED,0,7,true,10.47,10.0,true,true
2022,REG,11,2022112003,2017,2120,HOU,58992,2017.0,(14:02) (Shotgun) D.Mills pass short left to B.Cooks to WAS 22 for 41 yards (D.Forrest).,2,play_type_pass,3,1,10,2120,14:02,HOU 37,37,HOU,47,2022-11-20T19:43:05.000Z,false,false,false,false,false,false,0,20,14:02,13:53,right,APPROVED,0,20,true,10.0,56.51,true,true
2022,REG,11,2022112003,2564,5110,WAS,58992,2564.0,(4:27) (Shotgun) D.Mills sacked at HST 9 for -12 yards (J.Allen).,2,play_type_sack,3,3,10,2120,04:27,HOU 21,21,HOU,31,2022-11-20T20:05:23.000Z,false,false,false,false,false,false,3,20,4:27,4:22,right,APPROVED,3,20,false,10.6,40.28,true,true
2022,REG,11,2022112003,2981,5110,WAS,58992,2981.0,(10:13) (Shotgun) D.Mills pass deep left intended for B.Cooks INTERCEPTED by D.Forrest (B.St-Juste) [J.Davis] at WAS 3. D.Forrest ran ob at WAS 3 for no gain. WAS-B.St-Juste was injured during the play. His return is Questionable.,2,play_type_pass,4,2,10,2120,10:13,WAS 48,48,WAS,58,2022-11-20T20:26:33.000Z,false,false,false,false,false,true,3,23,10:13,10:06,left,APPROVED,3,23,true,10.46,48.05,true,true
2022,REG,11,2022112003,3382,2120,HOU,58992,3382.0,"(3:25) (Shotgun) D.Mills scrambles left guard for 4 yards, TOUCHDOWN.",2,play_type_rush,4,2,4,2120,03:25,WAS 4,4,WAS,14,2022-11-20T20:44:06.000Z,false,false,true,true,false,false,9,23,3:25,3:20,left,APPROVED,3,23,true,5.12,10.0,true,true
2022,REG,11,2022112004,101,2200,IND,58993,101.0,(13:44) (Shotgun) M.Ryan pass short middle to M.Pittman ran ob at PHI 47 for 24 yards (C.Gardner-Johnson).,2,play_type_pass,1,3,6,2200,13:44,IND 29,29,IND,81,2022-11-20T18:04:26.000Z,false,false,false,false,false,false,0,0,,13:39,left,APPROVED,0,0,true,6.67,75.31,true,true
2022,REG,11,2022112004,811,2200,IND,58993,811.0,(:55) (Shotgun) J.Hurts sacked at IND 41 for -6 yards (sack split by Z.Franklin and Y.Ngakoue).,2,play_type_sack,1,3,11,3700,00:55,IND 35,35,IND,75,2022-11-20T18:32:11.000Z,false,false,false,false,false,false,7,0,:55,:50,right,APPROVED,7,0,false,11.44,85.0,true,true
2022,REG,11,2022112004,1897,2200,IND,58993,1897.0,"(15:00) (Shotgun) J.Hurts sacked at PHI 16 for -9 yards (Y.Ngakoue). FUMBLES (Y.Ngakoue), RECOVERED by IND-G.Stewart at PHI 22.",2,play_type_sack,3,1,10,3700,15:00,PHI 25,25,PHI,35,2022-11-20T19:31:25.000Z,false,false,false,false,false,true,10,3,15:00,14:53,right,APPROVED,10,3,false,10.0,44.24,true,true
2022,REG,11,2022112004,2133,3700,PHI,58993,2133.0,"(12:40) (No Huddle, Shotgun) J.Hurts pass short left to D.Smith to 50 for 24 yards (I.Rodgers). IND-I.Rodgers was injured during the play.",2,play_type_pass,3,2,9,3700,12:40,PHI 26,26,PHI,36,2022-11-20T19:41:20.000Z,false,false,false,false,false,false,13,3,12:40,12:33,right,APPROVED,13,3,true,9.7,44.84,true,true
2022,REG,11,2022112004,2344,2200,IND,58993,2344.0,"(9:05) (Shotgun) J.Hurts sacked at IND 47 for -8 yards (I.Odenigbo). FUMBLES (I.Odenigbo) [I.Odenigbo], ball out of bounds at IND 45.",2,play_type_sack,3,4,10,3700,09:05,IND 39,39,IND,71,2022-11-20T19:47:18.000Z,false,false,false,false,false,true,13,3,9:06,8:57,right,APPROVED,13,3,true,10.28,80.02,true,true
2022,REG,11,2022112004,2918,3700,PHI,58993,2918.0,"(13:37) (Shotgun) J.Hurts pass deep left to Q.Watkins for 22 yards, TOUCHDOWN.",2,play_type_pass,4,2,10,3700,13:37,IND 22,22,IND,32,2022-11-20T20:15:36.000Z,false,false,true,false,false,false,13,9,13:37,13:33,left,APPROVED,13,3,true,10.5,22.8,true,true
2022,REG,11,2022112004,3333,2200,IND,58993,3333.0,(6:12) (Shotgun) M.Ryan pass deep right to P.Campbell pushed ob at PHI 5 for 31 yards (C.Gardner-Johnson).,2,play_type_pass,4,3,3,2200,06:12,PHI 36,36,PHI,74,2022-11-20T20:30:41.000Z,false,false,false,false,false,false,13,10,6:12,6:05,right,APPROVED,13,10,true,4.21,76.65,true,true
2022,REG,11,2022112004,3738,3700,PHI,58993,3738.0,"(1:24) (Shotgun) J.Hurts up the middle for 7 yards, TOUCHDOWN.",2,play_type_rush,4,3,7,3700,01:24,IND 7,7,IND,17,2022-11-20T20:50:02.000Z,false,false,true,true,false,false,16,16,1:24,1:21,left,APPROVED,16,10,true,8.08,10.0,true,true
2022,REG,11,2022112004,3944,2200,IND,58993,3944.0,(:39) (Shotgun) M.Ryan pass short right to D.Jackson pushed ob at IND 33 for 5 yards (K.White).,2,play_type_pass,4,4,21,2200,00:39,IND 28,28,IND,38,2022-11-20T20:56:56.000Z,false,false,false,false,false,true,16,17,:39,:33,right,APPROVED,16,17,true,21.34,58.34,true,true
2022,REG,11,2022112005,1194,3430,NYJ,58994,1194.0,(12:53) (Shotgun) Z.Wilson pass deep left to D.Mims to NE 25 for 34 yards (A.Phillips).,2,play_type_pass,2,3,7,3430,12:53,NYJ 41,41,NYJ,69,2022-11-20T19:02:07.000Z,false,false,false,false,false,false,3,0,12:53,12:48,left,APPROVED,3,0,true,7.27,61.86,true,true
2022,REG,11,2022112005,1426,3200,NE,58994,1426.0,(8:04) M.Jones pass short right to J.Smith to NYJ 27 for 26 yards (K.Alexander).,2,play_type_pass,2,1,10,3200,08:04,NE 47,47,NE,57,2022-11-20T19:12:02.000Z,false,false,false,false,false,false,3,3,8:05,7:59,right,APPROVED,3,3,true,10.0,66.72,true,true
2022,REG,11,2022112005,2043,3200,NE,58994,2043.0,(14:03) (Shotgun) Z.Wilson sacked at NYJ 28 for -9 yards (sack split by M.Judon and M.Wilson).,2,play_type_sack,3,3,7,3430,14:03,NYJ 37,37,NYJ,73,2022-11-20T19:52:02.000Z,false,false,false,false,false,false,3,3,14:04,13:58,left,APPROVED,3,3,false,7.89,65.84,true,true
2022,REG,11,2022112005,2115,3200,NE,58994,2115.0,(12:34) D.Harris right tackle to NYJ 37 for 30 yards (L.Joyner).,2,play_type_rush,3,2,5,3200,12:34,NE 33,33,NE,43,2022-11-20T19:56:25.000Z,false,false,false,false,false,false,3,3,12:35,12:27,right,APPROVED,3,3,true,5.06,47.62,true,true
2022,REG,11,2022112005,2488,3430,NYJ,58994,2488.0,(5:02) (Shotgun) M.Jones sacked at NE 49 for -6 yards (B.Huff).,2,play_type_sack,3,3,10,3200,05:02,NYJ 45,45,NYJ,65,2022-11-20T20:11:24.000Z,false,false,false,false,false,false,3,3,5:03,4:59,right,APPROVED,3,3,false,10.5,74.52,true,true
2022,REG,11,2022112005,2887,3200,NE,58994,2887.0,"(14:16) B.Mann punts 47 yards to NE 28, Center-T.Hennessy. M.Bryant ran ob at NE 28 for no gain.",2,play_type_punt,4,4,21,3430,14:16,NYJ 25,25,NYJ,35,2022-11-20T20:29:36.000Z,true,false,false,false,false,true,3,3,14:16,14:10,right,APPROVED,3,3,false,22.22,56.48,true,true
2022,REG,11,2022112005,3682,3200,NE,58994,3682.0,"(:26) B.Mann punts 52 yards to NE 16, Center-T.Hennessy. Ma.Jones for 84 yards, TOUCHDOWN.",2,play_type_punt,4,4,3,3430,00:26,NYJ 32,32,NYJ,42,2022-11-20T21:05:03.000Z,true,false,true,false,false,true,9,3,:26,:08,right,APPROVED,3,3,true,3.59,44.89,true,true
2022,REG,11,2022112006,650,2510,LA,58995,650.0,"(4:08) M.Stafford pass deep left to T.Atwell for 62 yards, TOUCHDOWN. Pass 46, YAC 16",2,play_type_pass,1,1,10,2510,04:08,LA 38,38,LA,48,2022-11-20T18:26:31.000Z,false,false,true,false,false,false,3,6,4:08,4:01,right,APPROVED,3,0,true,10.0,57.56,true,true
2022,REG,11,2022112006,1111,3300,NO,58995,1111.0,"(12:16) (Shotgun) A.Dalton pass short right to J.Johnson for 8 yards, TOUCHDOWN. Pass 8, YAC 0",2,play_type_pass,2,3,7,3300,12:16,LA 8,8,LA,102,2022-11-20T18:47:19.000Z,false,false,true,false,false,false,9,7,12:18,12:14,right,APPROVED,3,7,true,7.27,108.99,true,true
2022,REG,11,2022112006,1866,2510,LA,58995,1866.0,"(:22) (Shotgun) M.Stafford pass short right to Al.Robinson for 6 yards, TOUCHDOWN. Pass 6, YAC 0",2,play_type_pass,2,1,6,2510,00:22,NO 6,6,NO,16,2022-11-20T19:20:47.000Z,false,false,true,true,false,false,10,13,:22,:21,left,APPROVED,10,7,true,6.829999999999998,10.0,true,true
2022,REG,11,2022112006,2212,3300,NO,58995,2212.0,"(10:27) (Shotgun) A.Dalton pass short middle to J.Landry for 7 yards, TOUCHDOWN. Pass 7, YAC 0",2,play_type_pass,3,1,7,3300,10:27,LA 7,7,LA,103,2022-11-20T19:43:30.000Z,false,false,true,true,false,false,16,14,,10:26,right,APPROVED,10,14,true,7.819999999999993,110.0,true,true
2022,REG,11,2022112006,2319,3300,NO,58995,2319.0,(9:38) (Shotgun) M.Stafford sacked at LA 18 for -9 yards (sack split by D.Davis and T.Kpassagnon).,2,play_type_sack,3,3,8,2510,09:38,LA 27,27,LA,83,2022-11-20T19:49:23.000Z,false,false,false,false,false,false,17,14,9:38,9:35,left,APPROVED,17,14,false,8.16,75.1,true,true
2022,REG,11,2022112006,2482,3300,NO,58995,2482.0,"(5:55) (Shotgun) A.Dalton pass deep middle to C.Olave for 53 yards, TOUCHDOWN [A.Donald]. Pass 40, YAC 13",2,play_type_pass,3,3,10,3300,05:55,NO 47,47,NO,57,2022-11-20T19:56:56.000Z,false,false,true,false,false,false,23,14,5:55,5:48,right,APPROVED,17,14,true,9.86,66.67,true,true
2022,REG,11,2022112006,3103,2510,LA,58995,3103.0,(10:27) (Shotgun) A.Dalton sacked at LA 14 for -11 yards (L.Floyd).,2,play_type_sack,4,2,3,3300,10:27,LA 3,3,LA,13,2022-11-20T20:21:02.000Z,false,false,false,true,false,false,24,17,10:27,10:23,left,APPROVED,24,17,false,3.68,10.0,true,true
2022,REG,11,2022112007,113,1540,DET,58996,113.0,"(13:42) (No Huddle, Shotgun) D.Jones sacked at NYG 19 for -8 yards (A.McNeill).",2,play_type_sack,1,3,6,3410,13:42,NYG 27,27,NYG,83,2022-11-20T18:04:42.000Z,false,false,false,false,false,false,0,0,13:42,13:38,left,APPROVED,0,0,false,7.29,76.91,true,true
2022,REG,11,2022112007,711,3410,NYG,58996,711.0,"(2:46) (No Huddle, Shotgun) D.Jones right end for 3 yards, TOUCHDOWN.",2,play_type_rush,1,2,3,3410,02:46,DET 3,3,DET,13,2022-11-20T18:23:21.000Z,false,false,true,true,false,false,6,3,2:47,2:43,left,APPROVED,0,3,true,3.31,10.0,true,true
2022,REG,11,2022112007,1413,1540,DET,58996,1413.0,(6:19) (No Huddle) D.Jones pass short middle intended for D.Slayton INTERCEPTED by A.Hutchinson at NYG 38. A.Hutchinson pushed ob at NYG 18 for 20 yards (A.Thomas).,2,play_type_pass,2,2,6,3410,06:19,NYG 31,31,NYG,41,2022-11-20T18:55:45.000Z,false,false,false,false,false,true,6,3,6:20,6:11,right,APPROVED,6,3,true,6.49,46.71,true,true
2022,REG,11,2022112007,1525,1540,DET,58996,1525.0,"(4:44) Ja.Williams left tackle for 4 yards, TOUCHDOWN.",2,play_type_rush,2,2,4,1540,04:44,NYG 4,4,NYG,14,2022-11-20T18:59:17.000Z,false,false,true,true,false,false,6,9,4:45,4:42,left,APPROVED,6,3,true,4.6,10.0,true,true
2022,REG,11,2022112007,2617,3410,NYG,58996,2617.0,"(9:18) (No Huddle, Shotgun) D.Jones pass short right to D.Slayton to DET 45 for 24 yards (M.Hughes, A.Anzalone).",2,play_type_pass,3,3,4,3410,09:18,NYG 31,31,NYG,79,2022-11-20T19:59:02.000Z,false,false,false,false,false,false,6,24,9:19,9:12,left,APPROVED,6,24,true,4.05,75.34,true,true
2022,REG,11,2022112007,2705,1540,DET,58996,2705.0,(7:36) (Shotgun) D.Jones pass deep right intended for L.Cager INTERCEPTED by K.Joseph at DET 21. K.Joseph to NYG 41 for 38 yards (R.James).,2,play_type_pass,3,4,5,3410,07:36,DET 40,40,DET,50,2022-11-20T20:01:10.000Z,false,false,false,false,false,true,6,24,7:36,7:25,left,APPROVED,6,24,true,5.72,44.89,true,true
2022,REG,11,2022112007,3335,3410,NYG,58996,3335.0,"(13:25) (No Huddle, Shotgun) M.Breida right guard for 3 yards, TOUCHDOWN.",2,play_type_rush,4,1,3,3410,13:25,DET 3,3,DET,107,2022-11-20T20:28:26.000Z,false,false,true,true,false,false,12,24,13:26,13:23,right,APPROVED,6,24,true,3.8700000000000045,110.0,true,true
2022,REG,11,2022112007,3753,1540,DET,58996,3753.0,(7:08) J.Jackson left end pushed ob at NYG 2 for 27 yards (R.Williams).,2,play_type_rush,4,2,6,1540,07:08,NYG 29,29,NYG,39,2022-11-20T20:46:58.000Z,false,false,false,false,false,false,12,24,7:09,7:02,left,APPROVED,12,24,true,6.39,33.3,true,true
2022,REG,11,2022112007,3804,1540,DET,58996,3804.0,"(6:13) (Shotgun) D.Swift up the middle for 4 yards, TOUCHDOWN.",2,play_type_rush,4,2,4,1540,06:13,NYG 4,4,NYG,14,2022-11-20T20:50:28.000Z,false,false,true,true,false,false,12,30,6:13,6:12,left,APPROVED,12,24,true,4.98,10.0,true,true
2022,REG,11,2022112007,4023,3410,NYG,58996,4023.0,"(4:26) (No Huddle, Shotgun) D.Jones pass short middle to R.James for 9 yards, TOUCHDOWN [A.Bryant].",2,play_type_pass,4,1,9,3410,04:26,DET 9,9,DET,101,2022-11-20T20:57:15.000Z,false,false,true,true,false,false,18,31,4:26,4:21,right,APPROVED,12,31,true,9.760000000000005,110.0,true,true
2022,REG,11,2022112007,4048,3410,NYG,58996,4048.0,TWO-POINT CONVERSION ATTEMPT. D.Jones pass to L.Cager is incomplete. ATTEMPT FAILS.,26,play_type_two_point_conversion,4,0,0,3410,04:20,DET 2,2,DET,108,2022-11-20T20:58:08.000Z,false,false,false,false,false,false,18,31,4:20,4:20,right,APPROVED,18,31,false,,,true,true
2022,REG,11,2022112008,108,2520,LV,58997,108.0,(13:32) (Shotgun) D.Carr pass short middle to D.Adams to 50 for 21 yards (D.Mathis).,2,play_type_pass,1,3,7,2520,13:32,LV 29,29,LV,81,2022-11-20T21:07:42.000Z,false,false,false,false,false,false,0,0,13:32,13:25,left,APPROVED,0,0,true,7.48,73.89,true,true
2022,REG,11,2022112008,481,1400,DEN,58997,481.0,"(6:41) (Shotgun) R.Wilson pass short right to K.Hinton for 33 yards, TOUCHDOWN [J.Brown]. The Replay Official reviewed the score ruling, and the play was REVERSED. (Shotgun) R.Wilson pass short right to K.Hinton pushed ob at LV 1 for 32 yards (D.Harmon) [J.Brown].",2,play_type_pass,1,2,8,1400,06:41,LV 33,33,LV,77,2022-11-20T21:23:22.000Z,false,false,false,false,false,false,0,0,6:42,6:34,right,APPROVED,0,0,true,8.38,84.71,true,true
2022,REG,11,2022112008,1273,2520,LV,58997,1273.0,(9:07) D.Carr pass deep left to D.Adams to LV 39 for 23 yards (A.Singleton).,2,play_type_pass,2,2,19,2520,09:07,LV 16,16,LV,26,2022-11-20T21:56:33.000Z,false,false,false,false,false,false,10,0,9:07,9:01,right,APPROVED,10,0,true,19.15,44.96,true,true
2022,REG,11,2022112008,2623,1400,DEN,58997,2623.0,(3:26) (Shotgun) R.Wilson pass deep left to C.Sutton ran ob at LV 41 for 23 yards [D.Perryman].,2,play_type_pass,3,3,2,1400,03:26,DEN 36,36,DEN,74,2022-11-20T23:10:59.000Z,false,false,false,false,false,false,10,10,3:27,3:22,left,APPROVED,10,10,true,2.68,72.22,true,true
2022,REG,11,2022112008,2754,2520,LV,58997,2754.0,(:29) (Shotgun) R.Wilson sacked at LV 34 for -8 yards (M.Crosby).,2,play_type_sack,3,3,6,1400,00:29,LV 26,26,LV,36,2022-11-20T23:14:03.000Z,false,false,false,false,false,false,10,10,:29,:25,left,APPROVED,10,10,false,6.26,30.13,true,true
2022,REG,11,2022112008,2964,2520,LV,58997,2964.0,(12:49) (Shotgun) R.Wilson sacked at DEN 18 for -11 yards (T.Hall).,2,play_type_sack,4,3,5,1400,12:49,DEN 29,29,DEN,39,2022-11-20T23:29:14.000Z,false,false,false,false,false,false,13,10,12:49,12:44,right,APPROVED,13,10,false,6.05,43.63,true,true
2022,REG,11,2022112008,3834,2520,LV,58997,3834.0,"(:57) (No Huddle, Shotgun) D.Carr pass deep left to J.Jacobs to DEN 7 for 43 yards (J.Simmons; J.Jewell).",2,play_type_pass,4,1,10,2520,00:57,50,50,,60,2022-11-21T00:02:14.000Z,false,false,false,false,false,false,16,13,:58,:50,left,APPROVED,16,13,true,10.0,50.0,true,true
2022,REG,11,2022112008,4111,2520,LV,58997,4111.0,(9:13) D.Carr pass short middle to F.Moreau to DEN 35 for 33 yards (J.Simmons).,2,play_type_pass,5,2,11,2520,09:13,LV 32,32,LV,42,2022-11-21T00:15:38.000Z,false,false,false,false,false,false,16,16,9:14,9:07,right,APPROVED,16,16,true,11.11,52.72,true,true
2022,REG,11,2022112008,4135,2520,LV,58997,4135.0,"(8:31) D.Carr pass deep right to D.Adams for 35 yards, TOUCHDOWN.",2,play_type_pass,5,1,10,2520,08:31,DEN 35,35,DEN,75,2022-11-21T00:16:19.000Z,false,false,true,false,false,false,16,22,8:32,8:25,right,APPROVED,16,16,true,10.0,84.94,true,true
2022,REG,11,2022112009,123,2310,KC,58998,123.0,(13:49) (Shotgun) I.Pacheco left guard pushed ob at LAC 33 for 28 yards (D.James; N.Adderley).,2,play_type_rush,1,2,10,2310,13:49,KC 39,39,KC,71,2022-11-21T01:24:47.000Z,false,false,false,false,false,false,0,0,13:49,13:42,left,APPROVED,0,0,true,10.45,61.0,true,true
2022,REG,11,2022112009,366,4400,LAC,58998,366.0,"(9:42) (Shotgun) J.Herbert pass deep left to J.Palmer for 50 yards, TOUCHDOWN.",2,play_type_pass,1,2,2,4400,09:42,50,50,,60,2022-11-21T01:34:31.000Z,false,false,true,false,false,false,6,3,9:43,9:36,right,APPROVED,0,3,true,2.68,61.74,true,true
2022,REG,11,2022112009,939,2310,KC,58998,939.0,(1:22) (Shotgun) P.Mahomes pass short left to T.Kelce pushed ob at LAC 39 for 34 yards (B.Callahan).,2,play_type_pass,1,3,8,2310,01:22,KC 27,27,KC,83,2022-11-21T02:00:21.000Z,false,false,false,false,false,false,10,6,1:23,1:15,left,APPROVED,10,6,true,8.92,75.01,true,true
2022,REG,11,2022112009,1040,2310,KC,58998,1040.0,(15:00) P.Mahomes pass deep right to J.Fortson to LAC 4 for 40 yards (B.Callahan).,2,play_type_pass,2,2,15,2310,15:00,LAC 44,44,LAC,66,2022-11-21T02:05:27.000Z,false,false,false,false,false,false,10,6,15:00,14:53,right,APPROVED,10,6,true,15.72,81.08,true,true
2022,REG,11,2022112009,1064,2310,KC,58998,1064.0,"(14:18) (Shotgun) P.Mahomes pass short left to T.Kelce for 4 yards, TOUCHDOWN.",2,play_type_pass,2,1,4,2310,14:18,LAC 4,4,LAC,106,2022-11-21T02:06:56.000Z,false,false,true,true,false,false,10,12,14:18,14:14,right,APPROVED,10,6,true,4.680000000000007,110.0,true,true
2022,REG,11,2022112009,2699,2310,KC,58998,2699.0,(3:57) (Shotgun) P.Mahomes pass deep right to Ju.Watson to KC 32 for 25 yards (D.James).,2,play_type_pass,3,3,17,2310,03:57,KC 7,7,KC,17,2022-11-21T03:33:11.000Z,false,false,false,false,false,false,20,16,3:57,3:52,right,APPROVED,20,16,true,17.53,33.88,true,true
2022,REG,11,2022112009,2880,2310,KC,58998,2880.0,"(15:00) (Shotgun) P.Mahomes pass short right to T.Kelce for 32 yards, TOUCHDOWN.",2,play_type_pass,4,3,4,2310,15:00,LAC 32,32,LAC,42,2022-11-21T03:40:44.000Z,false,false,true,false,false,false,20,22,15:00,14:57,left,APPROVED,20,16,true,4.08,38.41,true,true
2022,REG,11,2022112009,3407,4400,LAC,58998,3407.0,(3:53) (Shotgun) J.Herbert pass deep right to K.Allen to KC 16 for 46 yards (J.Williams).,2,play_type_pass,4,3,18,4400,03:53,LAC 38,38,LAC,48,2022-11-21T04:00:59.000Z,false,false,false,false,false,false,20,23,3:55,3:47,right,APPROVED,20,23,true,18.6,65.77,true,true
2022,REG,11,2022112009,3511,4400,LAC,58998,3511.0,"(1:49) (Shotgun) J.Herbert pass short left to J.Palmer for 6 yards, TOUCHDOWN.",2,play_type_pass,4,2,6,4400,01:49,KC 6,6,KC,104,2022-11-21T04:07:01.000Z,false,false,true,true,false,false,26,23,1:50,1:46,right,APPROVED,20,23,true,7.03,110.0,true,true
2022,REG,11,2022112009,3731,2310,KC,58998,3731.0,"(:37) (Shotgun) P.Mahomes pass short left to T.Kelce for 17 yards, TOUCHDOWN.",2,play_type_pass,4,1,10,2310,00:37,LAC 17,17,LAC,27,2022-11-21T04:15:57.000Z,false,false,true,false,false,false,27,29,:37,:32,left,APPROVED,27,23,true,10.0,16.95,true,true
2022,REG,11,2022112010,98,1200,DAL,58999,98.0,"(13:52) (Shotgun) K.Cousins sacked at MIN 26 for -6 yards (M.Parsons). FUMBLES (M.Parsons) [M.Parsons], RECOVERED by DAL-D.Armstrong at MIN 27.",2,play_type_sack,1,3,3,3000,13:52,MIN 32,32,MIN,78,2022-11-20T21:27:20.000Z,false,false,false,false,false,true,0,0,13:54,13:46,left,APPROVED,0,0,false,3.9,74.93,true,true
2022,REG,11,2022112010,950,1200,DAL,58999,950.0,(14:20) (Shotgun) K.Cousins sacked at MIN 41 for -6 yards (D.Armstrong).,2,play_type_sack,2,3,3,3000,14:20,MIN 47,47,MIN,57,2022-11-20T22:03:43.000Z,false,false,false,false,false,false,3,10,14:21,14:16,right,APPROVED,3,10,false,4.36,60.01,true,true
2022,REG,11,2022112010,1630,1200,DAL,58999,1630.0,"(1:52) (Shotgun) D.Prescott pass short right to T.Pollard for 30 yards, TOUCHDOWN.",2,play_type_pass,2,2,7,1200,01:52,MIN 30,30,MIN,40,2022-11-20T22:34:55.000Z,false,false,true,false,false,false,3,19,1:52,1:44,left,APPROVED,3,13,true,7.57,33.07,true,true
2022,REG,11,2022112010,2272,1200,DAL,58999,2272.0,"(12:43) (No Huddle, Shotgun) D.Prescott pass deep right to T.Pollard for 68 yards, TOUCHDOWN.",2,play_type_pass,3,3,14,1200,12:43,DAL 32,32,DAL,42,2022-11-20T23:12:11.000Z,false,false,true,false,false,false,3,29,12:44,12:33,right,APPROVED,3,23,true,14.18,54.93,true,true
2022,REG,11,2022112011,758,0920,CIN,59000,758.0,(2:05) (Shotgun) J.Burrow pass short middle to J.Mixon to PIT 30 for 24 yards (T.Edmunds).,2,play_type_pass,1,2,9,0920,02:05,CIN 46,46,CIN,64,2022-11-20T21:55:26.000Z,false,false,false,false,false,false,3,3,2:07,2:01,left,APPROVED,3,3,true,9.14,55.03,true,true
2022,REG,11,2022112011,805,0920,CIN,59000,805.0,"(:48) (Shotgun) J.Burrow pass short right to S.Perine for 29 yards, TOUCHDOWN.",2,play_type_pass,1,2,9,0920,00:48,PIT 29,29,PIT,39,2022-11-20T21:56:43.000Z,false,false,true,false,false,false,3,9,:49,:41,left,APPROVED,3,3,true,9.38,29.87,true,true
2022,REG,11,2022112011,1047,3900,PIT,59000,1047.0,"(13:04) N.Harris left end for 19 yards, TOUCHDOWN.",2,play_type_rush,2,2,10,3900,13:04,CIN 19,19,CIN,29,2022-11-20T22:11:14.000Z,false,false,true,false,false,false,9,10,13:04,13:00,left,APPROVED,3,10,true,10.57,19.32,true,true
2022,REG,11,2022112011,1160,0920,CIN,59000,1160.0,(11:30) (Shotgun) J.Burrow pass short middle to T.Higgins to CIN 38 for 24 yards (T.Edmunds).,2,play_type_pass,2,3,4,0920,11:30,CIN 14,14,CIN,24,2022-11-20T22:17:30.000Z,false,false,false,false,false,false,10,10,11:31,11:25,right,APPROVED,10,10,true,4.34,27.75,true,true
2022,REG,11,2022112011,1325,0920,CIN,59000,1325.0,"(6:46) (Shotgun) J.Burrow pass short right to S.Perine for 11 yards, TOUCHDOWN.",2,play_type_pass,2,1,10,0920,06:46,PIT 11,11,PIT,99,2022-11-20T22:22:14.000Z,false,false,true,false,false,false,10,16,6:47,6:40,right,APPROVED,10,10,true,10.0,108.62,true,true
2022,REG,11,2022112011,1723,3900,PIT,59000,1723.0,"(1:52) (Shotgun) K.Pickett pass deep right to G.Pickens for 24 yards, TOUCHDOWN [S.Hubbard].",2,play_type_pass,2,3,9,3900,01:52,CIN 24,24,CIN,34,2022-11-20T22:39:56.000Z,false,false,true,false,false,false,16,17,1:52,1:48,left,APPROVED,10,17,true,9.54,24.87,true,true
2022,REG,11,2022112011,1791,0920,CIN,59000,1791.0,"M.Wright kicks 62 yards from PIT 35 to CIN 3. T.Williams to CIN 24 for 21 yards (Co.Heyward, M.Allen).",32,play_type_kickoff,2,0,0,3900,01:47,PIT 35,35,PIT,75,2022-11-20T22:44:33.000Z,true,false,false,false,false,true,17,17,1:47,1:44,left,APPROVED,17,17,false,,,true,true
2022,REG,11,2022112011,1935,3900,PIT,59000,1935.0,"(:35) (Shotgun) J.Burrow pass short right intended for Mi.Thomas INTERCEPTED by L.Wallace (R.Spillane) at PIT 41. L.Wallace to PIT 44 for 3 yards (H.Hurst). The Replay Official reviewed the interception ruling, and the play was Upheld. The ruling on the field stands.",2,play_type_pass,2,2,10,0920,00:35,PIT 47,47,PIT,63,2022-11-20T22:48:15.000Z,false,false,false,false,false,true,17,17,:35,:31,right,APPROVED,17,17,true,10.56,72.53,true,true
2022,REG,11,2022112011,2628,0920,CIN,59000,2628.0,(8:15) (Shotgun) J.Burrow pass deep right to T.Higgins to PIT 6 for 33 yards (L.Wallace).,2,play_type_pass,3,2,2,0920,08:15,PIT 39,39,PIT,49,2022-11-20T23:30:42.000Z,false,false,false,false,false,false,20,17,8:16,8:10,left,APPROVED,20,17,true,2.87,46.78,true,true
2022,REG,11,2022112011,2683,0920,CIN,59000,2683.0,"(7:07) (Shotgun) J.Burrow pass short right to T.Irwin for 1 yard, TOUCHDOWN.",2,play_type_pass,3,2,1,0920,07:07,PIT 1,1,PIT,11,2022-11-20T23:32:01.000Z,false,false,true,true,false,false,20,23,7:07,7:03,left,APPROVED,20,17,true,1.72,10.0,true,true
2022,REG,11,2022112011,2838,3900,PIT,59000,2838.0,(5:27) (Shotgun) J.Burrow pass short middle intended for T.Boyd INTERCEPTED by T.Watt at CIN 21. T.Watt to CIN 21 for no gain (L.Collins).,2,play_type_pass,3,1,10,0920,05:27,CIN 23,23,CIN,87,2022-11-20T23:39:40.000Z,false,false,false,false,false,true,20,24,5:27,5:25,left,APPROVED,20,24,true,10.0,77.18,true,true
2022,REG,11,2022112011,3137,3900,PIT,59000,3137.0,(1:20) (Shotgun) J.Burrow sacked at PIT 36 for -3 yards (C.Heyward).,2,play_type_sack,3,3,10,0920,01:20,PIT 33,33,PIT,43,2022-11-20T23:50:53.000Z,false,false,false,false,false,false,23,24,1:20,1:16,left,APPROVED,23,24,false,10.81,32.48,true,true
2022,REG,11,2022112011,3258,3900,PIT,59000,3258.0,(14:20) (Shotgun) K.Pickett pass deep right to G.Pickens to CIN 39 for 33 yards (E.Apple).,2,play_type_pass,4,3,4,3900,14:20,PIT 28,28,PIT,82,2022-11-20T23:57:51.000Z,false,false,false,false,false,false,23,27,14:21,14:15,left,APPROVED,23,27,true,4.25,78.24,true,true
2022,REG,11,2022112011,3678,0920,CIN,59000,3678.0,(8:49) (Shotgun) J.Burrow pass short right to T.Irwin to PIT 34 for 32 yards (L.Wallace).,2,play_type_pass,4,1,10,0920,08:49,CIN 34,34,CIN,44,2022-11-21T00:15:04.000Z,false,false,false,false,false,false,23,27,8:50,8:42,right,APPROVED,23,27,true,10.0,53.49,true,true
2022,REG,11,2022112011,3824,0920,CIN,59000,3824.0,"(4:35) (Shotgun) J.Burrow pass short right to S.Perine for 6 yards, TOUCHDOWN.",2,play_type_pass,4,2,6,0920,04:35,PIT 6,6,PIT,104,2022-11-21T00:19:23.000Z,false,false,true,true,false,false,23,33,4:36,4:31,right,APPROVED,23,27,true,7.27,110.0,true,true
2022,REG,11,2022112100,1014,4500,SF,59001,1014.0,"(13:40) (Shotgun) J.Garoppolo pass short middle to B.Aiyuk for 7 yards, TOUCHDOWN.",2,play_type_pass,2,3,5,4500,13:40,ARI 7,7,ARI,17,2022-11-22T01:56:53.000Z,false,false,true,false,false,false,3,6,13:41,13:36,left,APPROVED,3,0,true,5.5,12.16,true,true
2022,REG,11,2022112100,1254,4500,SF,59001,1254.0,"(9:42) (No Huddle, Shotgun) C.McCoy pass short middle intended for J.Conner INTERCEPTED by J.Ward at ARZ 46. J.Ward to ARZ 46 for no gain (J.Conner).",2,play_type_pass,2,2,11,3800,09:42,ARI 44,44,ARI,54,2022-11-22T02:06:03.000Z,false,false,false,false,false,true,3,7,9:43,9:38,right,APPROVED,3,7,true,11.54,65.04,true,true
2022,REG,11,2022112100,1334,4500,SF,59001,1334.0,"(8:51) (Shotgun) J.Garoppolo pass deep middle to G.Kittle for 39 yards, TOUCHDOWN.",2,play_type_pass,2,3,3,4500,08:51,ARI 39,39,ARI,49,2022-11-22T02:11:46.000Z,false,false,true,false,false,false,3,13,8:51,8:43,left,APPROVED,3,7,true,3.62,46.37,true,true
2022,REG,11,2022112100,1481,3800,ARI,59001,1481.0,"(6:50) (No Huddle, Shotgun) C.McCoy pass short left to G.Dortch to SF 13 for 47 yards (T.Hufanga). Penalty on SF-N.Bosa, Defensive Offside, declined.",2,play_type_pass,2,3,6,3800,06:50,ARI 40,40,ARI,50,2022-11-22T02:18:40.000Z,false,false,false,false,false,false,3,14,6:51,6:40,right,APPROVED,3,14,true,6.28,55.57,true,true
2022,REG,11,2022112100,2210,4500,SF,59001,2210.0,"(10:44) D.Samuel left end for 39 yards, TOUCHDOWN.",2,play_type_rush,3,1,10,4500,10:44,ARI 39,39,ARI,71,2022-11-22T03:06:35.000Z,false,false,true,false,false,false,10,23,10:45,10:35,right,APPROVED,10,17,true,10.0,80.68,true,true
2022,REG,11,2022112100,2825,4500,SF,59001,2825.0,"(:33) (Shotgun) J.Garoppolo pass short left to B.Aiyuk for 13 yards, TOUCHDOWN.",2,play_type_pass,3,2,10,4500,00:33,ARI 13,13,ARI,97,2022-11-22T03:35:30.000Z,false,false,true,false,false,false,10,30,:34,:30,right,APPROVED,10,24,true,10.26,106.76,true,true
2022,REG,11,2022112100,3014,4500,SF,59001,3014.0,"(14:05) (No Huddle, Shotgun) C.McCoy sacked at ARZ 37 for -9 yards (F.Warner). Penalty on ARZ-J.Jones, Offensive Holding, declined.",2,play_type_sack,4,2,8,3800,14:05,ARI 46,46,ARI,56,2022-11-22T03:44:14.000Z,false,false,false,false,false,false,10,31,14:07,14:02,right,APPROVED,10,31,false,8.24,63.82,true,true
2022,REG,11,2022112100,3177,4500,SF,59001,3177.0,"(10:17) J.Garoppolo pass short left to G.Kittle for 32 yards, TOUCHDOWN.",2,play_type_pass,4,2,7,4500,10:17,ARI 32,32,ARI,42,2022-11-22T03:51:38.000Z,false,false,true,false,false,false,10,37,10:17,10:09,left,APPROVED,10,31,true,8.02,35.18,true,true
2022,REG,11,2022112100,3685,4500,SF,59001,3685.0,(2:14) T.McSorley pass short right intended for A.Green INTERCEPTED by S.Womack at SF -1. Touchback.,2,play_type_pass,4,3,11,3800,02:14,SF 14,14,SF,96,2022-11-22T04:09:17.000Z,false,false,false,false,false,true,10,38,2:14,2:10,right,APPROVED,10,38,true,11.66,106.83,true,true
2022,REG,12,2022112400,850,0610,BUF,59002,850.0,"(2:04) (Shotgun) J.Allen pass deep left to I.McKenzie for 19 yards, TOUCHDOWN.",2,play_type_pass,1,3,6,0610,02:04,DET 19,19,DET,91,2022-11-24T18:03:33.000Z,false,false,true,false,false,false,7,6,2:05,2:01,right,APPROVED,7,0,true,6.9,96.74,true,true
2022,REG,12,2022112400,1327,0610,BUF,59002,1327.0,"(8:00) (Shotgun) J.Allen to DET 8 for -5 yards. FUMBLES, and recovers at DET 8. J.Allen for 8 yards, TOUCHDOWN.",2,play_type_rush,2,3,2,0610,08:00,DET 3,3,DET,13,2022-11-24T18:23:22.000Z,false,false,true,false,false,false,7,13,8:02,7:56,left,APPROVED,7,7,true,2.19,11.25,true,true
2022,REG,12,2022112400,1804,1540,DET,59002,1804.0,"(1:55) J.Goff pass short right to A.St. Brown for 1 yard, TOUCHDOWN.",2,play_type_pass,2,4,1,1540,01:55,BUF 1,1,BUF,109,2022-11-24T18:45:53.000Z,false,false,true,true,false,false,13,14,1:55,1:54,right,APPROVED,7,14,true,1.65,110.0,true,true
2022,REG,12,2022112400,2363,0610,BUF,59002,2363.0,(11:22) (Shotgun) J.Allen pass deep right to I.McKenzie to DET 32 for 30 yards (W.Harris). DET-J.Okwara was injured during the play. His return is Questionable.,2,play_type_pass,3,2,21,0610,11:22,BUF 38,38,BUF,72,2022-11-24T19:19:50.000Z,false,false,false,false,false,false,14,17,11:22,11:15,left,APPROVED,14,17,true,21.38,51.2,true,true
2022,REG,12,2022112400,2466,1540,DET,59002,2466.0,(10:02) (Shotgun) J.Allen pass short right intended for S.Diggs INTERCEPTED by A.Anzalone (M.Rodriguez) [I.Buggs] at DET 4. A.Anzalone to DET 8 for 4 yards (D.Singletary).,2,play_type_pass,3,1,10,0610,10:02,DET 10,10,DET,20,2022-11-24T19:26:34.000Z,false,false,false,true,false,true,14,17,10:02,9:58,left,APPROVED,14,17,true,10.5,10.0,true,true
2022,REG,12,2022112400,2538,0610,BUF,59002,2538.0,"(9:11) (Shotgun) J.Goff sacked in End Zone for -3 yards, SAFETY (E.Oliver).",2,play_type_sack,3,3,15,1540,09:11,DET 3,3,DET,13,2022-11-24T19:30:57.000Z,false,false,true,false,false,false,14,19,9:11,9:08,right,APPROVED,14,17,false,15.58,27.59,true,true
2022,REG,12,2022112400,2657,1540,DET,59002,2657.0,(7:39) (Shotgun) J.Allen sacked at BUF 45 for -8 yards (J.Houston).,2,play_type_sack,3,3,7,0610,07:39,DET 47,47,DET,57,2022-11-24T19:36:04.000Z,false,false,false,false,false,false,14,19,7:39,7:34,left,APPROVED,14,19,false,7.6,50.25,true,true
2022,REG,12,2022112400,2976,1540,DET,59002,2976.0,"(1:12) S.Martin punts 56 yards to DET 24, Center-R.Ferguson. K.Raymond to BUF 35 for 41 yards (R.Gilliam).",2,play_type_punt,3,4,10,0610,01:12,BUF 20,20,BUF,90,2022-11-24T19:50:15.000Z,true,false,false,false,false,true,14,19,1:12,:57,left,APPROVED,14,19,true,10.52,80.4,true,true
2022,REG,12,2022112400,3155,1540,DET,59002,3155.0,"(13:52) (Shotgun) J.Goff pass short middle to D.Chark for 1 yard, TOUCHDOWN.",2,play_type_pass,4,3,1,1540,13:52,BUF 1,1,BUF,11,2022-11-24T19:57:44.000Z,false,false,true,true,false,false,20,19,13:53,13:49,left,APPROVED,14,19,true,2.18,10.0,true,true
2022,REG,12,2022112400,3890,0610,BUF,59002,3890.0,"(2:44) (Shotgun) J.Allen pass short left to S.Diggs for 5 yards, TOUCHDOWN.",2,play_type_pass,4,2,5,0610,02:44,DET 5,5,DET,105,2022-11-24T20:26:34.000Z,false,false,true,true,false,false,22,25,2:45,2:42,right,APPROVED,22,19,true,5.56,110.0,true,true
2022,REG,12,2022112401,583,3410,NYG,59003,583.0,(7:15) (No Huddle) D.Prescott pass short left intended for M.Gallup INTERCEPTED by R.Williams [D.Lawrence] at NYG 30. R.Williams ran ob at NYG 31 for 1 yard.,2,play_type_pass,1,2,6,1200,07:15,NYG 43,43,NYG,53,2022-11-24T21:57:43.000Z,false,false,false,false,false,true,0,3,7:16,7:11,left,APPROVED,0,3,true,6.08,47.18,true,true
2022,REG,12,2022112401,902,1200,DAL,59003,902.0,(1:02) (Shotgun) E.Elliott right end pushed ob at NYG 31 for 22 yards (J.Pinnock).,2,play_type_rush,1,3,2,1200,01:02,DAL 47,47,DAL,63,2022-11-24T22:10:54.000Z,false,false,false,false,false,false,0,3,1:04,:58,left,APPROVED,0,3,true,3.24,60.84,true,true
2022,REG,12,2022112401,971,1200,DAL,59003,971.0,"(15:00) E.Elliott up the middle for 6 yards, TOUCHDOWN.",2,play_type_rush,2,1,6,1200,15:00,NYG 6,6,NYG,104,2022-11-24T22:15:12.000Z,false,false,true,true,false,false,6,3,15:00,14:57,right,APPROVED,0,3,true,6.849999999999994,110.0,true,true
2022,REG,12,2022112401,1185,3410,NYG,59003,1185.0,(10:38) (Shotgun) D.Jones pass deep right to D.Slayton to DAL 1 for 44 yards (A.Brown).,2,play_type_pass,2,2,4,3410,10:38,DAL 45,45,DAL,55,2022-11-24T22:22:54.000Z,false,false,false,false,false,false,7,3,10:39,10:33,left,APPROVED,7,3,true,4.38,50.97,true,true
2022,REG,12,2022112401,2530,1200,DAL,59003,2530.0,"(7:26) (Shotgun) D.Prescott pass short left to D.Schultz for 15 yards, TOUCHDOWN [J.Ward].",2,play_type_pass,3,3,15,1200,07:26,NYG 15,15,NYG,25,2022-11-24T23:43:27.000Z,false,false,true,true,false,false,13,13,7:27,7:22,left,APPROVED,7,13,true,15.55,10.0,true,true
2022,REG,12,2022112401,2913,1200,DAL,59003,2913.0,"(2:02) D.Prescott pass short right to D.Schultz for 6 yards, TOUCHDOWN.",2,play_type_pass,3,2,6,1200,02:02,NYG 6,6,NYG,16,2022-11-25T00:00:44.000Z,false,false,true,true,false,false,20,13,2:08,2:03,left,APPROVED,14,13,true,6.09,10.0,true,true
2022,REG,12,2022112401,3201,1200,DAL,59003,3201.0,(12:19) D.Prescott pass short right to J.Ferguson to NYG 24 for 30 yards (R.Williams).,2,play_type_pass,4,2,9,1200,12:19,DAL 46,46,DAL,56,2022-11-25T00:13:48.000Z,false,false,false,false,false,false,21,13,12:20,12:11,right,APPROVED,21,13,true,9.11,64.22,true,false
2022,REG,12,2022112401,3307,1200,DAL,59003,3307.0,(9:47) (Shotgun) D.Prescott pass short middle to C.Lamb to NYG 2 for 23 yards (J.Pinnock) [O.Ximines].,2,play_type_pass,4,3,11,1200,09:47,NYG 25,25,NYG,85,2022-11-25T00:17:14.000Z,false,false,false,false,false,false,21,13,9:48,9:41,right,APPROVED,21,13,true,11.31,95.31,true,true
2022,REG,12,2022112401,4059,3410,NYG,59003,4059.0,"(:12) (Shotgun) D.Jones pass short left to R.James for 1 yard, TOUCHDOWN.",2,play_type_pass,4,1,1,3410,00:12,DAL 1,1,DAL,11,2022-11-25T00:48:59.000Z,false,false,true,true,false,false,28,19,:12,:09,left,APPROVED,28,13,true,0.7699999999999996,10.0,true,true
2022,REG,12,2022112402,242,3000,MIN,59004,242.0,"(10:44) (No Huddle, Shotgun) K.Cousins pass short right to J.Jefferson for 6 yards, TOUCHDOWN.",2,play_type_pass,1,3,2,3000,10:44,NE 6,6,NE,104,2022-11-25T01:29:41.000Z,false,false,true,false,false,false,6,0,10:46,10:41,right,APPROVED,0,0,true,3.02,105.74,true,true
2022,REG,12,2022112402,404,3200,NE,59004,404.0,"(8:29) (Shotgun) M.Jones pass deep middle to N.Agholor for 34 yards, TOUCHDOWN.",2,play_type_pass,1,2,6,3200,08:29,MIN 34,34,MIN,44,2022-11-25T01:36:16.000Z,false,false,true,false,false,false,7,6,8:30,8:24,left,APPROVED,7,0,true,5.62,38.5,false,true
2022,REG,12,2022112402,726,3200,NE,59004,726.0,(3:43) (Shotgun) K.Cousins pass deep right intended for K.Osborn INTERCEPTED by Jo.Jones at NE 28. Jo.Jones pushed ob at MIN 17 for 55 yards (D.Cook).,2,play_type_pass,1,3,10,3000,03:43,NE 46,46,NE,64,2022-11-25T01:52:55.000Z,false,false,false,false,false,true,7,7,3:44,3:30,right,APPROVED,7,7,true,10.26,73.77,true,true
2022,REG,12,2022112402,1252,3200,NE,59004,1252.0,G.Joseph kicks 62 yards from MIN 35 to NE 3. Ma.Jones to NE 49 for 46 yards (T.Dye). MIN-K.Boyd was injured during the play.,32,play_type_kickoff,2,0,0,3000,08:29,MIN 35,35,MIN,75,2022-11-25T02:15:24.000Z,true,false,false,false,false,true,10,10,,8:22,left,APPROVED,10,10,true,,,true,true
2022,REG,12,2022112402,1467,3000,MIN,59004,1467.0,(5:08) (Shotgun) K.Cousins pass deep right to J.Jefferson to NE 35 for 37 yards (Jo.Jones).,2,play_type_pass,2,3,7,3000,05:08,MIN 28,28,MIN,82,2022-11-25T02:25:05.000Z,false,false,false,false,false,false,10,13,5:08,5:04,left,APPROVED,10,13,true,7.45,75.03,true,true
2022,REG,12,2022112402,1616,3000,MIN,59004,1616.0,"(1:35) K.Cousins pass short left to T.Hockenson for 1 yard, TOUCHDOWN.",2,play_type_pass,2,3,1,3000,01:35,NE 1,1,NE,11,2022-11-25T02:32:39.000Z,false,false,true,true,false,false,16,13,1:35,1:32,left,APPROVED,10,13,true,0.8,10.0,true,true
2022,REG,12,2022112402,2140,3200,NE,59004,2140.0,"(11:03) M.Jones pass short middle to H.Henry for 37 yards, TOUCHDOWN.",2,play_type_pass,3,2,10,3200,11:03,MIN 37,37,MIN,73,2022-11-25T03:04:30.000Z,false,false,true,false,false,false,16,22,11:03,10:56,right,APPROVED,16,16,true,10.27,82.7,true,true
2022,REG,12,2022112402,2181,3000,MIN,59004,2181.0,"N.Folk kicks 62 yards from NE 35 to MIN 3. K.Nwangwu for 97 yards, TOUCHDOWN.",32,play_type_kickoff,3,0,0,3200,10:54,NE 35,35,NE,45,2022-11-25T03:08:20.000Z,true,false,true,false,false,true,22,23,,10:42,right,APPROVED,16,23,true,,,true,true
2022,REG,12,2022112402,2340,3200,NE,59004,2340.0,(8:21) (Shotgun) M.Jones pass deep left to D.Parker to MIN 7 for 40 yards (D.Shelley).,2,play_type_pass,3,2,7,3200,08:21,MIN 47,47,MIN,63,2022-11-25T03:13:55.000Z,false,false,false,false,false,false,23,23,8:22,8:15,right,APPROVED,23,23,true,8.14,69.76,true,true
2022,REG,12,2022112402,2654,3000,MIN,59004,2654.0,(3:22) (Shotgun) K.Cousins pass short middle to J.Reagor to NE 26 for 25 yards (D.McCourty).,2,play_type_pass,3,3,7,3000,03:22,MIN 49,49,MIN,61,2022-11-25T03:28:11.000Z,false,false,false,false,false,false,23,26,3:22,3:17,left,APPROVED,23,26,true,7.23,54.22,true,true
2022,REG,12,2022112402,3206,3000,MIN,59004,3206.0,"(9:40) K.Cousins pass short left to A.Thielen for 15 yards, TOUCHDOWN.",2,play_type_pass,4,1,10,3000,09:40,NE 15,15,NE,95,2022-11-25T03:56:34.000Z,false,false,true,false,false,false,32,26,9:40,9:35,right,APPROVED,26,26,true,10.0,104.48,true,true
2022,REG,12,2022112402,3561,3200,NE,59004,3561.0,(3:48) (Shotgun) M.Jones pass short right to R.Stevenson pushed ob at MIN 33 for 40 yards (H.Smith).,2,play_type_pass,4,2,10,3200,03:48,NE 27,27,NE,83,2022-11-25T04:12:15.000Z,false,false,false,false,false,false,33,26,3:48,3:39,left,APPROVED,33,26,true,10.34,73.34,true,true
2022,REG,12,2022112402,3635,3000,MIN,59004,3635.0,(2:15) (Shotgun) M.Jones sacked at MIN 39 for -9 yards (D.Hunter).,2,play_type_sack,4,3,7,3200,02:15,MIN 30,30,MIN,40,2022-11-25T04:14:26.000Z,false,false,false,false,false,false,33,26,2:16,2:13,left,APPROVED,33,26,false,7.47,33.02,true,true
2022,REG,12,2022112700,598,0750,CAR,59005,598.0,(4:03) S.Darnold pass deep right to D.Moore pushed ob at DEN 32 for 26 yards (D.Mathis).,2,play_type_pass,1,2,8,0750,04:03,CAR 42,42,CAR,68,2022-11-27T18:26:46.000Z,false,false,false,false,false,false,0,0,4:04,3:55,left,APPROVED,0,0,true,8.41,60.22,true,true
2022,REG,12,2022112700,721,0750,CAR,59005,721.0,"(:36) S.Darnold pass short left to D.Moore for 5 yards, TOUCHDOWN.",2,play_type_pass,1,2,5,0750,00:36,DEN 5,5,DEN,15,2022-11-27T18:30:19.000Z,false,false,true,true,false,false,6,0,:37,:32,left,APPROVED,0,0,true,5.42,10.0,true,true
2022,REG,12,2022112700,862,0750,CAR,59005,862.0,(14:21) (Shotgun) R.Wilson sacked at DEN 33 for -11 yards (B.Burns).,2,play_type_sack,2,2,9,1400,14:21,DEN 44,44,DEN,66,2022-11-27T18:37:47.000Z,false,false,false,false,false,false,7,0,14:22,14:18,left,APPROVED,7,0,false,9.47,57.19,true,true
2022,REG,12,2022112700,902,0750,CAR,59005,902.0,"(12:56) C.Waitman punts 37 yards to CAR 25, Center-J.Bobenmoyer. R.Blackshear MUFFS catch, RECOVERED by DEN-D.Turner-Yell at CAR 27.",2,play_type_punt,2,4,15,1400,12:56,DEN 38,38,DEN,72,2022-11-27T18:39:13.000Z,true,false,false,false,false,false,7,0,12:56,12:49,left,APPROVED,7,0,false,15.07,57.19,true,true
2022,REG,12,2022112700,1300,1400,DEN,59005,1300.0,(4:42) L.Murray up the middle pushed ob at CAR 23 for 52 yards (S.Thompson).,2,play_type_rush,2,1,10,1400,04:42,DEN 25,25,DEN,85,2022-11-27T18:57:49.000Z,false,false,false,false,false,false,10,3,4:42,4:34,left,APPROVED,10,3,true,10.0,75.42,true,true
2022,REG,12,2022112700,1348,0750,CAR,59005,1348.0,"(4:02) (Shotgun) R.Wilson sacked at CAR 31 for -8 yards (B.Burns). FUMBLES (B.Burns), touched at CAR 21, RECOVERED by CAR-Y.Gross-Matos at CAR 21.",2,play_type_sack,2,2,10,1400,04:02,CAR 23,23,CAR,33,2022-11-27T18:59:10.000Z,false,false,false,false,false,true,10,3,4:02,3:57,left,APPROVED,10,3,false,10.46,23.11,true,true
2022,REG,12,2022112700,2746,0750,CAR,59005,2746.0,(15:00) C.Erving reported in as eligible.  S.Darnold pass deep right to D.Moore ran ob at DEN 9 for 52 yards.,2,play_type_pass,4,1,10,0750,15:00,CAR 39,39,CAR,49,2022-11-27T20:19:17.000Z,false,false,false,false,false,false,17,3,15:00,14:55,right,APPROVED,17,3,true,10.0,58.62,true,true
2022,REG,12,2022112700,3548,1400,DEN,59005,3548.0,"(3:24) (Shotgun) R.Wilson pass short left to B.Johnson for 1 yard, TOUCHDOWN.",2,play_type_pass,4,3,1,1400,03:24,CAR 1,1,CAR,11,2022-11-27T20:51:07.000Z,false,false,true,true,false,false,23,9,3:24,3:20,left,APPROVED,23,3,true,1.15,10.0,true,true
2022,REG,12,2022112700,3589,0750,CAR,59005,3589.0,"(Onside Kick formation) B.McManus kicks onside 9 yards from DEN 35 to DEN 44. S.Franklin to DEN 44 for no gain (J.Cooper; E.Saubert). FUMBLES (J.Cooper), RECOVERED by DEN-P.Locke at DEN 43.",32,play_type_kickoff,4,0,0,1400,03:19,DEN 35,35,DEN,75,2022-11-27T20:55:03.000Z,true,false,false,false,false,true,23,10,3:19,3:19,left,APPROVED,23,10,false,,,true,false
2022,REG,12,2022112701,206,1050,CLE,59006,206.0,"(10:53) (Shotgun) A.Schwartz right end for 31 yards, TOUCHDOWN. Handoff to 27 K. Hunt pitch to 10. A. Schwartz",2,play_type_rush,1,1,10,1050,10:53,TB 31,31,TB,79,2022-11-27T18:08:23.000Z,false,false,true,false,false,false,6,0,10:54,10:46,right,APPROVED,0,0,true,10.0,88.7,true,true
2022,REG,12,2022112701,310,4900,TB,59006,310.0,(9:38) R.White left tackle to CLV 30 for 35 yards (M.Emerson).,2,play_type_rush,1,1,10,4900,09:38,TB 35,35,TB,75,2022-11-27T18:14:00.000Z,false,false,false,false,false,false,7,0,9:39,9:32,left,APPROVED,7,0,true,10.0,64.95,true,true
2022,REG,12,2022112701,487,4900,TB,59006,487.0,"(5:17) (Shotgun) T.Brady pass short left to C.Godwin for 10 yards, TOUCHDOWN. Penalty on CLV, Defensive Pass Interference, declined.",2,play_type_pass,1,3,5,4900,05:17,CLE 10,10,CLE,20,2022-11-27T18:18:46.000Z,false,false,true,false,false,false,7,6,5:18,5:13,left,APPROVED,7,0,true,5.61,14.87,true,true
2022,REG,12,2022112701,2220,4900,TB,59006,2220.0,"(7:44) T.Brady pass short right to K.Kieft for 5 yards, TOUCHDOWN.",2,play_type_pass,3,3,1,4900,07:44,CLE 5,5,CLE,105,2022-11-27T19:48:27.000Z,false,false,true,false,false,false,10,16,7:45,7:42,right,APPROVED,10,10,true,1.49,106.17,true,true
2022,REG,12,2022112701,2584,4900,TB,59006,2584.0,(1:04) (Shotgun) J.Brissett sacked at CLV 31 for -8 yards (sack split by K.Neal and L.Hall).,2,play_type_sack,3,3,9,1050,01:04,CLE 39,39,CLE,71,2022-11-27T20:04:45.000Z,false,false,false,false,false,false,10,17,1:05,1:01,left,APPROVED,10,17,false,,,true,true
2022,REG,12,2022112701,3626,1050,CLE,59006,3626.0,"(:37) (Shotgun) J.Brissett pass short middle to D.Njoku for 12 yards, TOUCHDOWN.",2,play_type_pass,4,4,10,1050,00:37,TB 12,12,TB,98,2022-11-27T20:48:49.000Z,false,false,true,false,false,false,16,17,:38,:33,right,APPROVED,10,17,true,10.85,108.16,true,true
2022,REG,12,2022112701,4463,1050,CLE,59006,4463.0,"(:56) (Shotgun) J.Brissett pass deep right to A.Cooper pushed ob at TB 3 for 45 yards (D.Delaney). The Replay Official reviewed the runner was out of bounds ruling, and the play was REVERSED. (Shotgun) J.Brissett pass deep right to A.Cooper pushed ob at TB 3 for 45 yards (D.Delaney).",2,play_type_pass,5,3,4,1050,00:56,TB 48,48,TB,62,2022-11-27T21:21:35.000Z,false,false,false,false,false,false,17,17,:57,:48,right,APPROVED,17,17,true,3.48,65.25,true,true
2022,REG,12,2022112701,4552,1050,CLE,59006,4552.0,"(:24) J.Hudson reported in as eligible.  N.Chubb right guard for 3 yards, TOUCHDOWN. Penalty on TB-K.Neal, Defensive Offside, declined.",2,play_type_rush,5,2,3,1050,00:24,TB 3,3,TB,107,2022-11-27T21:25:45.000Z,false,false,true,true,false,false,23,17,:24,:22,right,APPROVED,17,17,true,3.1,110.0,true,true
2022,REG,12,2022112702,467,2250,JAX,59007,467.0,(8:40) (Shotgun) T.Lawrence pass short middle to Z.Jones to JAX 41 for 24 yards (R.Smith; C.Clark).,2,play_type_pass,1,2,18,2250,08:40,JAX 17,17,JAX,93,2022-11-27T18:46:22.000Z,false,false,false,false,false,false,0,3,8:41,8:36,left,APPROVED,0,3,true,18.54,75.02,true,true
2022,REG,12,2022112702,1071,2250,JAX,59007,1071.0,"(11:57) L.Jackson right guard to 50 for no gain (F.Oluokun, D.Hamilton). FUMBLES (D.Hamilton), RECOVERED by JAX-D.Hamilton at 50.",2,play_type_rush,2,4,1,0325,11:57,50,50,,60,2022-11-27T19:16:58.000Z,false,false,false,false,false,true,0,6,11:59,11:54,left,APPROVED,0,6,true,0.17,59.39,true,true
2022,REG,12,2022112702,1186,2250,JAX,59007,1186.0,"(10:03) (Shotgun) T.Lawrence pass deep right to J.Hasty for 28 yards, TOUCHDOWN [C.Campbell].",2,play_type_pass,2,2,13,2250,10:03,BAL 28,28,BAL,82,2022-11-27T19:20:30.000Z,false,false,true,false,false,false,6,6,10:04,9:59,right,APPROVED,0,6,true,13.36,95.21,true,true
2022,REG,12,2022112702,1725,2250,JAX,59007,1725.0,(1:17) (Shotgun) T.Lawrence pass short left to J.Hasty to BLT 6 for 24 yards (C.Clark).,2,play_type_pass,2,3,3,2250,01:17,BAL 30,30,BAL,80,2022-11-27T19:45:06.000Z,false,false,false,false,false,false,7,9,1:17,1:09,right,APPROVED,7,9,true,3.1,83.02,true,true
2022,REG,12,2022112702,2024,0325,BAL,59007,2024.0,(13:20) L.Jackson pass deep right to J.Oliver to JAX 40 for 40 yards (J.Allen).,2,play_type_pass,3,1,10,0325,13:20,BAL 20,20,BAL,90,2022-11-27T20:12:01.000Z,false,false,false,false,false,false,10,9,13:20,13:13,left,APPROVED,10,9,true,10.0,80.13,true,true
2022,REG,12,2022112702,2750,0325,BAL,59007,2750.0,"(:28) (Shotgun) T.Lawrence sacked at JAX 26 for -2 yards (T.Bowser). FUMBLES (T.Bowser) [T.Bowser], RECOVERED by BLT-M.Peters at JAX 25.",2,play_type_sack,3,3,9,2250,00:28,JAX 28,28,JAX,38,2022-11-27T20:40:29.000Z,false,false,false,false,false,true,10,12,:29,:22,right,APPROVED,10,12,false,9.81,46.84,true,true
2022,REG,12,2022112702,3216,2250,JAX,59007,3216.0,(8:44) (Shotgun) T.Lawrence pass deep right to Z.Jones pushed ob at BLT 18 for 27 yards (G.Stone).,2,play_type_pass,4,4,8,2250,08:44,BAL 45,45,BAL,55,2022-11-27T21:02:15.000Z,false,false,false,false,false,false,10,19,8:44,8:40,left,APPROVED,10,19,true,8.17,46.79,true,true
2022,REG,12,2022112702,3336,2250,JAX,59007,3336.0,"(5:59) (Shotgun) T.Lawrence pass short right to J.Agnew for 1 yard, TOUCHDOWN.",2,play_type_pass,4,2,1,2250,05:59,BAL 1,1,BAL,11,2022-11-27T21:05:41.000Z,false,false,true,true,false,false,16,19,6:01,5:58,left,APPROVED,10,19,true,1.25,10.0,true,true
2022,REG,12,2022112702,3598,0325,BAL,59007,3598.0,(4:04) (Shotgun) L.Jackson pass deep left to D.Jackson to JAX 23 for 62 yards (R.Jenkins).,2,play_type_pass,4,2,20,0325,04:04,BAL 15,15,BAL,25,2022-11-27T21:17:17.000Z,false,false,false,false,false,false,20,19,4:04,3:57,right,APPROVED,20,19,true,20.44,44.64,true,true
2022,REG,12,2022112702,3692,0325,BAL,59007,3692.0,"(2:10) L.Jackson pass short left to J.Oliver for 12 yards, TOUCHDOWN.",2,play_type_pass,4,2,11,0325,02:10,JAX 12,12,JAX,98,2022-11-27T21:21:19.000Z,false,false,true,false,false,false,20,25,2:10,2:05,right,APPROVED,20,19,true,11.33,108.74,true,true
2022,REG,12,2022112702,3998,2250,JAX,59007,3998.0,(:36) (Shotgun) T.Lawrence pass deep left to Z.Jones to BLT 10 for 29 yards (G.Stone).,2,play_type_pass,4,3,6,2250,00:36,BAL 39,39,BAL,49,2022-11-27T21:33:26.000Z,false,false,false,false,false,false,20,27,:36,:33,left,APPROVED,20,27,true,6.26,42.95,true,true
2022,REG,12,2022112702,4022,2250,JAX,59007,4022.0,"(:18) (No Huddle, Shotgun) T.Lawrence pass short right to M.Jones for 10 yards, TOUCHDOWN. The Replay Official reviewed the pass completion ruling, and the play was Upheld. The ruling on the field stands.",2,play_type_pass,4,1,10,2250,00:18,BAL 10,10,BAL,20,2022-11-27T21:33:44.000Z,false,false,true,true,false,false,26,27,:19,:15,left,APPROVED,20,27,true,10.489999999999998,10.0,true,true
2022,REG,12,2022112703,240,2700,MIA,59008,240.0,(11:42) (Shotgun) T.Tagovailoa pass deep middle to J.Waddle to HST 17 for 22 yards (J.Pitre).,2,play_type_pass,1,3,7,2700,11:42,HOU 39,39,HOU,71,2022-11-27T18:08:33.000Z,false,false,false,false,false,false,0,0,11:42,11:37,right,APPROVED,0,0,true,7.59,77.8,true,true
2022,REG,12,2022112703,477,2700,MIA,59008,477.0,"(8:29) (No Huddle, Shotgun) K.Allen sacked at HST 9 for -13 yards (D.Riley).",2,play_type_sack,1,3,9,2120,08:29,HOU 22,22,HOU,88,2022-11-27T18:17:45.000Z,false,false,false,false,false,false,3,0,8:30,8:26,left,APPROVED,3,0,false,9.46,79.14,true,true
2022,REG,12,2022112703,683,2700,MIA,59008,683.0,"(3:05) (Shotgun) T.Tagovailoa pass short left to D.Smythe for 4 yards, TOUCHDOWN.",2,play_type_pass,1,2,4,2700,03:05,HOU 4,4,HOU,106,2022-11-27T18:26:29.000Z,false,false,true,true,false,false,9,0,3:07,2:58,right,APPROVED,3,0,true,4.74,110.0,true,true
2022,REG,12,2022112703,945,2700,MIA,59008,945.0,(:28) T.Tagovailoa pass short middle to T.Hill ran ob at MIA 38 for 29 yards (D.King).,2,play_type_pass,1,2,10,2700,00:28,MIA 9,9,MIA,19,2022-11-27T18:38:53.000Z,false,false,false,false,false,false,10,0,:29,:23,right,APPROVED,10,0,true,10.32,28.87,true,true
2022,REG,12,2022112703,1153,2700,MIA,59008,1153.0,(12:38) K.Allen pass short right intended for D.Pierce INTERCEPTED by A.Van Ginkel at HST 26. A.Van Ginkel to HST 3 for 23 yards (D.Pierce).,2,play_type_pass,2,2,9,2120,12:38,HOU 21,21,HOU,31,2022-11-27T18:49:12.000Z,false,false,false,false,false,true,10,0,12:39,12:29,right,APPROVED,10,0,true,8.94,39.52,true,true
2022,REG,12,2022112703,1179,2700,MIA,59008,1179.0,"(12:27) J.Wilson right end for 3 yards, TOUCHDOWN.",2,play_type_rush,2,1,3,2700,12:27,HOU 3,3,HOU,13,2022-11-27T18:50:17.000Z,false,false,true,true,false,false,16,0,12:27,12:24,left,APPROVED,10,0,true,3.5999999999999996,10.0,true,true
2022,REG,12,2022112703,2698,2120,HOU,59008,2698.0,"(3:22) D.Ogunbowale up the middle for 3 yards, TOUCHDOWN.",2,play_type_rush,3,1,3,2120,03:22,MIA 3,3,MIA,13,2022-11-27T20:08:27.000Z,false,false,true,true,false,false,30,6,3:22,3:20,left,APPROVED,30,0,true,3.380000000000001,10.0,true,true
2022,REG,12,2022112703,2720,2120,HOU,59008,2720.0,TWO-POINT CONVERSION ATTEMPT. D.Ogunbowale rushes left guard. ATTEMPT FAILS.,26,play_type_two_point_conversion,3,0,0,2120,03:18,MIA 2,2,MIA,12,2022-11-27T20:09:21.000Z,false,false,false,false,false,false,30,6,3:18,3:18,left,APPROVED,30,6,false,,,true,true
2022,REG,12,2022112703,3051,2120,HOU,59008,3051.0,"(12:56) (Shotgun) K.Allen pass short left to J.Akins for 25 yards, TOUCHDOWN.",2,play_type_pass,4,2,6,2120,12:56,MIA 25,25,MIA,85,2022-11-27T20:23:14.000Z,false,false,true,false,false,false,30,12,12:57,,right,APPROVED,30,6,true,6.95,90.88,true,true
2022,REG,12,2022112703,3237,2120,HOU,59008,3237.0,(11:47) K.Allen pass deep left to B.Cooks ran ob at MIA 28 for 39 yards.,2,play_type_pass,4,1,10,2120,11:47,HOU 33,33,HOU,43,2022-11-27T20:33:37.000Z,false,false,false,false,false,false,30,12,11:47,11:42,right,APPROVED,30,12,true,10.0,52.85,true,true
2022,REG,12,2022112703,3937,2700,MIA,59008,3937.0,(2:48) (Shotgun) K.Allen pass deep right intended for C.Moore INTERCEPTED by V.McKinley at MIA 19. V.McKinley pushed ob at MIA 36 for 17 yards (T.Quitoriano).,2,play_type_pass,4,3,4,2120,02:48,MIA 44,44,MIA,66,2022-11-27T20:57:45.000Z,false,false,false,false,false,true,30,15,2:48,2:41,right,APPROVED,30,15,true,4.33,69.67,true,true
2022,REG,12,2022112704,285,3430,NYJ,59009,285.0,"(10:17) (Shotgun) M.White pass short right to G.Wilson for 8 yards, TOUCHDOWN. Penalty on CHI-K.Vildor, Defensive Holding, declined.",2,play_type_pass,1,3,8,3430,10:17,CHI 8,8,CHI,102,2022-11-27T18:09:40.000Z,false,false,true,true,false,false,6,0,10:17,10:13,right,APPROVED,0,0,true,8.44,110.0,true,true
2022,REG,12,2022112704,395,0810,CHI,59009,395.0,(9:29) (Shotgun) T.Siemian pass short left to D.Montgomery to NYJ 45 for 26 yards (L.Joyner; C.Mosley).,2,play_type_pass,1,3,6,0810,09:29,CHI 29,29,CHI,81,2022-11-27T18:15:37.000Z,false,false,false,false,false,false,7,0,9:29,9:21,left,APPROVED,7,0,true,6.34,75.06,true,true
2022,REG,12,2022112704,445,0810,CHI,59009,445.0,(8:14) (Shotgun) T.Siemian pass short middle to D.Evans to NYJ 9 for 33 yards (C.Mosley).,2,play_type_pass,1,2,7,0810,08:14,NYJ 42,42,NYJ,52,2022-11-27T18:16:59.000Z,false,false,false,false,false,false,7,0,8:15,8:05,left,APPROVED,7,0,true,7.4,45.18,true,true
2022,REG,12,2022112704,792,0810,CHI,59009,792.0,"(1:03) T.Siemian pass deep right to C.Claypool to NYJ 9 for 31 yards (A.Gardner). Penalty on NYJ-A.Gardner, Defensive Pass Interference, declined.",2,play_type_pass,1,2,11,0810,01:03,NYJ 40,40,NYJ,50,2022-11-27T18:32:51.000Z,false,false,false,false,false,false,7,3,1:03,:58,left,APPROVED,7,3,true,11.15,39.39,true,true
2022,REG,12,2022112704,915,0810,CHI,59009,915.0,"(14:24) (Shotgun) T.Siemian pass short middle to B.Pringle for 4 yards, TOUCHDOWN.",2,play_type_pass,2,3,4,0810,14:24,NYJ 4,4,NYJ,106,2022-11-27T18:38:19.000Z,false,false,true,true,false,false,7,9,14:26,14:22,right,APPROVED,7,3,true,4.63,110.0,true,true
2022,REG,12,2022112704,1080,3430,NYJ,59009,1080.0,(11:34) (Shotgun) M.White pass deep middle to E.Moore to CHI 21 for 42 yards (E.Jackson).,2,play_type_pass,2,3,9,3430,11:34,NYJ 37,37,NYJ,73,2022-11-27T18:46:07.000Z,false,false,false,false,false,false,7,10,11:35,11:25,left,APPROVED,7,10,true,9.46,63.82,true,true
2022,REG,12,2022112704,1395,3430,NYJ,59009,1395.0,"(5:09) M.White pass deep right to G.Wilson for 54 yards, TOUCHDOWN.",2,play_type_pass,2,1,10,3430,05:09,NYJ 46,46,NYJ,64,2022-11-27T18:59:57.000Z,false,false,true,false,false,false,13,10,5:09,4:57,left,APPROVED,7,10,true,10.0,53.82,true,true
2022,REG,12,2022112704,2319,3430,NYJ,59009,2319.0,"(6:41) (Shotgun) M.White pass deep left to E.Moore for 22 yards, TOUCHDOWN.",2,play_type_pass,3,3,4,3430,06:41,CHI 22,22,CHI,88,2022-11-27T20:00:06.000Z,false,false,true,false,false,false,23,10,6:42,6:36,right,APPROVED,17,10,true,4.65,92.14,true,true
2022,REG,12,2022112704,2561,3430,NYJ,59009,2561.0,"(2:36) T.Johnson left tackle for 32 yards, TOUCHDOWN.",2,play_type_rush,3,1,10,3430,02:36,CHI 32,32,CHI,78,2022-11-27T20:10:02.000Z,false,false,true,false,false,false,30,10,2:38,2:29,right,APPROVED,24,10,true,10.0,87.9,true,true
2022,REG,12,2022112704,3348,3430,NYJ,59009,3348.0,(5:09) (Shotgun) T.Siemian pass short middle intended for C.Kmet INTERCEPTED by C.Mosley at NYJ 3. C.Mosley to NYJ 3 for no gain (B.Pringle).,2,play_type_pass,4,1,10,0810,05:09,NYJ 10,10,NYJ,100,2022-11-27T20:40:08.000Z,false,false,false,true,false,true,31,10,5:11,5:07,right,APPROVED,31,10,true,10.75,110.0,true,true
2022,REG,12,2022112705,953,2100,TEN,59010,953.0,(:22) (Shotgun) R.Tannehill pass deep middle to N.Westbrook-Ikhine to CIN 16 for 25 yards (V.Bell).,2,play_type_pass,1,3,10,2100,00:22,CIN 41,41,CIN,51,2022-11-27T18:39:48.000Z,false,false,false,false,false,false,0,0,:22,:18,left,APPROVED,0,0,true,10.08,41.06,true,true
2022,REG,12,2022112705,1267,2100,TEN,59010,1267.0,"(11:30) R.Tannehill pass short left to D.Henry to CIN 6 for 69 yards (C.Taylor-Britt). FUMBLES (C.Taylor-Britt), recovered by TEN-T.Burks at CIN -2. TOUCHDOWN.",2,play_type_pass,2,1,10,2100,11:30,TEN 25,25,TEN,35,2022-11-27T18:56:25.000Z,false,false,true,false,false,false,9,3,11:30,11:16,right,APPROVED,3,3,true,10.0,44.51,true,true
2022,REG,12,2022112705,1749,0920,CIN,59010,1749.0,(2:48) (Shotgun) J.Burrow pass deep right to T.Williams to TEN 7 for 24 yards (K.Byard).,2,play_type_pass,2,3,12,0920,02:48,TEN 31,31,TEN,41,2022-11-27T19:13:56.000Z,false,false,false,false,false,false,10,3,2:49,2:38,left,APPROVED,10,3,true,12.37,28.89,true,true
2022,REG,12,2022112705,1773,0920,CIN,59010,1773.0,"(2:00) S.Perine right tackle for 7 yards, TOUCHDOWN.",2,play_type_rush,2,1,7,0920,02:00,TEN 7,7,TEN,17,2022-11-27T19:17:42.000Z,false,false,true,true,false,false,10,9,2:00,1:56,left,APPROVED,10,3,true,7.199999999999999,10.0,true,true
2022,REG,12,2022112705,3226,0920,CIN,59010,3226.0,"(13:47) (Shotgun) J.Burrow pass deep right to T.Higgins for 27 yards, TOUCHDOWN.",2,play_type_pass,4,1,10,0920,13:47,TEN 27,27,TEN,37,2022-11-27T20:30:39.000Z,false,false,true,false,false,false,13,19,13:47,13:43,left,APPROVED,13,13,true,10.0,26.9,true,true
2022,REG,12,2022112706,472,5110,WAS,59011,472.0,"(3:53) (Shotgun) T.Heinicke pass short right to B.Robinson for 14 yards, TOUCHDOWN.",2,play_type_pass,1,1,10,5110,03:53,ATL 14,14,ATL,96,2022-11-27T18:18:08.000Z,false,false,true,false,false,false,6,3,3:54,3:48,right,APPROVED,0,3,true,10.0,105.5,true,true
2022,REG,12,2022112706,1103,0200,ATL,59011,1103.0,"(8:31) M.Mariota pass short left to M.Pruitt for 4 yards, TOUCHDOWN.",2,play_type_pass,2,2,4,0200,08:31,WAS 4,4,WAS,106,2022-11-27T18:43:59.000Z,false,false,true,true,false,false,7,9,8:33,8:28,right,APPROVED,7,3,true,4.25,110.0,true,true
2022,REG,12,2022112706,1645,0200,ATL,59011,1645.0,(:24) (Shotgun) T.Heinicke pass short middle intended for J.Dotson INTERCEPTED by M.Walker at ATL 32. M.Walker to ATL 44 for 12 yards (C.Samuel).,2,play_type_pass,2,1,10,5110,00:24,ATL 47,47,ATL,57,2022-11-27T19:14:09.000Z,false,false,false,false,false,true,10,10,:24,:16,left,APPROVED,10,10,true,10.0,47.42,true,true
2022,REG,12,2022112706,2331,5110,WAS,59011,2331.0,"(4:09) (Shotgun) T.Heinicke pass deep right to J.Bates for 16 yards, TOUCHDOWN.",2,play_type_pass,3,1,10,5110,04:09,ATL 16,16,ATL,94,2022-11-27T19:52:44.000Z,false,false,true,false,false,false,16,10,4:10,4:05,right,APPROVED,10,10,true,10.0,103.65,true,true
2022,REG,12,2022112706,3142,0200,ATL,59011,3142.0,"(3:44) (No Huddle, Shotgun) M.Mariota pass short right to O.Zaccheaus to WAS 25 for 45 yards (D.Forrest).",2,play_type_pass,4,1,10,0200,03:44,ATL 30,30,ATL,40,2022-11-27T20:33:34.000Z,false,false,false,false,false,false,19,13,3:45,3:36,right,APPROVED,19,13,true,10.0,49.91,true,true
2022,REG,12,2022112706,3353,5110,WAS,59011,3353.0,(1:03) (Shotgun) M.Mariota pass short middle intended for C.Patterson INTERCEPTED by K.Fuller (D.Payne) at WAS -2. Touchback.,2,play_type_pass,4,2,4,0200,01:03,WAS 4,4,WAS,106,2022-11-27T20:43:01.000Z,false,false,false,true,false,true,19,13,1:03,1:00,right,APPROVED,19,13,true,4.63,110.0,true,true
2022,REG,12,2022112707,182,3800,ARI,59012,182.0,(12:32) (Shotgun) J.Herbert sacked at LAC 40 for -8 yards (J.Watt).,2,play_type_sack,1,3,7,4400,12:32,LAC 48,48,LAC,62,2022-11-27T21:09:24.000Z,false,false,false,false,false,false,0,0,12:33,12:30,left,APPROVED,0,0,false,7.32,55.17,true,true
2022,REG,12,2022112707,369,3800,ARI,59012,369.0,"(9:56) (No Huddle, Shotgun) J.Herbert sacked at ARZ 44 for -3 yards (C.Thomas).",2,play_type_sack,1,3,4,4400,09:56,ARI 41,41,ARI,51,2022-11-27T21:18:32.000Z,false,false,false,false,false,false,0,0,9:56,9:54,left,APPROVED,0,0,false,4.62,47.09,true,true
2022,REG,12,2022112707,645,3800,ARI,59012,645.0,"(2:40) (No Huddle, Shotgun) K.Murray pass short middle to D.Hopkins for 33 yards, TOUCHDOWN. Penalty on LAC-D.Tranquill, Defensive Offside, declined.",2,play_type_pass,1,3,5,3800,02:40,LAC 33,33,LAC,77,2022-11-27T21:29:30.000Z,false,false,true,false,false,false,6,0,2:41,2:34,right,APPROVED,0,0,true,6.04,81.87,true,true
2022,REG,12,2022112707,1328,4400,LAC,59012,1328.0,"(8:55) (Shotgun) J.Herbert pass short left to K.Allen for 2 yards, TOUCHDOWN.",2,play_type_pass,2,1,2,4400,08:55,ARI 2,2,ARI,108,2022-11-27T22:02:28.000Z,false,false,true,true,false,false,10,6,8:55,8:53,right,APPROVED,10,0,true,2.3700000000000045,110.0,true,true
2022,REG,12,2022112707,1451,4400,LAC,59012,1451.0,(7:12) (Shotgun) K.Murray pass deep left intended for D.Hopkins INTERCEPTED by D.James at LAC 44. D.James to LAC 44 for no gain (D.Hopkins).,2,play_type_pass,2,4,1,3800,07:12,ARI 34,34,ARI,76,2022-11-27T22:09:00.000Z,false,false,false,false,false,true,10,7,7:12,,left,APPROVED,10,7,true,0.4,75.29,true,true
2022,REG,12,2022112707,1594,4400,LAC,59012,1594.0,"(4:35) (Shotgun) J.Herbert pass deep left to D.Carter for 33 yards, TOUCHDOWN. LAC-T.Pipkins was injured during the play.",2,play_type_pass,2,2,9,4400,04:35,ARI 33,33,ARI,77,2022-11-27T22:13:40.000Z,false,false,true,false,false,false,10,13,4:36,4:29,right,APPROVED,10,7,true,9.46,85.61,true,true
2022,REG,12,2022112707,2022,3800,ARI,59012,2022.0,"(:17) (Shotgun) K.Murray scrambles left end for 5 yards, TOUCHDOWN.",2,play_type_rush,2,2,3,3800,00:17,LAC 5,5,LAC,15,2022-11-27T22:34:46.000Z,false,false,true,false,false,false,16,14,:17,:12,left,APPROVED,10,14,true,4.01,11.91,true,true
2022,REG,12,2022112707,2909,3800,ARI,59012,2909.0,"(13:36) (Shotgun) K.Murray pass short right to J.Conner for 6 yards, TOUCHDOWN.",2,play_type_pass,4,2,6,3800,13:36,LAC 6,6,LAC,16,2022-11-27T23:24:50.000Z,false,false,true,true,false,false,23,17,13:36,13:32,left,APPROVED,17,17,true,6.8,10.0,true,true
2022,REG,12,2022112707,3567,3800,ARI,59012,3567.0,"(3:03) (No Huddle, Shotgun) J.Herbert sacked at ARZ 48 for -13 yards (I.Simmons).",2,play_type_sack,4,3,7,4400,03:03,ARI 35,35,ARI,75,2022-11-27T23:53:33.000Z,false,false,false,false,false,false,24,17,3:04,3:00,right,APPROVED,24,17,false,7.7,81.58,true,true
2022,REG,12,2022112707,3917,4400,LAC,59012,3917.0,"(:18) J.Herbert pass short right to A.Ekeler for 1 yard, TOUCHDOWN.",2,play_type_pass,4,1,1,4400,00:18,ARI 1,1,ARI,109,2022-11-28T00:07:52.000Z,false,false,true,true,false,false,24,23,,:15,right,APPROVED,24,17,true,2.0,110.0,true,true
2022,REG,12,2022112708,62,4600,SEA,59013,62.0,(14:55) D.Carr pass deep middle intended for D.Adams INTERCEPTED by Q.Diggs at LV 36. Q.Diggs ran ob at LV 12 for 24 yards (J.Jacobs).,2,play_type_pass,1,1,10,2520,14:55,LV 20,20,LV,90,2022-11-27T21:06:31.000Z,false,false,false,false,false,true,0,0,14:55,14:47,left,APPROVED,0,0,true,10.0,80.03,true,true
2022,REG,12,2022112708,115,4600,SEA,59013,115.0,"(14:39) (No Huddle, Shotgun) K.Walker right end for 12 yards, TOUCHDOWN.",2,play_type_rush,1,2,10,4600,14:39,LV 12,12,LV,98,2022-11-27T21:08:04.000Z,false,false,true,false,false,false,6,0,14:39,14:35,right,APPROVED,0,0,true,10.34,107.76,true,true
2022,REG,12,2022112708,662,4600,SEA,59013,662.0,(6:04) D.Carr pass deep middle intended for F.Moreau INTERCEPTED by Q.Diggs (C.Barton) at 50. Q.Diggs ran ob at LV 35 for 15 yards (D.Adams; J.Jacobs).,2,play_type_pass,1,2,8,2520,06:04,LV 26,26,LV,84,2022-11-27T21:34:59.000Z,false,false,false,false,false,true,7,7,6:05,5:56,left,APPROVED,7,7,true,8.55,75.89,true,true
2022,REG,12,2022112708,1009,4600,SEA,59013,1009.0,(1:25) (Shotgun) G.Smith pass deep left to D.Metcalf pushed ob at LV 33 for 24 yards (D.Harmon).,2,play_type_pass,1,3,4,4600,01:25,SEA 43,43,SEA,53,2022-11-27T21:51:39.000Z,false,false,false,false,false,false,10,7,1:25,1:20,right,APPROVED,10,7,true,4.41,56.53,true,true
2022,REG,12,2022112708,1354,2520,LV,59013,1354.0,"(10:12) D.Carr pass short left to M.Hollins for 36 yards, TOUCHDOWN.",2,play_type_pass,2,1,10,2520,10:12,SEA 36,36,SEA,74,2022-11-27T22:05:44.000Z,false,false,true,false,false,false,13,13,10:12,,right,APPROVED,13,7,true,10.0,83.96,true,true
2022,REG,12,2022112708,1455,2520,LV,59013,1455.0,(8:47) (Shotgun) G.Smith pass deep middle intended for T.Lockett INTERCEPTED by D.Perryman at LV 46. D.Perryman to SEA 30 for 24 yards (D.Lewis).,2,play_type_pass,2,1,10,4600,08:47,SEA 36,36,SEA,74,2022-11-27T22:11:48.000Z,false,false,false,false,false,true,13,14,8:47,8:38,left,APPROVED,13,14,true,10.0,64.23,true,true
2022,REG,12,2022112708,1481,2520,LV,59013,1481.0,"(8:36) J.Jacobs right tackle for 30 yards, TOUCHDOWN.",2,play_type_rush,2,1,10,2520,08:36,SEA 30,30,SEA,80,2022-11-27T22:12:56.000Z,false,false,true,false,false,false,13,20,8:36,8:29,right,APPROVED,13,14,true,10.0,89.99,true,true
2022,REG,12,2022112708,1687,4600,SEA,59013,1687.0,"(5:27) (Shotgun) G.Smith pass deep right to T.Lockett for 35 yards, TOUCHDOWN.",2,play_type_pass,2,2,8,4600,05:27,LV 35,35,LV,45,2022-11-27T22:20:52.000Z,false,false,true,false,false,false,19,21,5:28,5:22,left,APPROVED,13,21,true,8.09,37.26,true,true
2022,REG,12,2022112708,2346,4600,SEA,59013,2346.0,"(11:55) (No Huddle, Shotgun) K.Walker left guard for 14 yards, TOUCHDOWN.",2,play_type_rush,3,1,10,4600,11:55,LV 14,14,LV,96,2022-11-27T22:59:25.000Z,false,false,true,false,false,false,26,24,11:56,11:48,right,APPROVED,20,24,true,10.0,105.76,true,true
2022,REG,12,2022112708,2817,2520,LV,59013,2817.0,(2:27) (Shotgun) D.Carr pass short right to J.Jacobs to SEA 49 for 28 yards (Q.Diggs; M.Jackson).,2,play_type_pass,3,2,5,2520,02:27,LV 23,23,LV,87,2022-11-27T23:22:56.000Z,false,false,false,false,false,false,27,27,2:28,2:21,left,APPROVED,27,27,true,5.3,82.02,true,true
2022,REG,12,2022112708,3065,4600,SEA,59013,3065.0,"(13:45) (No Huddle, Shotgun) G.Smith pass deep left to T.Homer to LV 40 for 27 yards (J.Brown).",2,play_type_pass,4,2,23,4600,13:45,SEA 33,33,SEA,77,2022-11-27T23:34:36.000Z,false,false,false,false,false,false,27,27,13:46,13:38,left,APPROVED,27,27,true,23.43,54.1,true,true
2022,REG,12,2022112708,3512,4600,SEA,59013,3512.0,"(5:44) G.Smith pass short right to T.Homer for 18 yards, TOUCHDOWN.",2,play_type_pass,4,3,1,4600,05:44,LV 18,18,LV,28,2022-11-27T23:53:31.000Z,false,false,true,false,false,false,33,27,5:45,5:39,left,APPROVED,27,27,true,1.65,26.67,true,true
2022,REG,12,2022112708,3840,2520,LV,59013,3840.0,"(2:00) (Shotgun) D.Carr pass short right to F.Moreau for 5 yards, TOUCHDOWN.",2,play_type_pass,4,3,5,2520,02:00,SEA 5,5,SEA,105,2022-11-28T00:06:29.000Z,false,false,true,true,false,false,34,33,2:00,1:55,right,APPROVED,34,27,true,,,true,true
2022,REG,12,2022112708,4458,2520,LV,59013,4458.0,"(4:32) J.Jacobs right guard for 86 yards, TOUCHDOWN.",2,play_type_rush,5,1,10,2520,04:32,LV 14,14,LV,96,2022-11-28T00:35:12.000Z,false,false,true,false,false,false,34,40,4:32,4:22,left,APPROVED,34,34,true,10.0,85.99,true,true
2022,REG,12,2022112709,258,2310,KC,59014,258.0,"(11:34) R.Dixon punts 44 yards to KC 48, Center-M.Orzech. S.Moore MUFFS catch, RECOVERED by LA-R.Rochell at KC 43.",2,play_type_punt,1,4,6,2510,11:34,LA 8,8,LA,102,2022-11-27T21:35:39.000Z,true,false,false,false,false,false,0,0,11:34,11:27,left,APPROVED,0,0,false,6.15,96.33,true,true
2022,REG,12,2022112709,634,2310,KC,59014,634.0,"(5:51) P.Mahomes pass deep left to T.Kelce for 39 yards, TOUCHDOWN.",2,play_type_pass,1,2,16,2310,05:51,LA 39,39,LA,71,2022-11-27T21:50:04.000Z,false,false,true,false,false,false,6,0,5:51,5:42,right,APPROVED,0,0,true,16.51,86.83,true,true
2022,REG,12,2022112709,2421,2310,KC,59014,2421.0,"(6:36) I.Pacheco up the middle for 3 yards, TOUCHDOWN.",2,play_type_rush,3,1,3,2310,06:36,LA 3,3,LA,107,2022-11-27T23:20:56.000Z,false,false,true,true,false,false,19,3,6:36,6:33,right,APPROVED,13,3,true,3.0999999999999943,110.0,true,true
2022,REG,12,2022112709,2809,2510,LA,59014,2809.0,"(15:00) (Shotgun) B.Perkins pass short middle to V.Jefferson for 7 yards, TOUCHDOWN.",2,play_type_pass,4,4,2,2510,15:00,KC 7,7,KC,103,2022-11-27T23:39:02.000Z,false,false,true,false,false,false,20,9,15:00,14:58,right,APPROVED,20,3,true,2.19,104.77,true,true
2022,REG,12,2022112709,3225,2310,KC,59014,3225.0,(8:21) B.Perkins pass short left intended for V.Jefferson INTERCEPTED by L.Sneed [M.Danna] at LA 35. L.Sneed pushed ob at LA 9 for 26 yards (R.Havenstein).,2,play_type_pass,4,2,6,2510,08:21,LA 24,24,LA,34,2022-11-27T23:56:41.000Z,false,false,false,false,false,true,20,10,8:22,8:12,right,APPROVED,20,10,true,6.77,39.62,true,true
2022,REG,12,2022112709,3432,2310,KC,59014,3432.0,"(5:27) (No Huddle, Shotgun) B.Perkins pass short right intended for V.Jefferson INTERCEPTED by N.Bolton (C.Dunlap) at LA 42. N.Bolton to LA 27 for 15 yards (B.Perkins; M.Skura).",2,play_type_pass,4,2,6,2510,05:27,LA 43,43,LA,53,2022-11-28T00:04:57.000Z,false,false,false,false,false,true,23,10,5:28,5:18,right,APPROVED,23,10,true,6.18,58.42,true,true
2022,REG,12,2022112710,813,3300,NO,59015,813.0,(1:24) (Shotgun) A.Dalton pass deep middle to R.Shaheed to 50 for 35 yards (D.Lenoir). 4 YAC,2,play_type_pass,1,2,6,3300,01:24,NO 15,15,NO,95,2022-11-27T21:58:00.000Z,false,false,false,false,false,false,3,0,1:25,1:20,left,APPROVED,3,0,true,6.19,89.25,true,true
2022,REG,12,2022112710,1624,3300,NO,59015,1624.0,(3:06) (Shotgun) J.Garoppolo sacked at NO 2 for -1 yards (S.Tuttle).,2,play_type_sack,2,4,1,4500,03:06,NO 1,1,NO,11,2022-11-27T22:28:56.000Z,false,false,false,true,false,true,3,0,3:07,3:03,left,APPROVED,3,0,true,1.13,10.0,true,true
2022,REG,12,2022112710,2083,4500,SF,59015,2083.0,"(:19) (Shotgun) J.Garoppolo pass short left to J.Jennings for 5 yards, TOUCHDOWN. 0-YAC",2,play_type_pass,2,1,5,4500,00:19,NO 5,5,NO,15,2022-11-27T22:48:51.000Z,false,false,true,true,false,false,9,0,:19,:16,left,APPROVED,3,0,true,5.619999999999999,10.0,true,true
2022,REG,12,2022112711,99,3700,PHI,59016,99.0,(14:50) (Shotgun) J.Hurts scrambles right end pushed ob at PHI 49 for 24 yards (R.Ford). GB-D.Savage was injured during the play.,2,play_type_rush,1,3,10,3700,14:50,PHI 25,25,PHI,35,2022-11-28T01:24:50.000Z,false,false,false,false,false,false,0,0,,14:40,right,APPROVED,0,0,true,10.42,44.34,true,true
2022,REG,12,2022112711,218,3700,PHI,59016,218.0,(12:09) (Shotgun) J.Hurts up the middle pushed ob at GB 6 for 28 yards (A.Amos).,2,play_type_rush,1,3,6,3700,12:09,GB 34,34,GB,76,2022-11-28T01:28:57.000Z,false,false,false,false,false,false,0,0,12:10,12:04,right,APPROVED,0,0,true,6.13,81.7,true,true
2022,REG,12,2022112711,265,3700,PHI,59016,265.0,"(11:19) (No Huddle, Shotgun) K.Gainwell up the middle for 4 yards, TOUCHDOWN.",2,play_type_rush,1,2,4,3700,11:19,GB 4,4,GB,106,2022-11-28T01:29:50.000Z,false,false,true,true,false,false,6,0,11:26,11:23,right,APPROVED,0,0,true,4.42,110.0,true,true
2022,REG,12,2022112711,368,3700,PHI,59016,368.0,(10:32) (Shotgun) A.Rodgers pass short right intended for A.Lazard INTERCEPTED by J.Scott (D.Slay) at GB 29. J.Scott ran ob at GB 29 for no gain (R.Cobb).,2,play_type_pass,1,3,4,1800,10:32,GB 15,15,GB,95,2022-11-28T01:36:04.000Z,false,false,false,false,false,true,7,0,10:33,10:24,left,APPROVED,7,0,true,4.89,91.21,true,true
2022,REG,12,2022112711,451,3700,PHI,59016,451.0,"(9:08) (Shotgun) M.Sanders left guard for 15 yards, TOUCHDOWN.",2,play_type_rush,1,1,10,3700,09:08,GB 15,15,GB,95,2022-11-28T01:38:28.000Z,false,false,true,false,false,false,13,0,9:09,9:04,right,APPROVED,7,0,true,10.0,105.12,true,true
2022,REG,12,2022112711,556,1800,GB,59016,556.0,(7:33) A.Rodgers pass short left to A.Jones to PHI 20 for 30 yards (T.Edwards).,2,play_type_pass,1,2,11,1800,07:33,50,50,,60,2022-11-28T01:44:46.000Z,false,false,false,false,false,false,13,0,7:34,7:25,left,APPROVED,13,0,true,11.95,48.66,true,true
2022,REG,12,2022112711,580,1800,GB,59016,580.0,"(6:51) A.Dillon left guard for 20 yards, TOUCHDOWN.",2,play_type_rush,1,1,10,1800,06:51,PHI 20,20,PHI,30,2022-11-28T01:45:29.000Z,false,false,true,false,false,false,13,6,6:52,6:46,left,APPROVED,13,0,true,10.0,20.35,true,true
2022,REG,12,2022112711,848,1800,GB,59016,848.0,"(3:16) A.Rodgers pass short middle to R.Cobb for 11 yards, TOUCHDOWN.",2,play_type_pass,1,1,10,1800,03:16,PHI 11,11,PHI,21,2022-11-28T02:03:13.000Z,false,false,true,false,false,false,13,13,3:16,3:12,left,APPROVED,13,7,true,10.0,11.16,true,true
2022,REG,12,2022112711,925,3700,PHI,59016,925.0,(2:32) (Shotgun) J.Hurts pass short right to A.Brown to PHI 47 for 23 yards (R.Douglas).,2,play_type_pass,1,2,11,3700,02:32,PHI 24,24,PHI,34,2022-11-28T02:06:29.000Z,false,false,false,false,false,false,13,14,2:34,2:25,right,APPROVED,13,14,true,11.4,44.55,true,true
2022,REG,12,2022112711,994,3700,PHI,59016,994.0,(:53) J.Hurts scrambles right end pushed ob at GB 3 for 42 yards (R.Douglas).,2,play_type_rush,1,3,2,3700,00:53,GB 45,45,GB,65,2022-11-28T02:08:08.000Z,false,false,false,false,false,false,13,14,:54,:44,right,APPROVED,13,14,true,2.4,66.63,true,true
2022,REG,12,2022112711,1231,3700,PHI,59016,1231.0,(11:20) A.Rodgers pass short middle intended for T.Davis INTERCEPTED by R.Blankenship at PHI 18. R.Blankenship to PHI 22 for 4 yards (R.Tonyan).,2,play_type_pass,2,1,10,1800,11:20,PHI 28,28,PHI,82,2022-11-28T02:19:32.000Z,false,false,false,false,false,true,20,14,11:20,11:14,right,APPROVED,20,14,true,10.0,91.39,true,true
2022,REG,12,2022112711,1495,1800,GB,59016,1495.0,"(7:50) (Shotgun) A.Rodgers pass deep middle to A.Jones for 23 yards, TOUCHDOWN.",2,play_type_pass,2,2,20,1800,07:50,PHI 23,23,PHI,87,2022-11-28T02:30:33.000Z,false,false,true,false,false,false,20,20,7:51,7:44,right,APPROVED,20,14,true,20.37,106.98,true,true
2022,REG,12,2022112711,2050,3700,PHI,59016,2050.0,"(:19) (Shotgun) J.Hurts pass deep right to Q.Watkins for 30 yards, TOUCHDOWN.",2,play_type_pass,2,2,10,3700,00:19,GB 30,30,GB,40,2022-11-28T02:56:01.000Z,false,false,true,false,false,false,26,20,:19,:15,left,APPROVED,20,20,true,10.27,30.49,true,true
2022,REG,12,2022112711,2146,1800,GB,59016,2146.0,"J.Elliott kicks 70 yards from PHI 35 to GB -5. K.Nixon to GB 47 for 52 yards (B.Scott, K.Wallace).",32,play_type_kickoff,3,0,0,3700,15:00,PHI 35,35,PHI,45,2022-11-28T03:12:46.000Z,true,false,false,false,false,true,27,20,15:00,14:53,right,APPROVED,27,20,true,,,true,true
2022,REG,12,2022112711,2210,3700,PHI,59016,2210.0,(13:26) (Shotgun) A.Rodgers sacked at GB 45 for -5 yards (sack split by H.Reddick and B.Graham).,2,play_type_sack,3,3,7,1800,13:26,50,50,,60,2022-11-28T03:15:06.000Z,false,false,false,false,false,false,27,20,13:27,13:22,left,APPROVED,27,20,false,7.09,53.3,true,true
2022,REG,12,2022112711,2507,3700,PHI,59016,2507.0,"(7:23) (Shotgun) J.Hurts pass short right to A.Brown for 6 yards, TOUCHDOWN.",2,play_type_pass,3,2,6,3700,07:23,GB 6,6,GB,104,2022-11-28T03:27:02.000Z,false,false,true,true,false,false,33,20,7:24,7:21,right,APPROVED,27,20,true,7.36,110.0,true,true
2022,REG,12,2022112711,3277,1800,GB,59016,3277.0,"(9:10) J.Love pass short middle to C.Watson for 63 yards, TOUCHDOWN.",2,play_type_pass,4,1,10,1800,09:10,GB 37,37,GB,47,2022-11-28T04:05:34.000Z,false,false,true,false,false,false,37,29,9:12,9:02,right,APPROVED,37,23,true,10.0,56.45,true,true
2022,REG,12,2022112800,388,3900,PIT,59017,388.0,(9:16) (Shotgun) M.Ryan pass short left intended for M.Pittman INTERCEPTED by J.Pierre at IND 38. J.Pierre to IND 38 for no gain (M.Pittman).,2,play_type_pass,1,2,10,2200,09:16,IND 34,34,IND,76,2022-11-29T01:28:18.000Z,false,false,false,false,false,true,0,3,9:16,9:11,left,APPROVED,0,3,true,10.29,66.85,true,true
2022,REG,12,2022112800,520,2200,IND,59017,520.0,(5:49) (Shotgun) K.Pickett sacked at IND 38 for -12 yards (Y.Ngakoue).,2,play_type_sack,1,3,12,3900,05:49,IND 26,26,IND,84,2022-11-29T01:32:42.000Z,false,false,false,false,false,false,0,3,5:50,5:47,right,APPROVED,0,3,false,12.46,95.47,true,true
2022,REG,12,2022112800,598,3900,PIT,59017,598.0,(3:54) (Shotgun) M.Ryan sacked at IND 20 for -7 yards (T.Edmunds).,2,play_type_sack,1,3,3,2200,03:54,IND 27,27,IND,83,2022-11-29T01:37:38.000Z,false,false,false,false,false,false,0,3,3:54,3:49,left,APPROVED,0,3,false,4.13,80.34,true,true
2022,REG,12,2022112800,1173,3900,PIT,59017,1173.0,"(7:51) N.Harris up the middle for 6 yards, TOUCHDOWN.",2,play_type_rush,2,1,6,3900,07:51,IND 6,6,IND,16,2022-11-29T02:05:52.000Z,false,false,true,true,false,false,0,12,7:51,7:47,left,APPROVED,0,6,true,6.32,10.0,true,true
2022,REG,12,2022112800,1760,2200,IND,59017,1760.0,M.Wright kicks 69 yards from PIT 35 to IND -4. I.Rodgers to IND 41 for 45 yards (M.Wright; A.Maulet).,32,play_type_kickoff,2,0,0,3900,00:56,PIT 35,35,PIT,75,2022-11-29T02:32:41.000Z,true,false,false,false,false,true,3,16,:56,:49,left,APPROVED,3,16,true,,,true,true
2022,REG,12,2022112800,2009,2200,IND,59017,2009.0,M.Wright kicks 73 yards from PIT 35 to IND -8. D.Flowers to PIT 19 for 89 yards (Co.Heyward).,32,play_type_kickoff,3,0,0,3900,15:00,PIT 35,35,PIT,45,2022-11-29T02:55:24.000Z,true,false,false,false,false,true,3,16,15:00,14:50,right,APPROVED,3,16,true,,,true,true
2022,REG,12,2022112800,2843,2200,IND,59017,2843.0,(1:27) (Shotgun) M.Ryan pass short middle to J.Woods to PIT 7 for 28 yards (D.Bush; L.Wallace).,2,play_type_pass,3,3,6,2200,01:27,PIT 35,35,PIT,45,2022-11-29T03:28:41.000Z,false,false,false,false,false,false,10,16,1:27,1:21,left,APPROVED,10,16,true,7.11,39.36,true,true
2022,REG,12,2022112800,2888,2200,IND,59017,2888.0,"(:20) (Shotgun) M.Ryan pass short left to M.Pittman for 6 yards, TOUCHDOWN.",2,play_type_pass,3,2,6,2200,00:20,PIT 6,6,PIT,16,2022-11-29T03:29:47.000Z,false,false,true,true,false,false,16,16,:21,:17,left,APPROVED,10,16,true,7.49,10.0,true,true
2022,REG,13,2022120100,247,0610,BUF,59018,247.0,(11:23) (Shotgun) J.Allen pass short right to N.Hines pushed ob at NE 28 for 21 yards (J.Uche; M.Wilson) [M.Judon].,2,play_type_pass,1,3,11,0610,11:23,NE 49,49,NE,59,2022-12-02T01:21:55.000Z,false,false,false,false,false,false,0,0,11:23,11:17,left,APPROVED,0,0,true,11.38,48.04,true,true
2022,REG,13,2022120100,582,3200,NE,59018,582.0,"(4:55) (Shotgun) M.Jones pass short left to Ma.Jones for 48 yards, TOUCHDOWN.",2,play_type_pass,1,2,5,3200,04:55,BUF 48,48,BUF,62,2022-12-02T01:34:06.000Z,false,false,true,false,false,false,6,3,4:56,4:48,right,APPROVED,0,3,true,4.84,66.56,true,true
2022,REG,13,2022120100,869,0610,BUF,59018,869.0,"(15:00) (Shotgun) J.Allen pass short left to S.Diggs for 8 yards, TOUCHDOWN.",2,play_type_pass,2,2,8,0610,15:00,NE 8,8,NE,102,2022-12-02T01:48:20.000Z,false,false,true,true,false,false,7,9,15:00,14:57,right,APPROVED,7,3,true,8.61,110.0,true,true
2022,REG,13,2022120100,1396,0610,BUF,59018,1396.0,"(5:34) (Shotgun) J.Allen pass short right to G.Davis for 8 yards, TOUCHDOWN. Penalty on NE-Ja.Jones, Defensive Holding, declined.",2,play_type_pass,2,3,8,0610,05:34,NE 8,8,NE,102,2022-12-02T02:07:37.000Z,false,false,true,true,false,false,7,16,5:34,5:28,right,APPROVED,7,10,true,8.53,110.0,true,true
2022,REG,13,2022120100,1901,3200,NE,59018,1901.0,"(1:31) (Shotgun) J.Allen sacked at NE 47 for -6 yards (J.Uche). FUMBLES (J.Uche) [J.Uche], RECOVERED by NE-M.Judon at NE 41. M.Judon to NE 42 for 1 yard (D.Knox; J.Allen).",2,play_type_sack,2,3,10,0610,01:31,NE 41,41,NE,69,2022-12-02T02:32:16.000Z,false,false,false,false,false,true,7,17,1:31,1:22,right,APPROVED,7,17,false,10.37,78.68,true,true
2022,REG,13,2022120400,1302,3900,PIT,59019,1302.0,(8:26) (Shotgun) K.Pickett pass short left to P.Freiermuth to ATL 12 for 57 yards (R.Evans; D.Alford).,2,play_type_pass,2,3,4,3900,08:26,PIT 31,31,PIT,41,2022-12-04T18:55:57.000Z,false,false,false,false,false,false,3,6,8:27,8:15,right,APPROVED,3,6,true,4.82,44.88,true,true
2022,REG,13,2022120400,1349,3900,PIT,59019,1349.0,"(7:12) (Shotgun) K.Pickett pass deep middle to Co.Heyward for 17 yards, TOUCHDOWN.",2,play_type_pass,2,1,15,3900,07:12,ATL 17,17,ATL,93,2022-12-04T18:57:33.000Z,false,false,true,false,false,false,3,12,7:14,7:09,right,APPROVED,3,6,true,15.0,107.44,true,true
2022,REG,13,2022120400,1405,0200,ATL,59019,1405.0,"(7:06) M.Mariota pass deep right to D.London pushed ob at PIT 38 for 37 yards (L.Wallace). Penalty on PIT-L.Wallace, Illegal Contact, declined.",2,play_type_pass,2,1,10,0200,07:06,ATL 25,25,ATL,85,2022-12-04T19:01:53.000Z,false,false,false,false,false,false,3,13,7:06,7:01,left,APPROVED,3,13,true,10.0,74.97,true,true
2022,REG,13,2022120400,2769,0200,ATL,59019,2769.0,"(:51) M.Mariota pass short right to M.Pruitt for 7 yards, TOUCHDOWN.",2,play_type_pass,3,2,5,0200,00:51,PIT 7,7,PIT,103,2022-12-04T20:10:43.000Z,false,false,true,false,false,false,12,19,:52,:47,right,APPROVED,6,19,true,5.36,107.97,true,true
2022,REG,13,2022120400,3724,3900,PIT,59019,3724.0,(:42) (Shotgun) M.Mariota pass deep left intended for D.London INTERCEPTED by M.Fitzpatrick (C.Heyward) at ATL 20. M.Fitzpatrick ran ob at ATL 4 for 16 yards.,2,play_type_pass,4,1,10,0200,00:42,ATL 2,2,ATL,108,2022-12-04T20:52:15.000Z,false,false,false,false,false,true,16,19,:42,:37,left,APPROVED,16,19,true,10.0,98.21,true,true
2022,REG,13,2022120401,1500,1400,DEN,59020,1500.0,(1:27) (Shotgun) R.Wilson pass deep left to G.Dulcich to BLT 32 for 22 yards (M.Humphrey).,2,play_type_pass,2,3,11,1400,01:27,DEN 46,46,DEN,64,2022-12-04T19:08:14.000Z,false,false,false,false,false,false,3,3,1:28,1:21,left,APPROVED,3,3,true,11.36,53.54,true,true
2022,REG,13,2022120401,2360,1400,DEN,59020,2360.0,"(6:06) (No Huddle, Shotgun) T.Huntley pass short right intended for M.Andrews INTERCEPTED by J.Simmons [J.Cooper] at BLT 48. J.Simmons to BLT 40 for 8 yards.",2,play_type_pass,3,1,10,0325,06:06,BAL 40,40,BAL,70,2022-12-04T19:58:05.000Z,false,false,false,false,false,true,3,6,6:07,6:01,left,APPROVED,3,6,true,10.0,60.39,true,true
2022,REG,13,2022120401,2756,1400,DEN,59020,2756.0,(12:23) (Shotgun) J.Proche pass deep right intended for K.Drake INTERCEPTED by J.Simmons at DEN -4. Touchback.,2,play_type_pass,4,2,7,0325,12:23,DEN 29,29,DEN,81,2022-12-04T20:12:48.000Z,false,false,false,false,false,true,3,9,12:24,12:16,right,APPROVED,3,9,true,7.92,88.45,true,true
2022,REG,13,2022120402,617,0810,CHI,59021,617.0,"(3:10) (Shotgun) J.Fields right end for 55 yards, TOUCHDOWN.",2,play_type_rush,1,2,10,0810,03:10,CHI 45,45,CHI,55,2022-12-04T18:27:33.000Z,false,false,true,false,false,false,9,0,3:11,3:01,right,APPROVED,3,0,true,10.85,64.84,true,true
2022,REG,13,2022120402,1317,0810,CHI,59021,1317.0,(7:06) (Shotgun) J.Fields pass deep left to E.St. Brown to GB 7 for 56 yards (J.Alexander) [D.Lowry].,2,play_type_pass,2,1,10,0810,07:06,CHI 37,37,CHI,73,2022-12-04T19:02:44.000Z,false,false,false,false,false,false,10,3,7:06,6:58,left,APPROVED,10,3,true,10.0,63.42,true,true
2022,REG,13,2022120402,1348,0810,CHI,59021,1348.0,"(6:15) (Shotgun) D.Montgomery left tackle for 7 yards, TOUCHDOWN.",2,play_type_rush,2,1,7,0810,06:15,GB 7,7,GB,17,2022-12-04T19:04:28.000Z,false,false,true,true,false,false,16,3,6:15,6:10,left,APPROVED,10,3,true,7.66,10.0,true,true
2022,REG,13,2022120402,1716,1800,GB,59021,1716.0,"(:23) (Shotgun) A.Rodgers pass short right to C.Watson for 14 yards, TOUCHDOWN.",2,play_type_pass,2,4,4,1800,00:23,CHI 14,14,CHI,96,2022-12-04T19:21:58.000Z,false,false,true,false,false,false,16,9,:23,:18,right,APPROVED,16,3,true,4.35,99.86,true,true
2022,REG,13,2022120402,2308,0810,CHI,59021,2308.0,(7:14) (Shotgun) J.Fields pass deep left to C.Kmet to GB 33 for 24 yards (D.Campbell).,2,play_type_pass,3,3,10,0810,07:14,CHI 43,43,CHI,53,2022-12-04T19:59:30.000Z,false,false,false,false,false,false,16,10,7:14,7:04,right,APPROVED,16,10,true,10.75,62.72,true,true
2022,REG,13,2022120402,2374,0810,CHI,59021,2374.0,(5:19) (Shotgun) D.Evans left guard to GB 9 for 21 yards (J.Alexander).,2,play_type_rush,3,3,7,0810,05:19,GB 30,30,GB,80,2022-12-04T20:01:25.000Z,false,false,false,false,false,false,16,10,5:20,5:14,right,APPROVED,16,10,true,7.26,86.76,true,true
2022,REG,13,2022120402,2704,1800,GB,59021,2704.0,"(14:47) (Shotgun) A.Dillon left end for 21 yards, TOUCHDOWN.",2,play_type_rush,4,1,10,1800,14:47,CHI 21,21,CHI,89,2022-12-04T20:16:18.000Z,false,false,true,false,false,false,19,16,14:47,14:42,right,APPROVED,19,10,true,10.0,98.84,true,true
2022,REG,13,2022120402,2771,0810,CHI,59021,2771.0,(14:35) (Shotgun) J.Fields pass deep left to N.Harry to GB 28 for 49 yards (J.Alexander).,2,play_type_pass,4,1,10,0810,14:35,CHI 23,23,CHI,87,2022-12-04T20:20:52.000Z,false,false,false,false,false,false,19,17,14:35,14:26,left,APPROVED,19,17,true,10.0,77.37,true,true
2022,REG,13,2022120402,3312,1800,GB,59021,3312.0,(2:57) (Shotgun) J.Fields pass short left intended for E.St. Brown INTERCEPTED by J.Alexander at GB 28. J.Alexander to GB 32 for 4 yards (E.St. Brown).,2,play_type_pass,4,1,10,0810,02:57,GB 43,43,GB,53,2022-12-04T20:41:43.000Z,false,false,false,false,false,true,19,20,2:58,2:52,left,APPROVED,19,20,true,10.0,43.14,true,true
2022,REG,13,2022120402,3398,1800,GB,59021,3398.0,"(2:00) C.Watson left end for 46 yards, TOUCHDOWN.",2,play_type_rush,4,2,7,1800,02:00,CHI 46,46,CHI,64,2022-12-04T20:47:16.000Z,false,false,true,false,false,false,19,26,2:00,1:53,right,APPROVED,19,20,true,7.46,70.9,true,true
2022,REG,13,2022120402,3625,1800,GB,59021,3625.0,(:51) (Shotgun) J.Fields pass deep left intended for D.Pettis INTERCEPTED by K.Nixon at GB 5. K.Nixon ran ob at GB 6 for 1 yard.,2,play_type_pass,4,3,1,0810,00:51,GB 28,28,GB,38,2022-12-04T20:55:01.000Z,false,false,false,false,false,true,19,28,:51,:44,left,APPROVED,19,28,true,0.72,37.41,true,true
2022,REG,13,2022120403,335,2250,JAX,59022,335.0,(10:55) T.Lawrence pass deep left to C.Kirk pushed ob at DET 43 for 37 yards (K.Joseph).,2,play_type_pass,1,1,15,2250,10:55,JAX 20,20,JAX,90,2022-12-04T18:13:59.000Z,false,false,false,false,false,false,7,0,10:55,10:50,left,APPROVED,7,0,true,15.0,74.94,true,true
2022,REG,13,2022120403,687,1540,DET,59022,687.0,(5:29) (Shotgun) J.Goff pass deep right to D.Chark to JAX 9 for 41 yards (Te.Campbell).,2,play_type_pass,1,1,10,1540,05:29,50,50,,60,2022-12-04T18:25:06.000Z,false,false,false,false,false,false,7,3,5:30,5:24,right,APPROVED,7,3,true,10.0,69.24,true,true
2022,REG,13,2022120403,732,1540,DET,59022,732.0,"(4:09) J.Goff pass short left to A.St. Brown for 10 yards, TOUCHDOWN.",2,play_type_pass,1,2,10,1540,04:09,JAX 10,10,JAX,100,2022-12-04T18:26:26.000Z,false,false,true,true,false,false,13,3,4:10,4:06,right,APPROVED,7,3,true,11.09,110.0,true,true
2022,REG,13,2022120403,1644,2250,JAX,59022,1644.0,(5:40) (Shotgun) T.Lawrence pass short left to C.Kirk pushed ob at DET 28 for 25 yards (K.Joseph).,2,play_type_pass,2,3,7,2250,05:40,JAX 47,47,JAX,57,2022-12-04T19:10:31.000Z,false,false,false,false,false,false,20,3,5:41,5:33,right,APPROVED,20,3,true,7.54,64.04,true,true
2022,REG,13,2022120403,2871,2250,JAX,59022,2871.0,"(2:58) (Shotgun) T.Lawrence pass short left to E.Engram for 3 yards, TOUCHDOWN.",2,play_type_pass,3,2,3,2250,02:58,DET 3,3,DET,107,2022-12-04T20:10:22.000Z,false,false,true,true,false,false,30,12,2:58,2:56,right,APPROVED,30,6,true,3.09,110.0,true,true
2022,REG,13,2022120403,3644,1540,DET,59022,3644.0,"(2:47) J.Goff pass short left to A.St. Brown for 4 yards, TOUCHDOWN.",2,play_type_pass,4,1,4,1540,02:47,JAX 4,4,JAX,106,2022-12-04T20:45:27.000Z,false,false,true,true,false,false,39,14,2:48,2:43,right,APPROVED,33,14,true,4.180000000000007,110.0,true,true
2022,REG,13,2022120403,3813,2250,JAX,59022,3813.0,"(:59) (Shotgun) C.Beathard pass short left to L.Farrell to JAX 31 for 3 yards (A.Anzalone, C.Lucas).",2,play_type_pass,4,4,5,2250,00:59,JAX 28,28,JAX,82,2022-12-04T20:54:47.000Z,false,false,false,false,false,true,40,14,:59,:54,left,APPROVED,40,14,true,,,true,true
2022,REG,13,2022120404,56,1050,CLE,59023,56.0,"(15:00) K.Allen pass incomplete deep right to T.Quitoriano [D.Ward]. Cleveland challenged the incomplete pass ruling, and the play was REVERSED. K.Allen pass deep right intended for T.Quitoriano INTERCEPTED by J.Johnson [D.Ward] at CLV 43. J.Johnson ran ob at CLV 43 for no gain.",2,play_type_pass,1,1,10,2120,15:00,HOU 25,25,HOU,35,2022-12-04T18:03:17.000Z,false,false,false,false,false,true,0,0,15:00,14:54,right,APPROVED,0,0,true,10.0,44.54,true,true
2022,REG,13,2022120404,835,2120,HOU,59023,835.0,(3:33) D.Watson pass short middle intended for A.Cooper INTERCEPTED by J.Pitre [M.Dwumfour] at HST -3. J.Pitre to HST 26 for 29 yards (W.Teller).,2,play_type_pass,1,1,10,1050,03:33,HOU 11,11,HOU,21,2022-12-04T18:37:01.000Z,false,false,false,false,false,true,3,0,3:36,3:25,left,APPROVED,3,0,true,10.0,11.07,true,true
2022,REG,13,2022120404,1604,1050,CLE,59023,1604.0,"(4:00) C.Johnston punts 60 yards to CLV 24, Center-J.Weeks. D.Peoples-Jones for 76 yards, TOUCHDOWN.",2,play_type_punt,2,4,2,2120,04:00,HOU 16,16,HOU,94,2022-12-04T19:15:18.000Z,true,false,true,false,false,true,5,6,4:02,3:42,left,APPROVED,5,0,true,2.6,92.07,true,true
2022,REG,13,2022120404,2712,1050,CLE,59023,2712.0,(4:23) N.Chubb left tackle to CLV 45 for 21 yards (J.Pitre).,2,play_type_rush,3,2,7,1050,04:23,CLE 24,24,CLE,86,2022-12-04T20:16:13.000Z,false,false,false,false,false,false,8,14,4:24,4:18,left,APPROVED,8,14,true,6.79,79.15,true,true
2022,REG,13,2022120404,3216,1050,CLE,59023,3216.0,"(9:36) K.Allen pass short middle intended for D.Ogunbowale INTERCEPTED by T.Fields (C.Winovich) at HST 16. T.Fields for 16 yards, TOUCHDOWN.",2,play_type_pass,4,1,10,2120,09:36,HOU 25,25,HOU,85,2022-12-04T20:39:20.000Z,false,false,true,false,false,true,8,23,9:36,9:30,left,APPROVED,8,17,true,10.0,75.06,true,true
2022,REG,13,2022120404,3490,2120,HOU,59023,3490.0,"(5:43) C.Bojorquez punts 64 yards to HST 12, Center-C.Hughlett. D.King to HST 26 for 14 yards (J.Kunaszyk). FUMBLES (J.Kunaszyk), RECOVERED by CLV-T.Fields at HST 33. T.Fields to HST 32 for 1 yard (J.Francis). CLV-S.Takitaki was injured during the play.",2,play_type_punt,4,4,6,1050,05:43,CLE 24,24,CLE,34,2022-12-04T20:52:00.000Z,true,false,false,false,false,false,8,24,5:44,5:30,right,APPROVED,8,24,false,6.7,39.64,true,true
2022,REG,13,2022120404,3801,2120,HOU,59023,3801.0,"(2:41) (Shotgun) K.Allen pass deep left to C.Moore to CLV 6 for 39 yards (R.Harrison, D.Jones). CLV-R.Harrison was injured during the play.",2,play_type_pass,4,4,3,2120,02:41,CLE 45,45,CLE,55,2022-12-04T21:04:01.000Z,false,false,false,false,false,false,8,27,2:41,2:29,left,APPROVED,8,27,true,3.27,52.29,true,true
2022,REG,13,2022120404,3825,2120,HOU,59023,3825.0,"(2:00) (Shotgun) K.Allen pass short middle to N.Collins for 6 yards, TOUCHDOWN.",2,play_type_pass,4,1,6,2120,02:00,CLE 6,6,CLE,16,2022-12-04T21:08:12.000Z,false,false,true,true,false,false,14,27,2:00,1:59,left,APPROVED,8,27,true,6.609999999999999,10.0,true,true
2022,REG,13,2022120405,141,3000,MIN,59024,141.0,(13:41) (Shotgun) M.White pass short middle intended for C.Davis INTERCEPTED by H.Smith (C.Bynum) at NYJ 43. H.Smith to NYJ 35 for 8 yards. Lateral to P.Peterson pushed ob at NYJ 34 for 1 yard (E.Moore).,2,play_type_pass,1,3,2,3430,13:41,NYJ 33,33,NYJ,77,2022-12-04T18:05:17.000Z,false,false,false,false,false,true,0,0,13:43,13:25,left,APPROVED,0,0,true,2.22,75.03,true,true
2022,REG,13,2022120405,1252,3000,MIN,59024,1252.0,"(13:06) D.Cook left tackle for 4 yards, TOUCHDOWN.",2,play_type_rush,2,1,4,3000,13:06,NYJ 4,4,NYJ,14,2022-12-04T18:49:21.000Z,false,false,true,true,false,false,9,3,13:07,13:04,left,APPROVED,3,3,true,4.640000000000001,10.0,true,true
2022,REG,13,2022120405,1593,3000,MIN,59024,1593.0,(6:23) (Shotgun) K.Cousins pass deep left to J.Reagor to NYJ 24 for 38 yards (L.Joyner) [N.Shepherd].,2,play_type_pass,2,1,10,3000,06:23,MIN 38,38,MIN,72,2022-12-04T19:07:27.000Z,false,false,false,false,false,false,10,3,6:23,6:14,left,APPROVED,10,3,true,10.0,62.17,true,true
2022,REG,13,2022120405,2881,3430,NYJ,59024,2881.0,(4:53) (Shotgun) M.White pass deep right to C.Uzomah to MIN 17 for 31 yards (H.Smith).,2,play_type_pass,3,2,8,3430,04:53,MIN 48,48,MIN,58,2022-12-04T20:15:02.000Z,false,false,false,false,false,false,20,9,4:54,4:47,left,APPROVED,20,9,true,8.63,49.88,true,true
2022,REG,13,2022120405,3156,3430,NYJ,59024,3156.0,(:19) (Shotgun) K.Cousins sacked at MIN 23 for -6 yards (C.Lawson).,2,play_type_sack,3,3,6,3000,00:19,MIN 29,29,MIN,39,2022-12-04T20:25:42.000Z,false,false,false,false,false,false,20,12,:20,:15,right,APPROVED,20,12,false,6.51,44.82,true,true
2022,REG,13,2022120405,3224,3430,NYJ,59024,3224.0,(14:46) (Shotgun) M.White pass short middle to G.Wilson pushed ob at MIN 11 for 60 yards (C.Bynum).,2,play_type_pass,4,1,10,3430,14:46,NYJ 29,29,NYJ,39,2022-12-04T20:29:59.000Z,false,false,false,false,false,false,20,12,14:46,14:36,right,APPROVED,20,12,true,10.0,49.22,true,true
2022,REG,13,2022120405,3500,3000,MIN,59024,3500.0,"(8:39) (Shotgun) K.Cousins pass short right to J.Jefferson for 10 yards, TOUCHDOWN.",2,play_type_pass,4,3,6,3000,08:39,NYJ 10,10,NYJ,20,2022-12-04T20:40:56.000Z,false,false,true,false,false,false,26,15,8:40,8:35,left,APPROVED,20,15,true,6.13,14.05,true,true
2022,REG,13,2022120405,3556,3430,NYJ,59024,3556.0,(8:33) (Shotgun) Z.Knight left end pushed ob at MIN 27 for 48 yards (P.Peterson).,2,play_type_rush,4,1,10,3430,08:33,NYJ 25,25,NYJ,35,2022-12-04T20:45:39.000Z,false,false,false,false,false,false,27,15,8:33,8:25,right,APPROVED,27,15,true,10.0,44.91,true,true
2022,REG,13,2022120405,4012,3430,NYJ,59024,4012.0,(3:47) (Shotgun) M.White pass deep middle to C.Davis to MIN 16 for 31 yards (C.Bynum).,2,play_type_pass,4,4,10,3430,03:47,MIN 47,47,MIN,63,2022-12-04T21:02:32.000Z,false,false,false,false,false,false,27,22,3:48,3:41,right,APPROVED,27,22,true,10.64,73.1,true,true
2022,REG,13,2022120405,4416,3000,MIN,59024,4416.0,(:16) (Shotgun) M.White pass deep middle intended for C.Davis INTERCEPTED by C.Bynum [D.Wonnum] at MIN 1. C.Bynum to MIN 6 for 5 yards.,2,play_type_pass,4,4,10,3430,00:16,MIN 19,19,MIN,91,2022-12-04T21:17:42.000Z,false,false,false,false,false,true,27,22,:16,:10,right,APPROVED,27,22,true,10.44,101.04,true,true
2022,REG,13,2022120406,421,5110,WAS,59025,421.0,(8:03) D.Jones sacked at NYG 19 for -9 yards (D.Payne).,2,play_type_sack,1,2,7,3410,08:03,NYG 28,28,NYG,82,2022-12-04T18:16:12.000Z,false,false,false,false,false,false,0,3,8:03,7:59,left,APPROVED,0,3,false,7.87,75.15,true,true
2022,REG,13,2022120406,648,5110,WAS,59025,648.0,"(2:35) (No Huddle, Shotgun) T.Heinicke pass short right to T.McLaurin for 19 yards, TOUCHDOWN.",2,play_type_pass,1,3,4,5110,02:35,NYG 19,19,NYG,91,2022-12-04T18:25:02.000Z,false,false,true,false,false,false,0,9,2:35,2:27,right,APPROVED,0,3,true,5.38,94.98,true,true
2022,REG,13,2022120406,955,3410,NYG,59025,955.0,(13:05) (Shotgun) T.Heinicke sacked at WAS 22 for -8 yards (J.Ellis).,2,play_type_sack,2,2,5,5110,13:05,WAS 30,30,WAS,80,2022-12-04T18:41:31.000Z,false,false,false,false,false,false,3,10,13:05,12:59,left,APPROVED,3,10,false,5.63,75.06,true,true
2022,REG,13,2022120406,1026,3410,NYG,59025,1026.0,(11:27) D.Jones pass deep left to D.Slayton to WAS 26 for 55 yards (D.Forrest).,2,play_type_pass,2,1,10,3410,11:27,NYG 19,19,NYG,29,2022-12-04T18:45:56.000Z,false,false,false,false,false,false,3,10,11:27,11:20,right,APPROVED,3,10,true,10.0,38.73,true,true
2022,REG,13,2022120406,1131,3410,NYG,59025,1131.0,"(8:54) S.Barkley right tackle for 13 yards, TOUCHDOWN.",2,play_type_rush,2,1,10,3410,08:54,WAS 13,13,WAS,97,2022-12-04T18:48:36.264Z,false,false,true,false,false,false,9,10,8:54,8:50,right,APPROVED,3,10,true,10.0,106.9,true,true
2022,REG,13,2022120406,1962,3410,NYG,59025,1962.0,"(14:20) (Shotgun) T.Heinicke sacked at WAS 18 for -7 yards (A.Ojulari). FUMBLES (A.Ojulari), RECOVERED by NYG-O.Ximines at WAS 23. O.Ximines to WAS 22 for 1 yard (T.Heinicke). FUMBLES (T.Heinicke), recovered by NYG-A.Ojulari at WAS 20. Officially a sack for -2 yards.",2,play_type_sack,3,3,8,5110,14:20,WAS 25,25,WAS,35,2022-12-04T19:35:02.000Z,false,false,false,false,false,true,13,13,14:20,14:13,right,APPROVED,13,13,false,8.16,42.45,true,true
2022,REG,13,2022120406,2099,3410,NYG,59025,2099.0,"(11:40) D.Jones pass short left to I.Hodgins for 6 yards, TOUCHDOWN.",2,play_type_pass,3,2,6,3410,11:40,WAS 6,6,WAS,16,2022-12-04T19:39:05.000Z,false,false,true,true,false,false,19,13,11:41,11:36,left,APPROVED,13,13,true,6.83,10.0,true,true
2022,REG,13,2022120406,3499,5110,WAS,59025,3499.0,"(1:53) (Shotgun) T.Heinicke pass short middle to J.Dotson for 28 yards, TOUCHDOWN.",2,play_type_pass,4,1,10,5110,01:53,NYG 28,28,NYG,38,2022-12-04T20:43:12.000Z,false,false,true,false,false,false,20,19,1:53,1:46,left,APPROVED,20,13,true,10.0,28.34,true,true
2022,REG,13,2022120407,275,3700,PHI,59026,275.0,"(12:09) (Shotgun) J.Hurts pass deep middle to D.Smith for 34 yards, TOUCHDOWN.",2,play_type_pass,1,2,10,3700,12:09,TEN 34,34,TEN,76,2022-12-04T18:08:42.000Z,false,false,true,false,false,false,6,0,12:11,12:04,right,APPROVED,0,0,true,10.43,85.32,true,true
2022,REG,13,2022120407,382,3700,PHI,59026,382.0,(10:46) (Shotgun) R.Tannehill sacked at TEN 26 for -5 yards (J.Hargrave).,2,play_type_sack,1,3,4,2100,10:46,TEN 31,31,TEN,79,2022-12-04T18:14:28.000Z,false,false,false,false,false,false,7,0,10:48,10:43,left,APPROVED,7,0,false,4.76,75.09,true,true
2022,REG,13,2022120407,1055,3700,PHI,59026,1055.0,(14:54) (Shotgun) J.Hurts pass deep middle to J.Stoll to TEN 35 for 26 yards (A.Hooker).,2,play_type_pass,2,2,15,3700,14:54,PHI 39,39,PHI,71,2022-12-04T18:48:36.000Z,false,false,false,false,false,false,7,7,14:54,14:49,left,APPROVED,7,7,true,15.46,56.32,true,true
2022,REG,13,2022120407,1183,3700,PHI,59026,1183.0,"(14:03) (Shotgun) J.Hurts pass deep left to A.Brown for 40 yards, TOUCHDOWN. Penalty on TEN-K.Fulton, Illegal Contact, declined.",2,play_type_pass,2,2,15,3700,14:03,TEN 40,40,TEN,50,2022-12-04T18:52:21.000Z,false,false,true,false,false,false,13,7,14:03,13:56,left,APPROVED,7,7,true,15.31,35.76,true,true
2022,REG,13,2022120407,1799,2100,TEN,59026,1799.0,(6:09) R.Tannehill pass deep right to C.Okonkwo to PHI 17 for 41 yards (T.Edwards).,2,play_type_pass,2,1,10,2100,06:09,TEN 42,42,TEN,52,2022-12-04T19:18:41.000Z,false,false,false,false,false,false,14,7,6:10,6:02,right,APPROVED,14,7,true,10.0,61.44,true,true
2022,REG,13,2022120407,2643,3700,PHI,59026,2643.0,(14:11) (Shotgun) R.Tannehill sacked at TEN 15 for -9 yards (sack split by H.Reddick and J.Sweat).,2,play_type_sack,3,3,8,2100,14:11,TEN 24,24,TEN,34,2022-12-04T20:02:19.000Z,false,false,false,false,false,false,21,10,14:11,14:09,right,APPROVED,21,10,false,8.59,41.45,true,true
2022,REG,13,2022120407,2772,3700,PHI,59026,2772.0,"(12:14) (No Huddle, Shotgun) J.Hurts pass deep left to A.Brown for 29 yards, TOUCHDOWN.",2,play_type_pass,3,2,3,3700,12:14,TEN 29,29,TEN,39,2022-12-04T20:05:08.000Z,false,false,true,false,false,false,27,10,12:15,12:09,left,APPROVED,21,10,true,3.24,36.23,true,true
2022,REG,13,2022120407,3673,3700,PHI,59026,3673.0,"(11:32) (Shotgun) M.Sanders up the middle for 3 yards, TOUCHDOWN.",2,play_type_rush,4,1,3,3700,11:32,TEN 3,3,TEN,107,2022-12-04T20:42:06.000Z,false,false,true,true,false,false,34,10,11:32,11:29,right,APPROVED,28,10,true,3.519999999999996,110.0,true,true
2022,REG,13,2022120407,4125,2100,TEN,59026,4125.0,(5:35) (Shotgun) M.Willis pass short left to D.Hilliard to PHI 9 for 10 yards (C.Elliss).,2,play_type_pass,4,4,12,2100,05:35,PHI 19,19,PHI,29,2022-12-04T20:59:01.000Z,false,false,false,false,false,true,35,10,5:35,5:29,left,APPROVED,35,10,true,12.3,17.14,true,true
2022,REG,13,2022120408,154,2510,LA,59027,154.0,(12:21) J.Wolford pass deep right to B.Skowronek pushed ob at SEA 32 for 22 yards (M.Jackson).,2,play_type_pass,1,3,2,2510,12:21,LA 46,46,LA,64,2022-12-04T21:08:50.000Z,false,false,false,false,false,false,0,0,12:22,12:16,left,APPROVED,0,0,true,2.75,62.29,true,true
2022,REG,13,2022120408,365,4600,SEA,59027,365.0,(9:30) (Shotgun) K.Walker up the middle ran ob at 50 for 30 yards (N.Scott).,2,play_type_rush,1,1,15,4600,09:30,SEA 20,20,SEA,30,2022-12-04T21:17:22.000Z,false,false,false,false,false,false,7,0,9:30,9:23,right,APPROVED,7,0,true,15.0,44.74,true,true
2022,REG,13,2022120408,481,4600,SEA,59027,481.0,"(6:14) (Shotgun) G.Smith pass deep left to T.Lockett for 36 yards, TOUCHDOWN.",2,play_type_pass,1,3,7,4600,06:14,LA 36,36,LA,74,2022-12-04T21:21:48.000Z,false,false,true,false,false,false,7,6,6:14,6:06,right,APPROVED,7,0,true,7.54,80.36,true,true
2022,REG,13,2022120408,1234,4600,SEA,59027,1234.0,"(9:54) (Shotgun) G.Smith pass short right to N.Fant for 4 yards, TOUCHDOWN.",2,play_type_pass,2,3,4,4600,09:54,LA 4,4,LA,14,2022-12-04T21:54:23.000Z,false,false,true,true,false,false,10,13,9:54,9:49,left,APPROVED,10,7,true,4.91,10.0,true,true
2022,REG,13,2022120408,1524,4600,SEA,59027,1524.0,(5:49) J.Wolford pass deep left intended for K.Williams INTERCEPTED by T.Woolen [D.Taylor] at SEA 16. T.Woolen to SEA 16 for no gain (K.Williams).,2,play_type_pass,2,1,10,2510,05:49,SEA 34,34,SEA,76,2022-12-04T22:06:09.000Z,false,false,false,false,false,true,10,14,5:50,5:43,right,APPROVED,10,14,true,10.0,85.47,true,true
2022,REG,13,2022120408,1801,4600,SEA,59027,1801.0,"(1:51) J.Wolford sacked at SEA 37 for -10 yards (U.Nwosu). FUMBLES (U.Nwosu) [U.Nwosu], recovered by LA-T.Higbee at SEA 37.",2,play_type_sack,2,2,6,2510,01:51,SEA 27,27,SEA,83,2022-12-04T22:21:34.559Z,false,false,false,false,false,false,10,14,1:51,1:47,right,APPROVED,10,14,false,6.66,89.07,true,false
2022,REG,13,2022120408,2090,2510,LA,59027,2090.0,"(13:24) (No Huddle, Shotgun) G.Smith sacked at LA 48 for -8 yards (M.Hoecht). FUMBLES (M.Hoecht) [M.Hoecht], RECOVERED by LA-T.Rapp at LA 29. T.Rapp to LA 29 for no gain (D.Lewis).",2,play_type_sack,3,2,6,4600,13:24,LA 40,40,LA,50,2022-12-04T22:46:06.000Z,false,false,false,false,false,true,13,14,13:24,13:16,left,APPROVED,13,14,false,6.89,43.98,true,true
2022,REG,13,2022120408,2166,4600,SEA,59027,2166.0,(11:57) (Shotgun) J.Wolford sacked at LA 23 for -10 yards (J.Brooks).,2,play_type_sack,3,3,6,2510,11:57,LA 33,33,LA,43,2022-12-04T22:48:35.000Z,false,false,false,false,false,false,13,14,11:58,11:54,right,APPROVED,13,14,false,6.77,48.38,true,true
2022,REG,13,2022120408,2258,4600,SEA,59027,2258.0,(10:48) (Shotgun) G.Smith pass deep right to D.Metcalf pushed ob at LA 30 for 40 yards (D.Kendrick).,2,play_type_pass,3,1,10,4600,10:48,SEA 30,30,SEA,80,2022-12-04T22:55:27.000Z,false,false,false,false,false,false,13,14,10:48,10:44,left,APPROVED,13,14,true,10.0,70.21,true,true
2022,REG,13,2022120408,2687,2510,LA,59027,2687.0,"(1:53) (Shotgun) G.Smith pass short right intended for T.Jones INTERCEPTED by B.Wagner at LA 45. B.Wagner to LA 45 for no gain (T.Jones). The Replay Official reviewed the interception ruling, and the play was Upheld. The ruling on the field stands.",2,play_type_pass,3,2,12,4600,01:53,LA 38,38,LA,48,2022-12-04T23:13:23.000Z,false,false,false,false,false,true,13,17,1:54,1:47,left,APPROVED,13,17,true,12.51,35.86,true,true
2022,REG,13,2022120408,3490,2510,LA,59027,3490.0,"(3:01) C.Akers up the middle for 6 yards, TOUCHDOWN.",2,play_type_rush,4,2,1,2510,03:01,SEA 6,6,SEA,16,2022-12-04T23:47:37.000Z,false,false,true,false,false,false,22,20,3:01,2:58,left,APPROVED,16,20,true,1.38,15.22,true,true
2022,REG,13,2022120408,3805,4600,SEA,59027,3805.0,"(:41) (Shotgun) G.Smith pass short middle to D.Metcalf for 8 yards, TOUCHDOWN.",2,play_type_pass,4,1,8,4600,00:41,LA 8,8,LA,102,2022-12-05T00:01:13.000Z,false,false,true,true,false,false,23,26,:41,:37,right,APPROVED,23,20,true,9.060000000000002,110.0,true,true
2022,REG,13,2022120408,3961,4600,SEA,59027,3961.0,(:20) (Shotgun) J.Wolford pass deep middle intended for T.Atwell INTERCEPTED by C.Barton at LA 41. C.Barton to LA 31 for 10 yards (B.Skowronek).,2,play_type_pass,4,4,20,2510,00:20,LA 15,15,LA,95,2022-12-05T00:07:12.000Z,false,false,false,false,false,true,23,27,:20,:12,left,APPROVED,23,27,true,20.48,75.48,true,true
2022,REG,13,2022120409,55,2700,MIA,59028,55.0,"(15:00) (Shotgun) T.Tagovailoa pass short right to T.Sherfield for 75 yards, TOUCHDOWN. 65 YAC",2,play_type_pass,1,1,10,2700,15:00,MIA 25,25,MIA,35,2022-12-04T21:06:10.000Z,false,false,true,false,false,false,0,6,15:00,14:51,right,APPROVED,0,0,true,10.0,44.53,true,true
2022,REG,13,2022120409,174,4500,SF,59028,174.0,(14:04) (Shotgun) J.Garoppolo pass short right to B.Aiyuk to SF 43 for 23 yards (V.McKinley). 14 YAC,2,play_type_pass,1,3,7,4500,14:04,SF 20,20,SF,90,2022-12-04T21:10:34.000Z,false,false,false,false,false,false,0,7,14:04,13:59,left,APPROVED,0,7,true,7.4,83.3,true,true
2022,REG,13,2022120409,228,4500,SF,59028,228.0,(12:46) (Shotgun) J.Garoppolo pass deep right to C.McCaffrey pushed ob at MIA 23 for 33 yards (J.Holland). 8 YAC,2,play_type_pass,1,2,9,4500,12:46,SF 44,44,SF,66,2022-12-04T21:11:57.000Z,false,false,false,false,false,false,0,7,12:47,12:41,left,APPROVED,0,7,true,9.29,57.01,true,true
2022,REG,13,2022120409,692,4500,SF,59028,692.0,"(4:57) (Shotgun) B.Purdy pass short right to K.Juszczyk for 3 yards, TOUCHDOWN. 4 YAC",2,play_type_pass,1,1,3,4500,04:57,MIA 3,3,MIA,13,2022-12-04T21:31:41.000Z,false,false,true,true,false,false,9,7,4:58,4:54,left,APPROVED,3,7,true,3.289999999999999,10.0,true,true
2022,REG,13,2022120409,1273,4500,SF,59028,1273.0,(11:02) T.Tagovailoa sacked at SF 25 for -8 yards (N.Bosa).,2,play_type_sack,2,3,1,2700,11:02,SF 17,17,SF,27,2022-12-04T21:58:01.000Z,false,false,false,false,false,false,10,7,11:03,10:58,left,APPROVED,10,7,false,0.76,26.14,true,true
2022,REG,13,2022120409,2166,4500,SF,59028,2166.0,"(:07) (Shotgun) B.Purdy pass short left to C.McCaffrey for 3 yards, TOUCHDOWN. 0 YAC",2,play_type_pass,2,3,3,4500,00:07,MIA 3,3,MIA,107,2022-12-04T22:36:00.000Z,false,false,true,true,false,false,16,10,:07,:05,right,APPROVED,10,10,true,3.5,110.0,true,true
2022,REG,13,2022120409,2933,4500,SF,59028,2933.0,(2:52) (Shotgun) T.Tagovailoa pass short left intended for T.Hill INTERCEPTED by D.Lenoir at MIA 33. D.Lenoir to MIA 25 for 8 yards (T.Hill).,2,play_type_pass,3,1,10,2700,02:52,MIA 25,25,MIA,85,2022-12-04T23:20:39.000Z,false,false,false,false,false,true,20,10,2:52,2:47,left,APPROVED,20,10,true,10.0,75.38,true,true
2022,REG,13,2022120409,3223,2700,MIA,59028,3223.0,"(14:35) (No Huddle, Shotgun) T.Tagovailoa pass deep middle to T.Hill for 45 yards, TOUCHDOWN. SF-S.Ebukam was injured during the play.  6 YAC",2,play_type_pass,4,1,10,2700,14:35,SF 45,45,SF,65,2022-12-04T23:33:38.000Z,false,false,true,false,false,false,23,16,14:36,14:29,right,APPROVED,23,10,true,10.0,74.4,true,true
2022,REG,13,2022120409,3970,4500,SF,59028,3970.0,(3:15) C.McCaffrey right tackle to MIA 11 for 30 yards (K.Kohou; B.Chubb).,2,play_type_rush,4,1,10,4500,03:15,MIA 41,41,MIA,51,2022-12-05T00:04:19.000Z,false,false,false,false,false,false,23,17,3:15,3:07,left,APPROVED,23,17,true,10.0,41.22,true,true
2022,REG,13,2022120409,4160,4500,SF,59028,4160.0,"(2:03) (Shotgun) T.Tagovailoa sacked at MIA 18 for -7 yards (N.Bosa). FUMBLES (N.Bosa) [N.Bosa], RECOVERED by SF-D.Greenlaw at MIA 23. D.Greenlaw for 23 yards, TOUCHDOWN.",2,play_type_sack,4,1,10,2700,02:03,MIA 25,25,MIA,35,2022-12-05T00:12:10.000Z,false,false,true,false,false,true,32,17,2:03,1:58,right,APPROVED,26,17,false,10.0,44.37,true,true
2022,REG,13,2022120409,4250,4500,SF,59028,4250.0,(1:53) (Shotgun) S.Thompson pass deep middle intended for T.Hill INTERCEPTED by F.Warner at MIA 47. F.Warner to MIA 27 for 20 yards (D.Smythe). Thompson in as QB,2,play_type_pass,4,1,10,2700,01:53,MIA 25,25,MIA,35,2022-12-05T00:16:44.000Z,false,false,false,false,false,true,33,17,1:53,1:43,right,APPROVED,33,17,true,10.0,44.23,true,true
2022,REG,13,2022120410,281,0920,CIN,59029,281.0,"(8:54) (Shotgun) J.Burrow up the middle for 4 yards, TOUCHDOWN.",2,play_type_rush,1,2,4,0920,08:54,KC 4,4,KC,106,2022-12-04T21:32:35.000Z,false,false,true,true,false,false,6,0,8:54,8:52,right,APPROVED,0,0,true,4.47,110.0,true,true
2022,REG,13,2022120410,1488,2310,KC,59029,1488.0,"(2:28) (Shotgun) P.Mahomes pass short left to J.McKinnon for 2 yards, TOUCHDOWN.",2,play_type_pass,2,3,2,2310,02:28,CIN 2,2,CIN,108,2022-12-04T22:26:10.000Z,false,false,true,true,false,false,14,9,2:28,2:24,right,APPROVED,14,3,true,2.63,110.0,true,true
2022,REG,13,2022120410,1641,0920,CIN,59029,1641.0,"(1:19) (No Huddle, Shotgun) J.Burrow pass deep right to J.Chase pushed ob at KC 13 for 40 yards (J.Thornhill).",2,play_type_pass,2,2,1,0920,01:19,CIN 47,47,CIN,63,2022-12-04T22:35:01.000Z,false,false,false,false,false,false,14,10,1:21,1:11,left,APPROVED,14,10,true,0.75,62.66,true,true
2022,REG,13,2022120410,1923,2310,KC,59029,1923.0,(14:15) (Shotgun) P.Mahomes pass short middle to M.Valdes-Scantling to CIN 32 for 42 yards (E.Apple) [T.Hendrickson].,2,play_type_pass,3,3,7,2310,14:15,KC 26,26,KC,84,2022-12-04T23:00:07.000Z,false,false,false,false,false,false,14,10,14:15,14:11,left,APPROVED,14,10,true,7.77,76.98,true,true
2022,REG,13,2022120410,2014,2310,KC,59029,2014.0,"(12:07) (Shotgun) I.Pacheco left guard for 8 yards, TOUCHDOWN.",2,play_type_rush,3,3,4,2310,12:07,CIN 8,8,CIN,18,2022-12-04T23:02:55.000Z,false,false,true,false,false,false,14,16,12:07,12:04,left,APPROVED,14,10,true,4.88,13.95,true,true
2022,REG,13,2022120410,2456,2310,KC,59029,2456.0,"(3:56) (Shotgun) P.Mahomes scrambles up the middle for 3 yards, TOUCHDOWN.",2,play_type_rush,3,4,3,2310,03:56,CIN 3,3,CIN,13,2022-12-04T23:24:16.000Z,false,false,true,true,false,false,17,23,3:57,3:54,left,APPROVED,17,17,true,3.18,10.0,true,true
2022,REG,13,2022120410,2533,0920,CIN,59029,2533.0,(3:04) (Shotgun) J.Burrow pass deep right to J.Chase pushed ob at 50 for 22 yards (J.Williams).,2,play_type_pass,3,2,7,0920,03:04,CIN 28,28,CIN,38,2022-12-04T23:30:24.000Z,false,false,false,false,false,false,17,24,3:05,2:59,right,APPROVED,17,24,true,7.3,44.61,true,true
2022,REG,13,2022120410,3125,0920,CIN,59029,3125.0,"(8:59) (Shotgun) J.Burrow pass short left to C.Evans for 8 yards, TOUCHDOWN.",2,play_type_pass,4,1,8,0920,08:59,KC 8,8,KC,18,2022-12-04T23:55:37.000Z,false,false,true,true,false,false,26,24,9:00,8:55,left,APPROVED,20,24,true,8.649999999999999,10.0,true,true
2022,REG,13,2022120410,3366,0920,CIN,59029,3366.0,(4:09) (Shotgun) P.Mahomes sacked at CIN 37 for -4 yards (J.Ossai).,2,play_type_sack,4,3,3,2310,04:09,CIN 33,33,CIN,77,2022-12-05T00:05:25.000Z,false,false,false,false,false,false,27,24,4:09,4:03,right,APPROVED,27,24,false,3.45,79.7,true,true
2022,REG,13,2022120411,610,4400,LAC,59030,610.0,"(5:15) (Shotgun) D.Carr pass short left intended for M.Hollins INTERCEPTED by B.Callahan (A.Samuel) at LV 26. B.Callahan for 26 yards, TOUCHDOWN.",2,play_type_pass,1,3,5,2520,05:15,LV 21,21,LV,31,2022-12-04T21:47:36.000Z,false,false,true,false,false,true,0,6,5:16,5:08,right,APPROVED,0,0,true,5.5,35.52,true,true
2022,REG,13,2022120411,1295,2520,LV,59030,1295.0,"(7:57) J.Jacobs up the middle for 20 yards, TOUCHDOWN.",2,play_type_rush,2,2,1,2520,07:57,LAC 20,20,LAC,30,2022-12-04T22:17:06.000Z,false,false,true,false,false,false,6,10,7:58,7:54,left,APPROVED,0,10,true,1.34,29.01,true,true
2022,REG,13,2022120411,1371,2520,LV,59030,1371.0,(7:10) J.Herbert sacked at LAC 18 for -9 yards (I.Pola-Mao).,2,play_type_sack,2,2,5,4400,07:10,LAC 27,27,LAC,37,2022-12-04T22:22:13.000Z,false,false,false,false,false,false,7,10,7:10,7:05,right,APPROVED,7,10,false,6.02,41.67,true,true
2022,REG,13,2022120411,1454,2520,LV,59030,1454.0,(5:02) (Shotgun) D.Carr pass deep right to F.Moreau to LAC 47 for 32 yards (D.Tranquill).,2,play_type_pass,2,2,10,2520,05:02,LV 21,21,LV,89,2022-12-04T22:27:11.000Z,false,false,false,false,false,false,7,10,5:02,4:56,left,APPROVED,7,10,true,10.2,79.29,true,true
2022,REG,13,2022120411,2194,2520,LV,59030,2194.0,"(14:36) (Shotgun) D.Carr pass deep left to D.Adams for 31 yards, TOUCHDOWN.",2,play_type_pass,3,1,10,2520,14:36,LAC 31,31,LAC,41,2022-12-04T23:09:03.000Z,false,false,true,false,false,false,16,13,14:36,14:30,left,APPROVED,10,13,true,10.0,31.13,true,true
2022,REG,13,2022120411,2498,2520,LV,59030,2498.0,"(10:58) (No Huddle, Shotgun) D.Carr pass deep middle to D.Adams for 45 yards, TOUCHDOWN.",2,play_type_pass,3,1,10,2520,10:58,LAC 45,45,LAC,55,2022-12-04T23:22:52.000Z,false,false,true,false,false,false,23,13,11:01,10:54,left,APPROVED,17,13,true,10.0,45.02,true,true
2022,REG,13,2022120411,3335,4400,LAC,59030,3335.0,"(8:44) (Shotgun) J.Herbert pass deep right to K.Allen for 35 yards, TOUCHDOWN.",2,play_type_pass,4,4,12,4400,08:44,LV 35,35,LV,45,2022-12-04T23:58:48.000Z,false,false,true,false,false,false,27,19,8:44,8:36,left,APPROVED,27,13,true,12.7,32.99,true,true
2022,REG,13,2022120412,581,1200,DAL,59031,581.0,"(4:50) (Shotgun) D.Prescott pass short right to C.Lamb for 20 yards, TOUCHDOWN.",2,play_type_pass,1,3,9,1200,04:50,IND 20,20,IND,30,2022-12-05T01:41:21.000Z,false,false,true,false,false,false,6,3,4:59,4:51,left,APPROVED,0,3,true,9.72,21.11,true,true
2022,REG,13,2022120412,702,2200,IND,59031,702.0,(3:46) M.Ryan pass deep right to A.Pierce pushed ob at DAL 15 for 45 yards (A.Brown).,2,play_type_pass,1,1,10,2200,03:46,IND 40,40,IND,50,2022-12-05T01:47:51.000Z,false,false,false,false,false,false,7,3,3:47,3:40,right,APPROVED,7,3,true,10.0,59.28,true,true
2022,REG,13,2022120412,752,2200,IND,59031,752.0,"(2:37) (Shotgun) M.Ryan pass short left to A.Dulin for 14 yards, TOUCHDOWN.",2,play_type_pass,1,2,9,2200,02:37,DAL 14,14,DAL,96,2022-12-05T01:49:46.000Z,false,false,true,false,false,false,7,9,2:42,2:38,right,APPROVED,7,3,true,9.54,104.65,true,true
2022,REG,13,2022120412,1048,1200,DAL,59031,1048.0,(14:05) (Shotgun) M.Ryan sacked at IND 16 for -9 yards (D.Wilson).,2,play_type_sack,2,3,5,2200,14:05,IND 25,25,IND,85,2022-12-05T02:02:04.000Z,false,false,false,false,false,false,7,10,14:05,14:03,left,APPROVED,7,10,false,5.46,80.32,true,true
2022,REG,13,2022120412,1475,1200,DAL,59031,1475.0,(5:28) (Shotgun) M.Ryan sacked at IND 48 for -9 yards (A.Barr).,2,play_type_sack,2,3,5,2200,05:28,DAL 43,43,DAL,53,2022-12-05T02:19:25.000Z,false,false,false,false,false,false,14,10,5:28,5:26,left,APPROVED,14,10,false,6.04,48.12,true,true
2022,REG,13,2022120412,1620,2200,IND,59031,1620.0,(2:56) (Shotgun) D.Prescott pass short left intended for M.Gallup INTERCEPTED by S.Gilmore at 50. S.Gilmore to DAL 19 for 31 yards (C.McGovern).,2,play_type_pass,2,3,10,1200,02:56,DAL 35,35,DAL,45,2022-12-05T02:25:49.000Z,false,false,false,false,false,true,14,10,2:56,2:46,right,APPROVED,14,10,true,10.4,54.38,true,false
2022,REG,13,2022120412,1958,1200,DAL,59031,1958.0,(1:03) (Shotgun) M.Ryan pass short left intended for A.Pierce INTERCEPTED by M.Hooker at DAL 48. M.Hooker pushed ob at IND 26 for 26 yards (D.Kelly).,2,play_type_pass,2,2,10,2200,01:03,IND 40,40,IND,70,2022-12-05T02:43:01.000Z,false,false,false,false,false,true,14,13,1:03,:55,left,APPROVED,14,13,true,10.32,60.53,true,true
2022,REG,13,2022120412,2084,1200,DAL,59031,2084.0,"(:20) (Shotgun) D.Prescott pass short right to M.Gallup for 13 yards, TOUCHDOWN.",2,play_type_pass,2,3,9,1200,00:20,IND 13,13,IND,97,2022-12-05T02:48:24.000Z,false,false,true,false,false,false,20,13,:20,:14,right,APPROVED,14,13,true,9.16,105.17,true,true
2022,REG,13,2022120412,2816,2200,IND,59031,2816.0,"(3:48) (Shotgun) M.Ryan pass short left to A.Pierce for 15 yards, TOUCHDOWN.",2,play_type_pass,3,2,13,2200,03:48,DAL 15,15,DAL,95,2022-12-05T03:26:34.000Z,false,false,true,false,false,false,21,19,3:49,3:45,right,APPROVED,21,13,true,13.44,107.66,true,true
2022,REG,13,2022120412,3140,1200,DAL,59031,3140.0,"(13:55) (Shotgun) D.Prescott pass short right to M.Gallup for 3 yards, TOUCHDOWN.",2,play_type_pass,4,1,3,1200,13:55,IND 3,3,IND,107,2022-12-05T03:41:36.000Z,false,false,true,true,false,false,27,19,13:57,13:53,right,APPROVED,21,19,true,3.769999999999996,110.0,true,true
2022,REG,13,2022120412,3499,1200,DAL,59031,3499.0,"(9:54) T.Pollard left end for 30 yards, TOUCHDOWN.",2,play_type_rush,4,1,10,1200,09:54,IND 30,30,IND,80,2022-12-05T04:00:58.000Z,false,false,true,false,false,false,40,19,9:54,9:46,right,APPROVED,34,19,true,10.0,89.55,true,true
2022,REG,13,2022120412,3636,1200,DAL,59031,3636.0,(9:11) (Shotgun) M.Ryan pass short left intended for A.Dulin INTERCEPTED by D.Bland at DAL 28. D.Bland to DAL 28 for no gain (A.Dulin).,2,play_type_pass,4,2,10,2200,09:11,DAL 30,30,DAL,40,2022-12-05T04:07:24.000Z,false,false,false,false,false,true,40,19,9:11,9:07,left,APPROVED,40,19,true,10.52,30.07,false,true
2022,REG,13,2022120412,3779,1200,DAL,59031,3779.0,"(6:11) (Shotgun) E.Elliott left tackle for 4 yards, TOUCHDOWN.",2,play_type_rush,4,2,4,1200,06:11,IND 4,4,IND,106,2022-12-05T04:12:02.000Z,false,false,true,true,false,false,46,19,6:12,6:09,right,APPROVED,40,19,true,4.9,110.0,false,true
2022,REG,13,2022120412,4031,1200,DAL,59031,4031.0,"(4:03) (Shotgun) M.Ryan sacked at IND 31 for -10 yards (O.Odighizuwa). FUMBLES (O.Odighizuwa) [O.Odighizuwa], RECOVERED by DAL-S.Williams at IND 29. S.Williams for 29 yards, TOUCHDOWN. The Replay Official reviewed the runner was not down by contact ruling, and the play was REVERSED. (Shotgun) M.Ryan sacked at IND 31 for -10 yards (O.Odighizuwa). FUMBLES (O.Odighizuwa) [O.Odighizuwa], RECOVERED by DAL-S.Williams at IND 29. S.Williams to IND 29 for no gain (W.Fries).",2,play_type_sack,4,2,10,2200,04:03,IND 41,41,IND,69,2022-12-05T04:19:43.000Z,false,false,false,false,false,true,47,19,4:03,3:59,left,APPROVED,47,19,false,10.4,59.15,true,true
2022,REG,13,2022120412,4151,1200,DAL,59031,4151.0,"(2:31) (Shotgun) M.Davis up the middle for 23 yards, TOUCHDOWN.",2,play_type_rush,4,3,4,1200,02:31,IND 23,23,IND,87,2022-12-05T04:23:58.000Z,false,false,true,false,false,false,53,19,2:33,2:26,right,APPROVED,47,19,true,4.31,90.59,true,true
2022,REG,13,2022120500,523,4900,TB,59032,523.0,(5:09) (Shotgun) A.Dalton sacked at NO 26 for -8 yards (L.David).,2,play_type_sack,1,3,5,3300,05:09,NO 34,34,NO,44,2022-12-06T01:32:08.000Z,false,false,false,false,false,false,3,0,5:11,5:07,right,APPROVED,3,0,false,5.51,48.83,true,true
2022,REG,13,2022120500,704,3300,NO,59032,704.0,(1:50) (Shotgun) A.Dalton pass deep left to R.Shaheed to TB 47 for 40 yards (J.Dean).,2,play_type_pass,1,2,10,3300,01:50,NO 13,13,NO,23,2022-12-06T01:42:30.000Z,false,false,false,false,false,false,3,0,1:50,1:45,right,APPROVED,3,0,true,10.26,32.61,true,true
2022,REG,13,2022120500,1239,3300,NO,59032,1239.0,"(7:41) T.Penning reported in as eligible.  A.Dalton pass deep left to T.Hill for 30 yards, TOUCHDOWN [G.Avery].",2,play_type_pass,2,2,9,3300,07:41,TB 30,30,TB,40,2022-12-06T02:02:39.000Z,false,false,true,false,false,false,3,6,7:41,7:34,left,APPROVED,3,0,true,9.25,31.48,true,true
2022,REG,13,2022120500,1414,3300,NO,59032,1414.0,"(5:05) J.Camarda punts 50 yards to NO 18, Center-Z.Triner. R.Shaheed pushed ob at TB 40 for 42 yards (J.Camarda). NO-Z.Baun was injured during the play. His return is Questionable.",2,play_type_punt,2,4,13,4900,05:05,TB 32,32,TB,42,2022-12-06T02:10:08.000Z,true,false,false,false,false,true,3,7,5:05,4:53,right,APPROVED,3,7,true,13.99,55.3,true,true
2022,REG,13,2022120500,1746,3300,NO,59032,1746.0,(1:32) (Shotgun) T.Brady pass short middle intended for C.Godwin INTERCEPTED by D.Davis at NO 47. D.Davis to TB 49 for 4 yards (R.Gage).,2,play_type_pass,2,1,10,4900,01:32,TB 49,49,TB,59,2022-12-06T02:28:11.000Z,false,false,false,false,false,true,3,7,1:32,1:30,right,APPROVED,3,7,true,10.0,68.83,true,true
2022,REG,13,2022120500,2857,3300,NO,59032,2857.0,(13:28) (Shotgun) A.Dalton pass deep right to C.Olave pushed ob at TB 47 for 26 yards (Z.McCollum).,2,play_type_pass,4,3,3,3300,13:28,NO 27,27,NO,83,2022-12-06T03:24:30.000Z,false,false,false,false,false,false,3,13,13:29,13:24,left,APPROVED,3,13,true,3.13,80.24,true,true
2022,REG,13,2022120500,3646,4900,TB,59032,3646.0,"(3:03) T.Brady pass short right to C.Otton for 1 yard, TOUCHDOWN.",2,play_type_pass,4,1,1,4900,03:03,NO 1,1,NO,109,2022-12-06T03:52:27.000Z,false,false,true,true,false,false,9,16,3:03,3:01,right,APPROVED,3,16,true,1.5400000000000063,110.0,true,true
2022,REG,13,2022120500,4092,4900,TB,59032,4092.0,"(:08) (Shotgun) T.Brady pass short right to R.White for 6 yards, TOUCHDOWN.",2,play_type_pass,4,3,6,4900,00:08,NO 6,6,NO,104,2022-12-06T04:08:57.000Z,false,false,true,true,false,false,16,16,:08,:04,right,APPROVED,10,16,true,6.54,110.0,true,true
2022,REG,14,2022120800,100,2520,LV,59033,100.0,"(13:42) (Shotgun) D.Carr pass deep right to D.Adams to LA 38 for 32 yards (J.Ramsey). Penalty on LA-J.Ramsey, Defensive Pass Interference, declined.",2,play_type_pass,1,3,5,2520,13:42,LV 30,30,LV,40,2022-12-09T01:17:36.000Z,false,false,false,false,false,false,0,0,13:43,13:37,right,APPROVED,0,0,true,5.22,44.96,true,true
2022,REG,14,2022120800,1287,2510,LA,59033,1287.0,(5:37) (Shotgun) B.Mayfield pass deep middle to B.Skowronek to LV 23 for 22 yards (S.Jones).,2,play_type_pass,2,3,13,2510,05:37,LV 45,45,LV,65,2022-12-09T02:12:51.000Z,false,false,false,false,false,false,3,13,5:37,5:32,right,APPROVED,3,13,true,13.7,77.47,true,true
2022,REG,14,2022120800,1584,2510,LA,59033,1584.0,(:56) (Shotgun) D.Carr pass short middle intended for M.Hollins INTERCEPTED by E.Jones [G.Gaines] at LA -5. Touchback.,2,play_type_pass,2,3,5,2520,00:56,LA 10,10,LA,20,2022-12-09T02:27:42.000Z,false,false,false,false,false,true,3,13,:56,:49,left,APPROVED,3,13,true,5.44,14.58,true,true
2022,REG,14,2022120800,3782,2510,LA,59033,3782.0,"(:15) (Shotgun) B.Mayfield pass deep left to V.Jefferson for 23 yards, TOUCHDOWN.",2,play_type_pass,4,2,10,2510,00:15,LV 23,23,LV,87,2022-12-09T04:13:42.000Z,false,false,true,false,false,false,16,16,:15,:12,right,APPROVED,10,16,true,10.71,96.58,true,true
2022,REG,14,2022121100,1949,0610,BUF,59034,1949.0,"(:34) (Shotgun) J.Allen pass short right to D.Knox for 24 yards, TOUCHDOWN.",2,play_type_pass,2,1,10,0610,00:34,NYJ 24,24,NYJ,34,2022-12-11T19:23:53.000Z,false,false,true,false,false,false,6,0,:34,,left,APPROVED,0,0,true,10.0,24.48,true,true
2022,REG,14,2022121100,2212,3430,NYJ,59034,2212.0,(12:55) (Shotgun) M.White pass deep right to B.Berrios to BUF 36 for 25 yards (D.Jackson).,2,play_type_pass,3,3,10,3430,12:55,NYJ 39,39,NYJ,49,2022-12-11T19:45:52.000Z,false,false,false,false,false,false,7,0,12:55,12:51,right,APPROVED,7,0,true,10.4,59.24,true,true
2022,REG,14,2022121100,2305,3430,NYJ,59034,2305.0,"(10:05) (Shotgun) Z.Knight left tackle for 13 yards, TOUCHDOWN.",2,play_type_rush,3,1,10,3430,10:05,BUF 13,13,BUF,97,2022-12-11T19:48:43.000Z,false,false,true,false,false,false,7,6,10:06,9:59,right,APPROVED,7,0,true,10.0,106.58,true,true
2022,REG,14,2022121100,2384,0610,BUF,59034,2384.0,(9:56) (Shotgun) J.Allen pass short right to S.Diggs pushed ob at NYJ 43 for 32 yards (L.Joyner).,2,play_type_pass,3,2,10,0610,09:56,BUF 25,25,BUF,85,2022-12-11T19:53:48.000Z,false,false,false,false,false,false,7,7,9:56,9:50,left,APPROVED,7,7,true,10.31,75.4,true,false
2022,REG,14,2022121100,2531,0610,BUF,59034,2531.0,"(7:24) (Shotgun) J.Allen right guard for 5 yards, TOUCHDOWN.",2,play_type_rush,3,1,5,0610,07:24,NYJ 5,5,NYJ,15,2022-12-11T19:57:22.000Z,false,false,true,true,false,false,13,7,7:25,7:21,left,APPROVED,7,7,true,5.539999999999999,10.0,true,true
2022,REG,14,2022121100,2715,0610,BUF,59034,2715.0,"(4:41) J.Flacco in at QB. J.Flacco sacked at NYJ 45 for -5 yards (G.Rousseau). FUMBLES (G.Rousseau) [G.Rousseau], RECOVERED by BUF-D.Jones at NYJ 44.",2,play_type_sack,3,2,10,3430,04:41,50,50,,60,2022-12-11T20:08:31.000Z,false,false,false,false,false,true,14,7,4:41,4:37,right,APPROVED,14,7,false,10.38,70.32,true,true
2022,REG,14,2022121101,1372,0920,CIN,59035,1372.0,"(9:46) (Shotgun) J.Burrow pass short middle to J.Chase for 15 yards, TOUCHDOWN.",2,play_type_pass,2,1,10,0920,09:46,CLE 15,15,CLE,25,2022-12-11T19:00:13.000Z,false,false,true,false,false,false,6,0,9:47,9:43,left,APPROVED,0,0,true,10.0,15.07,true,true
2022,REG,14,2022121101,1926,0920,CIN,59035,1926.0,(1:44) (Shotgun) J.Burrow pass short middle to T.Taylor to CLV 19 for 34 yards (G.Delpit).,2,play_type_pass,2,3,10,0920,01:44,CIN 47,47,CIN,63,2022-12-11T19:25:35.000Z,false,false,false,false,false,false,7,3,1:44,1:37,left,APPROVED,7,3,true,10.41,53.12,true,true
2022,REG,14,2022121101,2018,0920,CIN,59035,2018.0,"(:30) (No Huddle, Shotgun) S.Perine right guard for 6 yards, TOUCHDOWN.",2,play_type_rush,2,1,6,0920,00:30,CLE 6,6,CLE,16,2022-12-11T19:28:02.000Z,false,false,true,true,false,false,13,3,:31,:25,left,APPROVED,7,3,true,6.16,10.0,true,true
2022,REG,14,2022121101,2687,0920,CIN,59035,2687.0,"(7:33) (Shotgun) J.Burrow pass deep middle to T.Irwin for 45 yards, TOUCHDOWN.",2,play_type_pass,3,1,10,0920,07:33,CLE 45,45,CLE,55,2022-12-11T20:06:58.000Z,false,false,true,false,false,false,19,3,7:33,7:27,left,APPROVED,13,3,true,10.0,45.01,true,true
2022,REG,14,2022121101,3067,1050,CLE,59035,3067.0,"(2:25) (No Huddle) D.Watson pass short right to D.Njoku for 13 yards, TOUCHDOWN.",2,play_type_pass,3,1,10,1050,02:25,CIN 13,13,CIN,97,2022-12-11T20:21:36.000Z,false,false,true,false,false,false,20,9,2:25,2:19,right,APPROVED,20,3,true,10.0,107.09,true,true
2022,REG,14,2022121101,3123,0920,CIN,59035,3123.0,(2:17) J.Mixon right end pushed ob at CLV 35 for 40 yards (J.Johnson).,2,play_type_rush,3,1,10,0920,02:17,CIN 25,25,CIN,85,2022-12-11T20:24:19.000Z,false,false,false,false,false,false,20,10,2:17,2:09,left,APPROVED,20,10,true,10.0,75.08,true,true
2022,REG,14,2022121101,3391,0920,CIN,59035,3391.0,(13:48) (Shotgun) D.Watson pass deep left intended for D.Peoples-Jones INTERCEPTED by J.Bates at CIN 37. J.Bates ran ob at CIN 44 for 7 yards (D.Felton).,2,play_type_pass,4,1,10,1050,13:48,CLE 42,42,CLE,68,2022-12-11T20:34:58.000Z,false,false,false,false,false,true,23,10,13:48,13:40,left,APPROVED,23,10,true,10.0,58.01,true,true
2022,REG,14,2022121101,3520,1050,CLE,59035,3520.0,(10:53) (Shotgun) J.Burrow pass short right intended for J.Chase INTERCEPTED by D.Jones (J.Clowney) at CLV 24. D.Jones to CLV 29 for 5 yards (S.Perine).,2,play_type_pass,4,3,5,0920,10:53,CLE 26,26,CLE,84,2022-12-11T20:40:59.000Z,false,false,false,false,false,true,23,10,10:54,10:46,right,APPROVED,23,10,true,5.75,89.03,true,true
2022,REG,14,2022121102,220,1200,DAL,59036,220.0,(12:45) (No Huddle) E.Elliott up the middle to HST 12 for 25 yards (D.King; T.Thomas).,2,play_type_rush,1,3,3,1200,12:45,HOU 37,37,HOU,73,2022-12-11T18:10:09.000Z,false,false,false,false,false,false,0,0,12:47,12:40,right,APPROVED,0,0,true,2.91,74.95,true,true
2022,REG,14,2022121102,262,1200,DAL,59036,262.0,"(11:25) (Shotgun) T.Pollard right end for 11 yards, TOUCHDOWN.",2,play_type_rush,1,2,9,1200,11:25,HOU 11,11,HOU,99,2022-12-11T18:11:29.000Z,false,false,true,false,false,false,6,0,11:26,11:20,right,APPROVED,0,0,true,9.43,107.58,true,true
2022,REG,14,2022121102,381,1200,DAL,59036,381.0,"(9:11) C.Johnston punts 47 yards to DAL 25, Center-J.Weeks. K.Turpin MUFFS catch, RECOVERED by HST-B.Cashman at DAL 24.",2,play_type_punt,1,4,7,2120,09:11,HOU 28,28,HOU,82,2022-12-11T18:17:57.000Z,true,false,false,false,false,false,7,0,9:12,9:02,left,APPROVED,7,0,false,7.26,75.13,true,true
2022,REG,14,2022121102,758,2120,HOU,59036,758.0,"(2:49) D.Mills pass deep right to C.Moore ran ob at DAL 27 for 36 yards. Dallas challenged the pass completion ruling, and the play was Upheld. The ruling on the field stands. (Timeout #1.)",2,play_type_pass,1,2,1,2120,02:49,HOU 37,37,HOU,73,2022-12-11T18:33:31.000Z,false,false,false,false,false,false,7,7,2:49,2:44,left,APPROVED,7,7,true,1.0,72.03,true,true
2022,REG,14,2022121102,959,1200,DAL,59036,959.0,"(14:56) (Shotgun) D.Prescott pass deep right to N.Brown to HST 26 for 51 yards (J.Pitre). Penalty on HST-T.Thomas, Defensive Holding, declined.",2,play_type_pass,2,3,12,1200,14:56,DAL 23,23,DAL,87,2022-12-11T18:45:43.000Z,false,false,false,false,false,false,7,10,14:56,14:48,left,APPROVED,7,10,true,12.24,75.49,true,true
2022,REG,14,2022121102,1087,1200,DAL,59036,1087.0,"(12:34) (Shotgun) D.Prescott pass short left to T.Pollard for 10 yards, TOUCHDOWN.",2,play_type_pass,2,2,10,1200,12:34,HOU 10,10,HOU,20,2022-12-11T18:49:14.000Z,false,false,true,true,false,false,13,10,12:35,12:29,left,APPROVED,7,10,true,10.26,10.0,true,true
2022,REG,14,2022121102,1566,2120,HOU,59036,1566.0,"(3:21) (No Huddle, Shotgun) D.Prescott pass short right intended for N.Brown INTERCEPTED by T.Smith (M.Stewart) at HST 47. T.Smith pushed ob at DAL 27 for 26 yards (E.Elliott).",2,play_type_pass,2,2,8,1200,03:21,DAL 38,38,DAL,72,2022-12-11T19:11:35.000Z,false,false,false,false,false,true,14,10,3:22,3:13,left,APPROVED,14,10,true,8.34,64.15,true,true
2022,REG,14,2022121102,1641,2120,HOU,59036,1641.0,"(2:30) (Shotgun) J.Driskel pass deep right to A.Rodgers for 28 yards, TOUCHDOWN.",2,play_type_pass,2,2,11,2120,02:30,DAL 28,28,DAL,82,2022-12-11T19:14:06.000Z,false,false,true,false,false,false,14,16,2:31,2:25,right,APPROVED,14,10,true,11.16,92.57,true,true
2022,REG,14,2022121102,1870,1200,DAL,59036,1870.0,(1:21) (Shotgun) D.Prescott pass short middle to D.Schultz to HST 15 for 22 yards (C.Harris).,2,play_type_pass,2,3,10,1200,01:21,HOU 37,37,HOU,47,2022-12-11T19:23:17.000Z,false,false,false,false,false,false,14,17,1:21,1:14,left,APPROVED,14,17,true,10.54,37.01,true,true
2022,REG,14,2022121102,3512,2120,HOU,59036,3512.0,(5:45) (Shotgun) D.Prescott pass short right intended for D.Schultz INTERCEPTED by T.Smith (O.Okoronkwo) at DAL 11. T.Smith to DAL 4 for 7 yards (D.Schultz).,2,play_type_pass,4,2,20,1200,05:45,DAL 3,3,DAL,13,2022-12-11T20:44:24.000Z,false,false,false,false,false,true,20,23,5:46,5:38,right,APPROVED,20,23,true,20.62,32.7,true,true
2022,REG,14,2022121103,351,1540,DET,59037,351.0,"(10:34) J.Goff pass deep middle to J.Williams for 41 yards, TOUCHDOWN.",2,play_type_pass,1,2,5,1540,10:34,MIN 41,41,MIN,51,2022-12-11T18:15:05.000Z,false,false,true,false,false,false,6,0,10:35,10:28,left,APPROVED,0,0,true,5.33,46.58,true,true
2022,REG,14,2022121103,1513,1540,DET,59037,1513.0,"(6:56) R.Wright punts 64 yards to DET 17, Center-A.DePaola. K.Raymond to MIN 48 for 35 yards (J.Nailor). MIN-K.Boyd was injured during the play.",2,play_type_punt,2,4,1,3000,06:56,MIN 19,19,MIN,91,2022-12-11T19:04:16.000Z,true,false,false,false,false,true,7,7,6:56,6:44,left,APPROVED,7,7,true,0.99,90.37,true,true
2022,REG,14,2022121103,1567,1540,DET,59037,1567.0,"(6:41) (Shotgun) J.Goff pass deep left to D.Chark for 48 yards, TOUCHDOWN.",2,play_type_pass,2,1,10,1540,06:41,MIN 48,48,MIN,62,2022-12-11T19:06:04.000Z,false,false,true,false,false,false,13,7,6:42,6:36,right,APPROVED,7,7,true,10.0,71.52,true,true
2022,REG,14,2022121103,1905,1540,DET,59037,1905.0,"(1:06) O.Udoh reported in as eligible.  D.Cook sacked at DET 6 for -3 yards (I.Buggs). FUMBLES (I.Buggs) [I.Buggs], touched at DET 8, RECOVERED by DET-K.Joseph at DET 16. K.Joseph to DET 22 for 6 yards (K.Cousins; E.Cleveland).",2,play_type_sack,2,1,3,3000,01:06,DET 3,3,DET,13,2022-12-11T19:25:34.000Z,false,false,false,true,false,true,14,7,1:06,1:00,left,APPROVED,14,7,false,3.4800000000000004,10.0,true,true
2022,REG,14,2022121103,2659,1540,DET,59037,2659.0,"(5:48) J.Goff pass short middle to J.Reynolds for 5 yards, TOUCHDOWN.",2,play_type_pass,3,1,5,1540,05:48,MIN 5,5,MIN,105,2022-12-11T20:02:50.000Z,false,false,true,true,false,false,20,7,5:49,5:46,right,APPROVED,14,7,true,5.290000000000006,110.0,true,true
2022,REG,14,2022121103,2734,3000,MIN,59037,2734.0,(5:04) (Shotgun) K.Cousins pass deep middle to T.Hockenson to MIN 37 for 21 yards (D.Elliott).,2,play_type_pass,3,2,19,3000,05:04,MIN 16,16,MIN,94,2022-12-11T20:07:44.000Z,false,false,false,false,false,false,21,7,5:06,5:01,left,APPROVED,21,7,true,19.59,75.16,true,true
2022,REG,14,2022121103,2758,3000,MIN,59037,2758.0,(4:29) K.Cousins pass deep left to J.Jefferson to DET 29 for 34 yards (K.Joseph) [J.Cominsky].,2,play_type_pass,3,1,10,3000,04:29,MIN 37,37,MIN,73,2022-12-11T20:08:19.000Z,false,false,false,false,false,false,21,7,4:30,4:20,left,APPROVED,21,7,true,10.0,63.24,true,true
2022,REG,14,2022121103,2849,3000,MIN,59037,2849.0,"(2:24) (Shotgun) K.Cousins pass short left to A.Thielen for 23 yards, TOUCHDOWN.",2,play_type_pass,3,4,4,3000,02:24,DET 23,23,DET,33,2022-12-11T20:11:13.000Z,false,false,true,false,false,false,21,13,2:24,2:19,left,APPROVED,21,7,true,4.36,29.16,true,true
2022,REG,14,2022121103,3154,1540,DET,59037,3154.0,"(13:35) J.Jackson up the middle for 15 yards, TOUCHDOWN.",2,play_type_rush,4,2,10,1540,13:35,MIN 15,15,MIN,25,2022-12-11T20:24:32.000Z,false,false,true,false,false,false,27,13,13:35,13:30,left,APPROVED,21,13,true,10.29,15.41,true,true
2022,REG,14,2022121103,3207,3000,MIN,59037,3207.0,(13:28) K.Cousins pass deep left to J.Jefferson to DET 28 for 47 yards (K.Joseph) [I.Buggs].,2,play_type_pass,4,1,10,3000,13:28,MIN 25,25,MIN,35,2022-12-11T20:29:36.000Z,false,false,false,false,false,false,28,13,13:28,,right,APPROVED,28,13,true,10.0,44.81,true,true
2022,REG,14,2022121103,3699,3000,MIN,59037,3699.0,"(3:41) (No Huddle, Shotgun) K.Cousins pass deep right to J.Jefferson pushed ob at DET 32 for 39 yards (D.Elliott). MIN-B.Brandel was injured during the play.",2,play_type_pass,4,2,6,3000,03:41,MIN 29,29,MIN,39,2022-12-11T20:53:01.000Z,false,false,false,false,false,false,31,16,3:42,3:34,right,APPROVED,31,16,true,6.6,44.76,true,true
2022,REG,14,2022121103,3817,3000,MIN,59037,3817.0,"(2:56) (Shotgun) K.Cousins pass short left to K.Osborn for 15 yards, TOUCHDOWN.",2,play_type_pass,4,3,5,3000,02:56,DET 15,15,DET,95,2022-12-11T20:56:32.000Z,false,false,true,false,false,false,31,22,2:56,2:52,right,APPROVED,31,16,true,4.8,99.76,true,true
2022,REG,14,2022121104,535,3700,PHI,59038,535.0,"(4:17) (No Huddle, Shotgun) M.Sanders right guard for 3 yards, TOUCHDOWN.",2,play_type_rush,1,3,1,3700,04:17,NYG 3,3,NYG,107,2022-12-11T18:18:50.000Z,false,false,true,false,false,false,0,6,4:21,4:18,right,APPROVED,0,0,true,1.04,107.04,true,true
2022,REG,14,2022121104,1047,3700,PHI,59038,1047.0,"(12:14) (Shotgun) J.Hurts pass deep right to D.Smith for 41 yards, TOUCHDOWN [D.Lawrence].",2,play_type_pass,2,4,7,3700,12:14,NYG 41,41,NYG,51,2022-12-11T18:40:32.000Z,false,false,true,false,false,false,0,13,12:14,12:07,left,APPROVED,0,7,true,7.35,44.31,true,true
2022,REG,14,2022121104,1292,3700,PHI,59038,1292.0,"(8:24) (Shotgun) J.Hurts pass deep right to A.Brown for 33 yards, TOUCHDOWN.",2,play_type_pass,2,1,10,3700,08:24,NYG 33,33,NYG,43,2022-12-11T18:54:08.316Z,false,false,true,false,false,false,0,20,8:24,8:18,left,APPROVED,0,14,true,10.0,33.24,true,true
2022,REG,14,2022121104,1585,3700,PHI,59038,1585.0,"(4:25) A.Siposs punt is BLOCKED by E.Smith, Center-R.Lovato, recovered by PHI-A.Siposs at PHI 2. A.Siposs ran ob at PHI 15 for 13 yards (Z.Gilbert). PHI-A.Siposs was injured during the play.",2,play_type_punt,2,4,16,3700,04:25,PHI 2,2,PHI,108,2022-12-11T19:10:04.000Z,true,false,false,false,false,true,0,21,4:25,4:17,left,APPROVED,0,21,false,16.31,92.35,true,true
2022,REG,14,2022121104,1671,3410,NYG,59038,1671.0,"(3:03) D.Jones pass short right to I.Hodgins for 2 yards, TOUCHDOWN.",2,play_type_pass,2,2,2,3410,03:03,PHI 2,2,PHI,108,2022-12-11T19:13:42.000Z,false,false,true,true,false,false,6,21,3:04,2:58,right,APPROVED,0,21,true,2.64,110.0,true,true
2022,REG,14,2022121104,1712,3700,PHI,59038,1712.0,G.Gano kicks 66 yards from NYG 35 to PHI -1. B.Scott pushed ob at NYG 35 for 66 yards (Z.Gilbert).,32,play_type_kickoff,2,0,0,3410,02:57,NYG 35,35,NYG,45,2022-12-11T19:15:56.000Z,true,false,false,false,false,true,7,21,2:57,2:48,right,APPROVED,7,21,true,,,true,true
2022,REG,14,2022121104,2725,3700,PHI,59038,2725.0,"(1:45) (Shotgun) J.Hurts right tackle for 10 yards, TOUCHDOWN.",2,play_type_rush,3,1,10,3700,01:45,NYG 10,10,NYG,100,2022-12-11T20:08:23.000Z,false,false,true,true,false,false,14,33,1:47,1:42,right,APPROVED,14,27,true,10.980000000000004,110.0,true,true
2022,REG,14,2022121104,2954,3410,NYG,59038,2954.0,(15:00) (Shotgun) J.Hurts sacked at PHI 36 for -8 yards (A.Ojulari).,2,play_type_sack,4,2,10,3700,15:00,PHI 44,44,PHI,66,2022-12-11T20:20:03.000Z,false,false,false,false,false,false,14,34,15:00,14:56,left,APPROVED,14,34,false,10.17,56.57,true,true
2022,REG,14,2022121104,3131,3410,NYG,59038,3131.0,"(11:50) (No Huddle, Shotgun) D.Jones pass deep right to D.Slayton to PHI 25 for 37 yards (K.Wallace).",2,play_type_pass,4,2,8,3410,11:50,NYG 38,38,NYG,48,2022-12-11T20:27:20.000Z,false,false,false,false,false,false,14,34,11:51,11:44,right,APPROVED,14,34,true,8.29,55.53,true,true
2022,REG,14,2022121104,3398,3700,PHI,59038,3398.0,"(6:10) (Shotgun) M.Sanders right tackle for 40 yards, TOUCHDOWN.",2,play_type_rush,4,1,10,3700,06:10,NYG 40,40,NYG,50,2022-12-11T20:40:33.000Z,false,false,true,false,false,false,14,40,6:10,6:03,left,APPROVED,14,34,true,10.0,40.58,true,true
2022,REG,14,2022121104,3486,3700,PHI,59038,3486.0,"(5:37) (No Huddle, Shotgun) T.Taylor sacked at NYG 19 for -8 yards (B.Graham). FUMBLES (B.Graham) [B.Graham], RECOVERED by PHI-P.Johnson at NYG 23.",2,play_type_sack,4,2,8,3410,05:37,NYG 27,27,NYG,37,2022-12-11T20:43:36.000Z,false,false,false,false,false,true,14,41,5:38,5:32,right,APPROVED,14,41,false,8.71,44.57,true,true
2022,REG,14,2022121104,3582,3700,PHI,59038,3582.0,"(3:14) (Shotgun) B.Scott up the middle for 3 yards, TOUCHDOWN.",2,play_type_rush,4,2,1,3700,03:14,NYG 3,3,NYG,13,2022-12-11T20:47:50.000Z,false,false,true,false,false,false,14,47,3:14,3:12,left,APPROVED,14,41,true,1.07,11.99,true,true
2022,REG,14,2022121104,3797,3700,PHI,59038,3797.0,"(1:34) (No Huddle, Shotgun) T.Taylor sacked at NYG 49 for -9 yards (M.Williams).",2,play_type_sack,4,3,6,3410,01:34,PHI 42,42,PHI,68,,false,false,false,false,false,false,14,48,1:36,1:31,right,APPROVED,14,48,false,6.77,73.69,true,true
2022,REG,14,2022121104,3816,3410,NYG,59038,3816.0,(1:00) (Shotgun) T.Taylor scrambles up the middle to PHI 19 for 32 yards (K.Wallace).,2,play_type_rush,4,4,15,3410,01:00,NYG 49,49,NYG,59,2022-12-11T20:57:07.000Z,false,false,false,false,false,false,14,48,1:01,:50,right,APPROVED,14,48,true,15.38,73.69,true,true
2022,REG,14,2022121105,246,0325,BAL,59039,246.0,(11:04) (Shotgun) K.Pickett sacked at PIT 38 for -7 yards (R.Smith).,2,play_type_sack,1,3,4,3900,11:04,PIT 45,45,PIT,55,2022-12-11T18:08:36.000Z,false,false,false,false,false,false,0,0,11:05,10:58,right,APPROVED,0,0,false,4.15,58.82,true,true
2022,REG,14,2022121105,695,0325,BAL,59039,695.0,(3:16) (Shotgun) J.Dobbins up the middle to PIT 4 for 44 yards (M.Fitzpatrick).,2,play_type_rush,1,1,10,0325,03:16,PIT 48,48,PIT,58,2022-12-11T18:31:15.217Z,false,false,false,false,false,false,0,3,3:16,3:08,left,APPROVED,0,3,true,10.0,48.13,true,true
2022,REG,14,2022121105,716,0325,BAL,59039,716.0,"(2:36) (Shotgun) J.Dobbins right tackle for 4 yards, TOUCHDOWN.",2,play_type_rush,1,1,4,0325,02:36,PIT 4,4,PIT,14,2022-12-11T18:32:02.664Z,false,false,true,true,false,false,0,9,2:37,2:32,left,APPROVED,0,3,true,4.220000000000001,10.0,true,true
2022,REG,14,2022121105,848,3900,PIT,59039,848.0,(:57) M.Trubisky pass deep left to G.Pickens to BLT 7 for 42 yards (M.Williams; M.Humphrey).,2,play_type_pass,1,1,10,3900,00:57,BAL 49,49,BAL,61,2022-12-11T18:38:39.000Z,false,false,false,false,false,false,0,10,:58,:51,right,APPROVED,0,10,true,10.0,70.68,true,true
2022,REG,14,2022121105,1462,0325,BAL,59039,1462.0,(4:07) (Shotgun) T.Huntley pass deep left to D.Jackson to PIT 43 for 25 yards (J.Pierre).,2,play_type_pass,2,3,7,0325,04:07,BAL 32,32,BAL,42,2022-12-11T19:03:20.000Z,false,false,false,false,false,false,7,10,4:08,4:01,right,APPROVED,7,10,true,7.95,48.88,true,true
2022,REG,14,2022121105,1795,0325,BAL,59039,1795.0,(:26) (Shotgun) M.Trubisky pass short middle intended for P.Freiermuth INTERCEPTED by P.Queen at BLT 8. P.Queen to BLT 8 for no gain (J.Warren).,2,play_type_pass,2,1,10,3900,00:26,BAL 23,23,BAL,33,2022-12-11T19:20:16.000Z,false,false,false,false,false,true,7,13,:26,:21,left,APPROVED,7,13,true,10.0,23.09,true,true
2022,REG,14,2022121105,2351,0325,BAL,59039,2351.0,"(3:12) M.Trubisky pass deep left intended for D.Johnson INTERCEPTED by M.Williams at BLT 1. Touchback. The Replay Official reviewed the touchback ruling, and the play was REVERSED. M.Trubisky pass deep left intended for D.Johnson INTERCEPTED by M.Williams at BLT 1. M.Williams to BLT 1 for no gain.",2,play_type_pass,3,1,10,3900,03:12,BAL 46,46,BAL,56,2022-12-11T19:55:21.000Z,false,false,false,false,false,true,7,13,3:12,3:04,left,APPROVED,7,13,true,10.0,46.17,true,true
2022,REG,14,2022121105,3305,3900,PIT,59039,3305.0,"(2:34) (Shotgun) M.Trubisky pass short middle to P.Freiermuth for 10 yards, TOUCHDOWN.",2,play_type_pass,4,2,10,3900,02:34,BAL 10,10,BAL,100,2022-12-11T20:38:30.000Z,false,false,true,true,false,false,13,16,2:34,2:32,right,APPROVED,7,16,true,10.72,110.0,true,true
2022,REG,14,2022121106,338,2100,TEN,59040,338.0,"(9:13) D.Henry up the middle for 3 yards, TOUCHDOWN.",2,play_type_rush,1,1,3,2100,09:13,JAX 3,3,JAX,107,2022-12-11T18:13:22.000Z,false,false,true,true,false,false,6,0,9:14,9:11,right,APPROVED,0,0,true,3.680000000000007,110.0,true,true
2022,REG,14,2022121106,526,2250,JAX,59040,526.0,"(6:53) (Shotgun) R.Tannehill sacked at TEN 19 for -9 yards (T.Walker). FUMBLES (T.Walker) [T.Walker], touched at TEN 19, RECOVERED by JAX-D.Smoot at TEN 20.",2,play_type_sack,1,3,6,2100,06:53,TEN 28,28,TEN,38,2022-12-11T18:23:52.000Z,false,false,false,false,false,true,7,0,6:54,6:49,right,APPROVED,7,0,false,6.63,43.47,true,true
2022,REG,14,2022121106,598,2250,JAX,59040,598.0,"(6:07) (Shotgun) T.Lawrence pass short right to E.Engram for 12 yards, TOUCHDOWN. Penalty on TEN-M.Edwards, Illegal Use of Hands, declined.",2,play_type_pass,1,3,2,2250,06:07,TEN 12,12,TEN,22,2022-12-11T18:26:19.000Z,false,false,true,false,false,false,7,6,6:07,6:02,left,APPROVED,7,0,true,2.65,19.74,true,true
2022,REG,14,2022121106,687,2100,TEN,59040,687.0,"(5:56) (Shotgun) D.Henry up the middle to JAX 25 for 50 yards (A.Wingard, D.Williams).",2,play_type_rush,1,2,10,2100,05:56,TEN 25,25,TEN,35,2022-12-11T18:31:30.000Z,false,false,false,false,false,false,7,7,5:56,5:47,right,APPROVED,7,7,true,10.29,44.44,true,true
2022,REG,14,2022121106,779,2100,TEN,59040,779.0,"(3:09) (Shotgun) R.Tannehill pass short middle to C.Okonkwo for 10 yards, TOUCHDOWN [A.Gotsis].",2,play_type_pass,1,2,7,2100,03:09,JAX 10,10,JAX,100,2022-12-11T18:34:17.000Z,false,false,true,false,false,false,13,7,3:11,3:05,right,APPROVED,7,7,true,7.57,106.64,true,true
2022,REG,14,2022121106,1223,2250,JAX,59040,1223.0,(11:19) (Shotgun) T.Lawrence pass short left to E.Engram to TEN 14 for 25 yards (K.Byard).,2,play_type_pass,2,2,7,2250,11:19,TEN 39,39,TEN,71,2022-12-11T18:54:02.000Z,false,false,false,false,false,false,14,7,11:19,11:12,right,APPROVED,14,7,true,7.52,77.86,true,true
2022,REG,14,2022121106,1956,2250,JAX,59040,1956.0,"(:15) (Shotgun) T.Lawrence pass incomplete deep right to Z.Jones (R.McCreary). The Replay Official reviewed the incomplete pass ruling, and the play was REVERSED. (Shotgun) T.Lawrence pass deep right to Z.Jones for 20 yards, TOUCHDOWN.",2,play_type_pass,2,2,1,2250,00:15,TEN 20,20,TEN,90,2022-12-11T19:27:43.000Z,false,false,true,false,false,false,14,19,:15,:11,right,APPROVED,14,13,true,1.12,90.96,true,true
2022,REG,14,2022121106,2876,2250,JAX,59040,2876.0,"(3:12) (Shotgun) T.Lawrence pass deep left to E.Engram for 21 yards, TOUCHDOWN.",2,play_type_pass,3,2,11,2250,03:12,TEN 21,21,TEN,89,2022-12-11T20:18:11.000Z,false,false,true,false,false,false,14,33,3:12,3:08,right,APPROVED,14,27,true,11.25,99.94,true,true
2022,REG,14,2022121106,3554,2100,TEN,59040,3554.0,(9:03) (Shotgun) R.Tannehill pass short middle to A.Hooper pushed ob at JAX 14 for 24 yards (J.Allen).,2,play_type_pass,4,2,20,2100,09:03,JAX 38,38,JAX,72,2022-12-11T20:49:08.000Z,false,false,false,false,false,false,14,36,9:03,8:56,right,APPROVED,14,36,true,20.34,91.53,true,true
2022,REG,14,2022121106,3680,2100,TEN,59040,3680.0,"(7:20) (Shotgun) R.Tannehill pass short right to N.Westbrook-Ikhine for 2 yards, TOUCHDOWN [A.Wingard]. The Replay Official reviewed the pass completion ruling, and the play was Upheld. The ruling on the field stands.",2,play_type_pass,4,3,2,2100,07:20,JAX 2,2,JAX,108,2022-12-11T20:51:37.000Z,false,false,true,true,false,false,20,36,7:20,7:17,right,APPROVED,14,36,true,3.17,110.0,true,true
2022,REG,14,2022121107,344,4400,LAC,59041,344.0,(10:48) (Shotgun) J.Herbert pass deep right to M.Williams to MIA 18 for 23 yards (X.Howard).,2,play_type_pass,1,3,9,4400,10:48,MIA 41,41,MIA,69,2022-12-12T01:31:57.000Z,false,false,false,false,false,false,0,0,10:48,10:43,right,APPROVED,0,0,true,9.19,77.3,true,true
2022,REG,14,2022121107,1188,4400,LAC,59041,1188.0,"(9:57) J.Herbert pass short right to M.Williams for 10 yards, TOUCHDOWN.",2,play_type_pass,2,2,8,4400,09:57,MIA 10,10,MIA,20,2022-12-12T02:09:23.000Z,false,false,true,false,false,false,9,0,9:57,9:52,left,APPROVED,3,0,true,8.44,12.24,true,true
2022,REG,14,2022121107,1320,2700,MIA,59041,1320.0,"(9:02) (Shotgun) J.Wilson up the middle to MIA 47 for 6 yards (A.Gilman). FUMBLES (A.Gilman), touched at MIA 44, recovered by MIA-T.Hill at MIA 43. T.Hill for 57 yards, TOUCHDOWN.",2,play_type_rush,2,2,4,2700,09:02,MIA 41,41,MIA,51,2022-12-12T02:16:24.000Z,false,false,true,false,false,false,10,6,9:03,8:59,right,APPROVED,10,0,true,3.85,54.47,true,true
2022,REG,14,2022121107,1457,2700,MIA,59041,1457.0,(7:04) (Shotgun) J.Herbert sacked at LAC 21 for -4 yards (E.Rowe).,2,play_type_sack,2,3,10,4400,07:04,LAC 25,25,LAC,85,2022-12-12T02:24:00.000Z,false,false,false,false,false,false,10,7,7:04,7:00,left,APPROVED,10,7,false,10.47,75.11,true,true
2022,REG,14,2022121107,2795,2700,MIA,59041,2795.0,"(6:31) (Shotgun) T.Tagovailoa pass deep right to T.Hill for 60 yards, TOUCHDOWN.",2,play_type_pass,3,3,5,2700,06:31,MIA 40,40,MIA,50,2022-12-12T03:35:13.000Z,false,false,true,false,false,false,17,13,6:31,6:24,right,APPROVED,17,7,true,5.36,54.27,true,true
2022,REG,14,2022121107,2882,4400,LAC,59041,2882.0,(5:40) (Shotgun) J.Herbert pass deep left to M.Williams to MIA 15 for 55 yards (X.Howard) [B.Chubb].,2,play_type_pass,3,2,5,4400,05:40,LAC 30,30,LAC,80,2022-12-12T03:40:35.000Z,false,false,false,false,false,false,17,14,5:41,5:30,left,APPROVED,17,14,true,5.2,75.34,true,true
2022,REG,14,2022121107,3126,4400,LAC,59041,3126.0,(2:21) (Shotgun) T.Tagovailoa sacked at MIA 40 for -12 yards (M.Fox).,2,play_type_sack,3,3,10,2700,02:21,LAC 48,48,LAC,62,2022-12-12T03:48:32.000Z,false,false,false,false,false,false,20,14,2:21,2:18,right,APPROVED,20,14,false,10.47,71.5,true,true
2022,REG,14,2022121108,428,0750,CAR,59042,428.0,(7:05) (Shotgun) G.Smith pass deep left intended for T.Lockett INTERCEPTED by J.Horn at SEA 44. J.Horn to SEA 13 for 31 yards (T.Lockett).,2,play_type_pass,1,1,10,4600,07:05,SEA 25,25,SEA,85,2022-12-11T21:39:35.000Z,false,false,false,false,false,true,0,3,7:05,6:53,left,APPROVED,0,3,true,10.0,75.39,true,true
2022,REG,14,2022121108,454,0750,CAR,59042,454.0,"(6:49) S.Darnold pass short right to S.Smith for 13 yards, TOUCHDOWN.",2,play_type_pass,1,1,10,0750,06:49,SEA 13,13,SEA,97,2022-12-11T21:40:55.000Z,false,false,true,false,false,false,0,9,6:49,6:45,right,APPROVED,0,3,true,10.0,106.34,true,true
2022,REG,14,2022121108,1081,4600,SEA,59042,1081.0,(11:48) (Shotgun) G.Smith pass deep right to M.Goodwin ran ob at CAR 24 for 38 yards (J.Chinn).,2,play_type_pass,2,3,5,4600,11:48,SEA 38,38,SEA,48,2022-12-11T22:09:13.000Z,false,false,false,false,false,false,0,17,11:48,11:41,right,APPROVED,0,17,true,6.0,52.72,true,true
2022,REG,14,2022121108,1181,4600,SEA,59042,1181.0,"(9:33) (Shotgun) G.Smith pass short left to T.Lockett for 4 yards, TOUCHDOWN.",2,play_type_pass,2,3,4,4600,09:33,CAR 4,4,CAR,106,2022-12-11T22:11:43.000Z,false,false,true,true,false,false,6,17,9:34,9:28,right,APPROVED,0,17,true,5.07,110.0,true,true
2022,REG,14,2022121108,1282,4600,SEA,59042,1282.0,(8:40) (Shotgun) S.Darnold sacked at CAR 18 for -10 yards (D.Taylor).,2,play_type_sack,2,3,7,0750,08:40,CAR 28,28,CAR,82,2022-12-11T22:18:05.000Z,false,false,false,false,false,false,7,17,8:40,8:37,left,APPROVED,7,17,false,7.55,75.28,true,true
2022,REG,14,2022121108,1393,0750,CAR,59042,1393.0,(6:26) (Shotgun) G.Smith pass deep left intended for D.Metcalf INTERCEPTED by C.Henderson at CAR 41. C.Henderson ran ob at SEA 39 for 20 yards (A.Lucas; T.Homer).,2,play_type_pass,2,3,9,4600,06:26,SEA 43,43,SEA,53,2022-12-11T22:23:57.000Z,false,false,false,false,false,true,7,17,6:27,6:19,right,APPROVED,7,17,true,9.39,61.6,true,true
2022,REG,14,2022121108,1646,4600,SEA,59042,1646.0,E.Pineiro kicks 61 yards from CAR 35 to SEA 4. G.Igwebuike to CAR 46 for 50 yards (T.Carrie; E.Pineiro). CAR-E.Pineiro was injured during the play.,32,play_type_kickoff,2,0,0,0750,02:09,CAR 35,35,CAR,75,2022-12-11T22:33:09.000Z,true,false,false,false,false,true,7,20,2:09,2:03,left,APPROVED,7,20,true,,,true,true
2022,REG,14,2022121108,1895,4600,SEA,59042,1895.0,"(:20) (Shotgun) G.Smith pass short middle to D.Metcalf for 12 yards, TOUCHDOWN.",2,play_type_pass,2,3,10,4600,00:20,CAR 12,12,CAR,98,2022-12-11T22:44:59.000Z,false,false,true,false,false,false,13,20,:20,:17,right,APPROVED,7,20,true,10.33,107.29,true,true
2022,REG,14,2022121108,3215,0750,CAR,59042,3215.0,"(7:02) (Shotgun) R.Blackshear up the middle for 8 yards, TOUCHDOWN.",2,play_type_rush,4,2,4,0750,07:02,SEA 8,8,SEA,102,2022-12-11T23:59:04.000Z,false,false,true,false,false,false,17,26,7:02,6:58,right,APPROVED,17,20,true,4.88,105.97,true,true
2022,REG,14,2022121108,3833,4600,SEA,59042,3833.0,"(:45) (No Huddle, Shotgun) G.Smith pass short right to D.Metcalf to CAR 24 for 25 yards (J.Horn; M.Hartsfield).",2,play_type_pass,4,4,7,4600,00:45,CAR 49,49,CAR,59,2022-12-12T00:22:19.000Z,false,false,false,false,false,false,17,30,:46,:39,left,APPROVED,17,30,true,7.33,52.26,true,true
2022,REG,14,2022121108,3857,4600,SEA,59042,3857.0,"(:27) (No Huddle, Shotgun) G.Smith pass short right to M.Goodwin for 24 yards, TOUCHDOWN. Penalty on CAR-B.Burns, Defensive Offside, declined.",2,play_type_pass,4,1,10,4600,00:27,CAR 24,24,CAR,34,2022-12-12T00:22:38.000Z,false,false,true,false,false,false,23,30,:28,:18,left,APPROVED,17,30,true,10.0,24.11,true,true
2022,REG,14,2022121109,193,4500,SF,59043,193.0,"(12:33) D.Samuel right end for 13 yards, TOUCHDOWN.",2,play_type_rush,1,1,10,4500,12:33,TB 13,13,TB,23,2022-12-11T21:30:00.000Z,false,false,true,false,false,false,6,0,12:33,12:28,left,APPROVED,0,0,true,10.0,13.5,true,true
2022,REG,14,2022121109,1395,4500,SF,59043,1395.0,"(7:55) (Shotgun) B.Purdy pass deep left to C.McCaffrey for 27 yards, TOUCHDOWN [A.Hicks]. The Replay Official reviewed the pass completion ruling, and the play was Upheld. The ruling on the field stands.",2,play_type_pass,2,3,5,4500,07:55,TB 27,27,TB,83,2022-12-11T22:23:26.000Z,false,false,true,false,false,false,20,0,7:56,7:50,right,APPROVED,14,0,true,5.56,88.05,true,true
2022,REG,14,2022121109,2186,4500,SF,59043,2186.0,"(:22) (Shotgun) B.Purdy pass deep left to B.Aiyuk for 32 yards, TOUCHDOWN [D.Senat].",2,play_type_pass,2,1,10,4500,00:22,TB 32,32,TB,78,2022-12-11T22:59:03.000Z,false,false,true,false,false,false,27,0,:22,:17,right,APPROVED,21,0,true,10.0,87.79,true,true
2022,REG,14,2022121109,2296,4900,TB,59043,2296.0,R.Gould kicks 63 yards from SF 35 to TB 2. D.Thompkins pushed ob at SF 44 for 54 yards (A.Thomas).,32,play_type_kickoff,3,0,0,4500,15:00,SF 35,35,SF,45,2022-12-11T23:17:33.000Z,true,false,false,false,false,true,28,0,,14:55,right,APPROVED,28,0,true,,,true,true
2022,REG,14,2022121109,2366,4500,SF,59043,2366.0,(14:26) (Shotgun) T.Brady pass short middle intended for M.Evans INTERCEPTED by T.Gipson at SF 26. T.Gipson ran ob at TB 38 for 36 yards (R.White).,2,play_type_pass,3,3,5,4900,14:26,SF 39,39,SF,49,2022-12-11T23:19:20.000Z,false,false,false,false,false,true,28,0,14:26,14:14,left,APPROVED,28,0,true,5.48,43.86,true,true
2022,REG,14,2022121109,2419,4500,SF,59043,2419.0,"(14:09) (Shotgun) C.McCaffrey left guard for 38 yards, TOUCHDOWN.",2,play_type_rush,3,2,10,4500,14:09,TB 38,38,TB,72,2022-12-11T23:21:18.000Z,false,false,true,false,false,false,34,0,14:09,14:01,right,APPROVED,28,0,true,10.24,81.66,true,true
2022,REG,14,2022121109,3272,4900,TB,59043,3272.0,"(2:56) (Shotgun) T.Brady pass short middle to R.Gage for 8 yards, TOUCHDOWN. Ball was deflected off TB 14 Godwin and caught by TB 17 Gage 0 YAC The Replay Official reviewed the pass completion ruling, and the play was Upheld. The ruling on the field stands.",2,play_type_pass,3,2,8,4900,02:56,SF 8,8,SF,18,2022-12-11T23:49:08.000Z,false,false,true,true,false,false,35,6,2:56,2:52,left,APPROVED,35,0,true,8.35,10.0,true,true
2022,REG,14,2022121109,4201,4500,SF,59043,4201.0,"(3:38) (No Huddle) R.White up the middle to TB 40 for -3 yards (J.Ward). FUMBLES (J.Ward), touched at TB 43, RECOVERED by SF-A.Al-Shaair at TB 37. A.Al-Shaair to TB 32 for 5 yards (C.Otton; C.Godwin).",2,play_type_rush,4,4,1,4900,03:38,TB 43,43,TB,53,2022-12-12T00:25:32.000Z,false,false,false,false,false,true,35,7,3:39,3:30,right,APPROVED,35,7,true,0.74,53.8,true,true
2022,REG,14,2022121110,609,2310,KC,59044,609.0,(4:30) (Shotgun) P.Mahomes pass deep middle to T.Kelce to DEN 34 for 37 yards (J.Jewell).,2,play_type_pass,1,2,1,2310,04:30,KC 29,29,KC,81,2022-12-11T21:27:28.000Z,false,false,false,false,false,false,0,3,4:30,4:22,left,APPROVED,0,3,true,1.67,80.26,true,true
2022,REG,14,2022121110,914,2310,KC,59044,914.0,"(14:28) (Shotgun) P.Mahomes pass short right to J.McKinnon for 56 yards, TOUCHDOWN.",2,play_type_pass,2,3,2,2310,14:28,KC 44,44,KC,54,2022-12-11T21:43:12.000Z,false,false,true,false,false,false,0,12,14:29,14:18,right,APPROVED,0,6,true,2.62,55.86,true,true
2022,REG,14,2022121110,1024,2310,KC,59044,1024.0,(12:51) (Shotgun) R.Wilson sacked at DEN 26 for -8 yards (C.Jones).,2,play_type_sack,2,3,5,1400,12:51,DEN 34,34,DEN,76,2022-12-11T21:49:10.000Z,false,false,false,false,false,false,0,13,12:51,12:48,left,APPROVED,0,13,false,5.77,71.31,true,true
2022,REG,14,2022121110,1193,2310,KC,59044,1193.0,(10:47) (Shotgun) P.Mahomes pass short left to J.McKinnon to DEN 40 for 24 yards (K.Jackson).,2,play_type_pass,2,3,10,2310,10:47,KC 36,36,KC,46,2022-12-11T22:01:08.000Z,false,false,false,false,false,false,0,13,10:47,10:41,right,APPROVED,0,13,true,10.18,55.73,true,true
2022,REG,14,2022121110,1539,2310,KC,59044,1539.0,"(4:43) R.Wilson pass short middle intended for B.Johnson INTERCEPTED by W.Gay at DEN 47. W.Gay for 47 yards, TOUCHDOWN. DEN-B.Johnson was injured during the play.",2,play_type_pass,2,4,2,1400,04:43,KC 45,45,KC,55,2022-12-11T22:15:37.000Z,false,false,true,false,false,true,0,26,4:44,4:33,left,APPROVED,0,20,true,1.49,53.53,true,true
2022,REG,14,2022121110,1821,1400,DEN,59044,1821.0,"(1:38) (No Huddle, Shotgun) R.Wilson pass deep left to J.Jeudy for 18 yards, TOUCHDOWN.",2,play_type_pass,2,2,6,1400,01:38,KC 18,18,KC,28,2022-12-11T22:27:16.000Z,false,false,true,false,false,false,6,27,1:40,1:36,left,APPROVED,0,27,true,6.85,22.45,true,true
2022,REG,14,2022121110,1985,1400,DEN,59044,1985.0,"(1:10) (Shotgun) P.Mahomes pass incomplete short middle to S.Moore. The Replay Official reviewed the incomplete pass ruling, and the play was REVERSED. (Shotgun) P.Mahomes pass short middle intended for S.Moore INTERCEPTED by P.Surtain at DEN 40. P.Surtain to DEN 40 for no gain (S.Moore).",2,play_type_pass,2,2,10,2310,01:10,KC 48,48,KC,58,2022-12-11T22:33:11.000Z,false,false,false,false,false,true,7,27,1:10,1:07,right,APPROVED,7,27,true,10.54,67.74,true,true
2022,REG,14,2022121110,2203,1400,DEN,59044,2203.0,"(:14) (Shotgun) R.Wilson pass short right to J.Jeudy for 5 yards, TOUCHDOWN.",2,play_type_pass,2,1,5,1400,00:14,KC 5,5,KC,15,2022-12-11T22:39:54.000Z,false,false,true,true,false,false,13,27,:14,:10,left,APPROVED,7,27,true,5.68,10.0,true,true
2022,REG,14,2022121110,2430,1400,DEN,59044,2430.0,"(13:16) (Shotgun) R.Wilson pass short right to M.Mack for 66 yards, TOUCHDOWN.",2,play_type_pass,3,2,14,1400,13:16,DEN 34,34,DEN,44,2022-12-11T23:00:04.000Z,false,false,true,false,false,false,20,27,13:17,13:05,right,APPROVED,14,27,true,14.96,57.49,true,true
2022,REG,14,2022121110,2531,1400,DEN,59044,2531.0,(11:51) (Shotgun) P.Mahomes sacked at KC 24 for -7 yards (J.Cooper).,2,play_type_sack,3,3,4,2310,11:51,KC 31,31,KC,79,2022-12-11T23:05:54.000Z,false,false,false,false,false,false,21,27,11:51,11:47,left,APPROVED,21,27,false,4.22,75.25,true,true
2022,REG,14,2022121110,2811,2310,KC,59044,2811.0,(6:04) (Shotgun) R.Wilson sacked at DEN 19 for -6 yards (F.Clark).,2,play_type_sack,3,2,24,1400,06:04,DEN 25,25,DEN,35,2022-12-11T23:18:36.000Z,false,false,false,false,false,false,21,27,6:05,6:01,right,APPROVED,21,27,false,24.33,58.14,true,true
2022,REG,14,2022121110,3096,2310,KC,59044,3096.0,"(:45) (Shotgun) P.Mahomes pass short middle to J.Smith-Schuster for 4 yards, TOUCHDOWN [B.Browning].",2,play_type_pass,3,3,4,2310,00:45,DEN 4,4,DEN,14,2022-12-11T23:29:32.000Z,false,false,true,true,false,false,21,33,:47,:39,left,APPROVED,21,27,true,4.45,10.0,true,true
2022,REG,14,2022121110,3570,1400,DEN,59044,3570.0,"(10:54) (Shotgun) B.Rypien pass short middle to J.Jeudy for 7 yards, TOUCHDOWN.",2,play_type_pass,4,4,7,1400,10:54,KC 7,7,KC,17,2022-12-11T23:47:11.000Z,false,false,true,true,false,false,27,34,10:54,10:50,left,APPROVED,21,34,true,7.68,10.0,true,true
2022,REG,14,2022121110,3872,1400,DEN,59044,3872.0,(6:00) (Shotgun) P.Mahomes pass short middle intended for J.Smith-Schuster INTERCEPTED by J.Jewell at DEN 25. J.Jewell to DEN 46 for 21 yards (T.Smith).,2,play_type_pass,4,3,4,2310,06:00,DEN 35,35,DEN,75,2022-12-12T00:01:36.000Z,false,false,false,false,false,true,28,34,6:00,5:50,right,APPROVED,28,34,true,4.34,78.97,true,true
2022,REG,14,2022121200,164,3800,ARI,59045,164.0,"(12:41) (No Huddle, Shotgun) C.McCoy pass short left to C.Clement to NE 34 for 21 yards (D.McCourty).",2,play_type_pass,1,3,6,3800,12:41,ARI 45,45,ARI,55,2022-12-13T01:21:44.000Z,false,false,false,false,false,false,0,0,12:43,12:35,right,APPROVED,0,0,true,6.73,60.59,true,true
2022,REG,14,2022121200,803,3800,ARI,59045,803.0,(2:15) M.Jones pass short middle intended for T.Thornton INTERCEPTED by I.Simmons (C.Thomas) at NE 41. I.Simmons to NE 36 for 5 yards (Ma.Jones).,2,play_type_pass,1,2,7,3200,02:15,NE 34,34,NE,76,2022-12-13T01:49:57.000Z,false,false,false,false,false,true,0,0,2:16,2:09,left,APPROVED,0,0,true,7.26,68.97,true,true
2022,REG,14,2022121200,1190,3200,NE,59045,1190.0,"(11:32) (Shotgun) K.Harris up the middle for 14 yards, TOUCHDOWN.",2,play_type_rush,2,1,10,3200,11:32,ARI 14,14,ARI,96,2022-12-13T02:07:36.000Z,false,false,true,false,false,false,3,6,11:32,11:27,right,APPROVED,3,0,true,10.0,106.22,true,true
2022,REG,14,2022121200,1799,3800,ARI,59045,1799.0,"(3:07) J.Conner up the middle for 10 yards, TOUCHDOWN.",2,play_type_rush,2,1,10,3800,03:07,NE 10,10,NE,20,2022-12-13T02:34:51.000Z,false,false,true,true,false,false,12,7,3:08,3:03,left,APPROVED,6,7,true,10.2,10.0,true,true
2022,REG,14,2022121200,2362,3200,NE,59045,2362.0,(12:29) (Shotgun) P.Strong left end to ARZ 12 for 44 yards (A.Hamilton; T.Mullen).,2,play_type_rush,3,1,20,3200,12:29,NE 44,44,NE,54,2022-12-13T03:11:44.000Z,false,false,false,false,false,false,13,10,12:29,12:20,right,APPROVED,13,10,true,20.0,74.04,true,true
2022,REG,14,2022121200,3052,3200,NE,59045,3052.0,(1:14) (Shotgun) C.McCoy pass deep left intended for D.Hopkins INTERCEPTED by Ma.Jones [J.Uche] at NE 19. Ma.Jones pushed ob at NE 37 for 18 yards (T.McBride).,2,play_type_pass,3,2,13,3800,01:14,NE 40,40,NE,50,2022-12-13T03:40:58.000Z,false,false,false,false,false,true,13,20,1:14,1:08,left,APPROVED,13,20,true,13.15,37.4,true,true
2022,REG,14,2022121200,3231,3200,NE,59045,3231.0,"(15:00) (Shotgun) M.Jones pass deep right to H.Henry to ARZ 3 for 39 yards (J.Thompson, T.Mullen).",2,play_type_pass,4,1,10,3200,15:00,ARI 42,42,ARI,52,2022-12-13T03:48:26.000Z,false,false,false,false,false,false,13,20,15:00,14:55,left,APPROVED,13,20,true,10.0,42.14,true,true
2022,REG,14,2022121200,3255,3200,NE,59045,3255.0,"(14:13) (Shotgun) P.Strong up the middle for 3 yards, TOUCHDOWN. Penalty on ARZ-Z.Collins, Defensive Offside, declined.",2,play_type_rush,4,1,3,3200,14:13,ARI 3,3,ARI,13,2022-12-13T03:49:13.000Z,false,false,true,true,false,false,13,26,14:14,14:11,left,APPROVED,13,20,true,3.0700000000000003,10.0,true,true
2022,REG,14,2022121200,3369,3200,NE,59045,3369.0,(13:23) (Shotgun) C.McCoy sacked at ARZ 14 for -10 yards (D.Ekuale).,2,play_type_sack,4,3,10,3800,13:23,ARI 24,24,ARI,34,2022-12-13T03:53:47.000Z,false,false,false,false,false,false,13,27,13:23,13:19,right,APPROVED,13,27,false,9.86,43.61,true,false
2022,REG,14,2022121200,3848,3200,NE,59045,3848.0,(5:04) (Shotgun) C.McCoy sacked at ARZ 41 for -8 yards (J.Uche).,2,play_type_sack,4,4,13,3800,05:04,ARI 49,49,ARI,59,2022-12-13T04:13:58.000Z,false,false,false,false,false,true,13,27,5:04,4:58,right,APPROVED,13,27,true,13.68,72.04,true,true
2022,REG,15,2022121500,565,4500,SF,59046,565.0,"(3:56) (Shotgun) B.Purdy pass short middle to G.Kittle for 28 yards, TOUCHDOWN.",2,play_type_pass,1,2,8,4500,03:56,SEA 28,28,SEA,82,2022-12-16T01:41:06.000Z,false,false,true,false,false,false,0,6,3:57,3:50,right,APPROVED,0,0,true,8.3,89.79,true,true
2022,REG,15,2022121500,654,4500,SF,59046,654.0,"(3:07) (Shotgun) G.Smith sacked at SEA 27 for -8 yards (T.Hufanga). FUMBLES (T.Hufanga) [T.Hufanga], recovered by SEA-A.Lucas at SEA 24.",2,play_type_sack,1,2,7,4600,03:07,SEA 35,35,SEA,75,2022-12-16T01:44:45.000Z,false,false,false,false,false,false,0,7,3:08,3:04,left,APPROVED,0,7,false,7.72,68.09,true,true
2022,REG,15,2022121500,2193,4500,SF,59046,2193.0,"(14:12) (Shotgun) B.Purdy pass deep left to G.Kittle for 54 yards, TOUCHDOWN.",2,play_type_pass,3,2,5,4500,14:12,SF 46,46,SF,56,2022-12-16T02:55:30.000Z,false,false,true,false,false,false,3,20,14:13,14:01,right,APPROVED,3,14,true,5.61,60.75,true,true
2022,REG,15,2022121500,3099,4500,SF,59046,3099.0,(14:05) (Shotgun) G.Smith sacked at SF 44 for -9 yards (S.Ebukam).,2,play_type_sack,4,3,4,4600,14:05,SF 35,35,SF,75,2022-12-16T03:34:31.000Z,false,false,false,false,false,false,6,21,14:05,,right,APPROVED,6,21,false,4.35,78.1,true,true
2022,REG,15,2022121500,3801,4600,SEA,59046,3801.0,"(3:47) (No Huddle, Shotgun) G.Smith pass short right to K.Walker pushed ob at SF 10 for 33 yards (T.Hufanga).",2,play_type_pass,4,2,10,4600,03:47,SF 43,43,SF,67,2022-12-16T04:04:07.000Z,false,false,false,false,false,false,6,21,3:47,3:40,right,APPROVED,6,21,true,10.35,76.54,true,true
2022,REG,15,2022121500,3830,4600,SEA,59046,3830.0,"(3:39) (No Huddle, Shotgun) G.Smith pass short middle to N.Fant for 10 yards, TOUCHDOWN.",2,play_type_pass,4,1,10,4600,03:39,SF 10,10,SF,100,2022-12-16T04:04:42.000Z,false,false,true,true,false,false,12,21,3:39,3:36,right,APPROVED,6,21,true,10.709999999999994,110.0,true,true
2022,REG,15,2022121500,4037,4500,SF,59046,4037.0,(1:14) J.Mason up the middle pushed ob at SEA 2 for 55 yards (M.Jackson).,2,play_type_rush,4,3,2,4500,01:14,SF 43,43,SF,67,2022-12-16T04:14:30.000Z,false,false,false,false,false,false,13,21,1:15,1:05,left,APPROVED,13,21,true,2.87,64.66,true,true
2022,REG,15,2022121700,41,2200,IND,59049,41.0,G.Joseph kicks 66 yards from MIN 35 to IND -1. D.Flowers pushed ob at IND 48 for 49 yards (G.Joseph).,32,play_type_kickoff,1,0,0,3000,15:00,MIN 35,35,MIN,75,2022-12-17T18:02:41.000Z,true,false,false,false,false,true,0,0,15:00,14:53,left,APPROVED,0,0,true,,,true,true
2022,REG,15,2022121700,442,2200,IND,59049,442.0,"(8:20) R.Wright punt is BLOCKED by I.Odenigbo, Center-A.DePaola, RECOVERED by IND-J.Domann at MIN 24. J.Domann for 24 yards, TOUCHDOWN.",2,play_type_punt,1,4,6,3000,08:20,MIN 34,34,MIN,76,2022-12-17T18:17:04.000Z,true,false,true,false,false,true,0,9,8:20,8:13,left,APPROVED,0,3,true,7.08,70.22,true,true
2022,REG,15,2022121700,501,3000,MIN,59049,501.0,(8:12) D.Cook left end to IND 35 for 40 yards (R.McLeod).,2,play_type_rush,1,1,10,3000,08:12,MIN 25,25,MIN,85,2022-12-17T18:21:41.000Z,false,false,false,false,false,false,0,10,8:12,8:04,left,APPROVED,0,10,true,10.0,75.4,true,true
2022,REG,15,2022121700,622,2200,IND,59049,622.0,(5:55) (Shotgun) M.Ryan pass short right to J.Woods to MIN 19 for 36 yards (C.Bynum; E.Kendricks).,2,play_type_pass,1,1,10,2200,05:55,IND 45,45,IND,55,2022-12-17T18:27:28.000Z,false,false,false,false,false,false,0,10,5:56,5:48,right,APPROVED,0,10,true,10.0,64.52,true,true
2022,REG,15,2022121700,691,2200,IND,59049,691.0,"(3:55) M.Ryan pass short right to D.Jackson for 1 yard, TOUCHDOWN.",2,play_type_pass,1,1,1,2200,03:55,MIN 1,1,MIN,109,2022-12-17T18:29:28.000Z,false,false,true,true,false,false,0,16,3:56,3:52,right,APPROVED,0,10,true,1.8299999999999983,110.0,true,true
2022,REG,15,2022121700,1062,2200,IND,59049,1062.0,(12:35) K.Cousins sacked at MIN 21 for -8 yards (D.Odeyingbo).,2,play_type_sack,2,2,3,3000,12:35,MIN 29,29,MIN,39,2022-12-17T18:47:58.000Z,false,false,false,false,false,false,0,20,12:35,12:30,right,APPROVED,0,20,false,3.72,41.56,true,true
2022,REG,15,2022121700,1279,2200,IND,59049,1279.0,"(9:42) (No Huddle, Shotgun) K.Cousins sacked at MIN 25 for -6 yards (D.Buckner).",2,play_type_sack,2,3,2,3000,09:42,MIN 31,31,MIN,41,2022-12-17T18:57:08.000Z,false,false,false,false,false,false,0,23,9:42,9:36,right,APPROVED,0,23,false,2.42,42.61,true,true
2022,REG,15,2022121700,1605,2200,IND,59049,1605.0,"(5:57) (Shotgun) K.Cousins pass short middle intended for J.Reagor INTERCEPTED by J.Blackmon at MIN 17. J.Blackmon for 17 yards, TOUCHDOWN.",2,play_type_pass,2,3,3,3000,05:57,MIN 12,12,MIN,22,2022-12-17T19:12:51.000Z,false,false,true,false,false,true,0,29,5:57,5:52,right,APPROVED,0,23,true,2.95,24.08,true,true
2022,REG,15,2022121700,2492,3000,MIN,59049,2492.0,(9:42) (Shotgun) K.Cousins pass deep middle to K.Osborn to IND 4 for 63 yards (R.Thomas).,2,play_type_pass,3,2,12,3000,09:42,MIN 33,33,MIN,43,2022-12-17T20:01:48.256Z,false,false,false,false,false,false,0,33,9:43,9:33,right,APPROVED,0,33,true,12.34,54.56,true,true
2022,REG,15,2022121700,2559,3000,MIN,59049,2559.0,"(8:26) (Shotgun) K.Cousins pass short left to K.Osborn for 2 yards, TOUCHDOWN.",2,play_type_pass,3,3,2,3000,08:26,IND 2,2,IND,108,2022-12-17T20:03:41.000Z,false,false,true,true,false,false,6,33,8:26,8:24,right,APPROVED,0,33,true,2.86,110.0,true,true
2022,REG,15,2022121700,2600,2200,IND,59049,2600.0,G.Joseph kicks 73 yards from MIN 35 to IND -8. D.Flowers to IND 40 for 48 yards (C.Ham).,32,play_type_kickoff,3,0,0,3000,08:22,MIN 35,35,MIN,45,2022-12-17T20:07:20.000Z,true,false,false,false,false,true,7,33,8:22,8:15,right,APPROVED,7,33,true,,,true,true
2022,REG,15,2022121700,3619,2200,IND,59049,3619.0,(8:09) K.Cousins pass deep left intended for J.Reagor INTERCEPTED by R.Thomas at IND 2. R.Thomas ran ob at IND 2 for no gain.,2,play_type_pass,4,1,10,3000,08:09,IND 41,41,IND,51,2022-12-17T20:47:23.000Z,false,false,false,false,false,true,21,36,8:09,8:04,left,APPROVED,21,36,true,10.0,41.23,true,true
2022,REG,15,2022121700,3858,3000,MIN,59049,3858.0,"(5:34) K.Cousins pass short right to A.Thielen for 1 yard, TOUCHDOWN.",2,play_type_pass,4,3,1,3000,05:34,IND 1,1,IND,11,2022-12-17T20:56:19.000Z,false,false,true,true,false,false,27,36,5:34,5:31,left,APPROVED,21,36,true,1.4,10.0,true,true
2022,REG,15,2022121700,4464,3000,MIN,59049,4464.0,"(2:28) (Shotgun) K.Cousins pass short left to D.Cook for 64 yards, TOUCHDOWN.",2,play_type_pass,4,1,10,3000,02:28,MIN 36,36,MIN,74,2022-12-17T21:19:37.000Z,false,false,true,false,false,false,34,36,2:28,2:17,left,APPROVED,28,36,true,10.0,65.0,true,true
2022,REG,15,2022121701,2835,0325,BAL,59048,2835.0,(:43) (Shotgun) J.Dobbins left guard to BLT 46 for 37 yards (R.Harrison).,2,play_type_rush,3,1,10,0325,00:43,BAL 9,9,BAL,19,2022-12-17T23:41:22.000Z,false,false,false,false,false,false,13,3,:43,:34,right,APPROVED,13,3,true,10.0,28.66,true,true
2022,REG,15,2022121702,703,0610,BUF,59047,703.0,"(3:49) T.Tagovailoa sacked at BUF 19 for -8 yards (S.Lawson). FUMBLES (S.Lawson) [S.Lawson], recovered by MIA-D.Smythe at BUF 23. D.Smythe to BUF 21 for 2 yards (E.Oliver).",2,play_type_sack,1,3,1,2700,03:49,BUF 11,11,BUF,21,2022-12-18T01:41:12.000Z,false,false,false,false,false,false,0,0,3:50,3:42,left,APPROVED,0,0,false,1.81,20.36,true,true
2022,REG,15,2022121702,803,0610,BUF,59047,803.0,(2:24) J.Allen pass deep right to D.Knox to MIA 27 for 45 yards (E.Roberts).,2,play_type_pass,1,2,7,0610,02:24,BUF 28,28,BUF,38,2022-12-18T01:46:20.000Z,false,false,false,false,false,false,0,3,2:25,2:16,right,APPROVED,0,3,true,7.11,44.68,true,true
2022,REG,15,2022121702,856,0610,BUF,59047,856.0,"(1:09) (Shotgun) J.Allen pass short right to Q.Morris for 14 yards, TOUCHDOWN.",2,play_type_pass,1,1,10,0610,01:09,MIA 14,14,MIA,96,2022-12-18T01:47:44.000Z,false,false,true,false,false,false,6,3,1:10,1:06,right,APPROVED,0,3,true,10.0,106.02,true,true
2022,REG,15,2022121702,1156,0610,BUF,59047,1156.0,(13:18) (Shotgun) J.Allen pass deep middle to G.Davis to BUF 39 for 21 yards (K.Crossen).,2,play_type_pass,2,3,17,0610,13:18,BUF 18,18,BUF,92,2022-12-18T02:04:28.000Z,false,false,false,false,false,false,7,6,13:19,13:12,left,APPROVED,7,6,true,17.48,75.13,true,true
2022,REG,15,2022121702,1382,0610,BUF,59047,1382.0,"(8:22) (Shotgun) J.Allen pass short left to N.Hines for 10 yards, TOUCHDOWN.",2,play_type_pass,2,2,10,0610,08:22,MIA 10,10,MIA,20,2022-12-18T02:11:24.000Z,false,false,true,true,false,false,13,6,8:22,8:19,left,APPROVED,7,6,true,10.68,10.0,true,true
2022,REG,15,2022121702,1489,2700,MIA,59047,1489.0,(7:35) (Shotgun) T.Tagovailoa pass deep right to J.Waddle to BUF 37 for 32 yards (T.White).,2,play_type_pass,2,3,4,2700,07:35,MIA 31,31,MIA,41,2022-12-18T02:19:53.000Z,false,false,false,false,false,false,14,6,7:35,7:30,right,APPROVED,14,6,true,5.06,44.6,true,true
2022,REG,15,2022121702,1656,2700,MIA,59047,1656.0,"(3:05) S.Ahmed right guard for 11 yards, TOUCHDOWN.",2,play_type_rush,2,1,10,2700,03:05,BUF 11,11,BUF,99,2022-12-18T02:26:14.000Z,false,false,true,false,false,false,14,12,3:06,3:01,right,APPROVED,14,6,true,10.0,108.91,true,true
2022,REG,15,2022121702,2121,0610,BUF,59047,2121.0,"(:08) (Shotgun) J.Allen pass short right to J.Cook for 4 yards, TOUCHDOWN [B.Chubb].",2,play_type_pass,2,1,4,0610,00:08,MIA 4,4,MIA,14,2022-12-18T02:48:18.000Z,false,false,true,true,false,false,20,13,:08,:00,left,APPROVED,14,13,true,5.15,10.0,true,true
2022,REG,15,2022121702,2373,2700,MIA,59047,2373.0,TWO-POINT CONVERSION ATTEMPT. T.Tagovailoa pass to J.Waddle is incomplete. ATTEMPT FAILS.,26,play_type_two_point_conversion,3,0,0,2700,12:48,BUF 2,2,BUF,12,2022-12-18T03:12:59.000Z,false,false,false,false,false,false,21,19,12:48,12:48,left,APPROVED,21,19,false,,,true,true
2022,REG,15,2022121702,2875,0610,BUF,59047,2875.0,(5:23) (Shotgun) T.Tagovailoa sacked at MIA 43 for -7 yards (sack split by D.Jones and M.Milano).,2,play_type_sack,3,2,10,2700,05:23,50,50,,60,2022-12-18T03:36:35.000Z,false,false,false,false,false,false,21,19,5:23,5:21,left,APPROVED,21,19,false,10.3,50.65,true,true
2022,REG,15,2022121702,2997,2700,MIA,59047,2997.0,"(2:34) (Shotgun) T.Tagovailoa pass deep right to T.Hill for 20 yards, TOUCHDOWN.",2,play_type_pass,3,1,10,2700,02:34,BUF 20,20,BUF,30,2022-12-18T03:42:20.000Z,false,false,true,false,false,false,21,25,2:35,2:31,left,APPROVED,21,19,true,10.0,20.43,false,true
2022,REG,15,2022121702,3348,2700,MIA,59047,3348.0,"(14:47) (Shotgun) J.Allen sacked at BUF 45 for -4 yards (J.Phillips). FUMBLES (J.Phillips) [J.Phillips], RECOVERED by MIA-C.Wilkins at BUF 49. C.Wilkins to BUF 47 for 2 yards (D.Quessenberry).",2,play_type_sack,4,1,10,0610,14:47,BUF 49,49,BUF,61,2022-12-18T04:02:17.000Z,false,false,false,false,false,true,21,26,14:47,14:40,left,APPROVED,21,26,false,10.0,51.37,true,true
2022,REG,15,2022121702,3578,0610,BUF,59047,3578.0,(10:56) (Shotgun) J.Allen left guard pushed ob at MIA 13 for 44 yards (V.McKinley; K.Crossen). MIA-K.Crossen was injured during the play.  K.Crossen walks off.,2,play_type_rush,4,1,10,0610,10:56,BUF 43,43,BUF,67,2022-12-18T04:11:03.000Z,false,false,false,false,false,false,21,29,10:57,10:49,left,APPROVED,21,29,true,10.0,57.34,true,true
2022,REG,15,2022121702,3691,0610,BUF,59047,3691.0,"(9:06) (Shotgun) J.Allen pass short right to D.Knox for 5 yards, TOUCHDOWN.",2,play_type_pass,4,3,5,0610,09:06,MIA 5,5,MIA,15,2022-12-18T04:16:22.000Z,false,false,true,true,false,false,27,29,9:07,9:03,left,APPROVED,21,29,true,5.91,10.0,true,true
2022,REG,15,2022121800,415,3900,PIT,59052,415.0,"(5:53) T.Scott reported in as eligible.  N.Harris left end for 7 yards, TOUCHDOWN.",2,play_type_rush,1,1,7,3900,05:53,CAR 7,7,CAR,17,2022-12-18T18:14:55.000Z,false,false,true,true,false,false,0,6,5:54,5:48,left,APPROVED,0,0,true,7.359999999999999,10.0,true,true
2022,REG,15,2022121800,692,0750,CAR,59052,692.0,(1:10) (Shotgun) S.Darnold pass deep left to T.Marshall to PIT 7 for 40 yards (J.Pierre).,2,play_type_pass,1,3,13,0750,01:10,PIT 47,47,PIT,63,2022-12-18T18:25:49.000Z,false,false,false,false,false,false,0,7,1:10,1:05,right,APPROVED,0,7,true,13.45,75.47,true,true
2022,REG,15,2022121800,788,0750,CAR,59052,788.0,"(14:19) (Shotgun) S.Darnold pass short right to D.Moore for 5 yards, TOUCHDOWN.",2,play_type_pass,2,3,5,0750,14:19,PIT 5,5,PIT,15,2022-12-18T18:30:46.000Z,false,false,true,true,false,false,6,7,14:20,14:14,left,APPROVED,0,7,true,6.07,10.0,true,true
2022,REG,15,2022121800,1012,3900,PIT,59052,1012.0,(10:12) (Shotgun) M.Trubisky pass deep left to G.Pickens ran ob at CAR 18 for 38 yards.,2,play_type_pass,2,3,4,3900,10:12,PIT 44,44,PIT,54,2022-12-18T18:40:58.000Z,false,false,false,false,false,false,7,7,10:13,10:07,right,APPROVED,7,7,true,,,true,true
2022,REG,15,2022121800,2358,0750,CAR,59052,2358.0,(2:36) (Shotgun) S.Darnold pass short right to C.Hubbard to PIT 32 for 45 yards (D.Kazee; C.Sutton).,2,play_type_pass,3,2,12,0750,02:36,CAR 23,23,CAR,33,2022-12-18T19:55:20.000Z,false,false,false,false,false,false,7,21,2:37,2:26,right,APPROVED,7,21,true,12.48,44.48,true,true
2022,REG,15,2022121800,2403,3900,PIT,59052,2403.0,(1:08) C.Erving reported in as eligible.  S.Darnold sacked at PIT 39 for -8 yards (A.Highsmith).,2,play_type_sack,3,2,9,0750,01:08,PIT 31,31,PIT,79,2022-12-18T19:56:48.000Z,false,false,false,false,false,false,7,21,1:09,1:03,right,AUDITED,7,21,false,9.79,87.48,true,false
2022,REG,15,2022121800,2673,0750,CAR,59052,2673.0,(11:06) (Shotgun) M.Trubisky sacked at PIT 19 for -10 yards (F.Luvu).,2,play_type_sack,4,3,6,3900,11:06,PIT 29,29,PIT,39,2022-12-18T20:11:26.000Z,false,false,false,false,false,false,10,21,11:07,11:03,right,APPROVED,10,21,false,6.41,44.58,true,true
2022,REG,15,2022121801,425,3700,PHI,59053,425.0,(7:47) (Shotgun) J.Hurts pass deep left to D.Smith ran ob at CHI 40 for 21 yards.,2,play_type_pass,1,3,3,3700,07:47,PHI 39,39,PHI,49,2022-12-18T18:23:46.000Z,false,false,false,false,false,false,0,0,7:48,7:40,right,APPROVED,0,0,true,3.82,51.76,true,true
2022,REG,15,2022121801,454,0810,CHI,59053,454.0,"(7:29) (No Huddle, Shotgun) J.Hurts pass deep right intended for A.Brown INTERCEPTED by K.Gordon at CHI 17. K.Gordon to CHI 17 for no gain (A.Brown). Penalty on PHI-L.Johnson, Offensive Holding, declined.",2,play_type_pass,1,1,10,3700,07:29,CHI 40,40,CHI,70,,false,false,false,false,false,true,0,0,7:30,7:21,right,APPROVED,0,0,true,10.0,79.63,true,true
2022,REG,15,2022121801,633,3700,PHI,59053,633.0,(3:19) (Shotgun) J.Fields sacked at CHI 25 for -14 yards (J.Sweat).,2,play_type_sack,1,3,10,0810,03:19,CHI 39,39,CHI,71,2022-12-18T18:29:36.000Z,false,false,false,false,false,false,0,0,3:19,3:14,left,APPROVED,0,0,false,10.69,61.13,true,true
2022,REG,15,2022121801,859,3700,PHI,59053,859.0,(:37) J.Fields sacked at CHI 43 for -8 yards (J.Hargrave).,2,play_type_sack,1,3,1,0810,00:37,PHI 49,49,PHI,59,2022-12-18T18:37:52.000Z,false,false,false,false,false,false,0,0,:38,:33,left,APPROVED,0,0,false,1.6,58.19,true,true
2022,REG,15,2022121801,952,3700,PHI,59053,952.0,(14:14) (Shotgun) J.Hurts pass short middle to D.Smith pushed ob at CHI 34 for 45 yards (D.Houston-Carson).,2,play_type_pass,2,2,8,3700,14:14,PHI 21,21,PHI,89,2022-12-18T18:42:53.000Z,false,false,false,false,false,false,0,0,14:15,14:05,left,APPROVED,0,0,true,8.57,81.28,true,true
2022,REG,15,2022121801,1316,3700,PHI,59053,1316.0,"(8:29) (Shotgun) J.Fields sacked at PHI 40 for -9 yards (H.Reddick). FUMBLES (H.Reddick) [H.Reddick], touched at PHI 44, recovered by CHI-A.Leatherwood at PHI 48.",2,play_type_sack,2,1,10,0810,08:29,PHI 31,31,PHI,79,2022-12-18T18:56:08.000Z,false,false,false,false,false,false,0,3,8:29,8:21,right,APPROVED,0,3,false,10.0,88.78,true,true
2022,REG,15,2022121801,1352,0810,CHI,59053,1352.0,(7:39) (Shotgun) J.Fields scrambles left tackle pushed ob at PHI 9 for 39 yards (A.Maddox).,2,play_type_rush,2,2,27,0810,07:39,PHI 48,48,PHI,62,2022-12-18T18:56:57.000Z,false,false,false,false,false,false,0,3,7:40,7:27,right,APPROVED,0,3,true,27.89,88.78,true,true
2022,REG,15,2022121801,1378,0810,CHI,59053,1378.0,"(6:51) D.Montgomery right tackle for 9 yards, TOUCHDOWN.",2,play_type_rush,2,1,9,0810,06:51,PHI 9,9,PHI,101,2022-12-18T18:58:03.000Z,false,false,true,true,false,false,6,3,6:52,6:48,right,APPROVED,0,3,true,9.290000000000006,110.0,true,true
2022,REG,15,2022121801,1501,0810,CHI,59053,1501.0,(5:29) (Shotgun) J.Hurts pass deep left intended for Q.Watkins INTERCEPTED by D.Houston-Carson at PHI 43. D.Houston-Carson to PHI 25 for 18 yards (L.Dickerson).,2,play_type_pass,2,3,6,3700,05:29,PHI 22,22,PHI,88,2022-12-18T19:04:12.000Z,false,false,false,false,false,true,6,3,5:29,5:16,left,APPROVED,6,3,true,6.63,82.41,true,true
2022,REG,15,2022121801,1879,3700,PHI,59053,1879.0,(1:11) (Shotgun) J.Hurts pass deep right to D.Smith pushed ob at CHI 24 for 38 yards (D.Houston-Carson).,2,play_type_pass,2,3,3,3700,01:11,PHI 38,38,PHI,72,2022-12-18T19:19:38.000Z,false,false,false,false,false,false,6,3,1:11,1:05,left,APPROVED,6,3,true,3.87,69.49,true,true
2022,REG,15,2022121801,1967,3700,PHI,59053,1967.0,"(:48) (Shotgun) J.Hurts left guard for 22 yards, TOUCHDOWN.",2,play_type_rush,2,3,8,3700,00:48,CHI 22,22,CHI,32,2022-12-18T19:22:46.000Z,false,false,true,false,false,false,6,9,:48,:44,left,APPROVED,6,3,true,8.49,24.53,true,true
2022,REG,15,2022121801,2120,3700,PHI,59053,2120.0,T.Gill kicks 65 yards from CHI 35 to PHI 0. B.Scott to CHI 42 for 58 yards (E.Hicks).,32,play_type_kickoff,3,0,0,0810,15:00,CHI 35,35,CHI,45,2022-12-18T19:42:10.000Z,true,false,false,false,false,true,6,10,15:00,14:51,right,APPROVED,6,10,true,,,true,true
2022,REG,15,2022121801,2218,3700,PHI,59053,2218.0,"(13:06) (No Huddle, Shotgun) J.Hurts pass deep right to A.Brown to CHI 2 for 29 yards (J.Johnson).",2,play_type_pass,3,1,10,3700,13:06,CHI 31,31,CHI,41,2022-12-18T19:47:38.000Z,false,false,false,false,false,false,6,10,13:06,13:01,left,APPROVED,6,10,true,10.0,31.24,true,true
2022,REG,15,2022121801,2379,3700,PHI,59053,2379.0,(11:02) (Shotgun) J.Fields sacked at CHI 21 for -9 yards (J.Hargrave).,2,play_type_sack,3,3,5,0810,11:02,CHI 30,30,CHI,40,2022-12-18T19:54:03.000Z,false,false,false,false,false,false,6,17,11:03,10:59,right,APPROVED,6,17,false,5.07,44.79,true,true
2022,REG,15,2022121801,2560,0810,CHI,59053,2560.0,"(8:50) (Shotgun) J.Fields pass short right to D.Montgomery for 10 yards, TOUCHDOWN.",2,play_type_pass,3,3,5,0810,08:50,PHI 10,10,PHI,100,2022-12-18T20:02:43.000Z,false,false,true,false,false,false,12,17,8:51,8:46,right,APPROVED,6,17,true,5.66,105.04,true,true
2022,REG,15,2022121801,2883,0810,CHI,59053,2883.0,(4:36) (Shotgun) J.Hurts sacked at CHI 42 for -6 yards (J.Thomas).,2,play_type_sack,3,2,9,3700,04:36,CHI 36,36,CHI,46,2022-12-18T20:17:58.000Z,false,false,false,false,false,false,13,17,4:37,4:30,left,APPROVED,13,17,false,9.55,37.31,true,true
2022,REG,15,2022121801,3731,3700,PHI,59053,3731.0,(5:35) (Shotgun) J.Hurts pass deep right to A.Brown to CHI 3 for 68 yards (J.Brisker).,2,play_type_pass,4,3,6,3700,05:35,PHI 29,29,PHI,39,2022-12-18T20:50:00.000Z,false,false,false,false,false,false,13,17,5:36,5:25,right,APPROVED,13,17,true,6.52,44.63,true,true
2022,REG,15,2022121801,4082,0810,CHI,59053,4082.0,"(2:53) (No Huddle, Shotgun) J.Fields pass deep right to B.Pringle for 35 yards, TOUCHDOWN.",2,play_type_pass,4,1,10,0810,02:53,PHI 35,35,PHI,45,2022-12-18T21:02:04.000Z,false,false,true,false,false,false,19,25,2:54,2:43,left,APPROVED,13,25,true,10.0,35.41,true,true
2022,REG,15,2022121802,602,2120,HOU,59054,602.0,(5:03) D.Mills pass deep right to C.Moore to KC 36 for 34 yards (T.McDuffie).,2,play_type_pass,1,2,11,2120,05:03,HOU 30,30,HOU,80,2022-12-18T18:28:03.000Z,false,false,false,false,false,false,0,0,5:05,4:59,left,APPROVED,0,0,true,10.88,69.11,true,true
2022,REG,15,2022121802,795,2120,HOU,59054,795.0,"(1:04) (Shotgun) D.Mills pass short right to T.Quitoriano for 8 yards, TOUCHDOWN.",2,play_type_pass,1,2,8,2120,01:04,KC 8,8,KC,18,2022-12-18T18:33:53.000Z,false,false,true,true,false,false,6,0,1:04,1:01,left,APPROVED,0,0,true,8.54,10.0,true,true
2022,REG,15,2022121802,997,2310,KC,59054,997.0,"(12:33) (Shotgun) P.Mahomes pass short right to J.McKinnon for 20 yards, TOUCHDOWN.",2,play_type_pass,2,1,10,2310,12:33,HOU 20,20,HOU,30,2022-12-18T18:43:50.000Z,false,false,true,false,false,false,7,6,12:34,12:28,left,APPROVED,7,0,true,10.0,20.19,true,true
2022,REG,15,2022121802,1284,2120,HOU,59054,1284.0,"(9:28) (Shotgun) D.Mills scrambles left end for 17 yards, TOUCHDOWN.",2,play_type_rush,2,2,10,2120,09:28,KC 17,17,KC,93,2022-12-18T18:58:01.000Z,false,false,true,false,false,false,13,7,9:28,9:20,right,APPROVED,7,7,true,11.01,103.35,true,true
2022,REG,15,2022121802,1902,2310,KC,59054,1902.0,"(:17) (Shotgun) P.Mahomes pass short right to M.Valdes-Scantling for 4 yards, TOUCHDOWN.",2,play_type_pass,2,3,4,2310,00:17,HOU 4,4,HOU,14,2022-12-18T19:26:05.000Z,false,false,true,true,false,false,14,13,:17,:15,left,APPROVED,14,7,true,4.37,10.0,true,true
2022,REG,15,2022121802,2837,2120,HOU,59054,2837.0,"(1:30) (Shotgun) D.Mills pass short middle to J.Akins for 12 yards, TOUCHDOWN. Penalty on KC-W.Gay, Illegal Contact, declined.",2,play_type_pass,3,3,12,2120,01:30,KC 12,12,KC,98,2022-12-18T20:16:25.000Z,false,false,true,true,false,false,20,16,1:31,1:26,right,APPROVED,14,16,true,13.15,110.0,true,true
2022,REG,15,2022121802,3123,2310,KC,59054,3123.0,"(12:05) (Shotgun) P.Mahomes scrambles left end for 5 yards, TOUCHDOWN.",2,play_type_rush,4,2,5,2310,12:05,HOU 5,5,HOU,105,2022-12-18T20:28:57.000Z,false,false,true,true,false,false,21,22,12:06,11:59,right,APPROVED,21,16,true,5.58,110.0,true,true
2022,REG,15,2022121802,4051,2120,HOU,59054,4051.0,(6:22) (Shotgun) P.Mahomes sacked at KC 45 for -12 yards (B.Cashman).,2,play_type_sack,5,3,4,2310,06:22,HOU 43,43,HOU,67,2022-12-18T21:09:42.000Z,false,false,false,false,false,false,24,24,6:23,6:17,right,APPROVED,24,24,false,4.38,70.76,true,true
2022,REG,15,2022121802,4121,2310,KC,59054,4121.0,"(5:19) J.McKinnon left guard for 26 yards, TOUCHDOWN.",2,play_type_rush,5,1,10,2310,05:19,HOU 26,26,HOU,84,2022-12-18T21:13:19.000Z,false,false,true,false,false,false,24,30,5:19,5:14,right,APPROVED,24,24,true,10.0,93.72,true,true
2022,REG,15,2022121803,564,1200,DAL,59055,564.0,"(4:39) (No Huddle) E.Elliott up the middle for 10 yards, TOUCHDOWN.",2,play_type_rush,1,2,2,1200,04:39,JAX 10,10,JAX,100,2022-12-18T18:21:41.000Z,false,false,true,false,false,false,0,6,4:40,4:35,right,APPROVED,0,0,true,2.9,101.53,true,true
2022,REG,15,2022121803,976,1200,DAL,59055,976.0,"(13:08) (Shotgun) D.Prescott pass deep right to P.Hendershot for 20 yards, TOUCHDOWN.",2,play_type_pass,2,2,9,1200,13:08,JAX 20,20,JAX,30,2022-12-18T18:40:50.000Z,false,false,true,false,false,false,0,13,13:09,13:03,left,APPROVED,0,7,true,10.04,20.91,true,true
2022,REG,15,2022121803,1224,2250,JAX,59055,1224.0,"(7:49) (Shotgun) T.Lawrence pass short middle to Z.Jones for 5 yards, TOUCHDOWN.",2,play_type_pass,2,2,5,2250,07:49,DAL 5,5,DAL,105,2022-12-18T18:50:37.000Z,false,false,true,true,false,false,6,14,7:50,7:47,right,APPROVED,0,14,true,5.82,110.0,true,true
2022,REG,15,2022121803,1506,1200,DAL,59055,1506.0,"(1:59) D.Prescott pass short middle to N.Brown for 1 yard, TOUCHDOWN.",2,play_type_pass,2,2,1,1200,01:59,JAX 1,1,JAX,11,2022-12-18T19:03:18.000Z,false,false,true,true,false,false,7,20,2:00,1:58,left,APPROVED,7,14,true,1.96,10.0,true,true
2022,REG,15,2022121803,2268,1200,DAL,59055,2268.0,(10:01) (Shotgun) D.Prescott pass short middle to C.Lamb pushed ob at JAX 34 for 39 yards (D.Lloyd).,2,play_type_pass,3,3,8,1200,10:01,DAL 27,27,DAL,83,2022-12-18T19:45:09.000Z,false,false,false,false,false,false,10,21,10:01,9:51,left,APPROVED,10,21,true,8.04,75.4,true,true
2022,REG,15,2022121803,2666,2250,JAX,59055,2666.0,"(4:07) T.Lawrence pass deep right to Z.Jones for 59 yards, TOUCHDOWN. Penalty on DAL-T.Diggs, Defensive Holding, declined.",2,play_type_pass,3,1,10,2250,04:07,JAX 41,41,JAX,51,2022-12-18T20:05:10.000Z,false,false,true,false,false,false,16,27,4:07,3:58,right,APPROVED,10,27,true,10.0,60.81,true,true
2022,REG,15,2022121803,2870,2250,JAX,59055,2870.0,"(1:28) (Shotgun) T.Lawrence pass short right to M.Jones for 10 yards, TOUCHDOWN.",2,play_type_pass,3,3,10,2250,01:28,DAL 10,10,DAL,100,2022-12-18T20:12:49.000Z,false,false,true,true,false,false,23,27,1:28,1:25,right,APPROVED,17,27,true,10.45,110.0,true,true
2022,REG,15,2022121803,3204,2250,JAX,59055,3204.0,"(10:07) (Shotgun) T.Lawrence pass short middle to Z.Jones for 3 yards, TOUCHDOWN. JAX-C.Robinson was injured during the play. His return is Questionable.",2,play_type_pass,4,3,3,2250,10:07,DAL 3,3,DAL,13,2022-12-18T20:27:03.000Z,false,false,true,true,false,false,30,27,10:09,10:06,left,APPROVED,24,27,true,3.62,10.0,true,true
2022,REG,15,2022121803,3540,1200,DAL,59055,3540.0,"(3:07) D.Prescott pass short left to N.Brown for 13 yards, TOUCHDOWN.",2,play_type_pass,4,3,6,1200,03:07,JAX 13,13,JAX,97,2022-12-18T20:39:53.000Z,false,false,true,false,false,false,31,33,3:10,3:04,right,APPROVED,31,27,true,6.58,102.72,true,true
2022,REG,15,2022121803,4360,2250,JAX,59055,4360.0,"(7:04) (Shotgun) D.Prescott pass short left intended for N.Brown INTERCEPTED by R.Jenkins at JAX 48. R.Jenkins for 52 yards, TOUCHDOWN.",2,play_type_pass,5,3,4,1200,07:04,DAL 47,47,DAL,57,2022-12-18T21:16:31.000Z,false,false,true,false,false,true,40,34,7:04,6:53,right,APPROVED,34,34,true,3.85,60.03,true,true
2022,REG,15,2022121804,433,1540,DET,59056,433.0,"(6:13) B.Mann punts 46 yards to NYJ 47, Center-T.Hennessy. K.Raymond for 47 yards, TOUCHDOWN.",2,play_type_punt,1,4,11,3430,06:13,NYJ 1,1,NYJ,109,2022-12-18T18:17:26.000Z,true,false,true,false,false,true,0,6,6:13,6:01,left,APPROVED,0,0,true,11.54,98.17,true,true
2022,REG,15,2022121804,738,1540,DET,59056,738.0,(2:47) (Shotgun) Z.Wilson sacked at NYJ 46 for -6 yards (J.Houston).,2,play_type_sack,1,3,2,3430,02:47,DET 48,48,DET,58,2022-12-18T18:29:32.000Z,false,false,false,false,false,false,0,7,2:47,2:44,left,APPROVED,0,7,false,2.31,56.02,true,true
2022,REG,15,2022121804,982,3430,NYJ,59056,982.0,(15:00) (Shotgun) Z.Wilson pass deep right to G.Wilson to DET 40 for 33 yards (K.Joseph).,2,play_type_pass,2,2,5,3430,15:00,NYJ 27,27,NYJ,37,2022-12-18T18:42:28.000Z,false,false,false,false,false,false,0,7,15:00,14:53,right,APPROVED,0,7,true,5.15,41.93,true,true
2022,REG,15,2022121804,1006,3430,NYJ,59056,1006.0,"(14:16) Z.Wilson pass deep right to C.Uzomah for 40 yards, TOUCHDOWN.",2,play_type_pass,2,1,10,3430,14:16,DET 40,40,DET,70,2022-12-18T18:43:12.000Z,false,false,true,false,false,false,6,7,14:17,14:08,right,APPROVED,0,7,true,10.0,79.96,true,true
2022,REG,15,2022121804,1857,3430,NYJ,59056,1857.0,(:25) (Shotgun) Z.Wilson pass deep right to J.Smith to DET 31 for 50 yards (J.Okudah).,2,play_type_pass,2,1,10,3430,00:25,NYJ 19,19,NYJ,29,2022-12-18T19:22:26.000Z,false,false,false,false,false,false,7,10,:25,:18,right,APPROVED,7,10,true,10.0,38.9,true,true
2022,REG,15,2022121804,2095,1540,DET,59056,2095.0,(13:27) Z.Wilson pass deep left intended for E.Moore INTERCEPTED by J.Jacobs at DET 47. J.Jacobs pushed ob at NYJ 15 for 38 yards (D.Brown).,2,play_type_pass,3,1,10,3430,13:27,NYJ 36,36,NYJ,46,2022-12-18T19:42:52.000Z,false,false,false,false,false,true,10,10,13:29,13:18,right,APPROVED,10,10,true,10.0,55.78,true,true
2022,REG,15,2022121804,3293,3430,NYJ,59056,3293.0,"(7:15) (Shotgun) Z.Wilson pass deep right to G.Wilson to DET 21 for 33 yards (W.Harris). Penalty on DET-W.Harris, Defensive Pass Interference, declined.",2,play_type_pass,4,2,8,3430,07:15,NYJ 46,46,NYJ,64,2022-12-18T20:38:02.000Z,false,false,false,false,false,false,10,13,7:16,7:09,left,APPROVED,10,13,true,7.86,56.07,true,true
2022,REG,15,2022121804,3418,3430,NYJ,59056,3418.0,"(4:45) D.Feeney reported in as eligible.  Z.Wilson pass short right to C.Uzomah for 1 yard, TOUCHDOWN.",2,play_type_pass,4,3,1,3430,04:45,DET 1,1,DET,11,2022-12-18T20:46:18.000Z,false,false,true,true,false,false,16,13,4:47,4:43,left,APPROVED,10,13,true,0.49,10.0,true,true
2022,REG,15,2022121804,3672,1540,DET,59056,3672.0,"(2:00) J.Goff pass short left to B.Wright for 51 yards, TOUCHDOWN.",2,play_type_pass,4,4,1,1540,02:00,DET 49,49,DET,59,2022-12-18T20:56:53.000Z,false,false,true,false,false,false,17,19,2:00,1:51,right,APPROVED,17,13,true,0.58,59.3,true,true
2022,REG,15,2022121805,580,3800,ARI,59057,580.0,(5:14) (Shotgun) B.Rypien sacked at ARZ 49 for -8 yards (T.Hill).,2,play_type_sack,1,3,7,1400,05:14,ARI 41,41,ARI,69,2022-12-18T21:28:24.000Z,false,false,false,false,false,false,3,0,5:14,5:11,right,APPROVED,3,0,false,7.44,75.72,true,true
2022,REG,15,2022121805,734,1400,DEN,59057,734.0,(2:35) (Shotgun) C.McCoy pass deep middle intended for M.Brown INTERCEPTED by J.Simmons [A.Singleton] at ARZ 44. J.Simmons pushed ob at ARZ 24 for 20 yards (M.Garcia).,2,play_type_pass,1,3,5,3800,02:35,ARI 27,27,ARI,83,2022-12-18T21:34:37.000Z,false,false,false,false,false,true,3,0,2:36,2:25,left,APPROVED,3,0,true,5.1,78.19,true,true
2022,REG,15,2022121805,1840,3800,ARI,59057,1840.0,"(:42) (No Huddle, Shotgun) B.Rypien sacked at DEN 49 for -7 yards (J.Watt). FUMBLES (J.Watt), RECOVERED by ARZ-M.Sanders at ARZ 49. M.Sanders to ARZ 49 for no gain (C.Fleming).",2,play_type_sack,2,1,10,1400,00:42,ARI 44,44,ARI,54,2022-12-18T22:20:50.000Z,false,false,false,false,false,true,3,3,:42,:38,left,APPROVED,3,3,false,10.0,44.26,true,true
2022,REG,15,2022121805,2428,1400,DEN,59057,2428.0,"(8:50) (Shotgun) L.Murray right end to ARZ 45 for 35 yards (J.Thompson, J.Whittaker). ARZ-T.Vallejo was injured during the play. DEN-T.Compton was injured during the play.",2,play_type_rush,3,1,10,1400,08:50,DEN 20,20,DEN,30,2022-12-18T22:57:46.000Z,false,false,false,false,false,false,3,9,8:50,8:43,right,APPROVED,3,9,true,10.0,39.7,true,true
2022,REG,15,2022121805,2581,1400,DEN,59057,2581.0,"(6:02) M.Mack right end for 3 yards, TOUCHDOWN.",2,play_type_rush,3,1,3,1400,06:02,ARI 3,3,ARI,107,2022-12-18T23:06:31.000Z,false,false,true,true,false,false,9,9,6:03,5:59,right,APPROVED,3,9,true,3.6700000000000017,110.0,true,true
2022,REG,15,2022121805,2773,3800,ARI,59057,2773.0,(4:02) B.Rypien sacked at DEN 30 for -7 yards (J.Ledbetter).,2,play_type_sack,3,2,7,1400,04:02,DEN 37,37,DEN,47,2022-12-18T23:13:56.000Z,false,false,false,false,false,false,10,9,4:02,3:58,right,APPROVED,10,9,false,7.52,53.74,true,true
2022,REG,15,2022121805,2955,3800,ARI,59057,2955.0,(:01) (No Huddle) B.Rypien pass deep middle intended for E.Saubert INTERCEPTED by B.Baker at ARZ 1. B.Baker to ARZ 2 for 1 yard (E.Saubert).,2,play_type_pass,3,1,10,1400,00:01,ARI 25,25,ARI,85,2022-12-18T23:18:27.000Z,false,false,false,false,false,true,10,9,:03,:00,right,APPROVED,10,9,true,10.0,94.63,true,true
2022,REG,15,2022121805,3243,1400,DEN,59057,3243.0,"(11:05) (Shotgun) L.Murray left end for 10 yards, TOUCHDOWN.",2,play_type_rush,4,1,10,1400,11:05,ARI 10,10,ARI,20,2022-12-18T23:29:48.000Z,false,false,true,true,false,false,16,9,11:06,11:02,left,APPROVED,10,9,true,10.52,10.0,true,true
2022,REG,15,2022121805,3410,1400,DEN,59057,3410.0,"(9:33) B.Rypien pass short right to E.Tomlinson for 3 yards, TOUCHDOWN.",2,play_type_pass,4,2,3,1400,09:33,ARI 3,3,ARI,13,2022-12-18T23:38:02.000Z,false,false,true,true,false,false,23,9,9:34,9:30,left,APPROVED,17,9,true,3.65,10.0,true,true
2022,REG,15,2022121805,3655,3800,ARI,59057,3655.0,(Pass formation) TWO-POINT CONVERSION ATTEMPT. T.McSorley pass to D.Hopkins is incomplete. ATTEMPT FAILS.,26,play_type_two_point_conversion,4,0,0,3800,06:01,DEN 2,2,DEN,108,2022-12-18T23:47:23.000Z,false,false,false,false,false,false,24,15,6:01,6:01,right,APPROVED,24,15,false,,,true,true
2022,REG,15,2022121805,3964,1400,DEN,59057,3964.0,"(1:03) (No Huddle, Shotgun) T.McSorley pass deep left intended for D.Hopkins INTERCEPTED by P.Surtain at ARZ 34. P.Surtain to ARZ 37 for -3 yards.",2,play_type_pass,4,1,10,3800,01:03,ARI 16,16,ARI,26,2022-12-19T00:01:22.000Z,false,false,false,false,false,true,24,15,1:04,:57,right,APPROVED,24,15,true,10.0,35.71,true,true
2022,REG,15,2022121806,923,2100,TEN,59058,923.0,(11:46) R.Tannehill pass short right to D.Henry ran ob at LAC 15 for 37 yards (D.Tranquill).,2,play_type_pass,2,1,10,2100,11:46,TEN 48,48,TEN,58,2022-12-18T22:07:55.000Z,false,false,false,false,false,false,7,0,11:47,11:38,right,APPROVED,7,0,true,10.0,67.78,true,true
2022,REG,15,2022121806,1017,2100,TEN,59058,1017.0,"(10:13) (Shotgun) Direct snap to D.Henry.  D.Henry left guard for 4 yards, TOUCHDOWN.",2,play_type_rush,2,2,4,2100,10:13,LAC 4,4,LAC,106,2022-12-18T22:10:39.000Z,false,false,true,true,false,false,7,6,10:13,10:11,right,APPROVED,7,0,true,4.55,110.0,true,true
2022,REG,15,2022121806,1694,2100,TEN,59058,1694.0,(:12) (Shotgun) J.Herbert pass deep left intended for M.Williams INTERCEPTED by J.Kalu (R.McCreary) at TEN -3. Touchback.,2,play_type_pass,2,2,10,4400,00:12,TEN 25,25,TEN,35,2022-12-18T22:39:44.000Z,false,false,false,false,false,true,7,7,:12,:07,left,APPROVED,7,7,true,10.51,25.42,true,true
2022,REG,15,2022121806,1905,2100,TEN,59058,1905.0,(13:10) (Shotgun) J.Herbert sacked at LAC 45 for -7 yards (D.Walker).,2,play_type_sack,3,3,4,4400,13:10,TEN 48,48,TEN,62,2022-12-18T22:59:23.000Z,false,false,false,false,false,false,7,7,13:11,13:07,right,APPROVED,7,7,false,4.58,65.49,false,true
2022,REG,15,2022121806,2277,4400,LAC,59058,2277.0,"(7:30) (Shotgun) R.Tannehill pass deep right intended for R.McMath INTERCEPTED by N.Adderley at TEN 48. N.Adderley to TEN 48 for no gain (R.McMath). Penalty on TEN-R.McMath, Offensive Pass Interference, declined.",2,play_type_pass,3,2,11,2100,07:30,TEN 12,12,TEN,98,2022-12-18T23:16:09.000Z,false,false,false,false,false,true,7,7,7:31,7:24,left,APPROVED,7,7,true,11.4,87.37,true,true
2022,REG,15,2022121806,2418,2100,TEN,59058,2418.0,"(5:29) (Shotgun) J.Herbert pass short middle intended for M.Williams INTERCEPTED by K.Byard at TEN 17. K.Byard to TEN 20 for 3 yards (A.Ekeler). Penalty on LAC-M.Feiler, Offensive Holding, declined.",2,play_type_pass,3,2,8,4400,05:29,TEN 27,27,TEN,83,2022-12-18T23:22:11.000Z,false,false,false,false,false,true,7,7,5:30,5:23,right,APPROVED,7,7,true,8.21,90.65,true,true
2022,REG,15,2022121806,2784,4400,LAC,59058,2784.0,(14:19) (Shotgun) R.Tannehill sacked at LAC 33 for -9 yards (C.Rumph).,2,play_type_sack,4,3,9,2100,14:19,LAC 24,24,LAC,86,2022-12-18T23:38:41.000Z,false,false,false,false,false,false,7,7,14:20,14:17,right,APPROVED,7,7,false,9.99,94.87,true,true
2022,REG,15,2022121806,2941,4400,LAC,59058,2941.0,"(10:34) (Shotgun) A.Ekeler right guard for 3 yards, TOUCHDOWN.",2,play_type_rush,4,1,3,4400,10:34,TEN 3,3,TEN,13,2022-12-18T23:45:31.000Z,false,false,true,true,false,false,13,7,10:35,10:30,left,APPROVED,7,7,true,3.4499999999999993,10.0,true,false
2022,REG,15,2022121806,3644,2100,TEN,59058,3644.0,(1:14) (Shotgun) R.Tannehill pass short middle to C.Okonkwo pushed ob at LAC 21 for 28 yards (A.Gilman).,2,play_type_pass,4,2,12,2100,01:14,LAC 49,49,LAC,61,2022-12-19T00:14:06.000Z,false,false,false,false,false,false,14,7,1:14,1:08,right,APPROVED,14,7,true,12.57,72.72,true,true
2022,REG,15,2022121807,148,4900,TB,59059,148.0,(12:32) (Shotgun) J.Burrow pass short left intended for J.Chase INTERCEPTED by C.Davis (K.Neal) at TB 30. C.Davis to TB 30 for no gain (J.Chase).,2,play_type_pass,1,1,10,0920,12:32,TB 40,40,TB,70,2022-12-18T21:28:24.000Z,false,false,false,false,false,true,0,0,12:33,12:28,right,APPROVED,0,0,true,10.0,79.93,true,true
2022,REG,15,2022121807,522,4900,TB,59059,522.0,(4:48) (Shotgun) J.Burrow sacked at CIN 25 for -6 yards (sack split by J.Tryon and A.Nelson).,2,play_type_sack,1,3,4,0920,04:48,CIN 31,31,CIN,41,2022-12-18T21:46:44.000Z,false,false,false,false,false,false,3,0,4:49,4:44,right,APPROVED,3,0,false,4.78,44.89,true,true
2022,REG,15,2022121807,899,4900,TB,59059,899.0,"(14:17) (Shotgun) T.Brady pass short left to R.Gage for 1 yard, TOUCHDOWN.",2,play_type_pass,2,4,1,4900,14:17,CIN 1,1,CIN,109,2022-12-18T22:05:29.000Z,false,false,true,true,false,false,9,0,14:17,14:14,right,APPROVED,3,0,true,1.86,110.0,true,true
2022,REG,15,2022121807,2190,0920,CIN,59059,2190.0,(9:42) (Shotgun) T.Brady pass short right intended for C.Brate INTERCEPTED by T.Flowers at TB 31. T.Flowers to TB 31 for no gain (C.Brate).,2,play_type_pass,3,3,8,4900,09:42,TB 23,23,TB,87,2022-12-18T23:11:23.000Z,false,false,false,false,false,true,17,6,9:43,9:39,left,APPROVED,17,6,true,8.95,79.0,true,true
2022,REG,15,2022121807,2416,0920,CIN,59059,2416.0,"(5:47) J.Burrow pass short right to T.Higgins for 5 yards, TOUCHDOWN.",2,play_type_pass,3,1,5,0920,05:47,TB 5,5,TB,105,2022-12-18T23:19:08.000Z,false,false,true,true,false,false,17,12,5:48,5:43,right,APPROVED,17,6,true,5.459999999999994,110.0,true,true
2022,REG,15,2022121807,2527,0920,CIN,59059,2527.0,"(5:06) (Shotgun) T.Brady sacked at TB 12 for -9 yards (L.Wilson). FUMBLES (L.Wilson) [L.Wilson], RECOVERED by CIN-J.Ossai at TB 13. Fumble Forced by CIN-98-D.Reader.",2,play_type_sack,3,3,10,4900,05:06,TB 21,21,TB,89,2022-12-18T23:26:08.000Z,false,false,false,false,false,true,17,12,5:06,5:01,left,APPROVED,17,12,false,10.4,79.28,true,true
2022,REG,15,2022121807,2644,0920,CIN,59059,2644.0,"(2:44) (Shotgun) J.Burrow pass short right to T.Boyd for 3 yards, TOUCHDOWN.",2,play_type_pass,3,3,3,0920,02:44,TB 3,3,TB,107,2022-12-18T23:30:20.000Z,false,false,true,true,false,false,17,18,2:46,2:42,right,APPROVED,17,12,true,3.4,110.0,true,false
2022,REG,15,2022121807,2967,0920,CIN,59059,2967.0,"(12:49) (Shotgun) J.Burrow pass short left to J.Chase for 8 yards, TOUCHDOWN.",2,play_type_pass,4,2,8,0920,12:49,TB 8,8,TB,18,2022-12-18T23:45:49.000Z,false,false,true,true,false,false,17,26,12:50,12:47,left,APPROVED,17,20,true,8.83,10.0,true,true
2022,REG,15,2022121807,3145,0920,CIN,59059,3145.0,(11:54) (Shotgun) T.Brady pass short left intended for M.Evans INTERCEPTED by G.Pratt (J.Ossai) [J.Ossai] at CIN 47. G.Pratt to CIN 47 for no gain (M.Evans).,2,play_type_pass,4,1,20,4900,11:54,TB 41,41,TB,51,2022-12-18T23:55:25.000Z,false,false,false,false,false,true,17,27,11:55,11:49,right,APPROVED,17,27,true,20.0,70.82,true,true
2022,REG,15,2022121807,3712,0920,CIN,59059,3712.0,"(2:27) J.Burrow pass short right to M.Wilcox for 12 yards, TOUCHDOWN.",2,play_type_pass,4,2,9,0920,02:27,TB 12,12,TB,22,2022-12-19T00:20:00.000Z,false,false,true,false,false,false,17,33,2:27,2:22,left,APPROVED,17,27,true,8.99,13.5,true,true
2022,REG,15,2022121807,3990,4900,TB,59059,3990.0,"(:52) (Shotgun) T.Brady pass short right to R.Gage for 5 yards, TOUCHDOWN.",2,play_type_pass,4,2,5,4900,00:52,CIN 5,5,CIN,105,2022-12-19T00:28:39.000Z,false,false,true,true,false,false,23,34,:52,:50,right,APPROVED,17,34,true,5.61,110.0,true,true
2022,REG,15,2022121808,761,3200,NE,59060,761.0,(1:26) (Shotgun) M.Jones pass deep middle to T.Thornton to NE 44 for 21 yards (D.Harmon).,2,play_type_pass,1,3,11,3200,01:26,NE 23,23,NE,33,2022-12-18T21:35:35.000Z,false,false,false,false,false,false,3,0,1:27,1:21,right,APPROVED,3,0,true,11.62,44.44,true,true
2022,REG,15,2022121808,1368,2520,LV,59060,1368.0,"(5:22) (Shotgun) D.Carr pass deep middle to D.Waller for 25 yards, TOUCHDOWN.",2,play_type_pass,2,2,20,2520,05:22,NE 25,25,NE,85,2022-12-18T22:03:18.000Z,false,false,true,false,false,false,9,3,5:22,5:18,right,APPROVED,3,3,true,20.66,104.6,true,true
2022,REG,15,2022121808,1744,3200,NE,59060,1744.0,"(:35) M.Palardy punt is BLOCKED by M.Koonce, Center-J.Cardona, recovered by NE-J.Peppers at NE 28. J.Peppers to NE 20 for -8 yards (B.Bolden, M.Crosby).",2,play_type_punt,2,4,6,3200,00:35,NE 47,47,NE,63,2022-12-18T22:22:41.000Z,true,false,false,false,false,true,10,3,:37,:29,left,APPROVED,10,3,false,6.44,57.16,true,true
2022,REG,15,2022121808,1893,2520,LV,59060,1893.0,"(:09) (Shotgun) D.Carr pass short middle to M.Hollins for 5 yards, TOUCHDOWN.",2,play_type_pass,2,1,5,2520,00:09,NE 5,5,NE,105,2022-12-18T22:27:45.000Z,false,false,true,true,false,false,16,3,:09,:05,right,APPROVED,10,3,true,5.209999999999994,110.0,true,true
2022,REG,15,2022121808,2184,3200,NE,59060,2184.0,"(12:11) D.Carr pass short left intended for D.Adams INTERCEPTED by K.Dugger at LV 16. K.Dugger for 16 yards, TOUCHDOWN.",2,play_type_pass,3,2,6,2520,12:11,LV 17,17,LV,93,2022-12-18T22:53:40.000Z,false,false,true,false,false,true,17,9,12:12,12:08,left,APPROVED,17,3,true,6.38,86.96,true,true
2022,REG,15,2022121808,3518,3200,NE,59060,3518.0,(4:32) (Shotgun) M.Jones pass deep middle to J.Meyers to LV 34 for 39 yards (D.Perryman).,2,play_type_pass,4,2,7,3200,04:32,NE 27,27,NE,83,2022-12-18T23:53:46.000Z,false,false,false,false,false,false,17,16,4:33,4:25,left,APPROVED,17,16,true,7.15,76.11,true,true
2022,REG,15,2022121808,3542,3200,NE,59060,3542.0,"(3:51) R.Stevenson right guard for 34 yards, TOUCHDOWN.",2,play_type_rush,4,1,10,3200,03:51,LV 34,34,LV,44,2022-12-18T23:54:26.000Z,false,false,true,false,false,false,17,22,3:52,3:45,left,APPROVED,17,16,true,10.0,33.93,true,true
2022,REG,15,2022121808,4009,2520,LV,59060,4009.0,"(:37) (Shotgun) D.Carr pass deep left to K.Cole for 30 yards, TOUCHDOWN. The Replay Official reviewed the pass completion ruling, and the play was Upheld. The ruling on the field stands.",2,play_type_pass,4,2,10,2520,00:37,NE 30,30,NE,80,2022-12-19T00:13:21.000Z,false,false,true,false,false,false,23,24,:37,:32,right,APPROVED,17,24,true,10.34,89.96,true,true
2022,REG,15,2022121809,277,3300,NO,59050,277.0,"(10:12) (Shotgun) A.Dalton pass short middle to J.Johnson to ATL 1 for 18 yards (A.Terrell; R.Grant). New Orleans challenged the short of the goal line ruling, and the play was REVERSED. (Shotgun) A.Dalton pass short middle to J.Johnson for 19 yards, TOUCHDOWN. Pass 15, YAC 4",2,play_type_pass,1,3,9,3300,10:12,ATL 19,19,ATL,29,2022-12-18T18:09:09.000Z,false,false,true,false,false,false,6,0,10:12,10:06,left,APPROVED,0,0,true,9.37,20.09,true,true
2022,REG,15,2022121809,2247,0200,ATL,59050,2247.0,(12:58) T.Allgeier right end to NO 12 for 43 yards (T.Mathieu).,2,play_type_rush,3,3,1,0200,12:58,ATL 45,45,ATL,55,2022-12-18T19:45:34.000Z,false,false,false,false,false,false,14,3,12:59,12:50,right,APPROVED,14,3,true,1.31,55.78,true,true
2022,REG,15,2022121809,2343,0200,ATL,59050,2343.0,"(10:51) (Shotgun) T.Allgeier right guard for 5 yards, TOUCHDOWN.",2,play_type_rush,3,3,3,0200,10:51,NO 5,5,NO,105,2022-12-18T19:48:36.000Z,false,false,true,false,false,false,14,9,10:52,10:48,right,APPROVED,14,3,true,3.47,107.98,true,true
2022,REG,15,2022121809,3274,0200,ATL,59050,3274.0,"(7:12) C.Patterson left tackle for 3 yards, TOUCHDOWN.",2,play_type_rush,4,2,2,0200,07:12,NO 3,3,NO,13,2022-12-18T20:25:30.000Z,false,false,true,false,false,false,21,16,7:14,7:10,left,APPROVED,21,10,true,2.02,11.28,true,true
2022,REG,15,2022121810,314,3410,NYG,59051,314.0,"(8:44) T.Way punts 27 yards to NYG 7, Center-C.Cheeseman. R.James to NYG 30 for 23 yards (K.Hudson; J.Reaves).",2,play_type_punt,1,4,12,5110,08:44,NYG 34,34,NYG,76,2022-12-19T01:32:03.000Z,true,false,false,false,false,true,0,0,8:44,8:35,right,APPROVED,0,0,false,12.74,88.05,true,true
2022,REG,15,2022121810,963,3410,NYG,59051,963.0,"(13:18) (Shotgun) T.Heinicke sacked at WAS 2 for -8 yards (K.Thibodeaux). FUMBLES (K.Thibodeaux) [K.Thibodeaux], RECOVERED by NYG-K.Thibodeaux at WAS 1. K.Thibodeaux for 1 yard, TOUCHDOWN.",2,play_type_sack,2,2,18,5110,13:18,WAS 10,10,WAS,100,2022-12-19T02:01:59.000Z,false,false,true,false,false,true,3,6,13:18,13:12,left,APPROVED,3,0,false,18.65,81.99,true,false
2022,REG,15,2022121810,1672,3410,NYG,59051,1672.0,"(1:46) (Shotgun) Direct snap to S.Barkley.  S.Barkley left tackle for 3 yards, TOUCHDOWN.",2,play_type_rush,2,2,3,3410,01:46,WAS 3,3,WAS,107,2022-12-19T02:34:40.000Z,false,false,true,true,false,false,3,13,1:46,1:45,right,APPROVED,3,7,true,3.12,110.0,true,true
2022,REG,15,2022121810,2300,5110,WAS,59051,2300.0,"(8:43) (Shotgun) T.Heinicke pass deep middle to J.Dotson for 19 yards, TOUCHDOWN.",2,play_type_pass,3,1,10,5110,08:43,NYG 19,19,NYG,91,2022-12-19T03:09:55.000Z,false,false,true,false,false,false,9,14,8:44,8:39,right,APPROVED,3,14,true,10.0,100.77,true,true
2022,REG,15,2022121810,3326,5110,WAS,59051,3326.0,(9:06) T.Heinicke pass deep middle to J.Dotson to NYG 30 for 61 yards (J.Pinnock).,2,play_type_pass,4,1,10,5110,09:06,WAS 9,9,WAS,101,2022-12-19T03:57:29.000Z,false,false,false,false,false,false,12,17,9:06,8:57,left,APPROVED,12,17,true,10.0,90.93,true,true
2022,REG,15,2022121810,3421,3410,NYG,59051,3421.0,"(6:13) (Shotgun) T.Heinicke sacked at NYG 9 for -4 yards (sack split by D.Lawrence and A.Ojulari). New York Giants challenged the runner was down by contact ruling, and the play was REVERSED. (Shotgun) T.Heinicke sacked at NYG 9 for -4 yards (sack split by D.Lawrence and A.Ojulari). FUMBLES (D.Lawrence) [D.Lawrence], RECOVERED by NYG-L.Williams at NYG 14.",2,play_type_sack,4,3,4,5110,06:13,NYG 5,5,NYG,15,2022-12-19T04:00:26.000Z,false,false,false,false,false,true,12,17,6:14,6:07,left,APPROVED,12,17,false,5.03,10.88,true,true
2022,REG,15,2022121900,224,1800,GB,59061,224.0,(11:37) (Shotgun) B.Mayfield sacked at LA 40 for -8 yards (P.Smith).,2,play_type_sack,1,3,9,2510,11:37,LA 48,48,LA,62,2022-12-20T01:21:28.000Z,false,false,false,false,false,false,0,0,11:37,11:33,left,APPROVED,0,0,false,9.59,52.99,true,true
2022,REG,15,2022121900,738,2510,LA,59061,738.0,(:39) A.Rodgers pass deep left intended for A.Lazard INTERCEPTED by T.Rapp at LA 14. T.Rapp to LA 32 for 18 yards (A.Dillon).,2,play_type_pass,1,1,10,1800,00:39,LA 44,44,LA,66,2022-12-20T01:44:48.000Z,false,false,false,false,false,true,3,0,:40,:29,right,APPROVED,3,0,true,10.0,75.56,true,true
2022,REG,15,2022121900,1274,1800,GB,59061,1274.0,"(4:33) (Shotgun) A.Dillon up the middle for 8 yards, TOUCHDOWN.",2,play_type_rush,2,2,5,1800,04:33,LA 8,8,LA,18,2022-12-20T02:10:34.000Z,false,false,true,false,false,false,9,3,4:34,4:28,left,APPROVED,3,3,true,4.92,13.37,true,true
2022,REG,15,2022121900,2403,1800,GB,59061,2403.0,"(2:36) (Shotgun) A.Rodgers pass short left to A.Jones for 7 yards, TOUCHDOWN.",2,play_type_pass,3,2,7,1800,02:36,LA 7,7,LA,103,2022-12-20T03:14:36.000Z,false,false,true,true,false,false,23,6,2:36,2:33,right,APPROVED,17,6,true,7.63,110.0,true,true
2022,REG,15,2022121900,2591,2510,LA,59061,2591.0,"(:26) (Shotgun) B.Mayfield pass short middle to T.Higbee for 8 yards, TOUCHDOWN.",2,play_type_pass,3,3,8,2510,00:26,GB 8,8,GB,18,2022-12-20T03:25:24.000Z,false,false,true,true,false,false,24,12,:26,:24,left,APPROVED,24,6,true,8.67,10.0,true,true
2022,REG,15,2022121900,2639,1800,GB,59061,2639.0,M.Gay kicks 64 yards from LA 35 to GB 1. K.Nixon pushed ob at LA 47 for 52 yards (M.Gay; N.Scott).,32,play_type_kickoff,3,0,0,2510,00:22,LA 35,35,LA,75,2022-12-20T03:29:10.000Z,true,false,false,false,false,true,24,12,:22,:14,left,APPROVED,24,12,true,,,true,true
2022,REG,15,2022121900,2795,2510,LA,59061,2795.0,(14:06) (Shotgun) A.Rodgers sacked at LA 42 for -7 yards (L.Floyd).,2,play_type_sack,4,3,10,1800,14:06,LA 35,35,LA,45,2022-12-20T03:36:49.000Z,false,false,false,false,false,false,24,12,14:06,14:02,left,APPROVED,24,12,false,10.57,34.92,true,true
2022,REG,15,2022121900,2893,1800,GB,59061,2893.0,"(12:09) (No Huddle, Shotgun) B.Mayfield pass deep right intended for B.Skowronek INTERCEPTED by R.Douglas at LA 33. R.Douglas to LA 22 for 11 yards. FUMBLES, recovered by GB-A.Amos at LA 33. A.Amos to LA 34 for -1 yards (T.Higbee).",2,play_type_pass,4,3,13,2510,12:09,LA 10,10,LA,20,2022-12-20T03:41:37.000Z,false,false,false,false,false,true,24,12,12:10,11:55,right,APPROVED,24,12,true,13.77,32.55,true,true
2022,REG,16,2022122200,99,3430,NYJ,59062,99.0,"(13:43) (Shotgun) T.Lawrence sacked at JAX 18 for -11 yards (Q.Williams). FUMBLES (Q.Williams) [Q.Williams], RECOVERED by NYJ-C.Lawson at JAX 18. C.Lawson to JAX 16 for 2 yards (T.Shatley).",2,play_type_sack,1,3,6,2250,13:43,JAX 29,29,JAX,39,2022-12-23T01:18:29.000Z,false,false,false,false,false,true,0,0,13:45,13:39,right,APPROVED,0,0,false,6.42,44.88,true,true
2022,REG,16,2022122200,514,3430,NYJ,59062,514.0,(6:31) (Shotgun) Z.Wilson pass short right to T.Conklin pushed ob at JAX 45 for 27 yards (R.Jenkins; F.Oluokun).,2,play_type_pass,1,3,7,3430,06:31,NYJ 28,28,NYJ,82,2022-12-23T01:36:24.000Z,false,false,false,false,false,false,3,3,6:31,6:24,left,APPROVED,3,3,true,7.39,74.83,true,true
2022,REG,16,2022122200,1383,2250,JAX,59062,1383.0,(5:39) (Shotgun) T.Lawrence pass short left to E.Engram to NYJ 34 for 36 yards (C.Mosley).,2,play_type_pass,2,2,6,2250,05:39,JAX 30,30,JAX,80,2022-12-23T02:15:06.000Z,false,false,false,false,false,false,3,10,5:41,5:33,left,APPROVED,3,10,true,7.04,73.87,true,true
2022,REG,16,2022122200,2280,2250,JAX,59062,2280.0,(9:35) (Shotgun) T.Lawrence pass short left to E.Engram pushed ob at NYJ 23 for 23 yards (A.Gardner).,2,play_type_pass,3,3,9,2250,09:35,NYJ 46,46,NYJ,64,2022-12-23T02:59:26.000Z,false,false,false,false,false,false,3,13,9:36,9:28,right,APPROVED,3,13,true,9.54,73.14,true,true
2022,REG,16,2022122200,2773,3430,NYJ,59062,2773.0,(1:40) (Shotgun) C.Streveler pass deep middle to C.Uzomah to JAX 42 for 30 yards (D.Lloyd).,2,play_type_pass,3,2,9,3430,01:40,NYJ 28,28,NYJ,82,2022-12-23T03:21:43.000Z,false,false,false,false,false,false,3,16,1:41,1:32,left,APPROVED,3,16,true,9.32,72.77,true,true
2022,REG,16,2022122400,293,0325,BAL,59063,293.0,(10:43) (Shotgun) T.Huntley pass deep right to S.Watkins to ATL 10 for 40 yards (D.Hall).,2,play_type_pass,1,1,10,0325,10:43,50,50,,60,2022-12-24T18:14:27.000Z,false,false,false,false,false,false,0,0,10:43,10:33,left,APPROVED,0,0,true,10.0,50.46,true,true
2022,REG,16,2022122400,465,0325,BAL,59063,465.0,(7:15) (Shotgun) D.Ridder sacked at ATL 24 for -6 yards (sack split by P.Queen and B.Stephens).,2,play_type_sack,1,3,10,0200,07:15,ATL 30,30,ATL,40,2022-12-24T18:22:34.000Z,false,false,false,false,false,false,3,0,7:15,7:10,right,APPROVED,3,0,false,10.57,49.95,true,true
2022,REG,16,2022122400,850,0325,BAL,59063,850.0,(14:54) (Shotgun) T.Huntley pass deep right to M.Andrews to ATL 15 for 36 yards (R.Grant).,2,play_type_pass,2,3,5,0325,14:54,BAL 49,49,BAL,59,2022-12-24T18:42:08.000Z,false,false,false,false,false,false,3,0,14:54,14:49,right,APPROVED,3,0,true,5.89,63.77,true,true
2022,REG,16,2022122400,1424,0325,BAL,59063,1424.0,"(2:27) (Shotgun) T.Huntley pass short right to D.Robinson for 6 yards, TOUCHDOWN. The Replay Official reviewed the pass completion ruling, and the play was Upheld. The ruling on the field stands.",2,play_type_pass,2,3,6,0325,02:27,ATL 6,6,ATL,104,2022-12-24T19:05:19.000Z,false,false,true,true,false,false,12,0,2:27,2:24,right,APPROVED,6,0,true,6.87,110.0,true,true
2022,REG,16,2022122401,63,0750,CAR,59064,63.0,(14:55) C.Hubbard left end to DET 48 for 30 yards (I.Melifonwu).,2,play_type_rush,1,1,10,0750,14:55,CAR 22,22,CAR,88,2022-12-24T18:03:33.000Z,false,false,false,false,false,false,0,0,14:55,14:49,left,APPROVED,0,0,true,10.0,78.19,true,true
2022,REG,16,2022122401,112,0750,CAR,59064,112.0,(13:51) (Shotgun) C.Hubbard up the middle to DET 18 for 35 yards (K.Joseph).,2,play_type_rush,1,1,15,0750,13:51,CAR 47,47,CAR,63,2022-12-24T18:04:51.000Z,false,false,false,false,false,false,0,0,13:51,13:44,left,APPROVED,0,0,true,15.0,48.01,true,true
2022,REG,16,2022122401,175,0750,CAR,59064,175.0,"(12:02) (Shotgun) R.Blackshear right end for 7 yards, TOUCHDOWN.",2,play_type_rush,1,1,7,0750,12:02,DET 7,7,DET,17,2022-12-24T18:06:39.000Z,false,false,true,true,false,false,6,0,12:02,11:58,left,APPROVED,0,0,true,7.309999999999999,10.0,true,true
2022,REG,16,2022122401,283,1540,DET,59064,283.0,(11:46) (Shotgun) J.Goff pass deep left to D.Chark to CAR 21 for 39 yards (J.Chinn) [M.Haynes].,2,play_type_pass,1,3,10,1540,11:46,DET 40,40,DET,50,2022-12-24T18:12:47.000Z,false,false,false,false,false,false,7,0,11:46,11:42,right,APPROVED,7,0,true,10.54,59.24,true,true
2022,REG,16,2022122401,405,1540,DET,59064,405.0,"(8:43) J.Goff pass short right to S.Zylstra for 3 yards, TOUCHDOWN.",2,play_type_pass,1,2,3,1540,08:43,CAR 3,3,CAR,107,2022-12-24T18:15:51.000Z,false,false,true,true,false,false,7,6,8:44,8:40,right,APPROVED,7,0,true,3.84,110.0,true,true
2022,REG,16,2022122401,981,0750,CAR,59064,981.0,(13:28) C.Erving reported in as eligible.  D.Foreman up the middle to DET 35 for 38 yards (J.Okudah).,2,play_type_rush,2,1,10,0750,13:28,CAR 27,27,CAR,37,2022-12-24T18:42:17.000Z,false,false,false,false,false,false,7,7,13:30,13:21,right,APPROVED,7,7,true,10.0,46.66,true,false
2022,REG,16,2022122401,1115,0750,CAR,59064,1115.0,"(9:40) (Shotgun) S.Darnold left end for 3 yards, TOUCHDOWN.",2,play_type_rush,2,2,3,0750,09:40,DET 3,3,DET,107,2022-12-24T18:46:08.000Z,false,false,true,true,false,false,13,7,9:40,9:37,right,APPROVED,7,7,true,3.61,110.0,true,true
2022,REG,16,2022122401,1298,0750,CAR,59064,1298.0,(8:30) (Shotgun) S.Darnold pass deep left to T.Marshall to CAR 44 for 36 yards (J.Jacobs).,2,play_type_pass,2,2,10,0750,08:30,CAR 8,8,CAR,18,2022-12-24T18:56:51.000Z,false,false,false,false,false,false,14,7,8:30,8:26,right,APPROVED,14,7,true,10.5,27.62,true,true
2022,REG,16,2022122401,1541,0750,CAR,59064,1541.0,"(2:12) D.Foreman up the middle for 4 yards, TOUCHDOWN.",2,play_type_rush,2,1,4,0750,02:12,DET 4,4,DET,106,2022-12-24T19:04:13.000Z,false,false,true,true,false,false,20,7,2:12,2:09,right,APPROVED,14,7,true,4.950000000000003,110.0,true,true
2022,REG,16,2022122401,2018,0750,CAR,59064,2018.0,(13:36) (Shotgun) J.Goff sacked at DET 27 for -10 yards (B.Burns).,2,play_type_sack,3,3,3,1540,13:36,DET 37,37,DET,47,2022-12-24T19:38:30.000Z,false,false,false,false,false,false,24,7,13:37,13:31,right,APPROVED,24,7,false,2.93,49.11,true,true
2022,REG,16,2022122401,2182,0750,CAR,59064,2182.0,(9:51) (Shotgun) S.Darnold pass deep left to D.Moore to DET 5 for 47 yards (J.Okudah).,2,play_type_pass,3,3,13,0750,09:51,CAR 48,48,CAR,62,2022-12-24T19:45:58.000Z,false,false,false,false,false,false,24,7,9:52,9:46,left,APPROVED,24,7,true,14.23,48.66,true,true
2022,REG,16,2022122401,2206,0750,CAR,59064,2206.0,"(9:19) S.Darnold pass short left to D.Moore for 5 yards, TOUCHDOWN.",2,play_type_pass,3,1,5,0750,09:19,DET 5,5,DET,15,2022-12-24T19:46:30.000Z,false,false,true,true,false,false,30,7,9:20,9:16,left,APPROVED,24,7,true,5.380000000000001,10.0,true,true
2022,REG,16,2022122401,2484,1540,DET,59064,2484.0,(5:39) J.Goff pass deep left to K.Raymond to CAR 15 for 56 yards (J.Horn).,2,play_type_pass,3,3,1,1540,05:39,DET 29,29,DET,39,2022-12-24T20:03:04.000Z,false,false,false,false,false,false,31,7,5:40,5:32,right,APPROVED,31,7,true,1.25,39.27,true,true
2022,REG,16,2022122401,2581,1540,DET,59064,2581.0,"(3:16) (Shotgun) J.Goff pass short right to S.Zylstra for 7 yards, TOUCHDOWN.",2,play_type_pass,3,4,2,1540,03:16,CAR 7,7,CAR,103,2022-12-24T20:05:52.000Z,false,false,true,false,false,false,31,13,3:17,3:11,right,APPROVED,31,7,true,2.35,104.56,true,true
2022,REG,16,2022122401,2601,1540,DET,59064,2601.0,TWO-POINT CONVERSION ATTEMPT. J.Jackson rushes right tackle. ATTEMPT FAILS.,26,play_type_two_point_conversion,3,0,0,1540,03:09,CAR 2,2,CAR,108,2022-12-24T20:06:48.000Z,false,false,false,false,false,false,31,13,3:09,3:09,right,APPROVED,31,13,false,,,true,true
2022,REG,16,2022122401,3119,0750,CAR,59064,3119.0,(8:53) (Shotgun) S.Darnold pass short right to L.Shenault to DET 38 for 43 yards (J.Cominsky).,2,play_type_pass,4,1,10,0750,08:53,CAR 19,19,CAR,29,2022-12-24T20:33:59.000Z,false,false,false,false,false,false,34,13,8:55,8:44,right,APPROVED,34,13,true,10.0,38.19,true,true
2022,REG,16,2022122401,3274,1540,DET,59064,3274.0,"(5:18) (No Huddle, Shotgun) J.Goff pass deep left to D.Chark to CAR 31 for 51 yards (S.Thompson).",2,play_type_pass,4,2,5,1540,05:18,DET 18,18,DET,92,2022-12-24T20:39:15.000Z,false,false,false,false,false,false,34,13,5:19,5:10,left,APPROVED,34,13,true,4.9,87.65,true,true
2022,REG,16,2022122401,3451,1540,DET,59064,3451.0,"(3:50) (Shotgun) D.Skipper reported in as eligible.  J.Goff pass short left to S.Zylstra for 1 yard, TOUCHDOWN.",2,play_type_pass,4,1,1,1540,03:50,CAR 1,1,CAR,11,2022-12-24T20:43:05.000Z,false,false,true,true,false,false,34,19,3:50,3:47,left,APPROVED,34,13,true,1.6199999999999992,10.0,true,true
2022,REG,16,2022122401,3532,0750,CAR,59064,3532.0,(3:41) D.Foreman right guard to DET 21 for 28 yards (K.Joseph; A.Anzalone).,2,play_type_rush,4,2,9,0750,03:41,DET 49,49,DET,61,2022-12-24T20:46:43.000Z,false,false,false,false,false,false,34,20,3:41,3:35,right,APPROVED,34,20,true,9.54,69.64,true,true
2022,REG,16,2022122402,149,0810,CHI,59065,149.0,"(11:58) (Shotgun) D.Montgomery right tackle to BUF 1 for 28 yards (J.Poyer, T.Edmunds).",2,play_type_rush,1,1,10,0810,11:58,BUF 29,29,BUF,39,2022-12-24T18:06:24.000Z,false,false,false,false,false,false,0,0,,11:51,left,APPROVED,0,0,true,10.0,29.39,true,true
2022,REG,16,2022122402,245,0810,CHI,59065,245.0,"(9:46) (Shotgun) J.Fields pass short left to D.Pettis for 6 yards, TOUCHDOWN.",2,play_type_pass,1,3,6,0810,09:46,BUF 6,6,BUF,16,2022-12-24T18:09:31.000Z,false,false,true,true,false,false,6,0,9:47,9:42,left,APPROVED,0,0,true,6.54,10.0,true,true
2022,REG,16,2022122402,490,0610,BUF,59065,490.0,"(6:28) B.Hart reported in as eligible.  J.Allen pass deep left to G.Davis for 19 yards, TOUCHDOWN.",2,play_type_pass,1,1,10,0610,06:28,CHI 19,19,CHI,91,2022-12-24T18:20:30.000Z,false,false,true,false,false,false,7,6,6:29,6:23,right,APPROVED,7,0,true,10.0,100.79,true,true
2022,REG,16,2022122402,919,0810,CHI,59065,919.0,(13:10) (Shotgun) J.Allen pass deep right intended for I.McKenzie INTERCEPTED by K.Gordon at CHI -2. K.Gordon to CHI 34 for 36 yards (J.Cook).,2,play_type_pass,2,2,19,0610,13:10,CHI 28,28,CHI,38,2022-12-24T18:40:07.000Z,false,false,false,false,false,true,7,6,13:12,13:03,left,APPROVED,7,6,true,18.38,19.86,true,true
2022,REG,16,2022122402,1987,0610,BUF,59065,1987.0,"(10:59) (Shotgun) D.Singletary left guard for 33 yards, TOUCHDOWN.",2,play_type_rush,3,1,10,0610,10:59,CHI 33,33,CHI,43,2022-12-24T19:39:48.000Z,false,false,true,false,false,false,10,12,11:00,10:53,left,APPROVED,10,6,true,10.0,33.25,true,true
2022,REG,16,2022122402,2224,0610,BUF,59065,2224.0,"(8:03) (Shotgun) J.Cook right tackle for 27 yards, TOUCHDOWN.",2,play_type_rush,3,3,2,0610,08:03,CHI 27,27,CHI,37,2022-12-24T19:51:08.000Z,false,false,true,false,false,false,10,20,8:03,,left,APPROVED,10,14,true,2.4,35.2,true,true
2022,REG,16,2022122402,2828,0810,CHI,59065,2828.0,"(13:04) J.Fields pass short left to R.Griffin to BUF 13 for 3 yards (T.White). Buffalo challenged the first down ruling, and the play was REVERSED. J.Fields pass short left to R.Griffin to BUF 14 for 2 yards (T.White).",2,play_type_pass,4,4,3,0810,13:04,BUF 16,16,BUF,26,2022-12-24T20:20:48.000Z,false,false,false,false,false,true,10,21,13:05,13:00,left,APPROVED,10,21,true,3.43,23.19,true,true
2022,REG,16,2022122402,2902,0810,CHI,59065,2902.0,(12:24) J.Allen pass short middle intended for J.Cook INTERCEPTED by N.Morrow at BUF 23. N.Morrow to BUF 18 for 5 yards (K.Shakir).,2,play_type_pass,4,2,7,0610,12:24,BUF 17,17,BUF,27,2022-12-24T20:26:59.000Z,false,false,false,false,false,true,10,21,12:25,12:15,right,APPROVED,10,21,true,7.18,33.55,true,true
2022,REG,16,2022122402,3438,0610,BUF,59065,3438.0,"(3:51) J.Allen scrambles right end for 4 yards, TOUCHDOWN.",2,play_type_rush,4,3,3,0610,03:51,CHI 4,4,CHI,106,2022-12-24T20:48:16.809Z,false,false,true,false,false,false,13,27,3:52,3:46,right,APPROVED,13,21,true,3.71,109.16,true,true
2022,REG,16,2022122402,3667,0610,BUF,59065,3667.0,"(1:08) B.Hart reported in as eligible.  J.Allen pass short right to D.Knox for 13 yards, TOUCHDOWN.",2,play_type_pass,4,4,3,0610,01:08,CHI 13,13,CHI,97,2022-12-24T20:59:22.000Z,false,false,true,false,false,false,13,34,1:08,1:04,right,APPROVED,13,28,true,3.29,99.73,true,true
2022,REG,16,2022122403,749,1050,CLE,59066,749.0,(2:57) (Shotgun) A.Dalton pass short middle intended for J.Johnson INTERCEPTED by G.Delpit at CLV 30. G.Delpit to NO 30 for 40 yards (E.McCoy; A.Dalton).,2,play_type_pass,1,3,10,3300,02:57,CLE 45,45,CLE,65,2022-12-24T18:36:12.000Z,false,false,false,false,false,true,0,0,2:57,2:46,right,APPROVED,0,0,true,10.31,74.61,true,true
2022,REG,16,2022122403,895,1050,CLE,59066,895.0,"(15:00) (Shotgun) D.Watson left end for 12 yards, TOUCHDOWN.",2,play_type_rush,2,3,3,1050,15:00,NO 12,12,NO,98,2022-12-24T18:42:43.000Z,false,false,true,false,false,false,6,0,15:00,14:56,right,APPROVED,0,0,true,3.14,100.73,true,true
2022,REG,16,2022122403,1349,1050,CLE,59066,1349.0,(5:46) (Shotgun) D.Watson pass short left to A.Cooper to NO 12 for 21 yards (J.Evans).,2,play_type_pass,2,4,5,1050,05:46,NO 33,33,NO,77,2022-12-24T19:00:36.000Z,false,false,false,false,false,false,7,0,5:46,5:42,right,APPROVED,7,0,true,5.0,82.03,true,true
2022,REG,16,2022122403,1998,3300,NO,59066,1998.0,"(9:45) (Shotgun) T.Hill right guard for 8 yards, TOUCHDOWN.",2,play_type_rush,3,2,6,3300,09:45,CLE 8,8,CLE,102,2022-12-24T19:42:29.000Z,false,false,true,false,false,false,10,9,9:46,9:41,right,APPROVED,10,3,true,6.3,108.11,true,true
2022,REG,16,2022122403,2352,3300,NO,59066,2352.0,(3:06) (Shotgun) D.Watson pass short left intended for Dav.Bell INTERCEPTED by D.Sorensen (A.Taylor) at NO 49. D.Sorensen to CLV 15 for 36 yards (J.Bitonio).,2,play_type_pass,3,2,11,1050,03:06,CLE 42,42,CLE,68,2022-12-24T20:00:12.000Z,false,false,false,false,false,true,10,10,3:06,2:56,left,APPROVED,10,10,true,12.06,57.38,true,true
2022,REG,16,2022122403,2446,3300,NO,59066,2446.0,"(1:01) (No Huddle) A.Kamara left guard for 4 yards, TOUCHDOWN.",2,play_type_rush,3,1,4,3300,01:01,CLE 4,4,CLE,106,2022-12-24T20:03:09.000Z,false,false,true,true,false,false,10,16,1:02,:58,right,APPROVED,10,10,true,4.590000000000003,110.0,true,true
2022,REG,16,2022122403,2723,3300,NO,59066,2723.0,(12:06) (Shotgun) A.Dalton pass short middle to A.Kamara to NO 46 for 29 yards (J.Johnson; M.Emerson).,2,play_type_pass,4,3,3,3300,12:06,NO 17,17,NO,93,2022-12-24T20:18:49.000Z,false,false,false,false,false,false,10,17,12:08,12:00,left,APPROVED,10,17,true,3.96,90.51,true,true
2022,REG,16,2022122403,3503,3300,NO,59066,3503.0,(:26) (Shotgun) D.Watson sacked at NO 22 for -7 yards (C.Granderson).,2,play_type_sack,4,4,10,1050,00:26,NO 15,15,NO,95,2022-12-24T20:49:08.000Z,false,false,false,false,false,true,10,17,:26,:19,right,APPROVED,10,17,true,10.26,104.77,true,true
2022,REG,16,2022122404,510,2310,KC,59067,510.0,"(6:46) (Shotgun) P.Mahomes pass short middle to K.Toney for 8 yards, TOUCHDOWN.",2,play_type_pass,1,2,5,2310,06:46,SEA 8,8,SEA,18,2022-12-24T18:18:50.000Z,false,false,true,false,false,false,6,0,6:47,6:42,left,APPROVED,0,0,true,4.98,12.92,true,true
2022,REG,16,2022122404,556,4600,SEA,59067,556.0,H.Butker kicks 61 yards from KC 35 to SEA 4. G.Igwebuike pushed ob at KC 48 for 48 yards (J.Cochrane).,32,play_type_kickoff,1,0,0,2310,06:41,KC 35,35,KC,75,2022-12-24T18:22:45.000Z,true,false,false,false,false,true,7,0,6:41,6:32,left,APPROVED,7,0,true,,,true,true
2022,REG,16,2022122404,1234,2310,KC,59067,1234.0,"(10:13) (Shotgun) P.Mahomes pass short right to T.Kelce to SEA 9 for 27 yards (T.Tabor). Penalty on SEA-T.Tabor, Illegal Contact, declined.",2,play_type_pass,2,3,5,2310,10:13,SEA 36,36,SEA,74,2022-12-24T18:57:58.000Z,false,false,false,false,false,false,7,0,10:14,10:07,right,APPROVED,7,0,true,5.3,78.78,true,true
2022,REG,16,2022122404,1290,2310,KC,59067,1290.0,"(9:02) (Shotgun) P.Mahomes pass short right to J.McKinnon for 9 yards, TOUCHDOWN.",2,play_type_pass,2,2,9,2310,09:02,SEA 9,9,SEA,101,2022-12-24T18:59:26.000Z,false,false,true,true,false,false,13,0,9:04,8:58,right,APPROVED,7,0,true,9.62,110.0,true,true
2022,REG,16,2022122404,1565,2310,KC,59067,1565.0,(4:53) (Shotgun) P.Mahomes pass short right to I.Pacheco pushed ob at SEA 34 for 32 yards (C.Bryant).,2,play_type_pass,2,2,4,2310,04:53,KC 34,34,KC,44,2022-12-24T19:11:37.000Z,false,false,false,false,false,false,14,0,4:55,4:44,right,APPROVED,14,0,true,4.85,47.78,true,true
2022,REG,16,2022122404,2896,4600,SEA,59067,2896.0,(15:00) (Shotgun) G.Smith pass short right to L.Treadwell to KC 22 for 7 yards (T.McDuffie).,2,play_type_pass,4,4,8,4600,15:00,KC 29,29,KC,81,2022-12-24T20:18:58.000Z,false,false,false,false,false,true,17,3,15:00,14:57,right,APPROVED,17,3,true,8.51,88.89,true,true
2022,REG,16,2022122404,3255,2310,KC,59067,3255.0,(7:48) (Shotgun) G.Smith pass deep left intended for M.Goodwin INTERCEPTED by J.Thornhill at KC -2. Touchback.,2,play_type_pass,4,2,12,4600,07:48,KC 22,22,KC,88,2022-12-24T20:33:05.000Z,false,false,false,false,false,true,17,3,7:49,7:44,right,APPROVED,17,3,true,12.29,99.85,true,true
2022,REG,16,2022122404,3306,2310,KC,59067,3306.0,(7:01) (Shotgun) P.Mahomes pass deep left to T.Kelce to SEA 8 for 52 yards (J.Brooks).,2,play_type_pass,4,1,10,2310,07:01,KC 40,40,KC,70,2022-12-24T20:36:53.000Z,false,false,false,false,false,false,17,3,7:02,6:52,left,APPROVED,17,3,true,10.0,60.05,true,true
2022,REG,16,2022122404,3372,2310,KC,59067,3372.0,"(4:50) (Shotgun) P.Mahomes scrambles right end for 3 yards, TOUCHDOWN.",2,play_type_rush,4,3,3,2310,04:50,SEA 3,3,SEA,13,2022-12-24T20:39:04.000Z,false,false,true,true,false,false,23,3,4:51,4:45,left,APPROVED,17,3,true,3.35,10.0,true,true
2022,REG,16,2022122404,3531,4600,SEA,59067,3531.0,(3:46) (Shotgun) G.Smith pass deep right to C.Parkinson to KC 25 for 39 yards (B.Cook).,2,play_type_pass,4,1,10,4600,03:46,SEA 36,36,SEA,46,2022-12-24T20:44:57.000Z,false,false,false,false,false,false,24,3,3:46,3:39,right,APPROVED,24,3,true,10.0,55.56,true,true
2022,REG,16,2022122404,3660,4600,SEA,59067,3660.0,"(2:31) (No Huddle, Shotgun) G.Smith pass short right to N.Fant for 6 yards, TOUCHDOWN.",2,play_type_pass,4,1,6,4600,02:31,KC 6,6,KC,104,2022-12-24T20:48:21.000Z,false,false,true,true,false,false,24,9,2:32,2:27,right,APPROVED,24,3,true,6.489999999999995,110.0,true,true
2022,REG,16,2022122405,1497,3410,NYG,59068,1497.0,"(4:30) D.Jones pass short right to I.Hodgins for 7 yards, TOUCHDOWN.",2,play_type_pass,2,2,7,3410,04:30,MIN 7,7,MIN,17,2022-12-24T19:00:33.000Z,false,false,true,true,false,false,10,6,4:30,4:25,left,APPROVED,10,0,true,7.12,10.0,true,true
2022,REG,16,2022122405,2457,3410,NYG,59068,2457.0,(7:21) D.Jones pass deep right to R.James ran ob at MIN 23 for 33 yards.,2,play_type_pass,3,2,8,3410,07:21,NYG 44,44,NYG,54,2022-12-24T19:54:35.000Z,false,false,false,false,false,false,10,10,7:22,7:16,right,APPROVED,10,10,true,8.55,61.92,true,true
2022,REG,16,2022122405,2954,3000,MIN,59068,2954.0,"(14:18) (Shotgun) K.Cousins pass short left to T.Hockenson for 15 yards, TOUCHDOWN.",2,play_type_pass,4,3,5,3000,14:18,NYG 15,15,NYG,95,2022-12-24T20:15:30.000Z,false,false,true,false,false,false,16,13,14:18,14:14,right,APPROVED,10,13,true,5.51,99.54,true,true
2022,REG,16,2022122405,3111,3000,MIN,59068,3111.0,(11:50) D.Jones pass short middle intended for I.Hodgins INTERCEPTED by P.Peterson [D.Tomlinson] at MIN 18. P.Peterson pushed ob at MIN 29 for 11 yards (A.Thomas).,2,play_type_pass,4,1,10,3410,11:50,MIN 32,32,MIN,42,2022-12-24T20:23:29.000Z,false,false,false,false,false,true,17,13,11:51,11:43,left,APPROVED,17,13,true,10.0,32.28,true,true
2022,REG,16,2022122405,3606,3410,NYG,59068,3606.0,"(4:10) J.Gillan punt is BLOCKED by J.Metellus, Center-C.Kreiter, recovered by NYG-J.Love at NYG 23. J.Love to NYG 29 for 6 yards (T.Dye).",2,play_type_punt,4,4,4,3410,04:10,NYG 31,31,NYG,79,2022-12-24T20:43:04.000Z,true,false,false,false,false,true,17,16,4:10,4:04,left,APPROVED,17,16,false,4.83,74.97,true,true
2022,REG,16,2022122405,3736,3000,MIN,59068,3736.0,"(3:06) (Shotgun) K.Cousins pass deep middle to J.Jefferson for 17 yards, TOUCHDOWN [J.Ward].",2,play_type_pass,4,3,10,3000,03:06,NYG 17,17,NYG,93,2022-12-24T20:48:18.000Z,false,false,true,false,false,false,23,16,3:06,3:02,right,APPROVED,17,16,true,10.42,102.49,true,true
2022,REG,16,2022122405,3944,3410,NYG,59068,3944.0,"(2:07) (Shotgun) S.Barkley left guard for 27 yards, TOUCHDOWN.",2,play_type_rush,4,4,2,3410,02:07,MIN 27,27,MIN,37,2022-12-24T20:55:01.000Z,false,false,true,false,false,false,24,22,2:07,2:02,left,APPROVED,24,16,true,2.39,34.82,true,true
2022,REG,16,2022122406,90,0920,CIN,59069,90.0,(14:26) (Shotgun) J.Burrow pass deep right to T.Higgins to NE 31 for 39 yards (Ma.Jones).,2,play_type_pass,1,2,2,0920,14:26,CIN 30,30,CIN,80,2022-12-24T18:03:41.000Z,false,false,false,false,false,false,0,0,14:27,14:18,left,APPROVED,0,0,true,2.37,78.07,true,true
2022,REG,16,2022122406,173,0920,CIN,59069,173.0,"(12:31) (Shotgun) J.Burrow pass short left to T.Higgins for 9 yards, TOUCHDOWN.",2,play_type_pass,1,2,5,0920,12:31,NE 9,9,NE,19,2022-12-24T18:06:37.000Z,false,false,true,false,false,false,0,6,12:31,12:25,left,APPROVED,0,0,true,5.93,13.96,true,true
2022,REG,16,2022122406,566,0920,CIN,59069,566.0,"(5:23) (No Huddle, Shotgun) J.Burrow pass deep middle to T.Irwin for 23 yards, TOUCHDOWN.",2,play_type_pass,1,1,10,0920,05:23,NE 23,23,NE,33,2022-12-24T18:22:15.000Z,false,false,true,false,false,false,0,12,5:23,5:19,left,APPROVED,0,6,true,10.0,23.22,true,true
2022,REG,16,2022122406,618,0920,CIN,59069,618.0,TWO-POINT CONVERSION ATTEMPT. S.Perine rushes right guard. ATTEMPT FAILS.,26,play_type_two_point_conversion,1,0,0,0920,05:16,NE 1,1,NE,11,2022-12-24T18:24:32.225Z,false,false,false,false,false,false,0,12,5:16,5:16,left,APPROVED,0,12,false,,,true,true
2022,REG,16,2022122406,1634,3200,NE,59069,1634.0,"(4:23) (Shotgun) J.Burrow pass short middle intended for T.Boyd INTERCEPTED by D.McCourty at NE 15. D.McCourty to NE 15 for no gain (S.Perine). NE 32-D. McCourty 34th career interception, 3rd in franchise history (Law & Clayborn 36). NE 32-D. McCourty 40th career takeaway, ties Law for 3rd in franchise history (Clayborn 44, Marion 42).",2,play_type_pass,2,2,14,0920,04:23,NE 18,18,NE,92,2022-12-24T19:06:49.000Z,false,false,false,false,false,true,0,15,4:24,4:20,right,APPROVED,0,15,true,15.38,106.26,true,true
2022,REG,16,2022122406,2075,0920,CIN,59069,2075.0,"(:19) (Shotgun) J.Burrow pass short right to T.Irwin for 4 yards, TOUCHDOWN.",2,play_type_pass,2,3,4,0920,00:19,NE 4,4,NE,106,2022-12-24T19:27:10.000Z,false,false,true,true,false,false,0,21,:19,:16,right,APPROVED,0,15,true,4.58,110.0,true,true
2022,REG,16,2022122406,2829,3200,NE,59069,2829.0,"(4:04) (Shotgun) J.Burrow pass short right intended for J.Chase INTERCEPTED by Ma.Jones at NE 31. Ma.Jones for 69 yards, TOUCHDOWN. NE-M.Judon was injured during the play.  6th defensive TD of season for NE, ties franchise record. NE 3rd staright game with a defensive TD, 1st time since 2004.",2,play_type_pass,3,3,11,0920,04:04,NE 42,42,NE,68,2022-12-24T20:08:30.000Z,false,false,true,false,false,true,6,22,,3:52,right,APPROVED,0,22,true,11.37,78.72,true,true
2022,REG,16,2022122406,3198,3200,NE,59069,3198.0,(14:49) (Shotgun) M.Jones pass deep middle to K.Bourne to CIN 9 for 32 yards (J.Bates; M.Hilton).,2,play_type_pass,4,3,10,3200,14:49,CIN 41,41,CIN,69,2022-12-24T20:26:41.000Z,false,false,false,false,false,false,6,22,14:49,14:45,right,APPROVED,6,22,true,10.36,78.86,true,true
2022,REG,16,2022122406,3274,3200,NE,59069,3274.0,"(13:06) (Shotgun) M.Jones pass short right to K.Bourne for 5 yards, TOUCHDOWN.",2,play_type_pass,4,3,5,3200,13:06,CIN 5,5,CIN,105,2022-12-24T20:28:24.000Z,false,false,true,true,false,false,12,22,13:07,13:00,right,APPROVED,6,22,true,5.42,110.0,true,true
2022,REG,16,2022122406,3299,3200,NE,59069,3299.0,shotgun TWO-POINT CONVERSION ATTEMPT. M.Jones pass to J.Meyers is incomplete. ATTEMPT FAILS.,26,play_type_two_point_conversion,4,0,0,3200,12:58,CIN 2,2,CIN,108,2022-12-24T20:29:27.000Z,false,false,false,false,false,false,12,22,12:58,12:58,right,APPROVED,12,22,false,,,true,true
2022,REG,16,2022122406,3824,3200,NE,59069,3824.0,"(6:13) (Shotgun) M.Jones pass deep right to J.Meyers for 48 yards, TOUCHDOWN. CIN-B.Hill was injured during the play.  ball was tipped by NE 88-Washington",2,play_type_pass,4,3,29,3200,06:13,CIN 48,48,CIN,62,2022-12-24T20:52:28.000Z,false,false,true,false,false,false,18,22,6:13,6:03,right,APPROVED,12,22,true,29.44,90.99,true,true
2022,REG,16,2022122407,376,2100,TEN,59070,376.0,"(8:58) (Shotgun) D.Henry right tackle for 48 yards, TOUCHDOWN.",2,play_type_rush,1,1,10,2100,08:58,HOU 48,48,HOU,62,2022-12-24T19:15:18.000Z,false,false,true,false,false,false,6,0,8:58,8:49,right,APPROVED,0,0,true,10.0,71.92,true,true
2022,REG,16,2022122407,594,2120,HOU,59070,594.0,(4:10) D.Mills pass deep right to J.Akins to TEN 8 for 30 yards (A.Adams).,2,play_type_pass,1,3,2,2120,04:10,TEN 38,38,TEN,48,2022-12-24T19:27:15.000Z,false,false,false,false,false,false,7,0,4:11,4:05,left,APPROVED,7,0,true,2.12,46.98,true,true
2022,REG,16,2022122407,661,2120,HOU,59070,661.0,"(2:44) (Shotgun) D.Mills scrambles right end to TEN 1 for 5 yards (D.Autry). FUMBLES (D.Autry), recovered by HST-R.Burkhead at TEN -6. TOUCHDOWN.",2,play_type_rush,1,3,6,2120,02:44,TEN 6,6,TEN,16,2022-12-24T19:30:21.000Z,false,false,true,true,false,false,7,6,2:44,2:35,left,APPROVED,7,0,true,6.62,10.0,true,true
2022,REG,16,2022122407,835,2120,HOU,59070,835.0,(:47) (Shotgun) M.Willis sacked at TEN 24 for -5 yards (O.Okoronkwo).,2,play_type_sack,1,3,6,2100,00:47,TEN 29,29,TEN,39,2022-12-24T19:35:41.000Z,false,false,false,false,false,false,7,7,:48,:43,right,APPROVED,7,7,false,7.11,44.74,true,true
2022,REG,16,2022122407,2189,2100,TEN,59070,2189.0,"(8:59) (Shotgun) M.Willis left tackle for 14 yards, TOUCHDOWN.",2,play_type_rush,3,2,4,2100,08:59,HOU 14,14,HOU,24,2022-12-24T20:40:43.000Z,false,false,true,false,false,false,13,10,9:00,8:52,left,APPROVED,7,10,true,4.16,20.09,true,true
2022,REG,16,2022122407,2314,2100,TEN,59070,2314.0,(7:10) (Shotgun) D.Mills pass short left intended for B.Cooks INTERCEPTED by J.Gibbens (T.Avery) at HST 47. J.Gibbens to HST 40 for 7 yards (R.Burkhead).,2,play_type_pass,3,3,13,2120,07:10,HOU 34,34,HOU,44,2022-12-24T20:47:20.000Z,false,false,false,false,false,true,14,10,7:11,7:02,right,APPROVED,14,10,true,13.63,56.7,true,true
2022,REG,16,2022122407,3304,2120,HOU,59070,3304.0,(3:49) (Shotgun) D.Mills pass deep right to A.Rodgers ran ob at TEN 10 for 37 yards (L.Johnson).,2,play_type_pass,4,1,10,2120,03:49,TEN 47,47,TEN,57,2022-12-24T21:24:03.000Z,false,false,false,false,false,false,14,13,3:50,3:44,left,APPROVED,14,13,true,10.0,47.28,true,true
2022,REG,16,2022122407,3354,2120,HOU,59070,3354.0,"(2:58) (Shotgun) D.Mills pass short left to B.Cooks for 6 yards, TOUCHDOWN. Penalty on TEN-L.Johnson, Illegal Use of Hands, declined.",2,play_type_pass,4,2,6,2120,02:58,TEN 6,6,TEN,16,2022-12-24T21:25:30.000Z,false,false,true,true,false,false,14,19,2:58,2:53,left,APPROVED,14,13,true,6.52,10.0,true,true
2022,REG,16,2022122407,3395,2120,HOU,59070,3395.0,TWO-POINT CONVERSION ATTEMPT. D.Mills pass to A.Rodgers is incomplete. ATTEMPT FAILS.,26,play_type_two_point_conversion,4,0,0,2120,02:52,TEN 2,2,TEN,12,2022-12-24T21:26:55.000Z,false,false,false,false,false,false,14,19,2:52,2:52,left,APPROVED,14,19,false,,,true,true
2022,REG,16,2022122407,3537,2120,HOU,59070,3537.0,"(1:39) (No Huddle, Shotgun) M.Willis pass short left intended for T.Burks INTERCEPTED by C.Harris [M.Collins] at HST 42. C.Harris pushed ob at TEN 38 for 20 yards (A.Brewer).",2,play_type_pass,4,1,10,2100,01:39,HOU 45,45,HOU,65,2022-12-24T21:33:43.000Z,false,false,false,false,false,true,14,19,1:40,1:33,right,APPROVED,14,19,true,10.0,74.67,true,true
2022,REG,16,2022122408,290,4500,SF,59071,290.0,(11:26) (Shotgun) B.Purdy pass short middle to G.Kittle to WAS 24 for 25 yards (R.Wildgoose). 14 YAC,2,play_type_pass,1,3,7,4500,11:26,WAS 49,49,WAS,61,2022-12-24T21:14:07.000Z,false,false,false,false,false,false,0,0,11:27,11:21,right,APPROVED,0,0,true,6.86,67.2,true,true
2022,REG,16,2022122408,638,5110,WAS,59071,638.0,(6:07) (Shotgun) B.Purdy sacked at SF 48 for -8 yards (D.Payne).,2,play_type_sack,1,3,4,4500,06:07,WAS 44,44,WAS,66,2022-12-24T21:29:04.000Z,false,false,false,false,false,false,0,0,6:07,6:05,right,APPROVED,0,0,false,4.25,69.67,true,true
2022,REG,16,2022122408,1009,5110,WAS,59071,1009.0,(12:21) T.Heinicke pass deep right to J.Dotson ran ob at SF 5 for 25 yards (D.Greenlaw). 3 YAC,2,play_type_pass,2,2,8,5110,12:21,SF 30,30,SF,80,2022-12-24T21:44:14.000Z,false,false,false,false,false,false,0,0,12:22,12:15,right,APPROVED,0,0,true,8.4,88.0,true,true
2022,REG,16,2022122408,1261,4500,SF,59071,1261.0,"(6:37) (Shotgun) R.McCloud right end for 71 yards, TOUCHDOWN.",2,play_type_rush,2,2,10,4500,06:37,SF 29,29,SF,81,2022-12-24T21:54:30.000Z,false,false,true,false,false,false,6,0,6:37,6:27,left,APPROVED,0,0,true,10.27,71.74,true,true
2022,REG,16,2022122408,1481,5110,WAS,59071,1481.0,(3:03) (Shotgun) B.Purdy pass deep middle intended for J.Jennings INTERCEPTED by D.Forrest at SF 31. D.Forrest to SF 31 for no gain (J.Jennings).,2,play_type_pass,2,1,10,4500,03:03,SF 14,14,SF,96,2022-12-24T22:07:04.000Z,false,false,false,false,false,true,7,0,3:03,2:59,left,APPROVED,7,0,true,10.0,86.31,true,true
2022,REG,16,2022122408,1721,5110,WAS,59071,1721.0,"(:27) (Shotgun) T.Heinicke pass short right to J.Dotson for 4 yards, TOUCHDOWN.",2,play_type_pass,2,2,4,5110,00:27,SF 4,4,SF,106,2022-12-24T22:17:04.000Z,false,false,true,true,false,false,7,6,:27,:24,right,APPROVED,7,0,true,4.5,110.0,true,true
2022,REG,16,2022122408,1986,4500,SF,59071,1986.0,"(10:44) (Shotgun) B.Purdy pass deep middle to G.Kittle for 34 yards, TOUCHDOWN.",2,play_type_pass,3,3,4,4500,10:44,WAS 34,34,WAS,76,2022-12-24T22:40:52.000Z,false,false,true,false,false,false,13,7,10:46,10:40,right,APPROVED,7,7,true,4.75,79.88,true,true
2022,REG,16,2022122408,2393,4500,SF,59071,2393.0,"(5:02) B.Purdy pass short left to G.Kittle for 33 yards, TOUCHDOWN. 27 YAC",2,play_type_pass,3,2,9,4500,05:02,WAS 33,33,WAS,77,2022-12-24T23:03:26.000Z,false,false,true,false,false,false,20,7,5:03,4:54,right,APPROVED,14,7,true,8.23,85.14,true,true
2022,REG,16,2022122408,2480,5110,WAS,59071,2480.0,(4:18) T.Heinicke pass deep middle to T.McLaurin to SF 6 for 51 yards (S.Womack). 0 YAC,2,play_type_pass,3,1,10,5110,04:18,WAS 43,43,WAS,67,2022-12-24T23:07:44.000Z,false,false,false,false,false,false,21,7,4:20,4:13,left,APPROVED,21,7,true,10.0,57.11,true,true
2022,REG,16,2022122408,2533,5110,WAS,59071,2533.0,"(2:53) T.Heinicke pass short middle to T.McLaurin for 3 yards, TOUCHDOWN. Penalty on SF-T.Hufanga, Illegal Contact, declined.",2,play_type_pass,3,2,3,5110,02:53,SF 3,3,SF,13,2022-12-24T23:09:09.000Z,false,false,true,true,false,false,21,13,2:54,2:47,left,APPROVED,21,7,true,3.58,10.0,true,true
2022,REG,16,2022122408,2595,4500,SF,59071,2595.0,(2:46) (Shotgun) B.Purdy pass short left to B.Aiyuk to WAS 6 for 54 yards (B.McCain). 40 YAC,2,play_type_pass,3,1,10,4500,02:46,SF 40,40,SF,50,2022-12-24T23:14:50.000Z,false,false,false,false,false,false,21,14,2:46,2:37,right,APPROVED,21,14,true,10.0,59.68,true,true
2022,REG,16,2022122408,2819,4500,SF,59071,2819.0,"(14:11) (Shotgun) T.Heinicke sacked at WAS 12 for -9 yards (N.Bosa). FUMBLES (N.Bosa) [N.Bosa], RECOVERED by SF-J.Willis at WAS 11. J.Willis to WAS 11 for no gain (C.Lucas; C.Turner).",2,play_type_sack,4,2,8,5110,14:11,WAS 21,21,WAS,31,2022-12-24T23:25:48.000Z,false,false,false,false,false,true,24,14,14:12,14:05,right,APPROVED,24,14,false,8.15,38.97,true,true
2022,REG,16,2022122408,3017,4500,SF,59071,3017.0,"(11:23) (Shotgun) T.Heinicke pass short middle intended for B.Robinson INTERCEPTED by J.Ward [A.Armstead] at WAS 26. J.Ward for 26 yards, TOUCHDOWN. The Replay Official reviewed the runner was not down by contact ruling, and the play was REVERSED. (Shotgun) T.Heinicke pass short middle intended for B.Robinson INTERCEPTED by J.Ward [A.Armstead] at WAS 25. J.Ward to WAS 25 for no gain (B.Robinson). 0 YAC",2,play_type_pass,4,2,7,5110,11:23,WAS 22,22,WAS,32,2022-12-24T23:34:10.000Z,false,false,false,false,false,true,27,14,11:24,11:20,right,APPROVED,27,14,true,7.86,39.14,true,true
2022,REG,16,2022122408,3513,5110,WAS,59071,3513.0,"(5:30) (Shotgun) C.Wentz pass short left to C.Samuel for 20 yards, TOUCHDOWN. 5 YAC",2,play_type_pass,4,3,10,5110,05:30,SF 20,20,SF,90,2022-12-24T23:53:07.000Z,false,false,true,false,false,false,30,20,5:30,5:26,right,APPROVED,30,14,true,10.38,99.76,true,true
2022,REG,16,2022122409,100,3700,PHI,59072,100.0,"(13:58) (No Huddle, Shotgun) G.Minshew pass deep right to A.Brown to DAL 11 for 48 yards (J.Kearse).",2,play_type_pass,1,1,10,3700,13:58,PHI 41,41,PHI,51,2022-12-24T21:27:08.000Z,false,false,false,false,false,false,0,0,14:00,13:49,right,APPROVED,0,0,true,10.0,60.59,true,true
2022,REG,16,2022122409,321,3700,PHI,59072,321.0,"(9:28) D.Prescott pass short left intended for D.Schultz INTERCEPTED by J.Sweat at DAL 42. J.Sweat for 42 yards, TOUCHDOWN.",2,play_type_pass,1,1,10,1200,09:28,DAL 47,47,DAL,63,2022-12-24T21:35:40.000Z,false,false,true,false,false,true,0,9,9:29,9:20,left,APPROVED,0,3,true,10.0,53.15,true,true
2022,REG,16,2022122409,810,1200,DAL,59072,810.0,(15:00) (Shotgun) G.Minshew pass short middle intended for Q.Watkins INTERCEPTED by J.Kearse at PHI 49. J.Kearse to PHI 47 for 2 yards (Q.Watkins).,2,play_type_pass,2,2,12,3700,15:00,PHI 43,43,PHI,67,2022-12-24T21:59:45.000Z,false,false,false,false,false,true,7,10,15:00,14:54,left,APPROVED,7,10,true,11.93,55.58,true,false
2022,REG,16,2022122409,986,1200,DAL,59072,986.0,"(11:41) (Shotgun) D.Prescott pass deep left to C.Lamb for 36 yards, TOUCHDOWN.",2,play_type_pass,2,3,6,1200,11:41,PHI 36,36,PHI,74,2022-12-24T22:05:37.000Z,false,false,true,false,false,false,13,10,11:42,11:35,right,APPROVED,7,10,true,6.43,79.59,true,true
2022,REG,16,2022122409,1417,1200,DAL,59072,1417.0,"(5:19) (No Huddle, Shotgun) D.Prescott pass deep middle to C.Lamb to PHI 35 for 26 yards (M.Epps). Penalty on PHI-J.Sweat, Defensive Offside, declined.",2,play_type_pass,2,3,7,1200,05:19,DAL 39,39,DAL,49,2022-12-24T22:24:45.000Z,false,false,false,false,false,false,14,17,5:20,5:15,right,APPROVED,14,17,true,7.28,55.23,true,true
2022,REG,16,2022122409,2400,3700,PHI,59072,2400.0,"(9:05) (Shotgun) G.Minshew pass short left to D.Smith for 14 yards, TOUCHDOWN.",2,play_type_pass,3,4,3,3700,09:05,DAL 14,14,DAL,24,2022-12-24T23:11:44.000Z,false,false,true,false,false,false,17,26,9:07,9:01,left,APPROVED,17,20,true,2.88,21.33,true,true
2022,REG,16,2022122409,2519,1200,DAL,59072,2519.0,(7:25) E.Elliott right end ran ob at PHI 44 for 22 yards (M.Epps).,2,play_type_rush,3,4,1,1200,07:25,DAL 34,34,DAL,44,2022-12-24T23:17:35.000Z,false,false,false,false,false,false,17,27,7:28,7:23,right,APPROVED,17,27,true,0.61,44.46,true,true
2022,REG,16,2022122409,2857,1200,DAL,59072,2857.0,"(2:19) (Shotgun) D.Prescott pass short right to M.Gallup for 12 yards, TOUCHDOWN.",2,play_type_pass,3,3,12,1200,02:19,PHI 12,12,PHI,98,2022-12-24T23:29:39.000Z,false,false,true,true,false,false,26,27,2:20,2:13,right,APPROVED,20,27,true,12.74,110.0,true,true
2022,REG,16,2022122409,3205,3700,PHI,59072,3205.0,"(10:03) (Shotgun) G.Minshew pass short right to D.Smith for 9 yards, TOUCHDOWN. Penalty on DAL-J.Kearse, Defensive Holding, declined.",2,play_type_pass,4,3,7,3700,10:03,DAL 9,9,DAL,101,2022-12-24T23:48:09.000Z,false,false,true,false,false,false,27,33,10:05,10:02,right,APPROVED,27,27,true,6.87,107.16,true,true
2022,REG,16,2022122409,3344,1200,DAL,59072,3344.0,(8:02) (Shotgun) D.Prescott pass deep left to T.Hilton to PHI 19 for 52 yards (J.Scott).,2,play_type_pass,4,3,30,1200,08:02,DAL 29,29,DAL,81,2022-12-24T23:54:49.000Z,false,false,false,false,false,false,27,34,8:04,7:56,left,APPROVED,27,34,true,30.42,51.32,true,true
2022,REG,16,2022122409,3442,1200,DAL,59072,3442.0,"(5:53) (Shotgun) D.Prescott pass short right to C.Lamb for 7 yards, TOUCHDOWN.",2,play_type_pass,4,2,7,1200,05:53,PHI 7,7,PHI,17,2022-12-24T23:57:38.000Z,false,false,true,true,false,false,33,34,5:53,5:50,left,APPROVED,27,34,true,7.93,10.0,true,true
2022,REG,16,2022122409,3606,1200,DAL,59072,3606.0,(4:24) (Shotgun) G.Minshew pass short left intended for Q.Watkins INTERCEPTED by D.Bland at DAL 40. D.Bland to DAL 40 for no gain (Q.Watkins).,2,play_type_pass,4,3,4,3700,04:24,DAL 46,46,DAL,64,2022-12-25T00:04:19.000Z,false,false,false,false,false,true,34,34,4:26,4:20,right,APPROVED,34,34,true,4.17,67.08,true,true
2022,REG,16,2022122410,361,2520,LV,59073,361.0,"(6:46) (Shotgun) D.Carr pass short right to H.Renfrow for 14 yards, TOUCHDOWN.",2,play_type_pass,1,3,7,2520,06:46,PIT 14,14,PIT,24,2022-12-25T01:28:00.000Z,false,false,true,false,false,false,0,6,6:46,6:39,left,APPROVED,0,0,true,7.3,16.78,true,true
2022,REG,16,2022122410,1481,2520,LV,59073,1481.0,(:32) (Shotgun) D.Carr pass deep left to D.Waller to PIT 22 for 34 yards (M.Fitzpatrick). PIT-T.Norwood was injured during the play.,2,play_type_pass,2,3,10,2520,00:32,LV 44,44,LV,54,2022-12-25T02:20:25.000Z,false,false,false,false,false,false,3,7,:32,:27,right,APPROVED,3,7,true,10.39,63.86,true,true
2022,REG,16,2022122410,1841,2520,LV,59073,1841.0,"(11:57) (Shotgun) K.Pickett pass short left intended for Co.Heyward INTERCEPTED by D.Perryman at LV 29. D.Perryman to PIT 47 for 24 yards (N.Harris, C.Okorafor).",2,play_type_pass,3,2,11,3900,11:57,LV 36,36,LV,46,2022-12-25T02:51:57.000Z,false,false,false,false,false,true,3,10,11:58,11:49,left,APPROVED,3,10,true,11.33,34.99,true,true
2022,REG,16,2022122410,1877,3900,PIT,59073,1877.0,(11:48) D.Carr pass short middle intended for F.Moreau INTERCEPTED by A.Maulet at PIT 32. A.Maulet to PIT 44 for 12 yards (J.Jacobs).,2,play_type_pass,3,1,10,2520,11:48,PIT 47,47,PIT,63,2022-12-25T02:55:01.000Z,false,false,false,false,false,true,3,10,11:48,11:40,right,APPROVED,3,10,true,10.0,72.77,true,true
2022,REG,16,2022122410,3456,3900,PIT,59073,3456.0,"(:50) (Shotgun) K.Pickett pass short middle to G.Pickens for 14 yards, TOUCHDOWN.",2,play_type_pass,4,1,10,3900,00:50,LV 14,14,LV,96,2022-12-25T04:03:28.000Z,false,false,true,false,false,false,12,10,:50,:48,right,APPROVED,6,10,true,10.0,105.94,true,true
2022,REG,16,2022122500,252,1800,GB,59074,252.0,J.Sanders kicks 67 yards from MIA 35 to GB -2. K.Nixon to MIA 9 for 93 yards (J.Bethel).,32,play_type_kickoff,1,0,0,2700,11:10,MIA 35,35,MIA,75,2022-12-25T18:12:49.000Z,true,false,false,false,false,true,3,0,11:10,10:58,left,APPROVED,3,0,true,,,true,true
2022,REG,16,2022122500,295,2700,MIA,59074,295.0,(10:18) A.Rodgers sacked at MIA 18 for -13 yards (E.Roberts).,2,play_type_sack,1,2,5,1800,10:18,MIA 5,5,MIA,105,2022-12-25T18:14:38.000Z,false,false,false,true,false,false,3,0,10:19,10:14,right,APPROVED,3,0,false,5.87,110.0,true,true
2022,REG,16,2022122500,389,2700,MIA,59074,389.0,"(9:21) T.Tagovailoa pass short right to J.Waddle for 84 yards, TOUCHDOWN.",2,play_type_pass,1,1,10,2700,09:21,MIA 16,16,MIA,94,2022-12-25T18:19:55.000Z,false,false,true,false,false,false,9,3,9:21,9:08,left,APPROVED,3,3,true,10.0,84.34,true,true
2022,REG,16,2022122500,680,1800,GB,59074,680.0,"(4:14) A.Rodgers pass short left to M.Lewis for 1 yard, TOUCHDOWN.",2,play_type_pass,1,4,1,1800,04:14,MIA 1,1,MIA,109,2022-12-25T18:32:34.000Z,false,false,true,true,false,false,10,9,4:14,4:12,right,APPROVED,10,3,true,1.94,110.0,true,true
2022,REG,16,2022122500,921,1800,GB,59074,921.0,(:30) (Shotgun) A.Rodgers pass deep left to A.Lazard to MIA 46 for 42 yards (K.Kohou).,2,play_type_pass,1,1,10,1800,00:30,GB 12,12,GB,22,2022-12-25T18:42:39.000Z,false,false,false,false,false,false,10,10,:30,:25,right,APPROVED,10,10,true,10.0,31.79,true,true
2022,REG,16,2022122500,1149,2700,MIA,59074,1149.0,(11:44) T.Tagovailoa pass deep middle to T.Hill to GB 1 for 52 yards (R.Ford; A.Amos).,2,play_type_pass,2,1,15,2700,11:44,MIA 47,47,MIA,57,2022-12-25T18:53:47.000Z,false,false,false,false,false,false,10,10,11:44,11:36,right,APPROVED,10,10,true,15.0,71.57,true,true
2022,REG,16,2022122500,2756,1800,GB,59074,2756.0,(14:08) (Shotgun) T.Tagovailoa pass deep left intended for T.Hill INTERCEPTED by J.Alexander at MIA 37. J.Alexander pushed ob at MIA 14 for 23 yards (R.Mostert).,2,play_type_pass,4,1,10,2700,14:08,MIA 20,20,MIA,30,2022-12-25T20:18:35.000Z,false,false,false,false,false,true,20,20,14:08,14:01,right,APPROVED,20,20,true,10.0,39.36,true,true
2022,REG,16,2022122500,3302,1800,GB,59074,3302.0,(5:23) (Shotgun) A.Rodgers pass deep right to R.Doubs pushed ob at MIA 41 for 22 yards (J.Holland).,2,play_type_pass,4,2,9,1800,05:23,GB 37,37,GB,73,2022-12-25T20:39:19.000Z,false,false,false,false,false,false,20,23,5:24,5:17,left,APPROVED,20,23,true,9.76,64.19,true,true
2022,REG,16,2022122500,3638,1800,GB,59074,3638.0,"(1:34) (No Huddle, Shotgun) T.Tagovailoa pass short right intended for M.Gesicki INTERCEPTED by R.Douglas at MIA 44. R.Douglas to MIA 39 for 5 yards.",2,play_type_pass,4,2,7,2700,01:34,MIA 31,31,MIA,41,2022-12-25T20:59:13.000Z,false,false,false,false,false,true,20,26,1:35,1:29,right,APPROVED,20,26,true,7.22,47.22,true,true
2022,REG,16,2022122501,411,2510,LA,59075,411.0,(7:47) (Shotgun) R.Wilson pass deep right intended for C.Sutton INTERCEPTED by D.Durant at DEN 49. D.Durant ran ob at DEN 34 for 15 yards (E.Saubert).,2,play_type_pass,1,3,9,1400,07:47,DEN 26,26,DEN,36,2022-12-25T21:48:42.000Z,false,false,false,false,false,true,3,0,7:48,7:37,right,APPROVED,3,0,true,9.44,44.68,true,true
2022,REG,16,2022122501,492,2510,LA,59075,492.0,"(6:25) (Shotgun) B.Mayfield pass short right to T.Higbee for 9 yards, TOUCHDOWN.",2,play_type_pass,1,1,9,2510,06:25,DEN 9,9,DEN,19,2022-12-25T21:51:14.000Z,false,false,true,true,false,false,9,0,6:26,6:22,left,APPROVED,3,0,true,9.649999999999999,10.0,true,true
2022,REG,16,2022122501,601,2510,LA,59075,601.0,(5:20) (Shotgun) R.Wilson pass short middle intended for G.Dulcich INTERCEPTED by B.Wagner at DEN 24. B.Wagner to DEN 11 for 13 yards (C.Edmonds).,2,play_type_pass,1,2,16,1400,05:20,DEN 19,19,DEN,29,2022-12-25T21:57:08.000Z,false,false,false,false,false,true,10,0,5:21,5:14,right,APPROVED,10,0,true,16.45,44.86,true,true
2022,REG,16,2022122501,657,2510,LA,59075,657.0,"(4:49) (No Huddle) C.Akers right end for 3 yards, TOUCHDOWN.",2,play_type_rush,1,2,2,2510,04:49,DEN 3,3,DEN,13,2022-12-25T21:58:29.000Z,false,false,true,false,false,false,16,0,4:50,4:47,left,APPROVED,10,0,true,1.82,11.19,true,true
2022,REG,16,2022122501,774,1400,DEN,59075,774.0,(2:44) (Shotgun) R.Wilson pass short right to J.Jeudy to LA 38 for 23 yards (B.Wagner).,2,play_type_pass,1,2,19,1400,02:44,DEN 39,39,DEN,49,2022-12-25T22:04:53.000Z,false,false,false,false,false,false,17,0,2:45,2:38,right,APPROVED,17,0,true,19.45,67.69,true,true
2022,REG,16,2022122501,1460,2510,LA,59075,1460.0,(8:01) (Shotgun) R.Wilson sacked at DEN 46 for -9 yards (L.Murchison).,2,play_type_sack,2,3,10,1400,08:01,LA 45,45,LA,55,2022-12-25T22:32:38.000Z,false,false,false,false,false,false,24,3,8:01,7:56,left,APPROVED,24,3,false,10.5,45.21,true,true
2022,REG,16,2022122501,2242,2510,LA,59075,2242.0,"(13:06) (No Huddle, Shotgun) R.Wilson pass deep right intended for G.Dulcich INTERCEPTED by J.Ramsey at LA -7. Touchback.",2,play_type_pass,3,2,4,1400,13:06,LA 38,38,LA,48,2022-12-25T23:25:19.000Z,false,false,false,false,false,true,31,6,13:07,12:58,left,APPROVED,31,6,true,4.38,44.28,true,true
2022,REG,16,2022122501,2658,2510,LA,59075,2658.0,(3:46) (Shotgun) R.Wilson sacked at DEN 19 for -6 yards (M.Hoecht).,2,play_type_sack,3,2,10,1400,03:46,DEN 25,25,DEN,85,2022-12-25T23:43:08.000Z,false,false,false,false,false,false,34,6,3:46,3:43,left,APPROVED,34,6,false,10.31,75.43,true,true
2022,REG,16,2022122501,2958,2510,LA,59075,2958.0,"(12:37) C.Akers left end for 4 yards, TOUCHDOWN.",2,play_type_rush,4,1,4,2510,12:37,DEN 4,4,DEN,14,2022-12-25T23:56:45.000Z,false,false,true,true,false,false,40,6,12:37,12:34,left,APPROVED,34,6,true,5.039999999999999,10.0,false,true
2022,REG,16,2022122501,3220,1400,DEN,59075,3220.0,(9:12) (Shotgun) R.Wilson pass deep left to J.Jeudy to LA 11 for 36 yards (R.Yeast) [L.Floyd].,2,play_type_pass,4,4,4,1400,09:12,LA 47,47,LA,63,2022-12-26T00:06:34.000Z,false,false,false,false,false,false,41,6,9:12,9:07,right,APPROVED,41,6,true,4.42,66.62,true,true
2022,REG,16,2022122501,3266,1400,DEN,59075,3266.0,"(8:38) (Shotgun) R.Wilson pass short right to G.Dulcich for 11 yards, TOUCHDOWN [J.Williams].",2,play_type_pass,4,2,10,1400,08:38,LA 11,11,LA,99,2022-12-26T00:07:44.000Z,false,false,true,false,false,false,41,12,8:38,8:32,right,APPROVED,41,6,true,10.23,108.63,true,false
2022,REG,16,2022122501,3662,2510,LA,59075,3662.0,"(4:21) (No Huddle, Shotgun) B.Rypien pass short right intended for F.Swain INTERCEPTED by D.Durant at LA 15. D.Durant for 85 yards, TOUCHDOWN.",2,play_type_pass,4,4,10,1400,04:21,LA 23,23,LA,87,2022-12-26T00:22:14.000Z,false,false,true,false,false,true,50,14,4:21,4:10,right,APPROVED,44,14,true,10.3,96.58,true,true
2022,REG,16,2022122501,3874,1400,DEN,59075,3874.0,(:17) M.Mack right end to LA 27 for 4 yards (J.Ramsey; R.Yeast).,2,play_type_rush,4,4,9,1400,00:17,LA 31,31,LA,79,2022-12-26T00:32:06.000Z,false,false,false,false,false,true,51,14,:18,:09,right,APPROVED,51,14,true,9.76,87.8,true,true
2022,REG,16,2022122502,1632,3800,ARI,59076,1632.0,(5:23) (No Huddle) T.Brady pass deep left intended for M.Evans INTERCEPTED by M.Wilson [C.Thomas] at ARZ 2. M.Wilson to ARZ 41 for 39 yards (N.Leverett). ARZ-I.Simmons was injured during the play.,2,play_type_pass,2,1,10,4900,05:23,ARI 33,33,ARI,77,2022-12-26T02:34:36.000Z,false,false,false,false,false,true,3,6,5:24,5:11,right,APPROVED,3,6,true,10.0,86.83,true,true
2022,REG,16,2022122502,2970,3800,ARI,59076,2970.0,"(:43) (No Huddle, Shotgun) T.McSorley pass deep left to M.Brown pushed ob at TB 20 for 47 yards (M.Edwards).",2,play_type_pass,3,2,8,3800,00:43,ARI 33,33,ARI,43,2022-12-26T03:38:08.000Z,false,false,false,false,false,false,6,6,:44,:36,right,APPROVED,6,6,true,8.34,50.56,true,true
2022,REG,16,2022122502,3317,3800,ARI,59076,3317.0,"(10:53) J.Conner left end for 22 yards, TOUCHDOWN.",2,play_type_rush,4,2,10,3800,10:53,TB 22,22,TB,32,2022-12-26T03:55:50.000Z,false,false,true,false,false,false,15,6,10:53,10:49,left,APPROVED,9,6,true,10.39,22.34,true,true
2022,REG,16,2022122502,3540,4900,TB,59076,3540.0,"(8:07) (Shotgun) T.Brady pass short left to R.White for 3 yards, TOUCHDOWN.",2,play_type_pass,4,3,3,4900,08:07,ARI 3,3,ARI,107,2022-12-26T04:05:59.000Z,false,false,true,true,false,false,16,12,8:07,8:04,right,APPROVED,16,6,true,3.5,110.0,true,true
2022,REG,16,2022122600,434,4400,LAC,59077,434.0,(8:32) N.Foles pass deep right intended for J.Woods INTERCEPTED by M.Davis at LAC 11. M.Davis to LAC 41 for 30 yards (J.Woods).,2,play_type_pass,1,1,10,2200,08:32,LAC 38,38,LAC,48,2022-12-27T01:33:11.000Z,false,false,false,false,false,true,0,0,8:33,8:15,left,APPROVED,0,0,true,10.0,38.37,true,true
2022,REG,16,2022122600,506,2200,IND,59077,506.0,(7:34) (Shotgun) J.Herbert pass short left intended for K.Allen INTERCEPTED by R.Thomas at IND 42. R.Thomas to IND 47 for 5 yards (K.Allen).,2,play_type_pass,1,3,2,4400,07:34,LAC 49,49,LAC,59,2022-12-27T01:35:31.000Z,false,false,false,false,false,true,0,0,7:34,7:29,right,APPROVED,0,0,true,2.01,60.93,true,true
2022,REG,16,2022122600,824,4400,LAC,59077,824.0,(2:01) (Shotgun) N.Foles sacked at IND 26 for -8 yards (K.Murray).,2,play_type_sack,1,3,6,2200,02:01,IND 34,34,IND,76,2022-12-27T01:52:48.000Z,false,false,false,false,false,false,0,0,2:02,1:57,left,APPROVED,0,0,false,7.4,70.35,true,true
2022,REG,16,2022122600,2128,4400,LAC,59077,2128.0,(10:12) (Shotgun) N.Foles pass short right intended for P.Campbell INTERCEPTED by A.Samuel at IND 37. A.Samuel ran ob at IND 26 for 11 yards (M.Pittman).,2,play_type_pass,3,3,7,2200,10:12,IND 25,25,IND,85,2022-12-27T03:01:36.000Z,false,false,false,false,false,true,3,10,10:13,10:04,left,APPROVED,3,10,true,7.35,78.7,true,true
2022,REG,16,2022122600,2461,4400,LAC,59077,2461.0,(3:53) (Shotgun) N.Foles sacked at IND 33 for -10 yards (K.Mack).,2,play_type_sack,3,3,8,2200,03:53,IND 43,43,IND,67,2022-12-27T03:13:41.000Z,false,false,false,false,false,false,3,13,3:53,3:49,left,APPROVED,3,13,false,7.52,59.91,true,true
2022,REG,16,2022122600,2556,2200,IND,59077,2556.0,"(1:39) (Shotgun) J.Herbert sacked at LAC 19 for -6 yards (sack split by D.Buckner and D.Odeyingbo). FUMBLES (D.Buckner) [D.Odeyingbo], RECOVERED by IND-K.Paye at LAC 21.",2,play_type_sack,3,3,3,4400,01:39,LAC 25,25,LAC,35,2022-12-27T03:19:44.000Z,false,false,false,false,false,true,3,13,1:40,,right,APPROVED,3,13,false,3.94,37.8,true,true
2022,REG,16,2022122600,2791,4400,LAC,59077,2791.0,(13:33) (Shotgun) J.Herbert pass short middle to M.Williams to IND 46 for 26 yards (R.McLeod).,2,play_type_pass,4,3,5,4400,13:33,LAC 28,28,LAC,82,2022-12-27T03:30:31.000Z,false,false,false,false,false,false,3,13,13:33,13:26,left,APPROVED,3,13,true,5.77,77.49,true,true
2022,REG,17,2022122900,1108,2100,TEN,59078,1108.0,(14:02) (Shotgun) J.Dobbs pass deep right to R.McMath to DAL 32 for 39 yards (N.Wright).,2,play_type_pass,2,3,6,2100,14:02,TEN 29,29,TEN,39,2022-12-30T01:56:39.000Z,false,false,false,false,false,false,0,10,14:03,13:57,right,APPROVED,0,10,true,6.55,44.58,true,true
2022,REG,17,2022122900,1638,2100,TEN,59078,1638.0,"(3:38) (No Huddle, Shotgun) D.Prescott pass deep right intended for P.Hendershot INTERCEPTED by K.Byard at TEN 34. K.Byard to TEN 36 for 2 yards (P.Hendershot).",2,play_type_pass,2,1,10,1200,03:38,DAL 48,48,DAL,62,2022-12-30T02:17:33.000Z,false,false,false,false,false,true,0,10,3:39,3:34,left,APPROVED,0,10,true,10.0,52.67,true,true
2022,REG,17,2022122900,2064,2100,TEN,59078,2064.0,(:21) (Shotgun) D.Prescott pass short left intended for D.Schultz INTERCEPTED by K.Byard at TEN 31. K.Byard pushed ob at DAL 41 for 28 yards (Ty.Smith).,2,play_type_pass,2,1,10,1200,00:21,TEN 39,39,TEN,49,2022-12-30T02:36:05.000Z,false,false,false,false,false,true,3,10,:21,:13,left,APPROVED,3,10,true,10.0,39.35,true,true
2022,REG,17,2022122900,2571,1200,DAL,59078,2571.0,"(8:52) D.Prescott pass short left to D.Schultz for 6 yards, TOUCHDOWN.",2,play_type_pass,3,1,6,1200,08:52,TEN 6,6,TEN,104,2022-12-30T03:04:02.000Z,false,false,true,true,false,false,6,16,8:52,8:48,right,APPROVED,6,10,true,6.799999999999997,110.0,true,true
2022,REG,17,2022122900,2679,2100,TEN,59078,2679.0,(7:24) (Shotgun) J.Dobbs pass deep right to T.Burks to DAL 46 for 21 yards (J.Kearse).,2,play_type_pass,3,3,6,2100,07:24,TEN 33,33,TEN,77,2022-12-30T03:09:51.000Z,false,false,false,false,false,false,6,17,7:26,7:19,left,APPROVED,6,17,true,6.45,71.21,true,true
2022,REG,17,2022122900,2945,2100,TEN,59078,2945.0,"(2:10) (Shotgun) J.Dobbs pass short left to R.Woods for 7 yards, TOUCHDOWN.",2,play_type_pass,3,3,6,2100,02:10,DAL 7,7,DAL,17,2022-12-30T03:18:33.000Z,false,false,true,false,false,false,12,17,2:10,2:06,left,APPROVED,6,17,true,6.77,11.24,true,true
2022,REG,17,2022122900,3048,1200,DAL,59078,3048.0,(1:25) (Shotgun) D.Prescott pass short right to T.Hilton pushed ob at TEN 47 for 28 yards (L.Johnson).,2,play_type_pass,3,3,10,1200,01:25,DAL 25,25,DAL,35,2022-12-30T03:24:13.000Z,false,false,false,false,false,false,13,17,1:25,1:17,right,APPROVED,13,17,true,10.77,44.46,true,true
2022,REG,17,2022122900,3255,1200,DAL,59078,3255.0,"(12:03) (Shotgun) D.Prescott pass short left to D.Schultz for 10 yards, TOUCHDOWN. TEN-A.Adams was injured during the play. His return is Questionable.",2,play_type_pass,4,2,7,1200,12:03,TEN 10,10,TEN,20,2022-12-30T03:35:08.000Z,false,false,true,false,false,false,13,23,12:05,11:59,left,APPROVED,13,17,true,7.25,13.35,true,true
2022,REG,17,2022122900,3513,1200,DAL,59078,3513.0,(9:14) (Shotgun) D.Prescott pass deep left to C.Lamb pushed ob at TEN 46 for 34 yards (K.Byard).,2,play_type_pass,4,2,10,1200,09:14,DAL 20,20,DAL,90,2022-12-30T03:51:59.000Z,false,false,false,false,false,false,13,24,9:16,9:08,left,APPROVED,13,24,true,10.5,80.44,true,true
2022,REG,17,2022122900,3696,1200,DAL,59078,3696.0,"(6:05) (No Huddle, Shotgun) J.Dobbs pass deep right intended for R.Woods INTERCEPTED by N.Wright at DAL 40. N.Wright to DAL 40 for no gain.",2,play_type_pass,4,2,6,2100,06:05,TEN 44,44,TEN,54,2022-12-30T04:00:09.000Z,false,false,false,false,false,true,13,27,6:05,5:58,right,APPROVED,13,27,true,6.41,59.49,true,true
2022,REG,17,2023010100,81,0200,ATL,59079,81.0,"(14:32) (No Huddle, Shotgun) D.Blough sacked at ARZ 21 for -7 yards (I.Oliver).",2,play_type_sack,1,2,7,3800,14:32,ARI 28,28,ARI,82,2023-01-01T18:03:39.000Z,false,false,false,false,false,false,0,0,14:33,14:30,left,APPROVED,0,0,false,7.27,75.29,true,true
2022,REG,17,2023010100,855,0200,ATL,59079,855.0,"(13:41) (Shotgun) T.Allgeier left tackle for 5 yards, TOUCHDOWN.",2,play_type_rush,2,1,5,0200,13:41,ARI 5,5,ARI,15,2023-01-01T18:30:16.000Z,false,false,true,true,false,false,6,3,13:43,13:38,left,APPROVED,0,3,true,5.91,10.0,true,true
2022,REG,17,2023010100,1152,3800,ARI,59079,1152.0,"(10:06) D.Blough pass short right to T.McBride for 4 yards, TOUCHDOWN.",2,play_type_pass,2,2,4,3800,10:06,ATL 4,4,ATL,106,2023-01-01T18:43:14.000Z,false,false,true,true,false,false,7,9,10:08,10:03,right,APPROVED,7,3,true,4.46,110.0,true,true
2022,REG,17,2023010100,1631,0200,ATL,59079,1631.0,"(2:00) A.Lee punt is BLOCKED by R.Grant, Center-H.Bradley, RECOVERED by ATL-R.Grant at ARZ 5.",2,play_type_punt,2,4,6,3800,02:00,ARI 14,14,ARI,24,2023-01-01T19:08:07.000Z,true,false,false,false,false,true,7,10,2:00,1:51,right,APPROVED,7,10,false,6.43,29.69,true,true
2022,REG,17,2023010100,1663,0200,ATL,59079,1663.0,"(1:51) (Shotgun) C.Patterson right tackle for 5 yards, TOUCHDOWN.",2,play_type_rush,2,1,5,0200,01:51,ARI 5,5,ARI,15,2023-01-01T19:09:18.000Z,false,false,true,true,false,false,13,10,1:51,1:48,left,APPROVED,7,10,true,5.5,10.0,true,true
2022,REG,17,2023010101,223,3900,PIT,59080,223.0,(10:37) J.Warren left end to BLT 13 for 31 yards (M.Williams).,2,play_type_rush,1,2,9,3900,10:37,BAL 44,44,BAL,54,2023-01-02T01:27:56.000Z,false,false,false,false,false,false,0,0,10:38,10:31,left,APPROVED,0,0,true,9.76,45.01,true,true
2022,REG,17,2023010101,1635,0325,BAL,59080,1635.0,"(:11) (Shotgun) T.Huntley pass short left to I.Likely for 7 yards, TOUCHDOWN.",2,play_type_pass,2,1,7,0325,00:11,PIT 7,7,PIT,17,2023-01-02T02:34:46.000Z,false,false,true,true,false,false,9,3,:11,:08,left,APPROVED,3,3,true,8.030000000000001,10.0,true,true
2022,REG,17,2023010101,2353,3900,PIT,59080,2353.0,(2:13) (Shotgun) T.Huntley sacked at BLT 39 for -10 yards (T.Watt).,2,play_type_sack,3,2,8,0325,02:13,BAL 49,49,BAL,61,2023-01-02T03:21:59.000Z,false,false,false,false,false,false,13,6,2:15,2:12,left,APPROVED,13,6,false,8.84,53.14,true,true
2022,REG,17,2023010101,2617,3900,PIT,59080,2617.0,"(11:48) (No Huddle, Shotgun) K.Pickett pass short right to D.Johnson pushed ob at BLT 15 for 21 yards (M.Williams) [J.Houston].",2,play_type_pass,4,3,4,3900,11:48,BAL 36,36,BAL,46,2023-01-02T03:32:34.000Z,false,false,false,false,false,false,13,6,11:49,11:41,left,APPROVED,13,6,true,4.18,42.45,true,true
2022,REG,17,2023010101,2729,0325,BAL,59080,2729.0,C.Boswell kicks 61 yards from PIT 35 to BLT 4. J.Hill to PIT 40 for 56 yards (A.Maulet).,32,play_type_kickoff,4,0,0,3900,09:44,PIT 35,35,PIT,75,2023-01-02T03:38:15.000Z,true,false,false,false,false,true,13,9,9:44,9:35,left,APPROVED,13,9,true,,,true,true
2022,REG,17,2023010101,3341,3900,PIT,59080,3341.0,"(1:02) (Shotgun) K.Pickett pass short left to N.Harris for 10 yards, TOUCHDOWN [P.Queen].",2,play_type_pass,4,3,8,3900,01:02,BAL 10,10,BAL,20,2023-01-02T04:05:07.000Z,false,false,true,false,false,false,13,15,1:02,:58,left,APPROVED,13,9,true,8.89,11.91,true,true
2022,REG,17,2023010102,177,0810,CHI,59081,177.0,(12:26) (Shotgun) Direct snap to C.Kmet.  J.Fields left end to DET 21 for 31 yards (K.Joseph).,2,play_type_rush,1,3,1,0810,12:26,CHI 48,48,CHI,62,2023-01-01T18:06:54.000Z,false,false,false,false,false,false,0,0,12:30,12:23,left,APPROVED,0,0,true,1.03,61.2,true,true
2022,REG,17,2023010102,246,0810,CHI,59081,246.0,"(11:00) J.Fields pass short right to C.Kmet for 13 yards, TOUCHDOWN.",2,play_type_pass,1,3,2,0810,11:00,DET 13,13,DET,23,2023-01-01T18:10:10.000Z,false,false,true,false,false,false,0,6,11:01,10:55,left,APPROVED,0,0,true,2.29,21.18,true,true
2022,REG,17,2023010102,347,1540,DET,59081,347.0,(9:35) (Shotgun) J.Goff pass short left to A.St. Brown to CHI 41 for 28 yards (J.Blackwell).,2,play_type_pass,1,3,4,1540,09:35,DET 31,31,DET,41,2023-01-01T18:16:01.000Z,false,false,false,false,false,false,0,7,,9:29,right,APPROVED,0,7,true,4.87,44.58,true,true
2022,REG,17,2023010102,531,1540,DET,59081,531.0,"(6:48) J.Goff pass short right to B.Wright for 2 yards, TOUCHDOWN [A.Watts].",2,play_type_pass,1,2,2,1540,06:48,CHI 2,2,CHI,108,2023-01-01T18:21:35.000Z,false,false,true,true,false,false,6,7,6:49,6:46,right,APPROVED,0,7,true,2.59,110.0,true,true
2022,REG,17,2023010102,627,0810,CHI,59081,627.0,(5:21) (Shotgun) J.Fields scrambles up the middle to DET 9 for 60 yards (K.Joseph).,2,play_type_rush,1,3,4,0810,05:21,CHI 31,31,CHI,79,2023-01-01T18:27:18.000Z,false,false,false,false,false,false,7,7,5:21,5:10,left,APPROVED,7,7,true,4.02,75.21,true,true
2022,REG,17,2023010102,905,1540,DET,59081,905.0,"(14:24) D.Swift left end for 17 yards, TOUCHDOWN.",2,play_type_rush,2,1,10,1540,14:24,CHI 17,17,CHI,27,2023-01-01T18:40:28.000Z,false,false,true,false,false,false,13,10,14:32,14:26,left,APPROVED,7,10,true,10.0,17.16,true,true
2022,REG,17,2023010102,1461,1540,DET,59081,1461.0,"(4:23) J.Goff pass short left to B.Wright for 9 yards, TOUCHDOWN.",2,play_type_pass,2,1,9,1540,04:23,CHI 9,9,CHI,19,2023-01-01T19:07:01.000Z,false,false,true,true,false,false,20,10,4:24,4:18,left,APPROVED,14,10,true,9.989999999999998,10.0,true,true
2022,REG,17,2023010102,1564,1540,DET,59081,1564.0,"(3:02) (Shotgun) J.Fields sacked at CHI 48 for 0 yards (J.Houston). FUMBLES (J.Houston) [J.Houston], RECOVERED by DET-A.Hutchinson at 50.",2,play_type_sack,2,1,10,0810,03:02,CHI 48,48,CHI,58,2023-01-01T19:12:40.000Z,false,false,false,false,false,true,21,10,3:03,2:53,right,APPROVED,21,10,false,10.0,67.81,true,true
2022,REG,17,2023010102,1833,0810,CHI,59081,1833.0,J.Fox kicks 73 yards from DET 35 to CHI -8. V.Jones to DET 45 for 63 yards (K.Joseph).,32,play_type_kickoff,2,0,0,1540,00:17,DET 35,35,DET,75,2023-01-01T19:24:29.000Z,true,false,false,false,false,true,24,10,:17,:08,left,APPROVED,24,10,true,,,true,true
2022,REG,17,2023010102,1941,0810,CHI,59081,1941.0,(14:31) J.Goff sacked at DET 17 for -9 yards (T.Gipson).,2,play_type_sack,3,2,9,1540,14:31,DET 26,26,DET,84,2023-01-01T19:40:43.000Z,false,false,false,false,false,false,24,10,14:32,14:27,left,APPROVED,24,10,false,9.39,75.53,true,true
2022,REG,17,2023010102,1960,1540,DET,59081,1960.0,(13:51) (Shotgun) D.Swift up the middle ran ob at CHI 48 for 35 yards (J.Brisker).,2,play_type_rush,3,3,18,1540,13:51,DET 17,17,DET,93,2023-01-01T19:41:23.000Z,false,false,false,false,false,false,24,10,13:52,13:42,left,APPROVED,24,10,true,17.96,75.53,true,true
2022,REG,17,2023010102,1986,1540,DET,59081,1986.0,(13:13) (Shotgun) J.Williams right end to CHI 8 for 40 yards (D.Houston-Carson; J.Brisker).,2,play_type_rush,3,1,10,1540,13:13,CHI 48,48,CHI,58,2023-01-01T19:42:06.000Z,false,false,false,false,false,false,24,10,13:14,13:04,left,APPROVED,24,10,true,10.0,48.92,true,true
2022,REG,17,2023010102,2336,1540,DET,59081,2336.0,"(6:44) (Shotgun) J.Goff pass short right to D.Swift for 21 yards, TOUCHDOWN.",2,play_type_pass,3,2,9,1540,06:44,CHI 21,21,CHI,31,2023-01-01T19:58:10.000Z,false,false,true,false,false,false,37,10,6:45,6:38,left,APPROVED,31,10,true,9.25,22.54,true,true
2022,REG,17,2023010102,3350,1540,DET,59081,3350.0,(5:11) Ball Flip. Ja.Williams up the middle to CHI 12 for 58 yards (D.Houston-Carson; H.Hand). Detroit #10-Sudfeld now in at QB.,2,play_type_rush,4,1,10,1540,05:11,DET 30,30,DET,40,2023-01-01T20:42:36.000Z,false,false,false,false,false,false,38,10,5:11,5:02,right,APPROVED,38,10,true,10.0,49.23,true,true
2022,REG,17,2023010103,372,2250,JAX,59082,372.0,"(8:29) (Shotgun) J.Hasty left guard for 5 yards, TOUCHDOWN.",2,play_type_rush,1,3,5,2250,08:29,HOU 5,5,HOU,15,2023-01-01T18:14:15.000Z,false,false,true,true,false,false,0,6,8:29,8:26,left,APPROVED,0,0,true,4.92,10.0,true,true
2022,REG,17,2023010103,1139,2250,JAX,59082,1139.0,"(12:30) (Shotgun) T.Etienne left tackle for 62 yards, TOUCHDOWN.",2,play_type_rush,2,1,10,2250,12:30,JAX 38,38,JAX,48,2023-01-01T18:54:25.000Z,false,false,true,false,false,false,0,13,12:30,12:22,right,APPROVED,0,7,true,10.0,57.95,true,true
2022,REG,17,2023010103,1215,2250,JAX,59082,1215.0,"(11:43) (Shotgun) D.Mills sacked at HST 18 for -7 yards (J.Allen). FUMBLES (J.Allen), touched at HST 16, RECOVERED by JAX-T.Campbell at HST 12. T.Campbell for 12 yards, TOUCHDOWN.",2,play_type_sack,2,2,8,2120,11:43,HOU 25,25,HOU,85,2023-01-01T18:59:48.000Z,false,false,true,false,false,true,0,20,11:44,11:35,left,APPROVED,0,14,false,8.01,77.23,true,true
2022,REG,17,2023010103,1425,2120,HOU,59082,1425.0,(8:31) (Shotgun) T.Lawrence pass deep left intended for Z.Jones INTERCEPTED by D.King at JAX 42. D.King to JAX 41 for 1 yard (E.Engram).,2,play_type_pass,2,2,5,2250,08:31,JAX 14,14,JAX,24,2023-01-01T19:07:41.000Z,false,false,false,false,false,true,0,21,8:31,8:23,right,APPROVED,0,21,true,5.43,28.73,true,true
2022,REG,17,2023010103,2293,2250,JAX,59082,2293.0,"(9:31) (No Huddle, Shotgun) S.Conner right guard for 3 yards, TOUCHDOWN.",2,play_type_rush,3,1,3,2250,09:31,HOU 3,3,HOU,13,2023-01-01T19:50:25.000Z,false,false,true,true,false,false,0,27,9:33,9:30,left,APPROVED,0,21,true,3.66,10.0,true,true
2022,REG,17,2023010103,2753,2120,HOU,59082,2753.0,(:53) (Shotgun) C.Beathard pass short middle intended for M.Jones INTERCEPTED by J.Pitre at HST 10. J.Pitre to HST 10 for no gain (M.Jones).,2,play_type_pass,3,3,5,2250,00:53,HOU 21,21,HOU,31,2023-01-01T20:10:33.000Z,false,false,false,false,false,true,3,28,:54,:47,left,APPROVED,3,28,true,5.89,25.99,true,true
2022,REG,17,2023010104,363,2310,KC,59083,363.0,"(7:42) I.Pacheco right tackle for 5 yards, TOUCHDOWN.",2,play_type_rush,1,1,5,2310,07:42,DEN 5,5,DEN,105,2023-01-01T18:12:08.000Z,false,false,true,true,false,false,6,0,7:42,7:38,right,APPROVED,0,0,true,5.180000000000007,110.0,true,true
2022,REG,17,2023010104,385,2310,KC,59083,385.0,(Kick formation) TWO-POINT CONVERSION ATTEMPT. T.Townsend rushes right end. ATTEMPT FAILS.,26,play_type_two_point_conversion,1,0,0,2310,07:35,DEN 15,15,DEN,95,2023-01-01T18:13:11.000Z,false,false,false,false,false,false,6,0,7:35,7:35,right,APPROVED,6,0,false,,,true,true
2022,REG,17,2023010104,1158,2310,KC,59083,1158.0,(9:31) (Shotgun) P.Mahomes pass deep right to K.Toney to DEN 22 for 38 yards (K.Jackson; J.Jewell).,2,play_type_pass,2,1,10,2310,09:31,KC 40,40,KC,70,2023-01-01T18:49:45.000Z,false,false,false,false,false,false,6,3,9:32,9:17,left,APPROVED,6,3,true,10.0,60.1,true,true
2022,REG,17,2023010104,1417,2310,KC,59083,1417.0,"(4:59) C.Waitman punts 53 yards to KC 6, Center-J.Bobenmoyer. K.Toney to KC 13 for 7 yards (A.Singleton). FUMBLES (A.Singleton), RECOVERED by DEN-E.Saubert at KC 16.",2,play_type_punt,2,4,7,1400,04:59,DEN 41,41,DEN,51,2023-01-01T19:00:45.000Z,true,false,false,false,false,false,6,3,4:59,4:48,right,APPROVED,6,3,false,7.57,57.72,true,true
2022,REG,17,2023010104,1458,1400,DEN,59083,1458.0,"(4:45) (Shotgun) R.Wilson left end for 16 yards, TOUCHDOWN.",2,play_type_rush,2,1,10,1400,04:45,KC 16,16,KC,94,2023-01-01T19:01:54.000Z,false,false,true,false,false,false,6,9,4:45,4:41,right,APPROVED,6,3,true,10.0,103.94,true,true
2022,REG,17,2023010104,1601,2310,KC,59083,1601.0,(3:08) (Shotgun) P.Mahomes pass deep right to J.McKinnon to DEN 18 for 28 yards (P.Surtain).,2,play_type_pass,2,2,8,2310,03:08,DEN 46,46,DEN,56,2023-01-01T19:08:37.000Z,false,false,false,false,false,false,6,10,3:09,2:58,left,APPROVED,6,10,true,8.03,48.26,true,true
2022,REG,17,2023010104,1736,2310,KC,59083,1736.0,"(1:08) (Shotgun) P.Mahomes pass short right to J.McKinnon for 6 yards, TOUCHDOWN.",2,play_type_pass,2,2,6,2310,01:08,DEN 6,6,DEN,16,2023-01-01T19:15:02.000Z,false,false,true,true,false,false,12,10,1:09,1:04,left,APPROVED,6,10,true,6.31,10.0,true,true
2022,REG,17,2023010104,2577,1400,DEN,59083,2577.0,"(6:41) R.Wilson pass deep middle to A.Okwuegbunam for 25 yards, TOUCHDOWN.",2,play_type_pass,3,2,1,1400,06:41,KC 25,25,KC,85,2023-01-01T20:07:09.000Z,false,false,true,false,false,false,13,16,6:42,6:37,right,APPROVED,13,10,true,0.72,85.73,true,true
2022,REG,17,2023010104,2983,2310,KC,59083,2983.0,"(15:00) P.Mahomes pass short middle to B.Bell for 17 yards, TOUCHDOWN.",2,play_type_pass,4,1,10,2310,15:00,DEN 17,17,DEN,93,2023-01-01T20:24:34.000Z,false,false,true,false,false,false,19,17,15:00,14:55,right,APPROVED,13,17,true,10.0,102.84,true,true
2022,REG,17,2023010104,3142,2310,KC,59083,3142.0,"(12:40) (Shotgun) P.Mahomes pass short left to J.McKinnon for 3 yards, TOUCHDOWN.",2,play_type_pass,4,2,3,2310,12:40,DEN 3,3,DEN,107,2023-01-01T20:33:31.000Z,false,false,true,true,false,false,26,17,12:41,12:37,right,APPROVED,20,17,true,3.54,110.0,true,true
2022,REG,17,2023010104,3536,1400,DEN,59083,3536.0,"(6:21) (Shotgun) R.Wilson scrambles right end for 4 yards, TOUCHDOWN.",2,play_type_rush,4,1,4,1400,06:21,KC 4,4,KC,14,2023-01-01T20:47:23.000Z,false,false,true,true,false,false,27,23,6:22,6:15,left,APPROVED,27,17,true,5.15,10.0,true,true
2022,REG,17,2023010104,3832,2310,KC,59083,3832.0,(1:21) (Shotgun) R.Wilson sacked at DEN 36 for -9 yards (C.Jones).,2,play_type_sack,4,4,2,1400,01:21,DEN 45,45,DEN,65,2023-01-01T21:00:54.000Z,false,false,false,false,false,true,27,24,1:23,1:17,left,APPROVED,27,24,true,2.49,63.21,true,true
2022,REG,17,2023010105,351,3200,NE,59084,351.0,"(10:14) M.Jones pass deep right to T.Thornton ran ob at MIA 41 for 24 yards [A.Van Ginkel]. Miami challenged the pass completion ruling, and the play was Upheld. The ruling on the field stands. (Timeout #1.)",2,play_type_pass,1,2,8,3200,10:14,NE 35,35,NE,75,2023-01-01T18:13:47.000Z,false,false,false,false,false,false,0,0,10:15,10:10,left,APPROVED,0,0,true,8.31,66.93,true,true
2022,REG,17,2023010105,540,3200,NE,59084,540.0,"(7:19) (Shotgun) M.Jones pass short left to T.Thornton for 7 yards, TOUCHDOWN.",2,play_type_pass,1,3,6,3200,07:19,MIA 7,7,MIA,17,2023-01-01T18:23:14.000Z,false,false,true,false,false,false,6,0,7:20,7:16,left,APPROVED,0,0,true,6.4,10.87,true,true
2022,REG,17,2023010105,1061,3200,NE,59084,1061.0,(13:45) (Shotgun) M.Jones pass deep right to H.Henry to MIA 42 for 29 yards (J.Holland). MIA-J.Holland was injured during the play.,2,play_type_pass,2,3,6,3200,13:45,NE 29,29,NE,39,2023-01-01T18:46:24.000Z,false,false,false,false,false,false,7,7,13:45,13:39,right,APPROVED,7,7,true,6.35,44.99,true,true
2022,REG,17,2023010105,1128,2700,MIA,59084,1128.0,(12:03) M.Jones sacked at MIA 45 for -12 yards (E.Roberts).,2,play_type_sack,2,3,1,3200,12:03,MIA 33,33,MIA,77,2023-01-01T18:51:00.000Z,false,false,false,false,false,false,7,7,12:04,12:00,right,APPROVED,7,7,false,1.17,77.75,true,true
2022,REG,17,2023010105,1251,2700,MIA,59084,1251.0,(8:41) (Shotgun) T.Bridgewater pass short right to R.Mostert to NE 36 for 25 yards (J.Uche).,2,play_type_pass,2,3,3,2700,08:41,MIA 39,39,MIA,71,2023-01-01T18:57:14.000Z,false,false,false,false,false,false,7,7,8:42,8:31,left,APPROVED,7,7,true,3.93,68.01,true,true
2022,REG,17,2023010105,2191,2700,MIA,59084,2191.0,"(9:22) (Shotgun) T.Bridgewater pass short middle to R.Mostert for 2 yards, TOUCHDOWN [C.Barmore].",2,play_type_pass,3,2,2,2700,09:22,NE 2,2,NE,108,2023-01-01T19:56:07.000Z,false,false,true,true,false,false,7,13,9:22,9:18,right,APPROVED,7,7,true,2.75,110.0,true,true
2022,REG,17,2023010105,2346,3200,NE,59084,2346.0,(6:41) (Shotgun) M.Jones pass deep left to T.Thornton to MIA 36 for 29 yards (J.Holland).,2,play_type_pass,3,3,5,3200,06:41,NE 35,35,NE,75,2023-01-01T20:03:10.000Z,false,false,false,false,false,false,7,14,6:42,6:35,left,APPROVED,7,14,true,5.57,70.22,true,true
2022,REG,17,2023010105,2575,3200,NE,59084,2575.0,"(3:02) (Shotgun) T.Bridgewater pass short right intended for T.Sherfield INTERCEPTED by K.Dugger at MIA 39. K.Dugger for 39 yards, TOUCHDOWN. MIA-T.Bridgewater was injured during the play.  NE 23-Dugger 3rd def. TD of season, 1st Patriot to do that since 1970. Patriots 7th defensive TD of season, new franchise record. Patriots defensive TD in 4 straight games, new franchise record (first NFL occurence since TB 2002).",2,play_type_pass,3,3,15,2700,03:02,MIA 24,24,MIA,34,2023-01-01T20:11:06.000Z,false,false,true,false,false,true,16,14,3:03,2:52,right,APPROVED,10,14,true,15.35,48.61,true,true
2022,REG,17,2023010105,2862,3200,NE,59084,2862.0,(14:24) (Shotgun) S.Thompson pass short left intended for T.Hill INTERCEPTED by Jo.Jones at NE 35. Jo.Jones pushed ob at NE 37 for 2 yards (T.Hill).,2,play_type_pass,4,3,14,2700,14:24,NE 42,42,NE,52,2023-01-01T20:23:23.000Z,false,false,false,false,false,true,16,14,14:25,14:20,left,APPROVED,16,14,true,14.36,38.19,true,true
2022,REG,17,2023010105,3210,3200,NE,59084,3210.0,(8:20) (Shotgun) M.Jones pass deep right to J.Meyers pushed ob at MIA 43 for 25 yards (J.Holland).,2,play_type_pass,4,3,5,3200,08:20,NE 32,32,NE,42,2023-01-01T20:38:40.000Z,false,false,false,false,false,false,16,14,8:21,8:15,right,APPROVED,16,14,true,5.01,46.62,true,true
2022,REG,17,2023010105,3421,3200,NE,59084,3421.0,"(4:39) (Shotgun) M.Jones pass short left to J.Meyers for 1 yard, TOUCHDOWN. NE-J.Meyers was injured during the play.",2,play_type_pass,4,3,1,3200,04:39,MIA 1,1,MIA,109,2023-01-01T20:45:24.000Z,false,false,true,true,false,false,22,14,4:40,4:38,right,APPROVED,16,14,true,2.26,110.0,true,true
2022,REG,17,2023010105,3657,2700,MIA,59084,3657.0,(2:34) (Shotgun) M.Jones sacked at MIA 39 for -10 yards (Z.Sieler).,2,play_type_sack,4,4,4,3200,02:34,MIA 29,29,MIA,81,2023-01-01T20:55:23.000Z,false,false,false,false,false,true,23,14,2:34,2:32,right,APPROVED,23,14,true,4.42,84.92,true,true
2022,REG,17,2023010105,3956,2700,MIA,59084,3956.0,"(1:11) (Shotgun) S.Thompson pass short right to M.Gesicki for 4 yards, TOUCHDOWN.",2,play_type_pass,4,1,4,2700,01:11,NE 4,4,NE,14,2023-01-01T21:07:34.000Z,false,false,true,true,false,false,23,20,1:11,1:04,left,APPROVED,23,14,true,4.449999999999999,10.0,true,true
2022,REG,17,2023010106,550,2200,IND,59085,550.0,(5:32) (Shotgun) N.Foles pass deep middle to P.Campbell to NYG 14 for 49 yards (X.McKinney).,2,play_type_pass,1,3,8,2200,05:32,IND 37,37,IND,73,2023-01-01T18:21:23.000Z,false,false,false,false,false,false,0,0,5:34,5:25,left,APPROVED,0,0,true,8.86,65.53,true,true
2022,REG,17,2023010106,974,3410,NYG,59085,974.0,"(10:44) (Shotgun) D.Jones pass short right to R.James for 6 yards, TOUCHDOWN.",2,play_type_pass,2,3,6,3410,10:44,IND 6,6,IND,16,2023-01-01T18:39:25.000Z,false,false,true,true,false,false,6,3,10:45,10:39,left,APPROVED,0,3,true,6.32,10.0,true,true
2022,REG,17,2023010106,1390,3410,NYG,59085,1390.0,"(4:26) (Shotgun) D.Jones pass short right to I.Hodgins for 6 yards, TOUCHDOWN.",2,play_type_pass,2,2,6,3410,04:26,IND 6,6,IND,16,2023-01-01T18:56:20.000Z,false,false,true,true,false,false,13,3,4:26,4:23,left,APPROVED,7,3,true,6.97,10.0,true,true
2022,REG,17,2023010106,1595,3410,NYG,59085,1595.0,"(1:54) (Shotgun) N.Foles pass short right intended for P.Campbell INTERCEPTED by L.Collins at NYG 48. L.Collins for 52 yards, TOUCHDOWN.",2,play_type_pass,2,3,11,2200,01:54,IND 46,46,IND,56,2023-01-01T19:10:18.000Z,false,false,true,false,false,true,20,3,1:54,1:46,right,APPROVED,14,3,true,11.44,66.37,true,true
2022,REG,17,2023010106,2205,3410,NYG,59085,2205.0,(13:26) (Shotgun) D.Jones pass short middle to R.James to IND 34 for 28 yards (R.Thomas).,2,play_type_pass,3,2,10,3410,13:26,NYG 38,38,NYG,48,2023-01-01T19:46:30.000Z,false,false,false,false,false,false,24,3,13:27,13:20,right,APPROVED,24,3,true,10.18,57.63,true,true
2022,REG,17,2023010106,2298,3410,NYG,59085,2298.0,"(10:46) (Shotgun) D.Jones left end for 18 yards, TOUCHDOWN.",2,play_type_rush,3,2,5,3410,10:46,IND 18,18,IND,92,2023-01-01T19:49:10.000Z,false,false,true,false,false,false,30,3,10:47,10:41,right,APPROVED,24,3,true,6.1,96.79,true,true
2022,REG,17,2023010106,2706,2200,IND,59085,2706.0,"(2:13) (Shotgun) S.Ehlinger pass short middle to M.Pittman for 6 yards, TOUCHDOWN [D.Lawrence].",2,play_type_pass,3,3,5,2200,02:13,NYG 6,6,NYG,16,2023-01-01T20:03:10.000Z,false,false,true,false,false,false,31,9,2:13,2:09,left,APPROVED,31,3,true,5.54,11.23,true,true
2022,REG,17,2023010106,2976,3410,NYG,59085,2976.0,"(12:04) D.Jones left end for 10 yards, TOUCHDOWN.",2,play_type_rush,4,2,10,3410,12:04,IND 10,10,IND,20,2023-01-01T20:17:06.000Z,false,false,true,true,false,false,37,10,12:04,11:58,left,APPROVED,31,10,true,10.09,10.0,true,true
2022,REG,17,2023010107,764,3700,PHI,59086,764.0,(14:25) (Shotgun) A.Dalton sacked at PHI 43 for -3 yards (B.Graham).,2,play_type_sack,2,3,6,3300,14:25,PHI 40,40,PHI,70,2023-01-01T18:39:18.000Z,false,false,false,false,false,false,0,7,14:27,14:21,right,APPROVED,0,7,false,7.31,75.97,true,true
2022,REG,17,2023010107,1200,3300,NO,59086,1200.0,(5:48) (Shotgun) A.Dalton pass deep right to R.Shaheed to PHI 6 for 58 yards (J.Bradberry).,2,play_type_pass,2,3,4,3300,05:48,NO 36,36,NO,46,2023-01-01T18:59:15.000Z,false,false,false,false,false,false,0,10,5:49,5:42,right,APPROVED,0,10,true,4.46,49.16,true,true
2022,REG,17,2023010107,1503,3700,PHI,59086,1503.0,"(:44) (No Huddle, Shotgun) A.Dalton pass deep right intended for C.Olave INTERCEPTED by J.Scott at PHI 12. J.Scott to PHI 25 for 13 yards (C.Throckmorton).",2,play_type_pass,2,2,15,3300,00:44,PHI 31,31,PHI,79,2023-01-01T19:12:45.000Z,false,false,false,false,false,true,0,13,:46,:35,right,APPROVED,0,13,true,15.41,93.37,true,true
2022,REG,17,2023010107,2398,3700,PHI,59086,2398.0,(3:45) (Shotgun) A.Dalton sacked at NO 45 for -12 yards (F.Cox).,2,play_type_sack,3,2,8,3300,03:45,PHI 43,43,PHI,67,2023-01-01T20:00:44.000Z,false,false,false,false,false,false,3,13,3:46,3:41,right,APPROVED,3,13,false,8.85,74.24,true,true
2022,REG,17,2023010107,2513,3700,PHI,59086,2513.0,"(:58) (Shotgun) G.Minshew pass deep right to A.Brown for 78 yards, TOUCHDOWN.",2,play_type_pass,3,2,4,3700,00:58,PHI 22,22,PHI,88,2023-01-01T20:06:24.000Z,false,false,true,false,false,false,9,13,:59,:45,left,APPROVED,3,13,true,4.03,84.79,true,true
2022,REG,17,2023010107,2659,3700,PHI,59086,2659.0,(14:17) (Shotgun) A.Dalton sacked at NO 43 for -5 yards (B.Graham).,2,play_type_sack,4,3,3,3300,14:17,NO 48,48,NO,62,2023-01-01T20:13:59.000Z,false,false,false,false,false,false,10,13,,14:14,left,APPROVED,10,13,false,2.69,59.53,true,true
2022,REG,17,2023010107,3216,3300,NO,59086,3216.0,"(5:31) (Shotgun) G.Minshew pass short left intended for A.Brown INTERCEPTED by M.Lattimore at PHI 12. M.Lattimore for 12 yards, TOUCHDOWN.",2,play_type_pass,4,2,8,3700,05:31,PHI 11,11,PHI,21,2023-01-01T20:37:11.000Z,false,false,true,false,false,true,10,19,5:31,,right,APPROVED,10,13,true,8.78,28.47,true,true
2022,REG,17,2023010107,3318,3700,PHI,59086,3318.0,(5:17) (Shotgun) G.Minshew pass deep left to D.Smith to NO 47 for 28 yards (D.Sorensen).,2,play_type_pass,4,3,10,3700,05:17,PHI 25,25,PHI,35,2023-01-01T20:41:12.000Z,false,false,false,false,false,false,10,20,5:17,5:11,right,APPROVED,10,20,true,10.65,44.08,true,true
2022,REG,17,2023010108,210,0750,CAR,59087,210.0,"(11:44) S.Darnold pass deep right to T.Tremble for 17 yards, TOUCHDOWN.",2,play_type_pass,1,1,10,0750,11:44,TB 17,17,TB,93,2023-01-01T18:07:34.000Z,false,false,true,false,false,false,0,6,,11:40,right,APPROVED,0,0,true,10.0,102.84,true,true
2022,REG,17,2023010108,424,0750,CAR,59087,424.0,"(9:20) (Shotgun) T.Brady pass short middle to C.Godwin to CAR 34 for 24 yards (S.Franklin). FUMBLES (S.Franklin), RECOVERED by CAR-X.Woods at CAR 33. X.Woods to CAR 33 for no gain (C.Godwin).",2,play_type_pass,1,3,10,4900,09:20,TB 42,42,TB,68,2023-01-01T18:16:08.000Z,false,false,false,false,false,true,0,7,9:21,9:10,left,APPROVED,0,7,true,10.57,58.4,true,true
2022,REG,17,2023010108,614,0750,CAR,59087,614.0,(5:10) (Shotgun) T.Brady sacked at TB 35 for -6 yards (Y.Gross-Matos).,2,play_type_sack,1,3,7,4900,05:10,TB 41,41,TB,69,2023-01-01T18:26:31.000Z,false,false,false,false,false,false,0,7,5:11,5:08,left,APPROVED,0,7,false,7.49,61.91,true,true
2022,REG,17,2023010108,1275,0750,CAR,59087,1275.0,"(7:57) (Shotgun) S.Darnold pass deep left to D.Moore for 24 yards, TOUCHDOWN.",2,play_type_pass,2,3,5,0750,07:57,TB 24,24,TB,34,2023-01-01T18:55:40.000Z,false,false,true,false,false,false,0,13,7:58,7:53,left,APPROVED,0,7,true,5.63,29.23,true,true
2022,REG,17,2023010108,1441,0750,CAR,59087,1441.0,(6:27) (Shotgun) T.Brady sacked at TB 17 for -8 yards (M.Haynes).,2,play_type_sack,2,3,10,4900,06:27,TB 25,25,TB,35,2023-01-01T19:01:55.000Z,false,false,false,false,false,false,0,14,6:28,6:24,right,APPROVED,0,14,false,10.37,44.61,true,true
2022,REG,17,2023010108,1662,4900,TB,59087,1662.0,"(2:18) (No Huddle, Shotgun) T.Brady pass deep right to M.Evans for 63 yards, TOUCHDOWN.",2,play_type_pass,2,1,10,4900,02:18,TB 37,37,TB,47,2023-01-01T19:11:13.000Z,false,false,true,false,false,false,6,14,2:19,2:11,right,APPROVED,0,14,true,10.0,56.68,true,true
2022,REG,17,2023010108,2233,0750,CAR,59087,2233.0,(11:43) (Shotgun) S.Darnold pass deep middle to G.Ricci to TB 41 for 32 yards (M.Edwards).,2,play_type_pass,3,2,10,0750,11:43,CAR 27,27,CAR,37,2023-01-01T19:50:01.000Z,false,false,false,false,false,false,10,14,11:43,11:38,right,APPROVED,10,14,true,10.39,46.64,true,true
2022,REG,17,2023010108,2257,4900,TB,59087,2257.0,(10:57) C.Erving reported in as eligible.  S.Darnold pass deep middle intended for S.Sullivan INTERCEPTED by S.Murphy-Bunting at TB 2. S.Murphy-Bunting to TB 2 for no gain (S.Sullivan).,2,play_type_pass,3,1,10,0750,10:57,TB 41,41,TB,69,2023-01-01T19:50:49.000Z,false,false,false,false,false,true,10,14,10:57,10:51,right,APPROVED,10,14,true,10.0,78.9,true,true
2022,REG,17,2023010108,2716,0750,CAR,59087,2716.0,(2:18) C.Mays and C.Erving reported in as eligible.  S.Darnold pass deep right to D.Moore to TB 31 for 47 yards (J.Dean) [V.Vea].,2,play_type_pass,3,1,10,0750,02:18,CAR 22,22,CAR,32,2023-01-01T20:08:45.000Z,false,false,false,false,false,false,10,14,2:19,2:11,right,APPROVED,10,14,true,10.0,41.62,true,true
2022,REG,17,2023010108,2900,0750,CAR,59087,2900.0,"(14:56) (Shotgun) S.Darnold pass deep middle to S.Smith for 19 yards, TOUCHDOWN.",2,play_type_pass,4,3,7,0750,14:56,TB 19,19,TB,29,2023-01-01T20:16:36.000Z,false,false,true,false,false,false,10,20,14:56,14:52,left,APPROVED,10,14,true,7.56,22.33,true,true
2022,REG,17,2023010108,3037,4900,TB,59087,3037.0,"(13:58) (No Huddle, Shotgun) T.Brady pass deep right to M.Evans for 57 yards, TOUCHDOWN.",2,play_type_pass,4,3,6,4900,13:58,TB 43,43,TB,53,2023-01-01T20:22:21.000Z,false,false,true,false,false,false,16,21,14:00,13:51,right,APPROVED,10,21,true,6.55,58.81,true,true
2022,REG,17,2023010108,3062,4900,TB,59087,3062.0,(Pass formation) TWO-POINT CONVERSION ATTEMPT. T.Brady pass to C.Godwin is incomplete. ATTEMPT FAILS.,26,play_type_two_point_conversion,4,0,0,4900,13:49,CAR 2,2,CAR,108,2023-01-01T20:23:14.000Z,false,false,false,false,false,false,16,21,13:49,13:49,right,APPROVED,16,21,false,,,true,true
2022,REG,17,2023010108,3390,4900,TB,59087,3390.0,"(7:55) (No Huddle, Shotgun) T.Brady pass short middle to R.Gage to CAR 42 for 21 yards (M.Haynes; J.Chinn).",2,play_type_pass,4,2,12,4900,07:55,TB 37,37,TB,47,2023-01-01T20:37:30.000Z,false,false,false,false,false,false,16,21,7:56,7:51,right,APPROVED,16,21,true,12.21,58.76,true,true
2022,REG,17,2023010108,3443,4900,TB,59087,3443.0,"(6:53) (No Huddle, Shotgun) T.Brady pass deep right to M.Evans for 30 yards, TOUCHDOWN.",2,play_type_pass,4,1,10,4900,06:53,CAR 30,30,CAR,80,2023-01-01T20:38:32.000Z,false,false,true,false,false,false,22,21,6:53,6:48,right,APPROVED,16,21,true,10.0,89.73,true,true
2022,REG,17,2023010108,3695,0750,CAR,59087,3695.0,(2:48) (Shotgun) T.Brady sacked at TB 40 for -7 yards (F.Luvu).,2,play_type_sack,4,3,3,4900,02:48,TB 47,47,TB,57,2023-01-01T20:48:10.000Z,false,false,false,false,false,false,24,21,2:49,2:46,right,APPROVED,24,21,false,3.26,59.31,true,true
2022,REG,17,2023010108,3778,4900,TB,59087,3778.0,"(2:32) (Shotgun) S.Darnold sacked at CAR 3 for -10 yards (A.Nelson). FUMBLES (A.Nelson) [A.Nelson], RECOVERED by TB-V.Vea at CAR 6.",2,play_type_sack,4,1,10,0750,02:32,CAR 13,13,CAR,97,2023-01-01T20:50:47.000Z,false,false,false,false,false,true,24,21,2:32,2:27,left,APPROVED,24,21,false,10.0,87.16,true,false
2022,REG,17,2023010109,321,1050,CLE,59088,321.0,(10:54) (Shotgun) C.Wentz pass short left intended for T.McLaurin INTERCEPTED by D.Ward at WAS 36. D.Ward to WAS 36 for no gain (T.McLaurin).,2,play_type_pass,1,3,6,5110,10:54,WAS 24,24,WAS,86,2023-01-01T18:13:18.000Z,false,false,false,false,false,true,0,0,10:54,10:49,left,APPROVED,0,0,true,6.45,80.28,true,true
2022,REG,17,2023010109,705,1050,CLE,59088,705.0,(3:14) N.Chubb right end to WAS 9 for 35 yards (D.Johnson; B.McCain).,2,play_type_rush,1,1,10,1050,03:14,WAS 44,44,WAS,66,2023-01-01T18:29:41.000Z,false,false,false,false,false,false,0,3,3:15,,right,APPROVED,0,3,true,10.0,76.12,true,true
2022,REG,17,2023010109,2109,1050,CLE,59088,2109.0,(7:45) (Shotgun) C.Wentz sacked at WAS 42 for -8 yards (M.Garrett).,2,play_type_sack,3,3,8,5110,07:45,50,50,,60,2023-01-01T19:47:52.000Z,false,false,false,false,false,false,7,10,7:46,7:43,left,APPROVED,7,10,false,8.14,52.27,true,true
2022,REG,17,2023010109,2290,1050,CLE,59088,2290.0,(3:55) (Shotgun) D.Watson pass deep left to A.Cooper pushed ob at WAS 26 for 26 yards (D.Forrest).,2,play_type_pass,3,3,9,1050,03:55,CLE 48,48,CLE,58,2023-01-01T19:56:20.000Z,false,false,false,false,false,false,7,10,3:55,3:49,right,APPROVED,7,10,true,9.7,67.04,true,true
2022,REG,17,2023010109,2378,1050,CLE,59088,2378.0,(2:07) (Shotgun) D.Watson pass deep left to D.Njoku to WAS 14 for 21 yards (K.Fuller).,2,play_type_pass,3,2,19,1050,02:07,WAS 35,35,WAS,75,2023-01-01T19:58:47.000Z,false,false,false,false,false,false,7,10,2:07,2:02,right,APPROVED,7,10,true,19.28,93.92,true,true
2022,REG,17,2023010109,2457,1050,CLE,59088,2457.0,"(:43) (Shotgun) D.Watson pass short middle to D.Peoples-Jones for 13 yards, TOUCHDOWN.",2,play_type_pass,3,3,9,1050,00:43,WAS 13,13,WAS,97,2023-01-01T20:00:50.000Z,false,false,true,false,false,false,7,16,:43,:38,right,APPROVED,7,10,true,9.08,106.06,true,true
2022,REG,17,2023010109,2973,1050,CLE,59088,2973.0,"(5:29) (Shotgun) D.Watson pass deep right to A.Cooper for 33 yards, TOUCHDOWN [M.Sweat].",2,play_type_pass,4,1,10,1050,05:29,WAS 33,33,WAS,43,2023-01-01T20:23:07.000Z,false,false,true,false,false,false,10,23,5:30,5:22,left,APPROVED,10,17,true,10.0,33.08,true,true
2022,REG,17,2023010109,3198,1050,CLE,59088,3198.0,"(3:18) (No Huddle, Shotgun) C.Wentz pass deep right intended for J.Dotson INTERCEPTED by G.Delpit at CLV -8. Touchback. The Replay Official reviewed the interception ruling, and the play was Upheld. The ruling on the field stands.",2,play_type_pass,4,1,10,5110,03:18,CLE 40,40,CLE,70,2023-01-01T20:31:33.000Z,false,false,false,false,false,true,10,24,3:20,3:13,right,APPROVED,10,24,true,10.0,79.93,true,true
2022,REG,17,2023010110,183,2520,LV,59089,183.0,"(11:45) T.Munford reported in as eligible.  J.Stidham pass deep right to D.Waller for 24 yards, TOUCHDOWN.",2,play_type_pass,1,3,2,2520,11:45,SF 24,24,SF,86,2023-01-01T21:09:45.000Z,false,false,true,false,false,false,6,0,11:46,11:41,right,APPROVED,0,0,true,2.1,87.7,true,true
2022,REG,17,2023010110,355,4500,SF,59089,355.0,(8:39) (Shotgun) C.McCaffrey right guard to LV 1 for 37 yards (I.Pola-Mao).,2,play_type_rush,1,3,3,4500,08:39,LV 38,38,LV,48,2023-01-01T21:18:12.000Z,false,false,false,false,false,false,7,0,8:40,8:34,left,APPROVED,7,0,true,2.87,45.35,true,true
2022,REG,17,2023010110,397,4500,SF,59089,397.0,"(7:09) B.Purdy pass short middle to B.Aiyuk for 2 yards, TOUCHDOWN.",2,play_type_pass,1,2,2,4500,07:09,LV 2,2,LV,12,2023-01-01T21:19:42.000Z,false,false,true,true,false,false,7,6,7:10,7:07,left,APPROVED,7,0,true,2.48,10.0,true,true
2022,REG,17,2023010110,1084,4500,SF,59089,1084.0,"(9:45) (Shotgun) B.Purdy pass short left to G.Kittle for 2 yards, TOUCHDOWN.",2,play_type_pass,2,3,2,4500,09:45,LV 2,2,LV,108,2023-01-01T21:51:32.000Z,false,false,true,true,false,false,10,13,9:46,9:40,right,APPROVED,10,7,true,2.79,110.0,true,true
2022,REG,17,2023010110,1677,2520,LV,59089,1677.0,"(:15) (Shotgun) J.Stidham pass short left to D.Adams for 4 yards, TOUCHDOWN.",2,play_type_pass,2,1,4,2520,00:15,SF 4,4,SF,14,2023-01-01T22:21:28.000Z,false,false,true,true,false,false,16,14,:15,:11,left,APPROVED,10,14,true,4.449999999999999,10.0,true,true
2022,REG,17,2023010110,2004,2520,LV,59089,2004.0,"(10:34) (Shotgun) J.Stidham pass deep left to D.Adams for 60 yards, TOUCHDOWN [T.Hufanga]. Penalty on SF-C.Ward, Illegal Contact, declined.",2,play_type_pass,3,3,4,2520,10:34,LV 40,40,LV,70,2023-01-01T22:48:48.000Z,false,false,true,false,false,false,23,14,10:35,10:23,left,APPROVED,17,14,true,4.64,65.82,true,true
2022,REG,17,2023010110,2257,4500,SF,59089,2257.0,"(5:28) C.McCaffrey right end for 14 yards, TOUCHDOWN.",2,play_type_rush,3,1,10,4500,05:28,LV 14,14,LV,96,2023-01-01T23:00:16.000Z,false,false,true,false,false,false,24,20,5:29,5:24,right,APPROVED,24,14,true,10.0,106.04,true,true
2022,REG,17,2023010110,2453,4500,SF,59089,2453.0,(2:54) (Shotgun) B.Purdy pass deep left to J.Jennings to 50 for 28 yards (N.Hobbs). LV-N.Hobbs was injured during the play. His return is Questionable.,2,play_type_pass,3,1,15,4500,02:54,SF 22,22,SF,32,2023-01-01T23:13:29.000Z,false,false,false,false,false,false,24,21,2:55,2:47,right,APPROVED,24,21,true,15.0,46.32,true,true
2022,REG,17,2023010110,2634,4500,SF,59089,2634.0,(14:53) (Shotgun) J.Stidham pass short middle intended for D.Adams INTERCEPTED by D.Jackson (K.Hyder) at LV 42. D.Jackson to LV 42 for no gain (J.Stidham).,2,play_type_pass,4,2,10,2520,14:53,SF 46,46,SF,64,2023-01-01T23:24:17.000Z,false,false,false,false,false,true,24,21,14:53,14:47,right,APPROVED,24,21,true,10.35,73.63,true,true
2022,REG,17,2023010110,2956,4500,SF,59089,2956.0,(9:42) B.Purdy pass short left to R.McCloud pushed ob at LV 23 for 42 yards (D.Harmon).,2,play_type_pass,4,1,10,4500,09:42,SF 35,35,SF,75,2023-01-01T23:40:30.000Z,false,false,false,false,false,false,24,24,9:42,9:34,left,APPROVED,24,24,true,10.0,65.27,true,true
2022,REG,17,2023010110,3407,4500,SF,59089,3407.0,(3:15) (Shotgun) B.Purdy pass short left to C.McCaffrey to LV 14 for 38 yards (R.Teamer; T.Hall).,2,play_type_pass,4,2,10,4500,03:15,SF 48,48,SF,62,2023-01-01T23:58:14.000Z,false,false,false,false,false,false,27,27,,3:05,left,APPROVED,27,27,true,11.05,51.61,true,true
2022,REG,17,2023010110,3431,4500,SF,59089,3431.0,"(2:23) J.Mason left end for 14 yards, TOUCHDOWN.",2,play_type_rush,4,1,10,4500,02:23,LV 14,14,LV,24,2023-01-01T23:59:06.000Z,false,false,true,false,false,false,27,33,2:24,2:18,left,APPROVED,27,27,true,10.0,14.22,true,true
2022,REG,17,2023010111,62,4600,SEA,59090,62.0,(14:54) K.Walker right guard to NYJ 13 for 60 yards (L.Joyner).,2,play_type_rush,1,1,10,4600,14:54,SEA 27,27,SEA,37,2023-01-01T21:06:30.000Z,false,false,false,false,false,false,0,0,14:54,14:45,right,APPROVED,0,0,true,10.0,46.63,true,true
2022,REG,17,2023010111,104,4600,SEA,59090,104.0,"(13:32) (No Huddle, Shotgun) G.Smith pass short right to C.Parkinson for 12 yards, TOUCHDOWN.",2,play_type_pass,1,2,9,4600,13:32,NYJ 12,12,NYJ,98,2023-01-01T21:07:52.000Z,false,false,true,false,false,false,6,0,13:34,13:27,right,APPROVED,0,0,true,9.94,106.96,true,true
2022,REG,17,2023010111,280,4600,SEA,59090,280.0,(11:23) (Shotgun) M.White pass deep left intended for D.Mims INTERCEPTED by Q.Diggs at SEA 10. Q.Diggs ran ob at SEA 37 for 27 yards (Mi.Carter).,2,play_type_pass,1,3,7,3430,11:23,SEA 33,33,SEA,43,2023-01-01T21:15:44.000Z,false,false,false,false,false,true,7,0,11:23,11:14,left,APPROVED,7,0,true,7.87,35.89,true,true
2022,REG,17,2023010111,365,4600,SEA,59090,365.0,(9:58) G.Smith pass deep right to N.Fant pushed ob at NYJ 17 for 29 yards (L.Joyner).,2,play_type_pass,1,2,4,4600,09:58,NYJ 46,46,NYJ,64,2023-01-01T21:20:17.000Z,false,false,false,false,false,false,7,0,9:58,9:52,right,APPROVED,7,0,true,5.0,67.8,true,true
2022,REG,17,2023010111,957,4600,SEA,59090,957.0,"(14:19) G.Smith pass short right to T.Mabry for 7 yards, TOUCHDOWN.",2,play_type_pass,2,2,7,4600,14:19,NYJ 7,7,NYJ,17,2023-01-01T21:47:24.000Z,false,false,true,true,false,false,16,3,14:20,14:17,left,APPROVED,10,3,true,7.54,10.0,true,true
2022,REG,17,2023010111,1366,3430,NYJ,59090,1366.0,(6:52) (Shotgun) G.Smith sacked at SEA 14 for -12 yards (J.Franklin-Myers).,2,play_type_sack,2,3,9,4600,06:52,SEA 26,26,SEA,84,2023-01-01T22:04:18.000Z,false,false,false,false,false,false,17,6,6:53,6:48,left,APPROVED,17,6,false,9.63,75.25,true,true
2022,REG,17,2023010111,2146,3430,NYJ,59090,2146.0,(14:09) (Shotgun) M.White pass short middle to T.Conklin to SEA 42 for 30 yards (Q.Diggs).,2,play_type_pass,3,3,10,3430,14:09,NYJ 28,28,NYJ,38,2023-01-01T22:50:17.000Z,false,false,false,false,false,false,17,6,14:09,14:02,right,APPROVED,17,6,true,10.45,47.79,true,true
2022,REG,17,2023010111,3366,4600,SEA,59090,3366.0,"(9:32) (Shotgun) M.White pass deep right intended for G.Wilson INTERCEPTED by M.Jackson at NYJ 47. M.Jackson to NYJ 24 for 23 yards (C.Davis). FUMBLES (C.Davis), recovered by SEA-T.Woolen at NYJ 25. T.Woolen to NYJ 24 for 1 yard (C.McGovern).",2,play_type_pass,4,1,10,3430,09:32,NYJ 29,29,NYJ,81,2023-01-01T23:43:50.000Z,false,false,false,false,false,true,20,6,9:32,9:20,left,APPROVED,20,6,true,10.0,70.9,true,true
2022,REG,17,2023010111,3678,4600,SEA,59090,3678.0,"(4:47) (No Huddle, Shotgun) M.White sacked at NYJ 36 for -8 yards (Q.Jefferson).",2,play_type_sack,4,3,6,3430,04:47,NYJ 44,44,NYJ,66,2023-01-01T23:53:15.000Z,false,false,false,false,false,false,23,6,4:48,4:43,left,APPROVED,23,6,false,6.33,60.28,true,true
2022,REG,17,2023010111,3887,4600,SEA,59090,3887.0,(2:00) (Shotgun) G.Smith pass short right to G.Igwebuike to NYJ 18 for 3 yards (Qu.Williams) [Q.Williams].,2,play_type_pass,4,4,6,4600,02:00,NYJ 21,21,NYJ,89,2023-01-02T00:03:28.000Z,false,false,false,false,false,true,23,6,2:00,1:57,right,APPROVED,23,6,true,6.03,94.66,true,true
2022,REG,17,2023010112,218,1800,GB,59091,218.0,"(11:59) P.O'Donnell punt is BLOCKED by J.Metellus, Center-J.Coco, recovered by GB-D.Leavitt at GB 4. D.Leavitt to GB 1 for -3 yards (P.Jones).",2,play_type_punt,1,4,3,1800,11:59,GB 28,28,GB,38,2023-01-01T21:31:11.000Z,true,false,false,false,false,true,0,0,11:59,11:52,right,APPROVED,0,0,false,4.13,40.82,true,true
2022,REG,17,2023010112,340,1800,GB,59091,340.0,"G.Joseph kicks 70 yards from MIN 35 to GB -5. K.Nixon for 105 yards, TOUCHDOWN.",32,play_type_kickoff,1,0,0,3000,10:38,MIN 35,35,MIN,75,2023-01-01T21:38:31.000Z,true,false,true,false,false,true,6,3,10:38,10:28,left,APPROVED,0,3,true,,,true,true
2022,REG,17,2023010112,578,3000,MIN,59091,578.0,(6:37) A.Rodgers sacked at GB 45 for -16 yards (D.Tomlinson).,2,play_type_sack,1,4,1,1800,06:37,MIN 39,39,MIN,71,2023-01-01T21:52:16.000Z,false,false,false,false,false,true,7,3,6:37,6:33,right,APPROVED,7,3,true,1.99,72.22,true,true
2022,REG,17,2023010112,689,1800,GB,59091,689.0,"(5:33) (Shotgun) K.Cousins pass short middle intended for T.Hockenson INTERCEPTED by D.Savage (R.Douglas) at GB 25. D.Savage for 75 yards, TOUCHDOWN.",2,play_type_pass,1,4,2,3000,05:33,GB 37,37,GB,47,2023-01-01T21:55:50.000Z,false,false,true,false,false,true,13,3,5:34,5:18,left,APPROVED,7,3,true,2.94,45.25,true,true
2022,REG,17,2023010112,1584,1800,GB,59091,1584.0,(4:30) A.Jones left end pushed ob at MIN 20 for 31 yards (C.Bynum).,2,play_type_rush,2,3,1,1800,04:30,GB 49,49,GB,61,2023-01-01T22:37:00.000Z,false,false,false,false,false,false,17,3,4:32,4:25,left,APPROVED,17,3,true,0.89,60.16,true,true
2022,REG,17,2023010112,1666,1800,GB,59091,1666.0,"(2:48) (Shotgun) A.Rodgers pass deep right to R.Tonyan for 21 yards, TOUCHDOWN.",2,play_type_pass,2,2,11,1800,02:48,MIN 21,21,MIN,31,2023-01-01T22:39:18.000Z,false,false,true,false,false,false,23,3,2:49,2:43,left,APPROVED,17,3,true,11.37,20.35,true,true
2022,REG,17,2023010112,2886,1800,GB,59091,2886.0,(14:54) (Shotgun) K.Cousins pass deep middle intended for A.Thielen INTERCEPTED by R.Ford at GB 36. R.Ford pushed ob at MIN 45 for 19 yards (J.Jefferson).,2,play_type_pass,4,1,10,3000,14:54,MIN 25,25,MIN,85,2023-01-01T23:45:55.000Z,false,false,false,false,false,true,34,3,14:54,14:42,left,APPROVED,34,3,true,10.0,75.45,true,true
2022,REG,17,2023010112,3215,3000,MIN,59091,3215.0,"(7:44) (No Huddle, Shotgun) K.Cousins pass deep left to J.Nailor for 47 yards, TOUCHDOWN. Penalty on GB-J.Hollins, Defensive Offside, declined.",2,play_type_pass,4,1,10,3000,07:44,GB 47,47,GB,57,2023-01-01T23:59:35.000Z,false,false,true,false,false,false,41,9,7:45,7:36,left,APPROVED,41,3,true,10.0,47.7,true,true
2022,REG,17,2023010112,3515,3000,MIN,59091,3515.0,(2:00) (Shotgun) N.Mullens pass deep right to J.Nailor to GB 35 for 37 yards (R.Ford; E.Wilson).,2,play_type_pass,4,4,3,3000,02:00,MIN 28,28,MIN,82,2023-01-02T00:14:25.000Z,false,false,false,false,false,false,41,10,2:00,1:52,left,APPROVED,41,10,true,2.94,79.42,true,true
2022,REG,17,2023010112,3612,3000,MIN,59091,3612.0,"(:25) (Shotgun) N.Mullens pass short middle to K.Osborn for 9 yards, TOUCHDOWN.",2,play_type_pass,4,1,9,3000,00:25,GB 9,9,GB,19,2023-01-02T00:16:39.254Z,false,false,true,true,false,false,41,16,:25,:22,left,APPROVED,41,10,true,9.780000000000001,10.0,true,true
2022,REG,17,2023010113,140,4400,LAC,59092,140.0,"(13:00) (No Huddle, Shotgun) B.Mayfield sacked at LA 40 for -7 yards (M.Fox).",2,play_type_sack,1,3,4,2510,13:00,LA 47,47,LA,63,2023-01-01T21:28:41.000Z,false,false,false,false,false,false,0,0,13:01,12:55,left,APPROVED,0,0,false,4.4,59.14,true,true
2022,REG,17,2023010113,465,2510,LA,59092,465.0,(5:44) C.Akers left end to LAC 22 for 42 yards (K.Murray).,2,play_type_rush,1,1,10,2510,05:44,LA 36,36,LA,74,2023-01-01T21:42:33.000Z,false,false,false,false,false,false,0,0,5:45,5:34,left,APPROVED,0,0,true,10.0,64.21,true,true
2022,REG,17,2023010113,762,4400,LAC,59092,762.0,"(13:47) (Shotgun) A.Ekeler left guard for 10 yards, TOUCHDOWN.",2,play_type_rush,2,1,10,4400,13:47,LA 10,10,LA,20,2023-01-01T21:56:26.000Z,false,false,true,true,false,false,6,3,13:48,13:44,left,APPROVED,0,3,true,10.219999999999999,10.0,true,true
2022,REG,17,2023010113,1045,4400,LAC,59092,1045.0,"(8:37) A.Ekeler right guard for 72 yards, TOUCHDOWN.",2,play_type_rush,2,2,5,4400,08:37,LAC 28,28,LAC,82,2023-01-01T22:10:45.000Z,false,false,true,false,false,false,13,3,8:38,8:26,left,APPROVED,7,3,true,5.39,77.4,true,true
2022,REG,17,2023010113,1248,2510,LA,59092,1202.25,(5:46) (Shotgun) B.Mayfield pass deep right to V.Jefferson to LAC 30 for 22 yards (N.Adderley).,2,play_type_pass,2,3,3,2510,05:46,LA 48,48,LA,58,2023-01-01T22:19:36.000Z,false,false,false,false,false,false,14,3,5:46,5:42,right,APPROVED,14,3,true,3.01,60.6,true,true
2022,REG,17,2023010113,1260,2510,LA,59092,1260.0,"(4:14) M.Brown up the middle for 23 yards, TOUCHDOWN.",2,play_type_rush,2,3,3,2510,04:14,LAC 23,23,LAC,87,2023-01-01T22:21:49.000Z,false,false,true,false,false,false,14,9,4:14,4:10,right,AUDITED,14,3,true,10.51,96.95,true,true
2022,REG,17,2023010113,2042,4400,LAC,59092,2042.0,"(8:50) (Shotgun) J.Herbert pass short middle to G.Everett for 6 yards, TOUCHDOWN.",2,play_type_pass,3,3,3,4400,08:50,LA 6,6,LA,16,2023-01-01T23:02:13.000Z,false,false,true,false,false,false,23,10,8:51,8:47,left,APPROVED,17,10,true,3.55,12.88,true,true
2022,REG,17,2023010113,2206,4400,LAC,59092,2206.0,"(6:15) (No Huddle, Shotgun) B.Mayfield sacked at LAC 41 for -6 yards (K.Van Noy). FUMBLES (K.Van Noy), RECOVERED by LAC-K.Van Noy at LAC 39.",2,play_type_sack,3,3,4,2510,06:15,LAC 35,35,LAC,75,2023-01-01T23:12:03.000Z,false,false,false,false,false,true,24,10,6:15,6:10,right,APPROVED,24,10,false,4.17,78.66,true,true
2022,REG,17,2023010113,2517,4400,LAC,59092,2517.0,(:52) (Shotgun) J.Herbert pass deep left to K.Allen to LA 40 for 28 yards (D.Durant).,2,play_type_pass,3,2,8,4400,00:52,LAC 32,32,LAC,78,2023-01-01T23:27:44.000Z,false,false,false,false,false,false,24,10,:53,:48,left,APPROVED,24,10,true,8.78,69.94,true,true
2022,REG,17,2023010113,2698,4400,LAC,59092,2698.0,"(12:16) (Shotgun) J.Herbert pass short middle to D.Parham for 3 yards, TOUCHDOWN.",2,play_type_pass,4,3,3,4400,12:16,LA 3,3,LA,107,2023-01-01T23:34:52.000Z,false,false,true,true,false,false,30,10,12:16,12:14,right,APPROVED,24,10,true,3.77,110.0,true,true
2022,REG,17,2023010200,182,0920,CIN,59093,182.0,"(12:39) (Shotgun) J.Burrow pass short middle to T.Boyd for 14 yards, TOUCHDOWN.",2,play_type_pass,1,1,10,0920,12:39,BUF 14,14,BUF,96,2023-01-03T01:37:12.000Z,false,false,true,false,false,false,6,0,12:40,12:35,right,APPROVED,0,0,true,10.0,105.8,true,true
2022,REG,18,2023010700,77,2310,KC,59107,77.0,(14:22) P.Mahomes pass deep left to Ju.Watson pushed ob at LV 3 for 67 yards (A.Robertson).,2,play_type_pass,1,2,5,2310,14:22,KC 30,30,KC,40,2023-01-07T21:31:46.000Z,false,false,false,false,false,false,0,0,14:23,14:13,right,APPROVED,0,0,true,5.84,44.89,true,true
2022,REG,18,2023010700,170,2310,KC,59107,170.0,"(12:58) (Shotgun) P.Mahomes pass short left to J.McKinnon for 2 yards, TOUCHDOWN.",2,play_type_pass,1,3,2,2310,12:58,LV 2,2,LV,108,2023-01-07T21:34:25.000Z,false,false,true,true,false,false,0,6,12:58,12:53,right,APPROVED,0,0,true,3.13,110.0,true,true
2022,REG,18,2023010700,406,2310,KC,59107,406.0,(8:03) (Shotgun) J.Stidham sacked at KC 35 for -7 yards (C.Jones).,2,play_type_sack,1,3,6,2520,08:03,KC 28,28,KC,38,2023-01-07T21:44:44.000Z,false,false,false,false,false,false,0,7,8:03,8:00,left,APPROVED,0,7,false,5.91,32.74,true,true
2022,REG,18,2023010700,720,2310,KC,59107,720.0,(1:12) (Shotgun) J.Stidham pass deep right intended for M.Hollins INTERCEPTED by J.Thornhill at LV 44. J.Thornhill ran ob at LV 44 for no gain.,2,play_type_pass,1,2,18,2520,01:12,LV 10,10,LV,100,2023-01-07T21:59:24.000Z,false,false,false,false,false,true,3,7,1:12,1:05,left,APPROVED,3,7,true,18.28,82.08,true,true
2022,REG,18,2023010700,908,2520,LV,59107,908.0,(14:02) (Shotgun) J.Stidham pass short middle to D.Waller to LV 47 for 24 yards (D.Harris; J.Thornhill).,2,play_type_pass,2,2,11,2520,14:02,LV 23,23,LV,33,2023-01-07T22:10:36.000Z,false,false,false,false,false,false,3,14,14:02,13:56,right,APPROVED,3,14,true,11.38,43.93,true,true
2022,REG,18,2023010700,1554,2310,KC,59107,1554.0,"(:53) K.Toney left end for 11 yards, TOUCHDOWN.",2,play_type_rush,2,2,5,2310,00:53,LV 11,11,LV,21,2023-01-07T22:37:13.000Z,false,false,true,false,false,false,3,20,:53,:49,left,APPROVED,3,14,true,5.74,15.66,true,true
2022,REG,18,2023010700,1754,2310,KC,59107,1754.0,"(:17) (Shotgun) J.Stidham sacked at LV 30 for -8 yards (M.Danna). FUMBLES (M.Danna) [M.Danna], RECOVERED by KC-G.Karlaftis at LV 30. G.Karlaftis to LV 30 for no gain (A.Bars). Penalty on LV, Illegal Shift, declined.",2,play_type_sack,2,3,27,2520,00:17,LV 38,38,LV,48,2023-01-07T22:46:56.000Z,false,false,false,false,false,true,3,21,:17,:11,right,APPROVED,3,21,false,27.46,74.95,true,true
2022,REG,18,2023010700,2275,2520,LV,59107,2275.0,(6:14) (Shotgun) P.Mahomes sacked at KC 18 for -10 yards (M.Crosby).,2,play_type_sack,3,3,7,2310,06:14,KC 28,28,KC,38,2023-01-07T23:18:38.000Z,false,false,false,false,false,false,6,24,6:14,6:11,right,APPROVED,6,24,false,7.1,44.69,true,true
2022,REG,18,2023010700,2796,2310,KC,59107,2796.0,(12:32) I.Pacheco right guard pushed ob at LV 2 for 31 yards (D.Harmon).,2,play_type_rush,4,1,10,2310,12:32,LV 33,33,LV,43,2023-01-07T23:42:58.000Z,false,false,false,false,false,false,6,24,12:32,12:25,left,APPROVED,6,24,true,10.0,32.95,true,true
2022,REG,18,2023010700,3165,2520,LV,59107,3165.0,"(6:43) (Shotgun) J.Stidham pass short left to H.Renfrow for 11 yards, TOUCHDOWN [C.Jones].",2,play_type_pass,4,3,10,2520,06:43,KC 11,11,KC,99,2023-01-07T23:56:04.000Z,false,false,true,false,false,false,12,31,6:43,6:39,right,APPROVED,6,31,true,10.42,109.47,true,true
2022,REG,18,2023010700,3273,2520,LV,59107,3273.0,(6:24) (Shotgun) P.Mahomes sacked at LV 49 for -11 yards (C.Ferrell).,2,play_type_sack,4,3,5,2310,06:24,LV 38,38,LV,48,2023-01-08T00:04:35.000Z,false,false,false,false,false,false,13,31,6:24,6:20,left,APPROVED,13,31,false,5.57,42.91,true,true
2022,REG,18,2023010700,3526,2310,KC,59107,3526.0,(4:31) (Shotgun) J.Stidham sacked at LV 34 for -9 yards (C.Jones).,2,play_type_sack,4,4,21,2520,04:31,LV 43,43,LV,53,2023-01-08T00:12:19.000Z,false,false,false,false,false,true,13,31,4:31,4:25,right,APPROVED,13,31,true,21.34,73.19,true,true
2022,REG,18,2023010701,1270,2250,JAX,59100,1270.0,R.Bullock kicks 69 yards from TEN 35 to JAX -4. J.Agnew to 50 for 54 yards (J.Kalu).,32,play_type_kickoff,2,0,0,2100,05:32,TEN 35,35,TEN,75,2023-01-08T02:03:51.000Z,true,false,false,false,false,true,0,10,5:32,5:26,left,APPROVED,0,10,true,,,true,true
2022,REG,18,2023010701,1417,2250,JAX,59100,1417.0,"(2:43) T.Lawrence pass deep left to C.Kirk for 25 yards, TOUCHDOWN.",2,play_type_pass,2,1,10,2250,02:43,TEN 25,25,TEN,85,2023-01-08T02:08:13.000Z,false,false,true,false,false,false,6,10,2:43,2:37,right,APPROVED,0,10,true,10.0,94.54,true,true
2022,REG,18,2023010701,2476,2250,JAX,59100,2476.0,(5:15) (Shotgun) T.Lawrence pass deep right to C.Kirk pushed ob at JAX 47 for 33 yards (A.Hooker).,2,play_type_pass,3,2,10,2250,05:15,JAX 14,14,JAX,24,2023-01-08T03:07:09.000Z,false,false,false,false,false,false,10,16,5:16,5:10,right,APPROVED,10,16,true,10.03,33.9,true,true
2022,REG,18,2023010701,2718,2250,JAX,59100,2718.0,(:53) (Shotgun) J.Dobbs pass deep left intended for T.Burks INTERCEPTED by T.Campbell at JAX 46. T.Campbell to TEN 25 for 29 yards (C.Levin).,2,play_type_pass,3,3,17,2100,00:53,TEN 13,13,TEN,97,2023-01-08T03:17:07.000Z,false,false,false,false,false,true,10,16,:54,:42,left,APPROVED,10,16,true,17.37,80.69,true,true
2022,REG,18,2023010701,3405,2250,JAX,59100,3405.0,"(3:01) (Shotgun) J.Dobbs sacked at TEN 27 for -8 yards (R.Jenkins). FUMBLES (R.Jenkins) [R.Jenkins], RECOVERED by JAX-J.Allen at TEN 37. J.Allen for 37 yards, TOUCHDOWN.",2,play_type_sack,4,3,6,2100,03:01,TEN 35,35,TEN,45,2023-01-08T03:52:51.000Z,false,false,true,false,false,true,19,16,3:01,,right,APPROVED,13,16,false,6.04,50.46,true,true
2022,REG,18,2023010800,274,4900,TB,59094,274.0,"(9:51) (Shotgun) T.Brady pass short right to K.Rudolph for 8 yards, TOUCHDOWN.",2,play_type_pass,1,2,6,4900,09:51,ATL 8,8,ATL,18,2023-01-08T18:09:59.000Z,false,false,true,false,false,false,0,6,9:52,9:48,left,APPROVED,0,0,true,6.94,11.68,true,true
2022,REG,18,2023010800,547,0200,ATL,59094,547.0,"(6:44) (No Huddle, Shotgun) D.Ridder pass short right to D.London to ATL 40 for 26 yards (S.Murphy-Bunting).",2,play_type_pass,1,3,5,0200,06:44,ATL 14,14,ATL,24,2023-01-08T18:25:43.000Z,false,false,false,false,false,false,0,7,6:45,6:37,right,APPROVED,0,7,true,5.75,29.02,true,true
2022,REG,18,2023010800,688,0200,ATL,59094,688.0,"(3:31) (Shotgun) R.Neuzil reported in as eligible.  D.Ridder pass short right to M.Pruitt for 2 yards, TOUCHDOWN.",2,play_type_pass,1,3,2,0200,03:31,TB 2,2,TB,108,2023-01-08T18:30:04.000Z,false,false,true,true,false,false,6,7,3:32,3:25,right,APPROVED,0,7,true,2.59,110.0,true,true
2022,REG,18,2023010800,1477,4900,TB,59094,1477.0,"(4:08) (Shotgun) D.Ridder sacked at ATL 33 for -6 yards. FUMBLES, RECOVERED by TB-D.White at ATL 31. D.White to ATL 22 for 9 yards (T.Allgeier; K.McGary).",2,play_type_sack,2,2,7,0200,04:08,ATL 39,39,ATL,71,2023-01-08T19:10:21.000Z,false,false,false,false,false,true,10,10,4:09,4:03,left,APPROVED,10,10,false,7.5,63.92,true,true
2022,REG,18,2023010800,1649,4900,TB,59094,1649.0,"(1:50) (Shotgun) B.Gabbert pass short left to R.Gage for 3 yards, TOUCHDOWN.",2,play_type_pass,2,3,3,4900,01:50,ATL 3,3,ATL,107,2023-01-08T19:18:47.000Z,false,false,true,true,false,false,10,16,1:50,1:48,right,APPROVED,10,10,true,3.44,110.0,true,true
2022,REG,18,2023010800,2502,0200,ATL,59094,2502.0,"(:54) (Shotgun) D.Ridder pass short left to O.Zaccheaus for 3 yards, TOUCHDOWN.",2,play_type_pass,3,3,3,0200,00:54,TB 3,3,TB,13,2023-01-08T20:04:22.000Z,false,false,true,true,false,false,19,17,:55,:52,left,APPROVED,13,17,true,3.6,10.0,true,true
2022,REG,18,2023010800,2755,0200,ATL,59094,2755.0,(12:20) (Shotgun) D.Ridder pass deep right to D.London to TB 39 for 40 yards (Z.McCollum).,2,play_type_pass,4,3,6,0200,12:20,ATL 21,21,ATL,31,2023-01-08T20:18:43.000Z,false,false,false,false,false,false,20,17,12:21,12:14,right,APPROVED,20,17,true,6.14,36.65,true,true
2022,REG,18,2023010801,41,0610,BUF,59095,41.0,"N.Folk kicks 61 yards from NE 35 to BUF 4. N.Hines for 96 yards, TOUCHDOWN.",32,play_type_kickoff,1,0,0,3200,15:00,NE 35,35,NE,45,2023-01-08T18:02:59.000Z,true,false,true,false,false,true,6,0,15:00,14:47,right,APPROVED,0,0,true,,,true,true
2022,REG,18,2023010801,151,0610,BUF,59095,151.0,(13:56) (Shotgun) M.Jones sacked at NE 19 for -9 yards (G.Rousseau).,2,play_type_sack,1,3,8,3200,13:56,NE 28,28,NE,38,2023-01-08T18:07:57.000Z,false,false,false,false,false,false,7,0,13:57,13:51,right,APPROVED,7,0,false,8.34,46.0,true,true
2022,REG,18,2023010801,324,3200,NE,59095,324.0,(11:20) (Shotgun) J.Allen sacked at BUF 33 for -13 yards (D.Wise).,2,play_type_sack,1,3,7,0610,11:20,BUF 46,46,BUF,64,2023-01-08T18:14:38.000Z,false,false,false,false,false,false,7,0,,11:11,left,APPROVED,7,0,false,7.31,57.74,true,true
2022,REG,18,2023010801,577,3200,NE,59095,577.0,"(5:50) (Shotgun) M.Jones pass short left to J.Meyers for 2 yards, TOUCHDOWN. The Replay Official reviewed the pass completion ruling, and the play was Upheld. The ruling on the field stands.",2,play_type_pass,1,2,2,3200,05:50,BUF 2,2,BUF,108,2023-01-08T18:23:54.000Z,false,false,true,true,false,false,7,6,5:51,5:47,right,APPROVED,7,0,true,1.84,110.0,true,true
2022,REG,18,2023010801,1026,0610,BUF,59095,1026.0,"(14:23) (Shotgun) J.Allen pass short middle to D.Knox for 4 yards, TOUCHDOWN.",2,play_type_pass,2,2,4,0610,14:23,NE 4,4,NE,106,2023-01-08T18:45:33.000Z,false,false,true,true,false,false,13,7,14:24,14:17,right,APPROVED,7,7,true,4.51,110.0,true,true
2022,REG,18,2023010801,1556,3200,NE,59095,1556.0,"(3:51) (Shotgun) M.Jones pass short right to D.Parker for 2 yards, TOUCHDOWN.",2,play_type_pass,2,2,2,3200,03:51,BUF 2,2,BUF,12,2023-01-08T19:11:55.000Z,false,false,true,true,false,false,14,13,3:51,3:46,left,APPROVED,14,7,true,2.74,10.0,true,true
2022,REG,18,2023010801,1872,3200,NE,59095,1872.0,(:26) (Shotgun) J.Allen pass short middle intended for G.Davis INTERCEPTED by D.McCourty (C.Barmore) [M.Judon] at NE 3. D.McCourty to NE 33 for 30 yards (D.Knox).,2,play_type_pass,2,3,10,0610,00:26,NE 15,15,NE,95,2023-01-08T19:25:57.000Z,false,false,false,false,false,true,14,14,:26,:16,right,APPROVED,14,14,true,10.4,105.41,true,true
2022,REG,18,2023010801,2373,0610,BUF,59095,2373.0,"N.Folk kicks 66 yards from NE 35 to BUF -1. N.Hines for 101 yards, TOUCHDOWN.",32,play_type_kickoff,3,0,0,3200,07:06,NE 35,35,NE,45,2023-01-08T20:01:03.000Z,true,false,true,false,false,true,20,17,7:06,6:55,right,APPROVED,14,17,true,,,true,true
2022,REG,18,2023010801,2662,0610,BUF,59095,2662.0,(2:35) (Shotgun) J.Allen pass short middle to K.Shakir to NE 42 for 28 yards (M.Bryant; D.McCourty).,2,play_type_pass,3,2,11,0610,02:35,BUF 30,30,BUF,80,2023-01-08T20:16:48.000Z,false,false,false,false,false,false,21,17,2:37,2:29,left,APPROVED,21,17,true,11.74,69.5,true,true
2022,REG,18,2023010801,2715,0610,BUF,59095,2715.0,"(1:43) (Shotgun) J.Allen pass deep right to J.Brown for 42 yards, TOUCHDOWN.",2,play_type_pass,3,2,10,0610,01:43,NE 42,42,NE,52,2023-01-08T20:18:17.000Z,false,false,true,false,false,false,27,17,1:43,1:36,left,APPROVED,21,17,true,10.38,42.47,true,true
2022,REG,18,2023010801,3062,3200,NE,59095,3062.0,"(11:43) (Shotgun) M.Jones pass deep left to D.Parker for 26 yards, TOUCHDOWN.",2,play_type_pass,4,1,10,3200,11:43,BUF 26,26,BUF,36,2023-01-08T20:33:35.000Z,false,false,true,false,false,false,28,23,11:44,11:39,left,APPROVED,28,17,true,10.0,26.27,true,true
2022,REG,18,2023010801,3087,3200,NE,59095,3087.0,TWO-POINT CONVERSION ATTEMPT. M.Jones pass to R.Stevenson is incomplete. ATTEMPT FAILS.,26,play_type_two_point_conversion,4,0,0,3200,11:37,BUF 2,2,BUF,12,2023-01-08T20:34:43.000Z,false,false,false,false,false,false,28,23,11:37,11:37,left,APPROVED,28,23,false,,,true,true
2022,REG,18,2023010801,3220,0610,BUF,59095,3220.0,"(8:59) (Shotgun) J.Allen pass deep left to S.Diggs for 49 yards, TOUCHDOWN.",2,play_type_pass,4,3,10,0610,08:59,NE 49,49,NE,61,2023-01-08T20:42:20.000Z,false,false,true,false,false,false,34,23,8:59,8:52,right,APPROVED,28,23,true,10.52,71.11,true,true
2022,REG,18,2023010801,3346,0610,BUF,59095,3346.0,"(8:34) M.Palardy punts 40 yards to BUF 35, Center-T.Addington. T.Jones MUFFS catch, RECOVERED by NE-J.Bentley at BUF 35. Penalty on BUF, Illegal Block Above the Waist, declined.",2,play_type_punt,4,4,10,3200,08:34,NE 25,25,NE,85,2023-01-08T20:47:51.000Z,true,false,false,false,false,false,35,23,8:34,8:24,left,APPROVED,35,23,false,10.66,75.34,true,true
2022,REG,18,2023010801,3545,0610,BUF,59095,3545.0,(5:06) (Shotgun) M.Jones pass deep middle intended for H.Henry INTERCEPTED by M.Milano at BUF -2. M.Milano to BUF 39 for 41 yards (T.Thornton).,2,play_type_pass,4,3,19,3200,05:06,BUF 22,22,BUF,32,2023-01-08T20:54:35.000Z,false,false,false,false,false,true,35,23,5:07,4:54,left,APPROVED,35,23,true,19.67,12.9,true,true
2022,REG,18,2023010801,3783,0610,BUF,59095,3783.0,"(2:50) (No Huddle, Shotgun) M.Jones pass short middle intended for D.Harris INTERCEPTED by T.Edmunds [G.Rousseau] at NE 35. T.Edmunds to NE 31 for 4 yards (H.Henry).",2,play_type_pass,4,3,1,3200,02:50,NE 28,28,NE,82,2023-01-08T21:02:54.000Z,false,false,false,false,false,true,35,23,2:51,2:44,left,APPROVED,35,23,true,0.87,81.41,true,true
2022,REG,18,2023010802,211,3000,MIN,59096,211.0,(11:08) (Shotgun) K.Cousins pass deep left to K.Osborn pushed ob at CHI 4 for 66 yards (E.Hicks).,2,play_type_pass,1,3,7,3000,11:08,MIN 30,30,MIN,80,2023-01-08T18:08:16.000Z,false,false,false,false,false,false,0,0,11:08,10:58,left,APPROVED,0,0,true,7.4,73.24,true,true
2022,REG,18,2023010802,240,3000,MIN,59096,240.0,"(10:16) K.Cousins pass short middle to A.Thielen for 4 yards, TOUCHDOWN.",2,play_type_pass,1,1,4,3000,10:16,CHI 4,4,CHI,14,2023-01-08T18:09:12.000Z,false,false,true,true,false,false,0,6,10:17,10:13,left,APPROVED,0,0,true,4.57,10.0,true,true
2022,REG,18,2023010802,421,3000,MIN,59096,421.0,(8:12) (Shotgun) N.Peterman sacked at MIN 34 for -6 yards (P.Jones).,2,play_type_sack,1,3,6,0810,08:12,MIN 28,28,MIN,82,2023-01-08T18:16:40.000Z,false,false,false,false,false,false,0,6,8:13,8:09,right,APPROVED,0,6,false,6.28,87.56,true,true
2022,REG,18,2023010802,1298,3000,MIN,59096,1298.0,(8:32) (Shotgun) T.Boyle pass deep right intended for C.Claypool INTERCEPTED by P.Peterson [P.Jones] at MIN 37. P.Peterson pushed ob at CHI 35 for 28 yards (R.Reiff).,2,play_type_pass,2,3,7,0810,08:32,CHI 31,31,CHI,79,2023-01-08T18:53:24.000Z,false,false,false,false,false,true,0,13,8:33,8:22,left,APPROVED,0,13,true,7.53,72.13,true,true
2022,REG,18,2023010802,1578,0810,CHI,59096,1578.0,"(3:42) V.Jones right end for 42 yards, TOUCHDOWN.",2,play_type_rush,2,1,10,0810,03:42,MIN 42,42,MIN,52,2023-01-08T19:04:05.000Z,false,false,true,false,false,false,6,16,3:42,3:32,left,APPROVED,0,16,true,10.0,41.85,true,true
2022,REG,18,2023010802,2614,0810,CHI,59096,2614.0,"(4:16) N.Peterman pass short left to C.Kmet for 11 yards, TOUCHDOWN.",2,play_type_pass,3,2,6,0810,04:16,MIN 11,11,MIN,21,2023-01-08T20:00:20.000Z,false,false,true,false,false,false,12,23,4:17,4:09,left,APPROVED,6,23,true,6.7,14.99,true,true
2022,REG,18,2023010802,3196,0810,CHI,59096,3196.0,(9:31) N.Mullens pass deep right intended for J.Nailor INTERCEPTED by G.Stroman at CHI 37. G.Stroman to CHI 47 for 10 yards (K.Nwangwu).,2,play_type_pass,4,1,10,3000,09:31,MIN 41,41,MIN,69,2023-01-08T20:26:57.000Z,false,false,false,false,false,true,13,26,9:32,9:19,left,APPROVED,13,26,true,10.0,59.25,true,true
2022,REG,18,2023010803,581,0920,CIN,59097,581.0,(5:01) (Shotgun) A.Brown pass deep middle intended for I.Likely INTERCEPTED by J.Bates [B.Hill] at CIN 48. J.Bates to BLT 48 for 4 yards (I.Likely).,2,play_type_pass,1,1,10,0325,05:01,BAL 25,25,BAL,35,2023-01-08T18:24:31.000Z,false,false,false,false,false,true,3,0,5:01,4:51,right,APPROVED,3,0,true,10.0,44.68,true,true
2022,REG,18,2023010803,651,0920,CIN,59097,651.0,(4:41) (Shotgun) J.Burrow pass deep middle to T.Boyd to BLT 26 for 22 yards (M.Williams).,2,play_type_pass,1,3,10,0920,04:41,BAL 48,48,BAL,58,2023-01-08T18:26:54.000Z,false,false,false,false,false,false,3,0,4:41,4:35,left,APPROVED,3,0,true,10.42,48.31,true,true
2022,REG,18,2023010803,892,0920,CIN,59097,892.0,(15:00) (Shotgun) A.Brown pass short middle intended for D.Robinson INTERCEPTED by M.Hilton at BLT 37. M.Hilton to BLT 32 for 5 yards (D.Robinson).,2,play_type_pass,2,3,5,0325,15:00,BAL 30,30,BAL,80,2023-01-08T18:39:13.000Z,false,false,false,false,false,true,10,0,15:00,14:56,left,APPROVED,10,0,true,6.07,74.94,true,true
2022,REG,18,2023010803,970,0920,CIN,59097,970.0,"(14:17) (Shotgun) J.Burrow pass deep left to J.Chase for 26 yards, TOUCHDOWN [J.Houston].",2,play_type_pass,2,3,4,0920,14:17,BAL 26,26,BAL,84,2023-01-08T18:41:30.000Z,false,false,true,false,false,false,16,0,14:17,14:12,right,APPROVED,10,0,true,4.65,88.02,true,true
2022,REG,18,2023010803,1364,0325,BAL,59097,1364.0,"(6:15) D.Chrisman punts 43 yards to BLT 16, Center-C.Adomitis. J.Proche to BLT 24 for 8 yards (C.Johnston).",2,play_type_punt,2,4,10,0920,06:15,CIN 41,41,CIN,51,2023-01-08T19:01:28.000Z,true,false,false,false,false,true,17,0,6:16,6:07,right,APPROVED,17,0,false,10.69,60.38,true,true
2022,REG,18,2023010803,1674,0325,BAL,59097,1674.0,"(2:00) (Shotgun) K.Drake left tackle for 4 yards, TOUCHDOWN.",2,play_type_rush,2,2,4,0325,02:00,CIN 4,4,CIN,14,2023-01-08T19:16:31.000Z,false,false,true,true,false,false,17,6,2:00,1:57,left,APPROVED,17,0,true,4.92,10.0,true,true
2022,REG,18,2023010803,1910,0920,CIN,59097,1910.0,"(:36) (Shotgun) A.Brown sacked at BLT -1 for -7 yards (T.Hendrickson). FUMBLES (T.Hendrickson) [T.Hendrickson], RECOVERED by CIN-J.Ossai at BLT -5. TOUCHDOWN.",2,play_type_sack,2,3,9,0325,00:36,BAL 6,6,BAL,104,2023-01-08T19:24:56.000Z,false,false,true,false,false,true,23,7,:36,:31,left,APPROVED,17,7,false,9.8,95.25,true,true
2022,REG,18,2023010803,2397,0325,BAL,59097,2397.0,"(11:38) (Shotgun) J.Burrow sacked at CIN 3 for -6 yards (D.Ojabo). FUMBLES (D.Ojabo) [D.Ojabo], touched at CIN 4, RECOVERED by BLT-P.Queen at CIN 9.",2,play_type_sack,3,2,10,0920,11:38,CIN 9,9,CIN,101,2023-01-08T20:00:20.000Z,false,false,false,false,false,true,24,7,11:39,11:34,left,APPROVED,24,7,false,10.24,91.38,true,true
2022,REG,18,2023010803,2562,0920,CIN,59097,2562.0,(9:59) (Shotgun) J.Burrow pass short right to J.Mixon pushed ob at BLT 40 for 33 yards (C.Clark).,2,play_type_pass,3,2,8,0920,09:59,CIN 27,27,CIN,83,2023-01-08T20:07:59.000Z,false,false,false,false,false,false,24,10,9:59,9:48,left,APPROVED,24,10,true,8.87,75.16,true,true
2022,REG,18,2023010803,3221,0325,BAL,59097,3221.0,(15:00) (Shotgun) A.Brown pass short right to S.Watkins to CIN 36 for 32 yards (C.Taylor-Britt; J.Bates).,2,play_type_pass,4,3,8,0325,15:00,BAL 32,32,BAL,78,2023-01-08T20:39:47.000Z,false,false,false,false,false,false,27,13,15:00,14:54,left,APPROVED,27,13,true,9.0,70.19,true,true
2022,REG,18,2023010803,3432,0325,BAL,59097,3432.0,(11:29) (Shotgun) J.Burrow sacked at CIN 37 for -8 yards (sack split by J.Houston and O.Oweh).,2,play_type_sack,4,3,5,0920,11:29,CIN 45,45,CIN,55,2023-01-08T20:48:24.000Z,false,false,false,false,false,false,27,16,11:29,11:25,right,APPROVED,27,16,false,5.25,59.95,true,true
2022,REG,18,2023010803,3969,0920,CIN,59097,3969.0,"(3:10) (Shotgun) A.Brown pass deep right to S.Watkins to CIN 33 for 47 yards (J.Bates; C.Taylor-Britt). FUMBLES (J.Bates), RECOVERED by CIN-V.Bell at CIN 32. V.Bell to CIN 32 for no gain (D.Robinson).",2,play_type_pass,4,1,10,0325,03:10,BAL 20,20,BAL,90,2023-01-08T21:13:18.000Z,false,false,false,false,false,true,27,16,3:10,2:57,left,APPROVED,27,16,true,10.0,80.28,true,true
2022,REG,18,2023010804,714,1540,DET,59098,714.0,(2:45) (Shotgun) A.Rodgers sacked at DET 31 for -11 yards (A.Hutchinson).,2,play_type_sack,1,3,5,1800,02:45,DET 20,20,DET,90,2023-01-09T01:51:13.000Z,false,false,false,false,false,false,3,3,2:46,2:40,right,APPROVED,3,3,false,5.95,94.82,true,true
2022,REG,18,2023010804,2339,1540,DET,59098,2339.0,(8:53) J.Goff pass deep right to K.Raymond to GB 1 for 43 yards (R.Ford).,2,play_type_pass,3,1,10,1540,08:53,GB 44,44,GB,54,2023-01-09T03:16:16.000Z,false,false,false,false,false,false,9,6,8:54,8:47,left,APPROVED,9,6,true,10.0,44.3,true,true
2022,REG,18,2023010804,2569,1800,GB,59098,2569.0,"(4:34) A.Rodgers pass deep right to C.Watson to DET 14 for 45 yards (A.Oruwariye). Penalty on DET-A.Oruwariye, Defensive Pass Interference, declined.",2,play_type_pass,3,1,10,1800,04:34,GB 41,41,GB,51,2023-01-09T03:25:51.000Z,false,false,false,false,false,false,9,13,4:35,4:29,right,APPROVED,9,13,true,10.0,60.6,true,true
2022,REG,18,2023010804,2625,1800,GB,59098,2625.0,"(3:22) A.Rodgers pass short left to A.Lazard for 13 yards, TOUCHDOWN.",2,play_type_pass,3,2,9,1800,03:22,DET 13,13,DET,97,2023-01-09T03:27:38.000Z,false,false,true,false,false,false,15,13,3:23,3:18,right,APPROVED,9,13,true,8.87,105.88,true,true
2022,REG,18,2023010805,218,2120,HOU,59099,218.0,"(11:22) (Shotgun) D.Mills pass short middle to B.Cooks for 11 yards, TOUCHDOWN.",2,play_type_pass,1,2,8,2120,11:22,IND 11,11,IND,99,2023-01-08T18:07:22.000Z,false,false,true,false,false,false,0,6,11:22,11:17,right,APPROVED,0,0,true,8.74,107.17,true,true
2022,REG,18,2023010805,264,2200,IND,59099,264.0,"K.Fairbairn kicks 72 yards from HST 35 to IND -7. D.Flowers to IND 18 for 25 yards (N.Hewitt). FUMBLES (N.Hewitt), RECOVERED by HST-M.Stewart at IND 18.",32,play_type_kickoff,1,0,0,2120,11:17,HOU 35,35,HOU,45,2023-01-08T18:11:03.000Z,true,false,false,false,false,true,0,7,11:17,11:12,right,APPROVED,0,7,false,,,true,true
2022,REG,18,2023010805,429,2200,IND,59099,429.0,"(9:03) Z.Moss up the middle to HST 28 for 34 yards (T.Smith, C.Harris).",2,play_type_rush,1,1,10,2200,09:03,IND 38,38,IND,72,2023-01-08T18:18:24.000Z,false,false,false,false,false,false,0,10,9:04,,left,APPROVED,0,10,true,10.0,62.55,true,true
2022,REG,18,2023010805,668,2200,IND,59099,668.0,"(3:59) (Shotgun) S.Ehlinger pass short middle to M.Pittman for 1 yard, TOUCHDOWN.",2,play_type_pass,1,2,1,2200,03:59,HOU 1,1,HOU,11,2023-01-08T18:25:54.000Z,false,false,true,true,false,false,6,10,4:01,3:56,left,APPROVED,0,10,true,1.19,10.0,true,true
2022,REG,18,2023010805,769,2120,HOU,59099,769.0,(2:32) (Shotgun) D.Mills pass deep left to B.Cooks to IND 48 for 23 yards (J.Blackmon).,2,play_type_pass,1,3,6,2120,02:32,HOU 29,29,HOU,39,2023-01-08T18:31:33.000Z,false,false,false,false,false,false,7,10,2:33,2:28,right,APPROVED,7,10,true,6.5,44.66,true,true
2022,REG,18,2023010805,1189,2120,HOU,59099,1189.0,"(10:41) (Shotgun) S.Ehlinger pass short middle intended for D.Jackson INTERCEPTED by J.Greenard [R.Green] at IND 39. J.Greenard for 39 yards, TOUCHDOWN.",2,play_type_pass,2,1,10,2200,10:41,IND 42,42,IND,52,2023-01-08T18:50:41.000Z,false,false,true,false,false,true,7,16,10:41,10:30,right,APPROVED,7,10,true,10.0,61.48,true,true
2022,REG,18,2023010805,1394,2200,IND,59099,1394.0,(6:26) (Shotgun) S.Ehlinger pass short left to D.Jackson to HST 14 for 27 yards (J.Pitre).,2,play_type_pass,2,4,3,2200,06:26,HOU 41,41,HOU,69,2023-01-08T18:57:55.000Z,false,false,false,false,false,false,7,17,6:27,6:20,right,APPROVED,7,17,true,4.16,71.82,true,true
2022,REG,18,2023010805,2049,2200,IND,59099,2049.0,"(13:21) (Shotgun) S.Ehlinger pass deep left to P.Campbell to HST 8 for 39 yards (J.Pitre, D.King).",2,play_type_pass,3,1,15,2200,13:21,HOU 47,47,HOU,63,2023-01-08T19:39:02.000Z,false,false,false,false,false,false,7,17,13:22,13:12,right,APPROVED,7,17,true,15.0,77.62,true,true
2022,REG,18,2023010805,2488,2200,IND,59099,2488.0,"(6:48) D.Pinter reported in as eligible.  Z.Moss left guard for 15 yards, TOUCHDOWN.",2,play_type_rush,3,2,8,2200,06:48,HOU 15,15,HOU,95,2023-01-08T19:57:40.000Z,false,false,true,false,false,false,13,17,6:49,6:42,right,APPROVED,7,17,true,8.4,102.66,true,true
2022,REG,18,2023010805,2567,2120,HOU,59099,2567.0,(6:01) (Shotgun) D.Mills pass deep right to T.Quitoriano to IND 21 for 52 yards (B.Okereke).,2,play_type_pass,3,2,8,2120,06:01,HOU 27,27,HOU,83,2023-01-08T20:03:07.000Z,false,false,false,false,false,false,14,17,6:02,5:54,left,APPROVED,14,17,true,8.83,75.44,true,true
2022,REG,18,2023010805,2633,2120,HOU,59099,2633.0,"(3:57) (Shotgun) D.Mills pass deep right to J.Akins for 19 yards, TOUCHDOWN.",2,play_type_pass,3,3,8,2120,03:57,IND 19,19,IND,29,2023-01-08T20:05:11.000Z,false,false,true,false,false,false,14,23,3:58,3:53,left,APPROVED,14,17,true,8.41,21.43,true,true
2022,REG,18,2023010805,2828,2200,IND,59099,2828.0,"(1:00) (Shotgun) D.Mills pass short middle intended for J.Akins INTERCEPTED by R.McLeod at HST 27. R.McLeod for 27 yards, TOUCHDOWN.",2,play_type_pass,3,3,8,2120,01:00,HOU 21,21,HOU,89,2023-01-08T20:13:59.000Z,false,false,true,false,false,true,20,24,1:01,:53,left,APPROVED,14,24,true,8.73,81.24,true,true
2022,REG,18,2023010805,2929,2200,IND,59099,2929.0,(:07) (Shotgun) D.Mills pass deep left intended for C.Moore INTERCEPTED by R.Thomas [K.Kareem] at IND 31. R.Thomas pushed ob at IND 42 for 11 yards (R.Burkhead).,2,play_type_pass,3,3,8,2120,00:07,HOU 27,27,HOU,83,2023-01-08T20:18:29.000Z,false,false,false,false,false,true,21,24,:07,:00,left,APPROVED,21,24,true,8.45,75.35,true,true
2022,REG,18,2023010805,3173,2200,IND,59099,3173.0,"(10:34) (Shotgun) S.Ehlinger pass short left to M.Alie-Cox for 4 yards, TOUCHDOWN.",2,play_type_pass,4,3,4,2200,10:34,HOU 4,4,HOU,14,2023-01-08T20:27:23.000Z,false,false,true,true,false,false,27,24,10:35,10:31,left,APPROVED,21,24,true,4.84,10.0,true,true
2022,REG,18,2023010805,3830,2120,HOU,59099,3830.0,"(1:26) (Shotgun) D.Mills pass deep left to B.Cooks ran ob at IND 18 for 30 yards. The Replay Official reviewed the pass completion ruling, and the play was Upheld. The ruling on the field stands.",2,play_type_pass,4,4,12,2120,01:26,IND 48,48,IND,62,2023-01-08T20:55:48.000Z,false,false,false,false,false,false,31,24,1:26,1:20,right,APPROVED,31,24,true,12.42,73.57,true,true
2022,REG,18,2023010805,3934,2120,HOU,59099,3934.0,"(:58) (Shotgun) D.Mills pass deep middle to J.Akins for 28 yards, TOUCHDOWN [G.Stewart].",2,play_type_pass,4,4,20,2120,00:58,IND 28,28,IND,82,2023-01-08T21:00:28.000Z,false,false,true,false,false,false,31,30,:58,:51,right,APPROVED,31,24,true,20.19,101.44,true,true
2022,REG,18,2023010807,1391,3430,NYJ,59101,1391.0,(3:45) J.Flacco pass short right to G.Wilson to MIA 26 for 36 yards (J.Holland).,2,play_type_pass,2,1,10,3430,03:45,NYJ 38,38,NYJ,72,2023-01-08T19:04:10.972Z,false,false,false,false,false,false,3,0,3:47,3:35,left,APPROVED,3,0,true,10.0,61.97,true,true
2022,REG,18,2023010807,2795,2700,MIA,59101,2795.0,(11:10) (Shotgun) S.Thompson pass deep right to M.Gesicki to NYJ 46 for 32 yards (M.Carter).,2,play_type_pass,4,2,13,2700,11:10,MIA 22,22,MIA,32,2023-01-08T20:23:17.000Z,false,false,false,false,false,false,6,6,11:10,11:04,right,APPROVED,6,6,true,13.37,44.6,true,true
2022,REG,18,2023010808,245,3300,NO,59102,245.0,"(11:08) L.Kidd reported in as eligible.  A.Dalton pass short left to C.Olave for 25 yards, TOUCHDOWN. Pass 5, YAC 20",2,play_type_pass,1,2,8,3300,11:08,CAR 25,25,CAR,85,2023-01-08T18:08:15.000Z,false,false,true,false,false,false,6,0,11:09,11:02,right,APPROVED,0,0,true,8.3,92.57,true,true
2022,REG,18,2023010808,1609,3300,NO,59102,1609.0,(:40) (Shotgun) S.Darnold pass deep left intended for D.Moore INTERCEPTED by T.Mathieu at NO 2. T.Mathieu to NO 43 for 41 yards (T.Marshall). CAR-A.Corbett was injured during the play. His return is Questionable.,2,play_type_pass,2,2,10,0750,00:40,NO 29,29,NO,81,2023-01-08T19:11:31.000Z,false,false,false,false,false,true,7,0,:40,:28,right,APPROVED,7,0,true,10.0,89.98,true,true
2022,REG,18,2023010808,1830,0750,CAR,59102,1830.0,"(14:52) D.Foreman left end pushed ob at CAR 39 for 21 yards (D.Sorensen). INJURY UPDATE: CAR #63 Corbett, knee, QUESTIONABLE to return",2,play_type_rush,3,2,10,0750,14:52,CAR 18,18,CAR,28,2023-01-08T19:32:30.000Z,false,false,false,false,false,false,7,0,14:52,14:47,right,APPROVED,7,0,true,10.21,37.54,true,true
2022,REG,18,2023010808,2673,0750,CAR,59102,2673.0,(12:39) (Shotgun) A.Dalton sacked at NO 43 for -10 yards (A.Barno).,2,play_type_sack,4,3,9,3300,12:39,CAR 47,47,CAR,63,2023-01-08T20:11:32.000Z,false,false,false,false,false,false,7,7,12:41,12:36,right,APPROVED,7,7,false,9.38,71.03,true,true
2022,REG,18,2023010808,3248,3300,NO,59102,3248.0,(1:47) (Shotgun) S.Darnold pass deep right intended for D.Moore INTERCEPTED by D.Sorensen at CAR 49. D.Sorensen pushed ob at CAR 35 for 14 yards (S.Smith).,2,play_type_pass,4,1,10,0750,01:47,CAR 13,13,CAR,97,2023-01-08T20:35:31.000Z,false,false,false,false,false,true,7,7,1:47,1:39,left,APPROVED,7,7,true,10.0,87.04,true,true
2022,REG,18,2023010809,151,3700,PHI,59103,151.0,(13:27) (Shotgun) J.Hurts pass short left to A.Brown to NYG 30 for 35 yards (C.Flott).,2,play_type_pass,1,1,10,3700,13:27,PHI 35,35,PHI,45,2023-01-08T21:29:20.000Z,false,false,false,false,false,false,0,0,13:27,13:21,right,APPROVED,0,0,true,10.0,54.3,true,true
2022,REG,18,2023010809,569,3700,PHI,59103,569.0,(7:50) (Shotgun) J.Hurts pass deep left to A.Brown to NYG 28 for 37 yards (R.Williams).,2,play_type_pass,1,3,9,3700,07:50,PHI 35,35,PHI,45,2023-01-08T21:44:20.000Z,false,false,false,false,false,false,3,0,7:50,7:45,right,APPROVED,3,0,true,9.19,53.04,true,true
2022,REG,18,2023010809,701,3700,PHI,59103,701.0,"(4:20) (Shotgun) B.Scott left guard for 8 yards, TOUCHDOWN.",2,play_type_rush,1,2,8,3700,04:20,NYG 8,8,NYG,102,2023-01-08T21:47:50.000Z,false,false,true,true,false,false,9,0,4:20,4:16,right,APPROVED,3,0,true,8.61,110.0,true,true
2022,REG,18,2023010809,2480,3410,NYG,59103,2480.0,"(12:13) (Shotgun) J.Hurts pass short right intended for D.Smith INTERCEPTED by D.Belton at NYG -2. Touchback. Penalty on PHI-J.Driscoll, Offensive Holding, declined.",2,play_type_pass,3,3,7,3700,12:13,NYG 7,7,NYG,103,2023-01-08T23:10:56.000Z,false,false,false,true,false,true,16,0,12:13,12:07,right,APPROVED,16,0,true,8.31,110.0,true,true
2022,REG,18,2023010809,3481,3410,NYG,59103,3481.0,"(10:10) (Shotgun) D.Webb up the middle for 14 yards, TOUCHDOWN.",2,play_type_rush,4,3,8,3410,10:10,PHI 14,14,PHI,96,2023-01-08T23:51:35.000Z,false,false,true,false,false,false,19,9,10:10,10:06,right,APPROVED,19,3,true,8.46,103.64,true,true
2022,REG,18,2023010809,4097,3410,NYG,59103,4097.0,"(1:43) (No Huddle, Shotgun) D.Webb pass deep right to K.Golladay for 25 yards, TOUCHDOWN.",2,play_type_pass,4,1,10,3410,01:43,PHI 25,25,PHI,85,2023-01-09T00:16:35.000Z,false,false,true,false,false,false,22,15,1:45,1:40,right,APPROVED,22,9,true,10.0,94.48,true,true
2022,REG,18,2023010810,417,3900,PIT,59104,417.0,(8:29) (Shotgun) K.Pickett pass short right to D.Johnson to CLV 2 for 32 yards (D.Bell).,2,play_type_pass,1,3,8,3900,08:29,CLE 34,34,CLE,44,2023-01-08T18:15:05.000Z,false,false,false,false,false,false,0,0,8:29,8:20,left,APPROVED,0,0,true,8.48,36.02,true,true
2022,REG,18,2023010810,912,1050,CLE,59104,912.0,(:44) (Shotgun) D.Watson pass deep left to D.Peoples-Jones to CLV 44 for 38 yards (C.Sutton).,2,play_type_pass,1,1,10,1050,00:44,CLE 6,6,CLE,16,2023-01-08T18:36:53.000Z,false,false,false,false,false,false,0,0,:44,:39,right,APPROVED,0,0,true,10.0,25.84,true,true
2022,REG,18,2023010810,1143,1050,CLE,59104,1143.0,"(11:34) P.Harvin punts 57 yards to CLV 24, Center-C.Kuntz. J.Darden to PIT 29 for 47 yards (E.Riley).",2,play_type_punt,2,4,11,3900,11:34,PIT 19,19,PIT,29,2023-01-08T18:48:12.000Z,true,false,false,false,false,true,0,0,11:34,11:26,right,APPROVED,0,0,true,10.89,39.69,true,true
2022,REG,18,2023010810,1421,1050,CLE,59104,1421.0,"(6:33) D.Watson pass short left to D.Njoku for 10 yards, TOUCHDOWN.",2,play_type_pass,2,1,10,1050,06:33,PIT 10,10,PIT,20,2023-01-08T18:59:20.000Z,false,false,true,true,false,false,0,6,6:33,6:28,left,APPROVED,0,0,true,9.989999999999998,10.0,true,true
2022,REG,18,2023010810,1732,3900,PIT,59104,1732.0,"(1:52) (Shotgun) K.Pickett pass deep middle to G.Pickens for 31 yards, TOUCHDOWN.",2,play_type_pass,2,3,15,3900,01:52,CLE 31,31,CLE,79,2023-01-08T19:14:04.000Z,false,false,true,false,false,false,6,7,,1:48,right,APPROVED,0,7,true,15.4,93.91,true,true
2022,REG,18,2023010810,1820,3900,PIT,59104,1820.0,"(1:23) (No Huddle, Shotgun) D.Watson pass deep middle intended for Dav.Bell INTERCEPTED by L.Wallace at PIT 41. L.Wallace to PIT 44 for 3 yards (A.Cooper).",2,play_type_pass,2,2,6,1050,01:23,CLE 36,36,CLE,74,2023-01-08T19:18:49.000Z,false,false,false,false,false,true,7,7,1:24,1:12,left,APPROVED,7,7,true,6.36,68.14,true,true
2022,REG,18,2023010810,2513,1050,CLE,59104,2513.0,(8:06) (Shotgun) D.Watson scrambles right guard to CLV 41 for 21 yards (M.Fitzpatrick).,2,play_type_rush,3,3,10,1050,08:06,CLE 20,20,CLE,30,2023-01-08T19:57:32.000Z,false,false,false,false,false,false,13,7,8:08,7:58,right,APPROVED,13,7,true,10.58,39.65,true,true
2022,REG,18,2023010810,2555,3900,PIT,59104,2555.0,(6:43) D.Watson sacked at CLV 33 for -11 yards (T.Edmunds).,2,play_type_sack,3,2,7,1050,06:43,CLE 44,44,CLE,54,2023-01-08T19:58:56.000Z,false,false,false,false,false,false,13,7,6:44,6:40,right,APPROVED,13,7,false,7.57,60.87,true,true
2022,REG,18,2023010810,2583,3900,PIT,59104,2583.0,(5:48) (Shotgun) D.Watson pass short middle intended for Dav.Bell INTERCEPTED by D.Kazee at CLV 37. D.Kazee to CLV 25 for 12 yards (D.Watson).,2,play_type_pass,3,3,18,1050,05:48,CLE 33,33,CLE,43,2023-01-08T20:00:14.000Z,false,false,false,false,false,true,13,7,5:49,5:43,right,APPROVED,13,7,true,18.42,60.87,true,true
2022,REG,18,2023010810,2723,3900,PIT,59104,2723.0,"(3:17) T.Scott reported in as eligible.  N.Harris right guard for 4 yards, TOUCHDOWN.",2,play_type_rush,3,2,4,3900,03:17,CLE 4,4,CLE,14,2023-01-08T20:04:34.000Z,false,false,true,true,false,false,19,7,3:17,3:14,left,APPROVED,13,7,true,4.09,10.0,true,true
2022,REG,18,2023010810,2823,3900,PIT,59104,2823.0,(1:48) (Shotgun) D.Watson sacked at CLV 19 for -7 yards (A.Highsmith).,2,play_type_sack,3,3,9,1050,01:48,CLE 26,26,CLE,36,2023-01-08T20:10:41.000Z,false,false,false,false,false,false,20,7,1:49,1:42,right,APPROVED,20,7,false,9.58,44.83,true,true
2022,REG,18,2023010810,3040,1050,CLE,59104,3040.0,(12:49) (Shotgun) D.Watson pass deep right to A.Cooper ran ob at PIT 14 for 36 yards (M.Fitzpatrick).,2,play_type_pass,4,1,10,1050,12:49,50,50,,60,2023-01-08T20:23:49.000Z,false,false,false,false,false,false,20,7,12:50,12:41,left,APPROVED,20,7,true,10.0,50.17,true,true
2022,REG,18,2023010810,3146,1050,CLE,59104,3146.0,"(10:20) (Shotgun) D.Watson pass short left to N.Chubb for 2 yards, TOUCHDOWN.",2,play_type_pass,4,2,2,1050,10:20,PIT 2,2,PIT,12,2023-01-08T20:27:07.000Z,false,false,true,true,false,false,20,13,10:22,10:13,left,APPROVED,20,7,true,2.49,10.0,true,true
2022,REG,18,2023010810,3367,3900,PIT,59104,3367.0,(6:48) (Shotgun) K.Pickett pass deep middle to Co.Heyward to CLV 14 for 27 yards (A.Green). CLV-J.Johnson was injured during the play.,2,play_type_pass,4,3,8,3900,06:48,CLE 41,41,CLE,69,2023-01-08T20:40:00.000Z,false,false,false,false,false,false,20,14,6:48,6:45,right,APPROVED,20,14,true,8.64,76.79,true,true
2022,REG,18,2023010811,259,5110,WAS,59105,259.0,"(11:14) (No Huddle, Shotgun) S.Howell pass short middle to T.McLaurin for 16 yards, TOUCHDOWN.",2,play_type_pass,1,2,6,5110,11:14,DAL 16,16,DAL,26,2023-01-08T21:31:27.000Z,false,false,true,false,false,false,6,0,11:14,11:09,left,APPROVED,0,0,true,6.2,19.98,true,true
2022,REG,18,2023010811,363,5110,WAS,59105,363.0,(10:28) (Shotgun) D.Prescott sacked at DAL 18 for -10 yards (E.Obada).,2,play_type_sack,1,3,7,1200,10:28,DAL 28,28,DAL,38,2023-01-08T21:37:08.000Z,false,false,false,false,false,false,7,0,10:28,10:21,right,APPROVED,7,0,false,7.57,44.66,true,true
2022,REG,18,2023010811,472,1200,DAL,59105,472.0,"(8:51) T.Way punts 41 yards to DAL 15, Center-C.Cheeseman. K.Turpin MUFFS catch, RECOVERED by WAS-C.Holmes at DAL 15. C.Holmes to DAL 15 for no gain (K.Turpin).",2,play_type_punt,1,4,4,5110,08:51,WAS 44,44,WAS,66,2023-01-08T21:42:52.000Z,true,false,false,false,false,false,7,0,8:51,8:44,left,APPROVED,7,0,false,4.67,62.16,true,true
2022,REG,18,2023010811,1027,1200,DAL,59105,1027.0,(13:34) (Shotgun) S.Howell pass short left intended for C.Sims INTERCEPTED by M.Hooker at DAL -8. Touchback.,2,play_type_pass,2,2,5,5110,13:34,DAL 5,5,DAL,105,2023-01-08T22:09:59.000Z,false,false,false,true,false,true,7,0,13:35,13:29,right,APPROVED,7,0,true,5.5,110.0,true,true
2022,REG,18,2023010811,1097,5110,WAS,59105,1097.0,"(12:43) (No Huddle, Shotgun) D.Prescott pass short right intended for N.Brown INTERCEPTED by K.Fuller at DAL 29. K.Fuller for 29 yards, TOUCHDOWN.",2,play_type_pass,2,3,6,1200,12:43,DAL 24,24,DAL,86,2023-01-08T22:14:09.000Z,false,false,true,false,false,true,13,0,12:45,12:39,left,APPROVED,7,0,true,6.67,80.33,true,true
2022,REG,18,2023010811,2936,5110,WAS,59105,2936.0,"(1:54) (Shotgun) S.Howell up the middle for 9 yards, TOUCHDOWN.",2,play_type_rush,3,1,9,5110,01:54,DAL 9,9,DAL,19,2023-01-08T23:42:25.000Z,false,false,true,true,false,false,19,6,1:55,1:50,left,APPROVED,13,6,true,9.350000000000001,10.0,true,true
2022,REG,18,2023010811,3080,5110,WAS,59105,3080.0,(:44) (Shotgun) S.Howell pass deep right to T.McLaurin to DAL 15 for 52 yards (T.Mullen).,2,play_type_pass,3,1,10,5110,00:44,WAS 33,33,WAS,77,2023-01-08T23:47:53.000Z,false,false,false,false,false,false,20,6,:44,:39,left,APPROVED,20,6,true,10.0,67.2,true,true
2022,REG,18,2023010812,98,4400,LAC,59106,98.0,(14:21) (Shotgun) J.Herbert pass deep right to K.Allen to DEN 43 for 30 yards (K.Williams).,2,play_type_pass,1,3,8,4400,14:21,LAC 27,27,LAC,83,2023-01-08T21:28:55.000Z,false,false,false,false,false,false,0,0,14:21,14:14,left,APPROVED,0,0,true,8.4,75.41,true,true
2022,REG,18,2023010812,217,4400,LAC,59106,217.0,"(11:22) (Shotgun) J.Herbert pass short right to K.Allen for 14 yards, TOUCHDOWN.",2,play_type_pass,1,3,4,4400,11:22,DEN 14,14,DEN,24,2023-01-08T21:31:53.000Z,false,false,true,false,false,false,0,6,11:23,11:18,left,APPROVED,0,0,true,4.31,20.18,true,true
2022,REG,18,2023010812,1164,4400,LAC,59106,1164.0,"(11:01) (Shotgun) J.Herbert pass short middle to G.Everett for 3 yards, TOUCHDOWN.",2,play_type_pass,2,3,3,4400,11:01,DEN 3,3,DEN,107,2023-01-08T22:10:33.000Z,false,false,true,true,false,false,7,13,11:01,10:58,right,APPROVED,7,7,true,3.4,110.0,true,true
2022,REG,18,2023010812,1297,4400,LAC,59106,1297.0,(9:07) (Shotgun) R.Wilson sacked at DEN 21 for -10 yards (J.Bosa).,2,play_type_sack,2,3,4,1400,09:07,DEN 31,31,DEN,79,2023-01-08T22:17:09.000Z,false,false,false,false,false,false,7,14,9:08,9:03,left,APPROVED,7,14,false,4.4,75.39,true,true
2022,REG,18,2023010812,1480,1400,DEN,59106,1480.0,(4:53) (Shotgun) L.Murray left end to LAC 20 for 25 yards (A.Samuel).,2,play_type_rush,2,3,6,1400,04:53,LAC 45,45,LAC,55,2023-01-08T22:27:18.000Z,false,false,false,false,false,false,7,14,4:54,4:47,left,APPROVED,7,14,true,6.33,49.24,true,true
2022,REG,18,2023010812,2060,1400,DEN,59106,2060.0,"(:19) (Shotgun) R.Wilson pass deep left to J.Jeudy pushed ob at LAC 3 for 57 yards (A.Gilman). Penalty on LAC-A.Gilman, Defensive Holding, declined.",2,play_type_pass,2,1,10,1400,00:19,DEN 40,40,DEN,70,2023-01-08T22:51:40.000Z,false,false,false,false,false,false,10,17,:19,:10,left,APPROVED,10,17,true,10.0,59.92,true,true
2022,REG,18,2023010812,2116,1400,DEN,59106,2116.0,"(:10) R.Wilson pass short left to E.Tomlinson for 3 yards, TOUCHDOWN.",2,play_type_pass,2,1,3,1400,00:10,LAC 3,3,LAC,13,2023-01-08T22:52:47.000Z,false,false,true,true,false,false,16,17,:10,:07,left,APPROVED,10,17,true,3.619999999999999,10.0,true,true
2022,REG,18,2023010812,2273,1400,DEN,59106,2273.0,(13:43) (Shotgun) C.Edmonds left guard to LAC 44 for 23 yards (A.Samuel).,2,play_type_rush,3,3,2,1400,13:43,DEN 33,33,DEN,77,2023-01-08T23:11:31.000Z,false,false,false,false,false,false,17,17,13:43,13:37,left,APPROVED,17,17,true,2.66,75.38,true,true
2022,REG,18,2023010812,2344,1400,DEN,59106,2344.0,"(11:51) (Shotgun) R.Wilson pass short left to T.Badie for 24 yards, TOUCHDOWN.",2,play_type_pass,3,2,4,1400,11:51,LAC 24,24,LAC,34,2023-01-08T23:13:25.000Z,false,false,true,false,false,false,23,17,11:52,11:43,left,APPROVED,17,17,true,4.82,30.13,true,true
2022,REG,18,2023010812,2552,1400,DEN,59106,2552.0,(9:57) R.Wilson pass deep right to J.Jeudy pushed ob at LAC 45 for 50 yards (J.Taylor).,2,play_type_pass,3,1,10,1400,09:57,DEN 5,5,DEN,105,2023-01-08T23:25:06.000Z,false,false,false,false,false,false,24,17,9:57,9:51,left,APPROVED,24,17,true,10.0,95.28,true,true
2022,REG,18,2023010812,2865,4400,LAC,59106,2865.0,(5:13) (Shotgun) R.Wilson sacked at DEN 45 for -7 yards (K.Van Noy).,2,play_type_sack,3,3,8,1400,05:13,LAC 48,48,LAC,58,2023-01-08T23:39:51.000Z,false,false,false,false,false,false,24,20,5:14,5:09,left,APPROVED,24,20,false,8.74,50.34,true,true
2022,REG,18,2023010812,3086,1400,DEN,59106,3086.0,"(:32) (Shotgun) J.Herbert pass short right to D.Carter to DEN 15 for 25 yards (J.Simmons). FUMBLES (J.Simmons), RECOVERED by DEN-K.Jackson at DEN 9. K.Jackson to DEN 11 for 2 yards (A.Ekeler).",2,play_type_pass,3,2,10,4400,00:32,DEN 40,40,DEN,70,2023-01-08T23:46:26.000Z,false,false,false,false,false,true,24,20,:32,:21,right,APPROVED,24,20,true,10.26,79.31,true,true
2022,REG,18,2023010812,3267,1400,DEN,59106,3267.0,(12:51) (Shotgun) R.Wilson pass deep right to F.Swain to LAC 24 for 52 yards (N.Adderley).,2,play_type_pass,4,3,10,1400,12:51,DEN 24,24,DEN,34,2023-01-08T23:54:12.000Z,false,false,false,false,false,false,24,20,12:52,12:44,right,APPROVED,24,20,true,10.35,43.64,true,true
2022,REG,18,2023010812,3312,1400,DEN,59106,3312.0,"(11:21) (Shotgun) R.Wilson pass deep right to C.Sutton for 20 yards, TOUCHDOWN.",2,play_type_pass,4,2,6,1400,11:21,LAC 20,20,LAC,90,2023-01-08T23:55:42.000Z,false,false,true,false,false,false,30,20,11:21,11:16,right,APPROVED,24,20,true,6.38,95.7,true,true
2022,REG,18,2023010812,3436,1400,DEN,59106,3436.0,"(9:15) J.Scott punts 45 yards to DEN 23, Center-J.Harris. B.Johnson MUFFS catch, RECOVERED by LAC-A.Gilman at DEN 29.",2,play_type_punt,4,4,3,4400,09:15,LAC 32,32,LAC,78,2023-01-09T00:02:09.000Z,true,false,false,false,false,false,31,20,9:15,9:06,left,APPROVED,31,20,false,3.27,75.31,true,true
2022,REG,18,2023010812,3594,4400,LAC,59106,3594.0,"(6:06) (Shotgun) C.Daniel pass short right to K.Allen for 3 yards, TOUCHDOWN.",2,play_type_pass,4,2,3,4400,06:06,DEN 3,3,DEN,13,2023-01-09T00:06:23.000Z,false,false,true,true,false,false,31,26,6:07,6:03,left,APPROVED,31,20,true,3.73,10.0,true,true
2022,REG,18,2023010814,55,2510,LA,59108,55.0,(15:00) G.Smith pass short middle intended for D.Metcalf INTERCEPTED by J.Ramsey at SEA 39. J.Ramsey ran ob at SEA 11 for 28 yards (K.Walker).,2,play_type_pass,1,1,10,4600,15:00,SEA 25,25,SEA,85,2023-01-08T21:26:23.000Z,false,false,false,false,false,true,0,0,15:00,14:52,left,APPROVED,0,0,true,10.0,75.24,true,true
2022,REG,18,2023010814,513,4600,SEA,59108,513.0,"(5:55) (No Huddle, Shotgun) B.Mayfield sacked at LA 23 for -10 yards (B.Irvin).",2,play_type_sack,1,3,2,2510,05:55,LA 33,33,LA,43,2023-01-08T21:45:31.000Z,false,false,false,false,false,false,3,3,5:56,5:50,right,APPROVED,3,3,false,2.73,44.47,true,true
2022,REG,18,2023010814,848,2510,LA,59108,848.0,(14:38) (No Huddle) C.Akers right end pushed ob at SEA 34 for 32 yards (Q.Diggs).,2,play_type_rush,2,3,1,2510,14:38,LA 34,34,LA,76,2023-01-08T22:00:04.000Z,false,false,false,false,false,false,6,3,14:38,14:31,left,APPROVED,6,3,true,1.2,75.44,true,true
2022,REG,18,2023010814,1538,2510,LA,59108,1538.0,(2:49) (Shotgun) B.Mayfield pass deep left to V.Jefferson pushed ob at SEA 48 for 35 yards (T.Woolen). SEA-T.Woolen was injured during the play.,2,play_type_pass,2,3,6,2510,02:49,LA 17,17,LA,93,2023-01-08T22:30:42.000Z,false,false,false,false,false,false,6,6,2:49,2:44,left,APPROVED,6,6,true,6.0,87.41,true,true
2022,REG,18,2023010814,1697,2510,LA,59108,1697.0,"(:45) T.Atwell left end for 11 yards, TOUCHDOWN.",2,play_type_rush,2,2,5,2510,00:45,SEA 11,11,SEA,21,2023-01-08T22:40:30.000Z,false,false,true,false,false,false,6,12,:46,:40,left,APPROVED,6,6,true,5.62,16.11,true,true
2022,REG,18,2023010814,2213,4600,SEA,59108,2213.0,"(9:16) G.Smith pass deep middle to T.Lockett for 36 yards, TOUCHDOWN.",2,play_type_pass,3,1,10,4600,09:16,LA 36,36,LA,74,2023-01-08T23:11:06.116Z,false,false,true,false,false,false,12,13,9:16,9:10,right,APPROVED,6,13,true,10.0,83.67,true,true
2022,REG,18,2023010814,3130,4600,SEA,59108,3130.0,(7:57) (No Huddle) G.Smith pass deep right to C.Parkinson to LA 43 for 32 yards (T.Rapp).,2,play_type_pass,4,2,11,4600,07:57,SEA 25,25,SEA,85,2023-01-08T23:51:26.000Z,false,false,false,false,false,false,13,16,7:57,7:51,left,APPROVED,13,16,true,11.05,74.74,true,true
2022,REG,18,2023010815,87,3800,ARI,59109,87.0,"(14:34) (No Huddle, Shotgun) D.Blough pass deep left to A.Green for 77 yards, TOUCHDOWN [S.Ebukam]. 37 YAC",2,play_type_pass,1,2,7,3800,14:34,ARI 23,23,ARI,87,2023-01-08T21:26:25.000Z,false,false,true,false,false,false,0,6,14:36,14:19,left,APPROVED,0,0,true,7.56,80.13,true,true
2022,REG,18,2023010815,274,4500,SF,59109,274.0,"(10:49) (Shotgun) B.Purdy pass short right to C.McCaffrey for 21 yards, TOUCHDOWN. 25 YAC",2,play_type_pass,1,3,4,4500,10:49,ARI 21,21,ARI,89,2023-01-08T21:33:05.000Z,false,false,true,false,false,false,6,6,10:49,10:41,right,APPROVED,0,6,true,4.49,92.74,true,true
2022,REG,18,2023010815,379,4500,SF,59109,379.0,(9:59) (Shotgun) D.Blough sacked at ARZ 20 for -8 yards (sack split by S.Ebukam and C.Omenihu).,2,play_type_sack,1,3,7,3800,09:59,ARI 28,28,ARI,82,2023-01-08T21:38:50.000Z,false,false,false,false,false,false,7,6,9:59,9:56,left,APPROVED,7,6,false,7.46,75.3,true,true
2022,REG,18,2023010815,1091,4500,SF,59109,1091.0,(13:59) (Shotgun) D.Blough pass deep left intended for M.Brown INTERCEPTED by T.Gipson at ARZ 30. T.Gipson to ARZ 18 for 12 yards (G.Dortch).,2,play_type_pass,2,1,10,3800,13:59,ARI 13,13,ARI,23,2023-01-08T22:11:58.000Z,false,false,false,false,false,true,7,6,13:59,13:52,right,APPROVED,7,6,true,10.0,32.64,true,true
2022,REG,18,2023010815,1190,4500,SF,59109,1190.0,"(12:12) (Shotgun) E.Mitchell left guard for 5 yards, TOUCHDOWN.",2,play_type_rush,2,1,5,4500,12:12,ARI 5,5,ARI,15,2023-01-08T22:15:10.000Z,false,false,true,true,false,false,13,6,12:13,12:09,left,APPROVED,7,6,true,4.67,10.0,true,true
2022,REG,18,2023010815,1923,4500,SF,59109,1923.0,"(:24) (Shotgun) B.Purdy pass short left to G.Kittle for 4 yards, TOUCHDOWN. 0 YAC",2,play_type_pass,2,2,4,4500,00:24,ARI 4,4,ARI,14,2023-01-08T22:48:59.000Z,false,false,true,true,false,false,20,13,:24,:20,left,APPROVED,14,13,true,4.26,10.0,true,true
2022,REG,18,2023010815,2094,3800,ARI,59109,2094.0,(13:43) (Shotgun) B.Purdy sacked at SF 38 for -10 yards (J.Watt).,2,play_type_sack,3,2,7,4500,13:43,SF 48,48,SF,62,2023-01-08T23:07:46.000Z,false,false,false,false,false,false,21,13,13:44,13:40,left,APPROVED,21,13,false,8.32,54.58,true,true
2022,REG,18,2023010815,2161,4500,SF,59109,2161.0,(12:15) (Shotgun) E.Mitchell right end pushed ob at ARZ 6 for 37 yards (M.Jones; E.Turner).,2,play_type_rush,3,2,10,4500,12:15,ARI 43,43,ARI,53,2023-01-08T23:09:58.000Z,false,false,false,false,false,false,21,13,12:15,12:08,left,APPROVED,21,13,true,10.36,42.96,true,true
2022,REG,18,2023010815,2194,4500,SF,59109,2194.0,"(11:36) (Shotgun) E.Mitchell left tackle for 6 yards, TOUCHDOWN.",2,play_type_rush,3,1,6,4500,11:36,ARI 6,6,ARI,16,2023-01-08T23:10:45.000Z,false,false,true,true,false,false,27,13,11:37,11:33,left,APPROVED,21,13,true,6.09,10.0,true,true
2022,REG,18,2023010815,2315,4500,SF,59109,2315.0,(10:38) (Shotgun) D.Blough pass deep left intended for M.Brown INTERCEPTED by T.Gipson at SF 43. T.Gipson to ARZ 34 for 23 yards (B.Price).,2,play_type_pass,3,3,10,3800,10:38,ARI 15,15,ARI,25,2023-01-08T23:17:16.000Z,false,false,false,false,false,true,28,13,10:38,10:24,right,APPROVED,28,13,true,10.96,34.89,true,true
2022,REG,18,2023010815,2627,4500,SF,59109,2627.0,"(4:22) (Shotgun) D.Blough sacked at ARZ 26 for -4 yards (J.Willis). FUMBLES (J.Willis) [J.Willis], RECOVERED by SF-M.Dwumfour at ARZ 28.",2,play_type_sack,3,2,9,3800,04:22,ARI 30,30,ARI,40,2023-01-08T23:28:34.000Z,false,false,false,false,false,true,31,13,4:23,4:15,right,APPROVED,31,13,false,9.2,48.46,true,true
2022,REG,18,2023010815,2799,4500,SF,59109,2799.0,"(1:06) B.Purdy pass short right to G.Kittle for 1 yard, TOUCHDOWN.",2,play_type_pass,3,3,1,4500,01:06,ARI 1,1,ARI,11,2023-01-08T23:36:52.000Z,false,false,true,true,false,false,37,13,1:08,1:04,left,APPROVED,31,13,true,0.59,10.0,true,true
2022,REG,18,2023010815,2835,3800,ARI,59109,2835.0,R.Gould kicks 65 yards from SF 35 to ARZ 0. P.Cooper to ARZ 33 for 33 yards (O.Burks).,32,play_type_kickoff,3,0,0,4500,01:01,SF 35,35,SF,75,2023-01-08T23:40:30.000Z,true,false,false,false,false,true,38,13,1:01,:57,left,APPROVED,38,13,false,,,true,true
2022,REG,18,2023010815,3483,4500,SF,59109,3483.0,(2:47) (Shotgun) T.McSorley pass deep middle intended for A.Green INTERCEPTED by G.Odum at ARZ 38. G.Odum pushed ob at ARZ 13 for 25 yards (K.Ingram).,2,play_type_pass,4,1,10,3800,02:47,ARI 14,14,ARI,96,2023-01-09T00:09:00.000Z,false,false,false,false,false,true,38,13,2:48,2:31,left,APPROVED,38,13,true,10.0,86.32,true,true
2022,REG,18,2023010815,3591,4500,SF,59109,3591.0,(:33) T.Davis-Price left tackle to ARZ 7 for 3 yards (T.Vallejo; I.Simmons).,2,play_type_rush,4,4,7,4500,00:33,ARI 10,10,ARI,100,2023-01-09T00:16:18.000Z,false,false,false,false,false,true,38,13,:34,:30,right,APPROVED,38,13,true,7.18,106.97,true,true
2022,POST,19,2023011400,107,4500,SF,59159,107.0,(13:28) (Shotgun) G.Smith sacked at SEA 18 for -10 yards (A.Armstead).,2,play_type_sack,1,3,2,4600,13:28,SEA 28,28,SEA,38,2023-01-14T21:35:08.000Z,false,false,false,false,false,false,0,0,13:29,13:25,right,APPROVED,0,0,false,2.47,39.71,true,true
2022,POST,19,2023011400,567,4500,SF,59159,567.0,"(5:17) (Shotgun) B.Purdy pass short right to C.McCaffrey for 3 yards, TOUCHDOWN. 5 YAC",2,play_type_pass,1,2,3,4500,05:17,SEA 3,3,SEA,13,2023-01-14T21:53:27.000Z,false,false,true,true,false,false,9,0,5:18,5:12,left,APPROVED,3,0,true,2.95,10.0,true,true
2022,POST,19,2023011400,976,4600,SEA,59159,976.0,"(13:19) K.Walker left end for 7 yards, TOUCHDOWN.",2,play_type_rush,2,1,7,4600,13:19,SF 7,7,SF,17,2023-01-14T22:13:39.000Z,false,false,true,true,false,false,10,6,13:19,13:15,left,APPROVED,10,0,true,7.91,10.0,true,true
2022,POST,19,2023011400,1427,4600,SEA,59159,1427.0,"(5:08) (Shotgun) G.Smith pass deep left to D.Metcalf for 50 yards, TOUCHDOWN. 14 YAC",2,play_type_pass,2,3,3,4600,05:08,50,50,,60,2023-01-14T22:33:26.000Z,false,false,true,false,false,false,13,13,5:09,5:02,left,APPROVED,13,7,true,3.72,56.96,true,true
2022,POST,19,2023011400,2426,4600,SEA,59159,2426.0,(6:41) G.Smith pass short right to D.Metcalf to SF 48 for 25 yards (A.Al-Shaair; T.Hufanga). 15 YAC,2,play_type_pass,3,2,8,4600,06:41,SEA 27,27,SEA,37,2023-01-14T23:26:07.000Z,false,false,false,false,false,false,23,17,6:43,6:35,right,APPROVED,23,17,true,8.64,44.68,true,true
2022,POST,19,2023011400,2751,4500,SF,59159,2751.0,"(2:31) (Shotgun) G.Smith sacked at SF 26 for -7 yards (C.Omenihu). FUMBLES (C.Omenihu), RECOVERED by SF-N.Bosa at SF 30.",2,play_type_sack,3,3,14,4600,02:31,SF 19,19,SF,91,2023-01-14T23:37:38.000Z,false,false,false,false,false,true,23,17,2:31,2:26,right,APPROVED,23,17,false,14.44,105.01,true,true
2022,POST,19,2023011400,2890,4500,SF,59159,2890.0,(15:00) 5 YAC B.Purdy pass deep left to J.Jennings to SEA 7 for 33 yards (Q.Diggs). 5 YAC,2,play_type_pass,4,2,11,4500,15:00,SEA 40,40,SEA,70,2023-01-14T23:46:22.000Z,false,false,false,false,false,false,23,17,15:00,14:56,right,APPROVED,23,17,true,11.71,81.03,true,true
2022,POST,19,2023011400,2941,4500,SF,59159,2941.0,"(14:10) (Shotgun) B.Purdy pass short right to E.Mitchell for 7 yards, TOUCHDOWN. 9 YAC",2,play_type_pass,4,2,7,4500,14:10,SEA 7,7,SEA,103,2023-01-14T23:47:50.000Z,false,false,true,true,false,false,29,17,14:10,14:03,right,APPROVED,23,17,true,7.69,110.0,true,true
2022,POST,19,2023011400,3237,4500,SF,59159,3237.0,"(11:04) B.Purdy pass short left to D.Samuel for 74 yards, TOUCHDOWN. 66 YAC",2,play_type_pass,4,2,8,4500,11:04,SF 26,26,SF,36,2023-01-15T00:01:33.000Z,false,false,true,false,false,false,37,17,11:05,10:52,right,APPROVED,31,17,true,8.77,43.54,true,true
2022,POST,19,2023011400,3301,4500,SF,59159,3301.0,(10:51) G.Smith pass deep right intended for T.Lockett INTERCEPTED by D.Lenoir at SEA 43. D.Lenoir pushed ob at SEA 37 for 6 yards (T.Lockett).,2,play_type_pass,4,1,10,4600,10:51,SEA 25,25,SEA,85,2023-01-15T00:06:06.000Z,false,false,false,false,false,true,38,17,10:51,10:47,left,APPROVED,38,17,true,10.0,75.25,true,true
2022,POST,19,2023011400,4087,4600,SEA,59159,4087.0,"(1:52) (Shotgun) G.Smith pass short right to D.Metcalf for 3 yards, TOUCHDOWN. 0 YAC",2,play_type_pass,4,2,3,4600,01:52,SF 3,3,SF,13,2023-01-15T00:29:41.000Z,false,false,true,true,false,false,41,23,1:52,1:49,left,APPROVED,41,17,true,3.51,10.0,true,true
2022,POST,19,2023011401,85,4400,LAC,59160,85.0,(14:23) (Shotgun) T.Lawrence pass short middle intended for C.Kirk INTERCEPTED by D.Tranquill (S.Joseph) at JAX 33. D.Tranquill to JAX 18 for 15 yards (M.Jones; W.Little).,2,play_type_pass,1,2,6,2250,14:23,JAX 28,28,JAX,82,2023-01-15T01:16:51.000Z,false,false,false,false,false,true,0,0,14:25,14:14,left,APPROVED,0,0,true,6.73,76.08,true,true
2022,POST,19,2023011401,135,4400,LAC,59160,135.0,"(13:40) A.Ekeler right guard for 13 yards, TOUCHDOWN.",2,play_type_rush,1,2,5,4400,13:40,JAX 13,13,JAX,97,2023-01-15T01:18:18.000Z,false,false,true,false,false,false,0,6,13:41,13:37,right,APPROVED,0,0,true,5.1,101.79,true,true
2022,POST,19,2023011401,373,4400,LAC,59160,373.0,(10:11) (Shotgun) T.Lawrence pass short right intended for Z.Jones INTERCEPTED by A.Samuel at LAC 23. A.Samuel to LAC 39 for 16 yards (E.Engram).,2,play_type_pass,1,4,7,2250,10:11,LAC 33,33,LAC,43,2023-01-15T01:28:04.000Z,false,false,false,false,false,true,0,7,10:11,10:03,left,APPROVED,0,7,true,8.44,35.93,true,true
2022,POST,19,2023011401,938,4400,LAC,59160,938.0,(2:09) (Shotgun) T.Lawrence pass short right intended for E.Engram INTERCEPTED by A.Samuel at JAX 20. A.Samuel to JAX 16 for 4 yards (L.Fortner).,2,play_type_pass,1,3,5,2250,02:09,JAX 19,19,JAX,91,2023-01-15T01:54:02.000Z,false,false,false,false,false,true,0,10,2:10,2:04,left,APPROVED,0,10,true,,,true,true
2022,POST,19,2023011401,1006,4400,LAC,59160,1006.0,"(:49) A.Ekeler left end for 6 yards, TOUCHDOWN.",2,play_type_rush,1,1,6,4400,00:49,JAX 6,6,JAX,104,2023-01-15T01:56:14.000Z,false,false,true,true,false,false,0,16,:49,:44,right,APPROVED,0,10,true,6.340000000000003,110.0,true,true
2022,POST,19,2023011401,1307,4400,LAC,59160,1307.0,(10:25) (Shotgun) J.Herbert pass short middle to K.Allen to JAX 23 for 23 yards (A.Cisco).,2,play_type_pass,2,3,11,4400,10:25,JAX 46,46,JAX,56,2023-01-15T02:10:06.000Z,false,false,false,false,false,false,0,17,10:26,10:20,left,APPROVED,0,17,true,11.93,45.33,true,true
2022,POST,19,2023011401,1454,4400,LAC,59160,1454.0,"(7:17) (Shotgun) J.Herbert pass short right to G.Everett for 9 yards, TOUCHDOWN.",2,play_type_pass,2,3,9,4400,07:17,JAX 9,9,JAX,19,2023-01-15T02:14:21.000Z,false,false,true,true,false,false,0,23,7:18,7:13,left,APPROVED,0,17,true,9.73,10.0,true,true
2022,POST,19,2023011401,1495,2250,JAX,59160,1495.0,C.Dicker kicks 67 yards from LAC 35 to JAX -2. J.Agnew ran ob at 50 for 52 yards (C.Dicker).,32,play_type_kickoff,2,0,0,4400,07:12,LAC 35,35,LAC,75,2023-01-15T02:17:58.000Z,true,false,false,false,false,true,0,24,7:12,7:04,left,APPROVED,0,24,true,,,true,true
2022,POST,19,2023011401,1571,4400,LAC,59160,1571.0,(6:55) (Shotgun) T.Lawrence pass deep middle intended for E.Engram INTERCEPTED by A.Samuel at LAC 32. A.Samuel to LAC 32 for no gain (E.Engram).,2,play_type_pass,2,3,10,2250,06:55,50,50,,60,2023-01-15T02:20:22.000Z,false,false,false,false,false,true,0,24,6:55,6:51,right,APPROVED,0,24,true,10.4,70.0,true,true
2022,POST,19,2023011401,1674,2250,JAX,59160,1674.0,"(5:28) J.Scott punts 35 yards to JAX 25, Center-J.Harris. C.Claybrooks MUFFS catch, RECOVERED by LAC-A.Ogbongbemiga at JAX 6.",2,play_type_punt,2,4,2,4400,05:28,LAC 40,40,LAC,70,2023-01-15T02:27:51.000Z,true,false,false,false,false,false,0,24,5:29,5:18,left,APPROVED,0,24,false,2.55,68.3,true,true
2022,POST,19,2023011401,2187,2250,JAX,59160,2187.0,"(:28) (Shotgun) T.Lawrence pass short middle to E.Engram for 9 yards, TOUCHDOWN.",2,play_type_pass,2,2,5,2250,00:28,LAC 9,9,LAC,101,2023-01-15T02:47:47.000Z,false,false,true,false,false,false,6,27,:28,:24,right,APPROVED,0,27,true,5.16,105.76,true,true
2022,POST,19,2023011401,2350,4400,LAC,59160,2350.0,"(13:48) (Shotgun) J.Herbert pass short left to G.Everett pushed ob at JAX 49 for 25 yards (T.Campbell) [F.Oluokun]. Penalty on JAX-T.Walker, Defensive Offside, declined.",2,play_type_pass,3,3,9,4400,13:48,LAC 26,26,LAC,36,2023-01-15T03:06:11.000Z,false,false,false,false,false,false,7,27,13:50,13:40,right,APPROVED,7,27,true,9.1,44.68,true,true
2022,POST,19,2023011401,2868,2250,JAX,59160,2868.0,"(5:16) (Shotgun) T.Lawrence pass short left to M.Jones for 6 yards, TOUCHDOWN.",2,play_type_pass,3,3,6,2250,05:16,LAC 6,6,LAC,16,2023-01-15T03:24:56.000Z,false,false,true,true,false,false,13,27,5:18,5:12,left,APPROVED,7,27,true,6.37,10.0,true,true
2022,POST,19,2023011401,3194,2250,JAX,59160,3194.0,"(:50) (No Huddle, Shotgun) T.Lawrence pass deep left to Z.Jones for 39 yards, TOUCHDOWN.",2,play_type_pass,3,1,10,2250,00:50,LAC 39,39,LAC,49,2023-01-15T03:37:26.000Z,false,false,true,false,false,false,20,30,:51,:45,left,APPROVED,14,30,true,10.0,39.11,true,true
2022,POST,19,2023011401,4266,2250,JAX,59160,4266.0,(1:27) T.Etienne right end to LAC 16 for 25 yards (D.Tranquill).,2,play_type_rush,4,4,1,2250,01:27,LAC 41,41,LAC,69,2023-01-15T04:25:19.000Z,false,false,false,false,false,false,28,30,1:28,1:21,right,APPROVED,28,30,true,0.46,69.94,true,true
2022,POST,19,2023011500,432,0610,BUF,59161,432.0,(8:51) (Shotgun) J.Allen pass deep left to S.Diggs to MIA 6 for 52 yards (X.Howard).,2,play_type_pass,1,3,15,0610,08:51,BUF 42,42,BUF,52,2023-01-15T18:18:23.000Z,false,false,false,false,false,false,0,0,8:52,,right,APPROVED,0,0,true,15.2,66.54,true,true
2022,POST,19,2023011500,456,0610,BUF,59161,456.0,"(8:02) (Shotgun) J.Allen pass short right to D.Knox for 6 yards, TOUCHDOWN.",2,play_type_pass,1,1,6,0610,08:02,MIA 6,6,MIA,104,2023-01-15T18:19:10.000Z,false,false,true,true,false,false,6,0,8:03,7:58,right,APPROVED,0,0,true,6.530000000000001,110.0,true,true
2022,POST,19,2023011500,537,0610,BUF,59161,537.0,(7:28) (No Huddle) S.Thompson pass short left intended for T.Hill INTERCEPTED by D.Marlowe at MIA 33. D.Marlowe to MIA 23 for 10 yards (A.Ingold).,2,play_type_pass,1,2,8,2700,07:28,MIA 27,27,MIA,83,2023-01-15T18:24:40.000Z,false,false,false,false,false,true,7,0,7:30,7:21,left,APPROVED,7,0,true,8.45,75.35,true,true
2022,POST,19,2023011500,664,0610,BUF,59161,664.0,"(5:12) (Shotgun) J.Cook left tackle for 12 yards, TOUCHDOWN.",2,play_type_rush,1,1,10,0610,05:12,MIA 12,12,MIA,98,2023-01-15T18:28:43.000Z,false,false,true,false,false,false,13,0,5:12,,right,APPROVED,7,0,true,10.0,107.7,true,true
2022,POST,19,2023011500,1616,2700,MIA,59161,1616.0,"(6:18) J.Allen pass deep right intended for J.Brown INTERCEPTED by X.Howard at MIA 3. X.Howard to BUF 48 for 49 yards (D.Knox). Penalty on MIA-C.Wilkins, Unnecessary Roughness, offsetting. Penalty on BUF-M.Morse, Unnecessary Roughness, offsetting.",2,play_type_pass,2,1,10,0610,06:18,BUF 47,47,BUF,63,2023-01-15T19:16:59.000Z,false,false,false,false,false,true,17,3,6:19,6:04,left,APPROVED,17,3,true,10.0,53.1,true,true
2022,POST,19,2023011500,2020,2700,MIA,59161,2020.0,"(1:48) S.Martin punts 47 yards to MIA 23, Center-R.Ferguson. C.Wilson to BUF 27 for 50 yards (S.Martin, Q.Morris).",2,play_type_punt,2,4,8,0610,01:48,BUF 30,30,BUF,80,2023-01-15T19:37:51.000Z,true,false,false,false,false,true,17,6,1:48,1:34,left,APPROVED,17,6,true,8.52,72.41,true,true
2022,POST,19,2023011500,2237,2700,MIA,59161,2237.0,(1:04) (Shotgun) J.Allen pass short left intended for C.Beasley INTERCEPTED by J.Holland (K.Kohou) at BUF 47. J.Holland pushed ob at BUF 18 for 29 yards (D.Singletary).,2,play_type_pass,2,2,10,0610,01:04,BUF 36,36,BUF,74,2023-01-15T19:45:54.000Z,false,false,false,false,false,true,17,9,1:04,:53,left,APPROVED,17,9,true,10.33,64.21,true,true
2022,POST,19,2023011500,2356,2700,MIA,59161,2356.0,"(:36) (Shotgun) S.Thompson pass short middle to M.Gesicki for 7 yards, TOUCHDOWN.",2,play_type_pass,2,1,7,2700,00:36,BUF 7,7,BUF,103,2023-01-15T19:49:11.000Z,false,false,true,true,false,false,17,15,:37,:34,right,APPROVED,17,9,true,6.900000000000006,110.0,true,true
2022,POST,19,2023011500,2775,2700,MIA,59161,2775.0,"(14:07) (Shotgun) J.Allen sacked at BUF 18 for -12 yards (E.Rowe). FUMBLES (E.Rowe), touched at BUF 13, RECOVERED by MIA-Z.Sieler at BUF 5. Z.Sieler for 5 yards, TOUCHDOWN.",2,play_type_sack,3,1,10,0610,14:07,BUF 30,30,BUF,80,2023-01-15T20:18:18.000Z,false,false,true,false,false,true,20,23,14:07,14:00,left,APPROVED,20,17,false,10.0,70.34,true,true
2022,POST,19,2023011500,3366,0610,BUF,59161,3366.0,"(5:22) (Shotgun) J.Allen pass short left to C.Beasley for 6 yards, TOUCHDOWN.",2,play_type_pass,3,1,6,0610,05:22,MIA 6,6,MIA,16,2023-01-15T20:45:12.000Z,false,false,true,true,false,false,26,24,5:23,5:19,left,APPROVED,20,24,true,6.57,10.0,true,true
2022,POST,19,2023011500,3624,0610,BUF,59161,3624.0,(2:55) (Shotgun) J.Allen pass short middle to C.Beasley to MIA 23 for 29 yards (K.Kohou).,2,play_type_pass,3,3,6,0610,02:55,BUF 48,48,BUF,62,2023-01-15T20:56:17.000Z,false,false,false,false,false,false,27,24,2:55,2:49,left,APPROVED,27,24,true,6.23,56.53,true,true
2022,POST,19,2023011500,3648,0610,BUF,59161,3648.0,"(2:12) (Shotgun) J.Allen pass deep left to G.Davis for 23 yards, TOUCHDOWN.",2,play_type_pass,3,1,10,0610,02:12,MIA 23,23,MIA,33,2023-01-15T20:57:00.000Z,false,false,true,false,false,false,33,24,2:13,2:07,left,APPROVED,27,24,true,10.0,23.29,true,true
2022,POST,19,2023011501,555,3410,NYG,59162,555.0,"(5:19) S.Barkley left end for 28 yards, TOUCHDOWN.",2,play_type_rush,1,1,10,3410,05:19,MIN 28,28,MIN,82,2023-01-15T22:08:44.000Z,false,false,true,false,false,false,7,6,5:19,5:12,right,APPROVED,7,0,true,10.0,91.12,true,true
2022,POST,19,2023011501,710,3410,NYG,59162,710.0,(3:06) D.Jones pass deep right to D.Slayton pushed ob at MIN 34 for 47 yards (C.Bynum).,2,play_type_pass,1,1,10,3410,03:06,NYG 19,19,NYG,29,2023-01-15T22:19:13.000Z,false,false,false,false,false,false,7,7,3:06,2:58,right,APPROVED,7,7,true,10.0,38.91,true,true
2022,POST,19,2023011501,784,3410,NYG,59162,784.0,"(1:08) (Shotgun) D.Jones pass short middle to I.Hodgins for 14 yards, TOUCHDOWN.",2,play_type_pass,1,1,10,3410,01:08,MIN 14,14,MIN,96,2023-01-15T22:21:18.000Z,false,false,true,false,false,false,7,13,1:09,1:05,right,APPROVED,7,7,true,10.0,105.97,true,true
2022,POST,19,2023011501,1557,3000,MIN,59162,1557.0,(2:36) (Shotgun) K.Cousins pass short left to T.Hockenson to NYG 47 for 27 yards (T.Jefferson; X.McKinney).,2,play_type_pass,2,3,9,3000,02:36,MIN 26,26,MIN,36,2023-01-15T22:54:37.000Z,false,false,false,false,false,false,7,17,2:36,2:28,right,APPROVED,7,17,true,9.65,44.76,true,true
2022,POST,19,2023011501,1602,3000,MIN,59162,1602.0,"(2:00) (Shotgun) K.Cousins pass short right to T.Hockenson to NYG 21 for 28 yards (J.Love, D.Holmes) [T.Jefferson].",2,play_type_pass,2,2,12,3000,02:00,NYG 49,49,NYG,61,2023-01-15T22:58:10.000Z,false,false,false,false,false,false,7,17,2:00,1:55,right,APPROVED,7,17,true,12.35,72.96,true,true
2022,POST,19,2023011501,1678,3000,MIN,59162,1678.0,"(:50) (Shotgun) K.Cousins pass short middle to K.Osborn for 9 yards, TOUCHDOWN.",2,play_type_pass,2,1,9,3000,00:50,NYG 9,9,NYG,101,2023-01-15T23:00:21.000Z,false,false,true,true,false,false,13,17,:50,,right,APPROVED,7,17,true,10.219999999999999,110.0,true,true
2022,POST,19,2023011501,1959,3410,NYG,59162,1959.0,(13:43) (Shotgun) D.Jones pass short left to S.Barkley ran ob at MIN 44 for 24 yards (D.Shelley).,2,play_type_pass,3,3,3,3410,13:43,NYG 32,32,NYG,42,2023-01-15T23:24:05.000Z,false,false,false,false,false,false,14,17,13:43,,right,APPROVED,14,17,true,3.59,44.76,true,true
2022,POST,19,2023011501,2038,3410,NYG,59162,2038.0,"(11:42) D.Jones pass short left to D.Bellinger for 9 yards, TOUCHDOWN.",2,play_type_pass,3,2,7,3410,11:42,MIN 9,9,MIN,101,2023-01-15T23:26:16.000Z,false,false,true,false,false,false,14,23,11:42,11:38,right,APPROVED,14,17,true,7.45,107.94,true,true
2022,POST,19,2023011501,2286,3000,MIN,59162,2286.0,"(7:50) (Shotgun) K.Cousins pass short left to I.Smith for 3 yards, TOUCHDOWN. Penalty on NYG-J.Davis, Defensive Offside, declined.",2,play_type_pass,3,2,3,3000,07:50,NYG 3,3,NYG,13,2023-01-15T23:36:19.000Z,false,false,true,true,false,false,20,24,7:51,7:47,left,APPROVED,14,24,true,3.39,10.0,true,true
2022,POST,19,2023011501,2462,3000,MIN,59162,2462.0,(4:57) (Shotgun) D.Jones sacked at NYG 33 for -5 yards (D.Hunter).,2,play_type_sack,3,3,7,3410,04:57,NYG 38,38,NYG,48,2023-01-15T23:44:36.000Z,false,false,false,false,false,false,21,24,4:57,4:54,right,APPROVED,21,24,false,7.94,55.08,true,true
2022,POST,19,2023011502,513,0920,CIN,59163,513.0,(6:06) (Shotgun) T.Huntley pass short right intended for M.Andrews INTERCEPTED by A.Davis-Gaither at CIN 40. A.Davis-Gaither to CIN 40 for no gain (M.Andrews).,2,play_type_pass,1,2,6,0325,06:06,CIN 46,46,CIN,56,2023-01-16T01:31:56.000Z,false,false,false,false,false,true,3,0,6:07,6:00,left,APPROVED,3,0,true,6.51,50.14,true,true
2022,POST,19,2023011502,814,0920,CIN,59163,814.0,"(15:00) (Shotgun) J.Burrow pass short middle to J.Chase for 7 yards, TOUCHDOWN [C.Campbell].",2,play_type_pass,2,2,7,0920,15:00,BAL 7,7,BAL,17,2023-01-16T01:46:04.000Z,false,false,true,true,false,false,9,0,15:00,14:57,left,APPROVED,3,0,true,7.6,10.0,true,true
2022,POST,19,2023011502,1270,0325,BAL,59163,1270.0,"(4:59) (Shotgun) T.Huntley pass short right to J.Dobbins for 2 yards, TOUCHDOWN.",2,play_type_pass,2,3,2,0325,04:59,CIN 2,2,CIN,108,2023-01-16T02:03:14.000Z,false,false,true,true,false,false,9,6,5:00,4:55,right,APPROVED,9,0,true,2.26,110.0,true,true
2022,POST,19,2023011502,2461,0325,BAL,59163,2461.0,"(2:20) (Shotgun) T.Huntley pass deep left to D.Robinson for 41 yards, TOUCHDOWN.",2,play_type_pass,3,2,10,0325,02:20,CIN 41,41,CIN,51,2023-01-16T03:13:51.000Z,false,false,true,false,false,false,17,16,2:21,2:15,left,APPROVED,17,10,true,10.46,41.1,true,true
2022,POST,19,2023011502,2733,0325,BAL,59163,2733.0,(13:13) (Shotgun) T.Huntley left end pushed ob at CIN 2 for 35 yards (J.Bates).,2,play_type_rush,4,1,10,0325,13:13,CIN 37,37,CIN,73,2023-01-16T03:31:17.000Z,false,false,false,false,false,false,17,17,13:14,13:06,right,APPROVED,17,17,true,10.0,83.12,true,true
2022,POST,19,2023011502,3159,0325,BAL,59163,3159.0,(8:04) (Shotgun) J.Burrow sacked at CIN 38 for -9 yards (T.Bowser).,2,play_type_sack,4,3,10,0920,08:04,CIN 47,47,CIN,63,2023-01-16T03:50:24.000Z,false,false,false,false,false,false,24,17,8:04,8:02,left,APPROVED,24,17,false,10.51,53.18,true,true
2022,POST,19,2023011502,3224,0325,BAL,59163,3224.0,(6:38) (Shotgun) T.Huntley pass deep left to M.Andrews pushed ob at BLT 48 for 29 yards (E.Apple).,2,play_type_pass,4,2,10,0325,06:38,BAL 19,19,BAL,29,2023-01-16T03:53:19.000Z,false,false,false,false,false,false,24,17,6:39,6:32,right,APPROVED,24,17,true,10.27,38.78,true,true
2022,POST,19,2023011502,3296,0920,CIN,59163,3296.0,(5:15) (Shotgun) T.Huntley sacked at BLT 39 for -9 yards (B.Hill).,2,play_type_sack,4,3,10,0325,05:15,BAL 48,48,BAL,58,2023-01-16T03:55:28.000Z,false,false,false,false,false,false,24,17,5:15,5:11,right,APPROVED,24,17,false,10.2,67.89,true,true
2022,POST,19,2023011600,305,4900,TB,59164,305.0,(12:17) (Shotgun) D.Prescott sacked at DAL 24 for -8 yards (V.Vea).,2,play_type_sack,1,3,7,1200,12:17,DAL 32,32,DAL,78,2023-01-17T01:25:46.000Z,false,false,false,false,false,false,0,0,12:18,12:13,left,APPROVED,0,0,false,7.91,71.54,true,true
2022,POST,19,2023011600,590,1200,DAL,59164,590.0,"(6:34) (Shotgun) D.Prescott pass deep right to D.Schultz for 22 yards, TOUCHDOWN.",2,play_type_pass,1,2,10,1200,06:34,TB 22,22,TB,32,2023-01-17T01:39:00.000Z,false,false,true,false,false,false,0,6,6:35,6:30,left,APPROVED,0,0,true,10.37,22.6,true,true
2022,POST,19,2023011600,977,1200,DAL,59164,977.0,(14:58) (Shotgun) T.Brady pass short middle intended for R.Gage INTERCEPTED by J.Kearse at DAL -9. Touchback.,2,play_type_pass,2,2,5,4900,14:58,DAL 5,5,DAL,15,2023-01-17T01:55:57.000Z,false,false,false,true,false,true,0,6,14:58,14:52,left,APPROVED,0,6,true,5.43,10.0,true,true
2022,POST,19,2023011600,1205,1200,DAL,59164,1205.0,(9:21) D.Prescott pass short right to J.Ferguson to TB 6 for 34 yards (C.Davis).,2,play_type_pass,2,1,10,1200,09:21,TB 40,40,TB,70,2023-01-17T02:02:29.000Z,false,false,false,false,false,false,0,6,9:22,9:14,right,APPROVED,0,6,true,10.0,79.6,true,true
2022,POST,19,2023011600,1792,1200,DAL,59164,1792.0,"(:34) (Shotgun) D.Prescott pass short left to D.Schultz for 11 yards, TOUCHDOWN [L.David].",2,play_type_pass,2,2,4,1200,00:34,TB 11,11,TB,99,2023-01-17T02:29:26.000Z,false,false,true,false,false,false,0,18,:34,:28,right,APPROVED,0,12,true,3.93,102.05,true,true
2022,POST,19,2023011600,2176,1200,DAL,59164,2176.0,(12:28) (Shotgun) D.Prescott pass deep left to C.Lamb ran ob at TB 28 for 26 yards.,2,play_type_pass,3,3,4,1200,12:28,DAL 46,46,DAL,64,2023-01-17T02:57:57.000Z,false,false,false,false,false,false,0,18,12:30,12:23,left,APPROVED,0,18,true,4.65,60.6,true,true
2022,POST,19,2023011600,2284,1200,DAL,59164,2284.0,"(10:11) D.Prescott pass short left to M.Gallup for 2 yards, TOUCHDOWN. The Replay Official reviewed the pass completion ruling, and the play was Upheld. The ruling on the field stands.",2,play_type_pass,3,2,2,1200,10:11,TB 2,2,TB,12,2023-01-17T03:01:37.000Z,false,false,true,true,false,false,0,24,10:12,10:06,left,APPROVED,0,18,true,3.4,10.0,true,true
2022,POST,19,2023011600,3114,4900,TB,59164,3114.0,"(:05) (No Huddle, Shotgun) T.Brady pass deep left to J.Jones for 30 yards, TOUCHDOWN.",2,play_type_pass,3,1,10,4900,00:05,DAL 30,30,DAL,80,2023-01-17T03:34:14.000Z,false,false,true,false,false,false,6,24,:06,:00,right,APPROVED,0,24,true,10.0,89.77,true,true
2022,POST,19,2023011600,3383,1200,DAL,59164,3383.0,"(10:18) (Shotgun) D.Prescott pass short left to C.Lamb for 18 yards, TOUCHDOWN.",2,play_type_pass,4,4,4,1200,10:18,TB 18,18,TB,92,2023-01-17T03:44:34.000Z,false,false,true,false,false,false,6,30,10:19,10:14,right,APPROVED,6,24,true,3.94,95.24,true,false
2022,POST,19,2023011600,4128,4900,TB,59164,4128.0,"(2:09) (No Huddle, Shotgun) T.Brady pass short left to C.Brate for 8 yards, TOUCHDOWN.",2,play_type_pass,4,1,8,4900,02:09,DAL 8,8,DAL,18,2023-01-17T04:15:39.000Z,false,false,true,true,false,false,12,31,2:10,2:06,left,APPROVED,6,31,true,8.68,10.0,true,true
2022,POST,20,2023012100,410,2310,KC,59165,410.0,"(8:02) P.Mahomes pass short right to T.Kelce for 8 yards, TOUCHDOWN.",2,play_type_pass,1,2,8,2310,08:02,JAX 8,8,JAX,102,2023-01-21T21:44:51.000Z,false,false,true,true,false,false,6,0,8:02,7:58,right,APPROVED,0,0,true,8.43,110.0,true,true
2022,POST,20,2023012100,451,2250,JAX,59165,451.0,H.Butker kicks 67 yards from KC 35 to JAX -2. J.Agnew pushed ob at KC 39 for 63 yards (Ja.Watson).,32,play_type_kickoff,1,0,0,2310,07:56,KC 35,35,KC,45,2023-01-21T21:48:48.000Z,true,false,false,false,false,true,7,0,7:56,7:48,right,APPROVED,7,0,true,,,true,true
2022,POST,20,2023012100,1366,2310,KC,59165,1366.0,(5:22) (Shotgun) I.Pacheco left end pushed ob at JAX 4 for 39 yards (T.Campbell).,2,play_type_rush,2,2,10,2310,05:22,JAX 43,43,JAX,53,2023-01-21T22:30:45.000Z,false,false,false,false,false,false,10,7,5:22,5:15,left,APPROVED,10,7,true,10.27,43.12,true,true
2022,POST,20,2023012100,1413,2310,KC,59165,1413.0,"(3:58) (Shotgun) C.Henne pass short left to T.Kelce for 1 yard, TOUCHDOWN.",2,play_type_pass,2,2,1,2310,03:58,JAX 1,1,JAX,11,2023-01-21T22:32:14.000Z,false,false,true,true,false,false,16,7,3:59,3:55,left,APPROVED,10,7,true,1.26,10.0,true,true
2022,POST,20,2023012100,2763,2250,JAX,59165,2763.0,"(13:04) (Shotgun) T.Lawrence pass deep right to Z.Jones pushed ob at KC 22 for 37 yards (Ja.Watson). Penalty on KC-T.McDuffie, Defensive Holding, declined.",2,play_type_pass,4,2,9,2250,13:04,JAX 41,41,JAX,69,2023-01-21T23:47:00.000Z,false,false,false,false,false,false,20,10,13:04,12:59,left,APPROVED,20,10,true,9.2,60.16,true,true
2022,POST,20,2023012100,2824,2250,JAX,59165,2824.0,"(11:53) T.Etienne right end for 4 yards, TOUCHDOWN.",2,play_type_rush,4,1,4,2250,11:53,KC 4,4,KC,14,2023-01-21T23:48:46.000Z,false,false,true,true,false,false,20,16,,11:51,left,APPROVED,20,10,true,4.34,10.0,true,true
2022,POST,20,2023012100,3116,2310,KC,59165,3116.0,"(7:13) (Shotgun) P.Mahomes pass short middle to M.Valdes-Scantling for 6 yards, TOUCHDOWN [D.Hamilton].",2,play_type_pass,4,2,6,2310,07:13,JAX 6,6,JAX,104,2023-01-22T00:00:13.000Z,false,false,true,true,false,false,26,17,7:15,7:09,right,APPROVED,20,17,true,6.89,110.0,true,true
2022,POST,20,2023012101,88,3700,PHI,59166,88.0,(14:22) (Shotgun) J.Hurts pass deep left to D.Smith to NYG 33 for 40 yards (J.Love).,2,play_type_pass,1,2,8,3700,14:22,PHI 27,27,PHI,83,2023-01-22T01:17:06.000Z,false,false,false,false,false,false,0,0,14:23,14:16,left,APPROVED,0,0,true,8.33,75.36,true,true
2022,POST,20,2023012101,231,3700,PHI,59166,231.0,"(10:13) (Shotgun) J.Hurts pass short right to D.Goedert for 16 yards, TOUCHDOWN.",2,play_type_pass,1,3,5,3700,10:13,NYG 16,16,NYG,26,2023-01-22T01:21:20.000Z,false,false,true,false,false,false,6,0,10:13,10:08,left,APPROVED,0,0,true,5.91,20.75,true,true
2022,POST,20,2023012101,446,3700,PHI,59166,446.0,(6:29) (Shotgun) D.Jones sacked at PHI 40 for -5 yards (sack split by J.Sweat and H.Reddick).,2,play_type_sack,1,3,3,3410,06:29,PHI 35,35,PHI,75,2023-01-22T01:33:26.000Z,false,false,false,false,false,false,7,0,6:31,6:25,right,APPROVED,7,0,false,3.83,77.86,true,true
2022,POST,20,2023012101,465,3700,PHI,59166,465.0,(5:46) (Shotgun) D.Jones sacked at PHI 48 for -8 yards (H.Reddick).,2,play_type_sack,1,4,8,3410,05:46,PHI 40,40,PHI,70,2023-01-22T01:34:09.000Z,false,false,false,false,false,true,7,0,5:47,5:43,right,APPROVED,7,0,true,8.72,77.86,true,true
2022,POST,20,2023012101,659,3700,PHI,59166,659.0,"(1:26) (Shotgun) J.Hurts pass short right to D.Smith for 9 yards, TOUCHDOWN.",2,play_type_pass,1,2,9,3700,01:26,NYG 9,9,NYG,19,2023-01-22T01:41:49.000Z,false,false,true,true,false,false,13,0,1:27,1:23,left,APPROVED,7,0,true,9.44,10.0,true,true
2022,POST,20,2023012101,746,3700,PHI,59166,746.0,(:34) (Shotgun) D.Jones pass short left intended for D.Slayton INTERCEPTED by J.Bradberry at PHI 46. J.Bradberry to NYG 46 for 8 yards (N.Gates).,2,play_type_pass,1,1,10,3410,00:34,PHI 49,49,PHI,61,2023-01-22T01:47:08.000Z,false,false,false,false,false,true,14,0,:34,:29,right,APPROVED,14,0,true,10.0,70.52,true,true
2022,POST,20,2023012101,1189,3700,PHI,59166,1189.0,"(7:34) (No Huddle, Shotgun) B.Scott up the middle for 3 yards, TOUCHDOWN.",2,play_type_rush,2,1,3,3700,07:34,NYG 3,3,NYG,107,2023-01-22T02:09:00.000Z,false,false,true,true,false,false,20,0,7:34,7:31,right,APPROVED,14,0,true,3.9399999999999977,110.0,true,true
2022,POST,20,2023012101,1665,3700,PHI,59166,1665.0,"(:48) (Shotgun) J.Hurts left end for 5 yards, TOUCHDOWN.",2,play_type_rush,2,2,5,3700,00:48,NYG 5,5,NYG,105,2023-01-22T02:33:30.000Z,false,false,true,true,false,false,27,0,:49,:45,right,APPROVED,21,0,true,6.25,110.0,true,true
2022,POST,20,2023012101,2122,3410,NYG,59166,2122.0,(11:10) (Shotgun) S.Barkley left guard to PHI 41 for 39 yards (M.Epps).,2,play_type_rush,3,3,2,3410,11:10,NYG 20,20,NYG,90,2023-01-22T03:06:20.000Z,false,false,false,false,false,false,28,0,11:11,11:04,left,APPROVED,28,0,true,2.34,87.63,true,true
2022,POST,20,2023012101,2290,3410,NYG,59166,2290.0,"(6:20) (Shotgun) Direct snap to S.Barkley.  M.Breida left end for 8 yards, TOUCHDOWN.",2,play_type_rush,3,1,8,3410,06:20,PHI 8,8,PHI,18,2023-01-22T03:12:11.000Z,false,false,true,true,false,false,28,6,6:21,6:16,left,APPROVED,28,0,true,8.219999999999999,10.0,true,true
2022,POST,20,2023012101,2345,3700,PHI,59166,2345.0,(6:15) (Shotgun) J.Hurts pass short left to D.Goedert pushed ob at PHI 48 for 23 yards (X.McKinney).,2,play_type_pass,3,1,10,3700,06:15,PHI 25,25,PHI,35,2023-01-22T03:16:53.000Z,false,false,false,false,false,false,28,7,6:15,6:10,right,APPROVED,28,7,true,10.0,44.29,true,true
2022,POST,20,2023012101,3433,3700,PHI,59166,3433.0,"(2:00) (Shotgun) K.Gainwell left end for 35 yards, TOUCHDOWN.",2,play_type_rush,4,3,9,3700,02:00,NYG 35,35,NYG,45,2023-01-22T04:00:53.000Z,false,false,true,false,false,false,37,7,2:00,1:52,left,APPROVED,31,7,true,9.65,35.63,true,true
2022,POST,20,2023012200,182,0920,CIN,59167,182.0,"(11:48) (Shotgun) J.Burrow pass deep middle to J.Chase for 28 yards, TOUCHDOWN.",2,play_type_pass,1,2,3,0920,11:48,BUF 28,28,BUF,38,2023-01-22T20:06:18.000Z,false,false,true,false,false,false,0,6,11:49,11:42,left,APPROVED,0,0,true,3.4,35.37,true,true
2022,POST,20,2023012200,582,0920,CIN,59167,582.0,"(3:51) (Shotgun) J.Burrow pass short right to H.Hurst for 15 yards, TOUCHDOWN.",2,play_type_pass,1,3,7,0920,03:51,BUF 15,15,BUF,25,2023-01-22T20:22:34.000Z,false,false,true,false,false,false,0,13,3:52,3:48,left,APPROVED,0,7,true,6.94,18.51,true,true
2022,POST,20,2023012200,1198,0610,BUF,59167,1198.0,(9:32) (Shotgun) J.Allen pass deep right to K.Shakir pushed ob at CIN 4 for 23 yards (J.Bates) [B.Hill].,2,play_type_pass,2,2,16,0610,09:32,CIN 27,27,CIN,37,2023-01-22T20:47:30.000Z,false,false,false,false,false,false,0,14,9:32,9:26,left,APPROVED,0,14,true,16.92,21.03,true,true
2022,POST,20,2023012200,4112,0920,CIN,59167,4112.0,(1:13) (Shotgun) J.Allen pass deep right intended for C.Beasley INTERCEPTED by C.Taylor-Britt at CIN 2. C.Taylor-Britt to CIN 2 for no gain.,2,play_type_pass,4,2,4,0610,01:13,CIN 37,37,CIN,73,2023-01-22T23:01:44.000Z,false,false,false,false,false,true,10,27,1:13,1:05,right,APPROVED,10,27,true,4.46,76.74,true,true
2022,POST,20,2023012201,77,1200,DAL,59168,77.0,(14:26) (Shotgun) B.Purdy sacked at SF 16 for -9 yards (O.Odighizuwa).,2,play_type_sack,1,2,10,4500,14:26,SF 25,25,SF,85,2023-01-22T23:42:17.000Z,false,false,false,false,false,false,0,0,14:26,14:22,left,APPROVED,0,0,false,10.55,74.91,true,true
2022,POST,20,2023012201,544,4500,SF,59168,544.0,(5:55) (Shotgun) D.Prescott pass short left intended for M.Gallup INTERCEPTED by D.Lenoir at DAL 27. D.Lenoir pushed ob at DAL 21 for 6 yards (E.Elliott).,2,play_type_pass,1,3,9,1200,05:55,DAL 21,21,DAL,31,2023-01-23T00:00:20.000Z,false,false,false,false,false,true,0,0,5:57,5:50,right,APPROVED,0,0,true,9.62,39.54,true,true
2022,POST,20,2023012201,1142,1200,DAL,59168,1142.0,"(9:30) D.Prescott pass short right to D.Schultz for 4 yards, TOUCHDOWN. 3 YAC",2,play_type_pass,2,1,4,1200,09:30,SF 4,4,SF,14,2023-01-23T00:21:54.000Z,false,false,true,true,false,false,3,6,9:30,9:26,left,APPROVED,3,0,true,4.23,10.0,true,true
2022,POST,20,2023012201,1717,4500,SF,59168,1717.0,(1:24) (Shotgun) D.Prescott pass short left intended for C.Lamb INTERCEPTED by F.Warner (J.Ward) at SF 12. F.Warner to SF 28 for 16 yards (C.Lamb).,2,play_type_pass,2,2,2,1200,01:24,SF 18,18,SF,28,2023-01-23T00:51:54.000Z,false,false,false,false,false,true,6,6,1:24,1:16,left,APPROVED,6,6,true,2.49,26.35,true,true
2022,POST,20,2023012201,2168,4500,SF,59168,2168.0,"(11:51) B.Anger punts 40 yards to SF 12, Center-M.Overton. R.McCloud to SF 16 for 4 yards (K.Joseph). FUMBLES (K.Joseph), touched at SF 17, RECOVERED by DAL-D.Clark at SF 21.",2,play_type_punt,3,4,5,1200,11:51,DAL 48,48,DAL,58,2023-01-23T01:21:20.000Z,true,false,false,false,false,false,9,6,11:51,11:43,right,APPROVED,9,6,false,5.55,62.2,true,true
2022,POST,20,2023012201,2361,4500,SF,59168,2361.0,B.Maher kicks 65 yards from DAL 35 to SF 0. R.McCloud to DAL 47 for 53 yards (D.Bland).,32,play_type_kickoff,3,0,0,1200,09:08,DAL 35,35,DAL,45,2023-01-23T01:28:51.000Z,true,false,false,false,false,true,9,9,9:08,8:59,right,APPROVED,9,9,true,,,true,true
2022,POST,20,2023012201,2476,1200,DAL,59168,2476.0,"(7:17) D.Prescott pass deep left to C.Lamb to SF 45 for 46 yards (D.Lenoir). Penalty on SF-D.Lenoir, Defensive Pass Interference, declined. 0 YAC",2,play_type_pass,3,1,10,1200,07:17,DAL 9,9,DAL,19,2023-01-23T01:35:17.000Z,false,false,false,false,false,false,9,9,7:17,7:12,right,APPROVED,9,9,true,10.0,28.47,true,true
2022,POST,20,2023012201,2687,4500,SF,59168,2687.0,(5:19) B.Purdy pass deep middle to G.Kittle to DAL 49 for 30 yards (T.Diggs). 4 YAC,2,play_type_pass,3,1,10,4500,05:19,SF 21,21,SF,89,2023-01-23T01:44:37.000Z,false,false,false,false,false,false,9,9,5:20,5:11,left,APPROVED,9,9,true,10.0,79.2,true,true
2022,POST,21,2023012900,259,3700,PHI,59169,259.0,(10:28) (Shotgun) J.Hurts pass deep left to D.Smith to SF 6 for 29 yards (J.Ward) [C.Omenihu].,2,play_type_pass,1,4,3,3700,10:28,SF 35,35,SF,45,2023-01-29T20:14:38.000Z,false,false,false,false,false,false,0,0,10:28,10:21,left,APPROVED,0,0,true,3.68,42.07,true,true
2022,POST,21,2023012900,305,3700,PHI,59169,305.0,"(9:51) (Shotgun) M.Sanders left guard for 6 yards, TOUCHDOWN.",2,play_type_rush,1,2,6,3700,09:51,SF 6,6,SF,16,2023-01-29T20:15:57.000Z,false,false,true,true,false,false,6,0,9:51,9:49,left,APPROVED,0,0,true,6.99,10.0,true,true
2022,POST,21,2023012900,485,3700,PHI,59169,485.0,"(7:03) B.Purdy pass incomplete short left to G.Kittle (H.Reddick). Philadelphia challenged the incomplete pass ruling, and the play was REVERSED. B.Purdy sacked at SF 40 for -10 yards (H.Reddick). FUMBLES (H.Reddick), RECOVERED by PHI-L.Joseph at PHI 44.",2,play_type_sack,1,2,6,4500,07:03,50,50,,60,2023-01-29T20:24:03.000Z,false,false,false,false,false,true,7,0,7:05,6:55,right,APPROVED,7,0,false,6.58,65.79,true,true
2022,POST,21,2023012900,665,3700,PHI,59169,665.0,(4:11) J.Johnson sacked at SF 15 for -9 yards (H.Reddick).,2,play_type_sack,1,2,6,4500,04:11,SF 24,24,SF,34,2023-01-29T20:34:18.000Z,false,false,false,false,false,false,7,0,4:12,4:09,right,APPROVED,7,0,false,6.33,39.66,true,true
2022,POST,21,2023012900,1301,4500,SF,59169,1301.0,"(8:37) C.McCaffrey right end for 23 yards, TOUCHDOWN.",2,play_type_rush,2,2,10,4500,08:37,PHI 23,23,PHI,33,2023-01-29T21:07:36.000Z,false,false,true,false,false,false,7,6,8:37,8:31,left,APPROVED,7,0,true,10.25,23.42,true,true
2022,POST,21,2023012900,1779,3700,PHI,59169,1779.0,"(1:40) (No Huddle, Shotgun) M.Sanders left end for 13 yards, TOUCHDOWN. SF-S.Ebukam was injured during the play.",2,play_type_rush,2,2,5,3700,01:40,SF 13,13,SF,97,2023-01-29T21:27:04.000Z,false,false,true,false,false,false,13,7,1:40,1:37,right,APPROVED,7,7,true,5.75,101.73,true,true
2022,POST,21,2023012900,1983,3700,PHI,59169,1983.0,"(:21) (Shotgun) B.Scott right end for 10 yards, TOUCHDOWN.",2,play_type_rush,2,1,10,3700,00:21,SF 10,10,SF,100,2023-01-29T21:35:31.000Z,false,false,true,true,false,false,20,7,:21,:17,right,APPROVED,14,7,true,10.920000000000002,110.0,true,true
2022,POST,21,2023012900,2173,4500,SF,59169,2173.0,(14:17) (Shotgun) J.Johnson pass short left to G.Kittle pushed ob at SF 44 for 22 yards (J.Bradberry) [J.Sweat].,2,play_type_pass,3,3,13,4500,14:17,SF 22,22,SF,88,2023-01-29T21:56:20.000Z,false,false,false,false,false,false,21,7,14:17,14:11,left,APPROVED,21,7,true,13.59,75.15,true,true
2022,POST,21,2023012900,3484,3700,PHI,59169,3484.0,"(4:13) D.Samuel left end to SF 31 for -7 yards (R.Blankenship). FUMBLES (R.Blankenship), RECOVERED by PHI-R.Blankenship at SF 31.",2,play_type_rush,4,4,3,4500,04:13,SF 38,38,SF,48,2023-01-29T22:59:34.000Z,false,false,false,false,false,true,31,7,4:13,4:05,right,APPROVED,31,7,true,3.54,50.65,true,true
2022,POST,21,2023012901,192,2310,KC,59170,192.0,(13:09) (Shotgun) J.Burrow sacked at CIN 23 for -9 yards (F.Clark).,2,play_type_sack,1,3,9,0920,13:09,CIN 32,32,CIN,78,2023-01-29T23:47:31.000Z,false,false,false,false,false,false,0,0,13:11,,left,APPROVED,0,0,false,10.13,68.94,true,true
2022,POST,21,2023012901,1454,2310,KC,59170,1454.0,"(3:58) (Shotgun) P.Mahomes pass short right to T.Kelce for 14 yards, TOUCHDOWN.",2,play_type_pass,2,4,1,2310,03:58,CIN 14,14,CIN,24,2023-01-30T00:40:25.000Z,false,false,true,false,false,false,12,3,3:59,3:54,left,APPROVED,6,3,true,1.6,23.1,true,true
2022,POST,21,2023012901,2350,0920,CIN,59170,2350.0,"(9:59) (Shotgun) J.Burrow pass deep right to T.Higgins for 27 yards, TOUCHDOWN.",2,play_type_pass,3,3,6,0920,09:59,KC 27,27,KC,37,2023-01-30T01:34:12.000Z,false,false,true,false,false,false,13,12,9:59,9:55,left,APPROVED,13,6,true,6.27,30.96,true,true
2022,POST,21,2023012901,2391,2310,KC,59170,2391.0,E.McPherson kicks 60 yards from CIN 35 to KC 5. S.Moore to KC 23 for 18 yards (M.Bailey; A.Davis-Gaither).,32,play_type_kickoff,3,0,0,0920,09:54,CIN 35,35,CIN,75,2023-01-30T01:38:45.000Z,true,false,false,false,false,true,13,13,9:54,9:52,left,APPROVED,13,13,false,,,true,true
2022,POST,21,2023012901,2686,2310,KC,59170,2686.0,"(4:21) (Shotgun) P.Mahomes pass deep middle to M.Valdes-Scantling for 19 yards, TOUCHDOWN.",2,play_type_pass,3,3,10,2310,04:21,CIN 19,19,CIN,91,2023-01-30T01:55:25.000Z,false,false,true,false,false,false,19,13,4:22,4:17,right,APPROVED,13,13,true,10.5,100.87,true,true
2022,POST,21,2023012901,3016,0920,CIN,59170,3016.0,"(1:00) (Shotgun) P.Mahomes sacked at KC 49 for -5 yards. FUMBLES, RECOVERED by CIN-S.Hubbard at KC 45.",2,play_type_sack,3,1,10,2310,01:00,CIN 46,46,CIN,64,2023-01-30T02:07:05.000Z,false,false,false,false,false,true,20,13,1:01,:57,right,APPROVED,20,13,false,10.0,73.9,true,true
2022,POST,21,2023012901,3141,0920,CIN,59170,3141.0,(15:00) (Shotgun) J.Burrow pass deep left to J.Chase to KC 6 for 35 yards (B.Cook).,2,play_type_pass,4,4,6,0920,15:00,KC 41,41,KC,69,2023-01-30T02:13:23.000Z,false,false,false,false,false,false,20,13,15:00,14:56,right,APPROVED,20,13,true,6.81,74.9,true,true
2022,POST,23,2023021200,507,2310,KC,59171,507.0,"(7:03) (Shotgun) P.Mahomes pass deep right to T.Kelce for 18 yards, TOUCHDOWN.",2,play_type_pass,1,2,8,2310,07:03,PHI 18,18,PHI,92,2023-02-13T00:00:14.000Z,false,false,true,false,false,false,7,6,7:04,6:59,right,APPROVED,7,0,true,8.06,99.7,true,true
2022,POST,23,2023021200,995,3700,PHI,59171,995.0,"(15:00) (Shotgun) J.Hurts pass deep left to A.Brown for 45 yards, TOUCHDOWN.",2,play_type_pass,2,1,10,3700,15:00,KC 45,45,KC,65,2023-02-13T00:25:58.000Z,false,false,true,false,false,false,13,7,15:00,14:54,right,APPROVED,7,7,true,10.0,74.28,true,true
2022,POST,23,2023021200,1527,3700,PHI,59171,1527.0,"(5:28) (No Huddle, Shotgun) J.Hurts up the middle pushed ob at KC 16 for 28 yards (L.Sneed).",2,play_type_rush,2,4,5,3700,05:28,KC 44,44,KC,66,2023-02-13T00:48:03.000Z,false,false,false,false,false,false,14,14,5:29,5:22,right,APPROVED,14,14,true,5.77,70.26,true,true
2022,POST,23,2023021200,1642,3700,PHI,59171,1642.0,"(2:24) (Shotgun) J.Hurts left tackle for 4 yards, TOUCHDOWN.",2,play_type_rush,2,1,4,3700,02:24,KC 4,4,KC,106,2023-02-13T00:51:52.000Z,false,false,true,true,false,false,20,14,2:24,2:21,right,APPROVED,14,14,true,4.590000000000003,110.0,true,true
2022,POST,23,2023021200,3239,2310,KC,59171,3239.0,"(12:08) (Shotgun) P.Mahomes pass short right to K.Toney for 5 yards, TOUCHDOWN.",2,play_type_pass,4,3,3,2310,12:08,PHI 5,5,PHI,105,2023-02-13T02:32:18.000Z,false,false,true,false,false,false,27,27,12:09,12:05,right,APPROVED,27,21,true,3.17,107.9,true,true
2022,POST,23,2023021200,3365,2310,KC,59171,3365.0,"(10:33) A.Siposs punts 38 yards to KC 30, Center-R.Lovato. K.Toney pushed ob at PHI 5 for 65 yards (A.Siposs).",2,play_type_punt,4,4,3,3700,10:33,PHI 32,32,PHI,78,2023-02-13T02:38:57.000Z,true,false,false,false,false,true,27,28,10:33,10:13,left,APPROVED,27,28,true,2.58,75.6,true,true
2022,POST,23,2023021200,3440,2310,KC,59171,3440.0,"(9:26) (Shotgun) P.Mahomes pass short left to S.Moore for 4 yards, TOUCHDOWN.",2,play_type_pass,4,3,4,2310,09:26,PHI 4,4,PHI,106,2023-02-13T02:41:28.000Z,false,false,true,true,false,false,27,34,9:26,9:23,right,APPROVED,27,28,true,4.87,110.0,true,true
2022,POST,23,2023021200,3635,3700,PHI,59171,3635.0,"(5:45) (No Huddle, Shotgun) J.Hurts pass deep left to D.Smith ran ob at KC 2 for 45 yards.",2,play_type_pass,4,1,10,3700,05:45,KC 47,47,KC,57,2023-02-13T02:49:47.000Z,false,false,false,false,false,false,27,35,5:46,5:39,left,APPROVED,27,35,true,10.0,47.48,true,true
