season,season_type,week,scope,threshold,games_played,player_name,position,team_id,player_gsis_id,player_display_name,player_short_name,player_esb_id,player_position_group,player_position,player_jersey_number,player_current_team_id,player_season,player_gsis_it_id,player_smart_id,player_first_name,player_last_name,player_football_name,player_ngs_position,player_ngs_position_group,player_status,player_headshot,attempts,completions,interceptions,completion_percentage,expected_completion_percentage,completion_percentage_above_expectation,pass_yards,pass_touchdowns,passer_rating,avg_time_to_throw,avg_intended_air_yards,avg_completed_air_yards,avg_air_yards_differential,avg_air_distance,max_air_distance,max_completed_air_distance,avg_air_yards_to_sticks,aggressiveness,player_suffix,player_season_type,player_week
2018,POST,18,week,15,1,Lamar Jackson,QB,0325,00-0034796,Lamar Jackson,L.Jackson,JAC323395,QB,QB,8,0325,2018,46101,32004a41-4332-3395-efb0-6c7b75de50af,Lamar,Jackson,Lamar,QB,QB,ACT,https://static.www.nfl.com/image/private/{formatInstructions}/league/rojvfogdbjpld2ldvdop,29,14,1,48.275862068965516,59.57137931034483,-11.295517241379315,194,2,78.80747126436782,3.3172962962962966,9.072962962962963,6.837857142857142,-2.2351058201058214,21.478775752197024,43.910930302146866,43.80230701686841,-0.22333333333333297,10.344827586206897,,POST,18
2018,POST,18,week,15,1,Mitchell Trubisky,QB,0810,00-0033869,Mitchell Trubisky,M.Trubisky,TRU215336,QB,QB,10,0810,2018,44814,32005452-5521-5336-8519-c8cb45ea9b74,Mitchell,Trubisky,Mitchell,QB,QB,ACT,https://static.www.nfl.com/image/private/{formatInstructions}/league/yxl8earcwsagar5mbjfi,43,26,0,60.46511627906976,61.1553488372093,-0.6902325581395417,303,1,89.58333333333334,2.7164047619047618,10.499523809523808,8.038076923076924,-2.4614468864468844,22.841156207781577,54.31340350226636,43.933045649032806,1.6661904761904762,16.27906976744186,,POST,18
2018,POST,18,week,15,1,Dak Prescott,QB,1200,00-0033077,Dak Prescott,D.Prescott,PRE285723,QB,QB,4,1200,2018,43424,32005052-4528-5723-d1b2-96e92ebc1241,Rayne,Prescott,Dak,QB,QB,ACT,https://static.www.nfl.com/image/private/{formatInstructions}/league/httrtiv5us06hh6asf07,33,22,1,66.66666666666666,59.878787878787875,6.787878787878782,226,1,83.6489898989899,3.0731515151515154,7.455454545454544,5.754545454545455,-1.7009090909090894,22.481809119038978,39.89144519818755,37.63361263551507,-1.635454545454546,15.151515151515152,,POST,18
2018,POST,18,week,15,1,Deshaun Watson,QB,2120,00-0033537,Deshaun Watson,D.Watson,WAT338355,QB,QB,4,2120,2018,44824,32005741-5433-8355-e029-e49022cf4b81,Derrick,Watson,Deshaun,QB,QB,ACT,https://static.www.nfl.com/image/private/{formatInstructions}/league/dhtjbkg3d9yrse2vpans,49,29,1,59.183673469387756,67.83061224489795,-8.646938775510193,235,1,69.68537414965986,2.8048367346938776,7.236122448979593,2.873793103448275,-4.362329345531318,19.760112005650228,65.78848683470383,27.715122225961768,-1.253673469387756,8.16326530612245,,POST,18
2018,POST,18,week,15,1,Andrew Luck,QB,2200,00-0029668,Andrew Luck,A.Luck,LUC524055,QB,QB,12,2200,2018,38531,32004c55-4352-4055-1f10-c37ee3d83442,Andrew,Luck,Andrew,QB,QB,ACT,https://static.www.nfl.com/image/private/{formatInstructions}/league/ojix2ha2u58zqozaw756,32,19,1,59.375,57.2540625,2.1209374999999966,222,2,88.28125,2.8737500000000002,10.3159375,9.008947368421055,-1.3069901315789458,21.76067332790732,47.807321614999516,45.22001769128358,2.1284374999999995,18.75,,POST,18
2018,POST,18,week,15,1,Nick Foles,QB,3700,00-0029567,Nick Foles,N.Foles,FOL058566,QB,QB,9,3700,2018,38618,3200464f-4c05-8566-67a5-109ec305cdd5,Nick,Foles,Nick,QB,QB,ACT,https://static.www.nfl.com/image/private/{formatInstructions}/league/urh5iskpc9copfq79exn,40,25,2,62.5,58.65175,3.84825,266,2,77.70833333333333,2.4522000000000004,7.964499999999999,6.066,-1.8984999999999994,20.762953381047947,47.191114629769025,33.83427404275139,-0.7105,27.500000000000004,,POST,18
2018,POST,18,week,15,1,Philip Rivers,QB,4400,00-0022942,Philip Rivers,P.Rivers,RIV651634,QB,QB,17,4400,2018,28956,32005249-5665-1634-a192-77c9c8e6262e,Philip,Rivers,Philip,QB,QB,ACT,https://static.www.nfl.com/image/private/{formatInstructions}/league/adapxtphf15elrdudiix,32,22,0,68.75,63.690625,5.059375000000003,160,0,80.20833333333334,2.46328125,5.834062500000002,2.7309090909090914,-3.1031534090909103,19.724682003780124,35.94352514709707,33.451176361975676,-1.6659374999999996,9.375,,POST,18
2018,POST,18,week,15,1,Russell Wilson,QB,4600,00-0029263,Russell Wilson,R.Wilson,WIL777781,QB,QB,3,4600,2018,38605,32005749-4c77-7781-795c-94c753706d1d,Russell,Wilson,Russell,QB,QB,ACT,https://static.www.nfl.com/image/private/{formatInstructions}/league/rrpzsqysodir9laitnus,27,18,0,66.66666666666666,66.36444444444444,0.3022222222222126,233,1,105.94135802469135,2.815814814814815,8.773333333333333,7.430000000000001,-1.3433333333333328,23.235426065328713,45.32444814887435,45.32444814887435,-1.4118518518518524,18.51851851851852,,POST,18
2018,POST,19,week,15,1,Dak Prescott,QB,1200,00-0033077,Dak Prescott,D.Prescott,PRE285723,QB,QB,4,1200,2018,43424,32005052-4528-5723-d1b2-96e92ebc1241,Rayne,Prescott,Dak,QB,QB,ACT,https://static.www.nfl.com/image/private/{formatInstructions}/league/httrtiv5us06hh6asf07,32,20,0,62.5,73.86875,-11.368750000000006,266,1,99.21875,2.77715625,6.9653125,7.211000000000001,0.2456875000000016,19.19093299803898,44.65280282356305,44.65280282356305,-1.8784374999999995,6.25,,POST,19
2018,POST,19,week,15,1,Andrew Luck,QB,2200,00-0029668,Andrew Luck,A.Luck,LUC524055,QB,QB,12,2200,2018,38531,32004c55-4352-4055-1f10-c37ee3d83442,Andrew,Luck,Andrew,QB,QB,ACT,https://static.www.nfl.com/image/private/{formatInstructions}/league/ojix2ha2u58zqozaw756,36,19,0,52.77777777777778,62.317777777777785,-9.540000000000006,203,1,78.81944444444446,2.8607222222222224,9.134166666666667,7.881052631578948,-1.2531140350877195,22.260277548901428,42.154468327806015,39.80716769628304,-0.3102777777777777,27.77777777777778,,POST,19
2018,POST,19,week,15,1,Patrick Mahomes,QB,2310,00-0033873,Patrick Mahomes,P.Mahomes,MAH401939,QB,QB,15,2310,2018,44822,32004d41-4840-1939-e4c1-bb89191b4e71,Patrick,Mahomes,Patrick,QB,QB,ACT,https://static.www.nfl.com/image/private/{formatInstructions}/league/ugt3pz3jk8v1cbuvj3om,41,27,0,65.85365853658537,73.5087804878049,-7.655121951219527,278,0,85.21341463414635,2.6860731707317065,8.258780487804879,4.306296296296296,-3.9524841915085833,19.346856269433,44.32155457562381,26.344944486561364,-1.350975609756098,7.317073170731707,,POST,19
2018,POST,19,week,15,1,Jared Goff,QB,2510,00-0033106,Jared Goff,J.Goff,GOF219636,QB,QB,16,2510,2018,43290,3200474f-4621-9636-7354-d2eb6365d257,Jared,Goff,Jared,QB,QB,ACT,https://static.www.nfl.com/image/private/{formatInstructions}/league/kke5xst7v1ciq1udqqyr,28,15,0,53.57142857142857,59.955000000000005,-6.383571428571436,186,0,74.40476190476191,2.923074074074074,8.787407407407404,7.588666666666667,-1.198740740740737,21.959568383324612,37.720186903036414,32.639669115969916,1.1577777777777782,25.0,,POST,19
2018,POST,19,week,15,1,Tom Brady,QB,3200,00-0019596,Tom Brady,T.Brady,BRA371156,QB,QB,12,3200,2018,25511,32004252-4137-1156-7ed0-8b9e44948f13,Tom,Brady,Tom,QB,QB,ACT,https://static.www.nfl.com/image/private/{formatInstructions}/league/apkxya5ptb0zalrskshq,44,34,0,77.27272727272727,76.82659090909091,0.4461363636363558,343,1,106.53409090909092,2.3286363636363627,4.260454545454547,3.7438235294117654,-0.5166310160427812,16.662986663075028,43.111177204989424,35.98070733045697,-4.4440909090909075,9.090909090909092,Jr.,POST,19
2018,POST,19,week,15,1,Drew Brees,QB,3300,00-0020531,Drew Brees,D.Brees,BRE229498,QB,QB,9,3300,2018,26250,32004252-4522-9498-de45-55dc89e02748,Drew,Brees,Drew,QB,QB,ACT,https://static.www.nfl.com/image/private/{formatInstructions}/league/i20xlpzdmn7xubotijjd,38,28,1,73.68421052631578,65.09973684210527,8.584473684210508,301,2,103.0701754385965,2.6274054054054057,10.06864864864865,6.307499999999999,-3.7611486486486516,22.71582984347828,51.29285037897582,39.89623541137685,-0.06648648648648632,23.684210526315788,,POST,19
2018,POST,19,week,15,1,Nick Foles,QB,3700,00-0029567,Nick Foles,N.Foles,FOL058566,QB,QB,9,3700,2018,38618,3200464f-4c05-8566-67a5-109ec305cdd5,Nick,Foles,Nick,QB,QB,ACT,https://static.www.nfl.com/image/private/{formatInstructions}/league/urh5iskpc9copfq79exn,31,18,2,58.06451612903226,60.260322580645166,-2.1958064516129028,201,1,61.35752688172044,2.7060967741935484,9.041290322580645,6.205555555555557,-2.8357347670250883,23.804176230184,43.90772597163283,43.54360687862226,0.9767741935483876,22.58064516129032,,POST,19
2018,POST,19,week,15,1,Philip Rivers,QB,4400,00-0022942,Philip Rivers,P.Rivers,RIV651634,QB,QB,17,4400,2018,28956,32005249-5665-1634-a192-77c9c8e6262e,Philip,Rivers,Philip,QB,QB,ACT,https://static.www.nfl.com/image/private/{formatInstructions}/league/adapxtphf15elrdudiix,51,25,1,49.01960784313725,44.803725490196086,4.215882352941165,331,3,81.41339869281046,3.0132745098039226,10.857254901960784,8.218399999999999,-2.6388549019607854,24.835086956553667,50.3866500176386,49.837516992723465,0.6611764705882351,33.33333333333333,,POST,19
2018,POST,20,week,15,1,Patrick Mahomes,QB,2310,00-0033873,Patrick Mahomes,P.Mahomes,MAH401939,QB,QB,15,2310,2018,44822,32004d41-4840-1939-e4c1-bb89191b4e71,Patrick,Mahomes,Patrick,QB,QB,ACT,https://static.www.nfl.com/image/private/{formatInstructions}/league/ugt3pz3jk8v1cbuvj3om,31,16,0,51.61290322580645,57.57322580645161,-5.960322580645162,295,3,117.00268817204301,3.317774193548386,13.139032258064514,9.506875,-3.632157258064513,25.41726400075908,56.18296005017891,52.990619924662134,4.074516129032258,22.58064516129032,,POST,20
2018,POST,20,week,15,1,Jared Goff,QB,2510,00-0033106,Jared Goff,J.Goff,GOF219636,QB,QB,16,2510,2018,43290,3200474f-4621-9636-7354-d2eb6365d257,Jared,Goff,Jared,QB,QB,ACT,https://static.www.nfl.com/image/private/{formatInstructions}/league/kke5xst7v1ciq1udqqyr,40,25,1,62.5,67.64824999999999,-5.14824999999999,297,1,83.02083333333333,2.803,7.154750000000002,7.000400000000001,-0.15435000000000088,20.95786283409629,44.10070294224345,44.10070294224345,-1.0202499999999994,10.0,,POST,20
2018,POST,20,week,15,1,Tom Brady,QB,3200,00-0019596,Tom Brady,T.Brady,BRA371156,QB,QB,12,3200,2018,25511,32004252-4137-1156-7ed0-8b9e44948f13,Tom,Brady,Tom,QB,QB,ACT,https://static.www.nfl.com/image/private/{formatInstructions}/league/apkxya5ptb0zalrskshq,46,30,2,65.21739130434783,62.97326086956523,2.2441304347825977,348,1,77.08333333333334,2.5143260869565216,8.09586956521739,6.203999999999999,-1.891869565217391,20.647470117266774,46.29611862780724,46.29611862780724,-0.31717391304347836,30.434782608695656,Jr.,POST,20
2018,POST,20,week,15,1,Drew Brees,QB,3300,00-0020531,Drew Brees,D.Brees,BRE229498,QB,QB,9,3300,2018,26250,32004252-4522-9498-de45-55dc89e02748,Drew,Brees,Drew,QB,QB,ACT,https://static.www.nfl.com/image/private/{formatInstructions}/league/i20xlpzdmn7xubotijjd,40,26,1,65.0,64.99925,0.0007499999999964757,249,2,88.4375,2.6236500000000005,6.416499999999999,4.15,-2.266499999999999,20.192918860598198,52.70313558034285,52.70313558034285,-2.4085,10.0,,POST,20
2018,POST,22,week,15,1,Jared Goff,QB,2510,00-0033106,Jared Goff,J.Goff,GOF219636,QB,QB,16,2510,2018,43290,3200474f-4621-9636-7354-d2eb6365d257,Jared,Goff,Jared,QB,QB,ACT,https://static.www.nfl.com/image/private/{formatInstructions}/league/kke5xst7v1ciq1udqqyr,38,19,1,50.0,55.23815789473684,-5.238157894736837,229,0,57.89473684210527,3.156621621621621,10.642222222222223,7.355263157894738,-3.286959064327485,23.684066862221364,52.98586698356459,37.268005044541894,1.4200000000000008,26.31578947368421,,POST,22
2018,POST,22,week,15,1,Tom Brady,QB,3200,00-0019596,Tom Brady,T.Brady,BRA371156,QB,QB,12,3200,2018,25511,32004252-4137-1156-7ed0-8b9e44948f13,Tom,Brady,Tom,QB,QB,ACT,https://static.www.nfl.com/image/private/{formatInstructions}/league/apkxya5ptb0zalrskshq,35,21,1,60.0,68.52885714285713,-8.528857142857134,262,0,71.3690476190476,2.443914285714285,7.282285714285713,6.057142857142855,-1.225142857142858,20.53874981318503,45.00363207564474,35.55393086565815,-0.546285714285715,22.857142857142858,Jr.,POST,22
2018,PRE,0,season,30,4,Kurt Benkert,QB,0200,00-0034131,Kurt Benkert,K.Benkert,BEN189471,QB,QB,6,0200,2018,46393,32004245-4e18-9471-1934-0ec3db2d3a5d,Kurt,Benkert,Kurt,QB,QB,DEV,https://static.www.nfl.com/image/private/{formatInstructions}/league/ggb9yhrowsay9p6kttr4,64,28,4,43.75,61.339671310270205,-17.589671310270205,347,0,35.09114583333333,2.7264375,9.93796875,7.153928571428572,-2.784040178571428,21.918717332522494,55.49321129651807,41.88078318274385,-0.10890624999999998,15.625,,,
2018,PRE,0,season,30,3,Robert Griffin III,QB,0325,00-0029665,Robert Griffin III,R.Griffin III,GRI283140,QB,QB,3,0325,2018,38532,32004752-4928-3140-9891-1e10fb560bfb,Robert,Griffin,Robert,QB,QB,ACT,https://static.www.nfl.com/image/private/{formatInstructions}/league/f9gitqxxg3f1uybdcfhc,30,20,0,66.66666666666666,67.23240613937378,-0.5657394727071221,185,1,94.44444444444443,2.791266666666666,7.311999999999999,4.151999999999999,-3.16,20.349349573204968,52.59221425268192,52.59221425268192,-2.521333333333334,20.0,III,,
2018,PRE,0,season,30,4,Lamar Jackson,QB,0325,00-0034796,Lamar Jackson,L.Jackson,JAC323395,QB,QB,8,0325,2018,46101,32004a41-4332-3395-efb0-6c7b75de50af,Lamar,Jackson,Lamar,QB,QB,ACT,https://static.www.nfl.com/image/private/{formatInstructions}/league/rojvfogdbjpld2ldvdop,58,30,0,51.724137931034484,54.17742941384043,-2.4532914828059447,375,2,83.62068965517241,2.8042105263157895,10.407017543859649,5.548999999999999,-4.85801754385965,22.58846551402079,54.948176493856465,39.37921406021202,1.3543859649122805,29.310344827586203,,,
2018,PRE,0,season,30,4,Matt Barkley,QB,0610,00-0030533,Matt Barkley,M.Barkley,BAR192558,QB,QB,5,0610,2018,40046,32004241-5219-2558-104e-c58640a9e77a,Matthew,Barkley,Matt,QB,QB,ACT,https://static.www.nfl.com/image/private/{formatInstructions}/league/lodswmnugxvkpvuurchf,36,17,1,47.22222222222222,58.14061922331651,-10.918397001094291,230,1,65.74074074074075,2.4101388888888895,10.986666666666666,7.4005882352941175,-3.586078431372549,23.244723157999612,63.084812752357436,37.07475960812154,3.3199999999999994,33.33333333333333,,,
2018,PRE,0,season,30,3,Josh Allen,QB,0610,00-0034857,Josh Allen,J.Allen,ALL529264,QB,QB,17,0610,2018,46076,3200414c-4c52-9264-bedc-c4ddaf201fe7,Joshua,Allen,Josh,QB,QB,ACT,https://static.www.nfl.com/image/private/{formatInstructions}/league/uyhjaf2okyygjyfzk8hc,44,24,0,54.54545454545454,58.27835842289708,-3.7329038774425385,210,2,82.57575757575756,3.1155581395348837,10.576744186046513,5.144583333333334,-5.432160852713179,24.217093618487198,63.474008854018344,40.40255932487446,1.0651162790697675,27.27272727272727,,,
2018,PRE,0,season,30,3,Cam Newton,QB,0750,00-0027939,Cam Newton,C.Newton,NEW693984,QB,QB,1,0750,2018,37074,32004e45-5769-3984-c32b-2c25062be531,Cameron,Newton,Cam,QB,QB,ACT,https://static.www.nfl.com/image/private/{formatInstructions}/league/gin1atizg1ga9p0skyu0,38,26,1,68.42105263157895,67.28632781458529,1.1347248169936535,315,1,91.44736842105262,2.840027027027027,7.136216216216215,5.26,-1.876216216216215,21.157203684564408,43.92175429101165,34.99009145458182,-1.5394594594594595,13.157894736842104,,,
2018,PRE,0,season,30,4,Garrett Gilbert,QB,0750,00-0031395,Garrett Gilbert,G.Gilbert,GIL072219,QB,QB,3,0750,2018,41443,32004749-4c07-2219-21b9-4a27a834f437,Garrett,Gilbert,Garrett,QB,QB,ACT,https://static.www.nfl.com/image/private/{formatInstructions}/league/vrenumxjw58ol2jiy4yq,33,19,0,57.57575757575758,58.02821774374355,-0.45246016798596855,185,2,93.62373737373738,2.8640909090909092,7.907878787878787,6.496842105263158,-1.411036682615629,22.230924513443302,52.060619473840305,41.82362609817566,-0.9709090909090907,15.151515151515152,,,
2018,PRE,0,season,30,4,Taylor Heinicke,QB,0750,00-0031800,Taylor Heinicke,T.Heinicke,HEI610185,QB,QB,6,0750,2018,42831,32004845-4961-0185-afff-3aef55a8ec24,Taylor,Heinicke,Taylor,QB,QB,RES,https://static.www.nfl.com/image/private/{formatInstructions}/league/cko0bekbkanqexlmhlus,36,24,1,66.66666666666666,67.50101364321179,-0.8343469765451346,323,2,101.96759259259258,2.6355277777777775,10.291944444444445,9.091666666666667,-1.200277777777778,24.838827050674766,47.01183361665443,47.01183361665443,1.541944444444444,8.333333333333332,,,
2018,PRE,0,season,30,3,Kyle Allen,QB,0750,00-0034577,Kyle Allen,K.Allen,ALL543234,QB,QB,7,0750,2018,46761,3200414c-4c54-3234-6e5f-74f0c92c233b,Kyle,Allen,Kyle,QB,QB,ACT,https://static.www.nfl.com/image/private/{formatInstructions}/league/jecyn8sprawuwe2gs9rz,38,25,0,65.78947368421053,61.36271832020659,4.426755364003945,250,1,93.09210526315789,2.749157894736841,8.16263157894737,5.012800000000001,-3.149831578947368,22.425187865234754,51.00560067286729,36.07933064789313,-0.9163157894736836,10.526315789473683,,,
2018,PRE,0,season,30,3,Chase Daniel,QB,0810,00-0026544,Chase Daniel,C.Daniel,DAN230354,QB,QB,4,0810,2018,34754,32004441-4e23-0354-f686-46d36ead5645,William,Daniel,Chase,QB,QB,ACT,https://static.www.nfl.com/image/private/{formatInstructions}/league/zqu7jyy17dassy385p5e,58,42,1,72.41379310344827,68.52281024229939,3.890982861148885,463,4,111.49425287356323,2.4504736842105266,6.9628070175438594,4.567857142857143,-2.3949498746867164,20.059955127765598,46.54341736486482,40.083325710324985,-1.1599999999999995,10.344827586206897,,,
2018,PRE,0,season,30,3,Tyler Bray,QB,0810,00-0030151,Tyler Bray,T.Bray,BRA780271,QB,QB,9,0810,2018,40611,32004252-4178-0271-63c9-91a5359241fc,Tyler,Bray,Tyler,QB,QB,DEV,https://static.www.nfl.com/image/private/{formatInstructions}/league/rezvtlijhl9iopp2t8lu,63,42,2,66.66666666666666,65.42310236938415,1.2435642972825036,471,0,75.56216931216932,2.3574126984126984,8.881269841269841,6.409285714285713,-2.471984126984128,21.503035728226504,43.12023422941949,43.014439436077744,-0.2457142857142861,14.285714285714285,,,
2018,PRE,0,season,30,3,Andy Dalton,QB,0920,00-0027973,Andy Dalton,A.Dalton,DAL659900,QB,QB,14,0920,2018,37110,32004441-4c65-9900-551d-a31a0423b3ca,Andy,Dalton,Andy,QB,QB,RES,https://static.www.nfl.com/image/private/{formatInstructions}/league/fex1enmwhsyid5jyue7t,31,22,1,70.96774193548387,60.20175960035093,10.76598233513294,324,4,130.91397849462368,2.264548387096774,9.376774193548387,8.252727272727276,-1.1240469208211117,23.046209160268305,55.28906311378409,55.28906311378409,-0.13935483870967674,29.03225806451613,,,
2018,PRE,0,season,30,3,Tom Savage,QB,0920,00-0031064,Tom Savage,T.Savage,SAV166116,QB,QB,5,0920,2018,41364,32005341-5616-6116-769a-5b7d8f6a0055,Thomas,Savage,Tom,QB,QB,ACT,https://static.www.nfl.com/image/private/{formatInstructions}/league/ovqvn8ei0thwn7si83n8,31,23,0,74.19354838709677,68.32306923404816,5.870479153048606,222,0,93.75,2.703161290322581,4.426451612903226,4.729130434782608,0.30267882187938167,20.47024807539139,45.18315615359334,45.18315615359334,-4.121935483870968,9.67741935483871,,,
2018,PRE,0,season,30,4,Jeff Driskel,QB,0920,00-0032436,Jeff Driskel,J.Driskel,DRI392790,QB,QB,6,0920,2018,43496,32004452-4939-2790-3aab-117735a7f4ab,Jeffrey,Driskel,Jeff,QB,QB,ACT,https://static.www.nfl.com/image/private/{formatInstructions}/league/mrglnsl7z78rbilz3be2,58,38,1,65.51724137931035,58.9727035916314,6.544537787678948,451,2,93.39080459770116,2.961526315789474,7.5405263157894735,6.918684210526316,-0.6218421052631573,22.026892108309244,49.501185844381546,47.258570651258594,-1.9682456140350872,13.793103448275861,,,
2018,PRE,0,season,30,4,Connor Cook,QB,0920,00-0032893,Connor Cook,C.Cook,COO045872,QB,QB,18,0920,2018,43389,3200434f-4f04-5872-7e60-9148df96751c,Connor,Cook,Connor,QB,QB,DEV,,51,26,1,50.98039215686274,59.42410319020935,-8.44371103334661,298,2,73.81535947712418,2.7040784313725488,7.857058823529411,5.002307692307691,-2.85475113122172,20.856253869403485,44.63385486376905,32.987421845303395,-1.2409803921568632,17.647058823529413,,,
2018,PRE,0,season,30,4,Baker Mayfield,QB,1050,00-0034855,Baker Mayfield,B.Mayfield,MAY483453,QB,QB,6,1050,2018,46073,32004d41-5948-3453-e6ac-1ecff99fdcf6,Baker,Mayfield,Baker,QB,QB,ACT,https://static.www.nfl.com/image/private/{formatInstructions}/league/mrajlbudbl0hcfzmrqz3,61,35,1,57.377049180327866,57.25022613025102,0.1268230500768439,501,2,88.21721311475409,3.063901639344262,9.125081967213115,7.099714285714286,-2.025367681498829,22.302581771899828,42.156339973958836,39.61684616422666,0.5185245901639345,18.0327868852459,,,
2018,PRE,0,season,30,4,Cooper Rush,QB,1200,00-0033662,Cooper Rush,C.Rush,RUS046607,QB,QB,7,1200,2018,45536,32005255-5304-6607-6ca0-6d97a0d0f253,Cooper,Rush,Cooper,QB,QB,ACT,https://static.www.nfl.com/image/private/{formatInstructions}/league/vpto9d3x5hbwxbkbjlut,74,46,4,62.16216216216216,71.67440512897196,-9.512242966809794,358,1,56.02477477477478,2.5454594594594595,6.510945945945946,3.2876086956521737,-3.2233372502937723,19.92616116792401,55.97205820764499,33.726139713877714,-2.5701351351351347,10.81081081081081,,,
2018,PRE,0,season,30,4,Mike White,QB,1200,00-0034401,Mike White,Mi.White,WHI367864,QB,QB,3,1200,2018,46240,32005748-4936-7864-3ac7-015862958e61,Michael,White,Mike,QB,QB,ACT,https://static.www.nfl.com/image/private/{formatInstructions}/league/kzoeyu9fjpity0vpthg8,70,44,1,62.857142857142854,66.91429076450211,-4.0571479073592585,414,0,73.1547619047619,2.7169857142857143,8.206285714285714,4.4593181818181815,-3.746967532467533,19.362882276386173,53.36660378926132,33.12649996603927,-1.1937142857142855,18.571428571428573,,,
2018,PRE,0,season,30,3,Case Keenum,QB,1400,00-0028986,Case Keenum,C.Keenum,KEE690598,QB,QB,4,1400,2018,38937,32004b45-4569-0598-1a82-7cad5305e148,Casey,Keenum,Case,QB,QB,ACT,https://static.www.nfl.com/image/private/{formatInstructions}/league/qnyuz76tdcsqxn1bzse1,35,21,0,60.0,62.69376746245793,-2.6937674624579273,231,0,79.58333333333334,2.601285714285714,8.608857142857145,7.472857142857143,-1.136000000000002,23.206742331267396,39.14660266230009,37.72631044774986,-0.8768571428571422,11.428571428571429,,,
2018,PRE,0,season,30,4,Kevin Hogan,QB,1400,00-0032784,Kevin Hogan,K.Hogan,HOG022742,QB,QB,9,1400,2018,43451,3200484f-4702-2742-4971-4e8dcf0d2a1f,Kevin,Hogan,Kevin,QB,QB,ACT,https://static.www.nfl.com/image/private/{formatInstructions}/league/ilxky9sgzwrvtgllergi,67,43,2,64.17910447761194,57.32680697853748,6.85229749907446,462,5,96.73507462686567,2.7971194029850746,9.131515151515153,6.552857142857145,-2.5786580086580075,22.626991686478156,52.969426087130685,48.0705190319389,-0.5351515151515139,26.865671641791046,,,
2018,PRE,0,season,30,4,Paxton Lynch,QB,1400,00-0033108,Paxton Lynch,P.Lynch,LYN526034,QB,QB,12,1400,2018,43315,32004c59-4e52-6034-b52a-7cd4920cc667,Paxton,Lynch,Paxton,QB,QB,CUT,https://static.www.nfl.com/image/private/{formatInstructions}/league/vtlr44rcvfumnmcowevo,44,28,1,63.63636363636363,70.7474806430665,-7.111117006702862,230,2,82.57575757575758,2.6113636363636363,5.666046511627907,2.8585714285714294,-2.8074750830564774,19.841537995477598,43.77235657352709,27.900870954147646,-3.2641860465116284,13.636363636363635,,,
2018,PRE,0,season,30,4,Chad Kelly,QB,1400,00-0033597,Chad Kelly,C.Kelly,KEL516446,QB,QB,6,1400,2018,45066,32004b45-4c51-6446-3e7e-af1a2c479726,Chad,Kelly,Chad,QB,QB,CUT,https://static.www.nfl.com/image/private/{formatInstructions}/league/msrm2dj2ksmjxpym2rqs,60,40,2,66.66666666666666,63.890455216169364,2.776211450497293,463,3,92.56944444444444,2.4782666666666673,8.185666666666666,6.5012500000000015,-1.6844166666666647,20.68801753645967,45.77626022295836,37.0336981680199,-0.8143333333333335,20.0,,,
2018,PRE,0,season,30,4,Matt Cassel,QB,1540,00-0023662,Matt Cassel,M.Cassel,CAS541133,QB,QB,8,1540,2018,30058,32004341-5354-1133-14a7-1d6f22a080b3,Matt,Cassel,Matt,QB,QB,ACT,https://static.www.nfl.com/image/private/{formatInstructions}/league/n1ucqggyu5hlsqzuv5gj,49,27,2,55.10204081632652,60.64921228253112,-5.5471714662045954,247,1,58.80102040816326,2.7074081632653058,7.627346938775509,5.091481481481482,-2.535865457294027,19.061452238934347,46.09875052536673,24.417061657783474,-2.2502040816326536,30.612244897959183,,,
2018,PRE,0,season,30,4,Jake Rudock,QB,1540,00-0032431,Jake Rudock,J.Rudock,RUD297966,QB,QB,14,1540,2018,43480,32005255-4429-7966-d9fd-3c6dbadaa98e,Jake,Rudock,Jake,QB,QB,DEV,https://static.www.nfl.com/image/private/{formatInstructions}/league/lb8pxfnrvchcoy8y3c1h,85,58,0,68.23529411764706,67.95707806944847,0.2782160481985869,425,3,91.54411764705883,2.498776470588235,5.184235294117647,3.388103448275862,-1.796131845841785,17.64335145962511,48.561919237196555,45.41494137395753,-3.2157647058823535,21.176470588235293,,,
2018,PRE,0,season,30,4,DeShone Kizer,QB,1800,00-0033899,DeShone Kizer,D.Kizer,KIZ080286,QB,QB,9,1800,2018,44864,32004b49-5a08-0286-2a4a-4466d3b555e6,DeShone,Kizer,DeShone,QB,QB,ACT,https://static.www.nfl.com/image/private/{formatInstructions}/league/pqmmtdcwopaixn3m54ku,60,32,1,53.333333333333336,56.285517377158,-2.9521840438246656,460,3,88.19444444444446,2.857389830508474,9.938983050847456,8.8365625,-1.102420550847457,22.439621104161247,52.4151008775143,51.098032251741365,1.4983050847457633,28.333333333333332,,,
2018,PRE,0,season,30,3,Tim Boyle,QB,1800,00-0034177,Tim Boyle,T.Boyle,BOY696580,QB,QB,8,1800,2018,46430,3200424f-5969-6580-30ab-073b70dbd48b,Timothy,Boyle,Tim,QB,QB,ACT,https://static.www.nfl.com/image/private/{formatInstructions}/league/eheidtamnz64qzau1nwj,53,26,2,49.056603773584904,53.38589714242602,-4.329293368841114,294,3,69.22169811320754,2.5538679245283022,13.615094339622642,8.37346153846154,-5.241632801161103,27.377090108250908,53.341559782218596,53.341559782218596,5.445283018867925,26.41509433962264,,,
2018,PRE,0,season,30,3,Blaine Gabbert,QB,2100,00-0027948,Blaine Gabbert,B.Gabbert,GAB221145,QB,QB,7,2100,2018,37083,32004741-4222-1145-cd0f-449f7f72bdc9,Blaine,Gabbert,Blaine,QB,QB,ACT,https://static.www.nfl.com/image/private/{formatInstructions}/league/awuyhgwqxyg475snjkli,55,35,0,63.63636363636363,67.2683003002947,-3.6319366639310644,350,2,93.75,2.758872727272727,5.990000000000001,5.714857142857143,-0.2751428571428578,19.14628288916623,37.48594670006349,37.48594670006349,-3.464545454545455,18.181818181818183,,,
2018,PRE,0,season,30,4,Austin Davis,QB,2100,00-0028957,Austin Davis,A.Davis,DAV164136,QB,QB,12,2100,2018,38908,32004441-5616-4136-9bee-ea74a2e54cbf,Austin,Davis,Austin,QB,QB,ACT,https://static.www.nfl.com/image/private/{formatInstructions}/league/wmquxjs1nuwferz7o9q2,31,20,1,64.51612903225806,62.112669887081275,2.4034591451767895,250,1,86.76075268817205,2.9332903225806457,9.056451612903226,6.288500000000001,-2.767951612903225,21.998367757051906,43.61496302875883,42.697756381336944,0.05645161290322626,12.903225806451612,,,
2018,PRE,0,season,30,4,Joe Webb,QB,2120,00-0027796,Joe Webb,J.Webb,WEB212765,QB,QB,5,2120,2018,35638,32005745-4221-2765-4b90-fcd8a61454f0,Joseph,Webb,Joe,SLOT_WR,QB,ACT,https://static.www.nfl.com/image/private/{formatInstructions}/league/hjieero9ugbyu7n1629h,60,34,1,56.666666666666664,59.36242178082466,-2.695755114157997,412,2,82.08333333333333,3.1380166666666667,10.762666666666666,7.722647058823531,-3.040019607843135,23.433866374416706,56.299805505880755,56.299805505880755,0.8626666666666671,26.666666666666668,,,
2018,PRE,0,season,30,4,Brandon Weeden,QB,2120,00-0029677,Brandon Weeden,B.Weeden,WEE221487,QB,QB,3,2120,2018,38552,32005745-4522-1487-9796-bea264b9e7f1,Brandon,Weeden,Brandon,QB,QB,ACT,https://static.www.nfl.com/image/private/{formatInstructions}/league/m8oocp4p9nskilnakgnw,52,29,1,55.769230769230774,61.016016442758534,-5.246785673527761,277,3,81.97115384615384,2.5713269230769233,8.090384615384616,6.1882758620689655,-1.9021087533156509,21.77124600834389,54.04404500035134,41.75135207391493,-0.7173076923076919,21.153846153846153,,,
2018,PRE,0,season,30,3,Andrew Luck,QB,2200,00-0029668,Andrew Luck,A.Luck,LUC524055,QB,QB,12,2200,2018,38531,32004c55-4352-4055-1f10-c37ee3d83442,Andrew,Luck,Andrew,QB,QB,ACT,https://static.www.nfl.com/image/private/{formatInstructions}/league/ojix2ha2u58zqozaw756,32,20,1,62.5,66.31256537511945,-3.8125653751194477,204,1,78.125,2.48103125,5.335937500000001,3.725,-1.6109375000000008,17.801644154843867,34.799175277583814,26.045508249984298,-2.820312499999999,18.75,,,
2018,PRE,0,season,30,4,Jacoby Brissett,QB,2200,00-0033119,Jacoby Brissett,J.Brissett,BRI516391,QB,QB,7,2200,2018,43380,32004252-4951-6391-fb1e-f908d9b96e12,Jacoby,Brissett,Jacoby,QB,QB,ACT,https://static.www.nfl.com/image/private/{formatInstructions}/league/qbvf9c5eedjgkw9xqwup,56,35,0,62.5,64.64198235688465,-2.141982356884654,395,1,89.50892857142857,2.7840357142857144,8.839464285714284,6.727142857142857,-2.112321428571427,20.653053434262866,56.28483721216576,47.677605854321165,-0.9641071428571432,16.071428571428573,,,
2018,PRE,0,season,30,4,Phillip Walker,QB,2200,00-0033275,Phillip Walker,P.Walker,WAL291489,QB,QB,5,2200,2018,45159,32005741-4c29-1489-568d-26e6f08d55b5,Phillip,Walker,Phillip,QB,QB,DEV,https://static.www.nfl.com/image/private/{formatInstructions}/league/ffyv1i6ipgp2c9nsczi2,49,30,2,61.224489795918366,63.35437396655277,-2.129884170634405,446,4,101.23299319727892,2.566428571428571,11.832244897959184,8.820666666666666,-3.0115782312925177,25.622055158203896,43.87763097524752,40.747684596796425,3.179183673469388,18.367346938775512,,,
2018,PRE,0,season,30,3,Blake Bortles,QB,2250,00-0031407,Blake Bortles,B.Bortles,BOR650964,QB,QB,5,2250,2018,41229,3200424f-5265-0964-4a57-fb0d82ae917e,Robby,Bortles,Blake,QB,QB,ACT,https://static.www.nfl.com/image/private/{formatInstructions}/league/qycdzdjsokwmamzwsmeq,52,35,3,67.3076923076923,72.14324491528365,-4.835552607591339,416,0,67.46794871794873,2.4992500000000004,6.488076923076923,3.546857142857143,-2.9412197802197797,18.4733286911899,40.84176783637065,28.088526127228533,-1.0503846153846155,7.6923076923076925,Jr.,,
2018,PRE,0,season,30,4,Cody Kessler,QB,2250,00-0033104,Cody Kessler,C.Kessler,KES701662,QB,QB,6,2250,2018,43382,32004b45-5370-1662-8570-5095ed4b0b10,Cody,Kessler,Cody,QB,QB,ACT,https://static.www.nfl.com/image/private/{formatInstructions}/league/gkvutiyutml2atftmu09,46,36,0,78.26086956521739,67.85411034589228,10.40675921932511,322,1,103.07971014492753,2.8053478260869564,6.0056521739130435,3.5466666666666664,-2.458985507246377,19.9977639763183,42.98417499499089,38.53810192523758,-2.5595652173913046,10.869565217391305,,,
2018,PRE,0,season,30,2,Tanner Lee,QB,2250,00-0034416,Tanner Lee,T.Lee,LEE667321,QB,QB,3,2250,2018,46272,32004c45-4566-7321-d995-c817094c54f9,Tanner,Lee,Tanner,QB,QB,ACT,https://static.www.nfl.com/image/private/{formatInstructions}/league/gijwjhnqkmieyfdh07ry,30,15,0,50.0,61.87215263644854,-11.87215263644854,201,0,71.66666666666667,2.6515666666666666,12.225,8.330666666666668,-3.894333333333332,23.75489582070946,42.9670804221092,42.814635348207744,3.4916666666666667,6.666666666666667,,,
2018,PRE,0,season,30,4,Chad Henne,QB,2310,00-0026197,Chad Henne,C.Henne,HEN507580,QB,QB,4,2310,2018,33138,32004845-4e50-7580-e49c-f07a94f3aec4,Chad,Henne,Chad,QB,QB,ACT,https://static.www.nfl.com/image/private/{formatInstructions}/league/kf4fano87biebn55txod,34,22,1,64.70588235294117,74.18709642746869,-9.481214074527514,225,3,100.73529411764706,2.223735294117647,6.408823529411764,5.013636363636362,-1.3951871657754022,19.643144704838463,38.466892258148434,38.466892258148434,-1.3558823529411776,8.823529411764707,,,
2018,PRE,0,season,30,3,Matt McGloin,QB,2310,00-0030419,Matt McGloin,M.McGloin,MCG491502,QB,QB,5,2310,2018,40845,32004d43-4749-1502-771e-59574c0ac212,Matt,McGloin,Matt,QB,QB,CUT,https://static.www.nfl.com/image/private/{formatInstructions}/league/zwrox2g1yauaa1csdhrw,36,25,1,69.44444444444444,69.66593323482407,-0.22148879037962388,221,1,83.2175925925926,2.3970277777777778,7.459999999999998,4.829999999999999,-2.629999999999999,21.21571578509048,51.35300283333001,49.015308833057446,-1.1511111111111119,8.333333333333332,,,
2018,PRE,0,season,30,3,Patrick Mahomes,QB,2310,00-0033873,Patrick Mahomes,P.Mahomes,MAH401939,QB,QB,15,2310,2018,44822,32004d41-4840-1939-e4c1-bb89191b4e71,Patrick,Mahomes,Patrick,QB,QB,ACT,https://static.www.nfl.com/image/private/{formatInstructions}/league/ugt3pz3jk8v1cbuvj3om,43,31,1,72.09302325581395,67.83051247340303,4.262510782410914,367,2,103.53682170542635,2.8790930232558143,7.503255813953491,5.533870967741936,-1.9693848462115549,21.07976134302188,68.55761153949283,68.55761153949283,-1.426976744186046,13.953488372093023,,,
2018,PRE,0,season,30,3,Chase Litton,QB,2310,00-0034291,Chase Litton,C.Litton,LIT808001,QB,QB,8,2310,2018,46516,32004c49-5480-8001-9267-bb4e1f35081d,Chase,Litton,Chase,QB,QB,DEV,https://static.www.nfl.com/image/private/{formatInstructions}/league/ntxhtal75arhvsh0sy9y,41,24,0,58.536585365853654,58.83823723146101,-0.30165186560735435,299,1,89.38008130081302,2.5905853658536593,9.549268292682926,6.65125,-2.8980182926829263,23.64566398474442,43.95226729077806,41.18856637466276,1.2321951219512197,9.75609756097561,,,
2018,PRE,0,season,30,3,Sean Mannion,QB,2510,00-0032245,Sean Mannion,S.Mannion,MAN548238,QB,QB,14,2510,2018,42432,32004d41-4e54-8238-75bc-0c066cdf649e,Sean,Mannion,Sean,QB,QB,ACT,https://static.www.nfl.com/image/private/{formatInstructions}/league/qu4kwqrvk5urqxx5go3e,46,24,2,52.17391304347826,68.53647094381891,-16.362557900340654,168,1,49.90942028985508,2.7353260869565217,5.966086956521741,4.3975,-1.5685869565217407,19.92619375000768,55.72885159412492,55.72885159412492,-2.44695652173913,13.043478260869565,,,
2018,PRE,0,season,30,4,Brandon Allen,QB,2510,00-0032434,Brandon Allen,B.Allen,ALL063816,QB,QB,8,2510,2018,43490,3200414c-4c06-3816-a995-21614b984798,Brandon,Allen,Brandon,QB,QB,DEV,https://static.www.nfl.com/image/private/{formatInstructions}/league/ee95jejz4ud7xjdpx8ye,52,33,2,63.46153846153846,63.41325996013788,0.04827850140058132,261,1,66.26602564102562,2.511923076923077,6.200384615384616,4.167272727272727,-2.033111888111889,20.84440768932473,38.93564176946362,34.751956779439055,-2.1650000000000005,21.153846153846153,,,
2018,PRE,0,season,30,4,EJ Manuel,QB,2520,00-0030526,EJ Manuel,E.Manuel,MAN738705,QB,QB,3,2520,2018,39962,32004d41-4e73-8705-be72-a43e97baac70,EJ,Manuel,EJ,QB,QB,CUT,https://static.www.nfl.com/image/private/{formatInstructions}/league/day0kzescuwievdhlacd,56,40,0,71.42857142857143,64.74238876253366,6.686182666037766,477,4,120.90773809523809,2.6324107142857143,7.973035714285714,4.702749999999999,-3.2702857142857145,20.550421728795843,52.871206719726004,35.143262512180065,-2.223392857142858,21.428571428571427,Jr.,,
2018,PRE,0,season,30,3,AJ McCarron,QB,2520,00-0031288,AJ McCarron,A.McCarron,MCC176481,QB,QB,2,2520,2018,41393,32004d43-4317-6481-14f6-641e3cdc7a9a,Raymond,McCarron,A.J.,QB,QB,ACT,https://static.www.nfl.com/image/private/{formatInstructions}/league/dnl57azz8yubimlnonih,50,23,2,46.0,50.23747797310353,-4.23747797310353,284,3,67.41666666666667,3.0282040816326528,12.770408163265307,8.754782608695653,-4.015625554569654,26.030603606199076,60.33163183604435,44.0803312147266,2.3418367346938775,22.0,Jr.,,
2018,PRE,0,season,30,3,Nathan Peterman,QB,2520,00-0033958,Nathan Peterman,N.Peterman,PET071806,QB,QB,3,2520,2018,44984,32005045-5407-1806-8416-0c28f3e38ba0,Nathan,Peterman,Nathan,QB,QB,DEV,https://static.www.nfl.com/image/private/{formatInstructions}/league/eixg0gbbzejn3c14lsz4,41,33,1,80.48780487804879,70.04370906549256,10.444095812556228,432,3,124.79674796747969,2.454731707317073,6.885609756097559,6.386363636363637,-0.49924611973392263,21.137027025521064,38.50346607774422,38.50346607774422,-3.5778048780487803,12.195121951219512,,,
2018,PRE,0,season,30,4,Brock Osweiler,QB,2700,00-0029682,Brock Osweiler,B.Osweiler,OSW479182,QB,QB,8,2700,2018,38587,32004f53-5747-9182-4702-268a68436507,Brock,Osweiler,Brock,QB,QB,ACT,https://static.www.nfl.com/image/private/{formatInstructions}/league/pwkmtgeitdi79qtumb2x,66,41,1,62.121212121212125,69.83874349883108,-7.717531377618954,321,2,77.9040404040404,2.611272727272727,5.933484848484849,2.8753658536585363,-3.0581189948263123,18.964349145690274,53.55429768001817,28.367440843333053,-2.202878787878788,16.666666666666664,,,
2018,PRE,0,season,30,3,Ryan Tannehill,QB,2700,00-0029701,Ryan Tannehill,R.Tannehill,TAN298716,QB,QB,17,2700,2018,38538,32005441-4e29-8716-6443-cc1663c47ac9,Ryan,Tannehill,Ryan,QB,QB,ACT,https://static.www.nfl.com/image/private/{formatInstructions}/league/e2b84kobkdgravu7u6qy,39,29,0,74.35897435897436,72.00647982267233,2.352494536302032,247,1,98.98504273504273,2.381307692307692,6.163333333333333,5.578620689655173,-0.5847126436781602,19.29178611786519,41.73020249172055,41.73020249172055,-3.58025641025641,10.256410256410255,,,
2018,PRE,0,season,30,4,David Fales,QB,2700,00-0031076,David Fales,D.Fales,FAL381917,QB,QB,9,2700,2018,41412,32004641-4c38-1917-6f79-81dbbb3bbe00,David,Fales,David,QB,QB,ACT,https://static.www.nfl.com/image/private/{formatInstructions}/league/ddgl0o1h4nr116wlorpy,47,27,3,57.446808510638306,61.75003273690001,-4.303224226261705,278,0,48.005319148936174,2.612148936170213,8.481063829787233,5.248518518518519,-3.232545311268715,22.549124191510774,48.456422690908575,48.456422690908575,-0.41255319148936204,21.27659574468085,,,
2018,PRE,0,season,30,4,Luke Falk,QB,2700,00-0034412,Luke Falk,L.Falk,FAL452491,QB,QB,4,2700,2018,46268,32004641-4c45-2491-a0a5-d806460a5d8d,Luke,Falk,Luke,QB,QB,RES,https://static.www.nfl.com/image/private/{formatInstructions}/league/caeic48dkstqkisxvs0x,58,32,1,55.172413793103445,58.69172857753162,-3.5193147844281754,296,1,67.88793103448278,2.768293103448276,9.37051724137931,3.7456249999999995,-5.624892241379311,23.080919121244246,52.816642263589614,36.22402103577128,-2.1639655172413796,13.793103448275861,,,
2018,PRE,0,season,30,3,Kirk Cousins,QB,3000,00-0029604,Kirk Cousins,K.Cousins,COU709400,QB,QB,8,3000,2018,38632,3200434f-5570-9400-e1ae-f835abb5963e,Kirk,Cousins,Kirk,QB,QB,ACT,https://static.www.nfl.com/image/private/{formatInstructions}/league/yoi19theqqakt4zpw9r4,40,24,0,60.0,70.18301218748093,-10.183012187480927,236,1,85.0,2.4392999999999994,4.61425,4.1537500000000005,-0.4604999999999997,18.30803321702529,38.81466217809966,38.81466217809966,-3.6107499999999995,17.5,,,
2018,PRE,0,season,30,4,Trevor Siemian,QB,3000,00-0032156,Trevor Siemian,T.Siemian,SIE461866,QB,QB,3,3000,2018,42593,32005349-4546-1866-e481-b01fc4505cd5,Trevor,Siemian,Trevor,QB,QB,ACT,https://static.www.nfl.com/image/private/{formatInstructions}/league/ti08nqfxvm2qecej46jj,46,26,1,56.52173913043478,70.02468536729398,-13.502946236859202,269,2,78.98550724637681,2.633543478260869,3.439347826086957,2.2769230769230777,-1.1624247491638795,15.578862108402006,30.56858681718866,30.56858681718866,-6.364999999999999,19.565217391304348,,,
2018,PRE,0,season,30,4,Kyle Sloter,QB,3000,00-0033672,Kyle Sloter,K.Sloter,SLO401791,QB,QB,1,3000,2018,45546,3200534c-4f40-1791-a253-00d7c332d13d,Kyle,Sloter,Kyle,QB,QB,ACT,https://static.www.nfl.com/image/private/{formatInstructions}/league/cwovj6np7arfxvsxmoeu,56,41,0,73.21428571428571,57.35965067121599,15.85463504306972,366,4,114.13690476190474,2.526017857142857,6.745178571428572,5.59829268292683,-1.1468858885017426,20.82434472593061,52.565924323652865,45.176675397820055,-1.969107142857143,28.57142857142857,,,
2018,PRE,0,season,30,2,Tom Brady,QB,3200,00-0019596,Tom Brady,T.Brady,BRA371156,QB,QB,12,3200,2018,25511,32004252-4137-1156-7ed0-8b9e44948f13,Tom,Brady,Tom,QB,QB,ACT,https://static.www.nfl.com/image/private/{formatInstructions}/league/apkxya5ptb0zalrskshq,44,31,0,70.45454545454545,70.69230519912459,-0.23775974457913662,274,2,101.8939393939394,2.4737272727272726,6.162954545454546,3.4290322580645154,-2.73392228739003,19.29562669930515,57.13092507565408,28.82572635685006,-2.450681818181819,9.090909090909092,Jr.,,
2018,PRE,0,season,30,3,Brian Hoyer,QB,3200,00-0026625,Brian Hoyer,B.Hoyer,HOY440791,QB,QB,2,3200,2018,34843,3200484f-5944-0791-71d1-a8236e0d6f80,Brian,Hoyer,Brian,QB,QB,ACT,https://static.www.nfl.com/image/private/{formatInstructions}/league/hartcqd9yt3gzqjddktl,60,37,0,61.66666666666667,62.42710320899884,-0.7604365423321653,285,1,78.81944444444446,2.6274333333333337,9.293,4.511081081081082,-4.781918918918917,23.02890585605134,55.70554730006698,32.716118351662686,0.6929999999999998,18.333333333333332,Jr.,,
2018,PRE,0,season,30,3,Danny Etling,QB,3200,00-0034423,Danny Etling,D.Etling,ETL296636,QB,QB,5,3200,2018,46288,32004554-4c29-6636-6cb0-77890ce8f841,Danny,Etling,Danny,QB,QB,DEV,https://static.www.nfl.com/image/private/{formatInstructions}/league/mpwvanv7drzyrefqgenh,38,20,2,52.63157894736842,60.26772731228879,-7.636148364920373,178,1,52.30263157894738,2.645447368421052,10.608421052631575,4.018999999999999,-6.589421052631576,23.081662244382834,55.6854774604654,49.64612472288245,0.7136842105263146,34.21052631578947,,,
2018,PRE,0,season,30,3,Teddy Bridgewater,QB,3300,00-0031237,Teddy Bridgewater,T.Bridgewater,BRI129168,QB,QB,5,3300,2018,41258,32004252-4912-9168-84fe-1a998a0eb85b,Theodore,Bridgewater,Teddy,QB,QB,ACT,https://static.www.nfl.com/image/private/{formatInstructions}/league/f0uzw2vaxwyytmx1zron,38,28,1,73.68421052631578,70.87899917050412,2.8052113558116645,316,2,104.71491228070175,2.697736842105263,6.562368421052632,4.181071428571428,-2.3812969924812037,21.763271130401193,39.28497168129309,34.566395530919905,-3.042894736842105,10.526315789473683,Jr.,,
2018,PRE,0,season,30,4,Taysom Hill,QB,3300,00-0033357,Taysom Hill,T.Hill,HIL609597,QB,QB,7,3300,2018,45244,32004849-4c60-9597-c5a9-4369b9c7cd1e,Taysom,Hill,Taysom,TE,QB,ACT,https://static.www.nfl.com/image/private/{formatInstructions}/league/cqzbzxdt8niqee09wewi,49,36,2,73.46938775510205,64.61701217506614,8.852375580035911,365,2,90.9438775510204,2.7228979591836726,6.774285714285716,5.4222222222222225,-1.3520634920634933,19.90548690330269,54.79781929967651,47.83934886680628,-1.8991836734693872,22.448979591836736,,,
2018,PRE,0,season,30,2,Eli Manning,QB,3410,00-0022803,Eli Manning,E.Manning,MAN473170,QB,QB,10,3410,2018,28953,32004d41-4e47-3170-d4e5-66f2cfc951d8,Elisha,Manning,Eli,QB,QB,ACT,https://static.www.nfl.com/image/private/{formatInstructions}/league/w51tf8uedjftbr4qpaex,30,21,0,70.0,72.37162421147029,-2.371624211470291,214,0,90.13888888888889,2.5843666666666665,7.332000000000002,6.730476190476192,-0.60152380952381,20.476998747627878,52.90732463468551,52.90732463468551,-1.5679999999999983,16.666666666666664,,,
2018,PRE,0,season,30,3,Alex Tanney,QB,3410,00-0029623,Alex Tanney,A.Tanney,TAN743421,QB,QB,3,3410,2018,39551,32005441-4e74-3421-909e-60417ce925ee,Alex,Tanney,Alex,QB,QB,ACT,https://static.www.nfl.com/image/private/{formatInstructions}/league/imvd4rxtknm0ob8oul5z,33,18,0,54.54545454545454,63.383379036729984,-8.837924491275444,177,1,79.98737373737373,2.550818181818182,7.520909090909091,5.448333333333334,-2.0725757575757573,20.714301526027004,43.246005595892896,42.4360000471298,0.09666666666666725,21.21212121212121,,,
2018,PRE,0,season,30,4,Kyle Lauletta,QB,3410,00-0034369,Kyle Lauletta,K.Lauletta,LAU558215,QB,QB,17,3410,2018,46177,32004c41-5555-8215-a88c-59a5e88347f4,Kyle,Lauletta,Kyle,QB,QB,ACT,https://static.www.nfl.com/image/private/{formatInstructions}/league/jlsa0k0xgfyocyej1jts,35,17,2,48.57142857142857,59.4337814620563,-10.862352890627733,194,1,51.36904761904763,2.773285714285714,10.289428571428571,4.009999999999999,-6.279428571428572,22.49207006579501,54.65418556707254,29.15558265581396,1.0037142857142844,28.57142857142857,,,
2018,PRE,0,season,30,3,Davis Webb,QB,3430,00-0033550,Davis Webb,D.Webb,WEB107865,QB,QB,5,3430,2018,44899,32005745-4210-7865-aa79-d1694a1e3e3a,Davis,Webb,Davis,QB,QB,ACT,https://static.www.nfl.com/image/private/{formatInstructions}/league/tmllvkmykseg4tmthiiy,53,28,0,52.83018867924528,58.18752789131876,-5.357339212073477,283,1,74.64622641509435,2.8929811320754713,9.89245283018868,7.02107142857143,-2.871381401617249,23.142188566831468,52.2108111409888,50.16225274048206,0.609433962264151,30.18867924528302,,,
2018,PRE,0,season,30,3,Sam Darnold,QB,3430,00-0034869,Sam Darnold,S.Darnold,DAR466141,QB,QB,14,3430,2018,46072,32004441-5246-6141-9e5c-6e7d32a03e33,Sam,Darnold,Sam,QB,QB,ACT,https://static.www.nfl.com/image/private/{formatInstructions}/league/eq43mbsq4xhpm9sfh0yl,45,29,1,64.44444444444444,66.37279060151842,-1.9283461570739746,244,2,83.93518518518519,2.7961111111111108,6.724444444444444,4.412413793103448,-2.3120306513409963,20.92027225360081,47.46443826698047,34.19272583459821,-1.653333333333334,11.11111111111111,,,
2018,PRE,0,season,30,3,Joe Callahan,QB,3700,00-0032630,Joe Callahan,J.Callahan,CAL566497,QB,QB,3,3700,2018,43750,32004341-4c56-6497-addd-36a63bb73c44,Joe,Callahan,Joe,QB,QB,CUT,https://static.www.nfl.com/image/private/{formatInstructions}/league/n9nahsdhocngttt7hmdy,47,28,1,59.57446808510638,55.27499664891907,4.299471436187311,262,1,73.18262411347517,3.4446170212765956,11.335106382978724,6.272857142857142,-5.062249240121582,24.373079774660425,59.805292407946645,33.2359037788955,1.101063829787234,19.148936170212767,,,
2018,PRE,0,season,30,3,Nate Sudfeld,QB,3700,00-0032792,Nate Sudfeld,N.Sudfeld,SUD197144,QB,QB,7,3700,2018,43476,32005355-4419-7144-f452-fa8c30a99f40,Nathan,Sudfeld,Nate,QB,QB,ACT,https://static.www.nfl.com/image/private/{formatInstructions}/league/ht4csu3xpuz32mshh8tc,74,43,3,58.108108108108105,62.212651182670854,-4.1045430745627485,524,5,85.64189189189189,3.038554054054053,9.570405405405406,7.284418604651162,-2.2859868007542445,23.796648424523156,57.01116381902758,55.543109383613015,0.8406756756756756,13.513513513513514,,,
2018,PRE,0,season,30,4,Chad Kanoff,QB,3800,00-0034478,Chad Kanoff,C.Kanoff,KAN575611,QB,QB,6,3800,2018,46662,32004b41-4e57-5611-e3c3-79cfabd456eb,Chad,Kanoff,Chad,QB,QB,DEV,https://static.www.nfl.com/image/private/{formatInstructions}/league/sf0sippgf2y82qkmrna6,36,15,0,41.66666666666667,56.69140832291709,-15.02474165625042,178,1,66.66666666666666,2.5657777777777775,8.769166666666665,7.9126666666666665,-0.8564999999999987,22.170926734938174,45.173573026715516,41.22487719811909,-1.369722222222223,33.33333333333333,,,
2018,PRE,0,season,30,3,Joshua Dobbs,QB,3900,00-0033949,Joshua Dobbs,J.Dobbs,DOB302360,QB,QB,5,3900,2018,44948,3200444f-4230-2360-8e14-dbbe1dede120,Robert,Dobbs,Joshua,QB,QB,ACT,https://static.www.nfl.com/image/private/{formatInstructions}/league/mgzzxgsfnkundxwonrlj,43,29,2,67.44186046511628,55.7175334456355,11.724327019480775,434,4,111.96705426356588,3.2229302325581397,12.969534883720932,11.44241379310345,-1.5271210906174826,26.112313478063808,54.21677969042426,47.67286964301604,3.992790697674418,23.25581395348837,,,
2018,PRE,0,season,30,4,Mason Rudolph,QB,3900,00-0034771,Mason Rudolph,M.Rudolph,RUD321216,QB,QB,2,3900,2018,46145,32005255-4432-1216-a9be-28502c0847e4,Mason,Rudolph,Mason,QB,QB,ACT,https://static.www.nfl.com/image/private/{formatInstructions}/league/nfrmszsvdyrhtsox7yh9,44,24,1,54.54545454545454,57.90833532810211,-3.362880782647572,315,3,90.62499999999999,2.795863636363637,10.572045454545453,7.327916666666668,-3.2441287878787852,21.751221906967967,51.00811896159277,51.00811896159277,0.20840909090909102,20.454545454545457,,,
2018,PRE,0,season,30,4,Geno Smith,QB,4400,00-0030565,Geno Smith,G.Smith,SMI269700,QB,QB,3,4400,2018,39987,3200534d-4926-9700-a278-7821d73d1c6a,Eugene,Smith,Geno,QB,QB,ACT,https://static.www.nfl.com/image/private/{formatInstructions}/league/lhbeome9qmto0bwtywzh,48,31,2,64.58333333333334,67.27940884108344,-2.696075507750095,364,2,84.02777777777777,2.8868333333333336,7.536250000000002,6.949999999999999,-0.5862500000000024,21.036033499751767,53.590545808006105,53.590545808006105,-3.5262499999999997,16.666666666666664,III,,
2018,PRE,0,season,30,3,Jimmy Garoppolo,QB,4500,00-0031345,Jimmy Garoppolo,J.Garoppolo,GAR363225,QB,QB,10,4500,2018,41291,32004741-5236-3225-90e6-5bfdba41064c,Jimmy,Garoppolo,Jimmy,QB,QB,RES,https://static.www.nfl.com/image/private/{formatInstructions}/league/hebg9avbsul4u2olmct8,37,22,1,59.45945945945946,65.78069413835938,-6.32123467889992,305,1,83.72747747747749,2.6767027027027024,10.252432432432432,8.954545454545453,-1.2978869778869786,23.148294968745276,55.12506689338345,47.02099212054122,1.6848648648648648,10.81081081081081,,,
2018,PRE,0,season,30,4,Nick Mullens,QB,4500,00-0033319,Nick Mullens,N.Mullens,MUL486612,QB,QB,4,4500,2018,45198,32004d55-4c48-6612-b03b-50f8fc6abe24,Nicholas,Mullens,Nick,QB,QB,ACT,https://static.www.nfl.com/image/private/{formatInstructions}/league/uhuolpgkltrmxcstv4ac,43,31,3,72.09302325581395,69.576000751451,2.5170225043629415,396,1,79.21511627906975,2.759953488372093,8.392790697674418,7.687741935483871,-0.7050487621905468,20.701448800008656,45.04548146040844,45.04548146040844,-0.5374418604651163,9.30232558139535,,,
2018,PRE,0,season,30,4,C.J. Beathard,QB,4500,00-0033936,C.J. Beathard,C.Beathard,BEA000000,QB,QB,3,4500,2018,44916,32004245-4100-0000-1302-8b14c2a27740,Casey,Beathard,C.J.,QB,QB,ACT,https://static.www.nfl.com/image/private/{formatInstructions}/league/cxnftopynjpknelosh3j,45,27,1,60.0,67.19856634736061,-7.198566347360611,346,0,74.86111111111113,2.731288888888889,8.73911111111111,7.972962962962963,-0.7661481481481482,20.579665649625227,56.259719160337085,56.259719160337085,-1.283111111111111,15.555555555555555,,,
2018,PRE,0,season,30,3,Russell Wilson,QB,4600,00-0029263,Russell Wilson,R.Wilson,WIL777781,QB,QB,3,4600,2018,38605,32005749-4c77-7781-795c-94c753706d1d,Russell,Wilson,Russell,QB,QB,ACT,https://static.www.nfl.com/image/private/{formatInstructions}/league/rrpzsqysodir9laitnus,47,28,0,59.57446808510638,60.837533182286194,-1.2630650971798119,354,1,90.20390070921987,2.9283617021276593,10.779148936170213,8.555714285714286,-2.2234346504559266,25.353746746870165,62.41841394973122,62.41841394973122,2.736595744680851,19.148936170212767,,,
2018,PRE,0,season,30,3,Brett Hundley,QB,4600,00-0031589,Brett Hundley,B.Hundley,HUN005842,QB,QB,7,4600,2018,42490,32004855-4e00-5842-84a4-69c45c54602d,Brett,Hundley,Brett,QB,QB,ACT,https://static.www.nfl.com/image/private/{formatInstructions}/league/ujbo4yjq2jkhjwdaodv3,37,23,1,62.16216216216216,55.09483032935375,7.067331832808414,263,1,81.25,3.101243243243243,9.240270270270269,7.071739130434784,-2.168531139835485,23.066339589221585,53.59244163125991,51.59546976237351,0.6456756756756764,18.91891891891892,Jr.,,
2018,PRE,0,season,30,4,Alex McGough,QB,4600,00-0034732,Alex McGough,A.McGough,MCG519888,QB,QB,5,4600,2018,46289,32004d43-4751-9888-c1e2-6b568f6cc563,Alex,McGough,Alex,QB,QB,DEV,https://static.www.nfl.com/image/private/{formatInstructions}/league/bul0rllmibdq51nx8tss,62,36,1,58.06451612903226,65.32847255228027,-7.263956423248011,416,3,87.83602150537635,3.096133333333333,9.411666666666667,6.861944444444444,-2.549722222222223,22.740072909590868,63.634739726033295,63.634739726033295,-0.47166666666666673,8.064516129032258,,,
2018,PRE,0,season,30,4,Ryan Griffin,QB,4900,00-0029857,Ryan Griffin,R.Griffin,GRI294351,QB,QB,4,4900,2018,40314,32004752-4929-4351-4c0e-39c1aef9403f,Ryan,Griffin,Ryan,QB,QB,ACT,https://static.www.nfl.com/image/private/{formatInstructions}/league/afdzyedtv5bbcva9ljcy,75,51,0,68.0,61.63054804007212,6.369451959927879,518,4,105.30555555555556,2.4184,8.117600000000001,7.444901960784312,-0.6726980392156889,20.671500378117187,58.62087853316427,48.539355166709825,-0.5224000000000004,17.333333333333336,,,
2018,PRE,0,season,30,3,Jameis Winston,QB,4900,00-0031503,Jameis Winston,J.Winston,WIN623708,QB,QB,3,4900,2018,42344,32005749-4e62-3708-9650-e59a3f7bea83,Jameis,Winston,Jameis,QB,QB,ACT,https://static.www.nfl.com/image/private/{formatInstructions}/league/iurpf1pdjrjfowtksptf,41,30,0,73.17073170731707,61.24667518022584,11.924056527091231,388,3,126.880081300813,2.9417560975609756,11.071463414634145,10.376666666666669,-0.6947967479674766,23.34105337096949,62.52281263666887,62.52281263666887,0.5104878048780486,24.390243902439025,,,
2018,PRE,0,season,30,3,Colt McCoy,QB,5110,00-0027688,Colt McCoy,C.McCoy,MCC603149,QB,QB,12,5110,2018,35524,32004d43-4360-3149-3730-03f6064d0cb7,Colt,McCoy,Colt,QB,QB,RES,https://static.www.nfl.com/image/private/{formatInstructions}/league/gz4s7wclpyp2afmtandb,42,28,1,66.66666666666666,63.865832416784194,2.800834249882463,348,2,98.11507936507938,2.5059285714285715,7.086666666666666,6.527500000000002,-0.5591666666666644,20.777016887158,41.90137229256341,37.71650169355583,-2.1514285714285712,21.428571428571427,,,
2018,PRE,1,week,15,1,Kurt Benkert,QB,0200,00-0034131,Kurt Benkert,K.Benkert,BEN189471,QB,QB,6,0200,2018,46393,32004245-4e18-9471-1934-0ec3db2d3a5d,Kurt,Benkert,Kurt,QB,QB,ACT,https://static.www.nfl.com/image/private/{formatInstructions}/league/ggb9yhrowsay9p6kttr4,17,9,1,52.94117647058824,63.46230121219859,-10.52112474161035,125,0,52.32843137254902,2.431294117647059,12.122352941176473,10.45111111111111,-1.6712418300653624,25.328837827324918,55.49321129651807,41.88078318274385,2.1811764705882353,5.88235294117647,,PRE,1
2018,PRE,1,week,15,1,Lamar Jackson,QB,0325,00-0034796,Lamar Jackson,L.Jackson,JAC323395,QB,QB,8,0325,2018,46101,32004a41-4332-3395-efb0-6c7b75de50af,Lamar,Jackson,Lamar,QB,QB,ACT,https://static.www.nfl.com/image/private/{formatInstructions}/league/rojvfogdbjpld2ldvdop,18,7,0,38.88888888888889,46.55119094790684,-7.6623020590179465,119,0,62.03703703703704,2.5871764705882354,11.294705882352941,6.70857142857143,-4.586134453781511,23.200099492922494,54.948176493856465,39.37921406021202,2.2358823529411764,38.88888888888889,"",PRE,1
2018,PRE,1,week,15,1,Josh Allen,QB,0610,00-0034857,Josh Allen,J.Allen,ALL529264,QB,QB,17,0610,2018,46076,3200414c-4c52-9264-bedc-c4ddaf201fe7,Joshua,Allen,Josh,QB,QB,ACT,https://static.www.nfl.com/image/private/{formatInstructions}/league/uyhjaf2okyygjyfzk8hc,19,9,0,47.368421052631575,57.82299912289569,-10.454578070264112,116,1,84.53947368421053,3.3263684210526314,13.706315789473685,7.357777777777778,-6.348538011695907,28.670487420587307,63.474008854018344,40.40255932487446,3.969473684210526,15.789473684210526,"",PRE,1
2018,PRE,1,week,15,1,Tyler Bray,QB,0810,00-0030151,Tyler Bray,T.Bray,BRA780271,QB,QB,9,0810,2018,40611,32004252-4178-0271-63c9-91a5359241fc,Tyler,Bray,Tyler,QB,QB,ACT,https://static.www.nfl.com/image/private/{formatInstructions}/league/rezvtlijhl9iopp2t8lu,27,18,1,66.66666666666666,68.74874488071158,-2.0820782140449268,219,0,76.00308641975309,2.333518518518518,10.216666666666665,7.184999999999999,-3.0316666666666663,21.39877380555101,43.12023422941949,28.640006983239378,0.8462962962962958,18.51851851851852,,PRE,1
2018,PRE,1,week,15,1,Jeff Driskel,QB,0920,00-0032436,Jeff Driskel,J.Driskel,DRI392790,QB,QB,6,0920,2018,43496,32004452-4939-2790-3aab-117735a7f4ab,Jeffrey,Driskel,Jeff,QB,QB,ACT,https://static.www.nfl.com/image/private/{formatInstructions}/league/mrglnsl7z78rbilz3be2,15,10,0,66.66666666666666,61.563839415709175,5.102827250957482,140,1,118.75,3.230666666666667,8.444666666666667,6.816,-1.6286666666666667,23.440811270649245,49.501185844381546,43.00068138995009,-2.688666666666667,13.333333333333334,,PRE,1
2018,PRE,1,week,15,1,Baker Mayfield,QB,1050,00-0034855,Baker Mayfield,B.Mayfield,MAY483453,QB,QB,6,1050,2018,46073,32004d41-5948-3453-e6ac-1ecff99fdcf6,Baker,Mayfield,Baker,QB,QB,ACT,https://static.www.nfl.com/image/private/{formatInstructions}/league/mrajlbudbl0hcfzmrqz3,20,11,0,55.00000000000001,48.411267921328545,6.5887320786714625,212,2,125.41666666666667,2.81905,11.928999999999998,10.469999999999999,-1.4589999999999996,25.35894662672283,42.156339973958836,39.61684616422666,2.5789999999999997,20.0,"",PRE,1
2018,PRE,1,week,15,1,Cooper Rush,QB,1200,00-0033662,Cooper Rush,C.Rush,RUS046607,QB,QB,7,1200,2018,45536,32005255-5304-6607-6ca0-6d97a0d0f253,Cooper,Rush,Cooper,QB,QB,ACT,https://static.www.nfl.com/image/private/{formatInstructions}/league/vpto9d3x5hbwxbkbjlut,23,15,0,65.21739130434783,64.23272584443507,0.9846654599127618,145,1,97.19202898550724,2.903173913043479,7.744782608695651,5.912666666666666,-1.8321159420289854,22.02653244441919,41.029014124153655,33.726139713877714,-0.6900000000000002,13.043478260869565,,PRE,1
2018,PRE,1,week,15,1,Chad Kelly,QB,1400,00-0033597,Chad Kelly,C.Kelly,KEL516446,QB,QB,6,1400,2018,45066,32004b45-4c51-6446-3e7e-af1a2c479726,Chad,Kelly,Chad,QB,QB,ACT,https://static.www.nfl.com/image/private/{formatInstructions}/league/msrm2dj2ksmjxpym2rqs,21,14,1,66.66666666666666,65.89761646020979,0.7690502064568676,177,2,104.66269841269839,2.4469047619047624,6.955714285714286,6.532142857142858,-0.42357142857142804,20.043918628651358,37.0336981680199,37.0336981680199,-2.377619047619047,19.047619047619047,,PRE,1
2018,PRE,1,week,15,1,Matt Cassel,QB,1540,00-0023662,Matt Cassel,M.Cassel,CAS541133,QB,QB,8,1540,2018,30058,32004341-5354-1133-14a7-1d6f22a080b3,Matt,Cassel,Matt,QB,QB,ACT,https://static.www.nfl.com/image/private/{formatInstructions}/league/n1ucqggyu5hlsqzuv5gj,18,10,0,55.55555555555556,65.27642632524172,-9.720870769686158,81,0,67.12962962962963,2.730722222222222,8.612777777777776,5.92,-2.692777777777776,20.349619975228357,46.09875052536673,24.22558152036809,-1.609444444444445,22.22222222222222,,PRE,1
2018,PRE,1,week,15,1,Jake Rudock,QB,1540,00-0032431,Jake Rudock,J.Rudock,RUD297966,QB,QB,14,1540,2018,43480,32005255-4429-7966-d9fd-3c6dbadaa98e,Jake,Rudock,Jake,QB,QB,ACT,https://static.www.nfl.com/image/private/{formatInstructions}/league/lb8pxfnrvchcoy8y3c1h,19,12,0,63.1578947368421,63.59549098108944,-0.437596244247338,84,0,73.1359649122807,2.7169473684210526,6.533684210526315,1.8475000000000001,-4.6861842105263145,18.465907084095374,48.561919237196555,31.00875360281351,-3.3610526315789477,21.052631578947366,,PRE,1
2018,PRE,1,week,15,1,DeShone Kizer,QB,1800,00-0033899,DeShone Kizer,D.Kizer,KIZ080286,QB,QB,7,1800,2018,44864,32004b49-5a08-0286-2a4a-4466d3b555e6,DeShone,Kizer,DeShone,QB,QB,ACT,https://static.www.nfl.com/image/private/{formatInstructions}/league/pqmmtdcwopaixn3m54ku,18,9,0,50.0,49.468153094251946,0.5318469057480542,134,0,74.7685185185185,3.028611111111111,10.72777777777778,12.140000000000002,1.4122222222222227,24.2165344526985,51.098032251741365,51.098032251741365,2.505555555555556,44.44444444444444,,PRE,1
2018,PRE,1,week,15,1,Tim Boyle,QB,1800,00-0034177,Tim Boyle,T.Boyle,BOY696580,QB,QB,8,1800,2018,46430,3200424f-5969-6580-30ab-073b70dbd48b,Timothy,Boyle,Tim,QB,QB,ACT,https://static.www.nfl.com/image/private/{formatInstructions}/league/eheidtamnz64qzau1nwj,15,7,0,46.666666666666664,44.33500227828821,2.3316643883784565,130,2,116.66666666666667,2.7194,18.587333333333333,14.495714285714286,-4.091619047619048,33.47803106721425,53.341559782218596,53.341559782218596,9.920666666666666,46.666666666666664,,PRE,1
2018,PRE,1,week,15,1,Blaine Gabbert,QB,2100,00-0027948,Blaine Gabbert,B.Gabbert,GAB221145,QB,QB,7,2100,2018,37083,32004741-4222-1145-cd0f-449f7f72bdc9,Blaine,Gabbert,Blaine,QB,QB,ACT,https://static.www.nfl.com/image/private/{formatInstructions}/league/awuyhgwqxyg475snjkli,15,9,0,60.0,60.14362941185634,-0.14362941185633815,76,0,73.19444444444444,3.193333333333334,3.8313333333333337,3.9044444444444455,0.07311111111111179,18.252305067614536,37.48594670006349,37.48594670006349,-5.3020000000000005,20.0,,PRE,1
2018,PRE,1,week,15,1,Luke Falk,QB,2100,00-0034412,Luke Falk,L.Falk,FAL452491,QB,QB,11,2100,2018,46268,32004641-4c45-2491-a0a5-d806460a5d8d,Luke,Falk,Luke,QB,QB,ACT,https://static.www.nfl.com/image/private/{formatInstructions}/league/caeic48dkstqkisxvs0x,19,10,0,52.63157894736842,60.36590557349356,-7.734326626125146,105,1,86.51315789473685,2.3568421052631576,8.832631578947368,3.557,-5.275631578947367,24.46457920904586,48.18995123467133,36.22402103577128,-0.6410526315789481,5.263157894736842,"",PRE,1
2018,PRE,1,week,15,1,Cody Kessler,QB,2250,00-0033104,Cody Kessler,C.Kessler,KES701662,QB,QB,6,2250,2018,43382,32004b45-5370-1662-8570-5095ed4b0b10,Cody,Kessler,Cody,QB,QB,ACT,https://static.www.nfl.com/image/private/{formatInstructions}/league/gkvutiyutml2atftmu09,17,14,0,82.35294117647058,67.0206561246339,15.332285051836678,139,1,120.34313725490196,3.303235294117647,5.549411764705883,4.4071428571428575,-1.1422689075630252,19.274042377448755,42.98417499499089,38.53810192523758,-3.8623529411764705,5.88235294117647,,PRE,1
2018,PRE,1,week,15,1,Brandon Allen,QB,2510,00-0032434,Brandon Allen,B.Allen,ALL063816,QB,QB,8,2510,2018,43490,3200414c-4c06-3816-a995-21614b984798,Brandon,Allen,Brandon,QB,QB,ACT,https://static.www.nfl.com/image/private/{formatInstructions}/league/ee95jejz4ud7xjdpx8ye,15,10,0,66.66666666666666,71.34003614385924,-4.67336947719258,73,1,100.13888888888889,2.1665333333333336,5.364666666666667,3.8260000000000005,-1.5386666666666668,20.145820139658728,36.176369359016675,23.42238459252174,-3.101999999999999,13.333333333333334,,PRE,1
2018,PRE,1,week,15,1,Connor Cook,QB,2520,00-0032893,Connor Cook,C.Cook,COO045872,QB,QB,18,2520,2018,43389,3200434f-4f04-5872-7e60-9148df96751c,Connor,Cook,Connor,QB,QB,ACT,,19,11,0,57.89473684210527,55.407260456367545,2.487476385737722,141,1,98.79385964912281,3.0802105263157897,8.970526315789474,7.061818181818182,-1.9087081339712917,23.092395010221587,44.63385486376905,32.987421845303395,0.8126315789473687,26.31578947368421,,PRE,1
2018,PRE,1,week,15,1,Brock Osweiler,QB,2700,00-0029682,Brock Osweiler,B.Osweiler,OSW479182,QB,QB,8,2700,2018,38587,32004f53-5747-9182-4702-268a68436507,Brock,Osweiler,Brock,QB,QB,ACT,https://static.www.nfl.com/image/private/{formatInstructions}/league/pwkmtgeitdi79qtumb2x,21,10,0,47.61904761904761,61.31722288472312,-13.69817526567551,83,0,58.23412698412699,2.828714285714286,8.28952380952381,2.642000000000001,-5.647523809523809,21.76362437039373,49.509726317159135,21.70300670414125,0.8609523809523819,28.57142857142857,,PRE,1
2018,PRE,1,week,15,1,Trevor Siemian,QB,3000,00-0032156,Trevor Siemian,T.Siemian,SIE461866,QB,QB,3,3000,2018,42593,32005349-4546-1866-e481-b01fc4505cd5,Trevor,Siemian,Trevor,QB,QB,ACT,https://static.www.nfl.com/image/private/{formatInstructions}/league/ti08nqfxvm2qecej46jj,17,11,1,64.70588235294117,74.51498525984147,-9.809102906900293,165,2,111.15196078431373,2.321411764705882,4.499411764705883,4.287272727272727,-0.21213903743315576,15.787535499715894,30.56858681718866,30.56858681718866,-5.853529411764706,23.52941176470588,,PRE,1
2018,PRE,1,week,15,1,Brian Hoyer,QB,3200,00-0026625,Brian Hoyer,B.Hoyer,HOY440791,QB,QB,2,3200,2018,34843,3200484f-5944-0791-71d1-a8236e0d6f80,Brian,Hoyer,Brian,QB,QB,ACT,https://static.www.nfl.com/image/private/{formatInstructions}/league/hartcqd9yt3gzqjddktl,23,16,0,69.56521739130434,57.849655948255375,11.71556144304897,144,0,86.1413043478261,3.0885652173913045,8.278695652173912,6.358125,-1.9205706521739119,20.956745127881682,49.66304561744074,32.716118351662686,0.7134782608695651,30.434782608695656,Jr.,PRE,1
2018,PRE,1,week,15,1,Davis Webb,QB,3410,00-0033550,Davis Webb,D.Webb,WEB107865,QB,QB,5,3410,2018,44899,32005745-4210-7865-aa79-d1694a1e3e3a,Davis,Webb,Davis,QB,QB,ACT,https://static.www.nfl.com/image/private/{formatInstructions}/league/tmllvkmykseg4tmthiiy,22,9,0,40.909090909090914,72.82889837568457,-31.91980746659366,70,0,49.43181818181818,2.6109999999999998,6.733181818181818,2.637777777777779,-4.0954040404040395,19.471779224621105,44.66240477179885,25.845649537204515,-1.9486363636363628,13.636363636363635,,PRE,1
2018,PRE,1,week,15,1,Sam Darnold,QB,3430,00-0034869,Sam Darnold,S.Darnold,DAR466141,QB,QB,14,3430,2018,46072,32004441-5246-6141-9e5c-6e7d32a03e33,Sam,Darnold,Sam,QB,QB,ACT,https://static.www.nfl.com/image/private/{formatInstructions}/league/eq43mbsq4xhpm9sfh0yl,18,13,0,72.22222222222221,74.24233862095409,-2.020116398731872,96,1,103.00925925925925,2.6238888888888883,6.5488888888888885,3.6753846153846133,-2.8735042735042753,21.15559656409925,47.46443826698047,33.31970738166829,-0.5066666666666677,5.555555555555555,"",PRE,1
2018,PRE,1,week,15,1,Joe Callahan,QB,3700,00-0032630,Joe Callahan,J.Callahan,CAL566497,QB,QB,3,3700,2018,43750,32004341-4c56-6497-addd-36a63bb73c44,Francis,Callahan,Joe,QB,QB,ACT,https://static.www.nfl.com/image/private/{formatInstructions}/league/n9nahsdhocngttt7hmdy,18,8,0,44.44444444444444,47.25572726585799,-2.811282821413549,91,0,60.185185185185176,4.116166666666667,13.735555555555557,9.306249999999999,-4.429305555555558,27.509780016045696,47.77779400516521,33.2359037788955,3.624444444444445,22.22222222222222,,PRE,1
2018,PRE,1,week,15,1,Geno Smith,QB,4400,00-0030565,Geno Smith,G.Smith,SMI269700,QB,QB,3,4400,2018,39987,3200534d-4926-9700-a278-7821d73d1c6a,Eugene,Smith,Geno,QB,QB,ACT,https://static.www.nfl.com/image/private/{formatInstructions}/league/lhbeome9qmto0bwtywzh,23,14,1,60.86956521739131,66.30588355271712,-5.436318335325808,218,1,88.67753623188405,2.9243478260869575,7.696086956521744,8.715,1.018913043478256,21.691569329984006,53.590545808006105,53.590545808006105,-4.260434782608695,17.391304347826086,III,PRE,1
2018,PRE,1,week,15,1,C.J. Beathard,QB,4500,00-0033936,C.J. Beathard,C.Beathard,BEA000000,QB,QB,3,4500,2018,44916,32004245-4100-0000-1302-8b14c2a27740,Casey,Beathard,C.J.,QB,QB,ACT,https://static.www.nfl.com/image/private/{formatInstructions}/league/cxnftopynjpknelosh3j,20,10,1,50.0,68.41220159083605,-18.412201590836048,181,0,60.62500000000001,2.93675,10.056000000000001,12.198999999999998,2.142999999999997,21.324924960010925,56.259719160337085,56.259719160337085,0.7059999999999997,10.0,,PRE,1
2018,PRE,1,week,15,1,Ryan Griffin,QB,4900,00-0029857,Ryan Griffin,R.Griffin,GRI294351,QB,QB,4,4900,2018,40314,32004752-4929-4351-4c0e-39c1aef9403f,Ryan,Griffin,Ryan,QB,QB,ACT,https://static.www.nfl.com/image/private/{formatInstructions}/league/afdzyedtv5bbcva9ljcy,26,20,0,76.92307692307693,63.49514115315217,13.427935769924765,179,1,107.6923076923077,2.448884615384615,5.990769230769232,6.590999999999998,0.600230769230766,18.41605965328129,24.535282757694063,24.535282757694063,-2.5092307692307694,7.6923076923076925,,PRE,1
2018,PRE,1,week,15,1,Colt McCoy,QB,5110,00-0027688,Colt McCoy,C.McCoy,MCC603149,QB,QB,12,5110,2018,35524,32004d43-4360-3149-3730-03f6064d0cb7,Daniel,McCoy,Colt,QB,QB,ACT,https://static.www.nfl.com/image/private/{formatInstructions}/league/gz4s7wclpyp2afmtandb,18,13,0,72.22222222222221,62.43708084026972,9.785141381952492,189,2,143.05555555555557,2.6453888888888883,7.694999999999999,7.933076923076924,0.23807692307692463,20.77877045186779,37.28381150043542,37.28381150043542,-1.4716666666666671,22.22222222222222,,PRE,1
2018,PRE,2,week,15,1,Lamar Jackson,QB,0325,00-0034796,Lamar Jackson,L.Jackson,JAC323395,QB,QB,8,0325,2018,46101,32004a41-4332-3395-efb0-6c7b75de50af,Lamar,Jackson,Lamar,QB,QB,ACT,https://static.www.nfl.com/image/private/{formatInstructions}/league/rojvfogdbjpld2ldvdop,15,7,0,46.666666666666664,47.8292652964592,-1.1625986297925337,49,1,76.80555555555556,3.2108666666666665,10.7,4.447142857142857,-6.252857142857143,22.79645990291484,51.356426082818494,21.932642339672615,2.2333333333333334,33.33333333333333,,PRE,2
2018,PRE,2,week,15,1,Chase Daniel,QB,0810,00-0026544,Chase Daniel,C.Daniel,DAN230354,QB,QB,4,0810,2018,34754,32004441-4e23-0354-f686-46d36ead5645,William,Daniel,Chase,QB,QB,ACT,https://static.www.nfl.com/image/private/{formatInstructions}/league/zqu7jyy17dassy385p5e,28,19,0,67.85714285714286,66.28542845802647,1.571714399116388,189,2,110.56547619047619,2.5166785714285713,7.056071428571428,5.228421052631579,-1.8276503759398492,20.637086548317196,38.32801194948677,36.52619060345604,-1.301071428571428,10.714285714285714,,PRE,2
2018,PRE,2,week,15,1,Jeff Driskel,QB,0920,00-0032436,Jeff Driskel,J.Driskel,DRI392790,QB,QB,6,0920,2018,43496,32004452-4939-2790-3aab-117735a7f4ab,Jeffrey,Driskel,Jeff,QB,QB,ACT,https://static.www.nfl.com/image/private/{formatInstructions}/league/mrglnsl7z78rbilz3be2,16,10,1,62.5,55.36909233778715,7.130907662212849,120,0,59.375,2.811125,6.683125000000001,6.711999999999999,0.02887499999999754,21.54226148538108,47.258570651258594,47.258570651258594,-3.6293749999999996,18.75,,PRE,2
2018,PRE,2,week,15,1,Dak Prescott,QB,1200,00-0033077,Dak Prescott,D.Prescott,PRE285723,QB,QB,4,1200,2018,43424,32005052-4528-5723-d1b2-96e92ebc1241,Rayne,Prescott,Dak,QB,QB,ACT,https://static.www.nfl.com/image/private/{formatInstructions}/league/httrtiv5us06hh6asf07,15,10,0,66.66666666666666,57.34031140804291,9.32635525862375,86,1,103.74999999999999,3.0268666666666673,8.668000000000001,4.486,-4.182000000000001,19.33337685836924,43.26093156648387,21.064595889786258,0.6013333333333343,26.666666666666668,,PRE,2
2018,PRE,2,week,15,1,Mike White,QB,1200,00-0034401,Mike White,Mi.White,WHI367864,QB,QB,3,1200,2018,46240,32005748-4936-7864-3ac7-015862958e61,Michael,White,Mike,QB,QB,ACT,https://static.www.nfl.com/image/private/{formatInstructions}/league/kzoeyu9fjpity0vpthg8,16,8,0,50.0,60.75896788388491,-10.758967883884907,76,0,63.541666666666664,2.8394375000000003,6.718125,5.4675,-1.2506249999999994,17.62296265180694,45.656207683074165,29.667876567088523,-2.844375,25.0,,PRE,2
2018,PRE,2,week,15,1,Jake Rudock,QB,1540,00-0032431,Jake Rudock,J.Rudock,RUD297966,QB,QB,14,1540,2018,43480,32005255-4429-7966-d9fd-3c6dbadaa98e,Jake,Rudock,Jake,QB,QB,ACT,https://static.www.nfl.com/image/private/{formatInstructions}/league/lb8pxfnrvchcoy8y3c1h,30,23,0,76.66666666666667,71.42229169607162,5.244374970595047,171,1,100.83333333333336,2.3820333333333332,3.5113333333333334,3.145652173913043,-0.3656811594202902,16.660477243424076,27.274486246307184,27.274486246307184,-3.9219999999999997,16.666666666666664,,PRE,2
2018,PRE,2,week,15,1,Blaine Gabbert,QB,2100,00-0027948,Blaine Gabbert,B.Gabbert,GAB221145,QB,QB,7,2100,2018,37083,32004741-4222-1145-cd0f-449f7f72bdc9,Blaine,Gabbert,Blaine,QB,QB,ACT,https://static.www.nfl.com/image/private/{formatInstructions}/league/awuyhgwqxyg475snjkli,16,10,0,62.5,69.61517445743084,-7.1151744574308395,116,1,105.20833333333333,2.4195624999999996,7.395000000000001,6.476999999999999,-0.9180000000000019,20.84620562502159,32.97741348256409,31.316904380861143,-2.1049999999999995,25.0,,PRE,2
2018,PRE,2,week,15,1,Joe Webb,QB,2120,00-0027796,Joe Webb,J.Webb,WEB212765,QB,QB,5,2120,2018,35638,32005745-4221-2765-4b90-fcd8a61454f0,Joseph,Webb,Joe,QB,QB,ACT,https://static.www.nfl.com/image/private/{formatInstructions}/league/hjieero9ugbyu7n1629h,19,10,1,52.63157894736842,54.7373617165967,-2.1057827692282842,127,1,69.4078947368421,3.060947368421053,11.761052631578949,5.682,-6.079052631578948,24.149248380829242,51.12782608325921,37.15780671675873,0.34,31.57894736842105,,PRE,2
2018,PRE,2,week,15,1,Brandon Weeden,QB,2120,00-0029677,Brandon Weeden,B.Weeden,WEE221487,QB,QB,3,2120,2018,38552,32005745-4522-1487-9796-bea264b9e7f1,Brandon,Weeden,Brandon,QB,QB,ACT,https://static.www.nfl.com/image/private/{formatInstructions}/league/m8oocp4p9nskilnakgnw,15,7,0,46.666666666666664,61.87642471243938,-15.209758045772716,50,0,54.861111111111114,2.4313333333333333,10.507333333333333,4.155714285714287,-6.351619047619047,23.426520771277435,54.04404500035134,31.43091630862836,0.8406666666666661,20.0,,PRE,2
2018,PRE,2,week,15,1,Jacoby Brissett,QB,2200,00-0033119,Jacoby Brissett,J.Brissett,BRI516391,QB,QB,7,2200,2018,43380,32004252-4951-6391-fb1e-f908d9b96e12,Jacoby,Brissett,Jacoby,QB,QB,ACT,https://static.www.nfl.com/image/private/{formatInstructions}/league/qbvf9c5eedjgkw9xqwup,23,14,0,60.86956521739131,63.24924424938534,-2.37967903199403,172,0,83.96739130434784,2.86304347826087,7.693043478260869,7.467142857142855,-0.22590062111801412,19.04551408522894,47.677605854321165,47.677605854321165,-3.0460869565217394,21.73913043478261,,PRE,2
2018,PRE,2,week,15,1,Blake Bortles,QB,2250,00-0031407,Blake Bortles,B.Bortles,BOR650964,QB,QB,5,2250,2018,41229,3200424f-5265-0964-4a57-fb0d82ae917e,Robby,Bortles,Blake,QB,QB,ACT,https://static.www.nfl.com/image/private/{formatInstructions}/league/qycdzdjsokwmamzwsmeq,20,12,1,60.0,74.13350060582161,-14.13350060582161,159,0,64.375,2.3663999999999996,7.3715,4.034166666666667,-3.3373333333333335,19.5114421410563,40.84176783637065,28.088526127228533,-1.3285,10.0,Jr.,PRE,2
2018,PRE,2,week,15,1,Cody Kessler,QB,2250,00-0033104,Cody Kessler,C.Kessler,KES701662,QB,QB,6,2250,2018,43382,32004b45-5370-1662-8570-5095ed4b0b10,Cody,Kessler,Cody,QB,QB,ACT,https://static.www.nfl.com/image/private/{formatInstructions}/league/gkvutiyutml2atftmu09,16,11,0,68.75,62.98253661952913,5.767463380470872,72,0,78.125,2.4754374999999995,7.502499999999999,3.306363636363635,-4.196136363636364,21.252974905472524,42.76868597467077,27.162713413795757,0.0024999999999990585,25.0,,PRE,2
2018,PRE,2,week,15,1,Sean Mannion,QB,2510,00-0032245,Sean Mannion,S.Mannion,MAN548238,QB,QB,14,2510,2018,42432,32004d41-4e54-8238-75bc-0c066cdf649e,Sean,Mannion,Sean,QB,QB,ACT,https://static.www.nfl.com/image/private/{formatInstructions}/league/qu4kwqrvk5urqxx5go3e,16,10,0,62.5,56.171406945213675,6.3285930547863245,84,0,76.04166666666666,2.6233125,6.63375,6.346000000000001,-0.28774999999999906,20.825131759082748,55.72885159412492,55.72885159412492,-1.36625,31.25,,PRE,2
2018,PRE,2,week,15,1,EJ Manuel,QB,2520,00-0030526,EJ Manuel,E.Manuel,MAN738705,QB,QB,3,2520,2018,39962,32004d41-4e73-8705-be72-a43e97baac70,Erik,Manuel,E.J.,QB,QB,ACT,https://static.www.nfl.com/image/private/{formatInstructions}/league/day0kzescuwievdhlacd,16,10,0,62.5,50.84652742370963,11.653472576290369,89,1,98.17708333333334,2.8889375,9.055625,3.192,-5.863624999999999,21.06835638630913,52.871206719726004,22.903993101640594,-1.8193750000000004,43.75,Jr.,PRE,2
2018,PRE,2,week,15,1,Ryan Tannehill,QB,2700,00-0029701,Ryan Tannehill,R.Tannehill,TAN298716,QB,QB,17,2700,2018,38538,32005441-4e29-8716-6443-cc1663c47ac9,Ryan,Tannehill,Ryan,QB,QB,ACT,https://static.www.nfl.com/image/private/{formatInstructions}/league/e2b84kobkdgravu7u6qy,17,14,0,82.35294117647058,76.8737892894184,5.479151887052183,100,0,91.17647058823529,2.0325294117647057,4.831764705882353,4.687857142857142,-0.1439075630252109,20.444118965354953,32.4842869707802,32.4842869707802,-5.285882352941177,5.88235294117647,,PRE,2
2018,PRE,2,week,15,1,Kyle Sloter,QB,3000,00-0033672,Kyle Sloter,K.Sloter,SLO401791,QB,QB,1,3000,2018,45546,3200534c-4f40-1791-a253-00d7c332d13d,Kyle,Sloter,Kyle,QB,QB,ACT,https://static.www.nfl.com/image/private/{formatInstructions}/league/cwovj6np7arfxvsxmoeu,15,10,0,66.66666666666666,54.87706623971462,11.789600426952035,82,0,80.41666666666667,2.7738666666666663,6.001333333333335,4.999000000000002,-1.0023333333333326,19.80734586859405,34.92240684718052,34.92240684718052,-3.331999999999999,26.666666666666668,,PRE,2
2018,PRE,2,week,15,1,Tom Brady,QB,3200,00-0019596,Tom Brady,T.Brady,BRA371156,QB,QB,12,3200,2018,25511,32004252-4137-1156-7ed0-8b9e44948f13,Tom,Brady,Tom,QB,QB,ACT,https://static.www.nfl.com/image/private/{formatInstructions}/league/apkxya5ptb0zalrskshq,26,19,0,73.07692307692307,65.19648318107312,7.880439895849946,172,2,116.18589743589742,2.6257307692307696,7.300769230769232,3.77578947368421,-3.524979757085022,20.614678536449624,57.13092507565408,28.82572635685006,-1.6223076923076933,11.538461538461538,Jr.,PRE,2
2018,PRE,2,week,15,1,Taysom Hill,QB,3300,00-0033357,Taysom Hill,T.Hill,HIL609597,QB,QB,7,3300,2018,45244,32004849-4c60-9597-c5a9-4369b9c7cd1e,Taysom,Hill,Taysom,QB,QB,ACT,https://static.www.nfl.com/image/private/{formatInstructions}/league/cqzbzxdt8niqee09wewi,15,11,2,73.33333333333333,61.09390536944071,12.239427963892616,68,0,42.5,2.8512666666666666,7.59,3.88,-3.71,21.663735606472155,54.79781929967651,26.797539066115757,-2.01,33.33333333333333,,PRE,2
2018,PRE,2,week,15,1,Davis Webb,QB,3410,00-0033550,Davis Webb,D.Webb,WEB107865,QB,QB,5,3410,2018,44899,32005745-4210-7865-aa79-d1694a1e3e3a,Davis,Webb,Davis,QB,QB,ACT,https://static.www.nfl.com/image/private/{formatInstructions}/league/tmllvkmykseg4tmthiiy,20,14,0,70.0,49.393292758613825,20.606707241386175,140,1,106.25,2.9574000000000007,8.676,7.798571428571429,-0.8774285714285712,22.260617211455056,52.2108111409888,47.868772702044495,-0.6240000000000006,40.0,,PRE,2
2018,PRE,2,week,15,1,Teddy Bridgewater,QB,3430,00-0031237,Teddy Bridgewater,T.Bridgewater,BRI129168,QB,QB,5,3430,2018,41258,32004252-4912-9168-84fe-1a998a0eb85b,Theodore,Bridgewater,Teddy,QB,QB,ACT,https://static.www.nfl.com/image/private/{formatInstructions}/league/f0uzw2vaxwyytmx1zron,15,10,1,66.66666666666666,66.42452915509541,0.24213751157124364,127,1,87.3611111111111,2.945666666666667,9.446666666666665,5.828999999999999,-3.6176666666666666,25.125756347826975,39.28497168129309,34.566395530919905,0.4466666666666664,13.333333333333334,Jr.,PRE,2
2018,PRE,2,week,15,1,Nate Sudfeld,QB,3700,00-0032792,Nate Sudfeld,N.Sudfeld,SUD197144,QB,QB,7,3700,2018,43476,32005355-4419-7144-f452-fa8c30a99f40,Nathan,Sudfeld,Nate,QB,QB,ACT,https://static.www.nfl.com/image/private/{formatInstructions}/league/ht4csu3xpuz32mshh8tc,39,22,1,56.41025641025641,59.42571321741129,-3.0154568071548837,312,3,97.38247863247862,3.235846153846153,10.579487179487181,8.840454545454547,-1.7390326340326343,24.52448524597094,55.543109383613015,55.543109383613015,2.400000000000001,17.94871794871795,,PRE,2
2018,PRE,2,week,15,1,Josh Rosen,QB,3800,00-0034343,Josh Rosen,J.Rosen,ROS357433,QB,QB,3,3800,2018,46079,3200524f-5335-7433-3207-a02a4e884405,Joshua,Rosen,Josh,QB,QB,ACT,https://static.www.nfl.com/image/private/{formatInstructions}/league/evc67tf1tcwfwho6pmr9,16,10,0,62.5,63.51260636001825,-1.0126063600182533,107,1,102.86458333333333,2.8285625000000003,6.545624999999999,7.9959999999999996,1.4503750000000002,18.883239678167154,32.63885414655361,30.680508470362742,-2.7043750000000006,12.5,,PRE,2
2018,PRE,2,week,15,1,Joshua Dobbs,QB,3900,00-0033949,Joshua Dobbs,J.Dobbs,DOB302360,QB,QB,5,3900,2018,44948,3200444f-4230-2360-8e14-dbbe1dede120,Robert,Dobbs,Joshua,QB,QB,ACT,https://static.www.nfl.com/image/private/{formatInstructions}/league/mgzzxgsfnkundxwonrlj,18,12,1,66.66666666666666,54.9335450761848,11.733121590481858,192,2,115.97222222222223,3.2938333333333336,14.059444444444445,12.930833333333334,-1.1286111111111108,28.258268252616062,47.452099005207344,47.452099005207344,3.948333333333333,27.77777777777778,,PRE,2
2018,PRE,2,week,15,1,C.J. Beathard,QB,4500,00-0033936,C.J. Beathard,C.Beathard,BEA000000,QB,QB,3,4500,2018,44916,32004245-4100-0000-1302-8b14c2a27740,Casey,Beathard,C.J.,QB,QB,ACT,https://static.www.nfl.com/image/private/{formatInstructions}/league/cxnftopynjpknelosh3j,17,10,0,58.82352941176471,66.67344780529247,-7.8499183935277586,82,0,71.20098039215686,2.708470588235294,7.552352941176472,4.581,-2.9713529411764714,19.988075933609117,52.73724490338873,33.89893803646362,-2.2123529411764697,23.52941176470588,,PRE,2
2018,PRE,2,week,15,1,Russell Wilson,QB,4600,00-0029263,Russell Wilson,R.Wilson,WIL777781,QB,QB,3,4600,2018,38605,32005749-4c77-7781-795c-94c753706d1d,Russell,Wilson,Russell,QB,QB,ACT,https://static.www.nfl.com/image/private/{formatInstructions}/league/rrpzsqysodir9laitnus,21,13,0,61.904761904761905,60.88434741610572,1.0204144886561863,193,0,91.96428571428571,2.982238095238095,12.519523809523811,10.251538461538463,-2.2679853479853485,26.52556907611504,62.41841394973122,62.41841394973122,4.805238095238097,23.809523809523807,,PRE,2
2018,PRE,2,week,15,1,Jameis Winston,QB,4900,00-0031503,Jameis Winston,J.Winston,WIN623708,QB,QB,3,4900,2018,42344,32005749-4e62-3708-9650-e59a3f7bea83,Jameis,Winston,Jameis,QB,QB,ACT,https://static.www.nfl.com/image/private/{formatInstructions}/league/iurpf1pdjrjfowtksptf,18,13,0,72.22222222222221,54.04516706864039,18.177055153581826,226,2,151.38888888888886,3.1105,14.309999999999999,15.482307692307696,1.1723076923076974,25.164277203636537,62.52281263666887,62.52281263666887,2.921111111111111,33.33333333333333,,PRE,2
2018,PRE,2,week,15,1,Colt McCoy,QB,5110,00-0027688,Colt McCoy,C.McCoy,MCC603149,QB,QB,12,5110,2018,35524,32004d43-4360-3149-3730-03f6064d0cb7,Daniel,McCoy,Colt,QB,QB,ACT,https://static.www.nfl.com/image/private/{formatInstructions}/league/gz4s7wclpyp2afmtandb,16,12,1,75.0,72.58995715528727,2.4100428447127342,140,0,75.0,2.313375,7.825625000000002,5.674166666666668,-2.151458333333334,21.418586441661194,41.90137229256341,37.71650169355583,-1.4868749999999982,18.75,,PRE,2
2018,PRE,3,week,15,1,Robert Griffin III,QB,0325,00-0029665,Robert Griffin III,R.Griffin,GRI283140,QB,QB,3,0325,2018,38532,32004752-4928-3140-9891-1e10fb560bfb,Robert,Griffin,Robert,QB,QB,ACT,https://static.www.nfl.com/image/private/{formatInstructions}/league/f9gitqxxg3f1uybdcfhc,15,9,0,60.0,63.808653950691216,-3.808653950691216,66,0,70.41666666666666,2.9212666666666665,7.218666666666667,2.3133333333333326,-4.905333333333334,19.380392027330668,51.558045928836364,23.5500191082725,-2.4480000000000004,20.0,III,PRE,3
2018,PRE,3,week,15,1,Nathan Peterman,QB,0610,00-0033958,Nathan Peterman,N.Peterman,PET071806,QB,QB,2,0610,2018,44984,32005045-5407-1806-8416-0c28f3e38ba0,Nathan,Peterman,Nathan,QB,QB,ACT,https://static.www.nfl.com/image/private/{formatInstructions}/league/eixg0gbbzejn3c14lsz4,21,16,0,76.19047619047619,68.26864727551029,7.9218289149659,200,1,121.13095238095238,2.4295238095238094,8.159047619047618,7.471875,-0.687172619047618,22.0875389010158,38.50346607774422,38.50346607774422,-2.8409523809523813,9.523809523809524,,PRE,3
2018,PRE,3,week,15,1,Cam Newton,QB,0750,00-0027939,Cam Newton,C.Newton,NEW693984,QB,QB,1,0750,2018,37074,32004e45-5769-3984-c32b-2c25062be531,Cameron,Newton,Cam,QB,QB,ACT,https://static.www.nfl.com/image/private/{formatInstructions}/league/gin1atizg1ga9p0skyu0,17,11,0,64.70588235294117,58.09827183975893,6.6076105131822445,142,0,90.80882352941177,3.2123125,10.39625,7.786363636363637,-2.609886363636363,23.65675751981208,43.92175429101165,34.99009145458182,2.5837500000000007,29.411764705882355,,PRE,3
2018,PRE,3,week,15,1,Chase Daniel,QB,0810,00-0026544,Chase Daniel,C.Daniel,DAN230354,QB,QB,4,0810,2018,34754,32004441-4e23-0354-f686-46d36ead5645,William,Daniel,Chase,QB,QB,ACT,https://static.www.nfl.com/image/private/{formatInstructions}/league/zqu7jyy17dassy385p5e,18,15,0,83.33333333333334,72.88160340653526,10.45172992679808,198,2,149.537037037037,2.4286666666666665,6.942222222222222,4.620666666666666,-2.3215555555555563,20.764289600791457,40.083325710324985,40.083325710324985,-1.5022222222222226,5.555555555555555,,PRE,3
2018,PRE,3,week,15,1,Andy Dalton,QB,0920,00-0027973,Andy Dalton,A.Dalton,DAL659900,QB,QB,14,0920,2018,37110,32004441-4c65-9900-551d-a31a0423b3ca,Andrew,Dalton,Andy,QB,QB,ACT,https://static.www.nfl.com/image/private/{formatInstructions}/league/fex1enmwhsyid5jyue7t,16,11,0,68.75,58.36345797870308,10.386542021296918,180,2,145.83333333333331,2.471625,10.800625,11.71909090909091,0.9184659090909104,23.48449604979077,55.28906311378409,55.28906311378409,0.050625000000001474,25.0,,PRE,3
2018,PRE,3,week,15,1,Matt Barkley,QB,0920,00-0030533,Matt Barkley,M.Barkley,BAR192558,QB,QB,7,0920,2018,40046,32004241-5219-2558-104e-c58640a9e77a,Matthew,Barkley,Matt,QB,QB,ACT,https://static.www.nfl.com/image/private/{formatInstructions}/league/lodswmnugxvkpvuurchf,16,9,1,56.25,60.877254977822304,-4.627254977822304,112,0,52.083333333333336,2.5854375000000003,10.288124999999999,8.184444444444445,-2.103680555555554,21.64231956159572,36.3808878396336,29.195701738440885,2.538124999999999,31.25,,PRE,3
2018,PRE,3,week,15,1,Tyrod Taylor,QB,1050,00-0028118,Tyrod Taylor,T.Taylor,TAY764868,QB,QB,5,1050,2018,37255,32005441-5976-4868-b81d-df31fbb7fe72,Tyrod,Taylor,Tyrod,QB,QB,ACT,https://static.www.nfl.com/image/private/{formatInstructions}/league/xsaawztp6k1dv3xlbgpx,16,11,0,68.75,72.374547412619,-3.6245474126189947,65,0,76.30208333333334,2.6540625,4.731874999999999,2.8245454545454547,-1.907329545454544,18.398591152111408,40.340903559538674,28.864131720874614,-2.330625000000001,6.25,,PRE,3
2018,PRE,3,week,15,1,Cooper Rush,QB,1200,00-0033662,Cooper Rush,C.Rush,RUS046607,QB,QB,7,1200,2018,45536,32005255-5304-6607-6ca0-6d97a0d0f253,Cooper,Rush,Cooper,QB,QB,ACT,https://static.www.nfl.com/image/private/{formatInstructions}/league/vpto9d3x5hbwxbkbjlut,17,11,2,64.70588235294117,71.26678631586188,-6.560903962920705,93,0,39.215686274509814,2.3985294117647054,6.687058823529414,1.3909090909090922,-5.2961497326203215,19.72924998292568,45.70611884638641,21.024844827013595,-3.430588235294116,11.76470588235294,,PRE,3
2018,PRE,3,week,15,1,Mike White,QB,1200,00-0034401,Mike White,Mi.White,WHI367864,QB,QB,3,1200,2018,46240,32005748-4936-7864-3ac7-015862958e61,Michael,White,Mike,QB,QB,ACT,https://static.www.nfl.com/image/private/{formatInstructions}/league/kzoeyu9fjpity0vpthg8,22,17,1,77.27272727272727,69.66818164695393,7.604545625773341,157,0,77.27272727272728,2.6509545454545456,6.701818181818184,4.404705882352942,-2.297112299465242,17.64500699478939,36.08246665625841,21.514165101160675,-2.889090909090908,22.727272727272727,,PRE,3
2018,PRE,3,week,15,1,Case Keenum,QB,1400,00-0028986,Case Keenum,C.Keenum,KEE690598,QB,QB,4,1400,2018,38937,32004b45-4569-0598-1a82-7cad5305e148,Casey,Keenum,Case,QB,QB,ACT,https://static.www.nfl.com/image/private/{formatInstructions}/league/qnyuz76tdcsqxn1bzse1,18,12,0,66.66666666666666,62.800493505265976,3.866173161400681,148,0,91.89814814814814,2.5178333333333334,9.321111111111113,9.554166666666667,0.2330555555555538,23.55722146396086,37.72631044774986,37.72631044774986,-0.8455555555555551,22.22222222222222,,PRE,3
2018,PRE,3,week,15,1,Matthew Stafford,QB,1540,00-0026498,Matthew Stafford,M.Stafford,STA134157,QB,QB,9,1540,2018,34452,32005354-4113-4157-19b1-37e6835d09b9,John,Stafford,Matthew,QB,QB,ACT,https://static.www.nfl.com/image/private/{formatInstructions}/league/iibglgpasx5wsrylvn2z,18,9,0,50.0,67.88370865914557,-17.88370865914557,113,0,69.9074074074074,2.8273333333333337,7.852777777777779,7.05111111111111,-0.8016666666666685,20.90256737095196,38.42699051448083,38.42699051448083,-0.536111111111111,11.11111111111111,,PRE,3
2018,PRE,3,week,15,1,DeShone Kizer,QB,1800,00-0033899,DeShone Kizer,D.Kizer,KIZ080286,QB,QB,9,1800,2018,44864,32004b49-5a08-0286-2a4a-4466d3b555e6,DeShone,Kizer,DeShone,QB,QB,ACT,https://static.www.nfl.com/image/private/{formatInstructions}/league/pqmmtdcwopaixn3m54ku,23,11,0,47.82608695652174,55.834828122802406,-8.008741166280664,120,0,63.67753623188407,2.6128181818181813,9.389999999999999,6.821818181818182,-2.5681818181818166,21.12468770219689,52.4151008775143,35.166161291787304,0.34454545454545477,21.73913043478261,,PRE,3
2018,PRE,3,week,15,1,Blaine Gabbert,QB,2100,00-0027948,Blaine Gabbert,B.Gabbert,GAB221145,QB,QB,7,2100,2018,37083,32004741-4222-1145-cd0f-449f7f72bdc9,Blaine,Gabbert,Blaine,QB,QB,ACT,https://static.www.nfl.com/image/private/{formatInstructions}/league/awuyhgwqxyg475snjkli,24,16,0,66.66666666666666,70.15663683414459,-3.489970167477935,158,1,98.95833333333334,2.7135416666666665,6.4025,6.256874999999999,-0.14562500000000078,18.571737203732464,29.678485473487353,23.43122916110036,-3.2225000000000006,12.5,,PRE,3
2018,PRE,3,week,15,1,Brandon Weeden,QB,2120,00-0029677,Brandon Weeden,B.Weeden,WEE221487,QB,QB,3,2120,2018,38552,32005745-4522-1487-9796-bea264b9e7f1,Brandon,Weeden,Brandon,QB,QB,ACT,https://static.www.nfl.com/image/private/{formatInstructions}/league/m8oocp4p9nskilnakgnw,17,10,1,58.82352941176471,54.68444771626416,4.1390816955005505,108,1,72.67156862745098,2.5982352941176465,8.468823529411765,7.991,-0.477823529411765,22.775265165935185,41.75135207391493,41.75135207391493,-0.001764705882351963,29.411764705882355,,PRE,3
2018,PRE,3,week,15,1,Blake Bortles,QB,2250,00-0031407,Blake Bortles,B.Bortles,BOR650964,QB,QB,5,2250,2018,41229,3200424f-5265-0964-4a57-fb0d82ae917e,Robby,Bortles,Blake,QB,QB,ACT,https://static.www.nfl.com/image/private/{formatInstructions}/league/qycdzdjsokwmamzwsmeq,23,17,2,73.91304347826086,72.71511587111846,1.1979276071424039,204,0,64.40217391304348,2.748434782608696,4.769999999999999,2.9299999999999997,-1.839999999999999,15.828179174037718,32.62783014544486,24.73485395145886,-2.186521739130435,8.695652173913043,Jr.,PRE,3
2018,PRE,3,week,15,1,Patrick Mahomes,QB,2310,00-0033873,Patrick Mahomes,P.Mahomes,MAH401939,QB,QB,15,2310,2018,44822,32004d41-4840-1939-e4c1-bb89191b4e71,Patrick,Mahomes,Patrick,QB,QB,ACT,https://static.www.nfl.com/image/private/{formatInstructions}/league/ugt3pz3jk8v1cbuvj3om,24,18,0,75.0,70.33315522906682,4.6668447709331815,196,1,112.5,2.958500000000001,6.65541666666667,4.133333333333334,-2.5220833333333363,20.857811670072742,55.359978323695174,26.83603920104455,-2.1362499999999995,8.333333333333332,,PRE,3
2018,PRE,3,week,15,1,Sean Mannion,QB,2510,00-0032245,Sean Mannion,S.Mannion,MAN548238,QB,QB,14,2510,2018,42432,32004d41-4e54-8238-75bc-0c066cdf649e,Sean,Mannion,Sean,QB,QB,ACT,https://static.www.nfl.com/image/private/{formatInstructions}/league/qu4kwqrvk5urqxx5go3e,17,11,1,64.70588235294117,76.58873586093678,-11.882853507995605,68,1,67.76960784313727,2.584176470588235,3.9823529411764724,2.93,-1.0523529411764723,17.674399099984406,28.78185713257572,23.524066400178352,-4.488235294117645,5.88235294117647,,PRE,3
2018,PRE,3,week,15,1,Connor Cook,QB,2520,00-0032893,Connor Cook,C.Cook,COO045872,QB,QB,18,2520,2018,43389,3200434f-4f04-5872-7e60-9148df96751c,Connor,Cook,Connor,QB,QB,ACT,,15,6,1,40.0,60.12276450792948,-20.12276450792948,72,0,27.63888888888889,2.6136666666666666,8.548,4.403333333333332,-4.144666666666668,21.255928750121917,36.33830485864743,24.877614435471905,0.014666666666666116,6.666666666666667,,PRE,3
2018,PRE,3,week,15,1,Ryan Tannehill,QB,2700,00-0029701,Ryan Tannehill,R.Tannehill,TAN298716,QB,QB,17,2700,2018,38538,32005441-4e29-8716-6443-cc1663c47ac9,Ryan,Tannehill,Ryan,QB,QB,ACT,https://static.www.nfl.com/image/private/{formatInstructions}/league/e2b84kobkdgravu7u6qy,16,11,0,68.75,66.91398173570633,1.8360182642936707,115,1,110.15625,2.5563124999999998,7.091875,7.128181818181818,0.036306818181818024,18.681189566734094,41.73020249172055,41.73020249172055,-2.220625,18.75,,PRE,3
2018,PRE,3,week,15,1,Kirk Cousins,QB,3000,00-0029604,Kirk Cousins,K.Cousins,COU709400,QB,QB,8,3000,2018,38632,3200434f-5570-9400-e1ae-f835abb5963e,Kirk,Cousins,Kirk,QB,QB,ACT,https://static.www.nfl.com/image/private/{formatInstructions}/league/yoi19theqqakt4zpw9r4,28,17,0,60.71428571428571,74.84626035605159,-14.13197464176588,182,0,79.76190476190476,2.4312142857142853,4.128571428571429,4.052352941176472,-0.07621848739495718,17.934071650357314,38.81466217809966,38.81466217809966,-3.7999999999999994,10.714285714285714,,PRE,3
2018,PRE,3,week,15,1,Kyle Sloter,QB,3000,00-0033672,Kyle Sloter,K.Sloter,SLO401791,QB,QB,1,3000,2018,45546,3200534c-4f40-1791-a253-00d7c332d13d,Kyle,Sloter,Kyle,QB,QB,ACT,https://static.www.nfl.com/image/private/{formatInstructions}/league/cwovj6np7arfxvsxmoeu,15,11,0,73.33333333333333,63.243821461995445,10.089511871337884,85,2,126.38888888888889,2.3969333333333336,5.9913333333333325,6.152727272727272,0.16139393939393987,20.96300418280541,28.756051537024337,28.756051537024337,-1.4753333333333343,20.0,,PRE,3
2018,PRE,3,week,15,1,Tom Brady,QB,3200,00-0019596,Tom Brady,T.Brady,BRA371156,QB,QB,12,3200,2018,25511,32004252-4137-1156-7ed0-8b9e44948f13,Tom,Brady,Tom,QB,QB,ACT,https://static.www.nfl.com/image/private/{formatInstructions}/league/apkxya5ptb0zalrskshq,18,12,0,66.66666666666666,78.63071478075452,-11.96404811408786,102,0,81.25,2.2541666666666664,4.519444444444444,2.879999999999999,-1.639444444444445,17.463610258826716,35.12502241992167,21.875415424626798,-3.6472222222222226,5.555555555555555,Jr.,PRE,3
2018,PRE,3,week,15,1,Brian Hoyer,QB,3200,00-0026625,Brian Hoyer,B.Hoyer,HOY440791,QB,QB,2,3200,2018,34843,3200484f-5944-0791-71d1-a8236e0d6f80,Brian,Hoyer,Brian,QB,QB,ACT,https://static.www.nfl.com/image/private/{formatInstructions}/league/hartcqd9yt3gzqjddktl,24,16,0,66.66666666666666,69.43941426773867,-2.7727476010720125,109,0,76.5625,2.3764166666666666,10.233333333333333,3.260625,-6.972708333333332,24.19058274448348,53.81006690202122,27.154743600336204,0.7333333333333333,0.0,Jr.,PRE,3
2018,PRE,3,week,15,1,Eli Manning,QB,3410,00-0022803,Eli Manning,E.Manning,MAN473170,QB,QB,10,3410,2018,28953,32004d41-4e47-3170-d4e5-66f2cfc951d8,Elisha,Manning,Eli,QB,QB,ACT,https://static.www.nfl.com/image/private/{formatInstructions}/league/w51tf8uedjftbr4qpaex,23,17,0,73.91304347826086,69.30967919204546,4.603364286215395,188,0,97.73550724637681,2.7027391304347823,8.490869565217393,7.55764705882353,-0.9332225063938626,21.371023096782114,52.90732463468551,52.90732463468551,-0.6830434782608674,21.73913043478261,,PRE,3
2018,PRE,3,week,15,1,Teddy Bridgewater,QB,3430,00-0031237,Teddy Bridgewater,T.Bridgewater,BRI129168,QB,QB,5,3430,2018,41258,32004252-4912-9168-84fe-1a998a0eb85b,Theodore,Bridgewater,Teddy,QB,QB,ACT,https://static.www.nfl.com/image/private/{formatInstructions}/league/f0uzw2vaxwyytmx1zron,15,11,0,73.33333333333333,74.25964792569478,-0.9263145923614502,104,0,92.08333333333334,2.4692,4.123333333333334,3.1354545454545457,-0.9878787878787882,20.44992358024023,33.05181689408314,33.05181689408314,-6.409999999999999,6.666666666666667,Jr.,PRE,3
2018,PRE,3,week,15,1,Sam Darnold,QB,3430,00-0034869,Sam Darnold,S.Darnold,DAR466141,QB,QB,14,3430,2018,46072,32004441-5246-6141-9e5c-6e7d32a03e33,Sam,Darnold,Sam,QB,QB,ACT,https://static.www.nfl.com/image/private/{formatInstructions}/league/eq43mbsq4xhpm9sfh0yl,16,8,0,50.0,56.70441146939993,-6.704411469399929,86,1,86.97916666666666,3.1425625000000004,8.781875,6.612499999999999,-2.1693750000000005,22.78805844585109,35.60998174669569,34.19272583459821,-1.6556250000000012,6.25,,PRE,3
2018,PRE,3,week,15,1,Nick Foles,QB,3700,00-0029567,Nick Foles,N.Foles,FOL058566,QB,QB,9,3700,2018,38618,3200464f-4c05-8566-67a5-109ec305cdd5,Nick,Foles,Nick,QB,QB,ACT,https://static.www.nfl.com/image/private/{formatInstructions}/league/urh5iskpc9copfq79exn,17,13,2,76.47058823529412,79.45063008981592,-2.980041854521801,127,0,57.35294117647059,2.4607647058823527,4.44470588235294,3.6946153846153837,-0.7500904977375562,18.243157091687014,42.61204524544674,42.61204524544674,-5.025882352941178,5.88235294117647,,PRE,3
2018,PRE,3,week,15,1,Nate Sudfeld,QB,3700,00-0032792,Nate Sudfeld,N.Sudfeld,SUD197144,QB,QB,7,3700,2018,43476,32005355-4419-7144-f452-fa8c30a99f40,Nathan,Sudfeld,Nate,QB,QB,ACT,https://static.www.nfl.com/image/private/{formatInstructions}/league/ht4csu3xpuz32mshh8tc,21,11,0,52.38095238095239,60.88240682369187,-8.501454442739487,72,0,60.019841269841265,2.7868095238095245,8.193333333333333,2.6418181818181825,-5.551515151515151,23.60033545912922,57.01116381902758,35.31354980740396,-2.1400000000000006,14.285714285714285,,PRE,3
2018,PRE,3,week,15,1,Ben Roethlisberger,QB,3900,00-0022924,Ben Roethlisberger,B.Roethlisberger,ROE750381,QB,QB,7,3900,2018,28963,3200524f-4575-0381-afea-aa103cf4a1e3,Ben,Roethlisberger,Ben,QB,QB,ACT,https://static.www.nfl.com/image/private/{formatInstructions}/league/myft4pwoxwrxbeh1exyy,18,11,0,61.111111111111114,69.34726407958401,-8.236152968472894,114,1,97.91666666666666,2.5081666666666664,8.104444444444445,7.001818181818183,-1.102626262626262,20.44314666687104,45.350821381756695,45.350821381756695,-0.4511111111111102,11.11111111111111,,PRE,3
2018,PRE,3,week,15,1,Jimmy Garoppolo,QB,4500,00-0031345,Jimmy Garoppolo,J.Garoppolo,GAR363225,QB,QB,10,4500,2018,41291,32004741-5236-3225-90e6-5bfdba41064c,James,Garoppolo,Jimmy,QB,QB,ACT,https://static.www.nfl.com/image/private/{formatInstructions}/league/hebg9avbsul4u2olmct8,19,9,0,47.368421052631575,69.63526810470381,-22.266847052072237,135,0,71.1622807017544,2.585736842105263,10.614736842105264,9.223333333333333,-1.3914035087719316,22.686736588427685,55.12506689338345,39.104635275117964,3.035789473684211,10.526315789473683,,PRE,3
2018,PRE,3,week,15,1,Russell Wilson,QB,4600,00-0029263,Russell Wilson,R.Wilson,WIL777781,QB,QB,3,4600,2018,38605,32005749-4c77-7781-795c-94c753706d1d,Russell,Wilson,Russell,QB,QB,ACT,https://static.www.nfl.com/image/private/{formatInstructions}/league/rrpzsqysodir9laitnus,21,11,0,52.38095238095239,61.76630336613882,-9.385350985186435,118,0,69.14682539682539,2.8360476190476187,9.206190476190475,5.934545454545454,-3.2716450216450212,25.00312941128158,59.61241229811121,45.256320000636364,1.1109523809523805,9.523809523809524,,PRE,3
2018,PRE,4,week,15,1,Kurt Benkert,QB,0200,00-0034131,Kurt Benkert,K.Benkert,BEN189471,QB,QB,6,0200,2018,46393,32004245-4e18-9471-1934-0ec3db2d3a5d,Kurt,Benkert,Kurt,QB,QB,ACT,https://static.www.nfl.com/image/private/{formatInstructions}/league/ggb9yhrowsay9p6kttr4,25,10,2,40.0,57.85407029092312,-17.85407029092312,103,0,19.250000000000004,3.06332,9.382,4.426,-4.9559999999999995,21.329435612333473,41.46473320787196,26.88166103498814,-1.578,20.0,,PRE,4
2018,PRE,4,week,15,1,Lamar Jackson,QB,0325,00-0034796,Lamar Jackson,L.Jackson,JAC323395,QB,QB,8,0325,2018,46101,32004a41-4332-3395-efb0-6c7b75de50af,Lamar,Jackson,Lamar,QB,QB,ACT,https://static.www.nfl.com/image/private/{formatInstructions}/league/rojvfogdbjpld2ldvdop,15,9,0,60.0,54.40785367973149,5.592146320268512,109,0,82.36111111111111,2.696,11.152000000000003,5.851111111111112,-5.300888888888891,24.49807063162381,54.48364892332378,28.59884088560234,2.285333333333334,33.33333333333333,,PRE,4
2018,PRE,4,week,15,1,AJ McCarron,QB,0610,00-0031288,AJ McCarron,A.McCarron,MCC176481,QB,QB,10,0610,2018,41393,32004d43-4317-6481-14f6-641e3cdc7a9a,Raymond,McCarron,A.J.,QB,QB,ACT,https://static.www.nfl.com/image/private/{formatInstructions}/league/dnl57azz8yubimlnonih,34,13,2,38.23529411764706,44.920129044091,-6.684834926443941,156,3,57.9656862745098,2.985666666666666,14.405757575757574,11.102307692307694,-3.303449883449881,28.294709025899042,60.33163183604435,44.0803312147266,3.9512121212121207,23.52941176470588,Jr.,PRE,4
2018,PRE,4,week,15,1,Kyle Allen,QB,0750,00-0034577,Kyle Allen,K.Allen,ALL543234,QB,QB,7,0750,2018,46761,3200414c-4c54-3234-6e5f-74f0c92c233b,Kyle,Allen,Kyle,QB,QB,ACT,https://static.www.nfl.com/image/private/{formatInstructions}/league/jecyn8sprawuwe2gs9rz,36,25,0,69.44444444444444,61.95012004011207,7.4943244043323745,250,1,98.14814814814814,2.7888333333333324,7.943333333333334,5.012800000000001,-2.930533333333333,22.09273777698432,51.00560067286729,36.07933064789313,-1.2511111111111104,11.11111111111111,,PRE,4
2018,PRE,4,week,15,1,Tyler Bray,QB,0810,00-0030151,Tyler Bray,T.Bray,BRA780271,QB,QB,9,0810,2018,40611,32004252-4178-0271-63c9-91a5359241fc,Tyler,Bray,Tyler,QB,QB,ACT,https://static.www.nfl.com/image/private/{formatInstructions}/league/rezvtlijhl9iopp2t8lu,29,19,1,65.51724137931035,61.81713178240019,3.70010959691016,180,0,68.17528735632185,2.4162413793103448,7.3775862068965505,5.159473684210525,-2.2181125226860257,20.707401434350125,42.38533354829238,31.588127516521137,-1.898275862068966,10.344827586206897,,PRE,4
2018,PRE,4,week,15,1,Jeff Driskel,QB,0920,00-0032436,Jeff Driskel,J.Driskel,DRI392790,QB,QB,6,0920,2018,43496,32004452-4939-2790-3aab-117735a7f4ab,Jeffrey,Driskel,Jeff,QB,QB,ACT,https://static.www.nfl.com/image/private/{formatInstructions}/league/mrglnsl7z78rbilz3be2,20,14,0,70.0,57.06589036621153,12.934109633788466,116,1,101.25,2.8454210526315795,7.365263157894737,5.373571428571429,-1.9916917293233078,21.362142244713436,45.74132595367126,45.74132595367126,-1.687368421052631,10.0,,PRE,4
2018,PRE,4,week,15,1,Logan Woodside,QB,0920,00-0034438,Logan Woodside,L.Woodside,WOO629467,QB,QB,5,0920,2018,46318,3200574f-4f62-9467-6326-adb124a79e35,Logan,Woodside,Logan,QB,QB,ACT,https://static.www.nfl.com/image/private/{formatInstructions}/league/usg0sadyigfvr3dbft0p,15,9,0,60.0,72.29665855566661,-12.29665855566661,96,0,78.75,2.497066666666667,6.741333333333333,5.627777777777776,-1.113555555555557,19.785851465363823,35.25069644702072,35.25069644702072,-1.458666666666667,6.666666666666667,,PRE,4
2018,PRE,4,week,15,1,Baker Mayfield,QB,1050,00-0034855,Baker Mayfield,B.Mayfield,MAY483453,QB,QB,6,1050,2018,46073,32004d41-5948-3453-e6ac-1ecff99fdcf6,Baker,Mayfield,Baker,QB,QB,ACT,https://static.www.nfl.com/image/private/{formatInstructions}/league/mrajlbudbl0hcfzmrqz3,16,9,0,56.25,55.74557650834322,0.5044234916567802,138,0,84.89583333333334,3.4472499999999995,8.950625000000002,4.855555555555557,-4.095069444444445,21.762291217443984,36.901363118454036,32.258786399987216,1.200625000000001,6.25,,PRE,4
2018,PRE,4,week,15,1,Cooper Rush,QB,1200,00-0033662,Cooper Rush,C.Rush,RUS046607,QB,QB,7,1200,2018,45536,32005255-5304-6607-6ca0-6d97a0d0f253,Cooper,Rush,Cooper,QB,QB,ACT,https://static.www.nfl.com/image/private/{formatInstructions}/league/vpto9d3x5hbwxbkbjlut,25,14,2,56.00000000000001,77.98682236671448,-21.98682236671447,83,0,29.250000000000004,2.2636,5.6204,3.017857142857142,-2.602542857142858,18.44257422610689,55.97205820764499,27.233275601733997,-2.5396,12.0,,PRE,4
2018,PRE,4,week,15,1,Mike White,QB,1200,00-0034401,Mike White,Mi.White,WHI367864,QB,QB,3,1200,2018,46240,32005748-4936-7864-3ac7-015862958e61,Michael,White,Mike,QB,QB,ACT,https://static.www.nfl.com/image/private/{formatInstructions}/league/kzoeyu9fjpity0vpthg8,21,13,0,61.904761904761905,76.08422878242675,-14.179466877664844,118,0,77.08333333333334,2.671333333333333,8.38238095238095,3.3061538461538444,-5.0762271062271065,19.4558180934355,47.01507098792896,22.359396235140164,-0.7604761904761917,4.761904761904762,,PRE,4
2018,PRE,4,week,15,1,Paxton Lynch,QB,1400,00-0033108,Paxton Lynch,P.Lynch,LYN526034,QB,QB,12,1400,2018,43315,32004c59-4e52-6034-b52a-7cd4920cc667,Paxton,Lynch,Paxton,QB,QB,ACT,https://static.www.nfl.com/image/private/{formatInstructions}/league/vtlr44rcvfumnmcowevo,15,14,0,93.33333333333333,81.48932357629141,11.844009757041917,128,2,141.80555555555554,2.123133333333333,3.425333333333334,2.6907142857142867,-0.7346190476190473,19.144637060794132,25.95272047396958,25.95272047396958,-4.841333333333334,6.666666666666667,,PRE,4
2018,PRE,4,week,15,1,Chad Kelly,QB,1400,00-0033597,Chad Kelly,C.Kelly,KEL516446,QB,QB,6,1400,2018,45066,32004b45-4c51-6446-3e7e-af1a2c479726,Chad,Kelly,Chad,QB,QB,ACT,https://static.www.nfl.com/image/private/{formatInstructions}/league/msrm2dj2ksmjxpym2rqs,19,12,1,63.1578947368421,67.9105347708652,-4.752640034023095,126,0,60.416666666666664,2.536789473684211,7.3405263157894725,6.406666666666667,-0.9338596491228053,19.118759311441224,45.77626022295836,36.49441738129272,-0.7647368421052627,15.789473684210526,,PRE,4
2018,PRE,4,week,15,1,Jake Rudock,QB,1540,00-0032431,Jake Rudock,J.Rudock,RUD297966,QB,QB,14,1540,2018,43480,32005255-4429-7966-d9fd-3c6dbadaa98e,Jake,Rudock,Jake,QB,QB,ACT,https://static.www.nfl.com/image/private/{formatInstructions}/league/lb8pxfnrvchcoy8y3c1h,24,14,0,58.333333333333336,65.39077448348203,-7.057441150148698,112,1,84.02777777777779,2.4303333333333335,6.103749999999999,5.039285714285713,-1.064464285714286,19.013301817833323,45.41494137395753,45.41494137395753,-2.7712500000000007,29.166666666666668,,PRE,4
2018,PRE,4,week,15,1,Tim Boyle,QB,1800,00-0034177,Tim Boyle,T.Boyle,BOY696580,QB,QB,8,1800,2018,46430,3200424f-5969-6580-30ab-073b70dbd48b,Timothy,Boyle,Tim,QB,QB,ACT,https://static.www.nfl.com/image/private/{formatInstructions}/league/eheidtamnz64qzau1nwj,31,15,2,48.38709677419355,57.241525813456505,-8.854429039262953,127,1,43.34677419354839,2.5068709677419356,11.077096774193548,6.282000000000001,-4.795096774193547,24.76279199513726,42.99723014334761,30.920861889669244,3.5932258064516134,16.129032258064516,,PRE,4
2018,PRE,4,week,15,1,Luke Falk,QB,2100,00-0034412,Luke Falk,L.Falk,FAL452491,QB,QB,11,2100,2018,46268,32004641-4c45-2491-a0a5-d806460a5d8d,Luke,Falk,Luke,QB,QB,ACT,https://static.www.nfl.com/image/private/{formatInstructions}/league/caeic48dkstqkisxvs0x,24,13,0,54.166666666666664,55.01586310565472,-0.8491964389880522,114,0,67.01388888888889,2.9405,8.389583333333334,4.127692307692308,-4.2618910256410265,20.393142895633392,50.296600282722885,29.331977430783628,-3.6520833333333322,25.0,,PRE,4
2018,PRE,4,week,15,1,Joe Webb,QB,2120,00-0027796,Joe Webb,J.Webb,WEB212765,QB,QB,5,2120,2018,35638,32005745-4221-2765-4b90-fcd8a61454f0,Joseph,Webb,Joe,QB,QB,ACT,https://static.www.nfl.com/image/private/{formatInstructions}/league/hjieero9ugbyu7n1629h,18,11,0,61.111111111111114,74.04920823044247,-12.93809711933136,136,0,84.49074074074075,3.169777777777777,9.787222222222223,9.132727272727275,-0.6544949494949481,22.7320282036316,39.24008154935461,31.1799166131021,0.5650000000000008,11.11111111111111,,PRE,4
2018,PRE,4,week,15,1,Phillip Walker,QB,2200,00-0033275,Phillip Walker,P.Walker,WAL291489,QB,QB,5,2200,2018,45159,32005741-4c29-1489-568d-26e6f08d55b5,Phillip,Walker,Phillip,QB,QB,ACT,https://static.www.nfl.com/image/private/{formatInstructions}/league/ffyv1i6ipgp2c9nsczi2,31,19,1,61.29032258064516,63.6717882848555,-2.381465704210342,263,2,96.57258064516128,2.6539677419354835,11.750322580645161,7.5005263157894735,-4.2497962648556875,25.226697153011862,43.87763097524752,38.936847586829636,3.6212903225806445,22.58064516129032,,PRE,4
2018,PRE,4,week,15,1,Tanner Lee,QB,2250,00-0034416,Tanner Lee,T.Lee,LEE667321,QB,QB,3,2250,2018,46272,32004c45-4566-7321-d995-c817094c54f9,Tanner,Lee,Tanner,QB,QB,ACT,https://static.www.nfl.com/image/private/{formatInstructions}/league/gijwjhnqkmieyfdh07ry,22,11,0,50.0,60.25866358117624,-10.258663581176243,164,0,74.81060606060606,2.5813636363636365,11.016363636363634,8.507272727272728,-2.509090909090906,22.696822123432096,42.814635348207744,42.814635348207744,2.561818181818182,9.090909090909092,,PRE,4
2018,PRE,4,week,15,1,Matt McGloin,QB,2310,00-0030419,Matt McGloin,M.McGloin,MCG491502,QB,QB,5,2310,2018,40845,32004d43-4749-1502-771e-59574c0ac212,Matthew,McGloin,Matthew,QB,QB,ACT,https://static.www.nfl.com/image/private/{formatInstructions}/league/zwrox2g1yauaa1csdhrw,18,10,1,55.55555555555556,59.111381570498146,-3.555826014942589,127,1,73.14814814814815,2.5999999999999996,12.354999999999997,8.609,-3.745999999999997,25.655701158880092,51.35300283333001,49.015308833057446,3.7994444444444437,11.11111111111111,,PRE,4
2018,PRE,4,week,15,1,Chase Litton,QB,2310,00-0034291,Chase Litton,C.Litton,LIT808001,QB,QB,8,2310,2018,46516,32004c49-5480-8001-9267-bb4e1f35081d,Chase,Litton,Chase,QB,QB,ACT,https://static.www.nfl.com/image/private/{formatInstructions}/league/ntxhtal75arhvsh0sy9y,21,13,0,61.904761904761905,56.27840287273839,5.626359032023515,166,0,86.60714285714285,2.7746190476190487,11.569047619047618,7.8646153846153855,-3.7044322344322325,26.138437330246386,41.18856637466276,41.18856637466276,2.6642857142857146,4.761904761904762,,PRE,4
2018,PRE,4,week,15,1,Luis Perez,QB,2510,00-0034737,Luis Perez,L.Perez,PER042269,QB,QB,9,2510,2018,46917,32005045-5204-2269-4d0d-0855e8db4632,Luis,Perez,Luis,QB,QB,ACT,https://static.www.nfl.com/image/private/{formatInstructions}/league/elbfiuz2jv1dz5lnq2pw,15,8,1,53.333333333333336,54.08960759639741,-0.7562742630640713,43,0,31.25,2.6835333333333327,7.0657142857142885,2.8250000000000015,-4.2407142857142865,21.494776383394708,45.863329578215314,23.999816665966435,-3.0771428571428556,26.666666666666668,,PRE,4
2018,PRE,4,week,15,1,EJ Manuel,QB,2520,00-0030526,EJ Manuel,E.Manuel,MAN738705,QB,QB,3,2520,2018,39962,32004d41-4e73-8705-be72-a43e97baac70,Erik,Manuel,E.J.,QB,QB,ACT,https://static.www.nfl.com/image/private/{formatInstructions}/league/day0kzescuwievdhlacd,22,18,0,81.81818181818183,70.37276869470422,11.445413123477607,255,3,154.54545454545456,2.5654999999999997,8.52681818181818,6.474999999999999,-2.0518181818181818,19.991656987773784,46.45018514494856,35.143262512180065,-1.6095454545454553,13.636363636363635,Jr.,PRE,4
2018,PRE,4,week,15,1,Brock Osweiler,QB,2700,00-0029682,Brock Osweiler,B.Osweiler,OSW479182,QB,QB,8,2700,2018,38587,32004f53-5747-9182-4702-268a68436507,Brock,Osweiler,Brock,QB,QB,ACT,https://static.www.nfl.com/image/private/{formatInstructions}/league/pwkmtgeitdi79qtumb2x,25,16,0,64.0,71.53797030448914,-7.537970304489136,147,2,106.58333333333331,2.4263999999999997,4.5404,3.8525000000000005,-0.6878999999999995,17.436765551700752,31.101189687855992,28.367440843333053,-3.0595999999999997,12.0,,PRE,4
2018,PRE,4,week,15,1,David Fales,QB,2700,00-0031076,David Fales,D.Fales,FAL381917,QB,QB,9,2700,2018,41412,32004641-4c38-1917-6f79-81dbbb3bbe00,David,Fales,David,QB,QB,ACT,https://static.www.nfl.com/image/private/{formatInstructions}/league/ddgl0o1h4nr116wlorpy,20,13,1,65.0,72.90080592036247,-7.9008059203624725,94,0,55.00000000000001,2.3903000000000003,4.082499999999999,1.703076923076923,-2.379423076923076,19.627381510197882,30.614645188210165,25.987585497694855,-5.717500000000001,10.0,,PRE,4
2018,PRE,4,week,15,1,Kyle Sloter,QB,3000,00-0033672,Kyle Sloter,K.Sloter,SLO401791,QB,QB,1,3000,2018,45546,3200534c-4f40-1791-a253-00d7c332d13d,Kyle,Sloter,Kyle,QB,QB,ACT,https://static.www.nfl.com/image/private/{formatInstructions}/league/cwovj6np7arfxvsxmoeu,15,11,0,73.33333333333333,49.210153172413506,24.123180160919823,130,1,121.52777777777777,2.509133333333333,9.217999999999998,5.52090909090909,-3.6970909090909085,22.878881031009694,52.565924323652865,45.176675397820055,0.41799999999999926,46.666666666666664,,PRE,4
2018,PRE,4,week,15,1,Danny Etling,QB,3200,00-0034423,Danny Etling,D.Etling,ETL296636,QB,QB,5,3200,2018,46288,32004554-4c29-6636-6cb0-77890ce8f841,Daniel,Etling,Danny,QB,QB,ACT,https://static.www.nfl.com/image/private/{formatInstructions}/league/mpwvanv7drzyrefqgenh,32,18,2,56.25,62.72245431318879,-6.472454313188791,157,1,53.776041666666664,2.6628124999999994,10.238124999999997,3.9516666666666658,-6.28645833333333,23.031036597510692,55.6854774604654,49.64612472288245,0.11312499999999903,28.125,,PRE,4
2018,PRE,4,week,15,1,Taysom Hill,QB,3300,00-0033357,Taysom Hill,T.Hill,HIL609597,QB,QB,7,3300,2018,45244,32004849-4c60-9597-c5a9-4369b9c7cd1e,Taysom,Hill,Taysom,QB,QB,ACT,https://static.www.nfl.com/image/private/{formatInstructions}/league/cqzbzxdt8niqee09wewi,17,10,0,58.82352941176471,62.68372632124844,-3.860196909483733,159,1,109.68137254901961,2.7576470588235296,8.607058823529414,10.503,1.8959411764705862,21.189332470239034,47.83934886680628,47.83934886680628,1.1364705882352946,17.647058823529413,,PRE,4
2018,PRE,4,week,15,1,Alex Tanney,QB,3410,00-0029623,Alex Tanney,A.Tanney,TAN743421,QB,QB,3,3410,2018,39551,32005441-4e74-3421-909e-60417ce925ee,Alex,Tanney,Alex,QB,QB,ACT,https://static.www.nfl.com/image/private/{formatInstructions}/league/imvd4rxtknm0ob8oul5z,23,13,0,56.52173913043478,65.70207437743312,-9.18033524699834,92,1,80.34420289855072,2.597086956521739,8.045217391304348,4.786153846153846,-3.259063545150502,21.147491515014135,42.62411054790469,35.780735039962494,0.9147826086956523,21.73913043478261,,PRE,4
2018,PRE,4,week,15,1,Kyle Lauletta,QB,3410,00-0034369,Kyle Lauletta,K.Lauletta,LAU558215,QB,QB,17,3410,2018,46177,32004c41-5555-8215-a88c-59a5e88347f4,Kyle,Lauletta,Kyle,QB,QB,ACT,https://static.www.nfl.com/image/private/{formatInstructions}/league/jlsa0k0xgfyocyej1jts,19,8,2,42.10526315789473,54.63965135185342,-12.53438819395869,118,1,41.008771929824555,2.8303157894736835,12.426315789473685,5.298749999999999,-7.127565789473686,23.969175624287143,54.65418556707254,29.15558265581396,4.110526315789473,31.57894736842105,,PRE,4
2018,PRE,4,week,15,1,John Wolford,QB,3430,00-0034899,John Wolford,J.Wolford,WOL568644,QB,QB,9,3430,2018,47180,3200574f-4c56-8644-9b76-ac0f15d4d563,John,Wolford,John,QB,QB,ACT,https://static.www.nfl.com/image/private/{formatInstructions}/league/q8lthvvymmuduufuqjky,20,8,1,40.0,52.084474004805095,-12.084474004805095,89,0,33.12500000000001,2.3722499999999997,7.8515000000000015,7.567500000000003,-0.2839999999999989,23.855813705462943,41.38382534275921,26.851914270680965,-0.7984999999999992,40.0,,PRE,4
2018,PRE,4,week,15,1,Joe Callahan,QB,3700,00-0032630,Joe Callahan,J.Callahan,CAL566497,QB,QB,3,3700,2018,43750,32004341-4c56-6497-addd-36a63bb73c44,Francis,Callahan,Joe,QB,QB,ACT,https://static.www.nfl.com/image/private/{formatInstructions}/league/n9nahsdhocngttt7hmdy,26,18,1,69.23076923076923,60.273800790309906,8.95696844045932,164,1,82.8525641025641,2.9279999999999995,10.613461538461538,5.5905555555555555,-5.022905982905982,23.142212410588172,59.805292407946645,28.527018771683796,0.26730769230769186,19.230769230769234,,PRE,4
2018,PRE,4,week,15,1,Christian Hackenberg,QB,3700,00-0032953,Christian Hackenberg,C.Hackenberg,HAC346399,QB,QB,8,3700,2018,43340,32004841-4334-6399-ea9c-45f4decf5dc0,Christian,Hackenberg,Christian,QB,QB,ACT,https://static.www.nfl.com/image/private/{formatInstructions}/league/lpq0emntudfmgycvqyu9,16,7,2,43.75,60.15344560146332,-16.403445601463318,69,0,16.927083333333336,2.7799375,5.029999999999999,3.8899999999999997,-1.1399999999999997,18.66548466954422,29.44782674493994,26.342740935597412,-3.157500000000001,12.5,,PRE,4
2018,PRE,4,week,15,1,Nick Mullens,QB,4500,00-0033319,Nick Mullens,N.Mullens,MUL486612,QB,QB,4,4500,2018,45198,32004d55-4c48-6612-b03b-50f8fc6abe24,Nicholas,Mullens,Nick,QB,QB,ACT,https://static.www.nfl.com/image/private/{formatInstructions}/league/uhuolpgkltrmxcstv4ac,17,10,0,58.82352941176471,70.84987408974591,-12.0263446779812,106,0,77.08333333333334,2.6441764705882354,6.088823529411766,5.455,-0.6338235294117656,20.626718112342694,36.44698204241333,36.44698204241333,-3.087647058823529,11.76470588235294,,PRE,4
2018,PRE,4,week,15,1,Austin Davis,QB,4600,00-0028957,Austin Davis,A.Davis,DAV164136,QB,QB,6,4600,2018,38908,32004441-5616-4136-9bee-ea74a2e54cbf,Austin,Davis,Austin,QB,QB,ACT,https://static.www.nfl.com/image/private/{formatInstructions}/league/wmquxjs1nuwferz7o9q2,20,13,0,65.0,60.008276551961906,4.991723448038094,194,1,113.33333333333333,2.8883,10.695500000000001,8.416153846153845,-2.2793461538461557,22.68358537191499,43.61496302875883,42.697756381336944,0.8455000000000009,15.0,,PRE,4
2018,PRE,4,week,15,1,Alex McGough,QB,4600,00-0034732,Alex McGough,A.McGough,MCG519888,QB,QB,5,4600,2018,46289,32004d43-4751-9888-c1e2-6b568f6cc563,Alexander,McGough,Alex,QB,QB,ACT,https://static.www.nfl.com/image/private/{formatInstructions}/league/bul0rllmibdq51nx8tss,23,12,0,52.17391304347826,67.27480661609899,-15.100893572620727,131,1,83.78623188405797,3.0676521739130433,9.85304347826087,5.440833333333333,-4.4122101449275375,23.4703934668351,57.71458827714185,29.660080916949635,0.8965217391304346,0.0,,PRE,4
2018,PRE,4,week,15,1,Ryan Griffin,QB,4900,00-0029857,Ryan Griffin,R.Griffin,GRI294351,QB,QB,4,4900,2018,40314,32004752-4929-4351-4c0e-39c1aef9403f,Ryan,Griffin,Ryan,QB,QB,ACT,https://static.www.nfl.com/image/private/{formatInstructions}/league/afdzyedtv5bbcva9ljcy,27,17,0,62.96296296296296,63.14097902289143,-0.17801605992846703,151,1,90.20061728395062,2.3131111111111107,8.817777777777778,5.765882352941175,-3.0518954248366024,20.617179914224813,58.62087853316427,29.950801324839365,0.2992592592592583,18.51851851851852,,PRE,4
2018,PRE,4,week,15,1,Kevin Hogan,QB,5110,00-0032784,Kevin Hogan,K.Hogan,HOG022742,QB,QB,8,5110,2018,43451,3200484f-4702-2742-4971-4e8dcf0d2a1f,Kevin,Hogan,Kevin,QB,QB,ACT,https://static.www.nfl.com/image/private/{formatInstructions}/league/ilxky9sgzwrvtgllergi,38,22,2,57.89473684210527,57.58387725800276,0.31085958410250925,272,3,84.53947368421053,2.8667105263157895,9.716486486486486,7.057619047619048,-2.6588674388674383,23.015225280167336,52.969426087130685,48.0705190319389,1.0408108108108116,23.684210526315788,,PRE,4
2018,REG,0,season,128,16,Matt Ryan,QB,0200,00-0026143,Matt Ryan,M.Ryan,RYA238179,QB,QB,2,0200,2018,33084,32005259-4123-8179-1aae-5603693aba86,Matthew,Ryan,Matt,QB,QB,ACT,https://static.www.nfl.com/image/private/{formatInstructions}/league/nsup3rrfi8jfj8oduf1t,608,422,8,69.4078947368421,64.74230263157897,4.66559210526313,4924,35,107.37390350877192,2.6803855024711694,8.501960461285007,6.547085308056872,-1.9548751532281354,20.901730653458777,59.291903325833616,54.893239110112646,-0.5458154859967052,16.776315789473685,,,
2018,REG,0,season,128,9,Joe Flacco,QB,0325,00-0026158,Joe Flacco,J.Flacco,FLA009602,QB,QB,5,0325,2018,33099,3200464c-4100-9602-96e8-665718e215c0,Joseph,Flacco,Joe,QB,QB,ACT,https://static.www.nfl.com/image/private/{formatInstructions}/league/puq0loqhg0yeuhpdtykr,379,232,6,61.21372031662269,63.71779840848807,-2.504078091865381,2465,12,84.1523746701847,2.7133590425531913,8.402906666666667,5.927844827586206,-2.4750618390804604,21.218163652043486,58.491531865732505,50.55363191700474,-0.3730933333333332,16.886543535620053,,,
2018,REG,0,season,128,12,Lamar Jackson,QB,0325,00-0034796,Lamar Jackson,L.Jackson,JAC323395,QB,QB,8,0325,2018,46101,32004a41-4332-3395-efb0-6c7b75de50af,Lamar,Jackson,Lamar,QB,QB,ACT,https://static.www.nfl.com/image/private/{formatInstructions}/league/rojvfogdbjpld2ldvdop,170,99,3,58.235294117647065,63.81464705882354,-5.579352941176474,1201,6,84.46078431372548,3.10125294117647,8.323392857142856,6.497070707070708,-1.8263221500721487,19.63632964903064,58.58355144577699,35.75987276263717,-0.5099404761904762,17.647058823529413,,,
2018,REG,0,season,128,12,Josh Allen,QB,0610,00-0034857,Josh Allen,J.Allen,ALL529264,QB,QB,17,0610,2018,46076,3200414c-4c52-9264-bedc-c4ddaf201fe7,Joshua,Allen,Josh,QB,QB,ACT,https://static.www.nfl.com/image/private/{formatInstructions}/league/uyhjaf2okyygjyfzk8hc,320,169,12,52.81249999999999,61.50231249999999,-8.689812499999995,2074,10,67.890625,3.217784375,11.029343749999999,6.478698224852072,-4.550645525147927,23.969448079536,67.25752299928982,63.93564576978949,1.40121875,13.750000000000002,,,
2018,REG,0,season,128,14,Cam Newton,QB,0750,00-0027939,Cam Newton,C.Newton,NEW693984,QB,QB,1,0750,2018,37074,32004e45-5769-3984-c32b-2c25062be531,Cameron,Newton,Cam,QB,QB,ACT,https://static.www.nfl.com/image/private/{formatInstructions}/league/gin1atizg1ga9p0skyu0,471,320,13,67.94055201698514,65.45929936305733,2.481252653927811,3395,24,94.21886058032554,2.693275641025641,7.100942184154176,5.0395625,-2.0613796841541765,21.049674602023114,51.45441866351227,40.48215656310814,-1.6720770877944329,17.197452229299362,,,
2018,REG,0,season,128,14,Mitchell Trubisky,QB,0810,00-0033869,Mitchell Trubisky,M.Trubisky,TRU215336,QB,QB,10,0810,2018,44814,32005452-5521-5336-8519-c8cb45ea9b74,Mitchell,Trubisky,Mitchell,QB,QB,ACT,https://static.www.nfl.com/image/private/{formatInstructions}/league/yxl8earcwsagar5mbjfi,434,289,12,66.58986175115207,65.73576036866358,0.8541013824884942,3223,24,95.43010752688174,2.6597251732101617,8.781131639722863,6.039342560553633,-2.74178907916923,22.0436660028549,63.77694332593873,60.7021449373908,0.07905311778290994,17.741935483870968,,,
2018,REG,0,season,128,11,Andy Dalton,QB,0920,00-0027973,Andy Dalton,A.Dalton,DAL659900,QB,QB,14,0920,2018,37110,32004441-4c65-9900-551d-a31a0423b3ca,Andy,Dalton,Andy,QB,QB,RES,https://static.www.nfl.com/image/private/{formatInstructions}/league/fex1enmwhsyid5jyue7t,365,226,11,61.917808219178085,62.270493150684935,-0.3526849315068503,2566,21,89.5947488584475,2.608201657458564,8.367611111111112,6.150221238938053,-2.217389872173059,21.6734135524131,55.22472815686828,47.45602701448995,-0.6073888888888891,17.26027397260274,,,
2018,REG,0,season,128,8,Jeff Driskel,QB,0920,00-0032436,Jeff Driskel,J.Driskel,DRI392790,QB,QB,6,0920,2018,43496,32004452-4939-2790-3aab-117735a7f4ab,Jeffrey,Driskel,Jeff,QB,QB,ACT,https://static.www.nfl.com/image/private/{formatInstructions}/league/mrglnsl7z78rbilz3be2,176,105,2,59.65909090909091,62.108011363636365,-2.4489204545454584,1003,6,82.17329545454545,2.557545454545455,7.768750000000001,4.628095238095239,-3.140654761904762,20.8612909272299,51.39127163244746,44.853767957664374,-1.8392045454545454,21.022727272727273,,,
2018,REG,0,season,128,14,Baker Mayfield,QB,1050,00-0034855,Baker Mayfield,B.Mayfield,MAY483453,QB,QB,6,1050,2018,46073,32004d41-5948-3453-e6ac-1ecff99fdcf6,Baker,Mayfield,Baker,QB,QB,ACT,https://static.www.nfl.com/image/private/{formatInstructions}/league/mrajlbudbl0hcfzmrqz3,486,310,14,63.78600823045267,63.4085596707819,0.37744855967077484,3725,27,93.68998628257886,2.7918861283643888,9.044615384615383,6.294677419354838,-2.7499379652605453,22.097933164465026,63.79345185832164,63.79345185832164,0.04461538461538419,15.637860082304528,,,
2018,REG,0,season,128,16,Dak Prescott,QB,1200,00-0033077,Dak Prescott,D.Prescott,PRE285723,QB,QB,4,1200,2018,43424,32005052-4528-5723-d1b2-96e92ebc1241,Rayne,Prescott,Dak,QB,QB,ACT,https://static.www.nfl.com/image/private/{formatInstructions}/league/httrtiv5us06hh6asf07,526,356,8,67.68060836501901,65.59060836501901,2.0900000000000034,3885,22,96.86311787072243,2.8239980988593154,7.57304761904762,5.502359550561797,-2.070688068485823,20.953584885404787,60.99462025457656,48.22041476387361,-1.5202857142857142,17.680608365019012,,,
2018,REG,0,season,128,16,Case Keenum,QB,1400,00-0028986,Case Keenum,C.Keenum,KEE690598,QB,QB,4,1400,2018,38937,32004b45-4569-0598-1a82-7cad5305e148,Casey,Keenum,Case,QB,QB,ACT,https://static.www.nfl.com/image/private/{formatInstructions}/league/qnyuz76tdcsqxn1bzse1,586,365,15,62.28668941979522,63.67244027303754,-1.385750853242314,3890,18,81.22155858930604,2.6845205479452057,7.453825042881647,5.569013698630137,-1.88481134425151,20.74204495683441,55.2887294120601,55.2887294120601,-1.4998627787307035,16.040955631399317,,,
2018,REG,0,season,128,16,Matthew Stafford,QB,1540,00-0026498,Matthew Stafford,M.Stafford,STA134157,QB,QB,9,1540,2018,34452,32005354-4113-4157-19b1-37e6835d09b9,John,Stafford,Matthew,QB,QB,ACT,https://static.www.nfl.com/image/private/{formatInstructions}/league/iibglgpasx5wsrylvn2z,555,367,11,66.12612612612612,64.85183783783785,1.2742882882882753,3777,21,89.89864864864866,2.636787003610108,7.003182640144667,4.701362397820164,-2.301820242324503,20.211484982724322,58.42302628245134,53.40323960210653,-1.967884267631103,16.036036036036037,,,
2018,REG,0,season,128,16,Aaron Rodgers,QB,1800,00-0023459,Aaron Rodgers,A.Rodgers,ROD339293,QB,QB,12,1800,2018,29851,3200524f-4433-9293-a3cf-ad7758d03003,Aaron,Rodgers,Aaron,QB,QB,ACT,https://static.www.nfl.com/image/private/{formatInstructions}/league/ejjiyjumtzwxiffdhkgz,597,372,2,62.311557788944725,62.78348408710218,-0.4719262981574559,4442,25,97.57467895030709,2.949667226890756,8.795344537815126,5.983252688172043,-2.8120918496430827,23.270196305162187,63.00048571241336,61.410319165430174,-0.16431932773109245,13.735343383584588,,,
2018,REG,0,season,128,14,Marcus Mariota,QB,2100,00-0032268,Marcus Mariota,M.Mariota,MAR186347,QB,QB,8,2100,2018,42345,32004d41-5218-6347-2b09-64276fa61f68,Marcus,Mariota,Marcus,QB,QB,ACT,https://static.www.nfl.com/image/private/{formatInstructions}/league/qi4gui9b5gq10obus2xa,331,228,8,68.8821752265861,68.15033232628397,0.7318429003021265,2528,11,92.31495468277947,2.6831842900302116,7.475438066465257,5.249254385964913,-2.226183680500344,19.817302097459546,55.559734520604025,51.052568985311595,-1.3281873111782478,12.084592145015106,,,
2018,REG,0,season,128,16,Deshaun Watson,QB,2120,00-0033537,Deshaun Watson,D.Watson,WAT338355,QB,QB,4,2120,2018,44824,32005741-5433-8355-e029-e49022cf4b81,Derrick,Watson,Deshaun,QB,QB,ACT,https://static.www.nfl.com/image/private/{formatInstructions}/league/dhtjbkg3d9yrse2vpans,505,345,9,68.31683168316832,64.9030693069307,3.4137623762376137,4165,26,103.11468646864688,3.011364729458918,8.765230460921844,6.772115942028985,-1.9931145188928587,21.2213348776546,63.813078596789225,61.27838281155925,-0.21272545090180348,14.455445544554454,,,
2018,REG,0,season,128,16,Andrew Luck,QB,2200,00-0029668,Andrew Luck,A.Luck,LUC524055,QB,QB,12,2200,2018,38531,32004c55-4352-4055-1f10-c37ee3d83442,Andrew,Luck,Andrew,QB,QB,ACT,https://static.www.nfl.com/image/private/{formatInstructions}/league/ojix2ha2u58zqozaw756,639,430,15,67.2926447574335,65.27907668231613,2.0135680751173624,4593,39,98.67305685967658,2.631750392464678,7.600377358490565,6.069046511627907,-1.5313308468626579,20.02166713142942,61.802020193517954,51.65994967090076,-1.1622012578616354,17.996870109546165,,,
2018,REG,0,season,128,13,Blake Bortles,QB,2250,00-0031407,Blake Bortles,B.Bortles,BOR650964,QB,QB,5,2250,2018,41229,3200424f-5265-0964-4a57-fb0d82ae917e,Robby,Bortles,Blake,QB,QB,ACT,https://static.www.nfl.com/image/private/{formatInstructions}/league/qycdzdjsokwmamzwsmeq,403,243,11,60.297766749379655,65.96411910669974,-5.666352357320086,2718,13,79.81286186931348,2.7661215880893306,6.975831265508686,4.917119341563787,-2.058711923944899,18.413028039080153,49.135343694737706,46.829893230713225,-1.5924069478908185,16.87344913151365,Jr.,,
2018,REG,0,season,128,5,Cody Kessler,QB,2250,00-0033104,Cody Kessler,C.Kessler,KES701662,QB,QB,6,2250,2018,43382,32004b45-5370-1662-8570-5095ed4b0b10,Cody,Kessler,Cody,QB,QB,ACT,https://static.www.nfl.com/image/private/{formatInstructions}/league/gkvutiyutml2atftmu09,131,85,2,64.8854961832061,65.7857251908397,-0.9002290076335981,709,2,77.43320610687023,2.915167938931298,6.65984496124031,4.197176470588236,-2.4626684906520744,20.25644918642495,50.06102276222491,44.620942392558234,-2.751007751937984,12.213740458015266,,,
2018,REG,0,season,128,16,Patrick Mahomes,QB,2310,00-0033873,Patrick Mahomes,P.Mahomes,MAH401939,QB,QB,15,2310,2018,44822,32004d41-4840-1939-e4c1-bb89191b4e71,Patrick,Mahomes,Patrick,QB,QB,ACT,https://static.www.nfl.com/image/private/{formatInstructions}/league/ugt3pz3jk8v1cbuvj3om,580,383,12,66.0344827586207,64.08115517241379,1.9533275862069104,5097,50,113.8433908045977,2.9096027633851467,9.153217391304349,6.38355091383812,-2.7696664774662283,21.212149417919793,64.93504754753013,60.69449151282182,0.24886956521739148,12.241379310344827,,,
2018,REG,0,season,128,16,Jared Goff,QB,2510,00-0033106,Jared Goff,J.Goff,GOF219636,QB,QB,16,2510,2018,43290,3200474f-4621-9636-7354-d2eb6365d257,Jared,Goff,Jared,QB,QB,ACT,https://static.www.nfl.com/image/private/{formatInstructions}/league/kke5xst7v1ciq1udqqyr,561,364,12,64.88413547237076,64.28819964349375,0.5959358288770034,4688,32,101.07323232323233,2.949615384615385,8.809087656529517,6.95521978021978,-1.853867876309737,21.907466244025365,62.73138369269404,62.73138369269404,0.08994633273703029,13.19073083778966,,,
2018,REG,0,season,128,16,Derek Carr,QB,2520,00-0031280,Derek Carr,D.Carr,CAR358797,QB,QB,4,2520,2018,41265,32004341-5235-8797-3b9a-0d2711c0bc27,Derek,Carr,Derek,QB,QB,ACT,https://static.www.nfl.com/image/private/{formatInstructions}/league/chtyn7pw8xqfpnrkd1fq,553,381,10,68.89692585895118,67.77482820976492,1.1220976491862586,4049,19,93.92329716696807,2.5574212454212453,6.731724770642201,4.978372703412073,-1.7533520672301286,19.40066887403654,60.40514713168075,49.66691051394278,-1.993045871559633,13.200723327305605,,,
2018,REG,0,season,128,7,Brock Osweiler,QB,2700,00-0029682,Brock Osweiler,B.Osweiler,OSW479182,QB,QB,8,2700,2018,38587,32004f53-5747-9182-4702-268a68436507,Brock,Osweiler,Brock,QB,QB,ACT,https://static.www.nfl.com/image/private/{formatInstructions}/league/pwkmtgeitdi79qtumb2x,178,113,4,63.48314606741573,63.13870786516854,0.3444382022471899,1247,6,86.04868913857678,2.770401129943503,7.801931818181819,4.818407079646017,-2.9835247385358015,20.514018600210775,56.550694071779525,45.78010921786885,-0.226477272727273,8.98876404494382,,,
2018,REG,0,season,128,11,Ryan Tannehill,QB,2700,00-0029701,Ryan Tannehill,R.Tannehill,TAN298716,QB,QB,17,2700,2018,38538,32005441-4e29-8716-6443-cc1663c47ac9,Ryan,Tannehill,Ryan,QB,QB,ACT,https://static.www.nfl.com/image/private/{formatInstructions}/league/e2b84kobkdgravu7u6qy,274,176,9,64.23357664233576,65.20558394160585,-0.9720072992700892,1979,17,92.7007299270073,2.6485531135531137,7.900732600732599,4.886193181818181,-3.014539418914418,21.369330515896777,57.656800119326775,55.29891319004379,-1.4875457875457876,13.503649635036496,,,
2018,REG,0,season,128,16,Kirk Cousins,QB,3000,00-0029604,Kirk Cousins,K.Cousins,COU709400,QB,QB,8,3000,2018,38632,3200434f-5570-9400-e1ae-f835abb5963e,Kirk,Cousins,Kirk,QB,QB,ACT,https://static.www.nfl.com/image/private/{formatInstructions}/league/yoi19theqqakt4zpw9r4,606,425,10,70.13201320132013,65.59041254125412,4.54160066006601,4298,30,99.70434543454346,2.73712271973466,7.435688225538972,5.563905882352941,-1.8717823431860312,20.945330585285486,62.87184823114396,62.87184823114396,-1.1911774461028193,12.871287128712872,,,
2018,REG,0,season,128,16,Tom Brady,QB,3200,00-0019596,Tom Brady,T.Brady,BRA371156,QB,QB,12,3200,2018,25511,32004252-4137-1156-7ed0-8b9e44948f13,Tom,Brady,Tom,QB,QB,ACT,https://static.www.nfl.com/image/private/{formatInstructions}/league/apkxya5ptb0zalrskshq,570,375,11,65.78947368421053,66.65603508771929,-0.8665614035087543,4355,29,97.6608187134503,2.6157130281690137,7.653932980599649,5.6442933333333345,-2.0096396472663143,20.75987712682401,56.62442759092581,49.899188370152885,-1.1009171075837738,13.859649122807017,Jr.,,
2018,REG,0,season,128,15,Drew Brees,QB,3300,00-0020531,Drew Brees,D.Brees,BRE229498,QB,QB,9,3300,2018,26250,32004252-4522-9498-de45-55dc89e02748,Drew,Brees,Drew,QB,QB,ACT,https://static.www.nfl.com/image/private/{formatInstructions}/league/i20xlpzdmn7xubotijjd,489,364,5,74.43762781186093,67.62728016359915,6.810347648261782,3992,32,115.68251533742331,2.586188139059304,7.113394683026585,5.877142857142856,-1.2362518258837287,20.191192865277056,51.34780618488,45.52012412109616,-1.5716768916155421,15.541922290388548,,,
2018,REG,0,season,128,16,Eli Manning,QB,3410,00-0022803,Eli Manning,E.Manning,MAN473170,QB,QB,10,3410,2018,28953,32004d41-4e47-3170-d4e5-66f2cfc951d8,Elisha,Manning,Eli,QB,QB,ACT,https://static.www.nfl.com/image/private/{formatInstructions}/league/w51tf8uedjftbr4qpaex,576,380,11,65.97222222222221,67.10710069444443,-1.134878472222212,4299,21,92.35387731481482,2.6469373913043475,7.197756521739132,5.269210526315789,-1.9285459954233426,20.14173076186197,58.44469265895749,55.42572056365167,-1.995286956521739,18.75,,,
2018,REG,0,season,128,13,Sam Darnold,QB,3430,00-0034869,Sam Darnold,S.Darnold,DAR466141,QB,QB,14,3430,2018,46072,32004441-5246-6141-9e5c-6e7d32a03e33,Sam,Darnold,Sam,QB,QB,ACT,https://static.www.nfl.com/image/private/{formatInstructions}/league/eq43mbsq4xhpm9sfh0yl,414,239,15,57.729468599033815,60.32702898550725,-2.5975603864734325,2865,17,77.61674718196457,2.907946731234867,9.350217917675545,6.515020920502093,-2.835196997173452,22.62510138833657,60.788344277501096,54.12780801030095,0.1080871670702184,19.565217391304348,,,
2018,REG,0,season,128,5,Nick Foles,QB,3700,00-0029567,Nick Foles,N.Foles,FOL058566,QB,QB,9,3700,2018,38618,3200464f-4c05-8566-67a5-109ec305cdd5,Nick,Foles,Nick,QB,QB,ACT,https://static.www.nfl.com/image/private/{formatInstructions}/league/urh5iskpc9copfq79exn,195,141,4,72.3076923076923,65.92933333333333,6.378358974358974,1413,7,95.9508547008547,2.6806217616580317,6.6551813471502586,4.646666666666667,-2.008514680483591,19.64574739309305,56.88527489605724,55.58309095399427,-2.500259067357513,14.871794871794872,,,
2018,REG,0,season,128,11,Carson Wentz,QB,3700,00-0032950,Carson Wentz,C.Wentz,WEN615770,QB,QB,11,3700,2018,43291,32005745-4e61-5770-9c68-1652f876bc72,Carson,Wentz,Carson,QB,QB,ACT,https://static.www.nfl.com/image/private/{formatInstructions}/league/e0lkzdsozcwd6jwr1mju,401,279,7,69.57605985037407,65.500275,4.075784850374063,3074,21,102.18724023275145,2.663390977443609,7.7862562814070335,5.799172661870503,-1.9870836195365307,20.51338795384944,59.077068309116356,54.98367212182177,-1.0856030150753768,15.96009975062344,,,
2018,REG,0,season,128,14,Josh Rosen,QB,3800,00-0034343,Josh Rosen,J.Rosen,ROS357433,QB,QB,3,3800,2018,46079,3200524f-5335-7433-3207-a02a4e884405,Joshua,Rosen,Josh,QB,QB,ACT,https://static.www.nfl.com/image/private/{formatInstructions}/league/evc67tf1tcwfwho6pmr9,393,217,14,55.216284987277355,57.07259541984732,-1.8563104325699626,2278,11,66.73558100084817,2.76584693877551,8.374138817480718,5.851843317972351,-2.522295499508367,21.113921522493786,58.62328888760848,58.62328888760848,-0.9626221079691518,21.62849872773537,,,
2018,REG,0,season,128,16,Ben Roethlisberger,QB,3900,00-0022924,Ben Roethlisberger,B.Roethlisberger,ROE750381,QB,QB,7,3900,2018,28963,3200524f-4575-0381-afea-aa103cf4a1e3,Ben,Roethlisberger,Ben,QB,QB,ACT,https://static.www.nfl.com/image/private/{formatInstructions}/league/myft4pwoxwrxbeh1exyy,675,452,16,66.96296296296296,65.89232592592592,1.070637037037045,5130,34,96.46604938271604,2.552903273809523,7.670119047619047,4.8095796460177,-2.860539401601347,20.321761963535437,59.28813118997765,52.86311473986375,-0.8938690476190474,16.88888888888889,,,
2018,REG,0,season,128,16,Philip Rivers,QB,4400,00-0022942,Philip Rivers,P.Rivers,RIV651634,QB,QB,17,4400,2018,28956,32005249-5665-1634-a192-77c9c8e6262e,Philip,Rivers,Philip,QB,QB,ACT,https://static.www.nfl.com/image/private/{formatInstructions}/league/adapxtphf15elrdudiix,508,347,12,68.30708661417323,65.43964566929132,2.8674409448819063,4308,32,105.495406824147,2.6179665354330712,7.905925196850394,6.257319884726225,-1.648605312124169,20.20858031757296,57.14835518192978,55.34068033553617,-1.141318897637795,15.748031496062993,,,
2018,REG,0,season,128,8,Nick Mullens,QB,4500,00-0033319,Nick Mullens,N.Mullens,MUL486612,QB,QB,4,4500,2018,45198,32004d55-4c48-6612-b03b-50f8fc6abe24,Nicholas,Mullens,Nick,QB,QB,ACT,https://static.www.nfl.com/image/private/{formatInstructions}/league/uhuolpgkltrmxcstv4ac,274,176,10,64.23357664233576,64.20616788321169,0.02740875912407148,2277,13,90.84549878345499,2.6974925925925923,7.414609665427509,5.752784090909091,-1.661825574518418,19.68105885836851,54.59738088956283,37.78385898766827,-1.4032342007434946,12.043795620437956,,,
2018,REG,0,season,128,5,C.J. Beathard,QB,4500,00-0033936,C.J. Beathard,C.Beathard,BEA000000,QB,QB,3,4500,2018,44916,32004245-4100-0000-1302-8b14c2a27740,Casey,Beathard,C.J.,QB,QB,ACT,https://static.www.nfl.com/image/private/{formatInstructions}/league/cxnftopynjpknelosh3j,169,102,7,60.35502958579882,67.57846153846154,-7.223431952662722,1252,8,81.76775147928993,2.6115147928994085,6.806568047337278,5.0081372549019605,-1.7984307924353171,19.697560638137087,53.60633171557255,48.55542194235367,-2.30585798816568,14.792899408284024,,,
2018,REG,0,season,128,16,Russell Wilson,QB,4600,00-0029263,Russell Wilson,R.Wilson,WIL777781,QB,QB,3,4600,2018,38605,32005749-4c77-7781-795c-94c753706d1d,Russell,Wilson,Russell,QB,QB,ACT,https://static.www.nfl.com/image/private/{formatInstructions}/league/rrpzsqysodir9laitnus,427,280,7,65.57377049180327,62.14744730679157,3.4263231850117037,3448,35,110.86553473848555,3.016260143198091,9.242511961722487,7.33475,-1.9077619617224872,22.51102634239591,64.5129831894325,54.39899723340496,0.02720095693779902,14.285714285714285,,,
2018,REG,0,season,128,8,Ryan Fitzpatrick,QB,4900,00-0023682,Ryan Fitzpatrick,R.Fitzpatrick,FIT792915,QB,QB,14,4900,2018,30078,32004649-5479-2915-c998-f50119c2fdd4,Ryan,Fitzpatrick,Ryan,QB,QB,ACT,https://static.www.nfl.com/image/private/{formatInstructions}/league/joilglqul2ldsy2pfjey,246,164,12,66.66666666666666,62.78617886178862,3.8804878048780367,2366,17,100.42344173441732,2.6453699186991875,10.194227642276424,8.843963414634146,-1.3502642276422776,22.35241219476083,54.49125617931743,53.715014660707304,1.169837398373984,20.32520325203252,,,
2018,REG,0,season,128,11,Jameis Winston,QB,4900,00-0031503,Jameis Winston,J.Winston,WIN623708,QB,QB,3,4900,2018,42344,32005749-4e62-3708-9650-e59a3f7bea83,Jameis,Winston,Jameis,QB,QB,ACT,https://static.www.nfl.com/image/private/{formatInstructions}/league/iurpf1pdjrjfowtksptf,378,244,14,64.55026455026454,62.607407407407415,1.9428571428571288,2992,19,90.17857142857143,2.8013740053050395,10.855305039787797,8.431475409836064,-2.423829629951733,22.527064094539497,60.277794418840514,54.84538722627455,1.5582228116710874,20.37037037037037,,,
2018,REG,0,season,128,10,Alex Smith,QB,5110,00-0023436,Alex Smith,A.Smith,SMI031126,QB,QB,11,5110,2018,29819,3200534d-4903-1126-6414-eeba5603cc44,Alex,Smith,Alex,QB,QB,RES,https://static.www.nfl.com/image/private/{formatInstructions}/league/dpa5d1a8jj6jdymocjkx,328,205,5,62.5,62.826036585365856,-0.32603658536585556,2180,10,85.67073170731709,2.789763803680982,8.068707692307694,5.695170731707317,-2.3735369606003767,20.41906738513108,55.014474459000326,48.93451951332516,-0.9128307692307693,17.682926829268293,,,
2018,REG,1,week,15,1,Matt Ryan,QB,0200,00-0026143,Matt Ryan,M.Ryan,RYA238179,QB,QB,2,0200,2018,33084,32005259-4123-8179-1aae-5603693aba86,Matthew,Ryan,Matt,QB,QB,ACT,https://static.www.nfl.com/image/private/{formatInstructions}/league/nsup3rrfi8jfj8oduf1t,43,21,1,48.837209302325576,57.82348837209301,-8.986279069767434,251,0,57.41279069767441,2.7588604651162782,9.359767441860466,7.378571428571428,-1.981196013289038,22.78679153374237,59.291903325833616,39.90069798888235,-0.7565116279069768,18.6046511627907,,REG,1
2018,REG,1,week,15,1,Joe Flacco,QB,0325,00-0026158,Joe Flacco,J.Flacco,FLA009602,QB,QB,5,0325,2018,33099,3200464c-4100-9602-96e8-665718e215c0,Joseph,Flacco,Joe,QB,QB,ACT,https://static.www.nfl.com/image/private/{formatInstructions}/league/puq0loqhg0yeuhpdtykr,34,25,0,73.52941176470588,73.16970588235293,0.3597058823529551,236,3,121.69117647058825,3.079264705882353,6.351764705882353,6.146399999999999,-0.20536470588235378,19.26405374906682,49.93256352321599,49.93256352321599,-3.7658823529411753,14.705882352941178,,REG,1
2018,REG,1,week,15,1,Nathan Peterman,QB,0610,00-0033958,Nathan Peterman,N.Peterman,PET071806,QB,QB,2,0610,2018,44984,32005045-5407-1806-8416-0c28f3e38ba0,Nathan,Peterman,Nathan,QB,QB,ACT,https://static.www.nfl.com/image/private/{formatInstructions}/league/eixg0gbbzejn3c14lsz4,18,5,2,27.77777777777778,61.83777777777778,-34.06,24,0,0.0,2.4859999999999998,7.414444444444446,-0.3839999999999989,-7.798444444444445,22.165621401428982,40.95700184339668,25.304001659816574,-2.6411111111111105,27.77777777777778,,REG,1
2018,REG,1,week,15,1,Josh Allen,QB,0610,00-0034857,Josh Allen,J.Allen,ALL529264,QB,QB,17,0610,2018,46076,3200414c-4c52-9264-bedc-c4ddaf201fe7,Joshua,Allen,Josh,QB,QB,ACT,https://static.www.nfl.com/image/private/{formatInstructions}/league/uyhjaf2okyygjyfzk8hc,15,6,0,40.0,45.164,-5.1640000000000015,74,0,55.97222222222222,3.7248,15.266666666666664,11.066666666666665,-4.199999999999999,27.437653192986804,48.79491981753838,32.390284037038015,5.599999999999999,20.0,,REG,1
2018,REG,1,week,15,1,Cam Newton,QB,0750,00-0027939,Cam Newton,C.Newton,NEW693984,QB,QB,1,0750,2018,37074,32004e45-5769-3984-c32b-2c25062be531,Cameron,Newton,Cam,QB,QB,ACT,https://static.www.nfl.com/image/private/{formatInstructions}/league/gin1atizg1ga9p0skyu0,26,17,0,65.38461538461539,69.98038461538462,-4.5957692307692355,161,0,82.37179487179488,2.71084,5.691599999999999,3.8752941176470577,-1.8163058823529417,18.447365931010005,42.75352850935231,25.493914960240993,-4.9484,15.384615384615385,,REG,1
2018,REG,1,week,15,1,Mitchell Trubisky,QB,0810,00-0033869,Mitchell Trubisky,M.Trubisky,TRU215336,QB,QB,10,0810,2018,44814,32005452-5521-5336-8519-c8cb45ea9b74,Mitchell,Trubisky,Mitchell,QB,QB,ACT,https://static.www.nfl.com/image/private/{formatInstructions}/league/yxl8earcwsagar5mbjfi,35,23,0,65.71428571428571,66.87771428571428,-1.1634285714285681,171,0,77.20238095238095,2.5522857142857145,6.040857142857142,3.1486956521739127,-2.8921614906832294,20.908567086101602,43.75510141686338,43.75510141686338,-2.073428571428572,14.285714285714285,,REG,1
2018,REG,1,week,15,1,Andy Dalton,QB,0920,00-0027973,Andy Dalton,A.Dalton,DAL659900,QB,QB,14,0920,2018,37110,32004441-4c65-9900-551d-a31a0423b3ca,Andrew,Dalton,Andy,QB,QB,ACT,https://static.www.nfl.com/image/private/{formatInstructions}/league/fex1enmwhsyid5jyue7t,28,21,1,75.0,74.58214285714287,0.41785714285713027,243,2,109.67261904761905,2.7037500000000003,5.956428571428572,5.243809523809523,-0.7126190476190493,19.388530611630777,47.45602701448995,47.45602701448995,-3.222142857142857,7.142857142857142,,REG,1
2018,REG,1,week,15,1,Tyrod Taylor,QB,1050,00-0028118,Tyrod Taylor,T.Taylor,TAY764868,QB,QB,5,1050,2018,37255,32005441-5976-4868-b81d-df31fbb7fe72,Tyrod,Taylor,Tyrod,QB,QB,ACT,https://static.www.nfl.com/image/private/{formatInstructions}/league/xsaawztp6k1dv3xlbgpx,40,15,1,37.5,61.706,-24.206000000000003,197,1,51.770833333333336,2.9796410256410257,9.866666666666665,7.324666666666665,-2.5420000000000007,23.12980139065684,57.619278023939174,41.4626494570716,0.6615384615384611,20.0,,REG,1
2018,REG,1,week,15,1,Dak Prescott,QB,1200,00-0033077,Dak Prescott,D.Prescott,PRE285723,QB,QB,4,1200,2018,43424,32005052-4528-5723-d1b2-96e92ebc1241,Rayne,Prescott,Dak,QB,QB,ACT,https://static.www.nfl.com/image/private/{formatInstructions}/league/httrtiv5us06hh6asf07,29,19,0,65.51724137931035,69.66827586206897,-4.151034482758618,170,0,81.10632183908045,3.1009655172413804,7.314482758620689,5.107368421052631,-2.2071143375680577,19.53068432324686,36.45544129481908,23.659120862787777,-2.409655172413793,13.793103448275861,,REG,1
2018,REG,1,week,15,1,Case Keenum,QB,1400,00-0028986,Case Keenum,C.Keenum,KEE690598,QB,QB,4,1400,2018,38937,32004b45-4569-0598-1a82-7cad5305e148,Casey,Keenum,Case,QB,QB,ACT,https://static.www.nfl.com/image/private/{formatInstructions}/league/qnyuz76tdcsqxn1bzse1,39,25,3,64.1025641025641,61.901025641025655,2.2015384615384477,329,3,84.24145299145299,2.6739487179487185,9.368205128205124,5.988,-3.380205128205124,21.297681226752466,44.26543233720868,44.26543233720868,0.906666666666666,28.205128205128204,,REG,1
2018,REG,1,week,15,1,Matthew Stafford,QB,1540,00-0026498,Matthew Stafford,M.Stafford,STA134157,QB,QB,9,1540,2018,34452,32005354-4113-4157-19b1-37e6835d09b9,John,Stafford,Matthew,QB,QB,ACT,https://static.www.nfl.com/image/private/{formatInstructions}/league/iibglgpasx5wsrylvn2z,46,27,4,58.69565217391305,67.7258695652174,-9.030217391304348,286,1,47.91666666666668,2.5899565217391305,8.071086956521741,5.225555555555555,-2.845531400966186,20.602159505610402,58.03649369146968,38.32145221674147,-0.25500000000000006,17.391304347826086,,REG,1
2018,REG,1,week,15,1,Aaron Rodgers,QB,1800,00-0023459,Aaron Rodgers,A.Rodgers,ROD339293,QB,QB,12,1800,2018,29851,3200524f-4433-9293-a3cf-ad7758d03003,Aaron,Rodgers,Aaron,QB,QB,ACT,https://static.www.nfl.com/image/private/{formatInstructions}/league/ejjiyjumtzwxiffdhkgz,30,20,0,66.66666666666666,57.55800000000001,9.10866666666665,286,3,130.69444444444446,2.993166666666667,9.440666666666665,6.2909999999999995,-3.1496666666666657,23.472265568898926,60.29992454389972,60.29992454389972,0.20733333333333281,10.0,,REG,1
2018,REG,1,week,15,1,Blaine Gabbert,QB,2100,00-0027948,Blaine Gabbert,B.Gabbert,GAB221145,QB,QB,7,2100,2018,37083,32004741-4222-1145-cd0f-449f7f72bdc9,Blaine,Gabbert,Blaine,QB,QB,ACT,https://static.www.nfl.com/image/private/{formatInstructions}/league/awuyhgwqxyg475snjkli,22,11,1,50.0,71.55909090909091,-21.559090909090912,117,0,46.96969696969697,2.3394999999999997,5.609545454545454,4.6118181818181805,-0.9977272727272739,16.958323255149022,26.391096983642043,22.128671446790477,-3.526818181818182,4.545454545454546,,REG,1
2018,REG,1,week,15,1,Marcus Mariota,QB,2100,00-0032268,Marcus Mariota,M.Mariota,MAR186347,QB,QB,8,2100,2018,42345,32004d41-5218-6347-2b09-64276fa61f68,Marcus,Mariota,Marcus,QB,QB,ACT,https://static.www.nfl.com/image/private/{formatInstructions}/league/qi4gui9b5gq10obus2xa,16,9,2,56.25,71.52687499999999,-15.27687499999999,103,0,36.19791666666667,2.555125,7.053750000000001,4.693333333333334,-2.3604166666666666,21.08435813273403,48.41132615411398,35.1352614904173,0.11625000000000041,12.5,,REG,1
2018,REG,1,week,15,1,Deshaun Watson,QB,2120,00-0033537,Deshaun Watson,D.Watson,WAT338355,QB,QB,4,2120,2018,44824,32005741-5433-8355-e029-e49022cf4b81,Derrick,Watson,Deshaun,QB,QB,ACT,https://static.www.nfl.com/image/private/{formatInstructions}/league/dhtjbkg3d9yrse2vpans,34,17,1,50.0,60.4735294117647,-10.473529411764702,176,1,62.86764705882353,3.421735294117648,11.57558823529412,6.509999999999999,-5.065588235294121,23.016406399989936,59.32106708413125,35.9375973042161,2.3991176470588242,8.823529411764707,,REG,1
2018,REG,1,week,15,1,Andrew Luck,QB,2200,00-0029668,Andrew Luck,A.Luck,LUC524055,QB,QB,12,2200,2018,38531,32004c55-4352-4055-1f10-c37ee3d83442,Andrew,Luck,Andrew,QB,QB,ACT,https://static.www.nfl.com/image/private/{formatInstructions}/league/ojix2ha2u58zqozaw756,53,39,1,73.58490566037736,66.97301886792452,6.611886792452836,319,2,93.19968553459118,2.5208301886792457,5.445660377358493,3.9374358974358983,-1.5082244799225948,16.513947700131148,42.823532082255895,39.37367648569282,-3.0826415094339623,15.09433962264151,,REG,1
2018,REG,1,week,15,1,Blake Bortles,QB,2250,00-0031407,Blake Bortles,B.Bortles,BOR650964,QB,QB,5,2250,2018,41229,3200424f-5265-0964-4a57-fb0d82ae917e,Robby,Bortles,Blake,QB,QB,ACT,https://static.www.nfl.com/image/private/{formatInstructions}/league/qycdzdjsokwmamzwsmeq,33,18,1,54.54545454545454,63.30606060606061,-8.760606060606072,176,1,67.23484848484848,2.7463636363636357,6.093636363636364,4.291111111111111,-1.8025252525252524,18.7224490407497,36.94008798040416,36.94008798040416,-2.754848484848485,24.242424242424242,Jr.,REG,1
2018,REG,1,week,15,1,Patrick Mahomes,QB,2310,00-0033873,Patrick Mahomes,P.Mahomes,MAH401939,QB,QB,15,2310,2018,44822,32004d41-4840-1939-e4c1-bb89191b4e71,Patrick,Mahomes,Patrick,QB,QB,ACT,https://static.www.nfl.com/image/private/{formatInstructions}/league/ugt3pz3jk8v1cbuvj3om,27,15,0,55.55555555555556,58.99962962962964,-3.4440740740740807,256,4,127.46913580246913,2.905222222222222,12.745185185185186,8.618666666666668,-4.126518518518518,24.017157766656375,56.007320950032955,39.13877105888738,3.708148148148149,7.4074074074074066,,REG,1
2018,REG,1,week,15,1,Jared Goff,QB,2510,00-0033106,Jared Goff,J.Goff,GOF219636,QB,QB,16,2510,2018,43290,3200474f-4621-9636-7354-d2eb6365d257,Jared,Goff,Jared,QB,QB,ACT,https://static.www.nfl.com/image/private/{formatInstructions}/league/kke5xst7v1ciq1udqqyr,33,18,0,54.54545454545454,64.21272727272726,-9.667272727272724,233,2,97.1590909090909,3.1522727272727273,9.914242424242422,6.626666666666665,-3.287575757575757,23.339844106721095,59.958840048820164,32.00095779816598,1.7324242424242429,18.181818181818183,,REG,1
2018,REG,1,week,15,1,Derek Carr,QB,2520,00-0031280,Derek Carr,D.Carr,CAR358797,QB,QB,4,2520,2018,41265,32004341-5235-8797-3b9a-0d2711c0bc27,Derek,Carr,Derek,QB,QB,ACT,https://static.www.nfl.com/image/private/{formatInstructions}/league/chtyn7pw8xqfpnrkd1fq,40,29,3,72.5,69.36325,3.1367500000000064,303,0,62.81249999999999,2.4640749999999993,5.066750000000001,3.436896551724137,-1.6298534482758638,19.120769691362252,37.49892931804854,36.19600668582102,-4.558249999999999,15.0,,REG,1
2018,REG,1,week,15,1,Ryan Tannehill,QB,2700,00-0029701,Ryan Tannehill,R.Tannehill,TAN298716,QB,QB,17,2700,2018,38538,32005441-4e29-8716-6443-cc1663c47ac9,Ryan,Tannehill,Ryan,QB,QB,ACT,https://static.www.nfl.com/image/private/{formatInstructions}/league/e2b84kobkdgravu7u6qy,28,20,2,71.42857142857143,62.85857142857143,8.57,230,2,89.88095238095238,2.3294285714285716,9.370000000000001,6.436999999999999,-2.9330000000000016,22.2552212440693,55.29891319004379,55.29891319004379,0.798571428571429,25.0,,REG,1
2018,REG,1,week,15,1,Kirk Cousins,QB,3000,00-0029604,Kirk Cousins,K.Cousins,COU709400,QB,QB,8,3000,2018,38632,3200434f-5570-9400-e1ae-f835abb5963e,Kirk,Cousins,Kirk,QB,QB,ACT,https://static.www.nfl.com/image/private/{formatInstructions}/league/yoi19theqqakt4zpw9r4,36,20,0,55.55555555555556,61.02166666666666,-5.466111111111104,244,2,95.1388888888889,2.667111111111111,6.999166666666666,4.980499999999998,-2.0186666666666673,20.538393416234484,44.91300479816509,36.84829982509369,-1.639722222222223,13.88888888888889,,REG,1
2018,REG,1,week,15,1,Tom Brady,QB,3200,00-0019596,Tom Brady,T.Brady,BRA371156,QB,QB,12,3200,2018,25511,32004252-4137-1156-7ed0-8b9e44948f13,Tom,Brady,Tom,QB,QB,ACT,https://static.www.nfl.com/image/private/{formatInstructions}/league/apkxya5ptb0zalrskshq,39,26,1,66.66666666666666,63.2302564102564,3.436410256410255,277,3,102.19017094017093,2.596025641025641,8.24974358974359,6.86,-1.3897435897435892,21.428074840044808,42.32117673222236,34.42125215618978,-0.03230769230769216,25.64102564102564,Jr.,REG,1
2018,REG,1,week,15,1,Drew Brees,QB,3300,00-0020531,Drew Brees,D.Brees,BRE229498,QB,QB,9,3300,2018,26250,32004252-4522-9498-de45-55dc89e02748,Drew,Brees,Drew,QB,QB,ACT,https://static.www.nfl.com/image/private/{formatInstructions}/league/i20xlpzdmn7xubotijjd,45,37,0,82.22222222222221,70.30066666666667,11.921555555555543,439,3,129.53703703703704,2.678466666666667,7.9273333333333325,7.551621621621621,-0.3757117117117117,20.637682531969247,45.429703939162984,45.429703939162984,-0.5171111111111107,11.11111111111111,,REG,1
2018,REG,1,week,15,1,Eli Manning,QB,3410,00-0022803,Eli Manning,E.Manning,MAN473170,QB,QB,10,3410,2018,28953,32004d41-4e47-3170-d4e5-66f2cfc951d8,Elisha,Manning,Eli,QB,QB,ACT,https://static.www.nfl.com/image/private/{formatInstructions}/league/w51tf8uedjftbr4qpaex,37,23,1,62.16216216216216,68.19864864864866,-6.0364864864864956,224,0,67.8490990990991,2.6970540540540537,6.5645945945945945,5.399565217391304,-1.1650293772032905,18.578504907006828,45.21815675146435,37.02173550767171,-4.867837837837838,18.91891891891892,,REG,1
2018,REG,1,week,15,1,Sam Darnold,QB,3430,00-0034869,Sam Darnold,S.Darnold,DAR466141,QB,QB,14,3430,2018,46072,32004441-5246-6141-9e5c-6e7d32a03e33,Sam,Darnold,Sam,QB,QB,ACT,https://static.www.nfl.com/image/private/{formatInstructions}/league/eq43mbsq4xhpm9sfh0yl,21,16,1,76.19047619047619,71.72,4.470476190476191,198,2,116.765873015873,3.290238095238095,7.70857142857143,7.004375,-0.7041964285714304,21.593464267377325,49.668465851080995,49.668465851080995,0.23238095238095183,4.761904761904762,,REG,1
2018,REG,1,week,15,1,Nick Foles,QB,3700,00-0029567,Nick Foles,N.Foles,FOL058566,QB,QB,9,3700,2018,38618,3200464f-4c05-8566-67a5-109ec305cdd5,Nick,Foles,Nick,QB,QB,ACT,https://static.www.nfl.com/image/private/{formatInstructions}/league/urh5iskpc9copfq79exn,34,19,1,55.88235294117647,64.16823529411765,-8.28588235294118,117,0,50.73529411764706,2.701970588235295,8.147058823529411,3.288947368421052,-4.858111455108359,21.04030513148146,56.88527489605724,21.947758427684594,-0.35294117647058826,14.705882352941178,,REG,1
2018,REG,1,week,15,1,Sam Bradford,QB,3800,00-0027854,Sam Bradford,S.Bradford,BRA101548,QB,QB,9,3800,2018,35440,32004252-4110-1548-7d54-0c0fa9f6ea04,Samuel,Bradford,Sam,QB,QB,ACT,https://static.www.nfl.com/image/private/{formatInstructions}/league/fizwrxzfdaw7v2vzzpn6,34,20,1,58.82352941176471,64.44088235294117,-5.617352941176463,153,0,57.59803921568628,2.482852941176471,6.004117647058824,3.9930000000000008,-2.0111176470588235,18.52249470586837,49.246324735963796,34.896247649281726,-2.5547058823529407,20.588235294117645,,REG,1
2018,REG,1,week,15,1,Ben Roethlisberger,QB,3900,00-0022924,Ben Roethlisberger,B.Roethlisberger,ROE750381,QB,QB,7,3900,2018,28963,3200524f-4575-0381-afea-aa103cf4a1e3,Ben,Roethlisberger,Ben,QB,QB,ACT,https://static.www.nfl.com/image/private/{formatInstructions}/league/myft4pwoxwrxbeh1exyy,41,23,3,56.09756097560976,70.10121951219513,-14.00365853658537,335,1,60.518292682926834,2.4449024390243905,8.082926829268295,4.570434782608697,-3.512492046659599,20.349599700089545,52.3640878847326,35.911538535685146,-1.4780487804878044,12.195121951219512,,REG,1
2018,REG,1,week,15,1,Philip Rivers,QB,4400,00-0022942,Philip Rivers,P.Rivers,RIV651634,QB,QB,17,4400,2018,28956,32005249-5665-1634-a192-77c9c8e6262e,Philip,Rivers,Philip,QB,QB,ACT,https://static.www.nfl.com/image/private/{formatInstructions}/league/adapxtphf15elrdudiix,51,34,1,66.66666666666666,64.69725490196078,1.9694117647058818,424,3,103.71732026143792,2.5594117647058825,10.02921568627451,5.491470588235295,-4.537745098039215,22.00567220903587,56.31290083098189,32.8885101517232,1.2645098039215688,11.76470588235294,,REG,1
2018,REG,1,week,15,1,Jimmy Garoppolo,QB,4500,00-0031345,Jimmy Garoppolo,J.Garoppolo,GAR363225,QB,QB,10,4500,2018,41291,32004741-5236-3225-90e6-5bfdba41064c,James,Garoppolo,Jimmy,QB,QB,ACT,https://static.www.nfl.com/image/private/{formatInstructions}/league/hebg9avbsul4u2olmct8,33,15,3,45.45454545454545,60.24757575757577,-14.793030303030314,261,1,45.138888888888886,2.7090909090909094,10.8240625,8.037333333333333,-2.7867291666666674,23.438667666569525,48.44092897540261,42.71310922890067,1.7928124999999997,24.242424242424242,,REG,1
2018,REG,1,week,15,1,Russell Wilson,QB,4600,00-0029263,Russell Wilson,R.Wilson,WIL777781,QB,QB,3,4600,2018,38605,32005749-4c77-7781-795c-94c753706d1d,Russell,Wilson,Russell,QB,QB,ACT,https://static.www.nfl.com/image/private/{formatInstructions}/league/rrpzsqysodir9laitnus,33,19,2,57.57575757575758,64.0409090909091,-6.465151515151518,298,3,92.73989898989899,3.089030303030303,10.129999999999999,7.4878947368421045,-2.6421052631578945,23.321583082042412,51.37925651466747,48.34972595579007,-0.6578787878787882,9.090909090909092,,REG,1
2018,REG,1,week,15,1,Ryan Fitzpatrick,QB,4900,00-0023682,Ryan Fitzpatrick,R.Fitzpatrick,FIT792915,QB,QB,14,4900,2018,30078,32004649-5479-2915-c998-f50119c2fdd4,Ryan,Fitzpatrick,Ryan,QB,QB,ACT,https://static.www.nfl.com/image/private/{formatInstructions}/league/joilglqul2ldsy2pfjey,28,21,0,75.0,60.948928571428574,14.051071428571426,417,4,156.25,2.5975,11.591785714285717,12.83666666666667,1.244880952380953,25.32142733979169,46.41496310458515,46.26491651348784,4.163214285714287,14.285714285714285,,REG,1
2018,REG,1,week,15,1,Alex Smith,QB,5110,00-0023436,Alex Smith,A.Smith,SMI031126,QB,QB,11,5110,2018,29819,3200534d-4903-1126-6414-eeba5603cc44,Alexander,Smith,Alex,QB,QB,ACT,https://static.www.nfl.com/image/private/{formatInstructions}/league/dpa5d1a8jj6jdymocjkx,30,21,0,70.0,64.65166666666666,5.348333333333343,255,2,118.05555555555556,2.5686666666666667,3.6989999999999994,3.286190476190476,-0.4128095238095235,17.003899511621306,36.75748767258175,22.34998434003926,-5.401,10.0,,REG,1
2018,REG,2,week,15,1,Matt Ryan,QB,0200,00-0026143,Matt Ryan,M.Ryan,RYA238179,QB,QB,2,0200,2018,33084,32005259-4123-8179-1aae-5603693aba86,Matthew,Ryan,Matt,QB,QB,ACT,https://static.www.nfl.com/image/private/{formatInstructions}/league/nsup3rrfi8jfj8oduf1t,28,23,1,82.14285714285714,67.31142857142858,14.83142857142856,272,2,116.07142857142858,2.51275,10.312857142857142,6.033478260869566,-4.279378881987577,22.65139257489219,57.38395768853871,32.623825649362466,1.6700000000000002,10.714285714285714,,REG,2
2018,REG,2,week,15,1,Joe Flacco,QB,0325,00-0026158,Joe Flacco,J.Flacco,FLA009602,QB,QB,5,0325,2018,33099,3200464c-4100-9602-96e8-665718e215c0,Joseph,Flacco,Joe,QB,QB,ACT,https://static.www.nfl.com/image/private/{formatInstructions}/league/puq0loqhg0yeuhpdtykr,55,32,2,58.18181818181818,62.4729090909091,-4.291090909090919,376,2,76.02272727272728,2.6446037735849055,9.568679245283018,6.83125,-2.7374292452830185,21.14036162348996,58.491531865732505,45.89133360450533,1.4743396226415098,12.727272727272727,,REG,2
2018,REG,2,week,15,1,Josh Allen,QB,0610,00-0034857,Josh Allen,J.Allen,ALL529264,QB,QB,17,0610,2018,46076,3200414c-4c52-9264-bedc-c4ddaf201fe7,Joshua,Allen,Josh,QB,QB,ACT,https://static.www.nfl.com/image/private/{formatInstructions}/league/uyhjaf2okyygjyfzk8hc,33,18,2,54.54545454545454,62.45242424242424,-7.906969696969703,245,1,63.32070707070706,3.50439393939394,10.744545454545456,7.142222222222222,-3.6023232323232337,23.379659759674627,63.93564576978949,63.93564576978949,0.6536363636363639,18.181818181818183,,REG,2
2018,REG,2,week,15,1,Cam Newton,QB,0750,00-0027939,Cam Newton,C.Newton,NEW693984,QB,QB,1,0750,2018,37074,32004e45-5769-3984-c32b-2c25062be531,Cameron,Newton,Cam,QB,QB,ACT,https://static.www.nfl.com/image/private/{formatInstructions}/league/gin1atizg1ga9p0skyu0,45,32,1,71.11111111111111,69.27977777777777,1.8313333333333475,335,3,105.32407407407408,3.001511111111111,7.099555555555556,4.7025000000000015,-2.3970555555555544,20.143351729620353,49.16639502749821,35.61600342542661,-1.8782222222222225,17.77777777777778,,REG,2
2018,REG,2,week,15,1,Mitchell Trubisky,QB,0810,00-0033869,Mitchell Trubisky,M.Trubisky,TRU215336,QB,QB,10,0810,2018,44814,32005452-5521-5336-8519-c8cb45ea9b74,Mitchell,Trubisky,Mitchell,QB,QB,ACT,https://static.www.nfl.com/image/private/{formatInstructions}/league/yxl8earcwsagar5mbjfi,34,25,2,73.52941176470588,73.43852941176469,0.09088235294119329,200,2,82.9656862745098,2.624470588235294,6.331764705882353,3.7568000000000006,-2.5749647058823526,19.022099985240896,46.94838122874952,29.30089589074027,-2.7270588235294113,11.76470588235294,,REG,2
2018,REG,2,week,15,1,Andy Dalton,QB,0920,00-0027973,Andy Dalton,A.Dalton,DAL659900,QB,QB,14,0920,2018,37110,32004441-4c65-9900-551d-a31a0423b3ca,Andrew,Dalton,Andy,QB,QB,ACT,https://static.www.nfl.com/image/private/{formatInstructions}/league/fex1enmwhsyid5jyue7t,42,24,0,57.14285714285714,65.17166666666667,-8.028809523809528,265,4,107.73809523809523,2.5065476190476192,6.731219512195122,5.4816666666666665,-1.2495528455284557,20.37835989687603,43.966277986657005,36.81608479998926,-2.2199999999999998,21.428571428571427,,REG,2
2018,REG,2,week,15,1,Tyrod Taylor,QB,1050,00-0028118,Tyrod Taylor,T.Taylor,TAY764868,QB,QB,5,1050,2018,37255,32005441-5976-4868-b81d-df31fbb7fe72,Tyrod,Taylor,Tyrod,QB,QB,ACT,https://static.www.nfl.com/image/private/{formatInstructions}/league/xsaawztp6k1dv3xlbgpx,30,22,1,73.33333333333333,73.70466666666667,-0.3713333333333395,246,1,94.58333333333331,2.54,8.344,7.089545454545456,-1.2544545454545437,19.68196446352462,61.19789702269189,61.19789702269189,0.6106666666666674,13.333333333333334,,REG,2
2018,REG,2,week,15,1,Dak Prescott,QB,1200,00-0033077,Dak Prescott,D.Prescott,PRE285723,QB,QB,4,1200,2018,43424,32005052-4528-5723-d1b2-96e92ebc1241,Rayne,Prescott,Dak,QB,QB,ACT,https://static.www.nfl.com/image/private/{formatInstructions}/league/httrtiv5us06hh6asf07,25,16,0,64.0,51.492399999999996,12.507600000000004,160,1,95.41666666666667,2.81564,9.235199999999999,6.051874999999999,-3.183325,22.56244083861292,51.96922647105689,44.61573713388584,-0.08480000000000047,24.0,,REG,2
2018,REG,2,week,15,1,Case Keenum,QB,1400,00-0028986,Case Keenum,C.Keenum,KEE690598,QB,QB,4,1400,2018,38937,32004b45-4569-0598-1a82-7cad5305e148,Casey,Keenum,Case,QB,QB,ACT,https://static.www.nfl.com/image/private/{formatInstructions}/league/qnyuz76tdcsqxn1bzse1,35,19,1,54.285714285714285,64.71257142857144,-10.426857142857152,222,0,61.84523809523809,2.628285714285714,9.567999999999998,7.226315789473685,-2.3416842105263127,23.319255045342288,50.471878308618564,34.55200283630459,0.7965714285714286,20.0,,REG,2
2018,REG,2,week,15,1,Matthew Stafford,QB,1540,00-0026498,Matthew Stafford,M.Stafford,STA134157,QB,QB,9,1540,2018,34452,32005354-4113-4157-19b1-37e6835d09b9,John,Stafford,Matthew,QB,QB,ACT,https://static.www.nfl.com/image/private/{formatInstructions}/league/iibglgpasx5wsrylvn2z,53,34,0,64.15094339622641,63.074150943396226,1.0767924528301833,347,3,101.69025157232706,2.8501132075471696,8.621509433962265,4.741176470588236,-3.8803329633740287,20.74503298520081,58.42302628245134,42.14615166299291,0.1309433962264157,9.433962264150944,,REG,2
2018,REG,2,week,15,1,Aaron Rodgers,QB,1800,00-0023459,Aaron Rodgers,A.Rodgers,ROD339293,QB,QB,12,1800,2018,29851,3200524f-4433-9293-a3cf-ad7758d03003,Aaron,Rodgers,Aaron,QB,QB,ACT,https://static.www.nfl.com/image/private/{formatInstructions}/league/ejjiyjumtzwxiffdhkgz,42,30,0,71.42857142857143,63.09880952380953,8.329761904761902,281,1,97.42063492063492,2.6485365853658536,7.0843902439024395,4.9863333333333335,-2.098056910569106,22.851153066945095,47.0666017468863,35.80108517908361,-3.1351219512195128,11.904761904761903,,REG,2
2018,REG,2,week,15,1,Blaine Gabbert,QB,2100,00-0027948,Blaine Gabbert,B.Gabbert,GAB221145,QB,QB,7,2100,2018,37083,32004741-4222-1145-cd0f-449f7f72bdc9,Blaine,Gabbert,Blaine,QB,QB,ACT,https://static.www.nfl.com/image/private/{formatInstructions}/league/awuyhgwqxyg475snjkli,20,13,0,65.0,66.04249999999999,-1.0424999999999898,117,1,97.29166666666667,2.1636999999999995,5.2204999999999995,3.3307692307692296,-1.8897307692307699,19.657166224536553,38.10638397959061,29.35940394490324,-4.429500000000001,25.0,,REG,2
2018,REG,2,week,15,1,Deshaun Watson,QB,2120,00-0033537,Deshaun Watson,D.Watson,WAT338355,QB,QB,4,2120,2018,44824,32005741-5433-8355-e029-e49022cf4b81,Derrick,Watson,Deshaun,QB,QB,ACT,https://static.www.nfl.com/image/private/{formatInstructions}/league/dhtjbkg3d9yrse2vpans,32,22,1,68.75,57.849062499999995,10.900937500000005,310,2,107.55208333333333,3.448451612903226,12.51548387096774,10.466818181818182,-2.0486656891495585,25.253557786291577,53.85220236907679,53.85220236907679,2.93483870967742,25.0,,REG,2
2018,REG,2,week,15,1,Andrew Luck,QB,2200,00-0029668,Andrew Luck,A.Luck,LUC524055,QB,QB,12,2200,2018,38531,32004c55-4352-4055-1f10-c37ee3d83442,Andrew,Luck,Andrew,QB,QB,ACT,https://static.www.nfl.com/image/private/{formatInstructions}/league/ojix2ha2u58zqozaw756,31,21,2,67.74193548387096,64.28161290322582,3.4603225806451405,179,2,77.21774193548386,2.421903225806452,4.646129032258065,2.4414285714285713,-2.2047004608294936,17.650959454353682,35.774467151866844,33.857835134574096,-3.4183870967741936,22.58064516129032,,REG,2
2018,REG,2,week,15,1,Blake Bortles,QB,2250,00-0031407,Blake Bortles,B.Bortles,BOR650964,QB,QB,5,2250,2018,41229,3200424f-5265-0964-4a57-fb0d82ae917e,Robby,Bortles,Blake,QB,QB,ACT,https://static.www.nfl.com/image/private/{formatInstructions}/league/qycdzdjsokwmamzwsmeq,45,29,1,64.44444444444444,57.303555555555555,7.140888888888888,376,4,110.97222222222223,2.7893777777777777,8.00511111111111,6.285172413793104,-1.7199386973180069,20.871430404105045,44.52106243116847,43.85821245787385,-0.6171111111111115,26.666666666666668,Jr.,REG,2
2018,REG,2,week,15,1,Patrick Mahomes,QB,2310,00-0033873,Patrick Mahomes,P.Mahomes,MAH401939,QB,QB,15,2310,2018,44822,32004d41-4840-1939-e4c1-bb89191b4e71,Patrick,Mahomes,Patrick,QB,QB,ACT,https://static.www.nfl.com/image/private/{formatInstructions}/league/ugt3pz3jk8v1cbuvj3om,28,23,0,82.14285714285714,63.732857142857135,18.410000000000004,326,6,154.76190476190476,2.4523571428571427,11.442499999999999,9.32608695652174,-2.116413043478259,22.784852656326642,48.574208176768046,37.88591954803262,2.513928571428571,10.714285714285714,,REG,2
2018,REG,2,week,15,1,Jared Goff,QB,2510,00-0033106,Jared Goff,J.Goff,GOF219636,QB,QB,16,2510,2018,43290,3200474f-4621-9636-7354-d2eb6365d257,Jared,Goff,Jared,QB,QB,ACT,https://static.www.nfl.com/image/private/{formatInstructions}/league/kke5xst7v1ciq1udqqyr,32,24,1,75.0,69.4865625,5.513437499999995,354,1,108.07291666666667,2.7806875000000004,8.950937500000002,7.805416666666669,-1.1455208333333333,20.616168619905135,62.73138369269404,62.73138369269404,-0.2990624999999987,9.375,,REG,2
2018,REG,2,week,15,1,Derek Carr,QB,2520,00-0031280,Derek Carr,D.Carr,CAR358797,QB,QB,4,2520,2018,41265,32004341-5235-8797-3b9a-0d2711c0bc27,Derek,Carr,Derek,QB,QB,ACT,https://static.www.nfl.com/image/private/{formatInstructions}/league/chtyn7pw8xqfpnrkd1fq,32,29,0,90.625,76.18468750000001,14.44031249999999,288,1,114.58333333333333,2.3533749999999998,5.427500000000001,5.447931034482758,0.020431034482756516,17.693426045447985,36.82477019616009,36.82477019616009,-1.8225,9.375,,REG,2
2018,REG,2,week,15,1,Ryan Tannehill,QB,2700,00-0029701,Ryan Tannehill,R.Tannehill,TAN298716,QB,QB,17,2700,2018,38538,32005441-4e29-8716-6443-cc1663c47ac9,Ryan,Tannehill,Ryan,QB,QB,ACT,https://static.www.nfl.com/image/private/{formatInstructions}/league/e2b84kobkdgravu7u6qy,23,17,0,73.91304347826086,75.40086956521739,-1.487826086956531,168,2,123.09782608695652,2.4971304347826084,5.622608695652174,2.8958823529411752,-2.7267263427109985,20.974478784402525,57.656800119326775,31.780125865074854,-2.4643478260869576,8.695652173913043,,REG,2
2018,REG,2,week,15,1,Kirk Cousins,QB,3000,00-0029604,Kirk Cousins,K.Cousins,COU709400,QB,QB,8,3000,2018,38632,3200434f-5570-9400-e1ae-f835abb5963e,Kirk,Cousins,Kirk,QB,QB,ACT,https://static.www.nfl.com/image/private/{formatInstructions}/league/yoi19theqqakt4zpw9r4,48,35,1,72.91666666666666,67.04416666666667,5.872499999999988,425,4,118.83680555555556,2.7144791666666666,7.128749999999999,7.080285714285712,-0.04846428571428696,20.118028588092955,62.87184823114396,62.87184823114396,-1.5170833333333338,8.333333333333332,,REG,2
2018,REG,2,week,15,1,Tom Brady,QB,3200,00-0019596,Tom Brady,T.Brady,BRA371156,QB,QB,12,3200,2018,25511,32004252-4137-1156-7ed0-8b9e44948f13,Tom,Brady,Tom,QB,QB,ACT,https://static.www.nfl.com/image/private/{formatInstructions}/league/apkxya5ptb0zalrskshq,35,24,0,68.57142857142857,70.52314285714286,-1.9517142857142886,234,2,106.13095238095238,2.494914285714285,6.151714285714287,4.04,-2.111714285714287,20.969355894072457,47.910470671868794,27.071159930819373,-2.076857142857143,20.0,Jr.,REG,2
2018,REG,2,week,15,1,Drew Brees,QB,3300,00-0020531,Drew Brees,D.Brees,BRE229498,QB,QB,9,3300,2018,26250,32004252-4522-9498-de45-55dc89e02748,Drew,Brees,Drew,QB,QB,ACT,https://static.www.nfl.com/image/private/{formatInstructions}/league/i20xlpzdmn7xubotijjd,35,28,0,80.0,73.08685714285714,6.913142857142859,243,2,114.64285714285714,2.0772285714285714,7.443142857142857,4.288571428571428,-3.154571428571429,20.597969096245496,50.56329300985055,33.02447122968058,-0.7854285714285713,5.714285714285714,,REG,2
2018,REG,2,week,15,1,Eli Manning,QB,3410,00-0022803,Eli Manning,E.Manning,MAN473170,QB,QB,10,3410,2018,28953,32004d41-4e47-3170-d4e5-66f2cfc951d8,Elisha,Manning,Eli,QB,QB,ACT,https://static.www.nfl.com/image/private/{formatInstructions}/league/w51tf8uedjftbr4qpaex,44,33,0,75.0,72.74590909090908,2.2540909090909196,279,1,98.57954545454545,2.705295454545454,6.555227272727273,2.9045454545454543,-3.650681818181819,20.12403082298076,58.44469265895749,43.32026892806646,-2.7856818181818186,13.636363636363635,,REG,2
2018,REG,2,week,15,1,Sam Darnold,QB,3430,00-0034869,Sam Darnold,S.Darnold,DAR466141,QB,QB,14,3430,2018,46072,32004441-5246-6141-9e5c-6e7d32a03e33,Sam,Darnold,Sam,QB,QB,ACT,https://static.www.nfl.com/image/private/{formatInstructions}/league/eq43mbsq4xhpm9sfh0yl,41,25,2,60.97560975609756,63.99341463414635,-3.0178048780487856,334,1,74.64430894308943,2.791439024390244,10.270975609756098,6.216799999999999,-4.054175609756099,22.86553362360156,47.047487711885324,32.74739836994689,0.07585365853658613,19.51219512195122,,REG,2
2018,REG,2,week,15,1,Nick Foles,QB,3700,00-0029567,Nick Foles,N.Foles,FOL058566,QB,QB,9,3700,2018,38618,3200464f-4c05-8566-67a5-109ec305cdd5,Nick,Foles,Nick,QB,QB,ACT,https://static.www.nfl.com/image/private/{formatInstructions}/league/urh5iskpc9copfq79exn,48,35,0,72.91666666666666,63.322500000000005,9.594166666666652,334,1,98.7847222222222,3.1828297872340428,7.087234042553192,4.516857142857143,-2.5703768996960488,20.516777183148722,45.55700165726449,44.06723158992405,-3.317021276595745,14.583333333333334,,REG,2
2018,REG,2,week,15,1,Sam Bradford,QB,3800,00-0027854,Sam Bradford,S.Bradford,BRA101548,QB,QB,9,3800,2018,35440,32004252-4110-1548-7d54-0c0fa9f6ea04,Samuel,Bradford,Sam,QB,QB,ACT,https://static.www.nfl.com/image/private/{formatInstructions}/league/fizwrxzfdaw7v2vzzpn6,27,17,1,62.96296296296296,68.48407407407406,-5.521111111111097,90,0,53.00925925925927,2.5407777777777776,4.6359259259259264,2.1605882352941186,-2.475337690631808,18.484697670612817,31.326559019464618,26.906062513864782,-3.9937037037037033,14.814814814814813,,REG,2
2018,REG,2,week,15,1,Ben Roethlisberger,QB,3900,00-0022924,Ben Roethlisberger,B.Roethlisberger,ROE750381,QB,QB,7,3900,2018,28963,3200524f-4575-0381-afea-aa103cf4a1e3,Ben,Roethlisberger,Ben,QB,QB,ACT,https://static.www.nfl.com/image/private/{formatInstructions}/league/myft4pwoxwrxbeh1exyy,60,39,0,65.0,61.80683333333333,3.19316666666667,452,3,104.30555555555556,2.807833333333333,9.476499999999998,4.42897435897436,-5.047525641025638,21.26164090038196,53.039914215616896,37.79290938787327,0.8098333333333337,10.0,,REG,2
2018,REG,2,week,15,1,Philip Rivers,QB,4400,00-0022942,Philip Rivers,P.Rivers,RIV651634,QB,QB,17,4400,2018,28956,32005249-5665-1634-a192-77c9c8e6262e,Philip,Rivers,Philip,QB,QB,ACT,https://static.www.nfl.com/image/private/{formatInstructions}/league/adapxtphf15elrdudiix,27,23,0,85.18518518518519,70.84777777777776,14.337407407407426,256,3,143.20987654320987,2.408703703703704,4.365555555555556,4.369565217391305,0.004009661835748801,16.128377548433953,27.562438208547515,27.562438208547515,-3.8566666666666665,14.814814814814813,,REG,2
2018,REG,2,week,15,1,Jimmy Garoppolo,QB,4500,00-0031345,Jimmy Garoppolo,J.Garoppolo,GAR363225,QB,QB,10,4500,2018,41291,32004741-5236-3225-90e6-5bfdba41064c,James,Garoppolo,Jimmy,QB,QB,ACT,https://static.www.nfl.com/image/private/{formatInstructions}/league/hebg9avbsul4u2olmct8,26,18,0,69.23076923076923,64.54384615384616,4.686923076923065,206,2,118.42948717948718,2.663346153846154,6.105,6.162222222222223,0.057222222222222285,19.702630964375416,37.372766822915324,30.952612167634584,-2.6257692307692304,30.76923076923077,,REG,2
2018,REG,2,week,15,1,Russell Wilson,QB,4600,00-0029263,Russell Wilson,R.Wilson,WIL777781,QB,QB,3,4600,2018,38605,32005749-4c77-7781-795c-94c753706d1d,Russell,Wilson,Russell,QB,QB,ACT,https://static.www.nfl.com/image/private/{formatInstructions}/league/rrpzsqysodir9laitnus,36,22,1,61.111111111111114,58.59333333333332,2.5177777777777948,226,2,86.11111111111111,2.6362727272727278,8.521515151515153,7.03590909090909,-1.485606060606063,20.759461704521982,59.55559839343402,41.983045387394185,-0.38757575757575746,25.0,,REG,2
2018,REG,2,week,15,1,Ryan Fitzpatrick,QB,4900,00-0023682,Ryan Fitzpatrick,R.Fitzpatrick,FIT792915,QB,QB,14,4900,2018,30078,32004649-5479-2915-c998-f50119c2fdd4,Ryan,Fitzpatrick,Ryan,QB,QB,ACT,https://static.www.nfl.com/image/private/{formatInstructions}/league/joilglqul2ldsy2pfjey,33,27,1,81.81818181818183,63.39727272727272,18.420909090909106,402,4,144.38131313131314,2.490181818181818,9.56757575757576,9.211111111111112,-0.3564646464646479,22.47645716588651,41.45492612464771,41.45492612464771,0.47666666666666657,15.151515151515152,,REG,2
2018,REG,2,week,15,1,Alex Smith,QB,5110,00-0023436,Alex Smith,A.Smith,SMI031126,QB,QB,11,5110,2018,29819,3200534d-4903-1126-6414-eeba5603cc44,Alexander,Smith,Alex,QB,QB,ACT,https://static.www.nfl.com/image/private/{formatInstructions}/league/dpa5d1a8jj6jdymocjkx,46,33,0,71.73913043478261,69.43760869565217,2.301521739130436,292,0,88.31521739130434,2.711522727272728,6.952954545454546,4.461212121212122,-2.4917424242424238,19.172610406640477,43.932138577583494,36.85731542041553,-1.7061363636363631,13.043478260869565,,REG,2
2018,REG,3,week,15,1,Matt Ryan,QB,0200,00-0026143,Matt Ryan,M.Ryan,RYA238179,QB,QB,2,0200,2018,33084,32005259-4123-8179-1aae-5603693aba86,Matthew,Ryan,Matt,QB,QB,ACT,https://static.www.nfl.com/image/private/{formatInstructions}/league/nsup3rrfi8jfj8oduf1t,35,26,0,74.28571428571429,67.6297142857143,6.655999999999992,374,5,148.0952380952381,2.8718857142857144,9.086857142857143,9.01923076923077,-0.06762637362637314,21.716117067015077,56.060072243977714,53.57613834534923,0.14400000000000027,8.571428571428571,,REG,3
2018,REG,3,week,15,1,Joe Flacco,QB,0325,00-0026158,Joe Flacco,J.Flacco,FLA009602,QB,QB,5,0325,2018,33099,3200464c-4100-9602-96e8-665718e215c0,Joseph,Flacco,Joe,QB,QB,ACT,https://static.www.nfl.com/image/private/{formatInstructions}/league/puq0loqhg0yeuhpdtykr,40,25,0,62.5,57.2665,5.233499999999999,277,1,91.35416666666667,2.5177692307692303,9.219230769230768,6.8504,-2.368830769230768,22.45709740161881,50.49354909292869,44.13703320342228,1.116666666666666,27.500000000000004,,REG,3
2018,REG,3,week,15,1,Josh Allen,QB,0610,00-0034857,Josh Allen,J.Allen,ALL529264,QB,QB,17,0610,2018,46076,3200414c-4c52-9264-bedc-c4ddaf201fe7,Joshua,Allen,Josh,QB,QB,ACT,https://static.www.nfl.com/image/private/{formatInstructions}/league/uyhjaf2okyygjyfzk8hc,22,15,0,68.18181818181817,67.66136363636363,0.5204545454545411,196,1,111.17424242424241,2.6996363636363636,8.29318181818182,3.708666666666667,-4.584515151515153,20.75546945848653,52.429550827753616,32.566892697953236,-2.252272727272727,22.727272727272727,,REG,3
2018,REG,3,week,15,1,Cam Newton,QB,0750,00-0027939,Cam Newton,C.Newton,NEW693984,QB,QB,1,0750,2018,37074,32004e45-5769-3984-c32b-2c25062be531,Cameron,Newton,Cam,QB,QB,ACT,https://static.www.nfl.com/image/private/{formatInstructions}/league/gin1atizg1ga9p0skyu0,24,15,0,62.5,63.68583333333333,-1.1858333333333277,150,2,107.9861111111111,2.596875,9.072916666666666,5.784666666666667,-3.288249999999999,24.732895710318818,51.45441866351227,36.619582193138136,1.6562500000000007,8.333333333333332,,REG,3
2018,REG,3,week,15,1,Mitchell Trubisky,QB,0810,00-0033869,Mitchell Trubisky,M.Trubisky,TRU215336,QB,QB,10,0810,2018,44814,32005452-5521-5336-8519-c8cb45ea9b74,Mitchell,Trubisky,Mitchell,QB,QB,ACT,https://static.www.nfl.com/image/private/{formatInstructions}/league/yxl8earcwsagar5mbjfi,35,24,1,68.57142857142857,63.3142857142857,5.257142857142867,220,0,73.51190476190476,2.4057142857142857,9.720285714285716,4.065416666666665,-5.654869047619051,22.998252970129244,63.77694332593873,42.2791591685549,0.4917142857142851,31.428571428571427,,REG,3
2018,REG,3,week,15,1,Andy Dalton,QB,0920,00-0027973,Andy Dalton,A.Dalton,DAL659900,QB,QB,14,0920,2018,37110,32004441-4c65-9900-551d-a31a0423b3ca,Andrew,Dalton,Andy,QB,QB,ACT,https://static.www.nfl.com/image/private/{formatInstructions}/league/fex1enmwhsyid5jyue7t,46,29,4,63.04347826086957,64.37847826086956,-1.3349999999999866,352,2,64.76449275362319,2.6834000000000002,10.150000000000002,8.278620689655172,-1.87137931034483,23.53585262083769,54.986441965269954,42.423903639339926,0.2611111111111108,19.565217391304348,,REG,3
2018,REG,3,week,15,1,Baker Mayfield,QB,1050,00-0034855,Baker Mayfield,B.Mayfield,MAY483453,QB,QB,6,1050,2018,46073,32004d41-5948-3453-e6ac-1ecff99fdcf6,Baker,Mayfield,Baker,QB,QB,ACT,https://static.www.nfl.com/image/private/{formatInstructions}/league/mrajlbudbl0hcfzmrqz3,23,17,0,73.91304347826086,67.6491304347826,6.263913043478254,201,0,100.09057971014492,2.823130434782608,9.302173913043477,7.822941176470587,-1.4792327365728903,22.086567628001042,39.09204011048797,31.045956258424383,0.780434782608695,8.695652173913043,,REG,3
2018,REG,3,week,15,1,Dak Prescott,QB,1200,00-0033077,Dak Prescott,D.Prescott,PRE285723,QB,QB,4,1200,2018,43424,32005052-4528-5723-d1b2-96e92ebc1241,Rayne,Prescott,Dak,QB,QB,ACT,https://static.www.nfl.com/image/private/{formatInstructions}/league/httrtiv5us06hh6asf07,34,19,2,55.88235294117647,74.44470588235293,-18.562352941176464,168,1,54.5343137254902,3.035294117647059,5.222647058823529,4.094210526315789,-1.1284365325077408,18.714563674830046,34.750035971204404,29.59857597925954,-4.042058823529412,11.76470588235294,,REG,3
2018,REG,3,week,15,1,Case Keenum,QB,1400,00-0028986,Case Keenum,C.Keenum,KEE690598,QB,QB,4,1400,2018,38937,32004b45-4569-0598-1a82-7cad5305e148,Casey,Keenum,Case,QB,QB,ACT,https://static.www.nfl.com/image/private/{formatInstructions}/league/qnyuz76tdcsqxn1bzse1,34,22,1,64.70588235294117,70.31264705882353,-5.606764705882355,192,0,67.27941176470588,2.984352941176471,5.492058823529411,5.2368181818181805,-0.2552406417112305,19.332472942038535,38.27479196546991,31.85577498664881,-4.4491176470588245,11.76470588235294,,REG,3
2018,REG,3,week,15,1,Matthew Stafford,QB,1540,00-0026498,Matthew Stafford,M.Stafford,STA134157,QB,QB,9,1540,2018,34452,32005354-4113-4157-19b1-37e6835d09b9,John,Stafford,Matthew,QB,QB,ACT,https://static.www.nfl.com/image/private/{formatInstructions}/league/iibglgpasx5wsrylvn2z,36,27,1,75.0,65.91555555555556,9.084444444444443,262,2,101.85185185185183,2.6519999999999997,5.696857142857144,4.081481481481482,-1.615375661375662,19.123134271644282,45.2398430589674,45.2398430589674,-2.360285714285714,13.88888888888889,,REG,3
2018,REG,3,week,15,1,Aaron Rodgers,QB,1800,00-0023459,Aaron Rodgers,A.Rodgers,ROD339293,QB,QB,12,1800,2018,29851,3200524f-4433-9293-a3cf-ad7758d03003,Aaron,Rodgers,Aaron,QB,QB,ACT,https://static.www.nfl.com/image/private/{formatInstructions}/league/ejjiyjumtzwxiffdhkgz,44,27,0,61.36363636363637,67.87659090909091,-6.512954545454541,265,2,93.4659090909091,3.0137954545454537,7.969772727272726,3.7959259259259253,-4.1738468013468015,21.40264796986096,56.35411253848294,41.76556596048952,-1.8711363636363636,9.090909090909092,,REG,3
2018,REG,3,week,15,1,Marcus Mariota,QB,2100,00-0032268,Marcus Mariota,M.Mariota,MAR186347,QB,QB,8,2100,2018,42345,32004d41-5218-6347-2b09-64276fa61f68,Marcus,Mariota,Marcus,QB,QB,ACT,https://static.www.nfl.com/image/private/{formatInstructions}/league/qi4gui9b5gq10obus2xa,18,12,0,66.66666666666666,72.31111111111113,-5.644444444444474,100,0,80.78703703703704,2.7859444444444446,3.317777777777777,2.5158333333333323,-0.8019444444444446,17.051193789986858,26.89971003561191,24.361011883745714,-4.626666666666668,5.555555555555555,,REG,3
2018,REG,3,week,15,1,Deshaun Watson,QB,2120,00-0033537,Deshaun Watson,D.Watson,WAT338355,QB,QB,4,2120,2018,44824,32005741-5433-8355-e029-e49022cf4b81,Derrick,Watson,Deshaun,QB,QB,ACT,https://static.www.nfl.com/image/private/{formatInstructions}/league/dhtjbkg3d9yrse2vpans,40,24,1,60.0,56.22275000000001,3.777249999999988,385,2,98.4375,3.0458684210526314,12.139473684210525,8.813333333333334,-3.326140350877191,23.651842389576707,63.813078596789225,35.560232001492906,3.244736842105263,17.5,,REG,3
2018,REG,3,week,15,1,Andrew Luck,QB,2200,00-0029668,Andrew Luck,A.Luck,LUC524055,QB,QB,12,2200,2018,38531,32004c55-4352-4055-1f10-c37ee3d83442,Andrew,Luck,Andrew,QB,QB,ACT,https://static.www.nfl.com/image/private/{formatInstructions}/league/ojix2ha2u58zqozaw756,40,25,0,62.5,67.50399999999999,-5.003999999999991,164,1,79.58333333333334,2.6413,6.617,3.4311999999999996,-3.1858000000000004,19.25347379177136,39.20041326312773,36.5632082837379,-1.8830000000000002,15.0,,REG,3
2018,REG,3,week,15,1,Blake Bortles,QB,2250,00-0031407,Blake Bortles,B.Bortles,BOR650964,QB,QB,5,2250,2018,41229,3200424f-5265-0964-4a57-fb0d82ae917e,Robby,Bortles,Blake,QB,QB,ACT,https://static.www.nfl.com/image/private/{formatInstructions}/league/qycdzdjsokwmamzwsmeq,34,21,0,61.76470588235294,79.94558823529412,-18.180882352941182,155,0,72.54901960784315,2.6183235294117644,4.066764705882354,2.4747619047619054,-1.592002801120449,16.71310258958178,34.416696529446284,25.239183821986003,-6.22735294117647,8.823529411764707,Jr.,REG,3
2018,REG,3,week,15,1,Patrick Mahomes,QB,2310,00-0033873,Patrick Mahomes,P.Mahomes,MAH401939,QB,QB,15,2310,2018,44822,32004d41-4840-1939-e4c1-bb89191b4e71,Patrick,Mahomes,Patrick,QB,QB,ACT,https://static.www.nfl.com/image/private/{formatInstructions}/league/ugt3pz3jk8v1cbuvj3om,38,24,0,63.1578947368421,62.96736842105264,0.19052631578946233,314,3,115.46052631578947,2.9810000000000003,10.823157894736843,6.246666666666667,-4.576491228070176,22.490779360775456,58.739768470772844,50.7565690329833,1.8757894736842105,13.157894736842104,,REG,3
2018,REG,3,week,15,1,Jared Goff,QB,2510,00-0033106,Jared Goff,J.Goff,GOF219636,QB,QB,16,2510,2018,43290,3200474f-4621-9636-7354-d2eb6365d257,Jared,Goff,Jared,QB,QB,ACT,https://static.www.nfl.com/image/private/{formatInstructions}/league/kke5xst7v1ciq1udqqyr,36,29,1,80.55555555555556,69.99138888888888,10.56416666666668,354,3,123.84259259259258,2.726888888888889,5.62,5.22551724137931,-0.3944827586206898,17.56418915163234,38.970687702425785,38.970687702425785,-3.352222222222223,13.88888888888889,,REG,3
2018,REG,3,week,15,1,Derek Carr,QB,2520,00-0031280,Derek Carr,D.Carr,CAR358797,QB,QB,4,2520,2018,41265,32004341-5235-8797-3b9a-0d2711c0bc27,Derek,Carr,Derek,QB,QB,ACT,https://static.www.nfl.com/image/private/{formatInstructions}/league/chtyn7pw8xqfpnrkd1fq,39,27,2,69.23076923076923,67.19410256410258,2.0366666666666475,345,1,83.81410256410257,2.6490256410256414,6.108717948717949,3.7296296296296294,-2.3790883190883196,17.97353796022116,54.97299882669673,32.672362938728504,-1.6348717948717957,15.384615384615385,,REG,3
2018,REG,3,week,15,1,Ryan Tannehill,QB,2700,00-0029701,Ryan Tannehill,R.Tannehill,TAN298716,QB,QB,17,2700,2018,38538,32005441-4e29-8716-6443-cc1663c47ac9,Ryan,Tannehill,Ryan,QB,QB,ACT,https://static.www.nfl.com/image/private/{formatInstructions}/league/e2b84kobkdgravu7u6qy,23,17,0,73.91304347826086,68.48434782608696,5.4286956521739,289,3,155.34420289855072,2.412478260869565,9.269999999999996,7.800588235294115,-1.4694117647058809,20.67733780080243,50.47700565604105,50.47700565604105,-1.2517391304347836,8.695652173913043,,REG,3
2018,REG,3,week,15,1,Kirk Cousins,QB,3000,00-0029604,Kirk Cousins,K.Cousins,COU709400,QB,QB,8,3000,2018,38632,3200434f-5570-9400-e1ae-f835abb5963e,Kirk,Cousins,Kirk,QB,QB,ACT,https://static.www.nfl.com/image/private/{formatInstructions}/league/yoi19theqqakt4zpw9r4,55,40,1,72.72727272727273,71.238,1.4892727272727342,296,1,83.59848484848486,2.516454545454546,5.758545454545455,3.0002500000000003,-2.758295454545455,18.53063566943458,52.9744787610034,25.400385823841336,-2.3141818181818183,12.727272727272727,,REG,3
2018,REG,3,week,15,1,Tom Brady,QB,3200,00-0019596,Tom Brady,T.Brady,BRA371156,QB,QB,12,3200,2018,25511,32004252-4137-1156-7ed0-8b9e44948f13,Tom,Brady,Tom,QB,QB,ACT,https://static.www.nfl.com/image/private/{formatInstructions}/league/apkxya5ptb0zalrskshq,26,14,1,53.84615384615385,61.95076923076921,-8.104615384615364,133,1,65.06410256410257,2.9504615384615387,11.1296,5.861428571428574,-5.268171428571426,23.93711203082479,56.34176071086171,30.345057258143378,1.1296000000000013,11.538461538461538,Jr.,REG,3
2018,REG,3,week,15,1,Drew Brees,QB,3300,00-0020531,Drew Brees,D.Brees,BRE229498,QB,QB,9,3300,2018,26250,32004252-4522-9498-de45-55dc89e02748,Drew,Brees,Drew,QB,QB,ACT,https://static.www.nfl.com/image/private/{formatInstructions}/league/i20xlpzdmn7xubotijjd,49,39,0,79.59183673469387,71.32897959183671,8.262857142857158,396,3,120.74829931972788,2.4617142857142853,5.241836734693878,4.3241025641025645,-0.9177341705913138,18.183401026178633,46.97403644567922,34.1023459603588,-4.227551020408163,14.285714285714285,,REG,3
2018,REG,3,week,15,1,Eli Manning,QB,3410,00-0022803,Eli Manning,E.Manning,MAN473170,QB,QB,10,3410,2018,28953,32004d41-4e47-3170-d4e5-66f2cfc951d8,Elisha,Manning,Eli,QB,QB,ACT,https://static.www.nfl.com/image/private/{formatInstructions}/league/w51tf8uedjftbr4qpaex,29,25,0,86.20689655172413,68.90965517241379,17.297241379310336,297,2,132.32758620689654,2.395896551724138,5.952758620689657,4.704000000000001,-1.2487586206896566,16.644139038828257,50.36872442299884,29.937042272074912,-2.288620689655172,20.689655172413794,,REG,3
2018,REG,3,week,15,1,Sam Darnold,QB,3430,00-0034869,Sam Darnold,S.Darnold,DAR466141,QB,QB,14,3430,2018,46072,32004441-5246-6141-9e5c-6e7d32a03e33,Sam,Darnold,Sam,QB,QB,ACT,https://static.www.nfl.com/image/private/{formatInstructions}/league/eq43mbsq4xhpm9sfh0yl,31,15,2,48.38709677419355,56.621290322580656,-8.234193548387104,169,0,38.23924731182796,2.9556129032258065,5.774516129032258,3.9819999999999998,-1.7925161290322582,20.77861193364264,48.80757010956395,28.731837741432415,-3.3867741935483875,12.903225806451612,,REG,3
2018,REG,3,week,15,1,Carson Wentz,QB,3700,00-0032950,Carson Wentz,C.Wentz,WEN615770,QB,QB,11,3700,2018,43291,32005745-4e61-5770-9c68-1652f876bc72,Carson,Wentz,Carson,QB,QB,ACT,https://static.www.nfl.com/image/private/{formatInstructions}/league/e0lkzdsozcwd6jwr1mju,37,25,1,67.56756756756756,72.19675675675677,-4.629189189189205,255,1,84.85360360360362,2.9484054054054054,7.356216216216215,5.701199999999999,-1.6550162162162154,19.58511927024606,41.295471906735735,31.73806074731095,-1.6708108108108117,8.108108108108109,,REG,3
2018,REG,3,week,15,1,Sam Bradford,QB,3800,00-0027854,Sam Bradford,S.Bradford,BRA101548,QB,QB,9,3800,2018,35440,32004252-4110-1548-7d54-0c0fa9f6ea04,Samuel,Bradford,Sam,QB,QB,ACT,https://static.www.nfl.com/image/private/{formatInstructions}/league/fizwrxzfdaw7v2vzzpn6,19,13,2,68.42105263157895,64.55368421052631,3.867368421052632,157,2,89.03508771929826,2.5182105263157895,8.875789473684213,6.081538461538463,-2.7942510121457502,21.801799378278254,47.05382131134515,35.16348247827567,0.24421052631578988,15.789473684210526,,REG,3
2018,REG,3,week,15,1,Ben Roethlisberger,QB,3900,00-0022924,Ben Roethlisberger,B.Roethlisberger,ROE750381,QB,QB,7,3900,2018,28963,3200524f-4575-0381-afea-aa103cf4a1e3,Ben,Roethlisberger,Ben,QB,QB,ACT,https://static.www.nfl.com/image/private/{formatInstructions}/league/myft4pwoxwrxbeh1exyy,38,30,1,78.94736842105263,67.34236842105264,11.60499999999999,353,3,120.7236842105263,2.613473684210526,7.019473684210527,4.368666666666666,-2.650807017543861,19.116503981840395,48.114888548140684,39.47120089381624,-1.480526315789474,18.421052631578945,,REG,3
2018,REG,3,week,15,1,Philip Rivers,QB,4400,00-0022942,Philip Rivers,P.Rivers,RIV651634,QB,QB,17,4400,2018,28956,32005249-5665-1634-a192-77c9c8e6262e,Philip,Rivers,Philip,QB,QB,ACT,https://static.www.nfl.com/image/private/{formatInstructions}/league/adapxtphf15elrdudiix,30,18,0,60.0,61.745,-1.7449999999999974,226,2,105.69444444444444,2.7535000000000003,9.308666666666664,7.510555555555555,-1.7981111111111083,20.52713073919512,51.554189936415455,51.554189936415455,0.9420000000000002,6.666666666666667,,REG,3
2018,REG,3,week,15,1,Jimmy Garoppolo,QB,4500,00-0031345,Jimmy Garoppolo,J.Garoppolo,GAR363225,QB,QB,10,4500,2018,41291,32004741-5236-3225-90e6-5bfdba41064c,James,Garoppolo,Jimmy,QB,QB,ACT,https://static.www.nfl.com/image/private/{formatInstructions}/league/hebg9avbsul4u2olmct8,30,20,0,66.66666666666666,62.951333333333324,3.7153333333333336,251,2,114.72222222222221,2.8826666666666663,8.831333333333333,6.1185,-2.712833333333333,23.08488371445872,52.00882328989957,41.76358820791145,-1.1353333333333326,26.666666666666668,,REG,3
2018,REG,3,week,15,1,Russell Wilson,QB,4600,00-0029263,Russell Wilson,R.Wilson,WIL777781,QB,QB,3,4600,2018,38605,32005749-4c77-7781-795c-94c753706d1d,Russell,Wilson,Russell,QB,QB,ACT,https://static.www.nfl.com/image/private/{formatInstructions}/league/rrpzsqysodir9laitnus,26,16,0,61.53846153846154,65.24846153846154,-3.710000000000001,192,2,109.77564102564104,2.578192307692308,8.438076923076922,6.125624999999999,-2.3124519230769227,21.648125126713154,39.647370656829196,38.166270449180644,0.3996153846153842,15.384615384615385,,REG,3
2018,REG,3,week,15,1,Ryan Fitzpatrick,QB,4900,00-0023682,Ryan Fitzpatrick,R.Fitzpatrick,FIT792915,QB,QB,14,4900,2018,30078,32004649-5479-2915-c998-f50119c2fdd4,Ryan,Fitzpatrick,Ryan,QB,QB,ACT,https://static.www.nfl.com/image/private/{formatInstructions}/league/joilglqul2ldsy2pfjey,50,30,3,60.0,62.85099999999999,-2.850999999999992,411,3,81.33333333333333,2.7068800000000004,10.984199999999998,9.741000000000001,-1.2431999999999963,22.11234396778039,54.49125617931743,53.715014660707304,0.8042000000000007,22.0,,REG,3
2018,REG,3,week,15,1,Alex Smith,QB,5110,00-0023436,Alex Smith,A.Smith,SMI031126,QB,QB,11,5110,2018,29819,3200534d-4903-1126-6414-eeba5603cc44,Alexander,Smith,Alex,QB,QB,ACT,https://static.www.nfl.com/image/private/{formatInstructions}/league/dpa5d1a8jj6jdymocjkx,20,12,1,60.0,54.89050000000001,5.10949999999999,220,2,110.41666666666667,2.78925,10.02,9.740833333333333,-0.2791666666666668,21.5266727695521,48.93451951332516,48.93451951332516,1.2199999999999995,20.0,,REG,3
2018,REG,4,week,15,1,Matt Ryan,QB,0200,00-0026143,Matt Ryan,M.Ryan,RYA238179,QB,QB,2,0200,2018,33084,32005259-4123-8179-1aae-5603693aba86,Matthew,Ryan,Matt,QB,QB,ACT,https://static.www.nfl.com/image/private/{formatInstructions}/league/nsup3rrfi8jfj8oduf1t,39,29,0,74.35897435897436,64.19256410256409,10.166410256410273,419,3,134.4551282051282,2.691692307692308,10.7974358974359,8.323793103448276,-2.473642793987624,21.078158798919713,52.02750426457145,52.02750426457145,1.9769230769230774,12.82051282051282,,REG,4
2018,REG,4,week,15,1,Joe Flacco,QB,0325,00-0026158,Joe Flacco,J.Flacco,FLA009602,QB,QB,5,0325,2018,33099,3200464c-4100-9602-96e8-665718e215c0,Joseph,Flacco,Joe,QB,QB,ACT,https://static.www.nfl.com/image/private/{formatInstructions}/league/puq0loqhg0yeuhpdtykr,42,28,0,66.66666666666666,62.396428571428565,4.270238095238092,363,2,109.52380952380952,2.740714285714286,8.581190476190475,6.66142857142857,-1.9197619047619048,20.458301815124162,50.55363191700474,50.55363191700474,-0.03785714285714311,19.047619047619047,,REG,4
2018,REG,4,week,15,1,Josh Allen,QB,0610,00-0034857,Josh Allen,J.Allen,ALL529264,QB,QB,17,0610,2018,46076,3200414c-4c52-9264-bedc-c4ddaf201fe7,Joshua,Allen,Josh,QB,QB,ACT,https://static.www.nfl.com/image/private/{formatInstructions}/league/uyhjaf2okyygjyfzk8hc,33,16,2,48.484848484848484,65.09878787878787,-16.61393939393939,151,0,36.30050505050505,3.013848484848485,9.206060606060605,4.710625,-4.495435606060605,24.352180395851345,57.57588557721019,41.41625284836859,-0.9151515151515153,9.090909090909092,,REG,4
2018,REG,4,week,15,1,Mitchell Trubisky,QB,0810,00-0033869,Mitchell Trubisky,M.Trubisky,TRU215336,QB,QB,10,0810,2018,44814,32005452-5521-5336-8519-c8cb45ea9b74,Mitchell,Trubisky,Mitchell,QB,QB,ACT,https://static.www.nfl.com/image/private/{formatInstructions}/league/yxl8earcwsagar5mbjfi,26,19,0,73.07692307692307,65.75307692307692,7.323846153846148,354,6,154.64743589743588,2.6678846153846156,10.508076923076924,11.285789473684211,0.7777125506072871,24.71120806005177,51.27743460821729,51.27743460821729,2.046538461538463,15.384615384615385,,REG,4
2018,REG,4,week,15,1,Andy Dalton,QB,0920,00-0027973,Andy Dalton,A.Dalton,DAL659900,QB,QB,14,0920,2018,37110,32004441-4c65-9900-551d-a31a0423b3ca,Andrew,Dalton,Andy,QB,QB,ACT,https://static.www.nfl.com/image/private/{formatInstructions}/league/fex1enmwhsyid5jyue7t,41,29,1,70.73170731707317,65.57829268292683,5.153414634146344,337,3,109.5020325203252,2.4231951219512196,7.3948780487804875,5.240344827586206,-2.1545332211942814,21.719763461913967,55.22472815686828,39.88393160158612,-1.3856097560975615,12.195121951219512,,REG,4
2018,REG,4,week,15,1,Baker Mayfield,QB,1050,00-0034855,Baker Mayfield,B.Mayfield,MAY483453,QB,QB,6,1050,2018,46073,32004d41-5948-3453-e6ac-1ecff99fdcf6,Baker,Mayfield,Baker,QB,QB,ACT,https://static.www.nfl.com/image/private/{formatInstructions}/league/mrajlbudbl0hcfzmrqz3,41,21,2,51.21951219512195,67.55609756097562,-16.336585365853665,295,2,70.6808943089431,2.8972926829268295,9.62560975609756,7.045238095238095,-2.5803716608594653,21.85651379655063,60.04660356756243,32.81178446838879,0.7231707317073158,17.073170731707318,,REG,4
2018,REG,4,week,15,1,Dak Prescott,QB,1200,00-0033077,Dak Prescott,D.Prescott,PRE285723,QB,QB,4,1200,2018,43424,32005052-4528-5723-d1b2-96e92ebc1241,Rayne,Prescott,Dak,QB,QB,ACT,https://static.www.nfl.com/image/private/{formatInstructions}/league/httrtiv5us06hh6asf07,27,17,0,62.96296296296296,52.79666666666668,10.16629629629628,255,2,118.59567901234567,2.9088888888888893,10.385555555555557,8.708823529411765,-1.6767320261437924,23.95252738602588,46.07411963347753,45.19326719767005,2.792962962962963,44.44444444444444,,REG,4
2018,REG,4,week,15,1,Case Keenum,QB,1400,00-0028986,Case Keenum,C.Keenum,KEE690598,QB,QB,4,1400,2018,38937,32004b45-4569-0598-1a82-7cad5305e148,Casey,Keenum,Case,QB,QB,ACT,https://static.www.nfl.com/image/private/{formatInstructions}/league/qnyuz76tdcsqxn1bzse1,33,21,1,63.63636363636363,61.833939393939374,1.8024242424242587,245,0,73.42171717171718,2.5115454545454545,7.9845454545454535,6.352380952380951,-1.6321645021645024,23.50167556284319,47.8131446361772,47.8131446361772,-1.6821212121212124,21.21212121212121,,REG,4
2018,REG,4,week,15,1,Matthew Stafford,QB,1540,00-0026498,Matthew Stafford,M.Stafford,STA134157,QB,QB,9,1540,2018,34452,32005354-4113-4157-19b1-37e6835d09b9,John,Stafford,Matthew,QB,QB,ACT,https://static.www.nfl.com/image/private/{formatInstructions}/league/iibglgpasx5wsrylvn2z,30,24,0,80.0,62.29666666666667,17.703333333333333,307,2,131.52777777777777,2.711766666666667,7.591666666666666,6.1862499999999985,-1.4054166666666674,20.98931061159908,40.71118028257103,40.71118028257103,-1.8083333333333338,23.333333333333332,,REG,4
2018,REG,4,week,15,1,Aaron Rodgers,QB,1800,00-0023459,Aaron Rodgers,A.Rodgers,ROD339293,QB,QB,12,1800,2018,29851,3200524f-4433-9293-a3cf-ad7758d03003,Aaron,Rodgers,Aaron,QB,QB,ACT,https://static.www.nfl.com/image/private/{formatInstructions}/league/ejjiyjumtzwxiffdhkgz,40,22,1,55.00000000000001,67.9275,-12.927499999999988,298,1,76.87500000000001,2.80525,9.958000000000002,6.029545454545455,-3.9284545454545468,22.999520501190293,55.127855935089656,41.706604992494896,2.308,12.5,,REG,4
2018,REG,4,week,15,1,Marcus Mariota,QB,2100,00-0032268,Marcus Mariota,M.Mariota,MAR186347,QB,QB,8,2100,2018,42345,32004d41-5218-6347-2b09-64276fa61f68,Marcus,Mariota,Marcus,QB,QB,ACT,https://static.www.nfl.com/image/private/{formatInstructions}/league/qi4gui9b5gq10obus2xa,43,30,1,69.76744186046511,66.88883720930234,2.8786046511627745,344,2,99.37015503875969,2.5286744186046515,9.088372093023258,5.289666666666666,-3.798705426356592,21.804642831037164,52.049427470434296,47.208076639490415,0.5534883720930238,6.976744186046512,,REG,4
2018,REG,4,week,15,1,Deshaun Watson,QB,2120,00-0033537,Deshaun Watson,D.Watson,WAT338355,QB,QB,4,2120,2018,44824,32005741-5433-8355-e029-e49022cf4b81,Derrick,Watson,Deshaun,QB,QB,ACT,https://static.www.nfl.com/image/private/{formatInstructions}/league/dhtjbkg3d9yrse2vpans,42,29,1,69.04761904761905,71.57071428571429,-2.5230952380952374,375,2,102.77777777777777,2.82425,8.08475,7.108620689655171,-0.9761293103448283,19.152459312796285,50.92251466689366,33.49435773380347,-0.9652500000000005,2.380952380952381,,REG,4
2018,REG,4,week,15,1,Andrew Luck,QB,2200,00-0029668,Andrew Luck,A.Luck,LUC524055,QB,QB,12,2200,2018,38531,32004c55-4352-4055-1f10-c37ee3d83442,Andrew,Luck,Andrew,QB,QB,ACT,https://static.www.nfl.com/image/private/{formatInstructions}/league/ojix2ha2u58zqozaw756,62,40,0,64.51612903225806,65.6006451612903,-1.084516129032238,464,4,108.53494623655912,2.502370967741936,8.111935483870967,7.082749999999999,-1.0291854838709682,19.717137830010277,61.802020193517954,51.38145677187442,-1.0170967741935486,22.58064516129032,,REG,4
2018,REG,4,week,15,1,Blake Bortles,QB,2250,00-0031407,Blake Bortles,B.Bortles,BOR650964,QB,QB,5,2250,2018,41229,3200424f-5265-0964-4a57-fb0d82ae917e,Robby,Bortles,Blake,QB,QB,ACT,https://static.www.nfl.com/image/private/{formatInstructions}/league/qycdzdjsokwmamzwsmeq,38,29,1,76.31578947368422,71.28473684210526,5.031052631578959,388,2,114.80263157894737,2.840052631578948,5.063421052631578,4.818275862068965,-0.24514519056261275,16.917174873463804,41.85490413320762,37.21508430730743,-3.383947368421053,13.157894736842104,Jr.,REG,4
2018,REG,4,week,15,1,Patrick Mahomes,QB,2310,00-0033873,Patrick Mahomes,P.Mahomes,MAH401939,QB,QB,15,2310,2018,44822,32004d41-4840-1939-e4c1-bb89191b4e71,Patrick,Mahomes,Patrick,QB,QB,ACT,https://static.www.nfl.com/image/private/{formatInstructions}/league/ugt3pz3jk8v1cbuvj3om,45,28,0,62.22222222222222,62.01577777777778,0.20644444444444332,304,1,89.49074074074073,2.903688888888888,7.782666666666666,5.076428571428571,-2.7062380952380947,20.269995229581223,47.547502563226175,36.23370392328115,-1.306222222222222,20.0,,REG,4
2018,REG,4,week,15,1,Jared Goff,QB,2510,00-0033106,Jared Goff,J.Goff,GOF219636,QB,QB,16,2510,2018,43290,3200474f-4621-9636-7354-d2eb6365d257,Jared,Goff,Jared,QB,QB,ACT,https://static.www.nfl.com/image/private/{formatInstructions}/league/kke5xst7v1ciq1udqqyr,33,26,0,78.78787878787878,65.65060606060607,13.137272727272716,465,5,158.33333333333331,2.9632727272727273,8.376969696969697,9.19730769230769,0.8203379953379937,21.13580101217902,56.70372915426287,56.70372915426287,0.6799999999999995,12.121212121212121,,REG,4
2018,REG,4,week,15,1,Derek Carr,QB,2520,00-0031280,Derek Carr,D.Carr,CAR358797,QB,QB,4,2520,2018,41265,32004341-5235-8797-3b9a-0d2711c0bc27,Derek,Carr,Derek,QB,QB,ACT,https://static.www.nfl.com/image/private/{formatInstructions}/league/chtyn7pw8xqfpnrkd1fq,58,35,2,60.3448275862069,65.84051724137929,-5.4956896551723915,437,4,92.38505747126436,2.4398947368421053,7.594736842105265,6.254571428571429,-1.3401654135338354,19.46463684828786,60.40514713168075,39.184098815718606,-0.8438596491228063,12.068965517241379,,REG,4
2018,REG,4,week,15,1,Ryan Tannehill,QB,2700,00-0029701,Ryan Tannehill,R.Tannehill,TAN298716,QB,QB,17,2700,2018,38538,32005441-4e29-8716-6443-cc1663c47ac9,Ryan,Tannehill,Ryan,QB,QB,ACT,https://static.www.nfl.com/image/private/{formatInstructions}/league/e2b84kobkdgravu7u6qy,20,11,1,55.00000000000001,63.5975,-8.59749999999999,100,0,47.91666666666667,3.01875,10.144,3.9718181818181817,-6.172181818181818,22.566221014792845,47.4581299673723,32.048868934800176,-0.2559999999999988,15.0,,REG,4
2018,REG,4,week,15,1,Kirk Cousins,QB,3000,00-0029604,Kirk Cousins,K.Cousins,COU709400,QB,QB,8,3000,2018,38632,3200434f-5570-9400-e1ae-f835abb5963e,Kirk,Cousins,Kirk,QB,QB,ACT,https://static.www.nfl.com/image/private/{formatInstructions}/league/yoi19theqqakt4zpw9r4,50,36,0,72.0,62.682,9.317999999999998,422,3,117.25000000000001,2.85488,6.740399999999999,6.603888888888888,-0.13651111111111103,21.091469326229795,42.76723629134808,37.431572235213416,-2.4395999999999995,12.0,,REG,4
2018,REG,4,week,15,1,Tom Brady,QB,3200,00-0019596,Tom Brady,T.Brady,BRA371156,QB,QB,12,3200,2018,25511,32004252-4137-1156-7ed0-8b9e44948f13,Tom,Brady,Tom,QB,QB,ACT,https://static.www.nfl.com/image/private/{formatInstructions}/league/apkxya5ptb0zalrskshq,35,23,2,65.71428571428571,66.45685714285715,-0.7425714285714378,274,3,94.22619047619048,2.5423714285714287,7.384,4.019130434782608,-3.3648695652173926,20.222734158640154,49.21060048404206,37.99180174721909,-1.4731428571428569,14.285714285714285,Jr.,REG,4
2018,REG,4,week,15,1,Drew Brees,QB,3300,00-0020531,Drew Brees,D.Brees,BRE229498,QB,QB,9,3300,2018,26250,32004252-4522-9498-de45-55dc89e02748,Drew,Brees,Drew,QB,QB,ACT,https://static.www.nfl.com/image/private/{formatInstructions}/league/i20xlpzdmn7xubotijjd,32,18,0,56.25,61.8653125,-5.615312500000002,217,0,77.21354166666666,2.9599687499999994,7.648125000000001,4.763333333333334,-2.8847916666666675,22.69501881955706,51.34780618488,34.73301743298442,-2.1018749999999993,28.125,,REG,4
2018,REG,4,week,15,1,Eli Manning,QB,3410,00-0022803,Eli Manning,E.Manning,MAN473170,QB,QB,10,3410,2018,28953,32004d41-4e47-3170-d4e5-66f2cfc951d8,Elisha,Manning,Eli,QB,QB,ACT,https://static.www.nfl.com/image/private/{formatInstructions}/league/w51tf8uedjftbr4qpaex,41,31,0,75.60975609756098,73.01365853658538,2.5960975609755934,255,1,99.13617886178864,2.6691707317073177,6.069268292682926,3.596774193548388,-2.472494099134538,18.965904078142124,41.43617742987401,34.91327111572332,-2.906341463414634,9.75609756097561,,REG,4
2018,REG,4,week,15,1,Sam Darnold,QB,3430,00-0034869,Sam Darnold,S.Darnold,DAR466141,QB,QB,14,3430,2018,46072,32004441-5246-6141-9e5c-6e7d32a03e33,Sam,Darnold,Sam,QB,QB,ACT,https://static.www.nfl.com/image/private/{formatInstructions}/league/eq43mbsq4xhpm9sfh0yl,34,17,0,50.0,53.913823529411765,-3.913823529411765,167,1,74.01960784313727,2.7474999999999996,10.628235294117648,5.06235294117647,-5.565882352941178,23.78341275961802,60.179685941354,34.238103043247015,1.5988235294117648,17.647058823529413,,REG,4
2018,REG,4,week,15,1,Carson Wentz,QB,3700,00-0032950,Carson Wentz,C.Wentz,WEN615770,QB,QB,11,3700,2018,43291,32005745-4e61-5770-9c68-1652f876bc72,Carson,Wentz,Carson,QB,QB,ACT,https://static.www.nfl.com/image/private/{formatInstructions}/league/e0lkzdsozcwd6jwr1mju,50,33,0,66.0,65.6156,0.3843999999999994,348,2,99.41666666666666,2.5855,7.828599999999999,5.806969696969697,-2.0216303030303022,20.795967320626797,51.59511798610408,40.92141859711122,-1.9314000000000004,18.0,,REG,4
2018,REG,4,week,15,1,Josh Rosen,QB,3800,00-0034343,Josh Rosen,J.Rosen,ROS357433,QB,QB,3,3800,2018,46079,3200524f-5335-7433-3207-a02a4e884405,Joshua,Rosen,Josh,QB,QB,ACT,https://static.www.nfl.com/image/private/{formatInstructions}/league/evc67tf1tcwfwho6pmr9,27,15,0,55.55555555555556,51.39851851851853,4.157037037037028,180,1,88.50308641975309,2.906185185185185,8.933200000000001,6.580666666666667,-2.3525333333333345,21.40251500151674,41.70246635392204,34.60167770498997,-0.6268000000000008,22.22222222222222,,REG,4
2018,REG,4,week,15,1,Ben Roethlisberger,QB,3900,00-0022924,Ben Roethlisberger,B.Roethlisberger,ROE750381,QB,QB,7,3900,2018,28963,3200524f-4575-0381-afea-aa103cf4a1e3,Ben,Roethlisberger,Ben,QB,QB,ACT,https://static.www.nfl.com/image/private/{formatInstructions}/league/myft4pwoxwrxbeh1exyy,47,27,1,57.446808510638306,68.06574468085108,-10.618936170212777,274,1,72.47340425531915,2.461787234042553,6.863191489361702,4.482222222222223,-2.380969267139479,19.342544499192844,46.832058464261415,38.672907829642185,-1.3495744680851063,10.638297872340425,,REG,4
2018,REG,4,week,15,1,Philip Rivers,QB,4400,00-0022942,Philip Rivers,P.Rivers,RIV651634,QB,QB,17,4400,2018,28956,32005249-5665-1634-a192-77c9c8e6262e,Philip,Rivers,Philip,QB,QB,ACT,https://static.www.nfl.com/image/private/{formatInstructions}/league/adapxtphf15elrdudiix,39,25,1,64.1025641025641,62.1274358974359,1.9751282051282004,250,3,97.16880341880344,2.577692307692308,6.684871794871794,5.626799999999999,-1.058071794871795,20.34126531931819,54.467739075529835,35.81237355998622,-0.9561538461538459,17.94871794871795,,REG,4
2018,REG,4,week,15,1,C.J. Beathard,QB,4500,00-0033936,C.J. Beathard,C.Beathard,BEA000000,QB,QB,3,4500,2018,44916,32004245-4100-0000-1302-8b14c2a27740,Casey,Beathard,C.J.,QB,QB,ACT,https://static.www.nfl.com/image/private/{formatInstructions}/league/cxnftopynjpknelosh3j,37,23,2,62.16216216216216,62.65621621621623,-0.4940540540540681,298,2,82.9391891891892,2.5735405405405407,6.111621621621622,5.946956521739132,-0.16466509988249012,18.88093289094541,39.4326831448229,35.38953093783528,-2.1316216216216217,18.91891891891892,,REG,4
2018,REG,4,week,15,1,Russell Wilson,QB,4600,00-0029263,Russell Wilson,R.Wilson,WIL777781,QB,QB,3,4600,2018,38605,32005749-4c77-7781-795c-94c753706d1d,Russell,Wilson,Russell,QB,QB,ACT,https://static.www.nfl.com/image/private/{formatInstructions}/league/rrpzsqysodir9laitnus,26,19,0,73.07692307692307,68.7380769230769,4.338846153846163,172,0,90.5448717948718,2.8167999999999993,5.0236,3.724736842105264,-1.2988631578947363,17.5715290378446,28.709944270235003,26.50237159199154,-4.9364,7.6923076923076925,,REG,4
2018,REG,4,week,15,1,Ryan Fitzpatrick,QB,4900,00-0023682,Ryan Fitzpatrick,R.Fitzpatrick,FIT792915,QB,QB,14,4900,2018,30078,32004649-5479-2915-c998-f50119c2fdd4,Ryan,Fitzpatrick,Ryan,QB,QB,ACT,https://static.www.nfl.com/image/private/{formatInstructions}/league/joilglqul2ldsy2pfjey,18,9,1,50.0,63.07111111111111,-13.071111111111108,126,0,49.76851851851852,2.6390000000000002,10.703333333333335,7.972222222222224,-2.731111111111111,22.85733880092513,51.19074330384352,51.19074330384352,1.6477777777777785,27.77777777777778,,REG,4
2018,REG,4,week,15,1,Jameis Winston,QB,4900,00-0031503,Jameis Winston,J.Winston,WIN623708,QB,QB,3,4900,2018,42344,32005749-4e62-3708-9650-e59a3f7bea83,Jameis,Winston,Jameis,QB,QB,ACT,https://static.www.nfl.com/image/private/{formatInstructions}/league/iurpf1pdjrjfowtksptf,20,16,2,80.0,75.496,4.504000000000005,145,1,73.95833333333334,2.6974000000000005,8.969999999999999,6.8325000000000005,-2.1374999999999984,19.993356808971395,46.33953495666524,28.814456441168552,0.7700000000000002,10.0,,REG,4
2018,REG,5,week,15,1,Matt Ryan,QB,0200,00-0026143,Matt Ryan,M.Ryan,RYA238179,QB,QB,2,0200,2018,33084,32005259-4123-8179-1aae-5603693aba86,Matthew,Ryan,Matt,QB,QB,ACT,https://static.www.nfl.com/image/private/{formatInstructions}/league/nsup3rrfi8jfj8oduf1t,38,26,1,68.42105263157895,66.90078947368421,1.5202631578947319,285,1,88.15789473684211,2.6261315789473683,8.060789473684212,4.617307692307694,-3.4434817813765175,20.855860649694364,46.31404646540831,26.10197885218667,-1.4918421052631572,7.894736842105263,,REG,5
2018,REG,5,week,15,1,Joe Flacco,QB,0325,00-0026158,Joe Flacco,J.Flacco,FLA009602,QB,QB,5,0325,2018,33099,3200464c-4100-9602-96e8-665718e215c0,Joseph,Flacco,Joe,QB,QB,ACT,https://static.www.nfl.com/image/private/{formatInstructions}/league/puq0loqhg0yeuhpdtykr,56,29,1,51.78571428571429,65.19892857142857,-13.413214285714275,298,0,59.9702380952381,2.7147321428571436,7.594107142857142,3.8951724137931025,-3.6989347290640398,19.832052719943317,44.31693694288901,28.827712361545444,-1.1201785714285712,19.642857142857142,,REG,5
2018,REG,5,week,15,1,Josh Allen,QB,0610,00-0034857,Josh Allen,J.Allen,ALL529264,QB,QB,17,0610,2018,46076,3200414c-4c52-9264-bedc-c4ddaf201fe7,Joshua,Allen,Josh,QB,QB,ACT,https://static.www.nfl.com/image/private/{formatInstructions}/league/uyhjaf2okyygjyfzk8hc,19,10,1,52.63157894736842,64.66473684210527,-12.033157894736853,82,0,41.99561403508772,2.997631578947369,8.707368421052632,2.6180000000000008,-6.089368421052631,21.223845180082225,53.76077101381639,26.34611546319495,0.1284210526315792,15.789473684210526,,REG,5
2018,REG,5,week,15,1,Cam Newton,QB,0750,00-0027939,Cam Newton,C.Newton,NEW693984,QB,QB,1,0750,2018,37074,32004e45-5769-3984-c32b-2c25062be531,Cameron,Newton,Cam,QB,QB,ACT,https://static.www.nfl.com/image/private/{formatInstructions}/league/gin1atizg1ga9p0skyu0,35,21,2,60.0,63.38914285714286,-3.3891428571428577,237,2,75.53571428571429,2.5039117647058826,8.61029411764706,4.570952380952383,-4.039341736694677,22.2134829188065,47.388155693168734,31.99537779117478,-0.5955882352941169,22.857142857142858,,REG,5
2018,REG,5,week,15,1,Andy Dalton,QB,0920,00-0027973,Andy Dalton,A.Dalton,DAL659900,QB,QB,14,0920,2018,37110,32004441-4c65-9900-551d-a31a0423b3ca,Andrew,Dalton,Andy,QB,QB,ACT,https://static.www.nfl.com/image/private/{formatInstructions}/league/fex1enmwhsyid5jyue7t,30,20,1,66.66666666666666,64.05866666666665,2.608000000000004,248,1,89.30555555555556,2.7134,8.614666666666666,6.627,-1.9876666666666667,21.173600383800174,38.75488227307625,38.23836424325706,-0.05200000000000091,20.0,,REG,5
2018,REG,5,week,15,1,Baker Mayfield,QB,1050,00-0034855,Baker Mayfield,B.Mayfield,MAY483453,QB,QB,6,1050,2018,46073,32004d41-5948-3453-e6ac-1ecff99fdcf6,Baker,Mayfield,Baker,QB,QB,ACT,https://static.www.nfl.com/image/private/{formatInstructions}/league/mrajlbudbl0hcfzmrqz3,43,25,1,58.139534883720934,64.56627906976743,-6.426744186046498,342,1,81.73449612403103,2.791452380952381,8.76,6.5516000000000005,-2.2083999999999993,21.944355801955492,48.91409817220389,39.714804544401325,-1.573333333333333,11.627906976744185,,REG,5
2018,REG,5,week,15,1,Dak Prescott,QB,1200,00-0033077,Dak Prescott,D.Prescott,PRE285723,QB,QB,4,1200,2018,43424,32005052-4528-5723-d1b2-96e92ebc1241,Rayne,Prescott,Dak,QB,QB,ACT,https://static.www.nfl.com/image/private/{formatInstructions}/league/httrtiv5us06hh6asf07,29,18,2,62.06896551724138,66.37896551724138,-4.310000000000002,208,1,66.45114942528737,3.2117241379310344,8.006206896551724,4.372222222222223,-3.6339846743295015,20.583960946315973,60.99462025457656,45.32576529966152,-0.9937931034482763,24.137931034482758,,REG,5
2018,REG,5,week,15,1,Case Keenum,QB,1400,00-0028986,Case Keenum,C.Keenum,KEE690598,QB,QB,4,1400,2018,38937,32004b45-4569-0598-1a82-7cad5305e148,Casey,Keenum,Case,QB,QB,ACT,https://static.www.nfl.com/image/private/{formatInstructions}/league/qnyuz76tdcsqxn1bzse1,51,35,1,68.62745098039215,68.3558823529412,0.2715686274509608,377,2,94.97549019607843,2.566588235294118,7.1286274509803915,5.388857142857143,-1.7397703081232487,21.060965704780543,48.40152890147169,48.40152890147169,-2.0478431372549024,11.76470588235294,,REG,5
2018,REG,5,week,15,1,Matthew Stafford,QB,1540,00-0026498,Matthew Stafford,M.Stafford,STA134157,QB,QB,9,1540,2018,34452,32005354-4113-4157-19b1-37e6835d09b9,John,Stafford,Matthew,QB,QB,ACT,https://static.www.nfl.com/image/private/{formatInstructions}/league/iibglgpasx5wsrylvn2z,26,14,0,53.84615384615385,58.68307692307692,-4.836923076923071,183,2,101.92307692307692,2.539846153846154,9.23576923076923,6.324285714285713,-2.9114835164835178,22.75323726443511,49.98511478430353,40.8464955657153,-0.9949999999999997,30.76923076923077,,REG,5
2018,REG,5,week,15,1,Aaron Rodgers,QB,1800,00-0023459,Aaron Rodgers,A.Rodgers,ROD339293,QB,QB,12,1800,2018,29851,3200524f-4433-9293-a3cf-ad7758d03003,Aaron,Rodgers,Aaron,QB,QB,ACT,https://static.www.nfl.com/image/private/{formatInstructions}/league/ejjiyjumtzwxiffdhkgz,52,32,0,61.53846153846154,62.600769230769224,-1.0623076923076837,442,3,108.01282051282051,3.049903846153846,9.3925,7.80125,-1.5912500000000005,23.446748612530346,51.541738426250234,30.484456695175,0.23865384615384608,15.384615384615385,,REG,5
2018,REG,5,week,15,1,Marcus Mariota,QB,2100,00-0032268,Marcus Mariota,M.Mariota,MAR186347,QB,QB,8,2100,2018,42345,32004d41-5218-6347-2b09-64276fa61f68,Marcus,Mariota,Marcus,QB,QB,ACT,https://static.www.nfl.com/image/private/{formatInstructions}/league/qi4gui9b5gq10obus2xa,26,14,1,53.84615384615385,61.54730769230768,-7.7011538461538365,129,0,51.602564102564095,2.8341153846153846,7.428846153846153,4.379285714285715,-3.0495604395604374,19.521656144848613,43.86169171384068,31.799937106856046,-1.6865384615384609,23.076923076923077,,REG,5
2018,REG,5,week,15,1,Deshaun Watson,QB,2120,00-0033537,Deshaun Watson,D.Watson,WAT338355,QB,QB,4,2120,2018,44824,32005741-5433-8355-e029-e49022cf4b81,Derrick,Watson,Deshaun,QB,QB,ACT,https://static.www.nfl.com/image/private/{formatInstructions}/league/dhtjbkg3d9yrse2vpans,44,33,1,75.0,67.2775,7.722499999999997,375,1,98.20075757575758,3.0519090909090907,6.563181818181818,5.580303030303029,-0.9828787878787884,18.97453233618749,36.75658852505221,30.010806387033323,-1.3913636363636368,15.909090909090908,,REG,5
2018,REG,5,week,15,1,Andrew Luck,QB,2200,00-0029668,Andrew Luck,A.Luck,LUC524055,QB,QB,12,2200,2018,38531,32004c55-4352-4055-1f10-c37ee3d83442,Andrew,Luck,Andrew,QB,QB,ACT,https://static.www.nfl.com/image/private/{formatInstructions}/league/ojix2ha2u58zqozaw756,59,38,2,64.40677966101694,63.57610169491525,0.830677966101689,365,3,84.35734463276837,2.740237288135593,8.210847457627118,6.442368421052632,-1.7684790365744858,21.075241683913454,39.498117676669104,36.84596721487984,-0.1620338983050844,11.864406779661017,,REG,5
2018,REG,5,week,15,1,Blake Bortles,QB,2250,00-0031407,Blake Bortles,B.Bortles,BOR650964,QB,QB,5,2250,2018,41229,3200424f-5265-0964-4a57-fb0d82ae917e,Robby,Bortles,Blake,QB,QB,ACT,https://static.www.nfl.com/image/private/{formatInstructions}/league/qycdzdjsokwmamzwsmeq,61,33,4,54.09836065573771,61.99786885245901,-7.8995081967213,430,1,54.67896174863388,2.9059999999999997,10.158032786885247,8.06,-2.0980327868852466,20.468990323190486,46.829893230713225,46.829893230713225,1.6662295081967222,21.311475409836063,Jr.,REG,5
2018,REG,5,week,15,1,Patrick Mahomes,QB,2310,00-0033873,Patrick Mahomes,P.Mahomes,MAH401939,QB,QB,15,2310,2018,44822,32004d41-4840-1939-e4c1-bb89191b4e71,Patrick,Mahomes,Patrick,QB,QB,ACT,https://static.www.nfl.com/image/private/{formatInstructions}/league/ugt3pz3jk8v1cbuvj3om,38,22,2,57.89473684210527,59.70236842105263,-1.8076315789473654,313,0,62.71929824561404,2.8631052631578946,9.069729729729731,5.919545454545454,-3.1501842751842775,21.63924371356579,64.93504754753013,40.06243377529628,-0.092432432432432,13.157894736842104,,REG,5
2018,REG,5,week,15,1,Jared Goff,QB,2510,00-0033106,Jared Goff,J.Goff,GOF219636,QB,QB,16,2510,2018,43290,3200474f-4621-9636-7354-d2eb6365d257,Jared,Goff,Jared,QB,QB,ACT,https://static.www.nfl.com/image/private/{formatInstructions}/league/kke5xst7v1ciq1udqqyr,32,23,2,71.875,71.4184375,0.456562500000004,321,1,88.15104166666666,3.0391875,8.427499999999998,5.884782608695652,-2.542717391304347,21.00719484621877,57.777788119657195,34.727535184634114,-0.3849999999999999,21.875,,REG,5
2018,REG,5,week,15,1,Derek Carr,QB,2520,00-0031280,Derek Carr,D.Carr,CAR358797,QB,QB,4,2520,2018,41265,32004341-5235-8797-3b9a-0d2711c0bc27,Derek,Carr,Derek,QB,QB,ACT,https://static.www.nfl.com/image/private/{formatInstructions}/league/chtyn7pw8xqfpnrkd1fq,33,24,1,72.72727272727273,65.8851515151515,6.842121212121228,268,1,94.00252525252526,2.9427419354838706,7.533870967741935,5.965,-1.568870967741935,18.15279791544579,44.010301066909335,33.133555498919826,-0.6274193548387096,12.121212121212121,,REG,5
2018,REG,5,week,15,1,Ryan Tannehill,QB,2700,00-0029701,Ryan Tannehill,R.Tannehill,TAN298716,QB,QB,17,2700,2018,38538,32005441-4e29-8716-6443-cc1663c47ac9,Ryan,Tannehill,Ryan,QB,QB,ACT,https://static.www.nfl.com/image/private/{formatInstructions}/league/e2b84kobkdgravu7u6qy,35,20,2,57.14285714285714,60.62885714285714,-3.486000000000004,185,1,57.44047619047619,2.766294117647059,5.913235294117648,2.858499999999999,-3.054735294117649,19.78173256183001,51.57253241794512,36.999525672635315,-3.322058823529412,14.285714285714285,,REG,5
2018,REG,5,week,15,1,Kirk Cousins,QB,3000,00-0029604,Kirk Cousins,K.Cousins,COU709400,QB,QB,8,3000,2018,38632,3200434f-5570-9400-e1ae-f835abb5963e,Kirk,Cousins,Kirk,QB,QB,ACT,https://static.www.nfl.com/image/private/{formatInstructions}/league/yoi19theqqakt4zpw9r4,37,30,0,81.08108108108108,67.64270270270269,13.438378378378388,301,1,109.57207207207207,2.5761621621621615,5.531351351351351,4.395333333333334,-1.1360180180180164,20.43585680708249,50.596223179205786,41.38410322817205,-1.9010810810810812,10.81081081081081,,REG,5
2018,REG,5,week,15,1,Tom Brady,QB,3200,00-0019596,Tom Brady,T.Brady,BRA371156,QB,QB,12,3200,2018,25511,32004252-4137-1156-7ed0-8b9e44948f13,Tom,Brady,Tom,QB,QB,ACT,https://static.www.nfl.com/image/private/{formatInstructions}/league/apkxya5ptb0zalrskshq,44,34,2,77.27272727272727,77.3756818181818,-0.10295454545453708,341,3,102.55681818181819,2.493522727272727,6.060454545454546,4.790588235294119,-1.2698663101604275,18.49483892312156,48.03542546912642,46.887032322381,-2.939545454545454,2.272727272727273,Jr.,REG,5
2018,REG,5,week,15,1,Drew Brees,QB,3300,00-0020531,Drew Brees,D.Brees,BRE229498,QB,QB,9,3300,2018,26250,32004252-4522-9498-de45-55dc89e02748,Drew,Brees,Drew,QB,QB,ACT,https://static.www.nfl.com/image/private/{formatInstructions}/league/i20xlpzdmn7xubotijjd,29,26,0,89.65517241379311,75.07137931034484,14.583793103448272,363,3,153.23275862068965,2.4174137931034476,5.846206896551724,6.247307692307692,0.40110079575596824,20.110515089993708,42.08357636893518,42.08357636893518,-3.1193103448275865,10.344827586206897,,REG,5
2018,REG,5,week,15,1,Eli Manning,QB,3410,00-0022803,Eli Manning,E.Manning,MAN473170,QB,QB,10,3410,2018,28953,32004d41-4e47-3170-d4e5-66f2cfc951d8,Elisha,Manning,Eli,QB,QB,ACT,https://static.www.nfl.com/image/private/{formatInstructions}/league/w51tf8uedjftbr4qpaex,36,22,2,61.111111111111114,61.049722222222215,0.06138888888889937,326,2,86.1111111111111,2.7240833333333336,10.678611111111111,9.840454545454545,-0.8381565656565666,22.231688781390087,43.48874452085275,43.48874452085275,1.2619444444444443,22.22222222222222,,REG,5
2018,REG,5,week,15,1,Sam Darnold,QB,3430,00-0034869,Sam Darnold,S.Darnold,DAR466141,QB,QB,14,3430,2018,46072,32004441-5246-6141-9e5c-6e7d32a03e33,Sam,Darnold,Sam,QB,QB,ACT,https://static.www.nfl.com/image/private/{formatInstructions}/league/eq43mbsq4xhpm9sfh0yl,22,10,1,45.45454545454545,59.760000000000005,-14.305454545454552,198,3,98.1060606060606,2.586272727272727,10.404545454545454,12.072,1.6674545454545449,25.12262063682621,54.12780801030095,54.12780801030095,1.268181818181818,22.727272727272727,,REG,5
2018,REG,5,week,15,1,Carson Wentz,QB,3700,00-0032950,Carson Wentz,C.Wentz,WEN615770,QB,QB,11,3700,2018,43291,32005745-4e61-5770-9c68-1652f876bc72,Carson,Wentz,Carson,QB,QB,ACT,https://static.www.nfl.com/image/private/{formatInstructions}/league/e0lkzdsozcwd6jwr1mju,35,24,0,68.57142857142857,59.78257142857143,8.78885714285714,311,2,115.29761904761904,2.809941176470588,8.928529411764703,7.669999999999999,-1.2585294117647043,22.890677708610742,54.98367212182177,54.98367212182177,-0.542058823529412,2.857142857142857,,REG,5
2018,REG,5,week,15,1,Josh Rosen,QB,3800,00-0034343,Josh Rosen,J.Rosen,ROS357433,QB,QB,3,3800,2018,46079,3200524f-5335-7433-3207-a02a4e884405,Joshua,Rosen,Josh,QB,QB,ACT,https://static.www.nfl.com/image/private/{formatInstructions}/league/evc67tf1tcwfwho6pmr9,25,10,0,40.0,57.9036,-17.903599999999997,170,1,77.08333333333334,2.624083333333333,11.276666666666666,9.108,-2.168666666666665,23.34452963131394,58.62328888760848,58.62328888760848,1.2766666666666673,16.0,,REG,5
2018,REG,5,week,15,1,Ben Roethlisberger,QB,3900,00-0022924,Ben Roethlisberger,B.Roethlisberger,ROE750381,QB,QB,7,3900,2018,28963,3200524f-4575-0381-afea-aa103cf4a1e3,Ben,Roethlisberger,Ben,QB,QB,ACT,https://static.www.nfl.com/image/private/{formatInstructions}/league/myft4pwoxwrxbeh1exyy,29,19,1,65.51724137931035,62.95896551724138,2.5582758620689674,250,3,112.71551724137932,2.6086206896551722,8.908275862068965,6.713684210526316,-2.194591651542649,21.388174826200807,53.152983923764815,51.63242779494298,0.115172413793104,24.137931034482758,,REG,5
2018,REG,5,week,15,1,Philip Rivers,QB,4400,00-0022942,Philip Rivers,P.Rivers,RIV651634,QB,QB,17,4400,2018,28956,32005249-5665-1634-a192-77c9c8e6262e,Philip,Rivers,Philip,QB,QB,ACT,https://static.www.nfl.com/image/private/{formatInstructions}/league/adapxtphf15elrdudiix,27,22,0,81.48148148148148,70.34370370370371,11.137777777777771,339,2,143.44135802469137,2.7907407407407407,6.742592592592593,6.146818181818182,-0.5957744107744105,19.3920552412195,57.14835518192978,47.40319082087196,-3.3685185185185182,11.11111111111111,,REG,5
2018,REG,5,week,15,1,C.J. Beathard,QB,4500,00-0033936,C.J. Beathard,C.Beathard,BEA000000,QB,QB,3,4500,2018,44916,32004245-4100-0000-1302-8b14c2a27740,Casey,Beathard,C.J.,QB,QB,ACT,https://static.www.nfl.com/image/private/{formatInstructions}/league/cxnftopynjpknelosh3j,54,34,2,62.96296296296296,72.99703703703703,-10.03407407407407,349,2,78.39506172839506,2.4954259259259257,4.906851851851853,2.849705882352941,-2.0571459694989116,18.161724945884792,43.53254529659391,29.37209560109732,-4.778333333333332,12.962962962962962,,REG,5
2018,REG,5,week,15,1,Russell Wilson,QB,4600,00-0029263,Russell Wilson,R.Wilson,WIL777781,QB,QB,3,4600,2018,38605,32005749-4c77-7781-795c-94c753706d1d,Russell,Wilson,Russell,QB,QB,ACT,https://static.www.nfl.com/image/private/{formatInstructions}/league/rrpzsqysodir9laitnus,21,13,0,61.904761904761905,59.410952380952374,2.4938095238095315,198,3,132.53968253968253,3.551238095238095,10.7845,11.209999999999999,0.42549999999999955,22.11761274246536,51.70163343647858,51.70163343647858,1.2344999999999993,4.761904761904762,,REG,5
2018,REG,5,week,15,1,Alex Smith,QB,5110,00-0023436,Alex Smith,A.Smith,SMI031126,QB,QB,11,5110,2018,29819,3200534d-4903-1126-6414-eeba5603cc44,Alexander,Smith,Alex,QB,QB,ACT,https://static.www.nfl.com/image/private/{formatInstructions}/league/dpa5d1a8jj6jdymocjkx,39,23,1,58.97435897435898,64.45282051282052,-5.478461538461545,275,0,69.92521367521368,2.921794871794872,8.595384615384614,6.303043478260871,-2.292341137123743,21.656754443788895,43.60530701646303,39.21755346780316,0.36461538461538395,17.94871794871795,,REG,5
2018,REG,6,week,15,1,Matt Ryan,QB,0200,00-0026143,Matt Ryan,M.Ryan,RYA238179,QB,QB,2,0200,2018,33084,32005259-4123-8179-1aae-5603693aba86,Matthew,Ryan,Matt,QB,QB,ACT,https://static.www.nfl.com/image/private/{formatInstructions}/league/nsup3rrfi8jfj8oduf1t,41,31,0,75.60975609756098,66.83609756097562,8.773658536585359,355,3,125.5589430894309,2.578707317073171,9.453902439024391,7.079032258064516,-2.374870180959875,22.187401656883445,57.02904961508652,37.659689324262885,-0.25341463414634197,24.390243902439025,,REG,6
2018,REG,6,week,15,1,Joe Flacco,QB,0325,00-0026158,Joe Flacco,J.Flacco,FLA009602,QB,QB,5,0325,2018,33099,3200464c-4100-9602-96e8-665718e215c0,Joseph,Flacco,Joe,QB,QB,ACT,https://static.www.nfl.com/image/private/{formatInstructions}/league/puq0loqhg0yeuhpdtykr,37,25,1,67.56756756756756,63.86081081081082,3.7067567567567465,238,1,82.9391891891892,2.5634594594594593,9.122162162162162,6.263999999999999,-2.858162162162163,23.227901955846086,47.85355681660456,40.58877800574932,-0.6886486486486489,16.216216216216218,,REG,6
2018,REG,6,week,15,1,Josh Allen,QB,0610,00-0034857,Josh Allen,J.Allen,ALL529264,QB,QB,17,0610,2018,46076,3200414c-4c52-9264-bedc-c4ddaf201fe7,Joshua,Allen,Josh,QB,QB,ACT,https://static.www.nfl.com/image/private/{formatInstructions}/league/uyhjaf2okyygjyfzk8hc,17,10,0,58.82352941176471,72.54529411764705,-13.721764705882336,84,0,71.69117647058823,2.971764705882353,7.246470588235293,3.605999999999998,-3.640470588235295,19.43234676453904,49.27402967081138,32.895022419812996,-1.0476470588235305,5.88235294117647,,REG,6
2018,REG,6,week,15,1,Cam Newton,QB,0750,00-0027939,Cam Newton,C.Newton,NEW693984,QB,QB,1,0750,2018,37074,32004e45-5769-3984-c32b-2c25062be531,Cameron,Newton,Cam,QB,QB,ACT,https://static.www.nfl.com/image/private/{formatInstructions}/league/gin1atizg1ga9p0skyu0,40,27,1,67.5,58.43125,9.068750000000001,275,2,93.22916666666666,2.939725,8.285499999999999,5.969259259259259,-2.3162407407407404,24.374134271191245,49.008812472860434,39.27605504630016,-0.4644999999999998,20.0,,REG,6
2018,REG,6,week,15,1,Mitchell Trubisky,QB,0810,00-0033869,Mitchell Trubisky,M.Trubisky,TRU215336,QB,QB,10,0810,2018,44814,32005452-5521-5336-8519-c8cb45ea9b74,Mitchell,Trubisky,Mitchell,QB,QB,ACT,https://static.www.nfl.com/image/private/{formatInstructions}/league/yxl8earcwsagar5mbjfi,31,22,1,70.96774193548387,65.30032258064516,5.667419354838714,316,3,122.51344086021507,2.8515483870967744,10.358709677419355,7.293636363636364,-3.0650733137829915,23.630529142525425,54.322486136037625,54.322486136037625,1.132903225806451,9.67741935483871,,REG,6
2018,REG,6,week,15,1,Andy Dalton,QB,0920,00-0027973,Andy Dalton,A.Dalton,DAL659900,QB,QB,14,0920,2018,37110,32004441-4c65-9900-551d-a31a0423b3ca,Andrew,Dalton,Andy,QB,QB,ACT,https://static.www.nfl.com/image/private/{formatInstructions}/league/fex1enmwhsyid5jyue7t,42,26,0,61.904761904761905,58.700714285714284,3.2040476190476213,229,2,92.26190476190476,2.3960238095238098,9.362439024390245,6.894230769230769,-2.4682082551594755,21.826108511043486,51.040482952260554,30.41288049494819,0.33804878048780496,26.190476190476193,,REG,6
2018,REG,6,week,15,1,Baker Mayfield,QB,1050,00-0034855,Baker Mayfield,B.Mayfield,MAY483453,QB,QB,6,1050,2018,46073,32004d41-5948-3453-e6ac-1ecff99fdcf6,Baker,Mayfield,Baker,QB,QB,ACT,https://static.www.nfl.com/image/private/{formatInstructions}/league/mrajlbudbl0hcfzmrqz3,46,22,2,47.82608695652174,57.2541304347826,-9.42804347826086,238,1,52.62681159420289,2.915543478260869,10.015434782608693,5.605,-4.410434782608693,22.324993329722155,53.1391682283417,37.56767360377802,2.189347826086956,26.08695652173913,,REG,6
2018,REG,6,week,15,1,Dak Prescott,QB,1200,00-0033077,Dak Prescott,D.Prescott,PRE285723,QB,QB,4,1200,2018,43424,32005052-4528-5723-d1b2-96e92ebc1241,Rayne,Prescott,Dak,QB,QB,ACT,https://static.www.nfl.com/image/private/{formatInstructions}/league/httrtiv5us06hh6asf07,27,17,0,62.96296296296296,63.69333333333332,-0.730370370370359,183,2,107.48456790123457,3.0812962962962964,9.612222222222224,7.1658823529411775,-2.4463398692810463,21.98294479282727,43.65401814266357,35.029326285271324,1.0196296296296306,18.51851851851852,,REG,6
2018,REG,6,week,15,1,Case Keenum,QB,1400,00-0028986,Case Keenum,C.Keenum,KEE690598,QB,QB,4,1400,2018,38937,32004b45-4569-0598-1a82-7cad5305e148,Casey,Keenum,Case,QB,QB,ACT,https://static.www.nfl.com/image/private/{formatInstructions}/league/qnyuz76tdcsqxn1bzse1,41,25,1,60.97560975609756,63.12170731707316,-2.1460975609755977,322,2,91.71747967479675,2.5459756097560975,8.5690243902439,7.6991999999999985,-0.8698243902439016,21.319525193361137,54.15193440681506,54.15193440681506,-0.4309756097560983,12.195121951219512,,REG,6
2018,REG,6,week,15,1,Aaron Rodgers,QB,1800,00-0023459,Aaron Rodgers,A.Rodgers,ROD339293,QB,QB,12,1800,2018,29851,3200524f-4433-9293-a3cf-ad7758d03003,Aaron,Rodgers,Aaron,QB,QB,ACT,https://static.www.nfl.com/image/private/{formatInstructions}/league/ejjiyjumtzwxiffdhkgz,46,25,0,54.347826086956516,59.43804347826086,-5.090217391304343,425,2,100.36231884057972,2.6828666666666665,8.803333333333335,8.119200000000003,-0.6841333333333317,23.665265829504122,42.98545102706263,38.117148371828655,-1.2188888888888878,10.869565217391305,,REG,6
2018,REG,6,week,15,1,Marcus Mariota,QB,2100,00-0032268,Marcus Mariota,M.Mariota,MAR186347,QB,QB,8,2100,2018,42345,32004d41-5218-6347-2b09-64276fa61f68,Marcus,Mariota,Marcus,QB,QB,ACT,https://static.www.nfl.com/image/private/{formatInstructions}/league/qi4gui9b5gq10obus2xa,15,10,0,66.66666666666666,61.77333333333333,4.893333333333324,117,0,90.13888888888889,2.7115333333333336,11.025333333333332,6.56,-4.465333333333333,23.249367052973106,52.93493742321795,30.702654608355928,0.9586666666666663,13.333333333333334,,REG,6
2018,REG,6,week,15,1,Deshaun Watson,QB,2120,00-0033537,Deshaun Watson,D.Watson,WAT338355,QB,QB,4,2120,2018,44824,32005741-5433-8355-e029-e49022cf4b81,Derrick,Watson,Deshaun,QB,QB,ACT,https://static.www.nfl.com/image/private/{formatInstructions}/league/dhtjbkg3d9yrse2vpans,25,15,2,60.0,60.92759999999999,-0.9275999999999911,177,1,61.583333333333336,2.8745600000000002,8.036800000000001,4.998666666666668,-3.0381333333333336,19.04027741850858,53.212541754740485,34.99949856783665,-1.883199999999999,16.0,,REG,6
2018,REG,6,week,15,1,Andrew Luck,QB,2200,00-0029668,Andrew Luck,A.Luck,LUC524055,QB,QB,12,2200,2018,38531,32004c55-4352-4055-1f10-c37ee3d83442,Andrew,Luck,Andrew,QB,QB,ACT,https://static.www.nfl.com/image/private/{formatInstructions}/league/ojix2ha2u58zqozaw756,43,23,3,53.48837209302325,65.4653488372093,-11.976976744186054,301,4,77.76162790697674,2.7130930232558135,9.084418604651162,8.61608695652174,-0.4683316481294231,21.25188625716767,48.49720198114526,36.49378714247125,0.24720930232558128,16.27906976744186,,REG,6
2018,REG,6,week,15,1,Blake Bortles,QB,2250,00-0031407,Blake Bortles,B.Bortles,BOR650964,QB,QB,5,2250,2018,41229,3200424f-5265-0964-4a57-fb0d82ae917e,Robby,Bortles,Blake,QB,QB,ACT,https://static.www.nfl.com/image/private/{formatInstructions}/league/qycdzdjsokwmamzwsmeq,26,15,1,57.692307692307686,57.7873076923077,-0.09500000000001307,149,1,70.83333333333334,3.033923076923078,7.898846153846154,5.458,-2.440846153846154,19.03387663415088,40.177670415294116,36.788851572181485,0.24499999999999963,26.923076923076923,Jr.,REG,6
2018,REG,6,week,15,1,Patrick Mahomes,QB,2310,00-0033873,Patrick Mahomes,P.Mahomes,MAH401939,QB,QB,15,2310,2018,44822,32004d41-4840-1939-e4c1-bb89191b4e71,Patrick,Mahomes,Patrick,QB,QB,ACT,https://static.www.nfl.com/image/private/{formatInstructions}/league/ugt3pz3jk8v1cbuvj3om,36,23,2,63.888888888888886,67.07833333333332,-3.189444444444433,352,4,109.9537037037037,2.9913888888888898,8.636666666666668,7.018695652173915,-1.6179710144927535,21.29194947866595,42.79157043156981,42.79157043156981,0.16444444444444606,2.7777777777777777,,REG,6
2018,REG,6,week,15,1,Jared Goff,QB,2510,00-0033106,Jared Goff,J.Goff,GOF219636,QB,QB,16,2510,2018,43290,3200474f-4621-9636-7354-d2eb6365d257,Jared,Goff,Jared,QB,QB,ACT,https://static.www.nfl.com/image/private/{formatInstructions}/league/kke5xst7v1ciq1udqqyr,28,14,1,50.0,59.9625,-9.962499999999999,201,0,58.779761904761905,2.8178214285714285,8.84607142857143,6.337857142857144,-2.508214285714285,21.723756065364434,55.05343313545487,43.24168821866232,-0.43964285714285645,21.428571428571427,,REG,6
2018,REG,6,week,15,1,Derek Carr,QB,2520,00-0031280,Derek Carr,D.Carr,CAR358797,QB,QB,4,2520,2018,41265,32004341-5235-8797-3b9a-0d2711c0bc27,Derek,Carr,Derek,QB,QB,ACT,https://static.www.nfl.com/image/private/{formatInstructions}/league/chtyn7pw8xqfpnrkd1fq,31,23,0,74.19354838709677,77.1341935483871,-2.940645161290334,142,0,82.99731182795699,2.734451612903226,2.680000000000001,0.1186956521739143,-2.561304347826087,15.464678066830505,53.808944423766576,22.24496572260789,-6.5780645161290305,3.225806451612903,,REG,6
2018,REG,6,week,15,1,Brock Osweiler,QB,2700,00-0029682,Brock Osweiler,B.Osweiler,OSW479182,QB,QB,8,2700,2018,38587,32004f53-5747-9182-4702-268a68436507,Brock,Osweiler,Brock,QB,QB,ACT,https://static.www.nfl.com/image/private/{formatInstructions}/league/pwkmtgeitdi79qtumb2x,44,28,2,63.63636363636363,68.41659090909093,-4.780227272727295,380,3,94.88636363636363,2.6255348837209302,6.336279069767443,3.4278571428571425,-2.9084219269103,19.114618965940977,49.432242514375176,32.56408604582661,-2.0358139534883724,4.545454545454546,,REG,6
2018,REG,6,week,15,1,Kirk Cousins,QB,3000,00-0029604,Kirk Cousins,K.Cousins,COU709400,QB,QB,8,3000,2018,38632,3200434f-5570-9400-e1ae-f835abb5963e,Kirk,Cousins,Kirk,QB,QB,ACT,https://static.www.nfl.com/image/private/{formatInstructions}/league/yoi19theqqakt4zpw9r4,34,24,1,70.58823529411765,66.76294117647059,3.8252941176470614,233,1,87.00980392156863,2.7100303030303032,5.863333333333333,5.97125,0.1079166666666671,18.110637064862747,36.069168274303195,36.069168274303195,-2.50030303030303,2.941176470588235,,REG,6
2018,REG,6,week,15,1,Tom Brady,QB,3200,00-0019596,Tom Brady,T.Brady,BRA371156,QB,QB,12,3200,2018,25511,32004252-4137-1156-7ed0-8b9e44948f13,Tom,Brady,Tom,QB,QB,ACT,https://static.www.nfl.com/image/private/{formatInstructions}/league/apkxya5ptb0zalrskshq,35,24,0,68.57142857142857,61.84657142857143,6.7248571428571395,340,1,109.22619047619047,2.501342857142857,8.955428571428572,6.2274999999999965,-2.727928571428575,22.437225714421306,49.899188370152885,49.899188370152885,0.9268571428571426,20.0,Jr.,REG,6
2018,REG,6,week,15,1,Eli Manning,QB,3410,00-0022803,Eli Manning,E.Manning,MAN473170,QB,QB,10,3410,2018,28953,32004d41-4e47-3170-d4e5-66f2cfc951d8,Elisha,Manning,Eli,QB,QB,ACT,https://static.www.nfl.com/image/private/{formatInstructions}/league/w51tf8uedjftbr4qpaex,43,24,1,55.81395348837209,66.31837209302326,-10.504418604651164,281,0,66.13372093023257,2.443139534883721,5.7834883720930215,2.4316666666666675,-3.351821705426354,19.629238610089434,45.21172635500662,43.580625282343064,-3.44906976744186,23.25581395348837,,REG,6
2018,REG,6,week,15,1,Sam Darnold,QB,3430,00-0034869,Sam Darnold,S.Darnold,DAR466141,QB,QB,14,3430,2018,46072,32004441-5246-6141-9e5c-6e7d32a03e33,Sam,Darnold,Sam,QB,QB,ACT,https://static.www.nfl.com/image/private/{formatInstructions}/league/eq43mbsq4xhpm9sfh0yl,30,24,1,80.0,73.37799999999999,6.622000000000014,280,2,113.8888888888889,2.5041724137931034,7.142068965517242,5.7075000000000005,-1.4345689655172418,20.44568159560114,42.160888273374894,33.707063058059504,-0.9958620689655165,13.333333333333334,,REG,6
2018,REG,6,week,15,1,Carson Wentz,QB,3700,00-0032950,Carson Wentz,C.Wentz,WEN615770,QB,QB,11,3700,2018,43291,32005745-4e61-5770-9c68-1652f876bc72,Carson,Wentz,Carson,QB,QB,ACT,https://static.www.nfl.com/image/private/{formatInstructions}/league/e0lkzdsozcwd6jwr1mju,36,26,0,72.22222222222221,66.27222222222223,5.949999999999989,278,3,122.22222222222223,2.717833333333333,6.570277777777778,5.288846153846153,-1.281431623931625,19.1444066800557,40.532961895227935,40.532961895227935,-1.9852777777777781,11.11111111111111,,REG,6
2018,REG,6,week,15,1,Josh Rosen,QB,3800,00-0034343,Josh Rosen,J.Rosen,ROS357433,QB,QB,3,3800,2018,46079,3200524f-5335-7433-3207-a02a4e884405,Joshua,Rosen,Josh,QB,QB,ACT,https://static.www.nfl.com/image/private/{formatInstructions}/league/evc67tf1tcwfwho6pmr9,31,21,1,67.74193548387096,61.504838709677415,6.237096774193546,240,0,77.3521505376344,2.3623225806451615,7.074516129032258,6.140952380952381,-0.9335637480798766,19.964668198759806,49.439201045324346,45.677731992733605,-1.9254838709677413,29.03225806451613,,REG,6
2018,REG,6,week,15,1,Ben Roethlisberger,QB,3900,00-0022924,Ben Roethlisberger,B.Roethlisberger,ROE750381,QB,QB,7,3900,2018,28963,3200524f-4575-0381-afea-aa103cf4a1e3,Ben,Roethlisberger,Ben,QB,QB,ACT,https://static.www.nfl.com/image/private/{formatInstructions}/league/myft4pwoxwrxbeh1exyy,46,32,0,69.56521739130434,67.19739130434782,2.3678260869565264,369,1,100.72463768115942,2.8506304347826084,8.066304347826087,4.205937500000001,-3.8603668478260857,19.518459818192838,51.59464507097612,40.977780564593786,-0.7815217391304339,19.565217391304348,,REG,6
2018,REG,6,week,15,1,Philip Rivers,QB,4400,00-0022942,Philip Rivers,P.Rivers,RIV651634,QB,QB,17,4400,2018,28956,32005249-5665-1634-a192-77c9c8e6262e,Philip,Rivers,Philip,QB,QB,ACT,https://static.www.nfl.com/image/private/{formatInstructions}/league/adapxtphf15elrdudiix,20,11,1,55.00000000000001,61.44499999999999,-6.444999999999986,207,2,103.54166666666667,2.6008500000000003,11.8535,13.954545454545455,2.1010454545454547,23.516351547035157,55.34068033553617,55.34068033553617,1.5035000000000003,30.0,,REG,6
2018,REG,6,week,15,1,C.J. Beathard,QB,4500,00-0033936,C.J. Beathard,C.Beathard,BEA000000,QB,QB,3,4500,2018,44916,32004245-4100-0000-1302-8b14c2a27740,Casey,Beathard,C.J.,QB,QB,ACT,https://static.www.nfl.com/image/private/{formatInstructions}/league/cxnftopynjpknelosh3j,23,16,1,69.56521739130434,70.05478260869566,-0.4895652173913163,245,2,115.30797101449275,2.496347826086957,7.701739130434781,7.751875,0.05013586956521898,20.855389139778417,48.55542194235367,48.55542194235367,1.006086956521739,8.695652173913043,,REG,6
2018,REG,6,week,15,1,Russell Wilson,QB,4600,00-0029263,Russell Wilson,R.Wilson,WIL777781,QB,QB,3,4600,2018,38605,32005749-4c77-7781-795c-94c753706d1d,Russell,Wilson,Russell,QB,QB,ACT,https://static.www.nfl.com/image/private/{formatInstructions}/league/rrpzsqysodir9laitnus,23,17,1,73.91304347826086,65.78086956521739,8.132173913043474,222,3,125.36231884057972,2.798434782608696,10.19391304347826,8.308823529411764,-1.885089514066495,22.618767900863418,64.5129831894325,48.834795996297565,0.9765217391304352,21.73913043478261,,REG,6
2018,REG,6,week,15,1,Jameis Winston,QB,4900,00-0031503,Jameis Winston,J.Winston,WIN623708,QB,QB,3,4900,2018,42344,32005749-4e62-3708-9650-e59a3f7bea83,Jameis,Winston,Jameis,QB,QB,ACT,https://static.www.nfl.com/image/private/{formatInstructions}/league/iurpf1pdjrjfowtksptf,41,30,2,73.17073170731707,57.237560975609746,15.933170731707328,395,4,115.39634146341464,2.5646750000000003,11.443000000000001,8.545666666666667,-2.897333333333334,23.14300594385688,58.33903067415501,33.71018243795189,3.2430000000000008,21.951219512195124,,REG,6
2018,REG,6,week,15,1,Alex Smith,QB,5110,00-0023436,Alex Smith,A.Smith,SMI031126,QB,QB,11,5110,2018,29819,3200534d-4903-1126-6414-eeba5603cc44,Alexander,Smith,Alex,QB,QB,ACT,https://static.www.nfl.com/image/private/{formatInstructions}/league/dpa5d1a8jj6jdymocjkx,36,21,0,58.333333333333336,58.09055555555555,0.24277777777778908,163,2,88.07870370370371,2.8074166666666667,7.5611428571428565,6.038095238095237,-1.5230476190476194,20.288440637575405,48.830344049576375,32.28694163280257,-0.5245714285714286,16.666666666666664,,REG,6
2018,REG,7,week,15,1,Matt Ryan,QB,0200,00-0026143,Matt Ryan,M.Ryan,RYA238179,QB,QB,2,0200,2018,33084,32005259-4123-8179-1aae-5603693aba86,Matthew,Ryan,Matt,QB,QB,ACT,https://static.www.nfl.com/image/private/{formatInstructions}/league/nsup3rrfi8jfj8oduf1t,39,31,0,79.48717948717949,69.03128205128206,10.455897435897427,379,1,115.70512820512819,2.6013333333333337,7.424102564102566,6.989677419354841,-0.434425144747725,20.689050957719505,54.893239110112646,54.893239110112646,-2.7810256410256398,7.6923076923076925,,REG,7
2018,REG,7,week,15,1,Joe Flacco,QB,0325,00-0026158,Joe Flacco,J.Flacco,FLA009602,QB,QB,5,0325,2018,33099,3200464c-4100-9602-96e8-665718e215c0,Joseph,Flacco,Joe,QB,QB,ACT,https://static.www.nfl.com/image/private/{formatInstructions}/league/puq0loqhg0yeuhpdtykr,39,23,0,58.97435897435898,64.47297297297297,-5.49861399861399,279,2,98.13034188034187,3.069564102564102,8.04,6.996086956521737,-1.0439130434782617,21.91655841328013,36.9992567492916,36.9992567492916,0.3821052631578939,15.384615384615385,,REG,7
2018,REG,7,week,15,1,Derek Anderson,QB,0610,00-0023645,Derek Anderson,D.Anderson,AND180512,QB,QB,3,0610,2018,30041,3200414e-4418-0512-e961-a2958bd3bdd9,Derek,Anderson,Derek,QB,QB,ACT,https://static.www.nfl.com/image/private/{formatInstructions}/league/w191gsxivnqgdwgydka6,31,20,3,64.51612903225806,69.32322580645162,-4.807096774193553,175,0,39.78494623655914,2.5886129032258065,6.216451612903225,6.061,-0.1554516129032253,17.725270613555413,36.55205192598632,36.55205192598632,-2.977096774193549,6.451612903225806,,REG,7
2018,REG,7,week,15,1,Cam Newton,QB,0750,00-0027939,Cam Newton,C.Newton,NEW693984,QB,QB,1,0750,2018,37074,32004e45-5769-3984-c32b-2c25062be531,Cameron,Newton,Cam,QB,QB,ACT,https://static.www.nfl.com/image/private/{formatInstructions}/league/gin1atizg1ga9p0skyu0,39,25,0,64.1025641025641,62.31564102564102,1.786923076923081,269,2,101.33547008547008,2.5575897435897437,7.458717948717949,5.1876,-2.271117948717949,21.01391773009695,38.59484551076737,38.59484551076737,-1.0028205128205125,17.94871794871795,,REG,7
2018,REG,7,week,15,1,Mitchell Trubisky,QB,0810,00-0033869,Mitchell Trubisky,M.Trubisky,TRU215336,QB,QB,10,0810,2018,44814,32005452-5521-5336-8519-c8cb45ea9b74,Mitchell,Trubisky,Mitchell,QB,QB,ACT,https://static.www.nfl.com/image/private/{formatInstructions}/league/yxl8earcwsagar5mbjfi,50,26,2,52.0,58.857000000000006,-6.857000000000006,333,2,69.83333333333334,2.995551020408163,11.644081632653062,8.009615384615385,-3.6344662480376773,24.49503493020814,60.7021449373908,60.7021449373908,3.1746938775510203,24.0,,REG,7
2018,REG,7,week,15,1,Andy Dalton,QB,0920,00-0027973,Andy Dalton,A.Dalton,DAL659900,QB,QB,14,0920,2018,37110,32004441-4c65-9900-551d-a31a0423b3ca,Andrew,Dalton,Andy,QB,QB,ACT,https://static.www.nfl.com/image/private/{formatInstructions}/league/fex1enmwhsyid5jyue7t,29,15,1,51.724137931034484,57.315862068965515,-5.591724137931031,148,1,63.57758620689656,2.526379310344827,8.260344827586207,5.156000000000001,-3.104344827586207,21.646458677712946,47.001098923323056,33.083754321418844,-0.08448275862068963,13.793103448275861,,REG,7
2018,REG,7,week,15,1,Baker Mayfield,QB,1050,00-0034855,Baker Mayfield,B.Mayfield,MAY483453,QB,QB,6,1050,2018,46073,32004d41-5948-3453-e6ac-1ecff99fdcf6,Baker,Mayfield,Baker,QB,QB,ACT,https://static.www.nfl.com/image/private/{formatInstructions}/league/mrajlbudbl0hcfzmrqz3,34,23,0,67.64705882352942,63.561176470588244,4.0858823529411765,215,2,104.41176470588236,2.6950588235294117,8.29,5.5147826086956515,-2.7752173913043476,21.975087496925955,39.272863404646216,34.924447024970924,-2.2100000000000013,17.647058823529413,,REG,7
2018,REG,7,week,15,1,Dak Prescott,QB,1200,00-0033077,Dak Prescott,D.Prescott,PRE285723,QB,QB,4,1200,2018,43424,32005052-4528-5723-d1b2-96e92ebc1241,Rayne,Prescott,Dak,QB,QB,ACT,https://static.www.nfl.com/image/private/{formatInstructions}/league/httrtiv5us06hh6asf07,35,22,0,62.857142857142854,56.711428571428556,6.145714285714298,273,1,96.48809523809523,3.0922000000000005,10.384,8.431363636363637,-1.9526363636363637,23.30981099557771,53.327423526737164,44.91053885225605,0.5840000000000005,28.57142857142857,,REG,7
2018,REG,7,week,15,1,Case Keenum,QB,1400,00-0028986,Case Keenum,C.Keenum,KEE690598,QB,QB,4,1400,2018,38937,32004b45-4569-0598-1a82-7cad5305e148,Casey,Keenum,Case,QB,QB,ACT,https://static.www.nfl.com/image/private/{formatInstructions}/league/qnyuz76tdcsqxn1bzse1,21,14,1,66.66666666666666,56.72333333333333,9.943333333333328,161,1,85.61507936507937,3.0745714285714287,7.2780000000000005,5.356428571428572,-1.9215714285714283,20.272068973181753,55.2887294120601,55.2887294120601,-0.9719999999999995,4.761904761904762,,REG,7
2018,REG,7,week,15,1,Matthew Stafford,QB,1540,00-0026498,Matthew Stafford,M.Stafford,STA134157,QB,QB,9,1540,2018,34452,32005354-4113-4157-19b1-37e6835d09b9,John,Stafford,Matthew,QB,QB,ACT,https://static.www.nfl.com/image/private/{formatInstructions}/league/iibglgpasx5wsrylvn2z,22,18,0,81.81818181818183,68.75090909090909,13.067272727272737,217,2,138.06818181818184,2.2744545454545455,5.961363636363637,5.427222222222223,-0.5341414141414136,20.499417901062987,37.38401931307012,37.38401931307012,-3.7659090909090907,13.636363636363635,,REG,7
2018,REG,7,week,15,1,Marcus Mariota,QB,2100,00-0032268,Marcus Mariota,M.Mariota,MAR186347,QB,QB,8,2100,2018,42345,32004d41-5218-6347-2b09-64276fa61f68,Marcus,Mariota,Marcus,QB,QB,ACT,https://static.www.nfl.com/image/private/{formatInstructions}/league/qi4gui9b5gq10obus2xa,32,24,1,75.0,73.85531250000001,1.1446874999999892,237,1,92.83854166666666,2.2845625000000003,4.857187499999999,3.9495833333333326,-0.9076041666666668,15.357403239579343,31.436210013295188,31.436210013295188,-2.7990625000000007,12.5,,REG,7
2018,REG,7,week,15,1,Deshaun Watson,QB,2120,00-0033537,Deshaun Watson,D.Watson,WAT338355,QB,QB,4,2120,2018,44824,32005741-5433-8355-e029-e49022cf4b81,Derrick,Watson,Deshaun,QB,QB,ACT,https://static.www.nfl.com/image/private/{formatInstructions}/league/dhtjbkg3d9yrse2vpans,24,12,0,50.0,57.50374999999999,-7.5037499999999895,139,1,81.77083333333334,3.0697916666666667,9.190000000000003,7.4425,-1.7475000000000032,23.628325835658146,59.41082813763834,36.581047005245765,0.02333333333333269,20.833333333333336,,REG,7
2018,REG,7,week,15,1,Andrew Luck,QB,2200,00-0029668,Andrew Luck,A.Luck,LUC524055,QB,QB,12,2200,2018,38531,32004c55-4352-4055-1f10-c37ee3d83442,Andrew,Luck,Andrew,QB,QB,ACT,https://static.www.nfl.com/image/private/{formatInstructions}/league/ojix2ha2u58zqozaw756,23,17,0,73.91304347826086,71.17565217391304,2.737391304347824,156,4,131.52173913043478,2.9601304347826094,4.63304347826087,3.7758823529411765,-0.8571611253196934,17.210963204464452,29.017086345806675,28.450028119494014,-3.845217391304348,8.695652173913043,,REG,7
2018,REG,7,week,15,1,Cody Kessler,QB,2250,00-0033104,Cody Kessler,C.Kessler,KES701662,QB,QB,6,2250,2018,43382,32004b45-5370-1662-8570-5095ed4b0b10,Cody,Kessler,Cody,QB,QB,ACT,https://static.www.nfl.com/image/private/{formatInstructions}/league/gkvutiyutml2atftmu09,30,21,1,70.0,70.43433333333333,-0.4343333333333277,156,1,79.30555555555556,2.7472000000000003,5.4275,4.5876190476190475,-0.8398809523809527,18.04687419870863,32.635828471175664,30.072638726922523,-3.1439285714285705,6.666666666666667,,REG,7
2018,REG,7,week,15,1,Patrick Mahomes,QB,2310,00-0033873,Patrick Mahomes,P.Mahomes,MAH401939,QB,QB,15,2310,2018,44822,32004d41-4840-1939-e4c1-bb89191b4e71,Patrick,Mahomes,Patrick,QB,QB,ACT,https://static.www.nfl.com/image/private/{formatInstructions}/league/ugt3pz3jk8v1cbuvj3om,39,28,1,71.7948717948718,66.71102564102564,5.083846153846153,358,4,123.66452991452992,2.825666666666667,8.602820512820513,5.442857142857142,-3.1599633699633705,20.39758858667655,48.76776086719587,42.392272880797506,-0.42282051282051253,2.564102564102564,,REG,7
2018,REG,7,week,15,1,Jared Goff,QB,2510,00-0033106,Jared Goff,J.Goff,GOF219636,QB,QB,16,2510,2018,43290,3200474f-4621-9636-7354-d2eb6365d257,Jared,Goff,Jared,QB,QB,ACT,https://static.www.nfl.com/image/private/{formatInstructions}/league/kke5xst7v1ciq1udqqyr,24,18,0,75.0,71.28625000000001,3.7137499999999903,202,2,127.43055555555556,2.8772083333333325,9.105416666666665,7.361111111111111,-1.7443055555555542,21.50798446178118,57.62379803518681,38.6808647783371,0.7304166666666658,12.5,,REG,7
2018,REG,7,week,15,1,Brock Osweiler,QB,2700,00-0029682,Brock Osweiler,B.Osweiler,OSW479182,QB,QB,8,2700,2018,38587,32004f53-5747-9182-4702-268a68436507,Brock,Osweiler,Brock,QB,QB,ACT,https://static.www.nfl.com/image/private/{formatInstructions}/league/pwkmtgeitdi79qtumb2x,31,22,0,70.96774193548387,59.20387096774192,11.763870967741951,239,2,114.85215053763443,2.9659677419354837,10.021935483870966,7.370454545454544,-2.6514809384164213,22.42160908756907,56.550694071779525,34.820022975293966,1.3445161290322578,6.451612903225806,,REG,7
2018,REG,7,week,15,1,Kirk Cousins,QB,3000,00-0029604,Kirk Cousins,K.Cousins,COU709400,QB,QB,8,3000,2018,38632,3200434f-5570-9400-e1ae-f835abb5963e,Kirk,Cousins,Kirk,QB,QB,ACT,https://static.www.nfl.com/image/private/{formatInstructions}/league/yoi19theqqakt4zpw9r4,40,25,0,62.5,60.90699999999999,1.5930000000000106,241,2,95.9375,2.6080249999999996,11.2875,6.765599999999999,-4.5219000000000005,23.677286485643155,53.528456917792795,51.75708743737421,2.2124999999999995,15.0,,REG,7
2018,REG,7,week,15,1,Tom Brady,QB,3200,00-0019596,Tom Brady,T.Brady,BRA371156,QB,QB,12,3200,2018,25511,32004252-4137-1156-7ed0-8b9e44948f13,Tom,Brady,Tom,QB,QB,ACT,https://static.www.nfl.com/image/private/{formatInstructions}/league/apkxya5ptb0zalrskshq,36,25,1,69.44444444444444,69.30944444444444,0.13500000000000512,277,3,108.21759259259258,2.557111111111111,6.236388888888889,5.3288,-0.9075888888888892,19.48420949533832,43.26581213845407,33.92892718610478,-0.18027777777777843,16.666666666666664,Jr.,REG,7
2018,REG,7,week,15,1,Drew Brees,QB,3300,00-0020531,Drew Brees,D.Brees,BRE229498,QB,QB,9,3300,2018,26250,32004252-4522-9498-de45-55dc89e02748,Drew,Brees,Drew,QB,QB,ACT,https://static.www.nfl.com/image/private/{formatInstructions}/league/i20xlpzdmn7xubotijjd,30,22,0,73.33333333333333,64.05033333333333,9.283000000000001,212,2,114.8611111111111,2.6438,6.902,6.57590909090909,-0.3260909090909099,20.49014682234853,40.40524965892427,40.40524965892427,-1.1313333333333337,20.0,,REG,7
2018,REG,7,week,15,1,Eli Manning,QB,3410,00-0022803,Eli Manning,E.Manning,MAN473170,QB,QB,10,3410,2018,28953,32004d41-4e47-3170-d4e5-66f2cfc951d8,Elisha,Manning,Eli,QB,QB,ACT,https://static.www.nfl.com/image/private/{formatInstructions}/league/w51tf8uedjftbr4qpaex,38,27,0,71.05263157894737,64.39815789473685,6.654473684210515,399,1,113.81578947368422,2.632631578947368,7.273947368421052,6.59074074074074,-0.6832066276803115,20.587361882737422,47.852189082632364,47.852189082632364,-2.1207894736842112,18.421052631578945,,REG,7
2018,REG,7,week,15,1,Sam Darnold,QB,3430,00-0034869,Sam Darnold,S.Darnold,DAR466141,QB,QB,14,3430,2018,46072,32004441-5246-6141-9e5c-6e7d32a03e33,Sam,Darnold,Sam,QB,QB,ACT,https://static.www.nfl.com/image/private/{formatInstructions}/league/eq43mbsq4xhpm9sfh0yl,42,17,3,40.476190476190474,61.79880952380953,-21.322619047619057,206,1,34.42460317460318,2.6591904761904765,11.075476190476191,5.064705882352941,-6.01077030812325,24.83618584530238,60.788344277501096,38.77243479587012,1.075476190476191,26.190476190476193,,REG,7
2018,REG,7,week,15,1,Carson Wentz,QB,3700,00-0032950,Carson Wentz,C.Wentz,WEN615770,QB,QB,11,3700,2018,43291,32005745-4e61-5770-9c68-1652f876bc72,Carson,Wentz,Carson,QB,QB,ACT,https://static.www.nfl.com/image/private/{formatInstructions}/league/e0lkzdsozcwd6jwr1mju,37,30,0,81.08108108108108,64.37054054054056,16.71054054054052,310,2,119.59459459459458,2.400621621621622,7.638108108108108,5.697666666666667,-1.9404414414414415,20.243143794033788,43.17248313451521,40.32914578812698,-1.821351351351351,21.62162162162162,,REG,7
2018,REG,7,week,15,1,Josh Rosen,QB,3800,00-0034343,Josh Rosen,J.Rosen,ROS357433,QB,QB,3,3800,2018,46079,3200524f-5335-7433-3207-a02a4e884405,Joshua,Rosen,Josh,QB,QB,ACT,https://static.www.nfl.com/image/private/{formatInstructions}/league/evc67tf1tcwfwho6pmr9,39,21,3,53.84615384615385,56.29205128205127,-2.4458974358974217,194,1,44.177350427350426,2.392974358974359,8.100769230769231,5.643809523809523,-2.456959706959708,21.450870338527174,47.73727788636466,27.628275371437866,-0.6941025641025648,17.94871794871795,,REG,7
2018,REG,7,week,15,1,Philip Rivers,QB,4400,00-0022942,Philip Rivers,P.Rivers,RIV651634,QB,QB,17,4400,2018,28956,32005249-5665-1634-a192-77c9c8e6262e,Philip,Rivers,Philip,QB,QB,ACT,https://static.www.nfl.com/image/private/{formatInstructions}/league/adapxtphf15elrdudiix,26,19,0,73.07692307692307,59.446923076923085,13.629999999999981,306,2,137.6602564102564,2.822076923076923,8.83730769230769,8.387894736842103,-0.44941295546558635,22.18239086513959,48.19034965633679,48.19034965633679,0.7219230769230762,23.076923076923077,,REG,7
2018,REG,7,week,15,1,C.J. Beathard,QB,4500,00-0033936,C.J. Beathard,C.Beathard,BEA000000,QB,QB,3,4500,2018,44916,32004245-4100-0000-1302-8b14c2a27740,Casey,Beathard,C.J.,QB,QB,ACT,https://static.www.nfl.com/image/private/{formatInstructions}/league/cxnftopynjpknelosh3j,27,15,2,55.55555555555556,63.63333333333334,-8.077777777777783,170,1,56.09567901234568,2.7350740740740735,8.935555555555554,4.622666666666665,-4.31288888888889,20.945169543630854,45.993184277673144,29.681081516683307,-1.4348148148148152,22.22222222222222,,REG,7
2018,REG,7,week,15,1,Jameis Winston,QB,4900,00-0031503,Jameis Winston,J.Winston,WIN623708,QB,QB,3,4900,2018,42344,32005749-4e62-3708-9650-e59a3f7bea83,Jameis,Winston,Jameis,QB,QB,ACT,https://static.www.nfl.com/image/private/{formatInstructions}/league/iurpf1pdjrjfowtksptf,52,32,2,61.53846153846154,63.35961538461539,-1.8211538461538481,365,0,66.58653846153845,2.550576923076923,9.782115384615384,8.14625,-1.6358653846153839,22.154945471217868,48.19939418706422,33.976204908729876,-0.42942307692307663,25.0,,REG,7
2018,REG,7,week,15,1,Alex Smith,QB,5110,00-0023436,Alex Smith,A.Smith,SMI031126,QB,QB,11,5110,2018,29819,3200534d-4903-1126-6414-eeba5603cc44,Alexander,Smith,Alex,QB,QB,ACT,https://static.www.nfl.com/image/private/{formatInstructions}/league/dpa5d1a8jj6jdymocjkx,25,14,0,56.00000000000001,60.281600000000005,-4.281599999999997,178,1,91.75,3.0243599999999997,11.387199999999998,6.757142857142858,-4.63005714285714,22.92871554694594,54.05102496715488,33.04400248153967,1.1471999999999996,24.0,,REG,7
2018,REG,8,week,15,1,Joe Flacco,QB,0325,00-0026158,Joe Flacco,J.Flacco,FLA009602,QB,QB,5,0325,2018,33099,3200464c-4100-9602-96e8-665718e215c0,Joseph,Flacco,Joe,QB,QB,ACT,https://static.www.nfl.com/image/private/{formatInstructions}/league/puq0loqhg0yeuhpdtykr,39,22,2,56.41025641025641,60.14076923076923,-3.7305128205128213,192,1,56.784188034188034,2.604820512820513,9.233846153846153,4.366363636363636,-4.867482517482517,21.547572778582524,54.556184800625495,36.73423743593979,0.6953846153846152,12.82051282051282,,REG,8
2018,REG,8,week,15,1,Derek Anderson,QB,0610,00-0023645,Derek Anderson,D.Anderson,AND180512,QB,QB,3,0610,2018,30041,3200414e-4418-0512-e961-a2958bd3bdd9,Derek,Anderson,Derek,QB,QB,ACT,https://static.www.nfl.com/image/private/{formatInstructions}/league/w191gsxivnqgdwgydka6,39,22,1,56.41025641025641,55.72538461538462,0.6848717948717891,290,0,69.39102564102564,2.6627435897435894,10.772307692307692,7.19909090909091,-3.5732167832167816,24.093556595829135,45.19542012195483,45.19542012195483,1.1056410256410256,25.64102564102564,,REG,8
2018,REG,8,week,15,1,Cam Newton,QB,0750,00-0027939,Cam Newton,C.Newton,NEW693984,QB,QB,1,0750,2018,37074,32004e45-5769-3984-c32b-2c25062be531,Cameron,Newton,Cam,QB,QB,ACT,https://static.www.nfl.com/image/private/{formatInstructions}/league/gin1atizg1ga9p0skyu0,29,21,0,72.41379310344827,61.65172413793104,10.76206896551723,219,2,116.88218390804599,2.864896551724138,6.008620689655173,6.56904761904762,0.5604269293924471,21.0642848277815,36.666019691261816,36.666019691261816,-1.8534482758620685,17.24137931034483,,REG,8
2018,REG,8,week,15,1,Mitchell Trubisky,QB,0810,00-0033869,Mitchell Trubisky,M.Trubisky,TRU215336,QB,QB,10,0810,2018,44814,32005452-5521-5336-8519-c8cb45ea9b74,Mitchell,Trubisky,Mitchell,QB,QB,ACT,https://static.www.nfl.com/image/private/{formatInstructions}/league/yxl8earcwsagar5mbjfi,29,16,0,55.172413793103445,62.949999999999996,-7.777586206896551,220,2,102.6580459770115,2.5923103448275864,9.565172413793103,6.720000000000001,-2.8451724137931027,23.343999674591405,55.85913085610982,30.085021189954315,1.3582758620689654,20.689655172413794,,REG,8
2018,REG,8,week,15,1,Andy Dalton,QB,0920,00-0027973,Andy Dalton,A.Dalton,DAL659900,QB,QB,14,0920,2018,37110,32004441-4c65-9900-551d-a31a0423b3ca,Andrew,Dalton,Andy,QB,QB,ACT,https://static.www.nfl.com/image/private/{formatInstructions}/league/fex1enmwhsyid5jyue7t,34,21,0,61.76470588235294,55.13088235294118,6.633823529411764,280,2,107.47549019607843,2.940939393939394,9.624545454545455,8.489523809523808,-1.1350216450216468,22.336158284170153,50.0944807339092,38.837595188167874,0.9881818181818179,14.705882352941178,,REG,8
2018,REG,8,week,15,1,Baker Mayfield,QB,1050,00-0034855,Baker Mayfield,B.Mayfield,MAY483453,QB,QB,6,1050,2018,46073,32004d41-5948-3453-e6ac-1ecff99fdcf6,Baker,Mayfield,Baker,QB,QB,ACT,https://static.www.nfl.com/image/private/{formatInstructions}/league/mrajlbudbl0hcfzmrqz3,36,22,1,61.111111111111114,57.75888888888888,3.352222222222231,180,2,80.78703703703704,2.6307500000000004,7.598571428571428,3.2468181818181816,-4.351753246753246,22.237571213371265,46.007555901177795,34.0085239315087,-1.544285714285715,19.444444444444446,,REG,8
2018,REG,8,week,15,1,Case Keenum,QB,1400,00-0028986,Case Keenum,C.Keenum,KEE690598,QB,QB,4,1400,2018,38937,32004b45-4569-0598-1a82-7cad5305e148,Casey,Keenum,Case,QB,QB,ACT,https://static.www.nfl.com/image/private/{formatInstructions}/league/qnyuz76tdcsqxn1bzse1,34,23,1,67.64705882352942,60.062352941176464,7.5847058823529565,262,2,97.91666666666666,2.8609999999999998,9.593529411764708,6.695652173913045,-2.897877237851663,22.94166815298323,51.95587743460791,49.86185114894954,0.3288235294117655,20.588235294117645,,REG,8
2018,REG,8,week,15,1,Matthew Stafford,QB,1540,00-0026498,Matthew Stafford,M.Stafford,STA134157,QB,QB,9,1540,2018,34452,32005354-4113-4157-19b1-37e6835d09b9,John,Stafford,Matthew,QB,QB,ACT,https://static.www.nfl.com/image/private/{formatInstructions}/league/iibglgpasx5wsrylvn2z,40,27,1,67.5,65.6755,1.8245000000000005,310,2,96.875,2.777,6.788205128205129,5.431481481481482,-1.3567236467236468,19.925968391946263,53.40323960210653,53.40323960210653,-1.2887179487179488,17.5,,REG,8
2018,REG,8,week,15,1,Aaron Rodgers,QB,1800,00-0023459,Aaron Rodgers,A.Rodgers,ROD339293,QB,QB,12,1800,2018,29851,3200524f-4433-9293-a3cf-ad7758d03003,Aaron,Rodgers,Aaron,QB,QB,ACT,https://static.www.nfl.com/image/private/{formatInstructions}/league/ejjiyjumtzwxiffdhkgz,30,18,0,60.0,57.910666666666664,2.089333333333336,286,1,102.91666666666666,2.5711999999999997,8.054333333333334,8.768333333333333,0.7139999999999986,24.448479455883255,44.30149884597586,44.30149884597586,-0.01233333333333301,26.666666666666668,,REG,8
2018,REG,8,week,15,1,Deshaun Watson,QB,2120,00-0033537,Deshaun Watson,D.Watson,WAT338355,QB,QB,4,2120,2018,44824,32005741-5433-8355-e029-e49022cf4b81,Derrick,Watson,Deshaun,QB,QB,ACT,https://static.www.nfl.com/image/private/{formatInstructions}/league/dhtjbkg3d9yrse2vpans,20,16,0,80.0,72.51999999999998,7.480000000000018,239,5,156.04166666666669,3.5978499999999998,9.0915,8.693125,-0.3983749999999997,21.402061108007654,53.67368256417664,53.67368256417664,0.4415000000000009,10.0,,REG,8
2018,REG,8,week,15,1,Andrew Luck,QB,2200,00-0029668,Andrew Luck,A.Luck,LUC524055,QB,QB,12,2200,2018,38531,32004c55-4352-4055-1f10-c37ee3d83442,Andrew,Luck,Andrew,QB,QB,ACT,https://static.www.nfl.com/image/private/{formatInstructions}/league/ojix2ha2u58zqozaw756,31,22,0,70.96774193548387,66.7,4.267741935483869,239,3,125.60483870967742,2.65258064516129,7.681612903225806,6.958181818181819,-0.7234310850439867,19.52155609725971,40.346786736988115,40.346786736988115,-0.06032258064516167,16.129032258064516,,REG,8
2018,REG,8,week,15,1,Blake Bortles,QB,2250,00-0031407,Blake Bortles,B.Bortles,BOR650964,QB,QB,5,2250,2018,41229,3200424f-5265-0964-4a57-fb0d82ae917e,Robby,Bortles,Blake,QB,QB,ACT,https://static.www.nfl.com/image/private/{formatInstructions}/league/qycdzdjsokwmamzwsmeq,41,24,0,58.536585365853654,71.27390243902441,-12.737317073170757,286,1,88.05894308943088,2.776829268292683,6.860731707317074,6.21,-0.6507317073170737,17.29742973212759,48.39969008165238,41.372083583015254,-1.2856097560975606,12.195121951219512,Jr.,REG,8
2018,REG,8,week,15,1,Patrick Mahomes,QB,2310,00-0033873,Patrick Mahomes,P.Mahomes,MAH401939,QB,QB,15,2310,2018,44822,32004d41-4840-1939-e4c1-bb89191b4e71,Patrick,Mahomes,Patrick,QB,QB,ACT,https://static.www.nfl.com/image/private/{formatInstructions}/league/ugt3pz3jk8v1cbuvj3om,34,24,1,70.58823529411765,59.79852941176471,10.78970588235294,303,4,125.00000000000003,2.9191764705882353,6.619696969696969,5.426666666666666,-1.1930303030303033,17.991364870421396,34.35224737917448,29.157369565857618,-2.8045454545454547,17.647058823529413,,REG,8
2018,REG,8,week,15,1,Jared Goff,QB,2510,00-0033106,Jared Goff,J.Goff,GOF219636,QB,QB,16,2510,2018,43290,3200474f-4621-9636-7354-d2eb6365d257,Jared,Goff,Jared,QB,QB,ACT,https://static.www.nfl.com/image/private/{formatInstructions}/league/kke5xst7v1ciq1udqqyr,35,19,0,54.285714285714285,52.45742857142856,1.8282857142857267,295,3,111.01190476190477,3.153914285714286,10.941142857142859,9.153157894736841,-1.7879849624060178,22.438318255852145,58.709318681108876,42.015701826817086,2.826857142857143,17.142857142857142,,REG,8
2018,REG,8,week,15,1,Derek Carr,QB,2520,00-0031280,Derek Carr,D.Carr,CAR358797,QB,QB,4,2520,2018,41265,32004341-5235-8797-3b9a-0d2711c0bc27,Derek,Carr,Derek,QB,QB,ACT,https://static.www.nfl.com/image/private/{formatInstructions}/league/chtyn7pw8xqfpnrkd1fq,28,21,0,75.0,73.01464285714286,1.98535714285714,244,3,136.60714285714286,2.8055,7.009285714285714,5.8338095238095224,-1.175476190476192,18.99868118810269,38.77845406923798,33.624110397154,-1.2407142857142865,10.714285714285714,,REG,8
2018,REG,8,week,15,1,Brock Osweiler,QB,2700,00-0029682,Brock Osweiler,B.Osweiler,OSW479182,QB,QB,8,2700,2018,38587,32004f53-5747-9182-4702-268a68436507,Brock,Osweiler,Brock,QB,QB,ACT,https://static.www.nfl.com/image/private/{formatInstructions}/league/pwkmtgeitdi79qtumb2x,37,21,1,56.75675675675676,60.1572972972973,-3.40054054054054,241,0,65.259009009009,2.901945945945946,10.102972972972973,6.42238095238095,-3.680592020592023,21.341004972197418,45.78010921786885,45.78010921786885,2.102972972972972,10.81081081081081,,REG,8
2018,REG,8,week,15,1,Kirk Cousins,QB,3000,00-0029604,Kirk Cousins,K.Cousins,COU709400,QB,QB,8,3000,2018,38632,3200434f-5570-9400-e1ae-f835abb5963e,Kirk,Cousins,Kirk,QB,QB,ACT,https://static.www.nfl.com/image/private/{formatInstructions}/league/yoi19theqqakt4zpw9r4,41,31,1,75.60975609756098,62.745609756097565,12.86414634146341,359,2,107.67276422764229,2.6079250000000003,7.540749999999997,7.145161290322581,-0.39558870967741644,20.07597965197266,47.33920362659262,39.413726035481595,-0.5842500000000006,17.073170731707318,,REG,8
2018,REG,8,week,15,1,Tom Brady,QB,3200,00-0019596,Tom Brady,T.Brady,BRA371156,QB,QB,12,3200,2018,25511,32004252-4137-1156-7ed0-8b9e44948f13,Tom,Brady,Tom,QB,QB,ACT,https://static.www.nfl.com/image/private/{formatInstructions}/league/apkxya5ptb0zalrskshq,45,29,0,64.44444444444444,66.40688888888889,-1.9624444444444435,324,0,85.78703703703704,2.7963636363636364,7.545681818181818,6.2365517241379305,-1.309130094043888,21.231964011125868,52.98219512251262,34.80866127848068,-1.6588636363636367,8.88888888888889,Jr.,REG,8
2018,REG,8,week,15,1,Drew Brees,QB,3300,00-0020531,Drew Brees,D.Brees,BRE229498,QB,QB,9,3300,2018,26250,32004252-4522-9498-de45-55dc89e02748,Drew,Brees,Drew,QB,QB,ACT,https://static.www.nfl.com/image/private/{formatInstructions}/league/i20xlpzdmn7xubotijjd,23,18,1,78.26086956521739,76.95913043478262,1.3017391304347683,120,1,84.78260869565219,2.645434782608696,2.1460869565217386,2.133333333333333,-0.012753623188405783,16.95747269212621,31.621013582742723,31.621013582742723,-5.984347826086956,8.695652173913043,,REG,8
2018,REG,8,week,15,1,Eli Manning,QB,3410,00-0022803,Eli Manning,E.Manning,MAN473170,QB,QB,10,3410,2018,28953,32004d41-4e47-3170-d4e5-66f2cfc951d8,Elisha,Manning,Eli,QB,QB,ACT,https://static.www.nfl.com/image/private/{formatInstructions}/league/w51tf8uedjftbr4qpaex,47,30,2,63.829787234042556,69.49936170212764,-5.669574468085088,316,1,72.65070921985816,2.543630434782609,6.805869565217392,4.888000000000001,-1.9178695652173916,19.472331386827644,55.42572056365167,55.42572056365167,-2.8680434782608693,14.893617021276595,,REG,8
2018,REG,8,week,15,1,Sam Darnold,QB,3430,00-0034869,Sam Darnold,S.Darnold,DAR466141,QB,QB,14,3430,2018,46072,32004441-5246-6141-9e5c-6e7d32a03e33,Sam,Darnold,Sam,QB,QB,ACT,https://static.www.nfl.com/image/private/{formatInstructions}/league/eq43mbsq4xhpm9sfh0yl,29,14,0,48.275862068965516,47.26482758620689,1.0110344827586246,153,1,75.79022988505747,3.0505517241379314,7.938965517241378,7.112857142857143,-0.8261083743842352,20.077881523408603,38.91049472828635,38.371271805870606,-1.8886206896551732,27.586206896551722,,REG,8
2018,REG,8,week,15,1,Carson Wentz,QB,3700,00-0032950,Carson Wentz,C.Wentz,WEN615770,QB,QB,11,3700,2018,43291,32005745-4e61-5770-9c68-1652f876bc72,Carson,Wentz,Carson,QB,QB,ACT,https://static.www.nfl.com/image/private/{formatInstructions}/league/e0lkzdsozcwd6jwr1mju,30,21,1,70.0,61.211000000000006,8.788999999999994,286,3,119.58333333333331,2.800666666666667,8.32633333333333,5.536190476190474,-2.7901428571428566,21.586653863302384,46.60482593036905,34.451150924170875,-0.2070000000000005,26.666666666666668,,REG,8
2018,REG,8,week,15,1,Josh Rosen,QB,3800,00-0034343,Josh Rosen,J.Rosen,ROS357433,QB,QB,3,3800,2018,46079,3200524f-5335-7433-3207-a02a4e884405,Joshua,Rosen,Josh,QB,QB,ACT,https://static.www.nfl.com/image/private/{formatInstructions}/league/evc67tf1tcwfwho6pmr9,40,23,1,57.49999999999999,56.048750000000005,1.4512499999999875,252,2,82.49999999999999,2.6891249999999993,7.623000000000002,6.34695652173913,-1.2760434782608723,20.444023253167323,43.31634449027296,38.60446865325309,-1.4020000000000006,12.5,,REG,8
2018,REG,8,week,15,1,Ben Roethlisberger,QB,3900,00-0022924,Ben Roethlisberger,B.Roethlisberger,ROE750381,QB,QB,7,3900,2018,28963,3200524f-4575-0381-afea-aa103cf4a1e3,Ben,Roethlisberger,Ben,QB,QB,ACT,https://static.www.nfl.com/image/private/{formatInstructions}/league/myft4pwoxwrxbeh1exyy,36,24,1,66.66666666666666,61.806666666666665,4.859999999999992,257,2,94.32870370370371,2.3666944444444447,7.382499999999999,5.00375,-2.3787499999999993,21.027187652424843,59.28813118997765,44.1697962413231,-1.5063888888888894,19.444444444444446,,REG,8
2018,REG,8,week,15,1,C.J. Beathard,QB,4500,00-0033936,C.J. Beathard,C.Beathard,BEA000000,QB,QB,3,4500,2018,44916,32004245-4100-0000-1302-8b14c2a27740,Casey,Beathard,C.J.,QB,QB,ACT,https://static.www.nfl.com/image/private/{formatInstructions}/league/cxnftopynjpknelosh3j,28,14,0,50.0,65.40285714285714,-15.402857142857144,190,1,83.92857142857143,2.8610357142857152,8.600357142857144,5.984999999999999,-2.6153571428571443,21.624161760153463,53.60633171557255,38.64343799405017,-1.3282142857142862,10.714285714285714,,REG,8
2018,REG,8,week,15,1,Russell Wilson,QB,4600,00-0029263,Russell Wilson,R.Wilson,WIL777781,QB,QB,3,4600,2018,38605,32005749-4c77-7781-795c-94c753706d1d,Russell,Wilson,Russell,QB,QB,ACT,https://static.www.nfl.com/image/private/{formatInstructions}/league/rrpzsqysodir9laitnus,17,14,0,82.35294117647058,53.81058823529411,28.542352941176468,248,3,158.33333333333331,3.5349411764705887,11.866470588235291,13.287142857142856,1.4206722689075644,26.625143738555582,45.95653816379123,45.95653816379123,3.748823529411763,23.52941176470588,,REG,8
2018,REG,8,week,15,1,Ryan Fitzpatrick,QB,4900,00-0023682,Ryan Fitzpatrick,R.Fitzpatrick,FIT792915,QB,QB,14,4900,2018,30078,32004649-5479-2915-c998-f50119c2fdd4,Ryan,Fitzpatrick,Ryan,QB,QB,ACT,https://static.www.nfl.com/image/private/{formatInstructions}/league/joilglqul2ldsy2pfjey,15,11,0,73.33333333333333,61.25066666666667,12.082666666666661,194,2,154.8611111111111,2.906466666666667,12.31133333333333,11.316363636363635,-0.9949696969696955,25.94142210146532,48.28168389772668,47.836626135211496,4.044666666666667,20.0,,REG,8
2018,REG,8,week,15,1,Jameis Winston,QB,4900,00-0031503,Jameis Winston,J.Winston,WIN623708,QB,QB,3,4900,2018,42344,32005749-4e62-3708-9650-e59a3f7bea83,Jameis,Winston,Jameis,QB,QB,ACT,https://static.www.nfl.com/image/private/{formatInstructions}/league/iurpf1pdjrjfowtksptf,35,18,4,51.42857142857142,59.11371428571428,-7.685142857142857,276,1,47.73809523809523,2.916,13.163714285714287,10.695000000000002,-2.4687142857142845,24.37820558608237,55.92721162368101,52.98643033834229,4.078,20.0,,REG,8
2018,REG,8,week,15,1,Alex Smith,QB,5110,00-0023436,Alex Smith,A.Smith,SMI031126,QB,QB,11,5110,2018,29819,3200534d-4903-1126-6414-eeba5603cc44,Alexander,Smith,Alex,QB,QB,ACT,https://static.www.nfl.com/image/private/{formatInstructions}/league/dpa5d1a8jj6jdymocjkx,32,20,0,62.5,65.49625,-2.9962500000000034,178,1,87.76041666666666,2.6804374999999996,7.1371875,3.6710000000000003,-3.4661874999999993,18.34074920773556,50.838387071188635,29.60412471261395,-0.5190624999999995,15.625,,REG,8
2018,REG,9,week,15,1,Matt Ryan,QB,0200,00-0026143,Matt Ryan,M.Ryan,RYA238179,QB,QB,2,0200,2018,33084,32005259-4123-8179-1aae-5603693aba86,Matthew,Ryan,Matt,QB,QB,ACT,https://static.www.nfl.com/image/private/{formatInstructions}/league/nsup3rrfi8jfj8oduf1t,38,26,1,68.42105263157895,64.9107894736842,3.510263157894741,350,4,121.60087719298247,2.5488947368421044,6.045263157894736,4.379615384615385,-1.6656477732793507,18.825629152372407,37.29201657191523,28.27042624369148,-3.24421052631579,23.684210526315788,,REG,9
2018,REG,9,week,15,1,Joe Flacco,QB,0325,00-0026158,Joe Flacco,J.Flacco,FLA009602,QB,QB,5,0325,2018,33099,3200464c-4100-9602-96e8-665718e215c0,Joseph,Flacco,Joe,QB,QB,ACT,https://static.www.nfl.com/image/private/{formatInstructions}/league/puq0loqhg0yeuhpdtykr,37,23,0,62.16216216216216,65.98756756756757,-3.825405405405405,206,0,77.08333333333334,2.5374864864864866,7.556756756756758,5.160434782608696,-2.396321974148062,21.76953469610081,51.65189735140424,31.590761307698806,-2.308108108108108,13.513513513513514,,REG,9
2018,REG,9,week,15,1,Nathan Peterman,QB,0610,00-0033958,Nathan Peterman,N.Peterman,PET071806,QB,QB,2,0610,2018,44984,32005045-5407-1806-8416-0c28f3e38ba0,Nathan,Peterman,Nathan,QB,QB,ACT,https://static.www.nfl.com/image/private/{formatInstructions}/league/eixg0gbbzejn3c14lsz4,49,31,3,63.26530612244898,67.9287755102041,-4.663469387755121,188,0,45.280612244897966,2.7795102040816326,5.323469387755103,2.483225806451613,-2.84024358130349,19.836266617182517,49.39464444653894,29.914454700027537,-4.492857142857142,16.3265306122449,,REG,9
2018,REG,9,week,15,1,Cam Newton,QB,0750,00-0027939,Cam Newton,C.Newton,NEW693984,QB,QB,1,0750,2018,37074,32004e45-5769-3984-c32b-2c25062be531,Cameron,Newton,Cam,QB,QB,ACT,https://static.www.nfl.com/image/private/{formatInstructions}/league/gin1atizg1ga9p0skyu0,25,19,0,76.0,64.3544,11.645600000000002,247,2,133.25000000000003,2.4536800000000003,6.862000000000003,6.043157894736843,-0.81884210526316,19.024870497562503,35.11587959883677,30.77489398844454,-1.098,24.0,,REG,9
2018,REG,9,week,15,1,Mitchell Trubisky,QB,0810,00-0033869,Mitchell Trubisky,M.Trubisky,TRU215336,QB,QB,10,0810,2018,44814,32005452-5521-5336-8519-c8cb45ea9b74,Mitchell,Trubisky,Mitchell,QB,QB,ACT,https://static.www.nfl.com/image/private/{formatInstructions}/league/yxl8earcwsagar5mbjfi,20,12,1,60.0,62.1225,-2.1225000000000023,135,1,76.04166666666666,2.5892,10.34,8.439166666666667,-1.900833333333333,23.735630204952336,44.71425835234216,31.4590161956791,0.39000000000000057,20.0,,REG,9
2018,REG,9,week,15,1,Baker Mayfield,QB,1050,00-0034855,Baker Mayfield,B.Mayfield,MAY483453,QB,QB,6,1050,2018,46073,32004d41-5948-3453-e6ac-1ecff99fdcf6,Baker,Mayfield,Baker,QB,QB,ACT,https://static.www.nfl.com/image/private/{formatInstructions}/league/mrajlbudbl0hcfzmrqz3,42,29,1,69.04761904761905,66.21809523809523,2.8295238095238204,297,2,95.03968253968254,2.548333333333333,7.954761904761905,3.8444827586206896,-4.110279146141215,21.044975747250007,56.73784363191819,36.6377728580764,-0.1166666666666663,16.666666666666664,,REG,9
2018,REG,9,week,15,1,Dak Prescott,QB,1200,00-0033077,Dak Prescott,D.Prescott,PRE285723,QB,QB,4,1200,2018,43424,32005052-4528-5723-d1b2-96e92ebc1241,Rayne,Prescott,Dak,QB,QB,ACT,https://static.www.nfl.com/image/private/{formatInstructions}/league/httrtiv5us06hh6asf07,31,21,1,67.74193548387096,67.53225806451611,0.20967741935484696,243,2,99.26075268817203,2.999806451612903,7.468387096774193,5.23952380952381,-2.228863287250383,21.11857096204561,44.20878193300513,33.95969670064796,-1.7574193548387098,6.451612903225806,,REG,9
2018,REG,9,week,15,1,Case Keenum,QB,1400,00-0028986,Case Keenum,C.Keenum,KEE690598,QB,QB,4,1400,2018,38937,32004b45-4569-0598-1a82-7cad5305e148,Casey,Keenum,Case,QB,QB,ACT,https://static.www.nfl.com/image/private/{formatInstructions}/league/qnyuz76tdcsqxn1bzse1,42,26,0,61.904761904761905,65.30785714285715,-3.40309523809524,290,1,90.37698412698413,2.4550238095238095,5.614285714285715,3.1584615384615384,-2.4558241758241763,19.196676278581595,54.77273135420582,29.218872325947146,-4.1,14.285714285714285,,REG,9
2018,REG,9,week,15,1,Matthew Stafford,QB,1540,00-0026498,Matthew Stafford,M.Stafford,STA134157,QB,QB,9,1540,2018,34452,32005354-4113-4157-19b1-37e6835d09b9,John,Stafford,Matthew,QB,QB,ACT,https://static.www.nfl.com/image/private/{formatInstructions}/league/iibglgpasx5wsrylvn2z,36,25,0,69.44444444444444,69.53583333333333,-0.0913888888888863,199,0,82.9861111111111,2.9379444444444442,4.946944444444445,3.3328000000000007,-1.6141444444444444,18.63983530691459,34.28726439948221,32.800097560830515,-4.60861111111111,8.333333333333332,,REG,9
2018,REG,9,week,15,1,Aaron Rodgers,QB,1800,00-0023459,Aaron Rodgers,A.Rodgers,ROD339293,QB,QB,12,1800,2018,29851,3200524f-4433-9293-a3cf-ad7758d03003,Aaron,Rodgers,Aaron,QB,QB,ACT,https://static.www.nfl.com/image/private/{formatInstructions}/league/ejjiyjumtzwxiffdhkgz,43,24,0,55.81395348837209,55.503488372093024,0.3104651162790688,259,2,89.19573643410853,3.131976744186047,9.186976744186046,6.262083333333334,-2.924893410852712,24.845172423248286,46.53604624374528,45.487725816971775,1.7451162790697672,18.6046511627907,,REG,9
2018,REG,9,week,15,1,Marcus Mariota,QB,2100,00-0032268,Marcus Mariota,M.Mariota,MAR186347,QB,QB,8,2100,2018,42345,32004d41-5218-6347-2b09-64276fa61f68,Marcus,Mariota,Marcus,QB,QB,ACT,https://static.www.nfl.com/image/private/{formatInstructions}/league/qi4gui9b5gq10obus2xa,29,21,0,72.41379310344827,61.989655172413805,10.424137931034466,240,2,119.89942528735631,2.806172413793103,7.455862068965518,5.408571428571428,-2.04729064039409,19.94948044264419,51.221184094083576,40.72155448899267,-1.337241379310345,17.24137931034483,,REG,9
2018,REG,9,week,15,1,Deshaun Watson,QB,2120,00-0033537,Deshaun Watson,D.Watson,WAT338355,QB,QB,4,2120,2018,44824,32005741-5433-8355-e029-e49022cf4b81,Derrick,Watson,Deshaun,QB,QB,ACT,https://static.www.nfl.com/image/private/{formatInstructions}/league/dhtjbkg3d9yrse2vpans,24,17,0,70.83333333333334,63.29541666666668,7.537916666666661,213,2,125.86805555555556,3.01675,6.749166666666667,5.992941176470588,-0.756225490196079,20.557111509124738,35.25805723519094,32.8611335775259,-2.584166666666665,20.833333333333336,,REG,9
2018,REG,9,week,15,1,Patrick Mahomes,QB,2310,00-0033873,Patrick Mahomes,P.Mahomes,MAH401939,QB,QB,15,2310,2018,44822,32004d41-4840-1939-e4c1-bb89191b4e71,Patrick,Mahomes,Patrick,QB,QB,ACT,https://static.www.nfl.com/image/private/{formatInstructions}/league/ugt3pz3jk8v1cbuvj3om,32,23,1,71.875,71.56937500000001,0.30562499999999204,375,3,129.03645833333331,2.8060967741935485,6.869032258064517,6.988260869565217,0.11922861150069952,19.725022572634003,43.01116599210024,42.100320663861936,-3.776129032258064,9.375,,REG,9
2018,REG,9,week,15,1,Jared Goff,QB,2510,00-0033106,Jared Goff,J.Goff,GOF219636,QB,QB,16,2510,2018,43290,3200474f-4621-9636-7354-d2eb6365d257,Jared,Goff,Jared,QB,QB,ACT,https://static.www.nfl.com/image/private/{formatInstructions}/league/kke5xst7v1ciq1udqqyr,40,28,1,70.0,65.9025,4.097499999999997,391,3,115.72916666666666,2.879275,8.94675,7.837857142857141,-1.108892857142859,21.841057158194154,46.9048163838214,46.9048163838214,-0.028250000000000684,15.0,,REG,9
2018,REG,9,week,15,1,Derek Carr,QB,2520,00-0031280,Derek Carr,D.Carr,CAR358797,QB,QB,4,2520,2018,41265,32004341-5235-8797-3b9a-0d2711c0bc27,Derek,Carr,Derek,QB,QB,ACT,https://static.www.nfl.com/image/private/{formatInstructions}/league/chtyn7pw8xqfpnrkd1fq,21,16,0,76.19047619047619,69.12238095238095,7.068095238095239,171,0,99.50396825396824,2.5931428571428574,4.946666666666666,3.210000000000001,-1.7366666666666655,18.46485253278797,37.42175303216032,25.933083117901734,-6.339047619047619,9.523809523809524,,REG,9
2018,REG,9,week,15,1,Brock Osweiler,QB,2700,00-0029682,Brock Osweiler,B.Osweiler,OSW479182,QB,QB,8,2700,2018,38587,32004f53-5747-9182-4702-268a68436507,Brock,Osweiler,Brock,QB,QB,ACT,https://static.www.nfl.com/image/private/{formatInstructions}/league/pwkmtgeitdi79qtumb2x,24,15,0,62.5,60.3125,2.1875,139,0,78.29861111111111,2.9346666666666668,7.378260869565217,3.815333333333333,-3.5629275362318844,20.80452793494534,41.90586832413809,36.44512038668551,0.16086956521739113,4.166666666666666,,REG,9
2018,REG,9,week,15,1,Kirk Cousins,QB,3000,00-0029604,Kirk Cousins,K.Cousins,COU709400,QB,QB,8,3000,2018,38632,3200434f-5570-9400-e1ae-f835abb5963e,Kirk,Cousins,Kirk,QB,QB,ACT,https://static.www.nfl.com/image/private/{formatInstructions}/league/yoi19theqqakt4zpw9r4,22,18,1,81.81818181818183,65.82363636363637,15.99454545454546,164,1,93.93939393939394,2.6180454545454546,5.907727272727274,3.619444444444445,-2.288282828282829,19.89372104211554,49.47125427963192,33.78101389834237,-1.319545454545454,18.181818181818183,,REG,9
2018,REG,9,week,15,1,Tom Brady,QB,3200,00-0019596,Tom Brady,T.Brady,BRA371156,QB,QB,12,3200,2018,25511,32004252-4137-1156-7ed0-8b9e44948f13,Tom,Brady,Tom,QB,QB,ACT,https://static.www.nfl.com/image/private/{formatInstructions}/league/apkxya5ptb0zalrskshq,35,22,0,62.857142857142854,68.322,-5.464857142857149,294,1,98.98809523809523,2.4735142857142853,6.94657142857143,5.371818181818182,-1.5747532467532483,20.44583727030208,51.21921221573015,39.462251583000175,-0.9677142857142844,14.285714285714285,Jr.,REG,9
2018,REG,9,week,15,1,Drew Brees,QB,3300,00-0020531,Drew Brees,D.Brees,BRE229498,QB,QB,9,3300,2018,26250,32004252-4522-9498-de45-55dc89e02748,Drew,Brees,Drew,QB,QB,ACT,https://static.www.nfl.com/image/private/{formatInstructions}/league/i20xlpzdmn7xubotijjd,36,25,0,69.44444444444444,62.30638888888889,7.138055555555553,346,4,137.037037037037,2.7574444444444444,8.857222222222223,7.395200000000001,-1.4620222222222221,20.96844171435261,43.576665774242066,39.25336291325878,0.385,16.666666666666664,,REG,9
2018,REG,9,week,15,1,Sam Darnold,QB,3430,00-0034869,Sam Darnold,S.Darnold,DAR466141,QB,QB,14,3430,2018,46072,32004441-5246-6141-9e5c-6e7d32a03e33,Sam,Darnold,Sam,QB,QB,ACT,https://static.www.nfl.com/image/private/{formatInstructions}/league/eq43mbsq4xhpm9sfh0yl,39,21,4,53.84615384615385,64.80282051282052,-10.95666666666667,229,0,31.837606837606835,3.0432307692307696,8.00794871794872,4.113333333333334,-3.8946153846153857,20.34798891417131,40.784531381395084,26.349182150495686,-1.9151282051282037,12.82051282051282,,REG,9
2018,REG,9,week,15,1,Ben Roethlisberger,QB,3900,00-0022924,Ben Roethlisberger,B.Roethlisberger,ROE750381,QB,QB,7,3900,2018,28963,3200524f-4575-0381-afea-aa103cf4a1e3,Ben,Roethlisberger,Ben,QB,QB,ACT,https://static.www.nfl.com/image/private/{formatInstructions}/league/myft4pwoxwrxbeh1exyy,47,28,0,59.57446808510638,63.0363829787234,-3.4619148936170205,270,2,89.84929078014184,2.575851063829787,5.958297872340427,3.864642857142858,-2.0936550151975695,18.222635311234598,45.7917132241195,36.4345454205209,-1.9565957446808506,19.148936170212767,,REG,9
2018,REG,9,week,15,1,Philip Rivers,QB,4400,00-0022942,Philip Rivers,P.Rivers,RIV651634,QB,QB,17,4400,2018,28956,32005249-5665-1634-a192-77c9c8e6262e,Philip,Rivers,Philip,QB,QB,ACT,https://static.www.nfl.com/image/private/{formatInstructions}/league/adapxtphf15elrdudiix,26,13,0,50.0,59.31538461538462,-9.315384615384623,228,2,105.92948717948718,2.951538461538462,10.820384615384613,10.385384615384615,-0.4349999999999987,22.327565206619873,51.39584516281447,45.95035690829833,1.3973076923076908,34.61538461538461,,REG,9
2018,REG,9,week,15,1,Nick Mullens,QB,4500,00-0033319,Nick Mullens,N.Mullens,MUL486612,QB,QB,4,4500,2018,45198,32004d55-4c48-6612-b03b-50f8fc6abe24,Nicholas,Mullens,Nick,QB,QB,ACT,https://static.www.nfl.com/image/private/{formatInstructions}/league/uhuolpgkltrmxcstv4ac,22,16,0,72.72727272727273,76.12136363636363,-3.3940909090908917,262,3,151.89393939393938,2.461227272727273,6.90590909090909,4.7425,-2.1634090909090906,19.302245571973234,33.20593320477532,29.14090767289173,-1.1395454545454557,0.0,,REG,9
2018,REG,9,week,15,1,Russell Wilson,QB,4600,00-0029263,Russell Wilson,R.Wilson,WIL777781,QB,QB,3,4600,2018,38605,32005749-4c77-7781-795c-94c753706d1d,Russell,Wilson,Russell,QB,QB,ACT,https://static.www.nfl.com/image/private/{formatInstructions}/league/rrpzsqysodir9laitnus,39,26,1,66.66666666666666,65.30461538461539,1.3620512820512687,235,2,89.15598290598291,2.8357567567567563,7.550000000000001,4.546153846153846,-3.0038461538461547,19.54687867555302,41.4027076409261,39.121509428957374,-2.774324324324324,17.94871794871795,,REG,9
2018,REG,9,week,15,1,Ryan Fitzpatrick,QB,4900,00-0023682,Ryan Fitzpatrick,R.Fitzpatrick,FIT792915,QB,QB,14,4900,2018,30078,32004649-5479-2915-c998-f50119c2fdd4,Ryan,Fitzpatrick,Ryan,QB,QB,ACT,https://static.www.nfl.com/image/private/{formatInstructions}/league/joilglqul2ldsy2pfjey,40,24,2,60.0,60.94525000000001,-0.9452500000000086,243,4,89.89583333333333,2.585,8.796499999999998,5.297916666666665,-3.4985833333333334,22.101642593103758,49.81350218565243,37.81607330223485,0.42149999999999854,30.0,,REG,9
2018,REG,9,week,15,1,Alex Smith,QB,5110,00-0023436,Alex Smith,A.Smith,SMI031126,QB,QB,11,5110,2018,29819,3200534d-4903-1126-6414-eeba5603cc44,Alexander,Smith,Alex,QB,QB,ACT,https://static.www.nfl.com/image/private/{formatInstructions}/league/dpa5d1a8jj6jdymocjkx,46,30,1,65.21739130434783,64.84152173913044,0.37586956521738557,306,1,82.33695652173913,2.7329347826086963,8.412391304347828,6.1433333333333335,-2.2690579710144947,20.678125834378154,39.40203040453626,38.403147006462895,-2.5223913043478245,21.73913043478261,,REG,9
2018,REG,10,week,15,1,Matt Ryan,QB,0200,00-0026143,Matt Ryan,M.Ryan,RYA238179,QB,QB,2,0200,2018,33084,32005259-4123-8179-1aae-5603693aba86,Matthew,Ryan,Matt,QB,QB,ACT,https://static.www.nfl.com/image/private/{formatInstructions}/league/nsup3rrfi8jfj8oduf1t,52,38,0,73.07692307692307,69.71384615384616,3.3630769230769033,330,2,102.24358974358974,2.762529411764706,5.224117647058825,4.839736842105263,-0.38438080495356175,18.003173701628736,31.875095293975203,30.805494639755423,-2.3445098039215684,15.384615384615385,,REG,10
2018,REG,10,week,15,1,Matt Barkley,QB,0610,00-0030533,Matt Barkley,M.Barkley,BAR192558,QB,QB,5,0610,2018,40046,32004241-5219-2558-104e-c58640a9e77a,Matthew,Barkley,Matt,QB,QB,ACT,https://static.www.nfl.com/image/private/{formatInstructions}/league/lodswmnugxvkpvuurchf,25,15,0,60.0,56.893199999999986,3.106800000000014,232,2,117.41666666666666,2.70164,12.93,9.912,-3.017999999999999,27.093711971145105,55.92974611063419,55.92974611063419,3.6899999999999995,36.0,,REG,10
2018,REG,10,week,15,1,Cam Newton,QB,0750,00-0027939,Cam Newton,C.Newton,NEW693984,QB,QB,1,0750,2018,37074,32004e45-5769-3984-c32b-2c25062be531,Cameron,Newton,Cam,QB,QB,ACT,https://static.www.nfl.com/image/private/{formatInstructions}/league/gin1atizg1ga9p0skyu0,29,23,1,79.3103448275862,71.51758620689655,7.7927586206896535,193,2,103.01724137931035,2.4980689655172403,4.625862068965517,3.466086956521739,-1.1597751124437785,17.48079352683771,26.99352885415317,26.67796094157123,-4.787931034482758,10.344827586206897,,REG,10
2018,REG,10,week,15,1,Mitchell Trubisky,QB,0810,00-0033869,Mitchell Trubisky,M.Trubisky,TRU215336,QB,QB,10,0810,2018,44814,32005452-5521-5336-8519-c8cb45ea9b74,Mitchell,Trubisky,Mitchell,QB,QB,ACT,https://static.www.nfl.com/image/private/{formatInstructions}/league/yxl8earcwsagar5mbjfi,30,23,0,76.66666666666667,67.49433333333333,9.172333333333341,355,3,148.61111111111114,2.5725666666666664,10.883999999999999,7.382608695652174,-3.501391304347824,21.87073989212498,51.54460301525272,49.5825715347641,2.750666666666666,20.0,,REG,10
2018,REG,10,week,15,1,Andy Dalton,QB,0920,00-0027973,Andy Dalton,A.Dalton,DAL659900,QB,QB,14,0920,2018,37110,32004441-4c65-9900-551d-a31a0423b3ca,Andrew,Dalton,Andy,QB,QB,ACT,https://static.www.nfl.com/image/private/{formatInstructions}/league/fex1enmwhsyid5jyue7t,20,12,2,60.0,64.0405,-4.040499999999994,153,1,61.04166666666667,2.740789473684211,8.581052631578947,3.587499999999999,-4.9935526315789485,22.540349861313942,48.07873958414467,28.43073864675345,-0.10315789473684252,10.0,,REG,10
2018,REG,10,week,15,1,Baker Mayfield,QB,1050,00-0034855,Baker Mayfield,B.Mayfield,MAY483453,QB,QB,6,1050,2018,46073,32004d41-5948-3453-e6ac-1ecff99fdcf6,Baker,Mayfield,Baker,QB,QB,ACT,https://static.www.nfl.com/image/private/{formatInstructions}/league/mrajlbudbl0hcfzmrqz3,20,17,0,85.0,73.07650000000001,11.92349999999999,216,3,151.25,2.28645,6.927500000000002,6.108823529411766,-0.8186764705882359,20.992334053979697,41.044786514245644,41.044786514245644,-2.3724999999999987,10.0,,REG,10
2018,REG,10,week,15,1,Dak Prescott,QB,1200,00-0033077,Dak Prescott,D.Prescott,PRE285723,QB,QB,4,1200,2018,43424,32005052-4528-5723-d1b2-96e92ebc1241,Rayne,Prescott,Dak,QB,QB,ACT,https://static.www.nfl.com/image/private/{formatInstructions}/league/httrtiv5us06hh6asf07,36,26,0,72.22222222222221,69.93305555555555,2.2891666666666595,270,1,102.77777777777779,2.8529444444444443,5.310833333333333,4.014999999999999,-1.2958333333333343,20.228483205593445,48.28811551510371,36.042049053848196,-4.189166666666668,5.555555555555555,,REG,10
2018,REG,10,week,15,1,Matthew Stafford,QB,1540,00-0026498,Matthew Stafford,M.Stafford,STA134157,QB,QB,9,1540,2018,34452,32005354-4113-4157-19b1-37e6835d09b9,John,Stafford,Matthew,QB,QB,ACT,https://static.www.nfl.com/image/private/{formatInstructions}/league/iibglgpasx5wsrylvn2z,42,25,2,59.523809523809526,63.3597619047619,-3.835952380952378,274,2,74.90079365079364,2.7448095238095234,8.372142857142856,5.012399999999999,-3.359742857142858,21.033478365235947,52.89440896730012,38.59630163629671,-1.937380952380953,19.047619047619047,,REG,10
2018,REG,10,week,15,1,Aaron Rodgers,QB,1800,00-0023459,Aaron Rodgers,A.Rodgers,ROD339293,QB,QB,12,1800,2018,29851,3200524f-4433-9293-a3cf-ad7758d03003,Aaron,Rodgers,Aaron,QB,QB,ACT,https://static.www.nfl.com/image/private/{formatInstructions}/league/ejjiyjumtzwxiffdhkgz,28,19,0,67.85714285714286,66.34428571428572,1.5128571428571433,199,2,112.05357142857142,3.2472142857142865,7.010357142857143,4.472631578947368,-2.537725563909775,21.323874806484017,40.29917741095964,36.50212322591659,-1.9539285714285712,7.142857142857142,,REG,10
2018,REG,10,week,15,1,Marcus Mariota,QB,2100,00-0032268,Marcus Mariota,M.Mariota,MAR186347,QB,QB,8,2100,2018,42345,32004d41-5218-6347-2b09-64276fa61f68,Marcus,Mariota,Marcus,QB,QB,ACT,https://static.www.nfl.com/image/private/{formatInstructions}/league/qi4gui9b5gq10obus2xa,24,16,0,66.66666666666666,56.67500000000002,9.991666666666639,228,2,125.0,2.6422083333333335,11.6275,9.629999999999999,-1.9975000000000005,24.342271496628037,42.334370197275874,42.334370197275874,2.2524999999999995,20.833333333333336,,REG,10
2018,REG,10,week,15,1,Andrew Luck,QB,2200,00-0029668,Andrew Luck,A.Luck,LUC524055,QB,QB,12,2200,2018,38531,32004c55-4352-4055-1f10-c37ee3d83442,Andrew,Luck,Andrew,QB,QB,ACT,https://static.www.nfl.com/image/private/{formatInstructions}/league/ojix2ha2u58zqozaw756,29,21,1,72.41379310344827,71.89827586206896,0.5155172413793139,285,3,123.49137931034481,2.531034482758621,8.279310344827586,8.367619047619046,0.08830870279146019,19.9391589231033,33.92261340168236,33.71693046527219,-1.8931034482758629,13.793103448275861,,REG,10
2018,REG,10,week,15,1,Blake Bortles,QB,2250,00-0031407,Blake Bortles,B.Bortles,BOR650964,QB,QB,5,2250,2018,41229,3200424f-5265-0964-4a57-fb0d82ae917e,Robby,Bortles,Blake,QB,QB,ACT,https://static.www.nfl.com/image/private/{formatInstructions}/league/qycdzdjsokwmamzwsmeq,38,26,0,68.42105263157895,73.3415789473684,-4.920526315789459,320,2,111.73245614035088,2.5219473684210523,3.900789473684211,1.9376923076923072,-1.9630971659919039,14.956892924695925,36.09299793588779,36.01483305528431,-4.257105263157894,7.894736842105263,Jr.,REG,10
2018,REG,10,week,15,1,Patrick Mahomes,QB,2310,00-0033873,Patrick Mahomes,P.Mahomes,MAH401939,QB,QB,15,2310,2018,44822,32004d41-4840-1939-e4c1-bb89191b4e71,Patrick,Mahomes,Patrick,QB,QB,ACT,https://static.www.nfl.com/image/private/{formatInstructions}/league/ugt3pz3jk8v1cbuvj3om,28,21,0,75.0,70.66392857142858,4.336071428571415,249,2,125.44642857142856,2.7335357142857144,7.2007142857142865,5.502380952380952,-1.6983333333333341,18.648733787813633,41.75135207391493,41.75135207391493,-2.4778571428571428,14.285714285714285,,REG,10
2018,REG,10,week,15,1,Jared Goff,QB,2510,00-0033106,Jared Goff,J.Goff,GOF219636,QB,QB,16,2510,2018,43290,3200474f-4621-9636-7354-d2eb6365d257,Jared,Goff,Jared,QB,QB,ACT,https://static.www.nfl.com/image/private/{formatInstructions}/league/kke5xst7v1ciq1udqqyr,39,28,0,71.7948717948718,63.22871794871795,8.566153846153846,318,2,112.98076923076923,3.009846153846154,6.516923076923078,5.9125000000000005,-0.6044230769230774,20.339870281400025,39.511933640357306,39.511933640357306,-1.3035897435897434,7.6923076923076925,,REG,10
2018,REG,10,week,15,1,Derek Carr,QB,2520,00-0031280,Derek Carr,D.Carr,CAR358797,QB,QB,4,2520,2018,41265,32004341-5235-8797-3b9a-0d2711c0bc27,Derek,Carr,Derek,QB,QB,ACT,https://static.www.nfl.com/image/private/{formatInstructions}/league/chtyn7pw8xqfpnrkd1fq,37,24,0,64.86486486486487,68.6483783783784,-3.783513513513526,243,0,83.50225225225225,2.782243243243244,5.311388888888889,4.370833333333334,-0.9405555555555551,18.125781133734375,41.087285137862295,27.64336086658061,-3.3552777777777782,8.108108108108109,,REG,10
2018,REG,10,week,15,1,Brock Osweiler,QB,2700,00-0029682,Brock Osweiler,B.Osweiler,OSW479182,QB,QB,8,2700,2018,38587,32004f53-5747-9182-4702-268a68436507,Brock,Osweiler,Brock,QB,QB,ACT,https://static.www.nfl.com/image/private/{formatInstructions}/league/pwkmtgeitdi79qtumb2x,37,23,1,62.16216216216216,64.5572972972973,-2.395135135135135,213,0,66.61036036036036,2.5558918918918923,5.509189189189189,3.9108695652173915,-1.5983196239717974,19.184294159182482,39.77326991837609,29.640791150035117,-2.571891891891892,18.91891891891892,,REG,10
2018,REG,10,week,15,1,Tom Brady,QB,3200,00-0019596,Tom Brady,T.Brady,BRA371156,QB,QB,12,3200,2018,25511,32004252-4137-1156-7ed0-8b9e44948f13,Tom,Brady,Tom,QB,QB,ACT,https://static.www.nfl.com/image/private/{formatInstructions}/league/apkxya5ptb0zalrskshq,41,21,0,51.21951219512195,58.5680487804878,-7.348536585365849,254,0,70.57926829268291,2.7316500000000006,9.14475,6.290952380952379,-2.8537976190476213,21.550504297494143,56.56517745044208,43.994096194830504,0.24474999999999944,29.268292682926827,Jr.,REG,10
2018,REG,10,week,15,1,Drew Brees,QB,3300,00-0020531,Drew Brees,D.Brees,BRE229498,QB,QB,9,3300,2018,26250,32004252-4522-9498-de45-55dc89e02748,Drew,Brees,Drew,QB,QB,ACT,https://static.www.nfl.com/image/private/{formatInstructions}/league/i20xlpzdmn7xubotijjd,25,22,0,88.0,71.834,16.165999999999997,265,3,150.41666666666666,2.5336399999999997,6.062,5.773636363636364,-0.28836363636363593,18.900946466009763,37.27758710002567,37.27758710002567,-1.2579999999999996,8.0,,REG,10
2018,REG,10,week,15,1,Eli Manning,QB,3410,00-0022803,Eli Manning,E.Manning,MAN473170,QB,QB,10,3410,2018,28953,32004d41-4e47-3170-d4e5-66f2cfc951d8,Elisha,Manning,Eli,QB,QB,ACT,https://static.www.nfl.com/image/private/{formatInstructions}/league/w51tf8uedjftbr4qpaex,31,19,0,61.29032258064516,68.83258064516129,-7.542258064516126,188,3,110.68548387096774,2.6036774193548387,8.484838709677419,5.572631578947369,-2.9122071307300503,20.47281681649216,53.9403262874818,35.27556661486814,-0.06354838709677439,22.58064516129032,,REG,10
2018,REG,10,week,15,1,Josh McCown,QB,3430,00-0021206,Josh McCown,J.McCown,MCC600777,QB,QB,15,3430,2018,27213,32004d43-4360-0777-1931-84279757cab3,Joshua,McCown,Josh,QB,QB,ACT,https://static.www.nfl.com/image/private/{formatInstructions}/league/qcauc37wqjdaxdbq1evu,34,17,2,50.0,72.87088235294118,-22.87088235294118,135,0,35.7843137254902,2.246323529411765,5.270882352941177,1.3976470588235297,-3.8732352941176473,17.644962458433152,45.368766789499574,27.909613039237932,-3.7585294117647057,8.823529411764707,,REG,10
2018,REG,10,week,15,1,Carson Wentz,QB,3700,00-0032950,Carson Wentz,C.Wentz,WEN615770,QB,QB,11,3700,2018,43291,32005745-4e61-5770-9c68-1652f876bc72,Carson,Wentz,Carson,QB,QB,ACT,https://static.www.nfl.com/image/private/{formatInstructions}/league/e0lkzdsozcwd6jwr1mju,44,32,1,72.72727272727273,67.7406818181818,4.9865909090909355,360,2,102.46212121212122,2.53993023255814,8.808837209302327,6.394062499999999,-2.4147747093023284,21.055398634901056,59.077068309116356,50.26512210270657,0.5065116279069772,13.636363636363635,,REG,10
2018,REG,10,week,15,1,Josh Rosen,QB,3800,00-0034343,Josh Rosen,J.Rosen,ROS357433,QB,QB,3,3800,2018,46079,3200524f-5335-7433-3207-a02a4e884405,Joshua,Rosen,Josh,QB,QB,ACT,https://static.www.nfl.com/image/private/{formatInstructions}/league/evc67tf1tcwfwho6pmr9,39,22,2,56.41025641025641,56.635128205128204,-0.22487179487179532,208,1,58.493589743589745,2.674358974358974,7.181025641025642,4.6463636363636365,-2.534662004662006,19.737282110069483,46.040525626886584,35.575268094562546,-2.6138461538461533,20.51282051282051,,REG,10
2018,REG,10,week,15,1,Ben Roethlisberger,QB,3900,00-0022924,Ben Roethlisberger,B.Roethlisberger,ROE750381,QB,QB,7,3900,2018,28963,3200524f-4575-0381-afea-aa103cf4a1e3,Ben,Roethlisberger,Ben,QB,QB,ACT,https://static.www.nfl.com/image/private/{formatInstructions}/league/myft4pwoxwrxbeh1exyy,25,22,0,88.0,75.74600000000001,12.25399999999999,328,5,158.33333333333331,2.12076,4.9656,4.627727272727273,-0.3378727272727273,17.540529302391516,45.595255235605386,45.595255235605386,-3.4343999999999992,4.0,,REG,10
2018,REG,10,week,15,1,Philip Rivers,QB,4400,00-0022942,Philip Rivers,P.Rivers,RIV651634,QB,QB,17,4400,2018,28956,32005249-5665-1634-a192-77c9c8e6262e,Philip,Rivers,Philip,QB,QB,ACT,https://static.www.nfl.com/image/private/{formatInstructions}/league/adapxtphf15elrdudiix,26,18,1,69.23076923076923,65.54307692307692,3.687692307692302,223,2,105.12820512820514,3.039730769230769,8.850769230769233,5.309999999999999,-3.540769230769234,21.144362930134953,48.65967221426795,42.61957531463682,0.5046153846153848,15.384615384615385,,REG,10
2018,REG,10,week,15,1,Nick Mullens,QB,4500,00-0033319,Nick Mullens,N.Mullens,MUL486612,QB,QB,4,4500,2018,45198,32004d55-4c48-6612-b03b-50f8fc6abe24,Nicholas,Mullens,Nick,QB,QB,ACT,https://static.www.nfl.com/image/private/{formatInstructions}/league/uhuolpgkltrmxcstv4ac,39,27,2,69.23076923076923,65.65102564102567,3.5797435897435577,250,1,73.66452991452991,2.8697027027027024,7.188918918918919,5.430740740740741,-1.758178178178178,19.534941427565627,49.800362448480236,31.753451780869437,-1.6218918918918912,7.6923076923076925,,REG,10
2018,REG,10,week,15,1,Russell Wilson,QB,4600,00-0029263,Russell Wilson,R.Wilson,WIL777781,QB,QB,3,4600,2018,38605,32005749-4c77-7781-795c-94c753706d1d,Russell,Wilson,Russell,QB,QB,ACT,https://static.www.nfl.com/image/private/{formatInstructions}/league/rrpzsqysodir9laitnus,26,17,0,65.38461538461539,60.36538461538462,5.0192307692307665,176,3,123.23717948717949,3.2141599999999992,9.1412,7.180588235294119,-1.960611764705881,21.121362513651658,53.09251736356075,44.21054738408019,0.4212000000000004,11.538461538461538,,REG,10
2018,REG,10,week,15,1,Ryan Fitzpatrick,QB,4900,00-0023682,Ryan Fitzpatrick,R.Fitzpatrick,FIT792915,QB,QB,14,4900,2018,30078,32004649-5479-2915-c998-f50119c2fdd4,Ryan,Fitzpatrick,Ryan,QB,QB,ACT,https://static.www.nfl.com/image/private/{formatInstructions}/league/joilglqul2ldsy2pfjey,41,29,2,70.73170731707317,70.18048780487804,0.5512195121951322,406,0,81.96138211382114,2.5442926829268293,10.275609756097563,7.863103448275863,-2.4125063078216993,20.97638952970497,53.559313849227,34.56639553091991,1.031707317073172,7.317073170731707,,REG,10
2018,REG,10,week,15,1,Alex Smith,QB,5110,00-0023436,Alex Smith,A.Smith,SMI031126,QB,QB,11,5110,2018,29819,3200534d-4903-1126-6414-eeba5603cc44,Alexander,Smith,Alex,QB,QB,ACT,https://static.www.nfl.com/image/private/{formatInstructions}/league/dpa5d1a8jj6jdymocjkx,27,19,0,70.37037037037037,58.20074074074073,12.16962962962964,178,1,100.54012345679013,2.8081111111111112,8.546296296296296,6.879473684210526,-1.6668226120857694,20.809322431601878,50.04151876192409,31.899623822233387,-1.416666666666667,18.51851851851852,,REG,10
2018,REG,11,week,15,1,Matt Ryan,QB,0200,00-0026143,Matt Ryan,M.Ryan,RYA238179,QB,QB,2,0200,2018,33084,32005259-4123-8179-1aae-5603693aba86,Matthew,Ryan,Matt,QB,QB,ACT,https://static.www.nfl.com/image/private/{formatInstructions}/league/nsup3rrfi8jfj8oduf1t,34,24,1,70.58823529411765,60.63323529411764,9.955000000000013,291,1,94.11764705882354,2.726705882352941,9.02205882352941,6.791249999999998,-2.2308088235294115,20.820063301296635,45.455935806008874,45.455935806008874,0.492647058823529,20.588235294117645,,REG,11
2018,REG,11,week,15,1,Lamar Jackson,QB,0325,00-0034796,Lamar Jackson,L.Jackson,JAC323395,QB,QB,8,0325,2018,46101,32004a41-4332-3395-efb0-6c7b75de50af,Lamar,Jackson,Lamar,QB,QB,ACT,https://static.www.nfl.com/image/private/{formatInstructions}/league/rojvfogdbjpld2ldvdop,19,13,1,68.42105263157895,66.3957894736842,2.0252631578947415,150,0,70.06578947368422,3.596631578947369,7.979444444444444,6.636923076923077,-1.3425213675213667,18.203175272726977,38.83453360090733,25.271050631107528,-1.4649999999999999,10.526315789473683,,REG,11
2018,REG,11,week,15,1,Cam Newton,QB,0750,00-0027939,Cam Newton,C.Newton,NEW693984,QB,QB,1,0750,2018,37074,32004e45-5769-3984-c32b-2c25062be531,Cameron,Newton,Cam,QB,QB,ACT,https://static.www.nfl.com/image/private/{formatInstructions}/league/gin1atizg1ga9p0skyu0,37,25,1,67.56756756756756,63.35945945945946,4.208108108108107,357,3,114.35810810810811,2.759972972972973,9.47888888888889,7.449199999999999,-2.0296888888888898,24.172405912519594,43.48296792998381,40.48215656310814,0.8955555555555558,21.62162162162162,,REG,11
2018,REG,11,week,15,1,Mitchell Trubisky,QB,0810,00-0033869,Mitchell Trubisky,M.Trubisky,TRU215336,QB,QB,10,0810,2018,44814,32005452-5521-5336-8519-c8cb45ea9b74,Mitchell,Trubisky,Mitchell,QB,QB,ACT,https://static.www.nfl.com/image/private/{formatInstructions}/league/yxl8earcwsagar5mbjfi,31,20,2,64.51612903225806,62.574838709677415,1.9412903225806488,165,1,61.895161290322584,2.871677419354839,7.539354838709677,4.898999999999999,-2.640354838709678,20.979010918324636,41.860172001557764,28.876904266212474,-0.7509677419354841,19.35483870967742,,REG,11
2018,REG,11,week,15,1,Andy Dalton,QB,0920,00-0027973,Andy Dalton,A.Dalton,DAL659900,QB,QB,14,0920,2018,37110,32004441-4c65-9900-551d-a31a0423b3ca,Andrew,Dalton,Andy,QB,QB,ACT,https://static.www.nfl.com/image/private/{formatInstructions}/league/fex1enmwhsyid5jyue7t,36,19,0,52.77777777777778,53.150277777777774,-0.37249999999999517,211,2,89.00462962962963,2.721916666666667,8.261388888888886,4.901052631578946,-3.36033625730994,21.3906156375028,48.82558857812161,38.94868033707946,-0.40527777777777857,25.0,,REG,11
2018,REG,11,week,15,1,Dak Prescott,QB,1200,00-0033077,Dak Prescott,D.Prescott,PRE285723,QB,QB,4,1200,2018,43424,32005052-4528-5723-d1b2-96e92ebc1241,Rayne,Prescott,Dak,QB,QB,ACT,https://static.www.nfl.com/image/private/{formatInstructions}/league/httrtiv5us06hh6asf07,32,22,0,68.75,63.403749999999995,5.346250000000005,208,0,86.45833333333334,2.666875,6.1203125,3.2013636363636366,-2.918948863636363,19.676707641932367,39.55719024399989,32.56861065504638,-2.3171874999999997,31.25,,REG,11
2018,REG,11,week,15,1,Case Keenum,QB,1400,00-0028986,Case Keenum,C.Keenum,KEE690598,QB,QB,4,1400,2018,38937,32004b45-4569-0598-1a82-7cad5305e148,Casey,Keenum,Case,QB,QB,ACT,https://static.www.nfl.com/image/private/{formatInstructions}/league/qnyuz76tdcsqxn1bzse1,32,19,0,59.375,68.5265625,-9.151562499999997,205,0,78.25520833333334,2.6817741935483874,4.690645161290322,3.2694736842105274,-1.421171477079795,16.248414148360414,34.149231323706246,26.683721629487895,-3.5029032258064516,6.25,,REG,11
2018,REG,11,week,15,1,Matthew Stafford,QB,1540,00-0026498,Matthew Stafford,M.Stafford,STA134157,QB,QB,9,1540,2018,34452,32005354-4113-4157-19b1-37e6835d09b9,John,Stafford,Matthew,QB,QB,ACT,https://static.www.nfl.com/image/private/{formatInstructions}/league/iibglgpasx5wsrylvn2z,37,23,0,62.16216216216216,62.009729729729735,0.15243243243242688,220,1,87.66891891891892,2.3964864864864865,6.095945945945945,3.7347826086956517,-2.3611633372502934,19.607945921709646,50.132117449794606,42.490989633097506,-4.012162162162164,18.91891891891892,,REG,11
2018,REG,11,week,15,1,Aaron Rodgers,QB,1800,00-0023459,Aaron Rodgers,A.Rodgers,ROD339293,QB,QB,12,1800,2018,29851,3200524f-4433-9293-a3cf-ad7758d03003,Aaron,Rodgers,Aaron,QB,QB,ACT,https://static.www.nfl.com/image/private/{formatInstructions}/league/ejjiyjumtzwxiffdhkgz,30,21,0,70.0,66.35033333333334,3.6496666666666613,332,2,128.75,3.161766666666667,11.233333333333333,8.995714285714286,-2.237619047619047,25.71364289104187,61.410319165430174,61.410319165430174,1.8333333333333337,6.666666666666667,,REG,11
2018,REG,11,week,15,1,Blaine Gabbert,QB,2100,00-0027948,Blaine Gabbert,B.Gabbert,GAB221145,QB,QB,7,2100,2018,37083,32004741-4222-1145-cd0f-449f7f72bdc9,Blaine,Gabbert,Blaine,QB,QB,ACT,https://static.www.nfl.com/image/private/{formatInstructions}/league/awuyhgwqxyg475snjkli,16,11,1,68.75,73.25124999999998,-4.501249999999985,118,1,84.89583333333334,2.381,7.175000000000002,7.72909090909091,0.5540909090909087,19.149089671360965,32.83608533306003,32.83608533306003,-2.1374999999999997,18.75,,REG,11
2018,REG,11,week,15,1,Deshaun Watson,QB,2120,00-0033537,Deshaun Watson,D.Watson,WAT338355,QB,QB,4,2120,2018,44824,32005741-5433-8355-e029-e49022cf4b81,Derrick,Watson,Deshaun,QB,QB,ACT,https://static.www.nfl.com/image/private/{formatInstructions}/league/dhtjbkg3d9yrse2vpans,24,16,2,66.66666666666666,72.57666666666668,-5.910000000000025,208,1,72.91666666666666,2.8700833333333335,5.505,4.229375000000001,-1.275624999999999,18.291572280556142,35.17178698900583,32.89155666732726,-3.9116666666666666,4.166666666666666,,REG,11
2018,REG,11,week,15,1,Andrew Luck,QB,2200,00-0029668,Andrew Luck,A.Luck,LUC524055,QB,QB,12,2200,2018,38531,32004c55-4352-4055-1f10-c37ee3d83442,Andrew,Luck,Andrew,QB,QB,ACT,https://static.www.nfl.com/image/private/{formatInstructions}/league/ojix2ha2u58zqozaw756,29,23,0,79.3103448275862,67.32793103448277,11.982413793103433,297,3,143.82183908045977,2.5953793103448284,7.886206896551725,7.662173913043477,-0.22403298350824752,21.538524477227785,49.07100671475978,49.07100671475978,-0.5620689655172417,24.137931034482758,,REG,11
2018,REG,11,week,15,1,Blake Bortles,QB,2250,00-0031407,Blake Bortles,B.Bortles,BOR650964,QB,QB,5,2250,2018,41229,3200424f-5265-0964-4a57-fb0d82ae917e,Robby,Bortles,Blake,QB,QB,ACT,https://static.www.nfl.com/image/private/{formatInstructions}/league/qycdzdjsokwmamzwsmeq,18,10,0,55.55555555555556,59.165,-3.609444444444442,104,0,72.45370370370371,2.8643333333333336,8.324444444444444,5.1240000000000006,-3.200444444444443,18.021291603633205,39.82712266785037,28.691136261918942,-0.5644444444444441,22.22222222222222,Jr.,REG,11
2018,REG,11,week,15,1,Patrick Mahomes,QB,2310,00-0033873,Patrick Mahomes,P.Mahomes,MAH401939,QB,QB,15,2310,2018,44822,32004d41-4840-1939-e4c1-bb89191b4e71,Patrick,Mahomes,Patrick,QB,QB,ACT,https://static.www.nfl.com/image/private/{formatInstructions}/league/ugt3pz3jk8v1cbuvj3om,46,33,3,71.73913043478261,67.91478260869566,3.8243478260869495,478,6,117.57246376811594,2.839695652173913,10.87913043478261,7.947272727272727,-2.9318577075098826,23.048098391776353,60.69449151282182,60.69449151282182,2.6182608695652174,8.695652173913043,,REG,11
2018,REG,11,week,15,1,Jared Goff,QB,2510,00-0033106,Jared Goff,J.Goff,GOF219636,QB,QB,16,2510,2018,43290,3200474f-4621-9636-7354-d2eb6365d257,Jared,Goff,Jared,QB,QB,ACT,https://static.www.nfl.com/image/private/{formatInstructions}/league/kke5xst7v1ciq1udqqyr,49,31,0,63.26530612244898,58.19224489795919,5.073061224489791,413,4,117.13435374149658,2.8807142857142862,10.174489795918367,7.700645161290321,-2.473844634628046,24.635774796945967,53.79213418335436,46.46177999173084,1.0316326530612248,14.285714285714285,,REG,11
2018,REG,11,week,15,1,Derek Carr,QB,2520,00-0031280,Derek Carr,D.Carr,CAR358797,QB,QB,4,2520,2018,41265,32004341-5235-8797-3b9a-0d2711c0bc27,Derek,Carr,Derek,QB,QB,ACT,https://static.www.nfl.com/image/private/{formatInstructions}/league/chtyn7pw8xqfpnrkd1fq,31,19,0,61.29032258064516,60.060645161290324,1.2296774193548359,192,2,100.47043010752688,2.441758620689655,7.84655172413793,4.563684210526315,-3.282867513611615,21.243064917679728,45.76103254953936,41.44171931761519,0.05344827586206715,16.129032258064516,,REG,11
2018,REG,11,week,15,1,Kirk Cousins,QB,3000,00-0029604,Kirk Cousins,K.Cousins,COU709400,QB,QB,8,3000,2018,38632,3200434f-5570-9400-e1ae-f835abb5963e,Kirk,Cousins,Kirk,QB,QB,ACT,https://static.www.nfl.com/image/private/{formatInstructions}/league/yoi19theqqakt4zpw9r4,46,30,2,65.21739130434783,62.47086956521738,2.7465217391304506,262,2,76.53985507246377,2.9574999999999996,8.131956521739133,5.845000000000001,-2.286956521739132,21.27517390324692,50.03142212649967,31.504801221401163,-0.8245652173913037,23.91304347826087,,REG,11
2018,REG,11,week,15,1,Drew Brees,QB,3300,00-0020531,Drew Brees,D.Brees,BRE229498,QB,QB,9,3300,2018,26250,32004252-4522-9498-de45-55dc89e02748,Drew,Brees,Drew,QB,QB,ACT,https://static.www.nfl.com/image/private/{formatInstructions}/league/i20xlpzdmn7xubotijjd,30,22,0,73.33333333333333,46.78966666666666,26.543666666666667,363,4,153.19444444444443,2.5480666666666667,12.396999999999998,10.861818181818181,-1.535181818181817,24.29257233328348,39.250031847120844,38.93416109279869,4.963666666666667,40.0,,REG,11
2018,REG,11,week,15,1,Eli Manning,QB,3410,00-0022803,Eli Manning,E.Manning,MAN473170,QB,QB,10,3410,2018,28953,32004d41-4e47-3170-d4e5-66f2cfc951d8,Elisha,Manning,Eli,QB,QB,ACT,https://static.www.nfl.com/image/private/{formatInstructions}/league/w51tf8uedjftbr4qpaex,18,17,0,94.44444444444444,70.34277777777777,24.101666666666674,231,2,155.787037037037,3.1029444444444443,7.628888888888889,6.922941176470588,-0.7059477124183005,20.73902804585562,46.85036606046958,46.85036606046958,-1.6488888888888888,22.22222222222222,,REG,11
2018,REG,11,week,15,1,Carson Wentz,QB,3700,00-0032950,Carson Wentz,C.Wentz,WEN615770,QB,QB,11,3700,2018,43291,32005745-4e61-5770-9c68-1652f876bc72,Carson,Wentz,Carson,QB,QB,ACT,https://static.www.nfl.com/image/private/{formatInstructions}/league/e0lkzdsozcwd6jwr1mju,33,19,3,57.57575757575758,65.34636363636362,-7.770606060606042,156,0,31.88131313131313,2.7939696969696968,9.550303030303029,4.530526315789474,-5.019776714513555,22.48538800211191,58.188116484381936,31.209476125048948,1.1563636363636363,27.27272727272727,,REG,11
2018,REG,11,week,15,1,Josh Rosen,QB,3800,00-0034343,Josh Rosen,J.Rosen,ROS357433,QB,QB,3,3800,2018,46079,3200524f-5335-7433-3207-a02a4e884405,Joshua,Rosen,Josh,QB,QB,ACT,https://static.www.nfl.com/image/private/{formatInstructions}/league/evc67tf1tcwfwho6pmr9,20,9,2,45.0,59.8275,-14.8275,136,3,67.91666666666667,3.177,6.409999999999999,4.2299999999999995,-2.1799999999999997,20.284622365184678,52.90092815820909,31.11103341260139,-1.94,25.0,,REG,11
2018,REG,11,week,15,1,Ben Roethlisberger,QB,3900,00-0022924,Ben Roethlisberger,B.Roethlisberger,ROE750381,QB,QB,7,3900,2018,28963,3200524f-4575-0381-afea-aa103cf4a1e3,Ben,Roethlisberger,Ben,QB,QB,ACT,https://static.www.nfl.com/image/private/{formatInstructions}/league/myft4pwoxwrxbeh1exyy,47,27,3,57.446808510638306,63.79659574468085,-6.3497872340425445,315,2,65.46985815602837,2.7182,8.046666666666665,6.025185185185186,-2.021481481481479,22.2216221010303,52.86311473986375,52.86311473986375,-0.13111111111111123,14.893617021276595,,REG,11
2018,REG,11,week,15,1,Philip Rivers,QB,4400,00-0022942,Philip Rivers,P.Rivers,RIV651634,QB,QB,17,4400,2018,28956,32005249-5665-1634-a192-77c9c8e6262e,Philip,Rivers,Philip,QB,QB,ACT,https://static.www.nfl.com/image/private/{formatInstructions}/league/adapxtphf15elrdudiix,43,28,2,65.11627906976744,65.6625581395349,-0.5462790697674507,401,2,91.32751937984497,2.486418604651163,8.080232558139535,6.472499999999999,-1.6077325581395359,20.364312127097353,56.731261223420724,42.749851461730245,-1.6872093023255814,20.930232558139537,,REG,11
2018,REG,11,week,15,1,Russell Wilson,QB,4600,00-0029263,Russell Wilson,R.Wilson,WIL777781,QB,QB,3,4600,2018,38605,32005749-4c77-7781-795c-94c753706d1d,Russell,Wilson,Russell,QB,QB,ACT,https://static.www.nfl.com/image/private/{formatInstructions}/league/rrpzsqysodir9laitnus,31,21,0,67.74193548387096,60.52516129032257,7.216774193548389,225,2,110.28225806451613,2.9450967741935483,10.024516129032259,7.202857142857144,-2.821658986175115,23.380222629944825,51.35521492506871,45.82072129506475,1.4438709677419357,16.129032258064516,,REG,11
2018,REG,11,week,15,1,Ryan Fitzpatrick,QB,4900,00-0023682,Ryan Fitzpatrick,R.Fitzpatrick,FIT792915,QB,QB,14,4900,2018,30078,32004649-5479-2915-c998-f50119c2fdd4,Ryan,Fitzpatrick,Ryan,QB,QB,ACT,https://static.www.nfl.com/image/private/{formatInstructions}/league/joilglqul2ldsy2pfjey,21,13,3,61.904761904761905,54.04380952380953,7.8609523809523765,167,0,47.22222222222223,2.937904761904762,7.989523809523808,6.8076923076923075,-1.1818315018315007,18.76748164791369,47.51239943425295,33.217901800083645,-1.6295238095238105,33.33333333333333,,REG,11
2018,REG,11,week,15,1,Jameis Winston,QB,4900,00-0031503,Jameis Winston,J.Winston,WIN623708,QB,QB,3,4900,2018,42344,32005749-4e62-3708-9650-e59a3f7bea83,Jameis,Winston,Jameis,QB,QB,ACT,https://static.www.nfl.com/image/private/{formatInstructions}/league/iurpf1pdjrjfowtksptf,16,12,1,75.0,68.35875,6.641249999999999,199,2,129.94791666666669,2.77975,13.089375,11.70583333333333,-1.3835416666666696,25.50627823972075,58.34884146236324,54.84538722627455,4.2143749999999995,18.75,,REG,11
2018,REG,11,week,15,1,Alex Smith,QB,5110,00-0023436,Alex Smith,A.Smith,SMI031126,QB,QB,11,5110,2018,29819,3200534d-4903-1126-6414-eeba5603cc44,Alexander,Smith,Alex,QB,QB,ACT,https://static.www.nfl.com/image/private/{formatInstructions}/league/dpa5d1a8jj6jdymocjkx,27,12,2,44.44444444444444,59.758518518518514,-15.314074074074071,135,0,29.089506172839506,2.9398888888888886,10.162222222222224,6.6325,-3.529722222222224,23.165316936232404,55.014474459000326,31.396644725193166,2.3103703703703706,22.22222222222222,,REG,11
2018,REG,12,week,15,1,Matt Ryan,QB,0200,00-0026143,Matt Ryan,M.Ryan,RYA238179,QB,QB,2,0200,2018,33084,32005259-4123-8179-1aae-5603693aba86,Matthew,Ryan,Matt,QB,QB,ACT,https://static.www.nfl.com/image/private/{formatInstructions}/league/nsup3rrfi8jfj8oduf1t,47,35,1,74.46808510638297,61.53978723404256,12.928297872340416,377,2,102.88120567375884,2.722468085106383,8.789574468085107,6.902857142857144,-1.8867173252279628,21.260281554620033,56.25806253329383,46.600005364806556,0.1938297872340421,19.148936170212767,,REG,12
2018,REG,12,week,15,1,Lamar Jackson,QB,0325,00-0034796,Lamar Jackson,L.Jackson,JAC323395,QB,QB,8,0325,2018,46101,32004a41-4332-3395-efb0-6c7b75de50af,Lamar,Jackson,Lamar,QB,QB,ACT,https://static.www.nfl.com/image/private/{formatInstructions}/league/rojvfogdbjpld2ldvdop,25,14,2,56.00000000000001,66.2644,-10.264399999999988,178,1,58.416666666666664,2.792439999999999,7.865199999999999,5.3042857142857125,-2.5609142857142864,19.32789664547172,37.56518201739478,35.75987276263717,-0.7348000000000013,24.0,,REG,12
2018,REG,12,week,15,1,Josh Allen,QB,0610,00-0034857,Josh Allen,J.Allen,ALL529264,QB,QB,17,0610,2018,46076,3200414c-4c52-9264-bedc-c4ddaf201fe7,Joshua,Allen,Josh,QB,QB,ACT,https://static.www.nfl.com/image/private/{formatInstructions}/league/uyhjaf2okyygjyfzk8hc,19,8,0,42.10526315789473,50.32736842105262,-8.222105263157886,160,1,89.80263157894736,3.3718421052631586,18.299999999999997,9.913749999999999,-8.386249999999999,29.909363062964214,67.25752299928982,43.24537663149668,8.563157894736841,10.526315789473683,,REG,12
2018,REG,12,week,15,1,Cam Newton,QB,0750,00-0027939,Cam Newton,C.Newton,NEW693984,QB,QB,1,0750,2018,37074,32004e45-5769-3984-c32b-2c25062be531,Cameron,Newton,Cam,QB,QB,ACT,https://static.www.nfl.com/image/private/{formatInstructions}/league/gin1atizg1ga9p0skyu0,30,25,1,83.33333333333334,69.46333333333334,13.870000000000005,256,2,110.55555555555554,2.4424,4.790666666666666,3.336399999999999,-1.4542666666666668,19.003934367391484,38.44759680396162,35.01759700493454,-3.7093333333333343,16.666666666666664,,REG,12
2018,REG,12,week,15,1,Chase Daniel,QB,0810,00-0026544,Chase Daniel,C.Daniel,DAN230354,QB,QB,4,0810,2018,34754,32004441-4e23-0354-f686-46d36ead5645,William,Daniel,Chase,QB,QB,ACT,https://static.www.nfl.com/image/private/{formatInstructions}/league/zqu7jyy17dassy385p5e,37,27,0,72.97297297297297,68.62810810810811,4.34486486486486,230,2,106.81306306306307,2.5509459459459456,7.537297297297298,5.553703703703703,-1.9835935935935947,22.29154725198866,46.21245394912501,38.28705917147463,-1.7600000000000002,13.513513513513514,,REG,12
2018,REG,12,week,15,1,Andy Dalton,QB,0920,00-0027973,Andy Dalton,A.Dalton,DAL659900,QB,QB,14,0920,2018,37110,32004441-4c65-9900-551d-a31a0423b3ca,Andrew,Dalton,Andy,QB,QB,ACT,https://static.www.nfl.com/image/private/{formatInstructions}/league/fex1enmwhsyid5jyue7t,17,10,1,58.82352941176471,66.76941176470588,-7.945882352941169,100,1,70.7107843137255,2.3923529411764703,8.807647058823527,5.264,-3.5436470588235265,22.442281895527714,42.8133121820772,24.644370553941922,-1.0747058823529414,5.88235294117647,,REG,12
2018,REG,12,week,15,1,Jeff Driskel,QB,0920,00-0032436,Jeff Driskel,J.Driskel,DRI392790,QB,QB,6,0920,2018,43496,32004452-4939-2790-3aab-117735a7f4ab,Jeffrey,Driskel,Jeff,QB,QB,ACT,https://static.www.nfl.com/image/private/{formatInstructions}/league/mrglnsl7z78rbilz3be2,29,17,0,58.620689655172406,58.366896551724146,0.25379310344825967,155,1,84.69827586206897,2.554103448275862,7.817241379310344,4.836470588235293,-2.9807707910750514,20.45021086559823,42.53897624532119,26.338961634810133,-0.9068965517241382,34.48275862068966,,REG,12
2018,REG,12,week,15,1,Baker Mayfield,QB,1050,00-0034855,Baker Mayfield,B.Mayfield,MAY483453,QB,QB,6,1050,2018,46073,32004d41-5948-3453-e6ac-1ecff99fdcf6,Baker,Mayfield,Baker,QB,QB,ACT,https://static.www.nfl.com/image/private/{formatInstructions}/league/mrajlbudbl0hcfzmrqz3,26,19,0,73.07692307692307,63.42115384615386,9.65576923076921,258,4,143.9102564102564,3.0132307692307685,10.028076923076922,8.207368421052632,-1.8207085020242904,21.497337733348317,54.157312525641444,33.746787995304096,1.874230769230769,15.384615384615385,,REG,12
2018,REG,12,week,15,1,Dak Prescott,QB,1200,00-0033077,Dak Prescott,D.Prescott,PRE285723,QB,QB,4,1200,2018,43424,32005052-4528-5723-d1b2-96e92ebc1241,Rayne,Prescott,Dak,QB,QB,ACT,https://static.www.nfl.com/image/private/{formatInstructions}/league/httrtiv5us06hh6asf07,31,22,0,70.96774193548387,66.01064516129033,4.957096774193545,289,2,121.5725806451613,2.7564838709677417,6.207419354838709,4.281363636363636,-1.926055718475073,19.381317554375755,41.0437486104766,31.45919420455648,-2.4377419354838716,16.129032258064516,,REG,12
2018,REG,12,week,15,1,Case Keenum,QB,1400,00-0028986,Case Keenum,C.Keenum,KEE690598,QB,QB,4,1400,2018,38937,32004b45-4569-0598-1a82-7cad5305e148,Casey,Keenum,Case,QB,QB,ACT,https://static.www.nfl.com/image/private/{formatInstructions}/league/qnyuz76tdcsqxn1bzse1,28,15,0,53.57142857142857,58.21892857142856,-4.647499999999994,197,2,99.85119047619048,2.6369642857142854,10.132857142857144,9.070666666666664,-1.0621904761904801,22.14295502059925,46.41224407416646,45.909166840621275,1.2042857142857142,21.428571428571427,,REG,12
2018,REG,12,week,15,1,Matthew Stafford,QB,1540,00-0026498,Matthew Stafford,M.Stafford,STA134157,QB,QB,9,1540,2018,34452,32005354-4113-4157-19b1-37e6835d09b9,John,Stafford,Matthew,QB,QB,ACT,https://static.www.nfl.com/image/private/{formatInstructions}/league/iibglgpasx5wsrylvn2z,38,28,2,73.68421052631578,67.10421052631578,6.579999999999998,236,0,67.43421052631578,2.420184210526316,4.188157894736842,3.07,-1.1181578947368425,18.53466455159893,39.63741918944775,39.63741918944775,-3.232894736842106,15.789473684210526,,REG,12
2018,REG,12,week,15,1,Aaron Rodgers,QB,1800,00-0023459,Aaron Rodgers,A.Rodgers,ROD339293,QB,QB,12,1800,2018,29851,3200524f-4433-9293-a3cf-ad7758d03003,Aaron,Rodgers,Aaron,QB,QB,ACT,https://static.www.nfl.com/image/private/{formatInstructions}/league/ejjiyjumtzwxiffdhkgz,28,17,0,60.71428571428571,58.97285714285713,1.7414285714285782,198,1,94.04761904761904,2.9171785714285714,9.473571428571429,7.541176470588234,-1.9323949579831945,25.771497314725206,48.23785235683695,41.1661523584607,2.009285714285714,14.285714285714285,,REG,12
2018,REG,12,week,15,1,Marcus Mariota,QB,2100,00-0032268,Marcus Mariota,M.Mariota,MAR186347,QB,QB,8,2100,2018,42345,32004d41-5218-6347-2b09-64276fa61f68,Marcus,Mariota,Marcus,QB,QB,ACT,https://static.www.nfl.com/image/private/{formatInstructions}/league/qi4gui9b5gq10obus2xa,23,22,0,95.65217391304348,82.38347826086957,13.268695652173918,303,2,147.73550724637684,2.5191304347826087,4.59304347826087,4.863181818181818,0.2701383399209485,15.956563219176118,43.004085852393146,43.004085852393146,-4.885217391304347,0.0,,REG,12
2018,REG,12,week,15,1,Deshaun Watson,QB,2120,00-0033537,Deshaun Watson,D.Watson,WAT338355,QB,QB,4,2120,2018,44824,32005741-5433-8355-e029-e49022cf4b81,Derrick,Watson,Deshaun,QB,QB,ACT,https://static.www.nfl.com/image/private/{formatInstructions}/league/dhtjbkg3d9yrse2vpans,24,19,0,79.16666666666666,70.24416666666667,8.922499999999985,210,2,130.90277777777777,2.7149565217391305,8.389130434782608,6.459473684210525,-1.9296567505720832,21.860539966491775,61.695998249481306,40.741175731684535,-0.21956521739130577,12.5,,REG,12
2018,REG,12,week,15,1,Andrew Luck,QB,2200,00-0029668,Andrew Luck,A.Luck,LUC524055,QB,QB,12,2200,2018,38531,32004c55-4352-4055-1f10-c37ee3d83442,Andrew,Luck,Andrew,QB,QB,ACT,https://static.www.nfl.com/image/private/{formatInstructions}/league/ojix2ha2u58zqozaw756,37,30,2,81.08108108108108,68.46243243243244,12.618648648648644,343,3,109.7972972972973,2.545864864864864,7.944864864864863,4.897333333333333,-3.04753153153153,21.06005389509751,44.071311530291446,38.51916146543172,-0.6497297297297304,13.513513513513514,,REG,12
2018,REG,12,week,15,1,Blake Bortles,QB,2250,00-0031407,Blake Bortles,B.Bortles,BOR650964,QB,QB,5,2250,2018,41229,3200424f-5265-0964-4a57-fb0d82ae917e,Robby,Bortles,Blake,QB,QB,ACT,https://static.www.nfl.com/image/private/{formatInstructions}/league/qycdzdjsokwmamzwsmeq,23,12,2,52.17391304347826,61.85130434782607,-9.677391304347815,127,1,46.82971014492754,2.860782608695653,6.967391304347826,4.248333333333334,-2.719057971014492,17.834787411488133,49.135343694737706,40.222811935517385,-1.0760869565217386,17.391304347826086,Jr.,REG,12
2018,REG,12,week,15,1,Derek Carr,QB,2520,00-0031280,Derek Carr,D.Carr,CAR358797,QB,QB,4,2520,2018,41265,32004341-5235-8797-3b9a-0d2711c0bc27,Derek,Carr,Derek,QB,QB,ACT,https://static.www.nfl.com/image/private/{formatInstructions}/league/chtyn7pw8xqfpnrkd1fq,34,16,0,47.05882352941176,65.34411764705882,-18.285294117647062,194,1,74.87745098039214,2.890205882352941,8.827058823529413,5.433124999999999,-3.393933823529414,23.013245345407785,47.85331754434587,47.85331754434587,-0.3200000000000004,23.52941176470588,,REG,12
2018,REG,12,week,15,1,Ryan Tannehill,QB,2700,00-0029701,Ryan Tannehill,R.Tannehill,TAN298716,QB,QB,17,2700,2018,38538,32005441-4e29-8716-6443-cc1663c47ac9,Ryan,Tannehill,Ryan,QB,QB,ACT,https://static.www.nfl.com/image/private/{formatInstructions}/league/e2b84kobkdgravu7u6qy,25,17,0,68.0,68.8768,-0.8768000000000029,204,2,119.41666666666669,2.63364,5.2516,3.4682352941176458,-1.783364705882354,19.276861728036156,52.67347814602715,47.482335662854666,-3.748400000000001,8.0,,REG,12
2018,REG,12,week,15,1,Kirk Cousins,QB,3000,00-0029604,Kirk Cousins,K.Cousins,COU709400,QB,QB,8,3000,2018,38632,3200434f-5570-9400-e1ae-f835abb5963e,Kirk,Cousins,Kirk,QB,QB,ACT,https://static.www.nfl.com/image/private/{formatInstructions}/league/yoi19theqqakt4zpw9r4,38,29,0,76.31578947368422,66.92973684210524,9.386052631578977,342,3,129.49561403508773,2.5805405405405404,7.449999999999999,6.36448275862069,-1.0855172413793097,20.422377342524342,44.90962146355722,44.90962146355722,-1.6040540540540538,10.526315789473683,,REG,12
2018,REG,12,week,15,1,Tom Brady,QB,3200,00-0019596,Tom Brady,T.Brady,BRA371156,QB,QB,12,3200,2018,25511,32004252-4137-1156-7ed0-8b9e44948f13,Tom,Brady,Tom,QB,QB,ACT,https://static.www.nfl.com/image/private/{formatInstructions}/league/apkxya5ptb0zalrskshq,31,20,0,64.51612903225806,66.47451612903227,-1.958387096774203,283,2,115.38978494623655,2.7434516129032254,9.503225806451612,8.255500000000001,-1.2477258064516104,22.44338893253312,56.62442759092581,38.32376938663524,-0.5612903225806449,9.67741935483871,Jr.,REG,12
2018,REG,12,week,15,1,Drew Brees,QB,3300,00-0020531,Drew Brees,D.Brees,BRE229498,QB,QB,9,3300,2018,26250,32004252-4522-9498-de45-55dc89e02748,Drew,Brees,Drew,QB,QB,ACT,https://static.www.nfl.com/image/private/{formatInstructions}/league/i20xlpzdmn7xubotijjd,22,15,1,68.18181818181817,56.32318181818182,11.85863636363635,171,4,111.93181818181816,2.638818181818182,11.787727272727272,9.140000000000002,-2.64772727272727,23.69358432589154,37.70849904199317,35.505326360984206,3.5149999999999992,22.727272727272727,,REG,12
2018,REG,12,week,15,1,Eli Manning,QB,3410,00-0022803,Eli Manning,E.Manning,MAN473170,QB,QB,10,3410,2018,28953,32004d41-4e47-3170-d4e5-66f2cfc951d8,Elisha,Manning,Eli,QB,QB,ACT,https://static.www.nfl.com/image/private/{formatInstructions}/league/w51tf8uedjftbr4qpaex,37,26,1,70.27027027027027,68.22837837837838,2.0418918918918934,297,1,91.83558558558559,2.4849189189189183,8.418378378378378,5.95923076923077,-2.4591476091476077,21.30560798905681,44.017144387158964,42.797721901989135,-1.3924324324324322,16.216216216216218,,REG,12
2018,REG,12,week,15,1,Josh McCown,QB,3430,00-0021206,Josh McCown,J.McCown,MCC600777,QB,QB,15,3430,2018,27213,32004d43-4360-0777-1931-84279757cab3,Joshua,McCown,Josh,QB,QB,ACT,https://static.www.nfl.com/image/private/{formatInstructions}/league/qcauc37wqjdaxdbq1evu,45,26,1,57.77777777777777,60.31000000000001,-2.532222222222238,277,1,74.02777777777777,2.8255,7.891627906976745,5.216923076923076,-2.6747048300536687,20.25235811982573,48.14314073676539,34.21628267360439,-1.5269767441860465,20.0,,REG,12
2018,REG,12,week,15,1,Carson Wentz,QB,3700,00-0032950,Carson Wentz,C.Wentz,WEN615770,QB,QB,11,3700,2018,43291,32005745-4e61-5770-9c68-1652f876bc72,Carson,Wentz,Carson,QB,QB,ACT,https://static.www.nfl.com/image/private/{formatInstructions}/league/e0lkzdsozcwd6jwr1mju,28,20,0,71.42857142857143,67.89407407407408,3.534497354497347,236,1,108.6309523809524,2.669571428571428,6.532592592592594,6.075263157894737,-0.4573294346978569,18.332427638849676,35.91154688954515,27.59557210858292,-3.282222222222222,10.714285714285714,,REG,12
2018,REG,12,week,15,1,Josh Rosen,QB,3800,00-0034343,Josh Rosen,J.Rosen,ROS357433,QB,QB,3,3800,2018,46079,3200524f-5335-7433-3207-a02a4e884405,Joshua,Rosen,Josh,QB,QB,ACT,https://static.www.nfl.com/image/private/{formatInstructions}/league/evc67tf1tcwfwho6pmr9,19,12,1,63.1578947368421,56.025263157894734,7.132631578947368,105,1,73.35526315789474,2.931526315789474,7.266315789473684,2.630833333333333,-4.635482456140352,19.908596581492525,40.45201849104689,26.67323002562681,-0.681052631578948,36.84210526315789,,REG,12
2018,REG,12,week,15,1,Ben Roethlisberger,QB,3900,00-0022924,Ben Roethlisberger,B.Roethlisberger,ROE750381,QB,QB,7,3900,2018,28963,3200524f-4575-0381-afea-aa103cf4a1e3,Ben,Roethlisberger,Ben,QB,QB,ACT,https://static.www.nfl.com/image/private/{formatInstructions}/league/myft4pwoxwrxbeh1exyy,56,41,2,73.21428571428571,69.81803571428571,3.396249999999995,462,1,88.54166666666666,2.3023392857142855,6.963392857142856,5.279268292682927,-1.6841245644599292,20.100742360536284,47.10590302711541,37.51044787789131,-1.090178571428572,16.071428571428573,,REG,12
2018,REG,12,week,15,1,Philip Rivers,QB,4400,00-0022942,Philip Rivers,P.Rivers,RIV651634,QB,QB,17,4400,2018,28956,32005249-5665-1634-a192-77c9c8e6262e,Philip,Rivers,Philip,QB,QB,ACT,https://static.www.nfl.com/image/private/{formatInstructions}/league/adapxtphf15elrdudiix,29,28,0,96.55172413793103,74.10103448275864,22.450689655172397,259,3,138.36206896551727,2.6016551724137935,4.45793103448276,4.577500000000001,0.1195689655172405,17.31429658140885,39.308987521939564,39.308987521939564,-4.197241379310344,0.0,,REG,12
2018,REG,12,week,15,1,Nick Mullens,QB,4500,00-0033319,Nick Mullens,N.Mullens,MUL486612,QB,QB,4,4500,2018,45198,32004d55-4c48-6612-b03b-50f8fc6abe24,Nicholas,Mullens,Nick,QB,QB,ACT,https://static.www.nfl.com/image/private/{formatInstructions}/league/uhuolpgkltrmxcstv4ac,32,18,2,56.25,61.09375,-4.84375,221,1,62.109375,2.7712187500000005,8.7990625,5.66,-3.1390624999999996,20.493913658110152,37.8612334717188,26.762453176044982,-1.8259374999999998,18.75,,REG,12
2018,REG,12,week,15,1,Russell Wilson,QB,4600,00-0029263,Russell Wilson,R.Wilson,WIL777781,QB,QB,3,4600,2018,38605,32005749-4c77-7781-795c-94c753706d1d,Russell,Wilson,Russell,QB,QB,ACT,https://static.www.nfl.com/image/private/{formatInstructions}/league/rrpzsqysodir9laitnus,31,22,0,70.96774193548387,60.06258064516129,10.905161290322582,339,2,128.29301075268816,2.7192000000000003,10.774333333333335,9.488636363636363,-1.2856969696969713,26.026477116256746,51.62205052107093,51.62205052107093,2.2409999999999997,16.129032258064516,,REG,12
2018,REG,12,week,15,1,Jameis Winston,QB,4900,00-0031503,Jameis Winston,J.Winston,WIN623708,QB,QB,3,4900,2018,42344,32005749-4e62-3708-9650-e59a3f7bea83,Jameis,Winston,Jameis,QB,QB,ACT,https://static.www.nfl.com/image/private/{formatInstructions}/league/iurpf1pdjrjfowtksptf,38,29,0,76.31578947368422,70.62973684210526,5.68605263157896,312,2,117.4342105263158,2.936236842105263,9.790789473684212,7.211034482758621,-2.579754990925591,21.234343324448236,57.288728385259176,48.46467682756174,0.23815789473684185,7.894736842105263,,REG,12
2018,REG,12,week,15,1,Colt McCoy,QB,5110,00-0027688,Colt McCoy,C.McCoy,MCC603149,QB,QB,12,5110,2018,35524,32004d43-4360-3149-3730-03f6064d0cb7,Daniel,McCoy,Colt,QB,QB,ACT,https://static.www.nfl.com/image/private/{formatInstructions}/league/gz4s7wclpyp2afmtandb,38,24,3,63.1578947368421,65.81868421052631,-2.6607894736842113,268,2,68.74999999999999,2.559842105263158,8.984210526315788,6.756666666666668,-2.2275438596491206,21.821799127280133,46.99348997467628,37.47687553678934,0.8526315789473685,18.421052631578945,,REG,12
2018,REG,13,week,15,1,Matt Ryan,QB,0200,00-0026143,Matt Ryan,M.Ryan,RYA238179,QB,QB,2,0200,2018,33084,32005259-4123-8179-1aae-5603693aba86,Matthew,Ryan,Matt,QB,QB,ACT,https://static.www.nfl.com/image/private/{formatInstructions}/league/nsup3rrfi8jfj8oduf1t,26,16,0,61.53846153846154,62.83576923076922,-1.2973076923076832,131,1,87.17948717948718,2.647576923076923,10.044615384615385,5.435625,-4.608990384615385,22.444244978651746,52.1026035817789,29.18285798204144,0.6215384615384623,23.076923076923077,,REG,13
2018,REG,13,week,15,1,Lamar Jackson,QB,0325,00-0034796,Lamar Jackson,L.Jackson,JAC323395,QB,QB,8,0325,2018,46101,32004a41-4332-3395-efb0-6c7b75de50af,Lamar,Jackson,Lamar,QB,QB,ACT,https://static.www.nfl.com/image/private/{formatInstructions}/league/rojvfogdbjpld2ldvdop,21,12,0,57.14285714285714,73.60047619047619,-16.457619047619048,125,0,74.50396825396824,3.166571428571428,8.018095238095238,6.4033333333333315,-1.6147619047619068,18.402336625582826,46.86645708819901,23.039924045013688,0.9704761904761894,4.761904761904762,,REG,13
2018,REG,13,week,15,1,Josh Allen,QB,0610,00-0034857,Josh Allen,J.Allen,ALL529264,QB,QB,17,0610,2018,46076,3200414c-4c52-9264-bedc-c4ddaf201fe7,Joshua,Allen,Josh,QB,QB,ACT,https://static.www.nfl.com/image/private/{formatInstructions}/league/uyhjaf2okyygjyfzk8hc,33,18,2,54.54545454545454,57.49484848484848,-2.949393939393943,231,2,71.6540404040404,3.778545454545454,15.818181818181818,8.792222222222225,-7.025959595959593,27.16108477543145,65.20007668707146,32.81787317910775,5.848484848484849,3.0303030303030303,,REG,13
2018,REG,13,week,15,1,Cam Newton,QB,0750,00-0027939,Cam Newton,C.Newton,NEW693984,QB,QB,1,0750,2018,37074,32004e45-5769-3984-c32b-2c25062be531,Cameron,Newton,Cam,QB,QB,ACT,https://static.www.nfl.com/image/private/{formatInstructions}/league/gin1atizg1ga9p0skyu0,41,28,4,68.29268292682927,63.64097560975609,4.651707317073182,300,2,66.15853658536585,2.9560000000000004,8.948780487804877,5.231071428571428,-3.7177090592334485,24.057986942724757,45.21796324471061,35.20600658978522,-0.4902439024390243,12.195121951219512,,REG,13
2018,REG,13,week,15,1,Chase Daniel,QB,0810,00-0026544,Chase Daniel,C.Daniel,DAN230354,QB,QB,4,0810,2018,34754,32004441-4e23-0354-f686-46d36ead5645,William,Daniel,Chase,QB,QB,ACT,https://static.www.nfl.com/image/private/{formatInstructions}/league/zqu7jyy17dassy385p5e,39,26,2,66.66666666666666,55.07512820512821,11.591538461538448,285,1,75.26709401709401,2.755333333333333,9.75948717948718,7.060384615384617,-2.6991025641025637,22.40185425711483,53.28836458364997,53.28836458364997,0.8876923076923083,30.76923076923077,,REG,13
2018,REG,13,week,15,1,Jeff Driskel,QB,0920,00-0032436,Jeff Driskel,J.Driskel,DRI392790,QB,QB,6,0920,2018,43496,32004452-4939-2790-3aab-117735a7f4ab,Jeffrey,Driskel,Jeff,QB,QB,ACT,https://static.www.nfl.com/image/private/{formatInstructions}/league/mrglnsl7z78rbilz3be2,37,25,1,67.56756756756756,63.932972972972976,3.6345945945945886,236,1,82.71396396396396,2.446756756756757,5.404054054054053,3.236,-2.168054054054053,19.92287752595665,37.07796785154224,29.885896339243367,-5.514864864864865,18.91891891891892,,REG,13
2018,REG,13,week,15,1,Baker Mayfield,QB,1050,00-0034855,Baker Mayfield,B.Mayfield,MAY483453,QB,QB,6,1050,2018,46073,32004d41-5948-3453-e6ac-1ecff99fdcf6,Baker,Mayfield,Baker,QB,QB,ACT,https://static.www.nfl.com/image/private/{formatInstructions}/league/mrajlbudbl0hcfzmrqz3,43,29,3,67.44186046511628,64.34651162790699,3.0953488372092863,397,1,75.4360465116279,3.2739268292682926,9.793170731707317,6.873448275862068,-2.919722455845249,21.482742881952593,50.11211131054049,39.112197585919404,0.8663414634146339,2.3255813953488373,,REG,13
2018,REG,13,week,15,1,Dak Prescott,QB,1200,00-0033077,Dak Prescott,D.Prescott,PRE285723,QB,QB,4,1200,2018,43424,32005052-4528-5723-d1b2-96e92ebc1241,Rayne,Prescott,Dak,QB,QB,ACT,https://static.www.nfl.com/image/private/{formatInstructions}/league/httrtiv5us06hh6asf07,28,24,0,85.71428571428571,71.87107142857143,13.843214285714282,249,1,115.625,2.6232499999999996,7.0024999999999995,4.733333333333333,-2.269166666666666,21.610819512084134,50.12102253545911,43.47327569898547,-2.1403571428571424,10.714285714285714,,REG,13
2018,REG,13,week,15,1,Case Keenum,QB,1400,00-0028986,Case Keenum,C.Keenum,KEE690598,QB,QB,4,1400,2018,38937,32004b45-4569-0598-1a82-7cad5305e148,Casey,Keenum,Case,QB,QB,ACT,https://static.www.nfl.com/image/private/{formatInstructions}/league/qnyuz76tdcsqxn1bzse1,21,12,0,57.14285714285714,61.027142857142856,-3.884285714285717,151,1,95.53571428571428,2.629571428571429,6.630000000000001,7.9191666666666665,1.2891666666666657,19.941483902823638,45.5589343597938,45.5589343597938,-1.3699999999999992,19.047619047619047,,REG,13
2018,REG,13,week,15,1,Matthew Stafford,QB,1540,00-0026498,Matthew Stafford,M.Stafford,STA134157,QB,QB,9,1540,2018,34452,32005354-4113-4157-19b1-37e6835d09b9,John,Stafford,Matthew,QB,QB,ACT,https://static.www.nfl.com/image/private/{formatInstructions}/league/iibglgpasx5wsrylvn2z,33,20,1,60.60606060606061,63.51909090909091,-2.913030303030304,245,1,80.99747474747475,2.6521818181818184,8.691818181818183,6.636,-2.055818181818183,20.61367832518845,40.6224383807767,32.535840238112804,-1.186969696969697,18.181818181818183,,REG,13
2018,REG,13,week,15,1,Aaron Rodgers,QB,1800,00-0023459,Aaron Rodgers,A.Rodgers,ROD339293,QB,QB,12,1800,2018,29851,3200524f-4433-9293-a3cf-ad7758d03003,Aaron,Rodgers,Aaron,QB,QB,ACT,https://static.www.nfl.com/image/private/{formatInstructions}/league/ejjiyjumtzwxiffdhkgz,50,31,0,62.0,65.35300000000001,-3.3530000000000086,233,1,79.83333333333333,3.0351799999999995,8.5734,3.4961290322580645,-5.077270967741935,22.480565145161876,53.826718272619964,37.86123083049467,0.1533999999999999,12.0,,REG,13
2018,REG,13,week,15,1,Marcus Mariota,QB,2100,00-0032268,Marcus Mariota,M.Mariota,MAR186347,QB,QB,8,2100,2018,42345,32004d41-5218-6347-2b09-64276fa61f68,Marcus,Mariota,Marcus,QB,QB,ACT,https://static.www.nfl.com/image/private/{formatInstructions}/league/qi4gui9b5gq10obus2xa,35,20,1,57.14285714285714,64.68057142857143,-7.537714285714287,282,2,90.41666666666664,2.7436,10.147999999999998,7.909999999999999,-2.2379999999999987,23.146580694316246,55.559734520604025,51.052568985311595,0.6337142857142851,8.571428571428571,,REG,13
2018,REG,13,week,15,1,Deshaun Watson,QB,2120,00-0033537,Deshaun Watson,D.Watson,WAT338355,QB,QB,4,2120,2018,44824,32005741-5433-8355-e029-e49022cf4b81,Derrick,Watson,Deshaun,QB,QB,ACT,https://static.www.nfl.com/image/private/{formatInstructions}/league/dhtjbkg3d9yrse2vpans,31,22,0,70.96774193548387,65.64645161290322,5.321290322580651,224,1,102.08333333333333,2.486516129032258,7.526129032258066,5.16090909090909,-2.3652199413489754,20.529613478986,49.989990998198834,36.495507942759204,-1.8287096774193543,19.35483870967742,,REG,13
2018,REG,13,week,15,1,Andrew Luck,QB,2200,00-0029668,Andrew Luck,A.Luck,LUC524055,QB,QB,12,2200,2018,38531,32004c55-4352-4055-1f10-c37ee3d83442,Andrew,Luck,Andrew,QB,QB,ACT,https://static.www.nfl.com/image/private/{formatInstructions}/league/ojix2ha2u58zqozaw756,52,33,1,63.46153846153846,63.32192307692307,0.13961538461538936,248,0,66.82692307692307,2.911923076923077,7.3905882352941195,3.8781818181818193,-3.5124064171123,21.506371577373603,43.07802804214696,30.20483736092615,-1.7466666666666664,21.153846153846153,,REG,13
2018,REG,13,week,15,1,Cody Kessler,QB,2250,00-0033104,Cody Kessler,C.Kessler,KES701662,QB,QB,6,2250,2018,43382,32004b45-5370-1662-8570-5095ed4b0b10,Cody,Kessler,Cody,QB,QB,ACT,https://static.www.nfl.com/image/private/{formatInstructions}/league/gkvutiyutml2atftmu09,24,18,0,75.0,69.4925,5.507499999999993,150,0,90.625,2.882333333333333,4.666666666666667,1.9572222222222233,-2.7094444444444434,19.436271541570203,41.80526402260845,32.31402172432271,-5.541666666666667,8.333333333333332,,REG,13
2018,REG,13,week,15,1,Patrick Mahomes,QB,2310,00-0033873,Patrick Mahomes,P.Mahomes,MAH401939,QB,QB,15,2310,2018,44822,32004d41-4840-1939-e4c1-bb89191b4e71,Patrick,Mahomes,Patrick,QB,QB,ACT,https://static.www.nfl.com/image/private/{formatInstructions}/league/ugt3pz3jk8v1cbuvj3om,38,23,0,60.526315789473685,65.24315789473685,-4.716842105263169,295,4,119.9561403508772,3.212026315789474,12.141315789473683,7.578260869565218,-4.563054919908465,23.863126022062158,60.53645843621842,37.755091047433595,3.6676315789473684,5.263157894736842,,REG,13
2018,REG,13,week,15,1,Jared Goff,QB,2510,00-0033106,Jared Goff,J.Goff,GOF219636,QB,QB,16,2510,2018,43290,3200474f-4621-9636-7354-d2eb6365d257,Jared,Goff,Jared,QB,QB,ACT,https://static.www.nfl.com/image/private/{formatInstructions}/league/kke5xst7v1ciq1udqqyr,33,17,1,51.515151515151516,58.4930303030303,-6.977878787878787,207,1,68.62373737373737,3.361060606060606,10.893636363636364,8.795882352941176,-2.097754010695189,26.757387956589252,52.89670027515894,39.06950857126309,1.742121212121211,12.121212121212121,,REG,13
2018,REG,13,week,15,1,Derek Carr,QB,2520,00-0031280,Derek Carr,D.Carr,CAR358797,QB,QB,4,2520,2018,41265,32004341-5235-8797-3b9a-0d2711c0bc27,Derek,Carr,Derek,QB,QB,ACT,https://static.www.nfl.com/image/private/{formatInstructions}/league/chtyn7pw8xqfpnrkd1fq,38,29,0,76.31578947368422,69.46947368421054,6.846315789473678,285,3,123.24561403508774,2.5181842105263157,8.643947368421054,5.7665517241379325,-2.877395644283122,22.102620084581726,49.43778817867968,37.411361910521244,-0.5665789473684203,10.526315789473683,,REG,13
2018,REG,13,week,15,1,Ryan Tannehill,QB,2700,00-0029701,Ryan Tannehill,R.Tannehill,TAN298716,QB,QB,17,2700,2018,38538,32005441-4e29-8716-6443-cc1663c47ac9,Ryan,Tannehill,Ryan,QB,QB,ACT,https://static.www.nfl.com/image/private/{formatInstructions}/league/e2b84kobkdgravu7u6qy,24,16,1,66.66666666666666,60.762499999999996,5.9041666666666615,137,3,103.64583333333333,2.5471666666666666,10.067499999999999,6.793749999999999,-3.2737499999999997,23.141000045409886,50.66778463678869,34.744380840648176,0.9841666666666665,25.0,,REG,13
2018,REG,13,week,15,1,Kirk Cousins,QB,3000,00-0029604,Kirk Cousins,K.Cousins,COU709400,QB,QB,8,3000,2018,38632,3200434f-5570-9400-e1ae-f835abb5963e,Kirk,Cousins,Kirk,QB,QB,ACT,https://static.www.nfl.com/image/private/{formatInstructions}/league/yoi19theqqakt4zpw9r4,44,32,2,72.72727272727273,72.47090909090909,0.2563636363636448,201,1,70.35984848484848,2.589159090909091,6.665454545454546,2.9815625,-3.683892045454546,20.39127413755163,52.06234051596221,32.15638816782756,-2.8572727272727274,6.8181818181818175,,REG,13
2018,REG,13,week,15,1,Tom Brady,QB,3200,00-0019596,Tom Brady,T.Brady,BRA371156,QB,QB,12,3200,2018,25511,32004252-4137-1156-7ed0-8b9e44948f13,Tom,Brady,Tom,QB,QB,ACT,https://static.www.nfl.com/image/private/{formatInstructions}/league/apkxya5ptb0zalrskshq,32,24,1,75.0,74.81656249999999,0.1834375000000108,311,1,102.47395833333333,2.3105937500000002,3.4046874999999996,2.883333333333333,-0.5213541666666668,15.502377747950328,43.22567871069233,43.22567871069233,-5.0328124999999995,9.375,Jr.,REG,13
2018,REG,13,week,15,1,Drew Brees,QB,3300,00-0020531,Drew Brees,D.Brees,BRE229498,QB,QB,9,3300,2018,26250,32004252-4522-9498-de45-55dc89e02748,Drew,Brees,Drew,QB,QB,ACT,https://static.www.nfl.com/image/private/{formatInstructions}/league/i20xlpzdmn7xubotijjd,28,18,1,64.28571428571429,68.88535714285716,-4.599642857142868,127,1,71.57738095238096,2.619285714285714,3.9928571428571416,2.9527777777777766,-1.040079365079365,17.823731801160413,45.52012412109616,45.52012412109616,-4.971428571428573,21.428571428571427,,REG,13
2018,REG,13,week,15,1,Eli Manning,QB,3410,00-0022803,Eli Manning,E.Manning,MAN473170,QB,QB,10,3410,2018,28953,32004d41-4e47-3170-d4e5-66f2cfc951d8,Elisha,Manning,Eli,QB,QB,ACT,https://static.www.nfl.com/image/private/{formatInstructions}/league/w51tf8uedjftbr4qpaex,35,19,1,54.285714285714285,60.29742857142858,-6.011714285714298,170,1,65.17857142857143,2.732485714285714,6.828285714285714,5.383157894736842,-1.4451278195488726,19.461656073269975,49.46058835072628,33.23280908981365,-2.1431428571428572,31.428571428571427,,REG,13
2018,REG,13,week,15,1,Josh McCown,QB,3430,00-0021206,Josh McCown,J.McCown,MCC600777,QB,QB,15,3430,2018,27213,32004d43-4360-0777-1931-84279757cab3,Joshua,McCown,Josh,QB,QB,ACT,https://static.www.nfl.com/image/private/{formatInstructions}/league/qcauc37wqjdaxdbq1evu,30,17,1,56.666666666666664,68.53833333333334,-11.871666666666677,128,0,53.19444444444444,2.5807333333333333,7.870666666666668,3.0723529411764714,-4.798313725490196,22.24530857054731,51.512866353950834,36.54264495079686,-0.7626666666666659,16.666666666666664,,REG,13
2018,REG,13,week,15,1,Carson Wentz,QB,3700,00-0032950,Carson Wentz,C.Wentz,WEN615770,QB,QB,11,3700,2018,43291,32005745-4e61-5770-9c68-1652f876bc72,Carson,Wentz,Carson,QB,QB,ACT,https://static.www.nfl.com/image/private/{formatInstructions}/league/e0lkzdsozcwd6jwr1mju,39,27,1,69.23076923076923,62.62487179487179,6.60589743589744,306,2,98.87820512820514,2.696333333333333,6.043333333333333,4.470370370370372,-1.5729629629629613,19.295444433846036,40.342822162064955,37.09091128565057,-2.264358974358974,17.94871794871795,,REG,13
2018,REG,13,week,15,1,Josh Rosen,QB,3800,00-0034343,Josh Rosen,J.Rosen,ROS357433,QB,QB,3,3800,2018,46079,3200524f-5335-7433-3207-a02a4e884405,Joshua,Rosen,Josh,QB,QB,ACT,https://static.www.nfl.com/image/private/{formatInstructions}/league/evc67tf1tcwfwho6pmr9,26,11,0,42.30769230769231,48.656923076923064,-6.349230769230758,149,0,61.21794871794872,3.202230769230769,9.955769230769231,10.595454545454546,0.6396853146853143,23.838573007285373,42.16542303831423,42.16542303831423,0.5711538461538463,23.076923076923077,,REG,13
2018,REG,13,week,15,1,Ben Roethlisberger,QB,3900,00-0022924,Ben Roethlisberger,B.Roethlisberger,ROE750381,QB,QB,7,3900,2018,28963,3200524f-4575-0381-afea-aa103cf4a1e3,Ben,Roethlisberger,Ben,QB,QB,ACT,https://static.www.nfl.com/image/private/{formatInstructions}/league/myft4pwoxwrxbeh1exyy,45,29,1,64.44444444444444,70.69199999999998,-6.247555555555536,281,2,87.36111111111113,2.5367333333333333,8.313555555555556,5.57,-2.743555555555556,20.394408237556522,50.10744455667242,50.10744455667242,-0.5975555555555551,15.555555555555555,,REG,13
2018,REG,13,week,15,1,Philip Rivers,QB,4400,00-0022942,Philip Rivers,P.Rivers,RIV651634,QB,QB,17,4400,2018,28956,32005249-5665-1634-a192-77c9c8e6262e,Philip,Rivers,Philip,QB,QB,ACT,https://static.www.nfl.com/image/private/{formatInstructions}/league/adapxtphf15elrdudiix,36,26,0,72.22222222222221,71.46916666666665,0.7530555555555623,299,2,115.3935185185185,2.4078888888888894,6.075000000000001,5.686538461538461,-0.38846153846153975,17.767151540066696,49.07201748450944,49.07201748450944,-3.03611111111111,11.11111111111111,,REG,13
2018,REG,13,week,15,1,Nick Mullens,QB,4500,00-0033319,Nick Mullens,N.Mullens,MUL486612,QB,QB,4,4500,2018,45198,32004d55-4c48-6612-b03b-50f8fc6abe24,Nicholas,Mullens,Nick,QB,QB,ACT,https://static.www.nfl.com/image/private/{formatInstructions}/league/uhuolpgkltrmxcstv4ac,48,30,1,62.5,60.6175,1.8825000000000003,414,2,95.3125,2.8115,5.108666666666665,5.670666666666666,0.5620000000000003,17.329842568178904,36.83918837325274,36.83918837325274,-3.8024444444444447,6.25,,REG,13
2018,REG,13,week,15,1,Russell Wilson,QB,4600,00-0029263,Russell Wilson,R.Wilson,WIL777781,QB,QB,3,4600,2018,38605,32005749-4c77-7781-795c-94c753706d1d,Russell,Wilson,Russell,QB,QB,ACT,https://static.www.nfl.com/image/private/{formatInstructions}/league/rrpzsqysodir9laitnus,17,11,0,64.70588235294117,66.13058823529411,-1.4247058823529386,185,4,140.9313725490196,3.3272941176470585,8.637058823529415,8.437272727272727,-0.19978609625668753,22.161607543101674,49.199034543372896,49.199034543372896,-3.068823529411764,11.76470588235294,,REG,13
2018,REG,13,week,15,1,Jameis Winston,QB,4900,00-0031503,Jameis Winston,J.Winston,WIN623708,QB,QB,3,4900,2018,42344,32005749-4e62-3708-9650-e59a3f7bea83,Jameis,Winston,Jameis,QB,QB,ACT,https://static.www.nfl.com/image/private/{formatInstructions}/league/iurpf1pdjrjfowtksptf,30,20,0,66.66666666666666,69.48299999999999,-2.8163333333333327,249,2,114.44444444444444,2.4847333333333337,7.867999999999999,7.526499999999999,-0.3415000000000008,19.234244675268595,35.60618626025539,35.60618626025539,-1.6320000000000006,23.333333333333332,,REG,13
2018,REG,13,week,15,1,Mark Sanchez,QB,5110,00-0026898,Mark Sanchez,M.Sanchez,SAN091667,QB,QB,6,5110,2018,34456,32005341-4e09-1667-7c95-5c4f3794f8d9,Mark,Sanchez,Mark,QB,QB,ACT,https://static.www.nfl.com/image/private/{formatInstructions}/league/e12qugcuc1cpgkf0crfn,21,13,1,61.904761904761905,71.22619047619048,-9.321428571428577,100,0,53.67063492063492,2.689095238095238,6.556666666666667,2.045384615384616,-4.51128205128205,18.04860210329602,50.01044890820317,20.46097016272689,-4.871904761904762,4.761904761904762,,REG,13
2018,REG,14,week,15,1,Matt Ryan,QB,0200,00-0026143,Matt Ryan,M.Ryan,RYA238179,QB,QB,2,0200,2018,33084,32005259-4123-8179-1aae-5603693aba86,Matthew,Ryan,Matt,QB,QB,ACT,https://static.www.nfl.com/image/private/{formatInstructions}/league/nsup3rrfi8jfj8oduf1t,42,28,1,66.66666666666666,61.44952380952381,5.217142857142846,262,3,97.51984126984127,2.881642857142857,8.504523809523809,5.377857142857143,-3.126666666666666,20.17005497493407,54.97369734700405,36.06240285948789,0.31404761904761846,21.428571428571427,,REG,14
2018,REG,14,week,15,1,Lamar Jackson,QB,0325,00-0034796,Lamar Jackson,L.Jackson,JAC323395,QB,QB,8,0325,2018,46101,32004a41-4332-3395-efb0-6c7b75de50af,Lamar,Jackson,Lamar,QB,QB,ACT,https://static.www.nfl.com/image/private/{formatInstructions}/league/rojvfogdbjpld2ldvdop,24,13,0,54.166666666666664,55.575833333333335,-1.4091666666666711,147,2,100.52083333333333,3.089041666666667,11.02625,7.74923076923077,-3.2770192307692296,23.29093268002424,58.58355144577699,33.74996296294265,2.4429166666666675,29.166666666666668,,REG,14
2018,REG,14,week,15,1,Josh Allen,QB,0610,00-0034857,Josh Allen,J.Allen,ALL529264,QB,QB,17,0610,2018,46076,3200414c-4c52-9264-bedc-c4ddaf201fe7,Joshua,Allen,Josh,QB,QB,ACT,https://static.www.nfl.com/image/private/{formatInstructions}/league/uyhjaf2okyygjyfzk8hc,36,18,2,50.0,67.1688888888889,-17.1688888888889,206,0,44.44444444444445,3.2652222222222225,8.381944444444446,6.957777777777778,-1.4241666666666681,21.60843495932202,38.78686504475452,33.91365801561371,-2.3402777777777777,2.7777777777777777,,REG,14
2018,REG,14,week,15,1,Cam Newton,QB,0750,00-0027939,Cam Newton,C.Newton,NEW693984,QB,QB,1,0750,2018,37074,32004e45-5769-3984-c32b-2c25062be531,Cameron,Newton,Cam,QB,QB,ACT,https://static.www.nfl.com/image/private/{formatInstructions}/league/gin1atizg1ga9p0skyu0,42,26,1,61.904761904761905,70.48023809523811,-8.575476190476202,265,0,70.03968253968254,2.5494047619047615,5.732380952380952,4.32923076923077,-1.4031501831501823,19.314657093069368,47.57191293189711,36.938383830373525,-2.910476190476191,14.285714285714285,,REG,14
2018,REG,14,week,15,1,Mitchell Trubisky,QB,0810,00-0033869,Mitchell Trubisky,M.Trubisky,TRU215336,QB,QB,10,0810,2018,44814,32005452-5521-5336-8519-c8cb45ea9b74,Mitchell,Trubisky,Mitchell,QB,QB,ACT,https://static.www.nfl.com/image/private/{formatInstructions}/league/yxl8earcwsagar5mbjfi,30,16,3,53.333333333333336,67.011,-13.67766666666666,110,1,33.33333333333333,2.4471000000000003,7.100666666666666,3.565625,-3.5350416666666664,20.44225366251525,36.784328184703874,24.936505368635757,-2.0660000000000003,10.0,,REG,14
2018,REG,14,week,15,1,Jeff Driskel,QB,0920,00-0032436,Jeff Driskel,J.Driskel,DRI392790,QB,QB,6,0920,2018,43496,32004452-4939-2790-3aab-117735a7f4ab,Jeffrey,Driskel,Jeff,QB,QB,ACT,https://static.www.nfl.com/image/private/{formatInstructions}/league/mrglnsl7z78rbilz3be2,27,18,0,66.66666666666666,68.56703703703703,-1.9003703703703678,170,1,96.21913580246914,2.4463703703703708,5.7740740740740755,4.5950000000000015,-1.179074074074074,19.751970071622104,47.424340796683715,30.40345046207749,-3.559259259259258,7.4074074074074066,,REG,14
2018,REG,14,week,15,1,Baker Mayfield,QB,1050,00-0034855,Baker Mayfield,B.Mayfield,MAY483453,QB,QB,6,1050,2018,46073,32004d41-5948-3453-e6ac-1ecff99fdcf6,Baker,Mayfield,Baker,QB,QB,ACT,https://static.www.nfl.com/image/private/{formatInstructions}/league/mrajlbudbl0hcfzmrqz3,22,18,0,81.81818181818183,66.60909090909092,15.209090909090904,238,1,126.8939393939394,3.247181818181818,10.540454545454548,8.806666666666668,-1.7337878787878793,22.48693518916917,63.79345185832164,63.79345185832164,-2.050454545454544,9.090909090909092,,REG,14
2018,REG,14,week,15,1,Dak Prescott,QB,1200,00-0033077,Dak Prescott,D.Prescott,PRE285723,QB,QB,4,1200,2018,43424,32005052-4528-5723-d1b2-96e92ebc1241,Rayne,Prescott,Dak,QB,QB,ACT,https://static.www.nfl.com/image/private/{formatInstructions}/league/httrtiv5us06hh6asf07,54,42,2,77.77777777777779,69.15870370370372,8.619074074074064,455,3,104.86111111111111,2.4694629629629627,7.640925925925926,5.220238095238095,-2.4206878306878314,21.589445500433143,55.747089610131226,48.22041476387361,-1.5442592592592594,14.814814814814813,,REG,14
2018,REG,14,week,15,1,Case Keenum,QB,1400,00-0028986,Case Keenum,C.Keenum,KEE690598,QB,QB,4,1400,2018,38937,32004b45-4569-0598-1a82-7cad5305e148,Casey,Keenum,Case,QB,QB,ACT,https://static.www.nfl.com/image/private/{formatInstructions}/league/qnyuz76tdcsqxn1bzse1,42,24,0,57.14285714285714,59.933095238095234,-2.790238095238095,186,1,76.09126984126982,2.842142857142857,5.218809523809523,4.31125,-0.9075595238095229,19.983010697374983,42.14535798875126,26.067061591211232,-2.5430952380952383,11.904761904761903,,REG,14
2018,REG,14,week,15,1,Matthew Stafford,QB,1540,00-0026498,Matthew Stafford,M.Stafford,STA134157,QB,QB,9,1540,2018,34452,32005354-4113-4157-19b1-37e6835d09b9,John,Stafford,Matthew,QB,QB,ACT,https://static.www.nfl.com/image/private/{formatInstructions}/league/iibglgpasx5wsrylvn2z,23,15,0,65.21739130434783,69.16869565217392,-3.9513043478260954,101,0,74.72826086956522,2.572,6.017391304347826,1.3786666666666665,-4.638724637681159,18.39009917492005,54.41810452413792,20.33294125305043,-3.7217391304347824,8.695652173913043,,REG,14
2018,REG,14,week,15,1,Aaron Rodgers,QB,1800,00-0023459,Aaron Rodgers,A.Rodgers,ROD339293,QB,QB,12,1800,2018,29851,3200524f-4433-9293-a3cf-ad7758d03003,Aaron,Rodgers,Aaron,QB,QB,ACT,https://static.www.nfl.com/image/private/{formatInstructions}/league/ejjiyjumtzwxiffdhkgz,32,21,0,65.625,56.59812500000001,9.02687499999999,196,2,103.125,2.8785312500000004,8.350000000000001,5.353809523809523,-2.9961904761904785,23.726312961943723,61.395785685989885,41.97622303161637,-0.9312500000000001,34.375,,REG,14
2018,REG,14,week,15,1,Marcus Mariota,QB,2100,00-0032268,Marcus Mariota,M.Mariota,MAR186347,QB,QB,8,2100,2018,42345,32004d41-5218-6347-2b09-64276fa61f68,Marcus,Mariota,Marcus,QB,QB,ACT,https://static.www.nfl.com/image/private/{formatInstructions}/league/qi4gui9b5gq10obus2xa,24,18,1,75.0,74.22541666666666,0.7745833333333394,162,0,75.34722222222223,2.7442083333333334,6.252499999999999,3.0522222222222215,-3.200277777777777,19.376451569226067,50.76582413395847,28.004965631116203,-1.9141666666666681,12.5,,REG,14
2018,REG,14,week,15,1,Deshaun Watson,QB,2120,00-0033537,Deshaun Watson,D.Watson,WAT338355,QB,QB,4,2120,2018,44824,32005741-5433-8355-e029-e49022cf4b81,Derrick,Watson,Deshaun,QB,QB,ACT,https://static.www.nfl.com/image/private/{formatInstructions}/league/dhtjbkg3d9yrse2vpans,38,27,0,71.05263157894737,74.3621052631579,-3.3094736842105306,267,1,99.34210526315789,2.994736842105263,6.988421052631579,4.04111111111111,-2.9473099415204684,19.650619098519098,59.40013636347984,32.75394480058852,-1.88,5.263157894736842,,REG,14
2018,REG,14,week,15,1,Andrew Luck,QB,2200,00-0029668,Andrew Luck,A.Luck,LUC524055,QB,QB,12,2200,2018,38531,32004c55-4352-4055-1f10-c37ee3d83442,Andrew,Luck,Andrew,QB,QB,ACT,https://static.www.nfl.com/image/private/{formatInstructions}/league/ojix2ha2u58zqozaw756,41,27,1,65.85365853658537,66.5009756097561,-0.6473170731707256,399,2,103.60772357723577,2.558975609756097,8.447317073170732,9.607407407407406,1.1600903342366742,20.76633096510445,51.65994967090076,51.65994967090076,-0.4307317073170725,19.51219512195122,,REG,14
2018,REG,14,week,15,1,Cody Kessler,QB,2250,00-0033104,Cody Kessler,C.Kessler,KES701662,QB,QB,6,2250,2018,43382,32004b45-5370-1662-8570-5095ed4b0b10,Cody,Kessler,Cody,QB,QB,ACT,https://static.www.nfl.com/image/private/{formatInstructions}/league/gkvutiyutml2atftmu09,43,25,0,58.139534883720934,62.39744186046512,-4.257906976744188,240,1,81.54069767441861,3.0226511627906976,9.517674418604651,6.5324,-2.985274418604651,22.79688138191742,48.93725370308392,44.620942392558234,0.35488372093023274,20.930232558139537,,REG,14
2018,REG,14,week,15,1,Patrick Mahomes,QB,2310,00-0033873,Patrick Mahomes,P.Mahomes,MAH401939,QB,QB,15,2310,2018,44822,32004d41-4840-1939-e4c1-bb89191b4e71,Patrick,Mahomes,Patrick,QB,QB,ACT,https://static.www.nfl.com/image/private/{formatInstructions}/league/ugt3pz3jk8v1cbuvj3om,53,35,1,66.0377358490566,58.20981132075471,7.827924528301892,377,2,91.47012578616352,3.073528301886793,7.562549019607843,4.451142857142858,-3.111406162464985,21.656302648939675,51.486480749804606,43.63196649246972,-1.3590196078431374,9.433962264150944,,REG,14
2018,REG,14,week,15,1,Jared Goff,QB,2510,00-0033106,Jared Goff,J.Goff,GOF219636,QB,QB,16,2510,2018,43290,3200474f-4621-9636-7354-d2eb6365d257,Jared,Goff,Jared,QB,QB,ACT,https://static.www.nfl.com/image/private/{formatInstructions}/league/kke5xst7v1ciq1udqqyr,44,20,4,45.45454545454545,64.59772727272728,-19.14318181818183,180,0,19.128787878787875,2.969772727272728,9.241363636363637,5.833500000000001,-3.4078636363636363,21.732788256712976,58.17316219701315,31.92470046844606,-0.25863636363636355,11.363636363636363,,REG,14
2018,REG,14,week,15,1,Derek Carr,QB,2520,00-0031280,Derek Carr,D.Carr,CAR358797,QB,QB,4,2520,2018,41265,32004341-5235-8797-3b9a-0d2711c0bc27,Derek,Carr,Derek,QB,QB,ACT,https://static.www.nfl.com/image/private/{formatInstructions}/league/chtyn7pw8xqfpnrkd1fq,34,25,0,73.52941176470588,64.1179411764706,9.41147058823529,322,2,122.4264705882353,2.2630882352941177,8.116176470588234,8.033600000000002,-0.08257647058823281,19.981567034918037,39.576399533055046,39.576399533055046,-1.0897058823529406,17.647058823529413,,REG,14
2018,REG,14,week,15,1,Ryan Tannehill,QB,2700,00-0029701,Ryan Tannehill,R.Tannehill,TAN298716,QB,QB,17,2700,2018,38538,32005441-4e29-8716-6443-cc1663c47ac9,Ryan,Tannehill,Ryan,QB,QB,ACT,https://static.www.nfl.com/image/private/{formatInstructions}/league/e2b84kobkdgravu7u6qy,19,14,0,73.68421052631578,63.26631578947368,10.4178947368421,265,3,155.1535087719298,2.6500526315789474,10.76157894736842,11.171428571428569,0.4098496240601488,23.733261681721437,46.64367588430397,46.64367588430397,0.23526315789473548,10.526315789473683,,REG,14
2018,REG,14,week,15,1,Kirk Cousins,QB,3000,00-0029604,Kirk Cousins,K.Cousins,COU709400,QB,QB,8,3000,2018,38632,3200434f-5570-9400-e1ae-f835abb5963e,Kirk,Cousins,Kirk,QB,QB,ACT,https://static.www.nfl.com/image/private/{formatInstructions}/league/yoi19theqqakt4zpw9r4,33,20,0,60.60606060606061,63.28545454545454,-2.6793939393939326,208,1,88.95202020202021,3.181848484848484,7.753939393939394,4.9885,-2.7654393939393938,21.32536823392235,52.898265567029696,52.898265567029696,-0.3369696969696973,15.151515151515152,,REG,14
2018,REG,14,week,15,1,Tom Brady,QB,3200,00-0019596,Tom Brady,T.Brady,BRA371156,QB,QB,12,3200,2018,25511,32004252-4137-1156-7ed0-8b9e44948f13,Tom,Brady,Tom,QB,QB,ACT,https://static.www.nfl.com/image/private/{formatInstructions}/league/apkxya5ptb0zalrskshq,43,27,0,62.7906976744186,62.41488372093023,0.3758139534883753,358,3,112.3546511627907,2.4497441860465115,7.84418604651163,7.711851851851853,-0.13233419465977647,20.306549680379124,43.40652600704184,37.55449507049722,-0.27209302325581425,6.976744186046512,Jr.,REG,14
2018,REG,14,week,15,1,Drew Brees,QB,3300,00-0020531,Drew Brees,D.Brees,BRE229498,QB,QB,9,3300,2018,26250,32004252-4522-9498-de45-55dc89e02748,Drew,Brees,Drew,QB,QB,ACT,https://static.www.nfl.com/image/private/{formatInstructions}/league/i20xlpzdmn7xubotijjd,31,24,1,77.41935483870968,76.55548387096775,0.8638709677419314,201,1,90.92741935483872,2.5264838709677417,6.2448387096774205,5.4366666666666665,-0.808172043010754,18.0216688249481,37.105936182772695,36.5075608607313,-1.7874193548387098,9.67741935483871,,REG,14
2018,REG,14,week,15,1,Eli Manning,QB,3410,00-0022803,Eli Manning,E.Manning,MAN473170,QB,QB,10,3410,2018,28953,32004d41-4e47-3170-d4e5-66f2cfc951d8,Elisha,Manning,Eli,QB,QB,ACT,https://static.www.nfl.com/image/private/{formatInstructions}/league/w51tf8uedjftbr4qpaex,22,14,0,63.63636363636363,61.860454545454544,1.7759090909090887,197,3,132.00757575757575,2.790727272727273,5.605454545454546,4.630000000000001,-0.9754545454545456,20.815142546731554,40.38809849448226,40.38809849448226,-3.167272727272726,22.727272727272727,,REG,14
2018,REG,14,week,15,1,Sam Darnold,QB,3430,00-0034869,Sam Darnold,S.Darnold,DAR466141,QB,QB,14,3430,2018,46072,32004441-5246-6141-9e5c-6e7d32a03e33,Sam,Darnold,Sam,QB,QB,ACT,https://static.www.nfl.com/image/private/{formatInstructions}/league/eq43mbsq4xhpm9sfh0yl,24,16,1,66.66666666666666,63.30416666666666,3.362499999999997,170,1,83.68055555555557,3.3255416666666666,8.103333333333333,6.60375,-1.4995833333333337,22.167293597984052,45.91957425760827,45.91957425760827,0.10333333333333372,20.833333333333336,,REG,14
2018,REG,14,week,15,1,Carson Wentz,QB,3700,00-0032950,Carson Wentz,C.Wentz,WEN615770,QB,QB,11,3700,2018,43291,32005745-4e61-5770-9c68-1652f876bc72,Carson,Wentz,Carson,QB,QB,ACT,https://static.www.nfl.com/image/private/{formatInstructions}/league/e0lkzdsozcwd6jwr1mju,32,22,0,68.75,66.8528125,1.8971875000000011,228,3,120.3125,2.3994062499999997,8.0253125,6.473181818181817,-1.5521306818181833,20.138806849958865,53.71012939846636,53.71012939846636,0.21281249999999952,18.75,,REG,14
2018,REG,14,week,15,1,Josh Rosen,QB,3800,00-0034343,Josh Rosen,J.Rosen,ROS357433,QB,QB,3,3800,2018,46079,3200524f-5335-7433-3207-a02a4e884405,Joshua,Rosen,Josh,QB,QB,ACT,https://static.www.nfl.com/image/private/{formatInstructions}/league/evc67tf1tcwfwho6pmr9,41,26,1,63.41463414634146,60.173658536585364,3.2409756097560987,240,0,69.15650406504065,2.9589024390243894,9.272682926829267,6.7565384615384625,-2.5161444652908047,21.372512480303467,44.341791799610455,36.76675264420288,-0.33707317073170767,17.073170731707318,,REG,14
2018,REG,14,week,15,1,Ben Roethlisberger,QB,3900,00-0022924,Ben Roethlisberger,B.Roethlisberger,ROE750381,QB,QB,7,3900,2018,28963,3200524f-4575-0381-afea-aa103cf4a1e3,Ben,Roethlisberger,Ben,QB,QB,ACT,https://static.www.nfl.com/image/private/{formatInstructions}/league/myft4pwoxwrxbeh1exyy,29,25,0,86.20689655172413,73.92586206896551,12.281034482758614,282,2,130.17241379310346,2.2022413793103452,4.534137931034483,3.2428,-1.2913379310344828,17.252788832267466,33.805733241567175,33.805733241567175,-3.5693103448275862,13.793103448275861,,REG,14
2018,REG,14,week,15,1,Philip Rivers,QB,4400,00-0022942,Philip Rivers,P.Rivers,RIV651634,QB,QB,17,4400,2018,28956,32005249-5665-1634-a192-77c9c8e6262e,Philip,Rivers,Philip,QB,QB,ACT,https://static.www.nfl.com/image/private/{formatInstructions}/league/adapxtphf15elrdudiix,29,19,0,65.51724137931035,70.56344827586207,-5.046206896551723,220,1,99.7844827586207,2.6710689655172413,7.971379310344827,5.9868421052631575,-1.9845372050816694,20.8074650527344,45.32788656004161,36.961364963972855,-1.2355172413793107,20.689655172413794,,REG,14
2018,REG,14,week,15,1,Nick Mullens,QB,4500,00-0033319,Nick Mullens,N.Mullens,MUL486612,QB,QB,4,4500,2018,45198,32004d55-4c48-6612-b03b-50f8fc6abe24,Nicholas,Mullens,Nick,QB,QB,ACT,https://static.www.nfl.com/image/private/{formatInstructions}/league/uhuolpgkltrmxcstv4ac,33,20,1,60.60606060606061,65.53878787878787,-4.932727272727263,332,2,102.08333333333333,2.6076060606060603,7.082727272727272,6.381499999999998,-0.7012272727272739,18.562103629051904,33.22036273131285,31.37583943100168,-0.46272727272727304,6.0606060606060606,,REG,14
2018,REG,14,week,15,1,Russell Wilson,QB,4600,00-0029263,Russell Wilson,R.Wilson,WIL777781,QB,QB,3,4600,2018,38605,32005749-4c77-7781-795c-94c753706d1d,Russell,Wilson,Russell,QB,QB,ACT,https://static.www.nfl.com/image/private/{formatInstructions}/league/rrpzsqysodir9laitnus,20,10,1,50.0,52.402499999999996,-2.4024999999999963,72,0,37.916666666666664,3.7604999999999995,9.675,2.680000000000001,-6.994999999999999,24.85754580997899,49.88675675968523,26.752093376033216,1.1750000000000005,20.0,,REG,14
2018,REG,14,week,15,1,Jameis Winston,QB,4900,00-0031503,Jameis Winston,J.Winston,WIN623708,QB,QB,3,4900,2018,42344,32005749-4e62-3708-9650-e59a3f7bea83,Jameis,Winston,Jameis,QB,QB,ACT,https://static.www.nfl.com/image/private/{formatInstructions}/league/iurpf1pdjrjfowtksptf,38,18,1,47.368421052631575,54.532105263157895,-7.16368421052632,213,2,71.49122807017544,3.124947368421053,12.913421052631577,9.416666666666664,-3.4967543859649126,24.189429125778645,51.40860822858365,42.083974384556406,3.255526315789473,36.84210526315789,,REG,14
2018,REG,14,week,15,1,Josh Johnson,QB,5110,00-0026300,Josh Johnson,J.Johnson,JOH000001,QB,QB,8,5110,2018,33241,32004a4f-4800-0001-966a-b4f304503fea,Joshua,Johnson,Josh,QB,QB,ACT,https://static.www.nfl.com/image/private/{formatInstructions}/league/joqk6e9qhsg7n6jej2ya,16,11,1,68.75,69.795,-1.0450000000000017,195,1,104.94791666666667,2.9363125,7.026666666666667,5.085454545454547,-1.9412121212121205,20.76418475459871,47.34660705900688,34.15808103509329,-3.373333333333333,6.25,,REG,14
2018,REG,15,week,15,1,Matt Ryan,QB,0200,00-0026143,Matt Ryan,M.Ryan,RYA238179,QB,QB,2,0200,2018,33084,32005259-4123-8179-1aae-5603693aba86,Matthew,Ryan,Matt,QB,QB,ACT,https://static.www.nfl.com/image/private/{formatInstructions}/league/nsup3rrfi8jfj8oduf1t,36,22,0,61.111111111111114,65.70027777777777,-4.589166666666657,231,2,98.2638888888889,2.5257222222222224,6.762222222222224,6.336363636363638,-0.4258585858585864,19.16908143760851,36.20873513394247,35.234637787268376,-2.3488888888888884,19.444444444444446,,REG,15
2018,REG,15,week,15,1,Lamar Jackson,QB,0325,00-0034796,Lamar Jackson,L.Jackson,JAC323395,QB,QB,8,0325,2018,46101,32004a41-4332-3395-efb0-6c7b75de50af,Lamar,Jackson,Lamar,QB,QB,ACT,https://static.www.nfl.com/image/private/{formatInstructions}/league/rojvfogdbjpld2ldvdop,23,14,0,60.86956521739131,58.35478260869566,2.514782608695654,131,1,91.03260869565219,3.052695652173913,5.849130434782609,5.675714285714286,-0.1734161490683226,17.15749591390357,39.508855969263394,30.597602847282005,-2.237826086956521,13.043478260869565,,REG,15
2018,REG,15,week,15,1,Josh Allen,QB,0610,00-0034857,Josh Allen,J.Allen,ALL529264,QB,QB,17,0610,2018,46076,3200414c-4c52-9264-bedc-c4ddaf201fe7,Joshua,Allen,Josh,QB,QB,ACT,https://static.www.nfl.com/image/private/{formatInstructions}/league/uyhjaf2okyygjyfzk8hc,26,13,0,50.0,48.6976923076923,1.3023076923077,204,1,89.26282051282051,3.6997692307692303,15.823846153846155,10.94923076923077,-4.874615384615385,29.174152382229828,62.113513022529965,43.958525907951014,7.285384615384615,26.923076923076923,,REG,15
2018,REG,15,week,15,1,Cam Newton,QB,0750,00-0027939,Cam Newton,C.Newton,NEW693984,QB,QB,1,0750,2018,37074,32004e45-5769-3984-c32b-2c25062be531,Cameron,Newton,Cam,QB,QB,ACT,https://static.www.nfl.com/image/private/{formatInstructions}/league/gin1atizg1ga9p0skyu0,29,16,1,55.172413793103445,65.90310344827587,-10.730689655172426,131,0,52.514367816091955,2.581821428571429,5.321071428571429,3.845,-1.4760714285714287,17.55142173680084,36.2398482336778,27.924415839906125,-3.321785714285714,20.689655172413794,,REG,15
2018,REG,15,week,15,1,Mitchell Trubisky,QB,0810,00-0033869,Mitchell Trubisky,M.Trubisky,TRU215336,QB,QB,10,0810,2018,44814,32005452-5521-5336-8519-c8cb45ea9b74,Mitchell,Trubisky,Mitchell,QB,QB,ACT,https://static.www.nfl.com/image/private/{formatInstructions}/league/yxl8earcwsagar5mbjfi,28,20,0,71.42857142857143,70.58785714285715,0.8407142857142844,235,2,120.38690476190477,2.767178571428572,7.255000000000002,6.0515000000000025,-1.2034999999999991,18.432854875065686,34.446255239140285,32.49627670980169,-2.602142857142856,17.857142857142858,,REG,15
2018,REG,15,week,15,1,Jeff Driskel,QB,0920,00-0032436,Jeff Driskel,J.Driskel,DRI392790,QB,QB,6,0920,2018,43496,32004452-4939-2790-3aab-117735a7f4ab,Jeffrey,Driskel,Jeff,QB,QB,ACT,https://static.www.nfl.com/image/private/{formatInstructions}/league/mrglnsl7z78rbilz3be2,33,14,1,42.42424242424242,57.889393939393926,-15.465151515151504,130,1,51.32575757575758,2.6583939393939393,10.526969696969697,2.4321428571428565,-8.09482683982684,22.52790395177528,51.39127163244746,27.744824742643438,1.981515151515151,15.151515151515152,,REG,15
2018,REG,15,week,15,1,Baker Mayfield,QB,1050,00-0034855,Baker Mayfield,B.Mayfield,MAY483453,QB,QB,6,1050,2018,46073,32004d41-5948-3453-e6ac-1ecff99fdcf6,Baker,Mayfield,Baker,QB,QB,ACT,https://static.www.nfl.com/image/private/{formatInstructions}/league/mrajlbudbl0hcfzmrqz3,31,18,1,58.06451612903226,59.45451612903224,-1.3899999999999793,188,2,83.80376344086021,2.640354838709677,10.771290322580644,6.8677777777777775,-3.903512544802866,25.03328472100591,43.745722076564235,41.98839958845776,2.932580645161291,25.806451612903224,,REG,15
2018,REG,15,week,15,1,Dak Prescott,QB,1200,00-0033077,Dak Prescott,D.Prescott,PRE285723,QB,QB,4,1200,2018,43424,32005052-4528-5723-d1b2-96e92ebc1241,Rayne,Prescott,Dak,QB,QB,ACT,https://static.www.nfl.com/image/private/{formatInstructions}/league/httrtiv5us06hh6asf07,39,24,1,61.53846153846154,63.45897435897436,-1.920512820512819,206,0,64.69017094017094,2.768846153846154,6.530256410256411,3.8587500000000006,-2.67150641025641,20.529942424792253,42.636381178519365,26.032934909456518,-2.3415384615384616,15.384615384615385,,REG,15
2018,REG,15,week,15,1,Case Keenum,QB,1400,00-0028986,Case Keenum,C.Keenum,KEE690598,QB,QB,4,1400,2018,38937,32004b45-4569-0598-1a82-7cad5305e148,Casey,Keenum,Case,QB,QB,ACT,https://static.www.nfl.com/image/private/{formatInstructions}/league/qnyuz76tdcsqxn1bzse1,48,31,2,64.58333333333334,61.70062500000001,2.8827083333333334,257,0,60.85069444444445,2.4086170212765956,6.106595744680851,3.2358064516129033,-2.8707892930679475,20.367007500308432,46.98858584805463,29.19859756906143,-2.5317021276595764,14.583333333333334,,REG,15
2018,REG,15,week,15,1,Matthew Stafford,QB,1540,00-0026498,Matthew Stafford,M.Stafford,STA134157,QB,QB,9,1540,2018,34452,32005354-4113-4157-19b1-37e6835d09b9,John,Stafford,Matthew,QB,QB,ACT,https://static.www.nfl.com/image/private/{formatInstructions}/league/iibglgpasx5wsrylvn2z,29,22,0,75.86206896551724,62.720689655172414,13.141379310344824,208,1,106.68103448275863,2.617172413793104,6.34206896551724,6.302727272727271,-0.039341692789968796,19.39322517405253,48.17320105618891,48.17320105618891,-2.0027586206896553,10.344827586206897,,REG,15
2018,REG,15,week,15,1,Aaron Rodgers,QB,1800,00-0023459,Aaron Rodgers,A.Rodgers,ROD339293,QB,QB,12,1800,2018,29851,3200524f-4433-9293-a3cf-ad7758d03003,Aaron,Rodgers,Aaron,QB,QB,ACT,https://static.www.nfl.com/image/private/{formatInstructions}/league/ejjiyjumtzwxiffdhkgz,42,25,1,59.523809523809526,62.00476190476191,-2.480952380952381,274,0,68.9484126984127,3.09502380952381,10.83595238095238,4.9236,-5.912352380952379,23.711947957861987,63.00048571241336,40.77567044206631,1.812142857142857,16.666666666666664,,REG,15
2018,REG,15,week,15,1,Marcus Mariota,QB,2100,00-0032268,Marcus Mariota,M.Mariota,MAR186347,QB,QB,8,2100,2018,42345,32004d41-5218-6347-2b09-64276fa61f68,Marcus,Mariota,Marcus,QB,QB,ACT,https://static.www.nfl.com/image/private/{formatInstructions}/league/qi4gui9b5gq10obus2xa,20,12,0,60.0,70.10300000000001,-10.103000000000009,88,0,70.41666666666666,3.0921000000000003,6.567999999999998,4.723333333333334,-1.8446666666666642,19.3629674261949,49.79588738038513,30.976767100522288,-3.3320000000000007,15.0,,REG,15
2018,REG,15,week,15,1,Deshaun Watson,QB,2120,00-0033537,Deshaun Watson,D.Watson,WAT338355,QB,QB,4,2120,2018,44824,32005741-5433-8355-e029-e49022cf4b81,Derrick,Watson,Deshaun,QB,QB,ACT,https://static.www.nfl.com/image/private/{formatInstructions}/league/dhtjbkg3d9yrse2vpans,28,22,0,78.57142857142857,60.194999999999986,18.376428571428583,294,2,134.22619047619048,3.0658928571428565,9.680357142857142,8.388181818181819,-1.2921753246753234,21.75680468268805,61.27838281155925,61.27838281155925,0.7517857142857142,17.857142857142858,,REG,15
2018,REG,15,week,15,1,Andrew Luck,QB,2200,00-0029668,Andrew Luck,A.Luck,LUC524055,QB,QB,12,2200,2018,38531,32004c55-4352-4055-1f10-c37ee3d83442,Andrew,Luck,Andrew,QB,QB,ACT,https://static.www.nfl.com/image/private/{formatInstructions}/league/ojix2ha2u58zqozaw756,27,16,0,59.25925925925925,58.85,0.409259259259251,192,0,81.09567901234568,2.6501923076923077,8.375769230769228,6.2681249999999995,-2.1076442307692282,19.75043128115609,45.75888329056993,45.75888329056993,-0.8550000000000009,25.925925925925924,,REG,15
2018,REG,15,week,15,1,Cody Kessler,QB,2250,00-0033104,Cody Kessler,C.Kessler,KES701662,QB,QB,6,2250,2018,43382,32004b45-5370-1662-8570-5095ed4b0b10,Cody,Kessler,Cody,QB,QB,ACT,https://static.www.nfl.com/image/private/{formatInstructions}/league/gkvutiyutml2atftmu09,17,9,1,52.94117647058824,59.92764705882353,-6.986470588235292,57,0,35.661764705882355,3.034470588235294,5.171176470588234,1.5188888888888878,-3.6522875816993463,20.299647379717552,50.06102276222491,20.976977856688507,-5.534705882352942,5.88235294117647,,REG,15
2018,REG,15,week,15,1,Patrick Mahomes,QB,2310,00-0033873,Patrick Mahomes,P.Mahomes,MAH401939,QB,QB,15,2310,2018,44822,32004d41-4840-1939-e4c1-bb89191b4e71,Patrick,Mahomes,Patrick,QB,QB,ACT,https://static.www.nfl.com/image/private/{formatInstructions}/league/ugt3pz3jk8v1cbuvj3om,34,24,0,70.58823529411765,69.10676470588236,1.4814705882352968,243,2,110.29411764705883,2.8973529411764702,6.580294117647056,4.541666666666666,-2.03862745098039,18.70480162172064,45.67754152753846,44.38419200571302,-2.3314705882352946,23.52941176470588,,REG,15
2018,REG,15,week,15,1,Jared Goff,QB,2510,00-0033106,Jared Goff,J.Goff,GOF219636,QB,QB,16,2510,2018,43290,3200474f-4621-9636-7354-d2eb6365d257,Jared,Goff,Jared,QB,QB,ACT,https://static.www.nfl.com/image/private/{formatInstructions}/league/kke5xst7v1ciq1udqqyr,53,35,1,66.0377358490566,69.85358490566036,-3.815849056603753,339,0,75.90408805031447,2.6945961538461534,7.056538461538461,4.115428571428571,-2.9411098901098907,21.574364942137745,42.34050661010093,35.32841632453965,-1.8280769230769245,7.547169811320755,,REG,15
2018,REG,15,week,15,1,Derek Carr,QB,2520,00-0031280,Derek Carr,D.Carr,CAR358797,QB,QB,4,2520,2018,41265,32004341-5235-8797-3b9a-0d2711c0bc27,Derek,Carr,Derek,QB,QB,ACT,https://static.www.nfl.com/image/private/{formatInstructions}/league/chtyn7pw8xqfpnrkd1fq,38,21,0,55.26315789473685,58.77,-3.5068421052631535,263,1,85.74561403508773,2.589444444444444,9.098611111111111,6.976666666666667,-2.121944444444445,21.90692034314208,49.66691051394278,49.66691051394278,0.9319444444444444,21.052631578947366,,REG,15
2018,REG,15,week,15,1,Ryan Tannehill,QB,2700,00-0029701,Ryan Tannehill,R.Tannehill,TAN298716,QB,QB,17,2700,2018,38538,32005441-4e29-8716-6443-cc1663c47ac9,Ryan,Tannehill,Ryan,QB,QB,ACT,https://static.www.nfl.com/image/private/{formatInstructions}/league/e2b84kobkdgravu7u6qy,24,11,0,45.83333333333333,62.798333333333325,-16.964999999999996,108,0,59.02777777777778,2.975208333333334,9.458749999999998,2.7663636363636352,-6.692386363636363,23.116132290523982,54.050202589814596,33.7795278238166,-1.0829166666666676,16.666666666666664,,REG,15
2018,REG,15,week,15,1,Kirk Cousins,QB,3000,00-0029604,Kirk Cousins,K.Cousins,COU709400,QB,QB,8,3000,2018,38632,3200434f-5570-9400-e1ae-f835abb5963e,Kirk,Cousins,Kirk,QB,QB,ACT,https://static.www.nfl.com/image/private/{formatInstructions}/league/yoi19theqqakt4zpw9r4,21,14,1,66.66666666666666,66.97047619047619,-0.30380952380953374,215,2,112.20238095238095,2.6360952380952383,6.91190476190476,9.071428571428571,2.1595238095238107,22.743034009201335,49.60413793223302,49.60413793223302,-1.9928571428571433,9.523809523809524,,REG,15
2018,REG,15,week,15,1,Tom Brady,QB,3200,00-0019596,Tom Brady,T.Brady,BRA371156,QB,QB,12,3200,2018,25511,32004252-4137-1156-7ed0-8b9e44948f13,Tom,Brady,Tom,QB,QB,ACT,https://static.www.nfl.com/image/private/{formatInstructions}/league/apkxya5ptb0zalrskshq,36,25,1,69.44444444444444,65.33416666666668,4.1102777777777675,279,1,89.93055555555554,3.0277777777777777,9.4775,5.7684000000000015,-3.7090999999999976,22.276760967089068,51.10955487968958,38.108458378685434,-0.6336111111111107,13.88888888888889,Jr.,REG,15
2018,REG,15,week,15,1,Drew Brees,QB,3300,00-0020531,Drew Brees,D.Brees,BRE229498,QB,QB,9,3300,2018,26250,32004252-4522-9498-de45-55dc89e02748,Drew,Brees,Drew,QB,QB,ACT,https://static.www.nfl.com/image/private/{formatInstructions}/league/i20xlpzdmn7xubotijjd,35,23,1,65.71428571428571,71.60799999999998,-5.8937142857142675,203,0,69.10714285714286,2.7324285714285708,5.78742857142857,4.497391304347826,-1.2900372670807432,19.1339655102275,37.209032505562405,36.47095419645611,-3.9268571428571426,5.714285714285714,,REG,15
2018,REG,15,week,15,1,Eli Manning,QB,3410,00-0022803,Eli Manning,E.Manning,MAN473170,QB,QB,10,3410,2018,28953,32004d41-4e47-3170-d4e5-66f2cfc951d8,Elisha,Manning,Eli,QB,QB,ACT,https://static.www.nfl.com/image/private/{formatInstructions}/league/w51tf8uedjftbr4qpaex,44,21,1,47.72727272727273,68.29568181818182,-20.568409090909093,229,0,54.07196969696969,2.704477272727273,7.643636363636362,6.8199999999999985,-0.8236363636363633,22.087504470521257,45.698429951148206,38.62319639801967,-2.083636363636363,13.636363636363635,,REG,15
2018,REG,15,week,15,1,Sam Darnold,QB,3430,00-0034869,Sam Darnold,S.Darnold,DAR466141,QB,QB,14,3430,2018,46072,32004441-5246-6141-9e5c-6e7d32a03e33,Sam,Darnold,Sam,QB,QB,ACT,https://static.www.nfl.com/image/private/{formatInstructions}/league/eq43mbsq4xhpm9sfh0yl,38,24,0,63.1578947368421,55.94157894736842,7.216315789473683,253,2,100.0,3.1992631578947366,11.367894736842103,7.839166666666667,-3.528728070175436,23.94981255600724,60.00452066303004,36.97430053429003,2.1836842105263163,18.421052631578945,,REG,15
2018,REG,15,week,15,1,Nick Foles,QB,3700,00-0029567,Nick Foles,N.Foles,FOL058566,QB,QB,9,3700,2018,38618,3200464f-4c05-8566-67a5-109ec305cdd5,Nick,Foles,Nick,QB,QB,ACT,https://static.www.nfl.com/image/private/{formatInstructions}/league/urh5iskpc9copfq79exn,31,24,1,77.41935483870968,68.63774193548386,8.78161290322582,270,0,89.4489247311828,2.50174193548387,7.5464516129032235,5.865833333333335,-1.680618279569889,20.843553075512748,55.58309095399427,55.58309095399427,-2.8406451612903223,16.129032258064516,,REG,15
2018,REG,15,week,15,1,Josh Rosen,QB,3800,00-0034343,Josh Rosen,J.Rosen,ROS357433,QB,QB,3,3800,2018,46079,3200524f-5335-7433-3207-a02a4e884405,Joshua,Rosen,Josh,QB,QB,ACT,https://static.www.nfl.com/image/private/{formatInstructions}/league/evc67tf1tcwfwho6pmr9,22,13,2,59.09090909090909,63.09454545454545,-4.003636363636353,132,0,38.4469696969697,2.790863636363636,3.8736363636363635,3.8061538461538467,-0.06748251748251688,16.4906115656494,38.57524724483305,38.57524724483305,-6.535454545454544,27.27272727272727,,REG,15
2018,REG,15,week,15,1,Ben Roethlisberger,QB,3900,00-0022924,Ben Roethlisberger,B.Roethlisberger,ROE750381,QB,QB,7,3900,2018,28963,3200524f-4575-0381-afea-aa103cf4a1e3,Ben,Roethlisberger,Ben,QB,QB,ACT,https://static.www.nfl.com/image/private/{formatInstructions}/league/myft4pwoxwrxbeh1exyy,34,22,2,64.70588235294117,54.680882352941175,10.024999999999999,235,2,79.90196078431374,2.730088235294118,10.938823529411764,6.986363636363635,-3.952459893048128,24.77476990379167,55.501699073091444,44.120658426637284,2.644705882352941,38.23529411764706,,REG,15
2018,REG,15,week,15,1,Philip Rivers,QB,4400,00-0022942,Philip Rivers,P.Rivers,RIV651634,QB,QB,17,4400,2018,28956,32005249-5665-1634-a192-77c9c8e6262e,Philip,Rivers,Philip,QB,QB,ACT,https://static.www.nfl.com/image/private/{formatInstructions}/league/adapxtphf15elrdudiix,38,26,2,68.42105263157895,60.81605263157894,7.605000000000004,313,2,89.03508771929825,2.534105263157895,9.202105263157891,7.5776923076923115,-1.62441295546558,22.180500175173027,48.09967671409029,48.09967671409029,0.25473684210526476,13.157894736842104,,REG,15
2018,REG,15,week,15,1,Nick Mullens,QB,4500,00-0033319,Nick Mullens,N.Mullens,MUL486612,QB,QB,4,4500,2018,45198,32004d55-4c48-6612-b03b-50f8fc6abe24,Nicholas,Mullens,Nick,QB,QB,ACT,https://static.www.nfl.com/image/private/{formatInstructions}/league/uhuolpgkltrmxcstv4ac,29,20,0,68.96551724137932,69.09724137931035,-0.13172413793103033,275,1,110.5603448275862,2.6443103448275864,8.077586206896552,5.072500000000001,-3.005086206896551,21.031650181394646,37.78385898766827,37.78385898766827,-1.0258620689655162,17.24137931034483,,REG,15
2018,REG,15,week,15,1,Russell Wilson,QB,4600,00-0029263,Russell Wilson,R.Wilson,WIL777781,QB,QB,3,4600,2018,38605,32005749-4c77-7781-795c-94c753706d1d,Russell,Wilson,Russell,QB,QB,ACT,https://static.www.nfl.com/image/private/{formatInstructions}/league/rrpzsqysodir9laitnus,31,23,0,74.19354838709677,65.38870967741936,8.804838709677412,237,2,117.27150537634408,2.879709677419355,6.743870967741936,4.101739130434782,-2.6421318373071534,21.690608708773397,51.32428762291787,36.37004949130535,-2.675483870967742,3.225806451612903,,REG,15
2018,REG,15,week,15,1,Jameis Winston,QB,4900,00-0031503,Jameis Winston,J.Winston,WIN623708,QB,QB,3,4900,2018,42344,32005749-4e62-3708-9650-e59a3f7bea83,Jameis,Winston,Jameis,QB,QB,ACT,https://static.www.nfl.com/image/private/{formatInstructions}/league/iurpf1pdjrjfowtksptf,25,13,1,52.0,54.136799999999994,-2.136799999999994,157,0,54.91666666666667,3.1424800000000004,10.593599999999999,8.239999999999998,-2.3536,22.295977523620085,52.57052501164506,48.31789006154966,1.033599999999999,32.0,,REG,15
2018,REG,15,week,15,1,Josh Johnson,QB,5110,00-0026300,Josh Johnson,J.Johnson,JOH000001,QB,QB,8,5110,2018,33241,32004a4f-4800-0001-966a-b4f304503fea,Joshua,Johnson,Josh,QB,QB,ACT,https://static.www.nfl.com/image/private/{formatInstructions}/league/joqk6e9qhsg7n6jej2ya,25,16,0,64.0,59.9448,4.055199999999999,151,1,93.91666666666666,2.6252,8.214166666666666,4.31625,-3.8979166666666654,21.551182179543275,56.176665974406134,36.01087058097874,-1.5774999999999997,24.0,,REG,15
2018,REG,16,week,15,1,Matt Ryan,QB,0200,00-0026143,Matt Ryan,M.Ryan,RYA238179,QB,QB,2,0200,2018,33084,32005259-4123-8179-1aae-5603693aba86,Matthew,Ryan,Matt,QB,QB,ACT,https://static.www.nfl.com/image/private/{formatInstructions}/league/nsup3rrfi8jfj8oduf1t,26,15,0,57.692307692307686,62.906538461538474,-5.214230769230788,239,3,126.92307692307692,2.5288846153846154,11.078846153846152,8.982666666666665,-2.096179487179487,22.46227852658522,56.35655951173741,41.03758277481753,3.732692307692307,26.923076923076923,,REG,16
2018,REG,16,week,15,1,Lamar Jackson,QB,0325,00-0034796,Lamar Jackson,L.Jackson,JAC323395,QB,QB,8,0325,2018,46101,32004a41-4332-3395-efb0-6c7b75de50af,Lamar,Jackson,Lamar,QB,QB,ACT,https://static.www.nfl.com/image/private/{formatInstructions}/league/rojvfogdbjpld2ldvdop,22,12,0,54.54545454545454,58.70909090909091,-4.163636363636371,204,1,101.32575757575759,3.338181818181818,9.442272727272728,7.3450000000000015,-2.0972727272727267,21.202160273238192,46.99736375585338,31.904233261434136,0.12409090909090927,31.818181818181817,,REG,16
2018,REG,16,week,15,1,Josh Allen,QB,0610,00-0034857,Josh Allen,J.Allen,ALL529264,QB,QB,17,0610,2018,46076,3200414c-4c52-9264-bedc-c4ddaf201fe7,Joshua,Allen,Josh,QB,QB,ACT,https://static.www.nfl.com/image/private/{formatInstructions}/league/uyhjaf2okyygjyfzk8hc,41,20,2,48.78048780487805,62.92853658536585,-14.148048780487798,217,1,52.59146341463414,2.947048780487805,11.198780487804877,6.071,-5.127780487804877,25.288570459985927,55.811558838649184,34.81884690796063,2.4670731707317066,17.073170731707318,,REG,16
2018,REG,16,week,15,1,Taylor Heinicke,QB,0750,00-0031800,Taylor Heinicke,T.Heinicke,HEI610185,QB,QB,6,0750,2018,42831,32004845-4961-0185-afff-3aef55a8ec24,Taylor,Heinicke,Taylor,QB,QB,ACT,https://static.www.nfl.com/image/private/{formatInstructions}/league/cko0bekbkanqexlmhlus,53,33,3,62.264150943396224,62.623018867924515,-0.3588679245282904,274,1,58.21540880503143,2.8836153846153847,8.038846153846155,3.9054545454545453,-4.13339160839161,22.611880598873643,63.177867168811574,32.426644908161556,-1.6919230769230766,15.09433962264151,,REG,16
2018,REG,16,week,15,1,Mitchell Trubisky,QB,0810,00-0033869,Mitchell Trubisky,M.Trubisky,TRU215336,QB,QB,10,0810,2018,44814,32005452-5521-5336-8519-c8cb45ea9b74,Mitchell,Trubisky,Mitchell,QB,QB,ACT,https://static.www.nfl.com/image/private/{formatInstructions}/league/yxl8earcwsagar5mbjfi,29,25,0,86.20689655172413,69.19931034482758,17.007586206896548,246,1,113.50574712643677,2.7095862068965517,6.46896551724138,5.3872,-1.0817655172413803,19.89964931103145,51.55380975252945,51.55380975252945,-1.4620689655172416,10.344827586206897,,REG,16
2018,REG,16,week,15,1,Jeff Driskel,QB,0920,00-0032436,Jeff Driskel,J.Driskel,DRI392790,QB,QB,6,0920,2018,43496,32004452-4939-2790-3aab-117735a7f4ab,Jeffrey,Driskel,Jeff,QB,QB,ACT,https://static.www.nfl.com/image/private/{formatInstructions}/league/mrglnsl7z78rbilz3be2,19,13,0,68.42105263157895,62.852631578947374,5.568421052631571,133,2,123.35526315789475,2.6470000000000002,7.542105263157896,6.593846153846154,-0.9482591093117421,20.740874408808924,38.40302201650282,37.22010881230736,-2.1421052631578945,15.789473684210526,,REG,16
2018,REG,16,week,15,1,Baker Mayfield,QB,1050,00-0034855,Baker Mayfield,B.Mayfield,MAY483453,QB,QB,6,1050,2018,46073,32004d41-5948-3453-e6ac-1ecff99fdcf6,Baker,Mayfield,Baker,QB,QB,ACT,https://static.www.nfl.com/image/private/{formatInstructions}/league/mrajlbudbl0hcfzmrqz3,37,27,0,72.97297297297297,66.93108108108109,6.041891891891879,284,3,121.90315315315317,2.5404594594594596,5.622432432432433,3.5262962962962967,-2.096136136136136,18.133722810010692,43.7672571678875,32.670391794406136,-2.8640540540540544,21.62162162162162,,REG,16
2018,REG,16,week,15,1,Dak Prescott,QB,1200,00-0033077,Dak Prescott,D.Prescott,PRE285723,QB,QB,4,1200,2018,43424,32005052-4528-5723-d1b2-96e92ebc1241,Rayne,Prescott,Dak,QB,QB,ACT,https://static.www.nfl.com/image/private/{formatInstructions}/league/httrtiv5us06hh6asf07,25,20,0,80.0,76.65199999999999,3.348000000000013,161,1,106.83333333333334,2.3209999999999997,4.920800000000002,4.554500000000001,-0.36630000000000074,18.40415854938473,42.70913368355767,42.70913368355767,-3.879199999999999,8.0,,REG,16
2018,REG,16,week,15,1,Case Keenum,QB,1400,00-0028986,Case Keenum,C.Keenum,KEE690598,QB,QB,4,1400,2018,38937,32004b45-4569-0598-1a82-7cad5305e148,Casey,Keenum,Case,QB,QB,ACT,https://static.www.nfl.com/image/private/{formatInstructions}/league/qnyuz76tdcsqxn1bzse1,37,23,2,62.16216216216216,65.0756756756757,-2.9135135135135357,202,2,72.12837837837837,3.0406486486486486,8.830540540540543,5.343478260869565,-3.487062279670978,21.412491502301116,47.6190214095166,32.45351290692581,-0.7370270270270264,18.91891891891892,,REG,16
2018,REG,16,week,15,1,Matthew Stafford,QB,1540,00-0026498,Matthew Stafford,M.Stafford,STA134157,QB,QB,9,1540,2018,34452,32005354-4113-4157-19b1-37e6835d09b9,John,Stafford,Matthew,QB,QB,ACT,https://static.www.nfl.com/image/private/{formatInstructions}/league/iibglgpasx5wsrylvn2z,32,18,0,56.25,61.661875,-5.411875000000002,116,0,64.0625,2.55815625,7.0996875,2.3044444444444445,-4.795243055555556,21.889250437151926,45.52353676945587,25.485858824061623,-1.7440624999999996,18.75,,REG,16
2018,REG,16,week,15,1,Aaron Rodgers,QB,1800,00-0023459,Aaron Rodgers,A.Rodgers,ROD339293,QB,QB,12,1800,2018,29851,3200524f-4433-9293-a3cf-ad7758d03003,Aaron,Rodgers,Aaron,QB,QB,ACT,https://static.www.nfl.com/image/private/{formatInstructions}/league/ejjiyjumtzwxiffdhkgz,55,37,0,67.27272727272727,69.35799999999999,-2.0852727272727236,442,2,103.75000000000001,2.928072727272727,7.351454545454546,5.46918918918919,-1.8822653562653562,21.543329207130103,40.05917248271611,40.05917248271611,-1.8849090909090906,5.454545454545454,,REG,16
2018,REG,16,week,15,1,Deshaun Watson,QB,2120,00-0033537,Deshaun Watson,D.Watson,WAT338355,QB,QB,4,2120,2018,44824,32005741-5433-8355-e029-e49022cf4b81,Derrick,Watson,Deshaun,QB,QB,ACT,https://static.www.nfl.com/image/private/{formatInstructions}/league/dhtjbkg3d9yrse2vpans,40,29,0,72.5,62.28575000000001,10.214249999999993,339,2,114.47916666666667,3.1681750000000006,10.664750000000002,9.026206896551725,-1.638543103448276,22.63939934044381,54.567595695614074,54.567595695614074,1.3397500000000004,20.0,,REG,16
2018,REG,16,week,15,1,Andrew Luck,QB,2200,00-0029668,Andrew Luck,A.Luck,LUC524055,QB,QB,12,2200,2018,38531,32004c55-4352-4055-1f10-c37ee3d83442,Andrew,Luck,Andrew,QB,QB,ACT,https://static.www.nfl.com/image/private/{formatInstructions}/league/ojix2ha2u58zqozaw756,47,31,1,65.95744680851064,56.859361702127664,9.098085106382975,357,2,94.0159574468085,2.442630434782608,8.839999999999998,7.262258064516128,-1.5777419354838704,21.508016658693354,51.01649929189576,40.89977628300673,0.18782608695652098,17.02127659574468,,REG,16
2018,REG,16,week,15,1,Cody Kessler,QB,2250,00-0033104,Cody Kessler,C.Kessler,KES701662,QB,QB,6,2250,2018,43382,32004b45-5370-1662-8570-5095ed4b0b10,Cody,Kessler,Cody,QB,QB,ACT,https://static.www.nfl.com/image/private/{formatInstructions}/league/gkvutiyutml2atftmu09,17,12,0,70.58823529411765,66.77764705882352,3.8105882352941336,106,0,86.8872549019608,2.866764705882353,5.763529411764707,4.017500000000001,-1.746029411764706,18.700593869442542,35.41459162548681,29.659003691965108,-3.236470588235293,11.76470588235294,,REG,16
2018,REG,16,week,15,1,Patrick Mahomes,QB,2310,00-0033873,Patrick Mahomes,P.Mahomes,MAH401939,QB,QB,15,2310,2018,44822,32004d41-4840-1939-e4c1-bb89191b4e71,Patrick,Mahomes,Patrick,QB,QB,ACT,https://static.www.nfl.com/image/private/{formatInstructions}/league/ugt3pz3jk8v1cbuvj3om,40,23,0,57.49999999999999,59.540000000000006,-2.0400000000000134,273,3,103.4375,3.105875,10.16925,5.874347826086957,-4.294902173913043,21.10251810415571,52.6677671825947,44.2202216186215,2.06925,25.0,,REG,16
2018,REG,16,week,15,1,Jared Goff,QB,2510,00-0033106,Jared Goff,J.Goff,GOF219636,QB,QB,16,2510,2018,43290,3200474f-4621-9636-7354-d2eb6365d257,Jared,Goff,Jared,QB,QB,ACT,https://static.www.nfl.com/image/private/{formatInstructions}/league/kke5xst7v1ciq1udqqyr,24,19,0,79.16666666666666,63.98541666666666,15.181249999999999,216,1,118.05555555555556,3.1055000000000006,7.735833333333333,7.159999999999999,-0.5758333333333336,20.94482151635513,49.053233328701175,32.057011713508174,-0.9725000000000003,8.333333333333332,,REG,16
2018,REG,16,week,15,1,Derek Carr,QB,2520,00-0031280,Derek Carr,D.Carr,CAR358797,QB,QB,4,2520,2018,41265,32004341-5235-8797-3b9a-0d2711c0bc27,Derek,Carr,Derek,QB,QB,ACT,https://static.www.nfl.com/image/private/{formatInstructions}/league/chtyn7pw8xqfpnrkd1fq,26,19,0,73.07692307692307,67.20692307692306,5.8700000000000045,167,0,89.74358974358975,2.3709230769230767,5.978076923076922,4.619473684210526,-1.3586032388663964,18.732706256781015,40.036719396074396,24.433026828454963,-2.791153846153847,15.384615384615385,,REG,16
2018,REG,16,week,15,1,Ryan Tannehill,QB,2700,00-0029701,Ryan Tannehill,R.Tannehill,TAN298716,QB,QB,17,2700,2018,38538,32005441-4e29-8716-6443-cc1663c47ac9,Ryan,Tannehill,Ryan,QB,QB,ACT,https://static.www.nfl.com/image/private/{formatInstructions}/league/e2b84kobkdgravu7u6qy,22,15,1,68.18181818181817,66.8359090909091,1.3459090909090747,146,1,82.76515151515152,2.5202272727272725,4.539090909090908,3.621333333333332,-0.9177575757575762,20.211579055953933,37.208722095766745,37.208722095766745,-5.18818181818182,0.0,,REG,16
2018,REG,16,week,15,1,Kirk Cousins,QB,3000,00-0029604,Kirk Cousins,K.Cousins,COU709400,QB,QB,8,3000,2018,38632,3200434f-5570-9400-e1ae-f835abb5963e,Kirk,Cousins,Kirk,QB,QB,ACT,https://static.www.nfl.com/image/private/{formatInstructions}/league/yoi19theqqakt4zpw9r4,28,21,0,75.0,68.18357142857143,6.816428571428574,253,3,137.94642857142858,2.9878571428571434,11.244285714285713,8.16904761904762,-3.0752380952380935,26.270129216226426,60.848454376426034,60.848454376426034,1.3871428571428568,10.714285714285714,,REG,16
2018,REG,16,week,15,1,Tom Brady,QB,3200,00-0019596,Tom Brady,T.Brady,BRA371156,QB,QB,12,3200,2018,25511,32004252-4137-1156-7ed0-8b9e44948f13,Tom,Brady,Tom,QB,QB,ACT,https://static.www.nfl.com/image/private/{formatInstructions}/league/apkxya5ptb0zalrskshq,24,13,2,54.166666666666664,66.62958333333334,-12.462916666666679,126,1,48.26388888888889,2.3167916666666666,4.199583333333334,2.113846153846155,-2.085737179487179,17.34939303597797,33.44566489098401,28.58466721863314,-4.633749999999999,8.333333333333332,Jr.,REG,16
2018,REG,16,week,15,1,Drew Brees,QB,3300,00-0020531,Drew Brees,D.Brees,BRE229498,QB,QB,9,3300,2018,26250,32004252-4522-9498-de45-55dc89e02748,Drew,Brees,Drew,QB,QB,ACT,https://static.www.nfl.com/image/private/{formatInstructions}/league/i20xlpzdmn7xubotijjd,39,27,0,69.23076923076923,64.48076923076924,4.749999999999986,326,1,103.1517094017094,2.600102564102564,8.309230769230771,6.106666666666666,-2.2025641025641054,20.8665181539014,41.27474409369488,34.54146783215792,-1.4856410256410264,15.384615384615385,,REG,16
2018,REG,16,week,15,1,Eli Manning,QB,3410,00-0022803,Eli Manning,E.Manning,MAN473170,QB,QB,10,3410,2018,28953,32004d41-4e47-3170-d4e5-66f2cfc951d8,Elisha,Manning,Eli,QB,QB,ACT,https://static.www.nfl.com/image/private/{formatInstructions}/league/w51tf8uedjftbr4qpaex,33,25,1,75.75757575757575,67.8390909090909,7.918484848484852,309,1,101.70454545454545,2.777909090909091,6.356666666666667,5.511199999999999,-0.8454666666666686,20.151660138335224,54.10052217862596,54.10052217862596,-0.7645454545454546,9.090909090909092,,REG,16
2018,REG,16,week,15,1,Sam Darnold,QB,3430,00-0034869,Sam Darnold,S.Darnold,DAR466141,QB,QB,14,3430,2018,46072,32004441-5246-6141-9e5c-6e7d32a03e33,Sam,Darnold,Sam,QB,QB,ACT,https://static.www.nfl.com/image/private/{formatInstructions}/league/eq43mbsq4xhpm9sfh0yl,35,24,0,68.57142857142857,61.75828571428571,6.813142857142857,341,3,128.39285714285714,2.9034285714285715,10.609142857142858,8.382916666666668,-2.22622619047619,23.06896057562866,38.829630438622516,34.08717207396354,0.9805714285714288,20.0,,REG,16
2018,REG,16,week,15,1,Nick Foles,QB,3700,00-0029567,Nick Foles,N.Foles,FOL058566,QB,QB,9,3700,2018,38618,3200464f-4c05-8566-67a5-109ec305cdd5,Nick,Foles,Nick,QB,QB,ACT,https://static.www.nfl.com/image/private/{formatInstructions}/league/urh5iskpc9copfq79exn,49,35,1,71.42857142857143,62.23408163265306,9.194489795918372,471,4,120.36564625850339,2.5071458333333334,7.3741666666666665,6.536857142857143,-0.8373095238095232,19.609545372248405,54.32598365423308,54.32598365423308,-0.9383333333333335,18.367346938775512,,REG,16
2018,REG,16,week,15,1,Josh Rosen,QB,3800,00-0034343,Josh Rosen,J.Rosen,ROS357433,QB,QB,3,3800,2018,46079,3200524f-5335-7433-3207-a02a4e884405,Joshua,Rosen,Josh,QB,QB,ACT,https://static.www.nfl.com/image/private/{formatInstructions}/league/evc67tf1tcwfwho6pmr9,23,12,0,52.17391304347826,60.282608695652165,-8.108695652173907,87,0,61.322463768115945,2.558086956521739,9.699565217391305,3.476666666666667,-6.222898550724638,21.577521677401066,55.25762390838028,26.81417908495429,-0.8656521739130433,21.73913043478261,,REG,16
2018,REG,16,week,15,1,Ben Roethlisberger,QB,3900,00-0022924,Ben Roethlisberger,B.Roethlisberger,ROE750381,QB,QB,7,3900,2018,28963,3200524f-4575-0381-afea-aa103cf4a1e3,Ben,Roethlisberger,Ben,QB,QB,ACT,https://static.www.nfl.com/image/private/{formatInstructions}/league/myft4pwoxwrxbeh1exyy,50,33,0,66.0,61.7572,4.242800000000003,380,3,108.75000000000001,2.6152653061224496,10.004285714285713,6.441212121212121,-3.5630735930735913,22.761342915856705,53.03279174246817,42.013770361632616,1.4532653061224496,18.0,,REG,16
2018,REG,16,week,15,1,Philip Rivers,QB,4400,00-0022942,Philip Rivers,P.Rivers,RIV651634,QB,QB,17,4400,2018,28956,32005249-5665-1634-a192-77c9c8e6262e,Philip,Rivers,Philip,QB,QB,ACT,https://static.www.nfl.com/image/private/{formatInstructions}/league/adapxtphf15elrdudiix,37,23,2,62.16216216216216,66.6162162162162,-4.4540540540540405,181,0,51.7454954954955,2.499810810810811,5.947027027027026,2.741304347826086,-3.20572267920094,18.491319177455704,50.24553811036359,26.00292483548726,-4.188108108108109,16.216216216216218,,REG,16
2018,REG,16,week,15,1,Nick Mullens,QB,4500,00-0033319,Nick Mullens,N.Mullens,MUL486612,QB,QB,4,4500,2018,45198,32004d55-4c48-6612-b03b-50f8fc6abe24,Nicholas,Mullens,Nick,QB,QB,ACT,https://static.www.nfl.com/image/private/{formatInstructions}/league/uhuolpgkltrmxcstv4ac,38,22,1,57.89473684210527,56.29631578947368,1.5984210526315863,241,0,65.78947368421053,2.7941842105263164,10.233684210526315,7.110909090909092,-3.1227751196172226,22.38768581976358,54.59738088956283,35.64442452894983,1.0494736842105268,23.684210526315788,,REG,16
2018,REG,16,week,15,1,Russell Wilson,QB,4600,00-0029263,Russell Wilson,R.Wilson,WIL777781,QB,QB,3,4600,2018,38605,32005749-4c77-7781-795c-94c753706d1d,Russell,Wilson,Russell,QB,QB,ACT,https://static.www.nfl.com/image/private/{formatInstructions}/league/rrpzsqysodir9laitnus,29,18,0,62.06896551724138,52.8003448275862,9.26862068965518,271,3,127.22701149425288,3.1696551724137927,12.587586206896553,12.19777777777778,-0.3898084291187729,26.847871677372968,54.39899723340496,54.39899723340496,4.242758620689655,20.689655172413794,,REG,16
2018,REG,16,week,15,1,Jameis Winston,QB,4900,00-0031503,Jameis Winston,J.Winston,WIN623708,QB,QB,3,4900,2018,42344,32005749-4e62-3708-9650-e59a3f7bea83,Jameis,Winston,Jameis,QB,QB,ACT,https://static.www.nfl.com/image/private/{formatInstructions}/league/iurpf1pdjrjfowtksptf,48,34,0,70.83333333333334,65.51979166666668,5.313541666666666,336,1,97.22222222222223,2.7347083333333333,10.335833333333332,6.157647058823529,-4.178186274509803,22.03835700755212,60.277794418840514,43.73997370826828,0.6691666666666657,12.5,,REG,16
2018,REG,16,week,15,1,Josh Johnson,QB,5110,00-0026300,Josh Johnson,J.Johnson,JOH000001,QB,QB,8,5110,2018,33241,32004a4f-4800-0001-966a-b4f304503fea,Joshua,Johnson,Josh,QB,QB,ACT,https://static.www.nfl.com/image/private/{formatInstructions}/league/joqk6e9qhsg7n6jej2ya,23,13,2,56.52173913043478,61.752608695652164,-5.2308695652173824,153,1,55.16304347826087,3.349,11.342608695652174,6.46923076923077,-4.873377926421404,25.00487982866237,53.67645666397885,33.61078695895114,3.4295652173913047,26.08695652173913,,REG,16
2018,REG,17,week,15,1,Matt Ryan,QB,0200,00-0026143,Matt Ryan,M.Ryan,RYA238179,QB,QB,2,0200,2018,33084,32005259-4123-8179-1aae-5603693aba86,Matthew,Ryan,Matt,QB,QB,ACT,https://static.www.nfl.com/image/private/{formatInstructions}/league/nsup3rrfi8jfj8oduf1t,44,31,1,70.45454545454545,65.5884090909091,4.8661363636363575,378,2,102.27272727272727,2.7406363636363635,8.65931818181818,7.194193548387096,-1.4651246334310848,21.44408287118325,48.394108112455186,48.394108112455186,-1.7497727272727277,11.363636363636363,,REG,17
2018,REG,17,week,15,1,Lamar Jackson,QB,0325,00-0034796,Lamar Jackson,L.Jackson,JAC323395,QB,QB,8,0325,2018,46101,32004a41-4332-3395-efb0-6c7b75de50af,Lamar,Jackson,Lamar,QB,QB,ACT,https://static.www.nfl.com/image/private/{formatInstructions}/league/rojvfogdbjpld2ldvdop,24,14,0,58.333333333333336,69.81416666666668,-11.480833333333344,179,0,81.77083333333334,2.5870416666666673,6.8908695652173915,5.624999999999999,-1.2658695652173924,19.00637069866228,33.372319368003176,29.43872619526871,-4.37,8.333333333333332,,REG,17
2018,REG,17,week,15,1,Josh Allen,QB,0610,00-0034857,Josh Allen,J.Allen,ALL529264,QB,QB,17,0610,2018,46076,3200414c-4c52-9264-bedc-c4ddaf201fe7,Joshua,Allen,Josh,QB,QB,ACT,https://static.www.nfl.com/image/private/{formatInstructions}/league/uyhjaf2okyygjyfzk8hc,26,17,1,65.38461538461539,66.37692307692305,-0.9923076923076621,224,3,114.90384615384616,2.6354615384615383,4.958461538461539,4.713529411764705,-0.24493212669683384,18.65894877305426,39.24398043012457,39.24398043012457,-4.772307692307691,19.230769230769234,,REG,17
2018,REG,17,week,15,1,Kyle Allen,QB,0750,00-0034577,Kyle Allen,K.Allen,ALL543234,QB,QB,7,0750,2018,46761,3200414c-4c54-3234-6e5f-74f0c92c233b,Kyle,Allen,Kyle,QB,QB,ACT,https://static.www.nfl.com/image/private/{formatInstructions}/league/jecyn8sprawuwe2gs9rz,27,16,0,59.25925925925925,56.82222222222224,2.4370370370370154,228,2,111.34259259259258,2.913925925925926,8.807777777777776,9.265625000000002,0.4578472222222256,22.328575923574448,55.541904900714385,55.541904900714385,-0.7848148148148151,25.925925925925924,,REG,17
2018,REG,17,week,15,1,Mitchell Trubisky,QB,0810,00-0033869,Mitchell Trubisky,M.Trubisky,TRU215336,QB,QB,10,0810,2018,44814,32005452-5521-5336-8519-c8cb45ea9b74,Mitchell,Trubisky,Mitchell,QB,QB,ACT,https://static.www.nfl.com/image/private/{formatInstructions}/league/yxl8earcwsagar5mbjfi,26,18,0,69.23076923076923,68.18192307692308,1.0488461538461422,163,0,85.8974358974359,2.3739230769230772,8.54730769230769,6.055,-2.4923076923076906,23.807146207198272,51.124758190137186,51.124758190137186,0.3549999999999995,19.230769230769234,,REG,17
2018,REG,17,week,15,1,Jeff Driskel,QB,0920,00-0032436,Jeff Driskel,J.Driskel,DRI392790,QB,QB,6,0920,2018,43496,32004452-4939-2790-3aab-117735a7f4ab,Jeffrey,Driskel,Jeff,QB,QB,ACT,https://static.www.nfl.com/image/private/{formatInstructions}/league/mrglnsl7z78rbilz3be2,24,12,0,50.0,63.83333333333333,-13.833333333333329,95,0,60.24305555555556,2.6600416666666664,9.174999999999999,4.956666666666668,-4.218333333333331,20.816955971546278,41.34258942059628,21.68403329641421,-1.6166666666666663,20.833333333333336,,REG,17
2018,REG,17,week,15,1,Baker Mayfield,QB,1050,00-0034855,Baker Mayfield,B.Mayfield,MAY483453,QB,QB,6,1050,2018,46073,32004d41-5948-3453-e6ac-1ecff99fdcf6,Baker,Mayfield,Baker,QB,QB,ACT,https://static.www.nfl.com/image/private/{formatInstructions}/league/mrajlbudbl0hcfzmrqz3,42,23,3,54.761904761904766,57.06928571428571,-2.307380952380946,376,3,79.06746031746033,2.724880952380952,11.138780487804874,10.30782608695652,-0.8309544008483538,25.984793665699826,51.060797095227564,46.93174618528486,2.3582926829268267,11.904761904761903,,REG,17
2018,REG,17,week,15,1,Dak Prescott,QB,1200,00-0033077,Dak Prescott,D.Prescott,PRE285723,QB,QB,4,1200,2018,43424,32005052-4528-5723-d1b2-96e92ebc1241,Rayne,Prescott,Dak,QB,QB,ACT,https://static.www.nfl.com/image/private/{formatInstructions}/league/httrtiv5us06hh6asf07,44,27,0,61.36363636363637,63.232500000000016,-1.868863636363649,387,4,120.17045454545456,2.715886363636364,9.822093023255814,9.538148148148148,-0.2839448751076663,21.835879058282316,46.20829038170532,46.20829038170532,0.07790697674418526,15.909090909090908,,REG,17
2018,REG,17,week,15,1,Case Keenum,QB,1400,00-0028986,Case Keenum,C.Keenum,KEE690598,QB,QB,4,1400,2018,38937,32004b45-4569-0598-1a82-7cad5305e148,Casey,Keenum,Case,QB,QB,ACT,https://static.www.nfl.com/image/private/{formatInstructions}/league/qnyuz76tdcsqxn1bzse1,48,31,1,64.58333333333334,65.83895833333334,-1.2556249999999949,292,1,79.51388888888889,2.700729166666667,7.737500000000001,5.96741935483871,-1.7700806451612907,19.375024102933978,50.43415707633072,50.43415707633072,-1.491666666666666,18.75,,REG,17
2018,REG,17,week,15,1,Matthew Stafford,QB,1540,00-0026498,Matthew Stafford,M.Stafford,STA134157,QB,QB,9,1540,2018,34452,32005354-4113-4157-19b1-37e6835d09b9,John,Stafford,Matthew,QB,QB,ACT,https://static.www.nfl.com/image/private/{formatInstructions}/league/iibglgpasx5wsrylvn2z,32,20,0,62.5,66.85875,-4.358750000000001,266,2,109.63541666666667,2.59803125,7.2071875,5.876500000000002,-1.330687499999998,20.41880837497453,39.14495369776289,39.14495369776289,-0.9490625000000001,15.625,,REG,17
2018,REG,17,week,15,1,DeShone Kizer,QB,1800,00-0033899,DeShone Kizer,D.Kizer,KIZ080286,QB,QB,9,1800,2018,44864,32004b49-5a08-0286-2a4a-4466d3b555e6,DeShone,Kizer,DeShone,QB,QB,ACT,https://static.www.nfl.com/image/private/{formatInstructions}/league/pqmmtdcwopaixn3m54ku,35,16,1,45.714285714285715,56.35742857142857,-10.643142857142855,132,0,43.98809523809524,3.044735294117647,10.101470588235296,6.2524999999999995,-3.8489705882352965,22.581256373253588,54.340295361729495,42.25706094843796,2.6308823529411756,28.57142857142857,,REG,17
2018,REG,17,week,15,1,Blaine Gabbert,QB,2100,00-0027948,Blaine Gabbert,B.Gabbert,GAB221145,QB,QB,7,2100,2018,37083,32004741-4222-1145-cd0f-449f7f72bdc9,Blaine,Gabbert,Blaine,QB,QB,ACT,https://static.www.nfl.com/image/private/{formatInstructions}/league/awuyhgwqxyg475snjkli,29,18,2,62.06896551724138,72.78482758620689,-10.715862068965507,165,1,60.27298850574713,2.6080689655172415,8.10241379310345,3.2172222222222207,-4.885191570881229,21.388363628340812,52.62289425715769,26.65556602287785,-1.2768965517241384,6.896551724137931,,REG,17
2018,REG,17,week,15,1,Deshaun Watson,QB,2120,00-0033537,Deshaun Watson,D.Watson,WAT338355,QB,QB,4,2120,2018,44824,32005741-5433-8355-e029-e49022cf4b81,Derrick,Watson,Deshaun,QB,QB,ACT,https://static.www.nfl.com/image/private/{formatInstructions}/league/dhtjbkg3d9yrse2vpans,35,25,0,71.42857142857143,66.158,5.270571428571429,234,0,89.46428571428572,2.6215714285714284,6.627428571428571,5.160399999999999,-1.467028571428572,20.4817086738298,50.064528360906394,50.064528360906394,-1.4297142857142855,17.142857142857142,,REG,17
2018,REG,17,week,15,1,Andrew Luck,QB,2200,00-0029668,Andrew Luck,A.Luck,LUC524055,QB,QB,12,2200,2018,38531,32004c55-4352-4055-1f10-c37ee3d83442,Andrew,Luck,Andrew,QB,QB,ACT,https://static.www.nfl.com/image/private/{formatInstructions}/league/ojix2ha2u58zqozaw756,35,24,1,68.57142857142857,65.18857142857144,3.3828571428571337,285,3,109.82142857142858,2.7950285714285714,8.668,6.827083333333333,-1.8409166666666659,20.81152691386498,41.01005974148294,35.47429773793979,-0.7605714285714287,25.71428571428571,,REG,17
2018,REG,17,week,15,1,Blake Bortles,QB,2250,00-0031407,Blake Bortles,B.Bortles,BOR650964,QB,QB,5,2250,2018,41229,3200424f-5265-0964-4a57-fb0d82ae917e,Robby,Bortles,Blake,QB,QB,ACT,https://static.www.nfl.com/image/private/{formatInstructions}/league/qycdzdjsokwmamzwsmeq,28,15,1,53.57142857142857,65.82321428571429,-12.251785714285717,107,0,47.767857142857146,2.5692142857142857,8.782142857142857,2.8299999999999996,-5.9521428571428565,20.600735247882177,45.95706692120375,23.293363861838404,-0.4321428571428572,10.714285714285714,Jr.,REG,17
2018,REG,17,week,15,1,Patrick Mahomes,QB,2310,00-0033873,Patrick Mahomes,P.Mahomes,MAH401939,QB,QB,15,2310,2018,44822,32004d41-4840-1939-e4c1-bb89191b4e71,Patrick,Mahomes,Patrick,QB,QB,ACT,https://static.www.nfl.com/image/private/{formatInstructions}/league/ugt3pz3jk8v1cbuvj3om,24,14,1,58.333333333333336,66.63416666666667,-8.300833333333337,281,2,109.89583333333333,2.7422916666666666,10.169583333333334,8.715714285714288,-1.4538690476190457,20.927530044854965,56.52061305400004,51.28974946322121,2.46125,12.5,,REG,17
2018,REG,17,week,15,1,Jared Goff,QB,2510,00-0033106,Jared Goff,J.Goff,GOF219636,QB,QB,16,2510,2018,43290,3200474f-4621-9636-7354-d2eb6365d257,Jared,Goff,Jared,QB,QB,ACT,https://static.www.nfl.com/image/private/{formatInstructions}/league/kke5xst7v1ciq1udqqyr,26,15,0,57.692307692307686,60.06961538461538,-2.3773076923076957,199,4,121.6346153846154,2.9733200000000006,11.351599999999998,8.927999999999999,-2.4235999999999986,22.720314821434304,44.02025897243224,44.02025897243224,3.311600000000001,11.538461538461538,,REG,17
2018,REG,17,week,15,1,Derek Carr,QB,2520,00-0031280,Derek Carr,D.Carr,CAR358797,QB,QB,4,2520,2018,41265,32004341-5235-8797-3b9a-0d2711c0bc27,Derek,Carr,Derek,QB,QB,ACT,https://static.www.nfl.com/image/private/{formatInstructions}/league/chtyn7pw8xqfpnrkd1fq,33,24,2,72.72727272727273,70.9790909090909,1.748181818181834,185,0,60.795454545454554,2.1688181818181818,6.007575757575758,4.951666666666667,-1.0559090909090907,19.168517791226424,36.402760884306566,26.758550035455954,-3.4772727272727266,9.090909090909092,,REG,17
2018,REG,17,week,15,1,Ryan Tannehill,QB,2700,00-0029701,Ryan Tannehill,R.Tannehill,TAN298716,QB,QB,17,2700,2018,38538,32005441-4e29-8716-6443-cc1663c47ac9,Ryan,Tannehill,Ryan,QB,QB,ACT,https://static.www.nfl.com/image/private/{formatInstructions}/league/e2b84kobkdgravu7u6qy,31,18,2,58.06451612903226,65.90774193548387,-7.843225806451606,147,0,43.3467741935484,2.7840967741935483,7.865483870967743,2.2066666666666674,-5.658817204301075,20.526786870415215,55.05965946135156,25.27193106986484,-0.6183870967741927,12.903225806451612,,REG,17
2018,REG,17,week,15,1,Kirk Cousins,QB,3000,00-0029604,Kirk Cousins,K.Cousins,COU709400,QB,QB,8,3000,2018,38632,3200434f-5570-9400-e1ae-f835abb5963e,Kirk,Cousins,Kirk,QB,QB,ACT,https://static.www.nfl.com/image/private/{formatInstructions}/league/yoi19theqqakt4zpw9r4,33,20,0,60.60606060606061,61.85939393939396,-1.2533333333333516,132,1,79.35606060606061,3.1083030303030297,8.960909090909093,3.7439999999999998,-5.216909090909093,23.286614958984664,59.38964640406609,31.73395815211207,0.5063636363636361,18.181818181818183,,REG,17
2018,REG,17,week,15,1,Tom Brady,QB,3200,00-0019596,Tom Brady,T.Brady,BRA371156,QB,QB,12,3200,2018,25511,32004252-4137-1156-7ed0-8b9e44948f13,Tom,Brady,Tom,QB,QB,ACT,https://static.www.nfl.com/image/private/{formatInstructions}/league/apkxya5ptb0zalrskshq,33,24,0,72.72727272727273,66.30151515151515,6.425757575757586,250,4,133.83838383838383,2.8587272727272723,10.232727272727274,7.327500000000001,-2.9052272727272737,24.362483958197966,55.48493489227504,35.17817505215414,-0.07030303030303009,9.090909090909092,Jr.,REG,17
2018,REG,17,week,15,1,Teddy Bridgewater,QB,3300,00-0031237,Teddy Bridgewater,T.Bridgewater,BRI129168,QB,QB,5,3300,2018,41258,32004252-4912-9168-84fe-1a998a0eb85b,Theodore,Bridgewater,Teddy,QB,QB,ACT,https://static.www.nfl.com/image/private/{formatInstructions}/league/f0uzw2vaxwyytmx1zron,22,14,1,63.63636363636363,65.58272727272727,-1.9463636363636354,118,1,73.67424242424242,3.2304999999999997,6.759545454545455,4.969999999999999,-1.7895454545454559,20.639090089395317,38.239415529006195,32.27955544923132,-1.6950000000000003,13.636363636363635,Jr.,REG,17
2018,REG,17,week,15,1,Eli Manning,QB,3410,00-0022803,Eli Manning,E.Manning,MAN473170,QB,QB,10,3410,2018,28953,32004d41-4e47-3170-d4e5-66f2cfc951d8,Elisha,Manning,Eli,QB,QB,ACT,https://static.www.nfl.com/image/private/{formatInstructions}/league/w51tf8uedjftbr4qpaex,41,24,1,58.536585365853654,61.830000000000005,-3.2934146341463517,301,2,87.55081300813008,2.630951219512195,8.368048780487804,5.296250000000001,-3.0717987804878035,20.828326596605596,48.88104745195217,42.01020471266476,0.026585365853659487,26.82926829268293,,REG,17
2018,REG,17,week,15,1,Sam Darnold,QB,3430,00-0034869,Sam Darnold,S.Darnold,DAR466141,QB,QB,14,3430,2018,46072,32004441-5246-6141-9e5c-6e7d32a03e33,Sam,Darnold,Sam,QB,QB,ACT,https://static.www.nfl.com/image/private/{formatInstructions}/league/eq43mbsq4xhpm9sfh0yl,28,16,0,57.14285714285714,51.46392857142856,5.678928571428578,167,0,74.55357142857143,2.8941785714285717,10.598928571428573,7.44125,-3.1576785714285727,24.14731135530178,45.056000710227266,40.51287326270503,1.8846428571428575,35.714285714285715,,REG,17
2018,REG,17,week,15,1,Nick Foles,QB,3700,00-0029567,Nick Foles,N.Foles,FOL058566,QB,QB,9,3700,2018,38618,3200464f-4c05-8566-67a5-109ec305cdd5,Nick,Foles,Nick,QB,QB,ACT,https://static.www.nfl.com/image/private/{formatInstructions}/league/urh5iskpc9copfq79exn,33,28,1,84.84848484848484,74.47818181818181,10.370303030303035,221,2,102.14646464646464,2.363727272727273,2.61969696969697,2.3225000000000002,-0.29719696969696985,15.895818835750909,31.864039291966737,30.902925427862005,-5.50151515151515,9.090909090909092,,REG,17
2018,REG,17,week,15,1,Josh Rosen,QB,3800,00-0034343,Josh Rosen,J.Rosen,ROS357433,QB,QB,3,3800,2018,46079,3200524f-5335-7433-3207-a02a4e884405,Joshua,Rosen,Josh,QB,QB,ACT,https://static.www.nfl.com/image/private/{formatInstructions}/league/evc67tf1tcwfwho6pmr9,34,18,0,52.94117647058824,56.440882352941166,-3.4997058823529272,149,1,74.26470588235294,2.942970588235294,10.73090909090909,5.29111111111111,-5.43979797979798,23.113710628929947,43.968608119884806,24.432013834311732,1.7612121212121215,23.52941176470588,,REG,17
2018,REG,17,week,15,1,Ben Roethlisberger,QB,3900,00-0022924,Ben Roethlisberger,B.Roethlisberger,ROE750381,QB,QB,7,3900,2018,28963,3200524f-4575-0381-afea-aa103cf4a1e3,Ben,Roethlisberger,Ben,QB,QB,ACT,https://static.www.nfl.com/image/private/{formatInstructions}/league/myft4pwoxwrxbeh1exyy,45,31,1,68.88888888888889,65.73599999999999,3.1528888888888957,287,1,84.21296296296296,2.5671333333333335,5.464444444444445,2.0564516129032264,-3.4079928315412187,18.636547703739453,45.93608276725389,45.93608276725389,-3.7355555555555537,20.0,,REG,17
2018,REG,17,week,15,1,Philip Rivers,QB,4400,00-0022942,Philip Rivers,P.Rivers,RIV651634,QB,QB,17,4400,2018,28956,32005249-5665-1634-a192-77c9c8e6262e,Philip,Rivers,Philip,QB,QB,ACT,https://static.www.nfl.com/image/private/{formatInstructions}/league/adapxtphf15elrdudiix,24,14,2,58.333333333333336,61.16625000000001,-2.8329166666666765,176,1,60.416666666666664,2.4756250000000004,7.925833333333334,7.032857142857144,-0.8929761904761904,18.819719142937306,30.683770954691997,27.92289383283904,-2.2408333333333323,12.5,,REG,17
2018,REG,17,week,15,1,Nick Mullens,QB,4500,00-0033319,Nick Mullens,N.Mullens,MUL486612,QB,QB,4,4500,2018,45198,32004d55-4c48-6612-b03b-50f8fc6abe24,Nicholas,Mullens,Nick,QB,QB,ACT,https://static.www.nfl.com/image/private/{formatInstructions}/league/uhuolpgkltrmxcstv4ac,33,23,3,69.6969696969697,66.27060606060606,3.4263636363636465,282,3,88.19444444444443,2.4567878787878787,6.3118181818181816,5.759130434782608,-0.5526877470355736,19.180901560596567,33.19333216174598,33.19333216174598,-1.748787878787879,15.151515151515152,,REG,17
2018,REG,17,week,15,1,Russell Wilson,QB,4600,00-0029263,Russell Wilson,R.Wilson,WIL777781,QB,QB,3,4600,2018,38605,32005749-4c77-7781-795c-94c753706d1d,Russell,Wilson,Russell,QB,QB,ACT,https://static.www.nfl.com/image/private/{formatInstructions}/league/rrpzsqysodir9laitnus,21,12,1,57.14285714285714,74.76666666666665,-17.623809523809513,152,1,75.89285714285712,3.2035714285714283,9.271904761904763,6.758333333333334,-2.513571428571429,22.565656668895507,47.12733389446087,45.59452708385076,0.7957142857142854,0.0,,REG,17
2018,REG,17,week,15,1,Jameis Winston,QB,4900,00-0031503,Jameis Winston,J.Winston,WIN623708,QB,QB,3,4900,2018,42344,32005749-4e62-3708-9650-e59a3f7bea83,Jameis,Winston,Jameis,QB,QB,ACT,https://static.www.nfl.com/image/private/{formatInstructions}/league/iurpf1pdjrjfowtksptf,35,22,1,62.857142857142854,57.50028571428572,5.356857142857137,345,4,121.72619047619047,3.020628571428572,11.906857142857143,11.468181818181817,-0.43867532467532655,23.99872566298243,53.3558478519459,45.073082876590554,3.2211428571428575,14.285714285714285,,REG,17
2018,REG,17,week,15,1,Josh Johnson,QB,5110,00-0026300,Josh Johnson,J.Johnson,JOH000001,QB,QB,8,5110,2018,33241,32004a4f-4800-0001-966a-b4f304503fea,Joshua,Johnson,Josh,QB,QB,ACT,https://static.www.nfl.com/image/private/{formatInstructions}/league/joqk6e9qhsg7n6jej2ya,27,12,1,44.44444444444444,63.385925925925925,-18.941481481481482,91,0,37.73148148148148,3.2770740740740743,9.257407407407406,4.411666666666665,-4.845740740740741,22.440122638893186,52.60854398289311,26.343534311098047,-0.26111111111111235,11.11111111111111,,REG,17
