season,season_type,week,scope,threshold,games_played,player_name,position,team_id,player_gsis_id,player_display_name,player_short_name,player_esb_id,player_position_group,player_position,player_jersey_number,player_current_team_id,player_season,player_gsis_it_id,player_smart_id,player_first_name,player_last_name,player_football_name,player_ngs_position,player_ngs_position_group,player_uniform_number,player_status,player_headshot,attempts,completions,interceptions,completion_percentage,expected_completion_percentage,completion_percentage_above_expectation,pass_yards,pass_touchdowns,passer_rating,avg_time_to_throw,avg_intended_air_yards,avg_completed_air_yards,avg_air_yards_differential,avg_air_distance,max_air_distance,max_completed_air_distance,avg_air_yards_to_sticks,aggressiveness,player_suffix,player_season_type,player_week
2019,POST,18,week,15,1,Josh Allen,QB,0610,00-0034857,Josh Allen,J.Allen,ALL529264,QB,QB,17,0610,2019,46076,3200414c-4c52-9264-bedc-c4ddaf201fe7,Joshua,Allen,Josh,QB,QB,17,ACT,https://static.www.nfl.com/image/private/{formatInstructions}/league/uyhjaf2okyygjyfzk8hc,46,24,0,52.17391304347826,56.316304347826076,-4.142391304347818,264,0,69.47463768115942,2.9468,8.933333333333332,3.9695833333333326,-4.963749999999999,22.57924390461917,60.322032459127236,30.41082044273058,-1.6857142857142866,23.91304347826087,,POST,18
2019,POST,18,week,15,1,Ryan Tannehill,QB,2100,00-0029701,Ryan Tannehill,R.Tannehill,TAN298716,QB,QB,17,2100,2019,38538,32005441-4e29-8716-6443-cc1663c47ac9,Ryan,Tannehill,Ryan,QB,QB,17,ACT,https://static.www.nfl.com/image/private/{formatInstructions}/league/e2b84kobkdgravu7u6qy,15,8,1,53.333333333333336,51.94733333333333,1.3860000000000028,72,1,60.972222222222214,2.994466666666667,9.978571428571428,3.5599999999999996,-6.418571428571428,24.59932094177362,47.89601340404022,29.733862850292425,1.4071428571428561,26.666666666666668,,POST,18
2019,POST,18,week,15,1,Deshaun Watson,QB,2120,00-0033537,Deshaun Watson,D.Watson,WAT338355,QB,QB,4,2120,2019,44824,32005741-5433-8355-e029-e49022cf4b81,Derrick,Watson,Deshaun,QB,QB,04,ACT,https://static.www.nfl.com/image/private/{formatInstructions}/league/dhtjbkg3d9yrse2vpans,25,20,0,80.0,69.2824,10.717600000000004,247,1,121.16666666666667,2.8812000000000006,8.292400000000002,7.278499999999999,-1.0139000000000031,20.424283147825953,44.450583798191,44.135520842060984,0.17240000000000008,12.0,,POST,18
2019,POST,18,week,15,1,Kirk Cousins,QB,3000,00-0029604,Kirk Cousins,K.Cousins,COU709400,QB,QB,8,3000,2019,38632,3200434f-5570-9400-e1ae-f835abb5963e,Kirk,Cousins,Kirk,QB,QB,08,ACT,https://static.www.nfl.com/image/private/{formatInstructions}/league/yoi19theqqakt4zpw9r4,31,19,0,61.29032258064516,65.63709677419357,-4.346774193548406,242,1,96.43817204301077,2.8568387096774197,8.56709677419355,7.602631578947371,-0.9644651952461789,20.678032926394597,46.585908813717474,46.585908813717474,0.4380645161290327,12.903225806451612,,POST,18
2019,POST,18,week,15,1,Tom Brady,QB,3200,00-0019596,Tom Brady,T.Brady,BRA371156,QB,QB,12,3200,2019,25511,32004252-4137-1156-7ed0-8b9e44948f13,Tom,Brady,Tom,QB,QB,12,ACT,https://static.www.nfl.com/image/private/{formatInstructions}/league/apkxya5ptb0zalrskshq,37,20,1,54.054054054054056,66.89729729729731,-12.843243243243258,209,0,59.403153153153156,2.9340270270270272,9.338333333333331,3.502000000000001,-5.8363333333333305,22.237575619076342,62.90550452861817,29.15248359917213,1.171666666666667,16.216216216216218,Jr.,POST,18
2019,POST,18,week,15,1,Drew Brees,QB,3300,00-0020531,Drew Brees,D.Brees,BRE229498,QB,QB,9,3300,2019,26250,32004252-4522-9498-de45-55dc89e02748,Drew,Brees,Drew,QB,QB,09,ACT,https://static.www.nfl.com/image/private/{formatInstructions}/league/i20xlpzdmn7xubotijjd,33,26,1,78.78787878787878,70.08545454545454,8.702424242424243,208,1,90.4040404040404,2.569121212121212,6.135624999999999,4.720384615384614,-1.4152403846153856,19.678366262932258,49.575281138890176,35.21818848265765,-2.2706250000000017,18.181818181818183,,POST,18
2019,POST,18,week,15,1,Josh McCown,QB,3700,00-0021206,Josh McCown,J.McCown,MCC600777,QB,QB,18,3700,2019,27213,32004d43-4360-0777-1931-84279757cab3,Joshua,McCown,Josh,QB,QB,18,ACT,https://static.www.nfl.com/image/private/{formatInstructions}/league/qcauc37wqjdaxdbq1evu,24,18,0,75.0,70.53375000000001,4.466249999999988,174,0,94.79166666666666,2.9882083333333327,5.661818181818182,5.2155555555555555,-0.4462626262626266,17.183975134938706,26.833568528989954,26.833568528989954,-4.11090909090909,8.333333333333332,,POST,18
2019,POST,18,week,15,1,Russell Wilson,QB,4600,00-0029263,Russell Wilson,R.Wilson,WIL777781,QB,QB,3,4600,2019,38605,32005749-4c77-7781-795c-94c753706d1d,Russell,Wilson,Russell,QB,QB,03,ACT,https://static.www.nfl.com/image/private/{formatInstructions}/league/rrpzsqysodir9laitnus,30,18,0,60.0,56.98366666666668,3.0163333333333213,325,1,108.33333333333333,2.9035666666666673,10.641379310344826,9.88888888888889,-0.7524904214559367,24.879475036119963,58.065874659734526,43.97323390427409,1.5724137931034479,20.0,,POST,18
2019,POST,19,week,15,1,Lamar Jackson,QB,0325,00-0034796,Lamar Jackson,L.Jackson,JAC323395,QB,QB,8,0325,2019,46101,32004a41-4332-3395-efb0-6c7b75de50af,Lamar,Jackson,Lamar,QB,QB,08,ACT,https://static.www.nfl.com/image/private/{formatInstructions}/league/rojvfogdbjpld2ldvdop,59,31,2,52.54237288135594,56.81033898305085,-4.26796610169491,365,1,63.17090395480227,3.151258620689655,11.425283018867924,8.392258064516128,-3.033024954351797,22.838273942512757,45.256554221460554,45.256554221460554,2.368679245283018,16.94915254237288,,POST,19
2019,POST,19,week,15,1,Aaron Rodgers,QB,1800,00-0023459,Aaron Rodgers,A.Rodgers,ROD339293,QB,QB,12,1800,2019,29851,3200524f-4433-9293-a3cf-ad7758d03003,Aaron,Rodgers,Aaron,QB,QB,12,ACT,https://static.www.nfl.com/image/private/{formatInstructions}/league/ejjiyjumtzwxiffdhkgz,27,16,0,59.25925925925925,59.726666666666674,-0.46740740740742126,243,2,113.65740740740742,3.156111111111112,6.5336363636363615,8.4025,1.8688636363636384,19.046198561838853,36.790652345398826,36.790652345398826,-2.011818181818182,3.7037037037037033,,POST,19
2019,POST,19,week,15,1,Deshaun Watson,QB,2120,00-0033537,Deshaun Watson,D.Watson,WAT338355,QB,QB,4,2120,2019,44824,32005741-5433-8355-e029-e49022cf4b81,Derrick,Watson,Deshaun,QB,QB,04,ACT,https://static.www.nfl.com/image/private/{formatInstructions}/league/dhtjbkg3d9yrse2vpans,52,31,0,59.61538461538461,62.69134615384615,-3.0759615384615344,388,2,95.67307692307692,3.3680000000000008,8.4712,7.015483870967744,-1.4557161290322558,20.695687293693645,55.34469531942514,46.85614687530336,0.3512000000000006,17.307692307692307,,POST,19
2019,POST,19,week,15,1,Patrick Mahomes,QB,2310,00-0033873,Patrick Mahomes,P.Mahomes,MAH401939,QB,QB,15,2310,2019,44822,32004d41-4840-1939-e4c1-bb89191b4e71,Patrick,Mahomes,Patrick,QB,QB,15,ACT,https://static.www.nfl.com/image/private/{formatInstructions}/league/ugt3pz3jk8v1cbuvj3om,35,23,0,65.71428571428571,68.48200000000001,-2.7677142857143053,321,5,134.64285714285717,2.8705428571428575,6.094285714285714,5.72,-0.37428571428571455,17.204037629366226,43.678861019948776,33.519104999984705,-2.5342857142857143,17.142857142857142,,POST,19
2019,POST,19,week,15,1,Kirk Cousins,QB,3000,00-0029604,Kirk Cousins,K.Cousins,COU709400,QB,QB,8,3000,2019,38632,3200434f-5570-9400-e1ae-f835abb5963e,Kirk,Cousins,Kirk,QB,QB,08,ACT,https://static.www.nfl.com/image/private/{formatInstructions}/league/yoi19theqqakt4zpw9r4,29,21,1,72.41379310344827,68.24931034482758,4.164482758620693,172,1,84.26724137931035,2.729310344827585,5.741724137931034,3.887619047619047,-1.8541050903119873,17.622607549636886,43.15336950922836,37.85227205862285,-3.3617241379310343,17.24137931034483,,POST,19
2019,POST,19,week,15,1,Jimmy Garoppolo,QB,4500,00-0031345,Jimmy Garoppolo,J.Garoppolo,GAR363225,QB,QB,10,4500,2019,41291,32004741-5236-3225-90e6-5bfdba41064c,James,Garoppolo,Jimmy,QB,QB,10,ACT,https://static.www.nfl.com/image/private/{formatInstructions}/league/hebg9avbsul4u2olmct8,19,11,1,57.89473684210527,60.356842105263155,-2.4621052631578877,131,1,74.67105263157893,2.613105263157894,9.567222222222224,8.960000000000003,-0.6072222222222212,19.884195745163147,33.19653596386225,33.19653596386225,0.9005555555555566,21.052631578947366,,POST,19
2019,POST,19,week,15,1,Russell Wilson,QB,4600,00-0029263,Russell Wilson,R.Wilson,WIL777781,QB,QB,3,4600,2019,38605,32005749-4c77-7781-795c-94c753706d1d,Russell,Wilson,Russell,QB,QB,03,ACT,https://static.www.nfl.com/image/private/{formatInstructions}/league/rrpzsqysodir9laitnus,31,21,0,67.74193548387096,57.623548387096776,10.118387096774185,277,1,106.51881720430107,4.026766666666666,11.465862068965517,8.496190476190474,-2.9696715927750432,21.87389574899252,60.24513341341357,36.08635199074575,3.052068965517241,6.451612903225806,,POST,19
2019,POST,20,week,15,1,Aaron Rodgers,QB,1800,00-0023459,Aaron Rodgers,A.Rodgers,ROD339293,QB,QB,12,1800,2019,29851,3200524f-4433-9293-a3cf-ad7758d03003,Aaron,Rodgers,Aaron,QB,QB,12,ACT,https://static.www.nfl.com/image/private/{formatInstructions}/league/ejjiyjumtzwxiffdhkgz,39,31,2,79.48717948717949,71.18871794871797,8.298461538461524,326,2,97.22222222222221,2.931512820512821,8.66,4.919999999999998,-3.740000000000002,22.929808591586045,63.61411478594982,52.91200241911093,-0.7183783783783791,7.6923076923076925,,POST,20
2019,POST,20,week,15,1,Ryan Tannehill,QB,2100,00-0029701,Ryan Tannehill,R.Tannehill,TAN298716,QB,QB,17,2100,2019,38538,32005441-4e29-8716-6443-cc1663c47ac9,Ryan,Tannehill,Ryan,QB,QB,17,ACT,https://static.www.nfl.com/image/private/{formatInstructions}/league/e2b84kobkdgravu7u6qy,31,21,0,67.74193548387096,69.21354838709678,-1.471612903225818,209,2,108.13172043010752,3.208354838709677,8.880645161290321,5.759047619047618,-3.1215975422427027,20.445670480968126,46.532435998988916,31.61334528328187,0.17096774193548367,19.35483870967742,,POST,20
2019,POST,20,week,15,1,Patrick Mahomes,QB,2310,00-0033873,Patrick Mahomes,P.Mahomes,MAH401939,QB,QB,15,2310,2019,44822,32004d41-4840-1939-e4c1-bb89191b4e71,Patrick,Mahomes,Patrick,QB,QB,15,ACT,https://static.www.nfl.com/image/private/{formatInstructions}/league/ugt3pz3jk8v1cbuvj3om,35,23,0,65.71428571428571,64.38999999999999,1.3242857142857218,294,3,120.41666666666669,3.3922285714285714,7.877500000000001,7.824782608695654,-0.052717391304347494,20.800012972255757,49.5195728979966,49.5195728979966,0.03375000000000017,2.857142857142857,,POST,20
2019,POST,22,week,15,1,Patrick Mahomes,QB,2310,00-0033873,Patrick Mahomes,P.Mahomes,MAH401939,QB,QB,15,2310,2019,44822,32004d41-4840-1939-e4c1-bb89191b4e71,Patrick,Mahomes,Patrick,QB,QB,15,ACT,https://static.www.nfl.com/image/private/{formatInstructions}/league/ugt3pz3jk8v1cbuvj3om,42,26,2,61.904761904761905,66.58642857142858,-4.681666666666679,286,2,78.07539682539682,2.900380952380953,7.49897435897436,7.170000000000002,-0.32897435897435834,20.537841680066727,57.106864736211875,57.106864736211875,-1.4497435897435889,9.523809523809524,,POST,22
2019,POST,22,week,15,1,Jimmy Garoppolo,QB,4500,00-0031345,Jimmy Garoppolo,J.Garoppolo,GAR363225,QB,QB,10,4500,2019,41291,32004741-5236-3225-90e6-5bfdba41064c,James,Garoppolo,Jimmy,QB,QB,10,ACT,https://static.www.nfl.com/image/private/{formatInstructions}/league/hebg9avbsul4u2olmct8,31,20,2,64.51612903225806,65.78225806451613,-1.266129032258064,219,1,69.15322580645162,2.5348064516129036,7.793548387096774,4.656999999999999,-3.1365483870967745,19.47284302517177,50.51457710403998,28.95790910960251,-0.851612903225806,16.129032258064516,,POST,22
2019,PRE,0,season,30,2,Matt Simms,QB,0200,00-0029151,Matt Simms,M.Simms,SIM341997,QB,QB,9,0200,2019,39133,32005349-4d34-1997-9c60-ab713690d0b6,Matt,Simms,Matt,QB,QB,,RES,https://static.www.nfl.com/image/private/{formatInstructions}/league/cp7lmyzswrpku14vurnj,37,18,1,48.64864864864865,63.64504480482759,-14.996396156178939,171,0,50.61936936936937,2.788243243243243,9.408648648648649,5.882777777777779,-3.52587087087087,21.36985141809225,39.318397729307335,28.091623306601566,0.3275675675675679,18.91891891891892,,,
2019,PRE,0,season,30,2,Danny Etling,QB,0200,00-0034423,Danny Etling,D.Etling,ETL296636,QB,QB,1,0200,2019,46288,32004554-4c29-6636-6cb0-77890ce8f841,Danny,Etling,Danny,QB,QB,,DEV,https://static.www.nfl.com/image/private/{formatInstructions}/league/mpwvanv7drzyrefqgenh,31,17,0,54.83870967741935,66.93327926820324,-12.094569590783884,193,1,84.4758064516129,3.101548387096774,9.02806451612903,6.603529411764705,-2.424535104364325,21.82757334753597,43.170745881904786,26.876804125490814,-1.1654838709677435,12.903225806451612,,,
2019,PRE,0,season,30,4,Trace McSorley,QB,0325,00-0035146,Trace McSorley,T.McSorley,MCS410965,QB,QB,7,0325,2019,47980,32004d43-5341-0965-ebd1-9af7818f36ae,Trace,McSorley,Trace,QB,QB,07,INA,https://static.www.nfl.com/image/private/{formatInstructions}/league/mqpfgk1lgr9lfmiizb8z,90,51,2,56.666666666666664,62.601712412304344,-5.93504574563768,533,4,79.53703703703704,2.6378333333333335,7.015882352941175,5.431960784313725,-1.5839215686274501,20.223409047408502,44.12217583030103,40.739765585972634,-2.360588235294118,15.555555555555555,,,
2019,PRE,0,season,30,3,Matt Barkley,QB,0610,00-0030533,Matt Barkley,M.Barkley,BAR192558,QB,QB,5,0610,2019,40046,32004241-5219-2558-104e-c58640a9e77a,Matthew,Barkley,Matt,QB,QB,05,ACT,https://static.www.nfl.com/image/private/{formatInstructions}/league/lodswmnugxvkpvuurchf,38,29,0,76.31578947368422,68.40072531057032,7.915064163113897,378,3,133.44298245614036,2.689973684210526,7.962105263157895,7.021034482758621,-0.9410707803992739,21.843113889703307,52.71446955058924,42.78964594384954,-1.6957894736842105,13.157894736842104,,,
2019,PRE,0,season,30,4,Davis Webb,QB,0610,00-0033550,Davis Webb,D.Webb,WEB107865,QB,QB,7,0610,2019,44899,32005745-4210-7865-aa79-d1694a1e3e3a,Davis,Webb,Davis,QB,QB,,DEV,https://static.www.nfl.com/image/private/{formatInstructions}/league/tmllvkmykseg4tmthiiy,45,29,4,64.44444444444444,68.87708210282855,-4.43263765838411,253,0,42.17592592592593,2.5862888888888893,7.264,3.7872413793103443,-3.476758620689656,22.056913059539134,50.09241459542553,38.29569296931446,-1.2248888888888887,15.555555555555555,,,
2019,PRE,0,season,30,4,Tyree Jackson,QB,0610,00-0035356,Tyree Jackson,T.Jackson,JAC611082,QB,QB,6,0610,2019,48486,32004a41-4361-1082-9c52-07385a4368c9,Tyree,Jackson,Tyree,QB,QB,,RES,https://static.www.nfl.com/image/private/{formatInstructions}/league/qe6oezdol5as0mxig8nu,57,30,1,52.63157894736842,60.35550202063301,-7.723923073264594,315,1,67.50730994152046,2.6942807017543853,8.31385964912281,3.600666666666667,-4.7131929824561425,20.47510229121643,59.730923314477565,35.436153854502884,-0.45807017543859696,26.31578947368421,,,
2019,PRE,0,season,30,3,Taylor Heinicke,QB,0750,00-0031800,Taylor Heinicke,T.Heinicke,HEI610185,QB,QB,6,0750,2019,42831,32004845-4961-0185-afff-3aef55a8ec24,Taylor,Heinicke,Taylor,QB,QB,,CUT,https://static.www.nfl.com/image/private/{formatInstructions}/league/cko0bekbkanqexlmhlus,31,19,1,61.29032258064516,61.14278219399913,0.1475403866460283,202,3,99.1263440860215,2.674225806451613,10.660645161290324,7.175789473684209,-3.4848556876061147,24.63553612944482,51.84542024132893,34.60264296264088,1.3380645161290319,19.35483870967742,,,
2019,PRE,0,season,30,4,Kyle Allen,QB,0750,00-0034577,Kyle Allen,K.Allen,ALL543234,QB,QB,7,0750,2019,46761,3200414c-4c54-3234-6e5f-74f0c92c233b,Kyle,Allen,Kyle,QB,QB,07,ACT,https://static.www.nfl.com/image/private/{formatInstructions}/league/jecyn8sprawuwe2gs9rz,34,18,0,52.94117647058824,60.831317743834326,-7.890141273246087,165,0,66.42156862745098,2.7458235294117643,9.83235294117647,3.3372222222222216,-6.495130718954249,24.001842946035737,56.01974384089952,32.15308383343656,-0.667647058823529,20.588235294117645,,,
2019,PRE,0,season,30,4,Will Grier,QB,0750,00-0035251,Will Grier,W.Grier,GRI022415,QB,QB,3,0750,2019,47883,32004752-4902-2415-512e-3cae73b00f0f,Will,Grier,Will,QB,QB,03,ACT,https://static.www.nfl.com/image/private/{formatInstructions}/league/yaujksnedukalqpumtqz,61,34,3,55.73770491803278,66.06351418084786,-10.325809262815078,385,2,65.26639344262294,2.459573770491803,8.691166666666668,4.471176470588236,-4.219990196078432,21.429098439620596,51.87719537523208,47.15065322983341,-1.1755,13.114754098360656,,,
2019,PRE,0,season,30,3,Chase Daniel,QB,0810,00-0026544,Chase Daniel,C.Daniel,DAN230354,QB,QB,4,0810,2019,34754,32004441-4e23-0354-f686-46d36ead5645,William,Daniel,Chase,QB,QB,04,ACT,https://static.www.nfl.com/image/private/{formatInstructions}/league/zqu7jyy17dassy385p5e,40,26,0,65.0,58.43197833746672,6.568021662533283,244,0,81.66666666666667,2.6613589743589743,7.8454054054054065,4.116153846153845,-3.729251559251561,21.339582161181003,58.70846276304635,35.63286264110702,-1.0464864864864867,17.5,,,
2019,PRE,0,season,30,4,Tyler Bray,QB,0810,00-0030151,Tyler Bray,T.Bray,BRA780271,QB,QB,9,0810,2019,40611,32004252-4178-0271-63c9-91a5359241fc,Tyler,Bray,Tyler,QB,QB,,DEV,https://static.www.nfl.com/image/private/{formatInstructions}/league/rezvtlijhl9iopp2t8lu,86,53,1,61.627906976744185,58.349131143023804,3.278775833720381,608,2,85.80426356589147,2.6770588235294115,10.880238095238095,7.573584905660377,-3.306653189577718,24.04575435742668,60.6271927438505,41.045468690222066,1.0588095238095236,22.093023255813954,,,
2019,PRE,0,season,30,2,Jake Dolegala,QB,0920,00-0035394,Jake Dolegala,J.Dolegala,DOL207644,QB,QB,7,0920,2019,48525,3200444f-4c20-7644-6742-41e27a5bcb5a,Jacob,Dolegala,Jacob,QB,QB,07,INA,https://static.www.nfl.com/image/private/{formatInstructions}/league/zayi3ebtesy1ktlpkuuo,53,37,0,69.81132075471697,64.3014059314188,5.509914823298175,347,2,100.11792452830188,2.5587924528301884,8.301509433962263,5.946216216216217,-2.3552932177460457,21.041025965386364,45.82559219475511,45.82559219475511,-0.7173584905660372,22.641509433962266,,,
2019,PRE,0,season,30,3,Ryan Finley,QB,0920,00-0035652,Ryan Finley,R.Finley,FIN412269,QB,QB,5,0920,2019,47887,32004649-4e41-2269-1f0e-36f6ef3dd338,Ryan,Finley,Ryan,QB,QB,05,ACT,https://static.www.nfl.com/image/private/{formatInstructions}/league/w7ddgzr7d6w86ga2fajh,64,47,1,73.4375,63.41353878378868,10.023961216211319,414,3,99.34895833333334,2.8406666666666665,7.509999999999998,5.963404255319149,-1.5465957446808494,20.367925983453087,43.366461695646784,43.366461695646784,-0.9416129032258066,21.875,,,
2019,PRE,0,season,30,3,Garrett Gilbert,QB,1050,00-0031395,Garrett Gilbert,G.Gilbert,GIL072219,QB,QB,3,1050,2019,41443,32004749-4c07-2219-21b9-4a27a834f437,Garrett,Gilbert,Garrett,QB,QB,03,ACT,https://static.www.nfl.com/image/private/{formatInstructions}/league/vrenumxjw58ol2jiy4yq,65,40,0,61.53846153846154,62.27832989050792,-0.7398683520463791,403,3,94.58333333333334,2.51828125,8.811111111111112,6.9925000000000015,-1.8186111111111103,20.187942846582402,53.24196183462815,37.85381618806748,-0.20476190476190462,18.461538461538463,,,
2019,PRE,0,season,30,2,Baker Mayfield,QB,1050,00-0034855,Baker Mayfield,B.Mayfield,MAY483453,QB,QB,6,1050,2019,46073,32004d41-5948-3453-e6ac-1ecff99fdcf6,Baker,Mayfield,Baker,QB,QB,06,ACT,https://static.www.nfl.com/image/private/{formatInstructions}/league/mrajlbudbl0hcfzmrqz3,32,15,1,46.875,59.747154312208295,-12.872154312208295,149,1,57.942708333333336,2.6790000000000003,9.0771875,4.664666666666665,-4.4125208333333354,21.745888744470673,47.574166309037935,33.63713721469174,0.35843749999999974,25.0,,,
2019,PRE,0,season,30,3,Cooper Rush,QB,1200,00-0033662,Cooper Rush,C.Rush,RUS046607,QB,QB,7,1200,2019,45536,32005255-5304-6607-6ca0-6d97a0d0f253,Cooper,Rush,Cooper,QB,QB,07,ACT,https://static.www.nfl.com/image/private/{formatInstructions}/league/vpto9d3x5hbwxbkbjlut,67,41,0,61.19402985074627,58.11302909321749,3.081000757528777,398,1,82.8047263681592,2.7415223880597015,9.321093750000001,7.129268292682928,-2.191825457317073,22.501469147826654,52.41811328157472,33.78352409089378,-0.7414062499999989,22.388059701492537,,,
2019,PRE,0,season,30,4,Clayton Thorson,QB,1200,00-0035283,Clayton Thorson,C.Thorson,THO828277,QB,QB,8,1200,2019,47950,32005448-4f82-8277-badb-cd047999cb4f,Clayton,Thorson,Clayton,QB,QB,,DEV,https://static.www.nfl.com/image/private/{formatInstructions}/league/ziizeik5a9wjwnuycwao,62,30,3,48.38709677419355,63.40146690847413,-15.014370134280576,266,1,45.497311827956985,2.603983870967742,8.094918032786886,5.236666666666667,-2.8582513661202187,21.68974929689011,49.25019898436959,41.00797239562083,-2.167377049180328,20.967741935483872,,,
2019,PRE,0,season,30,4,Brandon Allen,QB,1400,00-0032434,Brandon Allen,B.Allen,ALL063816,QB,QB,2,1400,2019,43490,3200414c-4c06-3816-a995-21614b984798,Brandon,Allen,Brandon,QB,QB,02,ACT,https://static.www.nfl.com/image/private/{formatInstructions}/league/ee95jejz4ud7xjdpx8ye,69,44,3,63.76811594202898,64.85508151244426,-1.0869655704152805,431,0,63.13405797101449,2.7977826086956523,7.912272727272728,5.388181818181818,-2.5240909090909103,21.45571401848067,57.587359724161686,57.587359724161686,-1.208939393939393,13.043478260869565,,,
2019,PRE,0,season,30,4,Kevin Hogan,QB,1400,00-0032784,Kevin Hogan,K.Hogan,HOG022742,QB,QB,9,1400,2019,43451,3200484f-4702-2742-4971-4e8dcf0d2a1f,Kevin,Hogan,Kevin,QB,QB,,CUT,https://static.www.nfl.com/image/private/{formatInstructions}/league/ilxky9sgzwrvtgllergi,57,28,3,49.122807017543856,65.10753311347544,-15.984726095931585,274,1,46.966374269005854,2.494877192982456,10.118771929824561,5.84892857142857,-4.269843358395991,22.793459379267528,59.94637687133393,33.97601506945745,1.2942105263157886,14.035087719298245,,,
2019,PRE,0,season,30,2,Brett Rypien,QB,1400,00-0034955,Brett Rypien,B.Rypien,RYP415292,QB,QB,4,1400,2019,48090,32005259-5041-5292-b37a-51e22ef129f4,Brett,Rypien,Brett,QB,QB,,DEV,https://static.www.nfl.com/image/private/{formatInstructions}/league/pitsregexroo6iubfhgl,34,22,2,64.70588235294117,65.40248108589473,-0.6965987329535608,166,0,51.83823529411765,2.424529411764706,8.053235294117647,4.462727272727272,-3.5905080213903746,21.47246504654385,49.046475918255325,37.45006809072582,-0.7408823529411765,14.705882352941178,,,
2019,PRE,0,season,30,2,Drew Lock,QB,1400,00-0035704,Drew Lock,D.Lock,LOC374482,QB,QB,3,1400,2019,47825,32004c4f-4337-4482-904c-a47f8df1d41b,Drew,Lock,Drew,QB,QB,03,ACT,https://static.www.nfl.com/image/private/{formatInstructions}/league/q4mm4si16iee7dkz1eso,40,24,1,60.0,64.99054826796055,-4.990548267960548,220,1,72.91666666666666,2.4298,6.7757499999999995,3.984166666666667,-2.7915833333333326,20.70583209206008,41.078074443673714,35.79848739821279,-2.0992499999999987,25.0,,,
2019,PRE,0,season,30,3,Josh Johnson,QB,1540,00-0026300,Josh Johnson,J.Johnson,JOH000001,QB,QB,8,1540,2019,33241,32004a4f-4800-0001-966a-b4f304503fea,Josh,Johnson,Josh,QB,QB,,CUT,https://static.www.nfl.com/image/private/{formatInstructions}/league/joqk6e9qhsg7n6jej2ya,43,23,1,53.48837209302325,60.80263745646144,-7.314265363438189,313,1,75.04844961240309,2.5578292682926826,8.630243902439025,6.962173913043478,-1.6680699893955468,21.791776281169312,43.31181132208627,38.2502405221196,-1.5892682926829267,11.627906976744185,,,
2019,PRE,0,season,30,4,Kyle Sloter,QB,1540,00-0033672,Kyle Sloter,K.Sloter,SLO401791,QB,QB,1,1540,2019,45546,3200534c-4f40-1791-a253-00d7c332d13d,Kyle,Sloter,Kyle,QB,QB,01,ACT,https://static.www.nfl.com/image/private/{formatInstructions}/league/cwovj6np7arfxvsxmoeu,51,39,1,76.47058823529412,69.21317065317257,7.257417582121548,443,4,119.97549019607843,2.7481176470588236,7.503061224489795,6.333333333333335,-1.1697278911564606,19.587290293671273,43.879026880731985,29.72068976319358,-0.8030612244897956,7.8431372549019605,,,
2019,PRE,0,season,30,4,David Blough,QB,1540,00-0035040,David Blough,D.Blough,BLO315389,QB,QB,10,1540,2019,48137,3200424c-4f31-5389-8dc7-e49c9f486370,David,Blough,David,QB,QB,10,ACT,https://static.www.nfl.com/image/private/{formatInstructions}/league/eevnkhj8mhzpolblxpjy,43,25,2,58.139534883720934,56.18364492128062,1.9558899624403168,271,2,72.91666666666666,2.4280465116279073,10.48609756097561,7.928799999999999,-2.557297560975611,23.28263713059552,48.94480258413553,42.73689038757968,1.4860975609756093,20.930232558139537,,,
2019,PRE,0,season,30,4,Tim Boyle,QB,1800,00-0034177,Tim Boyle,T.Boyle,BOY696580,QB,QB,8,1800,2019,46430,3200424f-5969-6580-30ab-073b70dbd48b,Timothy,Boyle,Tim,QB,QB,08,ACT,https://static.www.nfl.com/image/private/{formatInstructions}/league/eheidtamnz64qzau1nwj,57,34,0,59.64912280701754,64.6619546570276,-5.012831850010052,356,6,112.90204678362572,2.3501228070175437,8.990526315789474,6.342941176470587,-2.6475851393188865,22.550591973664698,44.777160472723146,38.883807683919024,-0.48315789473684245,22.807017543859647,,,
2019,PRE,0,season,30,3,Ryan Tannehill,QB,2100,00-0029701,Ryan Tannehill,R.Tannehill,TAN298716,QB,QB,17,2100,2019,38538,32005441-4e29-8716-6443-cc1663c47ac9,Ryan,Tannehill,Ryan,QB,QB,17,ACT,https://static.www.nfl.com/image/private/{formatInstructions}/league/e2b84kobkdgravu7u6qy,36,25,0,69.44444444444444,63.964868419700196,5.479576024744247,276,3,119.67592592592592,2.6980833333333334,8.680833333333334,7.888,-0.7928333333333342,20.811517912590325,49.48032841443153,37.282914317418914,-0.708055555555555,13.88888888888889,,,
2019,PRE,0,season,30,4,Logan Woodside,QB,2100,00-0034438,Logan Woodside,L.Woodside,WOO629467,QB,QB,5,2100,2019,46318,3200574f-4f62-9467-6326-adb124a79e35,Logan,Woodside,Logan,QB,QB,,NWT,https://static.www.nfl.com/image/private/{formatInstructions}/league/usg0sadyigfvr3dbft0p,76,46,0,60.526315789473685,62.89611457307872,-2.3697987836050345,539,4,99.61622807017544,2.767053333333333,8.506438356164383,8.338260869565218,-0.16817748659916454,21.82938661487199,52.3127613494069,52.3127613494069,-1.2058904109589041,15.789473684210526,,,
2019,PRE,0,season,30,4,Joe Webb,QB,2120,00-0027796,Joe Webb,J.Webb,WEB212765,QB,QB,5,2120,2019,35638,32005745-4221-2765-4b90-fcd8a61454f0,Joe,Webb,Joe,QB,QB,,RES,https://static.www.nfl.com/image/private/{formatInstructions}/league/hjieero9ugbyu7n1629h,115,66,6,57.391304347826086,60.319151133298874,-2.927846785472788,697,3,62.11956521739131,2.9436,11.758245614035088,6.811666666666666,-4.9465789473684225,24.85349613816009,68.69996360988847,50.40352567033381,2.64421052631579,17.391304347826086,,,
2019,PRE,0,season,30,4,Phillip Walker,QB,2200,00-0033275,Phillip Walker,P.Walker,WAL291489,QB,QB,5,2200,2019,45159,32005741-4c29-1489-568d-26e6f08d55b5,Phillip,Walker,Phillip,QB,QB,,CUT,https://static.www.nfl.com/image/private/{formatInstructions}/league/ffyv1i6ipgp2c9nsczi2,64,32,2,50.0,62.96588568948209,-12.965885689482093,349,0,53.450520833333336,2.517765625,10.817142857142857,7.0196875,-3.797455357142857,24.75495680083271,44.58098473564711,35.87724209021647,0.8488888888888888,18.75,,,
2019,PRE,0,season,30,4,Chad Kelly,QB,2200,00-0033597,Chad Kelly,C.Kelly,KEL516446,QB,QB,6,2200,2019,45066,32004b45-4c51-6446-3e7e-af1a2c479726,Chad,Kelly,Chad,QB,QB,06,INA,https://static.www.nfl.com/image/private/{formatInstructions}/league/msrm2dj2ksmjxpym2rqs,73,54,2,73.97260273972603,69.1360614275279,4.836541312198122,583,2,94.7203196347032,2.6958904109589046,8.25492957746479,6.303518518518518,-1.9514110589462712,20.644071459625238,54.05497664415368,37.07246956974946,-2.167605633802817,9.58904109589041,,,
2019,PRE,0,season,30,4,Joshua Dobbs,QB,2250,00-0033949,Joshua Dobbs,J.Dobbs,DOB302360,QB,QB,1,2250,2019,44948,3200444f-4230-2360-8e14-dbbe1dede120,Robert,Dobbs,Joshua,QB,QB,01,INA,https://static.www.nfl.com/image/private/{formatInstructions}/league/mgzzxgsfnkundxwonrlj,33,18,2,54.54545454545454,57.316854641293034,-2.7714000958384943,280,0,57.638888888888886,3.2026666666666666,12.744242424242424,12.298333333333334,-0.44590909090909037,25.65849549643963,55.6555190434875,48.656034569208366,2.835151515151516,15.151515151515152,,,
2019,PRE,0,season,30,4,Chase Litton,QB,2250,00-0034291,Chase Litton,C.Litton,LIT808001,QB,QB,8,2250,2019,46516,32004c49-5480-8001-9267-bb4e1f35081d,Chase,Litton,Chase,QB,QB,,CUT,https://static.www.nfl.com/image/private/{formatInstructions}/league/ntxhtal75arhvsh0sy9y,55,32,1,58.18181818181818,60.91720339926806,-2.735385217449881,276,3,82.08333333333333,2.7418,8.613272727272728,5.30375,-3.3095227272727277,21.639068953063315,47.98209040881817,31.732866243060997,-1.6049090909090906,20.0,,,
2019,PRE,0,season,30,4,Gardner Minshew,QB,2250,00-0035289,Gardner Minshew,G.Minshew II,MIN604610,QB,QB,15,2250,2019,47961,32004d49-4e60-4610-dc98-dcddea9bb1f6,Gardner,Minshew,Gardner,QB,QB,15,ACT,https://static.www.nfl.com/image/private/{formatInstructions}/league/f8uc5gnrll70ueahgisk,96,54,0,56.25,64.79847219695026,-8.548472196950257,468,0,69.27083333333334,2.6694315789473686,6.728736842105263,4.705925925925926,-2.0228109161793375,20.54027318032779,50.20202884346409,33.56640731445652,-2.2923157894736836,19.791666666666664,,,
2019,PRE,0,season,30,4,Kyle Shurmur,QB,2310,00-0035163,Kyle Shurmur,K.Shurmur,SHU681869,QB,QB,9,2310,2019,48265,32005348-5568-1869-2375-b28f6a9b8381,Kyle,Shurmur,Kyle,QB,QB,,DEV,https://static.www.nfl.com/image/private/{formatInstructions}/league/lmynr2poabp7ezici93k,56,33,1,58.92857142857143,60.874264461121385,-1.9456930325499542,316,2,79.16666666666669,2.3156964285714285,7.202142857142857,3.9515151515151516,-3.2506277056277058,19.753886025449585,46.30518005579937,36.199483421728544,-1.101428571428571,30.357142857142854,,,
2019,PRE,0,season,30,4,John Wolford,QB,2510,00-0034899,John Wolford,J.Wolford,WOL568644,QB,QB,9,2510,2019,47180,3200574f-4c56-8644-9b76-ac0f15d4d563,John,Wolford,John,QB,QB,,DEV,https://static.www.nfl.com/image/private/{formatInstructions}/league/q8lthvvymmuduufuqjky,44,25,0,56.81818181818182,63.42491622675549,-6.606734408573672,249,3,95.73863636363636,3.035568181818182,9.381190476190476,7.811199999999999,-1.569990476190477,22.541789089189752,43.94959044177773,36.13386500223855,0.19071428571428464,9.090909090909092,,,
2019,PRE,0,season,30,4,Mike Glennon,QB,2520,00-0030520,Mike Glennon,M.Glennon,GLE711694,QB,QB,7,2520,2019,40021,3200474c-4571-1694-a09c-ddea32d15c26,Michael,Glennon,Mike,QB,QB,07,ACT,https://static.www.nfl.com/image/private/{formatInstructions}/league/jaboquy8ro6124cui3av,61,41,2,67.21311475409836,64.44108713357176,2.7720276205266003,491,2,88.90027322404372,2.5219344262295085,7.543728813559321,6.40170731707317,-1.1420214964861506,20.018373170699615,48.5649884175833,48.5649884175833,-1.2359322033898308,24.59016393442623,,,
2019,PRE,0,season,30,4,DeShone Kizer,QB,2520,00-0033899,DeShone Kizer,D.Kizer,KIZ080286,QB,QB,14,2520,2019,44864,32004b49-5a08-0286-2a4a-4466d3b555e6,DeShone,Kizer,DeShone,QB,QB,14,INA,https://static.www.nfl.com/image/private/{formatInstructions}/league/pqmmtdcwopaixn3m54ku,45,25,2,55.55555555555556,64.02331196599536,-8.467756410439804,273,2,69.9537037037037,2.738955555555555,10.141333333333336,7.721200000000001,-2.420133333333334,22.3044220070253,59.05178913462318,30.71476843474488,1.0746666666666669,15.555555555555555,,,
2019,PRE,0,season,30,4,Nathan Peterman,QB,2520,00-0033958,Nathan Peterman,N.Peterman,PET071806,QB,QB,3,2520,2019,44984,32005045-5407-1806-8416-0c28f3e38ba0,Nathan,Peterman,Nathan,QB,QB,,RES,https://static.www.nfl.com/image/private/{formatInstructions}/league/eixg0gbbzejn3c14lsz4,84,60,0,71.42857142857143,68.6211780245815,2.807393403989934,474,3,97.02380952380953,2.5391904761904764,5.461829268292684,3.2615,-2.200329268292684,18.870440589810517,46.63670335690551,36.55937909757221,-3.2820731707317075,13.095238095238097,,,
2019,PRE,0,season,30,3,Ryan Fitzpatrick,QB,2700,00-0023682,Ryan Fitzpatrick,R.Fitzpatrick,FIT792915,QB,QB,14,2700,2019,30078,32004649-5479-2915-c998-f50119c2fdd4,Ryan,Fitzpatrick,Ryan,QB,QB,14,ACT,https://static.www.nfl.com/image/private/{formatInstructions}/league/joilglqul2ldsy2pfjey,32,17,0,53.125,67.93955164030194,-14.814551640301943,166,1,78.38541666666666,2.5643124999999998,7.530937499999999,4.758235294117648,-2.772702205882352,20.717730612564942,47.57961958654146,37.35149930056355,-2.4065625,18.75,,,
2019,PRE,0,season,30,3,Jake Rudock,QB,2700,00-0032431,Jake Rudock,J.Rudock,RUD297966,QB,QB,5,2700,2019,43480,32005255-4429-7966-d9fd-3c6dbadaa98e,Jake,Rudock,Jake,QB,QB,,DEV,https://static.www.nfl.com/image/private/{formatInstructions}/league/lb8pxfnrvchcoy8y3c1h,48,34,1,70.83333333333334,66.96280516528836,3.8705281680449843,366,3,105.03472222222223,2.6868958333333333,7.418297872340427,6.3635294117647065,-1.0547684605757208,20.248619273067465,38.16780842542573,32.7697482443793,-1.6455319148936165,12.5,,,
2019,PRE,0,season,30,3,Josh Rosen,QB,2700,00-0034343,Josh Rosen,J.Rosen,ROS357433,QB,QB,3,2700,2019,46079,3200524f-5335-7433-3207-a02a4e884405,Joshua,Rosen,Josh,QB,QB,03,ACT,https://static.www.nfl.com/image/private/{formatInstructions}/league/evc67tf1tcwfwho6pmr9,45,28,1,62.22222222222222,56.30867959724532,5.913542624976898,352,0,77.26851851851852,2.8312954545454545,10.387727272727272,10.120714285714286,-0.26701298701298626,23.443630779032013,46.15300748596997,46.15300748596997,1.1377272727272727,22.22222222222222,,,
2019,PRE,0,season,30,3,Sean Mannion,QB,3000,00-0032245,Sean Mannion,S.Mannion,MAN548238,QB,QB,4,3000,2019,42432,32004d41-4e54-8238-75bc-0c066cdf649e,Sean,Mannion,Sean,QB,QB,04,ACT,https://static.www.nfl.com/image/private/{formatInstructions}/league/qu4kwqrvk5urqxx5go3e,36,24,1,66.66666666666666,63.47248028549883,3.1941863811678246,247,2,93.17129629629629,2.487314285714286,6.685714285714285,4.5808333333333335,-2.1048809523809515,19.62591355299846,45.309845508454345,34.178368890279124,-1.7142857142857146,22.22222222222222,,,
2019,PRE,0,season,30,4,Jarrett Stidham,QB,3200,00-0035264,Jarrett Stidham,J.Stidham,STI129837,QB,QB,4,3200,2019,47916,32005354-4912-9837-7193-9c8d8376b821,Jarrett,Stidham,Jarrett,QB,QB,04,ACT,https://static.www.nfl.com/image/private/{formatInstructions}/league/pwcjgwu2i11h1xrqot1x,90,61,1,67.77777777777779,59.44664037889904,8.331137398878745,731,4,102.5925925925926,2.837311111111111,8.825180722891567,7.804666666666666,-1.0205140562249007,20.577833033339395,43.80987217511597,43.80987217511597,-0.4519277108433733,21.11111111111111,,,
2019,PRE,0,season,30,4,Teddy Bridgewater,QB,3300,00-0031237,Teddy Bridgewater,T.Bridgewater,BRI129168,QB,QB,5,3300,2019,41258,32004252-4912-9168-84fe-1a998a0eb85b,Theodore,Bridgewater,Teddy,QB,QB,05,ACT,https://static.www.nfl.com/image/private/{formatInstructions}/league/f0uzw2vaxwyytmx1zron,70,43,1,61.42857142857143,66.74680645976748,-5.318235031196053,400,2,80.6547619047619,2.744142857142857,6.726811594202898,4.52953488372093,-2.197276710481968,20.492311482752925,43.572152804285444,41.74065164800378,-2.7369565217391307,20.0,Jr.,,
2019,PRE,0,season,30,4,Taysom Hill,QB,3300,00-0033357,Taysom Hill,T.Hill,HIL609597,QB,QB,7,3300,2019,45244,32004849-4c60-9597-c5a9-4369b9c7cd1e,Taysom,Hill,Taysom,TE,QB,07,ACT,https://static.www.nfl.com/image/private/{formatInstructions}/league/cqzbzxdt8niqee09wewi,59,40,1,67.79661016949152,75.0191839822268,-7.222573812735291,443,3,99.75282485875707,2.8507627118644066,6.705862068965518,5.942750000000001,-0.7631120689655173,19.539535017329186,51.95587550989782,51.95587550989782,-2.8631034482758615,5.084745762711865,,,
2019,PRE,0,season,30,4,Alex Tanney,QB,3410,00-0029623,Alex Tanney,A.Tanney,TAN743421,QB,QB,3,3410,2019,39551,32005441-4e74-3421-909e-60417ce925ee,Alex,Tanney,Alex,QB,QB,03,INA,https://static.www.nfl.com/image/private/{formatInstructions}/league/imvd4rxtknm0ob8oul5z,46,24,3,52.17391304347826,57.19801812716152,-5.02410508368326,322,2,62.04710144927535,2.6030652173913045,11.534186046511627,6.976666666666667,-4.55751937984496,24.253326640135075,48.3568092413054,45.05347267414578,2.0225581395348837,17.391304347826086,,,
2019,PRE,0,season,30,4,Daniel Jones,QB,3410,00-0035710,Daniel Jones,D.Jones,JON165462,QB,QB,8,3410,2019,47789,32004a4f-4e16-5462-39a4-3b4fa743c66f,Daniel,Jones,Daniel,QB,QB,08,ACT,https://static.www.nfl.com/image/private/{formatInstructions}/league/zgxgwbz4fsqrkxewbdz2,34,29,0,85.29411764705883,60.54927860112751,24.744839045931315,416,2,137.25490196078428,2.576205882352941,9.421176470588236,9.107586206896553,-0.3135902636916832,21.962920798909153,45.31468856783636,45.31468856783636,0.009411764705882467,23.52941176470588,,,
2019,PRE,0,season,30,3,David Fales,QB,3430,00-0031076,David Fales,D.Fales,FAL381917,QB,QB,3,3430,2019,41412,32004641-4c38-1917-6f79-81dbbb3bbe00,David,Fales,David,QB,QB,03,ACT,https://static.www.nfl.com/image/private/{formatInstructions}/league/ddgl0o1h4nr116wlorpy,41,20,1,48.78048780487805,59.37627012409815,-10.595782319220099,310,1,72.20528455284553,3.162725,12.745999999999999,10.139500000000002,-2.606499999999997,24.63970679497343,52.73234775733013,46.35096654871395,3.1959999999999997,19.51219512195122,,,
2019,PRE,0,season,30,4,Trevor Siemian,QB,3430,00-0032156,Trevor Siemian,T.Siemian,SIE461866,QB,QB,19,3430,2019,42593,32005349-4546-1866-e481-b01fc4505cd5,Trevor,Siemian,Trevor,QB,QB,,RES,https://static.www.nfl.com/image/private/{formatInstructions}/league/ti08nqfxvm2qecej46jj,32,25,0,78.125,66.05221158533823,12.072788414661773,158,1,97.65625,2.75975,5.366874999999999,3.7883999999999998,-1.5784749999999996,19.675546805625906,40.949672770365325,32.59008745002075,-2.8518750000000006,25.0,,,
2019,PRE,0,season,30,4,Mike White,QB,3430,00-0034401,Mike White,M.White,WHI367864,QB,QB,3,3430,2019,46240,32005748-4936-7864-3ac7-015862958e61,Mike,White,Mike,QB,QB,,DEV,https://static.www.nfl.com/image/private/{formatInstructions}/league/kzoeyu9fjpity0vpthg8,68,36,1,52.94117647058824,57.56183875834241,-4.620662287754172,305,1,63.66421568627452,2.8301617647058825,6.898656716417911,3.794166666666666,-3.1044900497512447,19.614324402581655,51.70853797971859,34.433777021988156,-2.5491044776119405,25.0,,,
2019,PRE,0,season,30,4,Luke Falk,QB,3430,00-0034412,Luke Falk,L.Falk,FAL452491,QB,QB,8,3430,2019,46268,32004641-4c45-2491-a0a5-d806460a5d8d,Luke,Falk,Luke,QB,QB,,CUT,https://static.www.nfl.com/image/private/{formatInstructions}/league/caeic48dkstqkisxvs0x,36,29,0,80.55555555555556,74.48686104681757,6.068694508737991,230,2,111.80555555555556,2.703638888888889,3.7452941176470573,2.5793103448275856,-1.1659837728194717,17.011544306464675,29.841543190659557,26.58482273779534,-5.0488235294117665,0.0,,,
2019,PRE,0,season,30,4,Kyle Lauletta,QB,3700,00-0034369,Kyle Lauletta,K.Lauletta,LAU558215,QB,QB,17,3700,2019,46177,32004c41-5555-8215-a88c-59a5e88347f4,Kyle,Lauletta,Kyle,QB,QB,,DEV,https://static.www.nfl.com/image/private/{formatInstructions}/league/jlsa0k0xgfyocyej1jts,62,37,0,59.67741935483871,60.4944180577032,-0.8169987028644883,453,4,103.76344086021506,2.662,9.088688524590163,7.1908108108108095,-1.8978777137793532,21.77621089715466,43.553131919530195,43.553131919530195,0.4657377049180331,16.129032258064516,,,
2019,PRE,0,season,30,4,Brett Hundley,QB,3800,00-0031589,Brett Hundley,B.Hundley,HUN005842,QB,QB,7,3800,2019,42490,32004855-4e00-5842-84a4-69c45c54602d,Brett,Hundley,Brett,QB,QB,07,ACT,https://static.www.nfl.com/image/private/{formatInstructions}/league/ujbo4yjq2jkhjwdaodv3,62,42,0,67.74193548387096,63.247141972064014,4.494793511806947,463,2,100.4032258064516,2.6860491803278688,8.473620689655172,6.634285714285714,-1.8393349753694581,22.814024582567793,51.48758782463984,51.48758782463984,-1.836724137931034,14.516129032258066,Jr.,,
2019,PRE,0,season,30,3,Kyler Murray,QB,3800,00-0035228,Kyler Murray,K.Murray,MUR670413,QB,QB,1,3800,2019,47784,32004d55-5267-0413-8d36-a5c3fd781aa0,Kyler,Murray,Kyler,QB,QB,01,ACT,https://static.www.nfl.com/image/private/{formatInstructions}/league/xg9gslvksigyhrkos7xu,36,23,0,63.888888888888886,67.32630637577839,-3.437417486889501,193,0,77.66203703703702,2.755472222222222,7.865999999999999,4.962608695652174,-2.9033913043478243,22.925873898618114,49.78756973382011,46.72528437580664,-1.505428571428571,13.88888888888889,,,
2019,PRE,0,season,30,3,Drew Anderson,QB,3800,00-0035483,Drew Anderson,D.Anderson,AND198148,QB,QB,3,3800,2019,48628,3200414e-4419-8148-911c-616bff485be0,Drew,Anderson,Drew,QB,QB,03,ACT,https://static.www.nfl.com/image/private/{formatInstructions}/league/dyrcn10kc4f4ff5a3b1v,32,18,1,56.25,58.610102254897356,-2.360102254897356,206,2,83.59375,2.822709677419355,9.157741935483871,8.257222222222222,-0.9005197132616498,21.86118271156008,36.998331043440324,36.40298476773574,-0.358387096774194,25.0,,,
2019,PRE,0,season,30,3,Paxton Lynch,QB,3900,00-0033108,Paxton Lynch,P.Lynch,LYN526034,QB,QB,5,3900,2019,43315,32004c59-4e52-6034-b52a-7cd4920cc667,Paxton,Lynch,Paxton,QB,QB,05,ACT,https://static.www.nfl.com/image/private/{formatInstructions}/league/vtlr44rcvfumnmcowevo,37,18,0,48.64864864864865,64.12697563300262,-15.478326984353963,180,1,71.90315315315316,2.6883243243243244,7.467499999999999,4.29611111111111,-3.171388888888889,21.305573106351616,45.438602531327916,31.393045408179177,-2.838055555555557,16.216216216216218,,,
2019,PRE,0,season,30,4,Mason Rudolph,QB,3900,00-0034771,Mason Rudolph,M.Rudolph,RUD321216,QB,QB,2,3900,2019,46145,32005255-4432-1216-a9be-28502c0847e4,Mason,Rudolph,Mason,QB,QB,,RES,https://static.www.nfl.com/image/private/{formatInstructions}/league/nfrmszsvdyrhtsox7yh9,43,28,1,65.11627906976744,58.3841648212699,6.732114248497545,368,4,113.3236434108527,3.0885348837209308,11.728837209302325,8.063928571428571,-3.6649086378737543,24.838475776373357,48.57108296095527,48.57108296095527,1.8451162790697668,27.906976744186046,,,
2019,PRE,0,season,30,3,Devlin Hodges,QB,3900,00-0035577,Devlin Hodges,D.Hodges,HOD363523,QB,QB,6,3900,2019,48728,3200484f-4436-3523-9f45-2df444e0e2ab,Devlin,Hodges,Devlin,QB,QB,06,ACT,https://static.www.nfl.com/image/private/{formatInstructions}/league/ehkdoer4nv2qp2ddam83,38,20,1,52.63157894736842,65.88718477440509,-13.255605827036668,190,2,73.35526315789474,2.9636315789473686,7.200526315789474,6.114,-1.0865263157894738,22.157266213305117,45.814087353127526,44.3379115430576,-2.82578947368421,23.684210526315788,,,
2019,PRE,0,season,30,4,Easton Stick,QB,4400,00-0035282,Easton Stick,E.Stick,STI420937,QB,QB,2,4400,2019,47949,32005354-4942-0937-5f54-4fc08152f18e,Easton,Stick,Easton,QB,QB,02,INA,https://static.www.nfl.com/image/private/{formatInstructions}/league/shexnb30zi9kkwp7sldx,46,27,4,58.69565217391305,66.0670549325321,-7.371402758619055,244,1,44.11231884057972,2.9755869565217385,7.961111111111111,4.392592592592592,-3.568518518518519,21.34786359576573,54.21570621139228,39.88567913424566,-2.9277777777777776,17.391304347826086,,,
2019,PRE,0,season,30,4,Nick Mullens,QB,4500,00-0033319,Nick Mullens,N.Mullens,MUL486612,QB,QB,4,4500,2019,45198,32004d55-4c48-6612-b03b-50f8fc6abe24,Nicholas,Mullens,Nick,QB,QB,04,ACT,https://static.www.nfl.com/image/private/{formatInstructions}/league/uhuolpgkltrmxcstv4ac,34,22,1,64.70588235294117,72.35324781607179,-7.647365463130612,229,2,91.42156862745098,2.59235294117647,8.695588235294117,5.306818181818182,-3.3887700534759357,22.257818915288194,47.9448151524229,31.11329619310689,-0.6573529411764698,5.88235294117647,,,
2019,PRE,0,season,30,3,C.J. Beathard,QB,4500,00-0033936,C.J. Beathard,C.Beathard,BEA000000,QB,QB,3,4500,2019,44916,32004245-4100-0000-1302-8b14c2a27740,Casey,Beathard,C.J.,QB,QB,03,INA,https://static.www.nfl.com/image/private/{formatInstructions}/league/cxnftopynjpknelosh3j,37,24,1,64.86486486486487,66.97858998904357,-2.1137251241787,280,2,94.42567567567566,2.774297297297297,8.784857142857144,6.911666666666666,-1.8731904761904774,22.428842652572783,55.775114522518024,50.144619850987006,-2.1865714285714284,10.81081081081081,,,
2019,PRE,0,season,30,3,Geno Smith,QB,4600,00-0030565,Geno Smith,G.Smith,SMI269700,QB,QB,7,4600,2019,39987,3200534d-4926-9700-a278-7821d73d1c6a,Eugene,Smith,Geno,QB,QB,07,ACT,https://static.www.nfl.com/image/private/{formatInstructions}/league/lhbeome9qmto0bwtywzh,34,18,0,52.94117647058824,56.561939549796726,-3.620763079208487,282,2,100.36764705882352,2.920617647058823,10.499032258064515,8.088333333333331,-2.410698924731184,25.645772849901306,51.82413047992218,51.82413047992218,1.692580645161289,20.588235294117645,III,,
2019,PRE,0,season,30,4,Cardale Jones,QB,4600,00-0033098,Cardale Jones,C.Jones,JON148555,QB,QB,7,4600,2019,43428,32004a4f-4e14-8555-d9b4-033152b27716,Cardale,Jones,Cardale,QB,QB,,CUT,https://static.www.nfl.com/image/private/{formatInstructions}/league/we5tadbw4htpyierf8qv,41,28,0,68.29268292682927,63.94743261540808,4.345250311421189,357,1,103.40447154471546,3.109,10.254999999999999,8.003214285714284,-2.251785714285715,22.152237699180027,49.18021655096691,38.19929318717821,1.3299999999999996,12.195121951219512,,,
2019,PRE,0,season,30,4,Ryan Griffin,QB,4900,00-0029857,Ryan Griffin,R.Griffin,GRI294351,QB,QB,4,4900,2019,40314,32004752-4929-4351-4c0e-39c1aef9403f,Ryan,Griffin,Ryan,QB,QB,04,ACT,https://static.www.nfl.com/image/private/{formatInstructions}/league/afdzyedtv5bbcva9ljcy,92,60,2,65.21739130434783,59.13682605909265,6.08056524525518,744,4,95.56159420289855,2.43654347826087,8.73956043956044,7.360333333333331,-1.379227106227109,21.391590497793857,54.89245212230914,36.210005523335674,-1.1505494505494507,25.0,,,
2019,PRE,0,season,30,3,Case Keenum,QB,5110,00-0028986,Case Keenum,C.Keenum,KEE690598,QB,QB,8,5110,2019,38937,32004b45-4569-0598-1a82-7cad5305e148,Casey,Keenum,Case,QB,QB,08,ACT,https://static.www.nfl.com/image/private/{formatInstructions}/league/qnyuz76tdcsqxn1bzse1,30,16,0,53.333333333333336,66.92903677622478,-13.595703442891441,213,1,87.22222222222221,2.5770333333333335,6.132758620689655,5.328749999999999,-0.8040086206896557,19.678177394630424,42.19276359756493,42.19276359756493,-3.3155172413793106,0.0,,,
2019,PRE,0,season,30,4,Dwayne Haskins,QB,5110,00-0035232,Dwayne Haskins,D.Haskins,HAS285847,QB,QB,7,5110,2019,47798,32004841-5328-5847-4bf1-f4c48a3a3bc6,Dwayne,Haskins,Dwayne,QB,QB,07,INA,https://static.www.nfl.com/image/private/{formatInstructions}/league/pt70n1epofri8mmj7kuv,58,32,2,55.172413793103445,62.64328031062052,-7.470866517517074,409,2,74.56896551724138,2.590758620689655,10.461052631578946,6.5453125000000005,-3.9157401315789455,23.651834630474934,53.58371860929399,47.7390929951544,1.110175438596491,13.793103448275861,,,
2019,PRE,1,week,15,1,Matt Schaub,QB,0200,00-0022787,Matt Schaub,M.Schaub,SCH085186,QB,QB,8,0200,2019,29043,32005343-4808-5186-46c6-b9a31e4f91f7,Matt,Schaub,Matt,QB,QB,08,ACT,https://static.www.nfl.com/image/private/{formatInstructions}/league/y0rn0hwjbisuvol6j4r0,19,12,0,63.1578947368421,52.214230116652814,10.943664620189288,172,0,92.43421052631578,3.222473684210526,7.882222222222222,8.029166666666667,0.1469444444444452,22.038991380068374,43.21661948834036,43.21661948834036,-1.0622222222222224,21.052631578947366,,PRE,1
2019,PRE,1,week,15,1,Matt Simms,QB,0200,00-0029151,Matt Simms,M.Simms,SIM341997,QB,QB,9,0200,2019,39133,32005349-4d34-1997-9c60-ab713690d0b6,Matthew,Simms,Matt,QB,QB,09,ACT,https://static.www.nfl.com/image/private/{formatInstructions}/league/cp7lmyzswrpku14vurnj,17,8,0,47.05882352941176,61.87922014471363,-14.820396615301867,86,0,62.377450980392155,2.89835294117647,11.713529411764705,7.91875,-3.794779411764705,22.32682290787023,38.626252730494066,28.091623306601566,2.6547058823529417,17.647058823529413,,PRE,1
2019,PRE,1,week,15,1,Trace McSorley,QB,0325,00-0035146,Trace McSorley,T.McSorley,MCS410965,QB,QB,7,0325,2019,47980,32004d43-5341-0965-ebd1-9af7818f36ae,Trace,McSorley,Trace,QB,QB,07,ACT,https://static.www.nfl.com/image/private/{formatInstructions}/league/mqpfgk1lgr9lfmiizb8z,22,9,1,40.909090909090914,54.74487319588661,-13.835782286795698,85,0,33.33333333333333,2.2810454545454544,7.032380952380953,5.422222222222221,-1.610158730158732,21.051091617301193,39.18565043482117,34.64007072741047,-1.1104761904761908,31.818181818181817,,PRE,1
2019,PRE,1,week,15,1,Will Grier,QB,0750,00-0035251,Will Grier,W.Grier,GRI022415,QB,QB,3,0750,2019,47883,32004752-4902-2415-512e-3cae73b00f0f,Will,Grier,Will,QB,QB,03,ACT,https://static.www.nfl.com/image/private/{formatInstructions}/league/yaujksnedukalqpumtqz,16,9,1,56.25,66.69458486139774,-10.444584861397743,77,1,63.802083333333336,2.5568125000000004,6.351250000000001,3.6733333333333342,-2.677916666666667,19.425096787296425,39.96360594340806,25.700194551792798,-2.961249999999999,18.75,,PRE,1
2019,PRE,1,week,15,1,Tyler Bray,QB,0810,00-0030151,Tyler Bray,T.Bray,BRA780271,QB,QB,9,0810,2019,40611,32004252-4178-0271-63c9-91a5359241fc,Tyler,Bray,Tyler,QB,QB,09,ACT,https://static.www.nfl.com/image/private/{formatInstructions}/league/rezvtlijhl9iopp2t8lu,17,8,0,47.05882352941176,53.83944358019268,-6.780620050780918,85,0,62.13235294117647,2.618411764705882,11.537058823529412,4.275,-7.2620588235294115,24.13540511843324,60.6271927438505,25.994016619214516,1.9488235294117648,29.411764705882355,,PRE,1
2019,PRE,1,week,15,1,Jeff Driskel,QB,0920,00-0032436,Jeff Driskel,J.Driskel,DRI392790,QB,QB,6,0920,2019,43496,32004452-4939-2790-3aab-117735a7f4ab,Jeffrey,Driskel,Jeff,QB,QB,06,ACT,https://static.www.nfl.com/image/private/{formatInstructions}/league/mrglnsl7z78rbilz3be2,19,8,1,42.10526315789473,55.831257587200724,-13.725994429305992,79,0,32.56578947368421,3.3133684210526315,9.766666666666667,5.958749999999998,-3.807916666666669,20.88489807171766,46.05039522088817,26.096676033548796,-2.455555555555556,10.526315789473683,,PRE,1
2019,PRE,1,week,15,1,Ryan Finley,QB,0920,00-0035652,Ryan Finley,R.Finley,FIN412269,QB,QB,5,0920,2019,47887,32004649-4e41-2269-1f0e-36f6ef3dd338,Ryan,Finley,Ryan,QB,QB,05,ACT,https://static.www.nfl.com/image/private/{formatInstructions}/league/w7ddgzr7d6w86ga2fajh,18,13,1,72.22222222222221,69.1388264298439,3.0833957923783117,109,1,82.87037037037037,2.7661666666666673,5.791111111111111,4.541538461538461,-1.2495726495726505,19.883559974953894,37.436292551480044,32.316808320129645,-3.153333333333333,22.22222222222222,,PRE,1
2019,PRE,1,week,15,1,Garrett Gilbert,QB,1050,00-0031395,Garrett Gilbert,G.Gilbert,GIL072219,QB,QB,3,1050,2019,41443,32004749-4c07-2219-21b9-4a27a834f437,Garrett,Gilbert,Garrett,QB,QB,03,ACT,https://static.www.nfl.com/image/private/{formatInstructions}/league/vrenumxjw58ol2jiy4yq,22,14,0,63.63636363636363,60.630568861961365,3.0057947744022684,135,0,80.68181818181817,2.4918181818181817,8.966363636363635,7.867142857142858,-1.0992207792207767,19.64126977888918,53.24196183462815,31.457153399505177,0.14818181818181841,18.181818181818183,,PRE,1
2019,PRE,1,week,15,1,Cooper Rush,QB,1200,00-0033662,Cooper Rush,C.Rush,RUS046607,QB,QB,7,1200,2019,45536,32005255-5304-6607-6ca0-6d97a0d0f253,Cooper,Rush,Cooper,QB,QB,07,ACT,https://static.www.nfl.com/image/private/{formatInstructions}/league/vpto9d3x5hbwxbkbjlut,26,16,0,61.53846153846154,56.564127653837204,4.974333884624336,142,0,76.12179487179488,2.5491153846153853,9.300416666666665,5.393125000000001,-3.907291666666664,23.441399033573685,43.55296201178515,33.78352409089378,1.0504166666666679,15.384615384615385,,PRE,1
2019,PRE,1,week,15,1,Mike White,QB,1200,00-0034401,Mike White,M.White,WHI367864,QB,QB,3,1200,2019,46240,32005748-4936-7864-3ac7-015862958e61,Michael,White,Mike,QB,QB,03,ACT,https://static.www.nfl.com/image/private/{formatInstructions}/league/kzoeyu9fjpity0vpthg8,20,9,0,45.0,49.590001702308655,-4.590001702308655,87,0,57.70833333333333,2.8616499999999996,8.407894736842104,8.675555555555555,0.26766081871345015,21.851256899043356,51.70853797971859,34.433777021988156,-0.27631578947368507,40.0,,PRE,1
2019,PRE,1,week,15,1,Drew Lock,QB,1400,00-0035704,Drew Lock,D.Lock,LOC374482,QB,QB,3,1400,2019,47825,32004c4f-4337-4482-904c-a47f8df1d41b,Drew,Lock,Drew,QB,QB,03,ACT,https://static.www.nfl.com/image/private/{formatInstructions}/league/q4mm4si16iee7dkz1eso,28,17,1,60.71428571428571,68.35222137825829,-7.637935663972584,180,1,76.48809523809523,2.45475,6.015714285714286,4.23764705882353,-1.778067226890756,20.1733148666973,35.79848739821279,35.79848739821279,-2.7699999999999987,21.428571428571427,,PRE,1
2019,PRE,1,week,15,1,Ryan Tannehill,QB,2100,00-0029701,Ryan Tannehill,R.Tannehill,TAN298716,QB,QB,17,2100,2019,38538,32005441-4e29-8716-6443-cc1663c47ac9,Ryan,Tannehill,Ryan,QB,QB,17,ACT,https://static.www.nfl.com/image/private/{formatInstructions}/league/e2b84kobkdgravu7u6qy,16,12,0,75.0,70.87637651711702,4.1236234828829765,130,2,138.02083333333331,2.72975,9.856250000000003,8.3325,-1.5237500000000033,21.37663069784513,49.48032841443153,33.56816646765206,0.7937500000000011,6.25,,PRE,1
2019,PRE,1,week,15,1,Logan Woodside,QB,2100,00-0034438,Logan Woodside,L.Woodside,WOO629467,QB,QB,5,2100,2019,46318,3200574f-4f62-9467-6326-adb124a79e35,Logan,Woodside,Logan,QB,QB,05,ACT,https://static.www.nfl.com/image/private/{formatInstructions}/league/usg0sadyigfvr3dbft0p,19,14,0,73.68421052631578,66.05651035512749,7.627700171188295,138,2,128.83771929824562,2.840421052631579,8.678421052631577,7.801428571428572,-0.8769924812030059,23.5178337830015,41.94979022593558,41.94979022593558,-0.47947368421052666,10.526315789473683,,PRE,1
2019,PRE,1,week,15,1,Joe Webb,QB,2120,00-0027796,Joe Webb,J.Webb,WEB212765,QB,QB,5,2120,2019,35638,32005745-4221-2765-4b90-fcd8a61454f0,Joseph,Webb,Joe,QB,QB,05,ACT,https://static.www.nfl.com/image/private/{formatInstructions}/league/hjieero9ugbyu7n1629h,40,25,2,62.5,62.02274137176573,0.47725862823426723,286,1,71.45833333333333,2.8580250000000005,10.0335,7.4719999999999995,-2.5615000000000006,23.55278342427624,48.094209630682144,48.094209630682144,1.2585000000000004,12.5,,PRE,1
2019,PRE,1,week,15,1,Phillip Walker,QB,2200,00-0033275,Phillip Walker,P.Walker,WAL291489,QB,QB,5,2200,2019,45159,32005741-4c29-1489-568d-26e6f08d55b5,Phillip,Walker,Phillip,QB,QB,05,ACT,https://static.www.nfl.com/image/private/{formatInstructions}/league/ffyv1i6ipgp2c9nsczi2,18,8,1,44.44444444444444,67.24582148922813,-22.801377044783692,85,0,35.648148148148145,2.4229444444444446,9.74888888888889,6.258749999999998,-3.4901388888888922,24.123684683916487,36.55574510251432,30.000968317706004,2.137777777777777,27.77777777777778,,PRE,1
2019,PRE,1,week,15,1,Chad Kelly,QB,2200,00-0033597,Chad Kelly,C.Kelly,KEL516446,QB,QB,6,2200,2019,45066,32004b45-4c51-6446-3e7e-af1a2c479726,Chad,Kelly,Chad,QB,QB,06,ACT,https://static.www.nfl.com/image/private/{formatInstructions}/league/msrm2dj2ksmjxpym2rqs,19,13,0,68.42105263157895,68.90236500062441,-0.4813123690454688,121,0,85.6359649122807,2.7897894736842113,10.051578947368421,7.387692307692307,-2.6638866396761145,23.89486757165187,49.47205777001802,37.07246956974946,-0.9484210526315798,5.263157894736842,,PRE,1
2019,PRE,1,week,15,1,Chase Litton,QB,2310,00-0034291,Chase Litton,C.Litton,LIT808001,QB,QB,8,2310,2019,46516,32004c49-5480-8001-9267-bb4e1f35081d,Chase,Litton,Chase,QB,QB,08,ACT,https://static.www.nfl.com/image/private/{formatInstructions}/league/ntxhtal75arhvsh0sy9y,15,11,1,73.33333333333333,65.85879345734914,7.474539875984192,122,2,108.88888888888889,2.3664666666666667,9.152000000000003,6.6390909090909105,-2.5129090909090923,22.515967343279264,38.18306038022621,31.732866243060997,-2.7146666666666652,13.333333333333334,,PRE,1
2019,PRE,1,week,15,1,Kyle Shurmur,QB,2310,00-0035163,Kyle Shurmur,K.Shurmur,SHU681869,QB,QB,9,2310,2019,48265,32005348-5568-1869-2375-b28f6a9b8381,Kyle,Shurmur,Kyle,QB,QB,09,ACT,https://static.www.nfl.com/image/private/{formatInstructions}/league/lmynr2poabp7ezici93k,15,6,0,40.0,56.19509051243464,-16.19509051243464,77,1,79.02777777777779,2.4538,7.540666666666666,4.894999999999999,-2.645666666666667,19.91813377242241,46.30518005579937,31.388685859717032,-1.7260000000000004,33.33333333333333,,PRE,1
2019,PRE,1,week,15,1,Mike Glennon,QB,2520,00-0030520,Mike Glennon,M.Glennon,GLE711694,QB,QB,7,2520,2019,40021,3200474c-4571-1694-a09c-ddea32d15c26,Michael,Glennon,Mike,QB,QB,07,ACT,https://static.www.nfl.com/image/private/{formatInstructions}/league/jaboquy8ro6124cui3av,25,17,2,68.0,61.741716921329505,6.258283078670495,200,0,58.75,2.9338000000000006,7.336521739130433,7.5288235294117625,0.19230179028132977,19.731532981327366,45.412167972912286,45.412167972912286,-3.402608695652175,16.0,,PRE,1
2019,PRE,1,week,15,1,Josh Rosen,QB,2700,00-0034343,Josh Rosen,J.Rosen,ROS357433,QB,QB,3,2700,2019,46079,3200524f-5335-7433-3207-a02a4e884405,Joshua,Rosen,Josh,QB,QB,03,ACT,https://static.www.nfl.com/image/private/{formatInstructions}/league/evc67tf1tcwfwho6pmr9,20,13,1,65.0,49.07545644789934,15.924543552100658,191,0,75.20833333333333,2.8283157894736846,11.63578947368421,12.148461538461536,0.5126720647773269,25.190101683877277,46.15300748596997,46.15300748596997,1.6357894736842105,25.0,,PRE,1
2019,PRE,1,week,15,1,Jarrett Stidham,QB,3200,00-0035264,Jarrett Stidham,J.Stidham,STI129837,QB,QB,4,3200,2019,47916,32005354-4912-9837-7193-9c8d8376b821,Jarrett,Stidham,Jarrett,QB,QB,04,ACT,https://static.www.nfl.com/image/private/{formatInstructions}/league/pwcjgwu2i11h1xrqot1x,24,14,0,58.333333333333336,58.326092610756554,0.007240722576781877,179,1,95.65972222222221,3.1780416666666667,11.396521739130435,9.147857142857143,-2.248664596273292,22.655968509515233,43.117722574366105,33.46308114923071,2.744347826086957,29.166666666666668,,PRE,1
2019,PRE,1,week,15,1,Teddy Bridgewater,QB,3300,00-0031237,Teddy Bridgewater,T.Bridgewater,BRI129168,QB,QB,5,3300,2019,41258,32004252-4912-9168-84fe-1a998a0eb85b,Theodore,Bridgewater,Teddy,QB,QB,05,ACT,https://static.www.nfl.com/image/private/{formatInstructions}/league/f0uzw2vaxwyytmx1zron,19,14,0,73.68421052631578,71.42255463098225,2.261655895333533,134,1,110.41666666666667,2.5957368421052633,4.316842105263158,2.789285714285715,-1.5275563909774426,17.880505522658837,41.74065164800378,41.74065164800378,-5.262105263157895,15.789473684210526,Jr.,PRE,1
2019,PRE,1,week,15,1,Alex Tanney,QB,3410,00-0029623,Alex Tanney,A.Tanney,TAN743421,QB,QB,3,3410,2019,39551,32005441-4e74-3421-909e-60417ce925ee,Alex,Tanney,Alex,QB,QB,03,ACT,https://static.www.nfl.com/image/private/{formatInstructions}/league/imvd4rxtknm0ob8oul5z,19,14,0,73.68421052631578,64.0094457488311,9.674764777484683,190,1,122.69736842105263,2.426315789473684,8.814444444444442,6.622857142857143,-2.1915873015872993,22.381034721779656,44.74825694929356,40.465571786396396,-1.2966666666666669,5.263157894736842,,PRE,1
2019,PRE,1,week,15,1,Trevor Siemian,QB,3430,00-0032156,Trevor Siemian,T.Siemian,SIE461866,QB,QB,19,3430,2019,42593,32005349-4546-1866-e481-b01fc4505cd5,Trevor,Siemian,Trevor,QB,QB,19,ACT,https://static.www.nfl.com/image/private/{formatInstructions}/league/ti08nqfxvm2qecej46jj,16,13,0,81.25,65.38562224595807,15.864377754041925,77,1,107.55208333333333,3.0198125,4.441249999999999,3.3692307692307697,-1.0720192307692296,18.001997131335862,39.619526751338164,29.78475113208099,-4.808750000000001,31.25,,PRE,1
2019,PRE,1,week,15,1,Nate Sudfeld,QB,3700,00-0032792,Nate Sudfeld,N.Sudfeld,SUD197144,QB,QB,7,3700,2019,43476,32005355-4419-7144-f452-fa8c30a99f40,Nathan,Sudfeld,Nate,QB,QB,07,ACT,https://static.www.nfl.com/image/private/{formatInstructions}/league/ht4csu3xpuz32mshh8tc,18,10,0,55.55555555555556,62.34037131071091,-6.78481575515535,177,1,107.8703703703704,3.106777777777778,10.315882352941177,8.366,-1.9498823529411773,22.011665964766653,41.370140197973704,41.370140197973704,1.1394117647058821,22.22222222222222,,PRE,1
2019,PRE,1,week,15,1,Nick Mullens,QB,4500,00-0033319,Nick Mullens,N.Mullens,MUL486612,QB,QB,4,4500,2019,45198,32004d55-4c48-6612-b03b-50f8fc6abe24,Nicholas,Mullens,Nick,QB,QB,04,ACT,https://static.www.nfl.com/image/private/{formatInstructions}/league/uhuolpgkltrmxcstv4ac,17,11,1,64.70588235294117,76.69053515967201,-11.984652806730836,105,1,76.83823529411765,2.518117647058823,6.977647058823528,4.56090909090909,-2.4167379679144387,19.622361827916087,35.496011043496146,29.99857663290043,-3.492941176470588,5.88235294117647,,PRE,1
2019,PRE,1,week,15,1,C.J. Beathard,QB,4500,00-0033936,C.J. Beathard,C.Beathard,BEA000000,QB,QB,3,4500,2019,44916,32004245-4100-0000-1302-8b14c2a27740,Casey,Beathard,C.J.,QB,QB,03,ACT,https://static.www.nfl.com/image/private/{formatInstructions}/league/cxnftopynjpknelosh3j,17,13,1,76.47058823529412,71.5873716508641,4.883216584430016,141,1,95.46568627450979,2.571764705882353,9.820588235294117,8.113076923076923,-1.7075113122171945,22.353348891527602,50.144619850987006,50.144619850987006,-2.7088235294117653,11.76470588235294,,PRE,1
2019,PRE,1,week,15,1,Paxton Lynch,QB,4600,00-0033108,Paxton Lynch,P.Lynch,LYN526034,QB,QB,2,4600,2019,43315,32004c59-4e52-6034-b52a-7cd4920cc667,Paxton,Lynch,Paxton,QB,QB,02,ACT,https://static.www.nfl.com/image/private/{formatInstructions}/league/vtlr44rcvfumnmcowevo,15,11,0,73.33333333333333,69.64288075764973,3.6904525756835938,109,1,115.69444444444443,2.5434666666666668,6.302666666666666,3.885454545454545,-2.4172121212121214,20.924512355527796,45.438602531327916,31.393045408179177,-3.0973333333333337,13.333333333333334,,PRE,1
2019,PRE,1,week,15,1,Ryan Griffin,QB,4900,00-0029857,Ryan Griffin,R.Griffin,GRI294351,QB,QB,4,4900,2019,40314,32004752-4929-4351-4c0e-39c1aef9403f,Ryan,Griffin,Ryan,QB,QB,04,ACT,https://static.www.nfl.com/image/private/{formatInstructions}/league/afdzyedtv5bbcva9ljcy,43,26,0,60.46511627906976,50.16365023546441,10.301466043605352,330,1,92.19961240310077,2.453348837209303,10.311904761904763,9.70153846153846,-0.6103663003663033,23.59895957314966,54.89245212230914,36.210005523335674,1.1928571428571428,32.55813953488372,,PRE,1
2019,PRE,2,week,15,1,Matt Simms,QB,0200,00-0029151,Matt Simms,M.Simms,SIM341997,QB,QB,9,0200,2019,39133,32005349-4d34-1997-9c60-ab713690d0b6,Matthew,Simms,Matt,QB,QB,09,ACT,https://static.www.nfl.com/image/private/{formatInstructions}/league/cp7lmyzswrpku14vurnj,20,10,1,50.0,65.14599576592445,-15.145995765924454,85,0,40.625,2.69465,7.4495000000000005,4.2540000000000004,-3.1955,20.556425651780962,39.318397729307335,24.020832625036125,-1.6504999999999999,20.0,,PRE,2
2019,PRE,2,week,15,1,Will Grier,QB,0750,00-0035251,Will Grier,W.Grier,GRI022415,QB,QB,3,0750,2019,47883,32004752-4902-2415-512e-3cae73b00f0f,Will,Grier,Will,QB,QB,03,ACT,https://static.www.nfl.com/image/private/{formatInstructions}/league/yaujksnedukalqpumtqz,19,10,1,52.63157894736842,68.5419037938118,-15.91032484644338,75,0,40.460526315789465,2.3797894736842102,9.503684210526318,2.7949999999999995,-6.708684210526318,21.702955586210503,51.87719537523208,27.79188550638477,-1.548947368421053,15.789473684210526,,PRE,2
2019,PRE,2,week,15,1,Chase Daniel,QB,0810,00-0026544,Chase Daniel,C.Daniel,DAN230354,QB,QB,4,0810,2019,34754,32004441-4e23-0354-f686-46d36ead5645,William,Daniel,Chase,QB,QB,04,ACT,https://static.www.nfl.com/image/private/{formatInstructions}/league/zqu7jyy17dassy385p5e,18,12,0,66.66666666666666,52.74442260464033,13.92224406202633,103,0,81.4814814814815,2.417529411764706,9.832941176470587,5.030833333333333,-4.802107843137255,23.802762955691044,50.285242367915465,35.63286264110702,0.6564705882352935,27.77777777777778,,PRE,2
2019,PRE,2,week,15,1,Ryan Finley,QB,0920,00-0035652,Ryan Finley,R.Finley,FIN412269,QB,QB,5,0920,2019,47887,32004649-4e41-2269-1f0e-36f6ef3dd338,Ryan,Finley,Ryan,QB,QB,05,ACT,https://static.www.nfl.com/image/private/{formatInstructions}/league/w7ddgzr7d6w86ga2fajh,26,20,0,76.92307692307693,60.12501601989453,16.798060903182403,150,2,115.8653846153846,3.0388799999999994,6.331666666666664,5.571,-0.7606666666666646,17.72638036910588,27.44635859271681,27.44635859271681,-1.5850000000000006,15.384615384615385,,PRE,2
2019,PRE,2,week,15,1,Garrett Gilbert,QB,1050,00-0031395,Garrett Gilbert,G.Gilbert,GIL072219,QB,QB,3,1050,2019,41443,32004749-4c07-2219-21b9-4a27a834f437,Garrett,Gilbert,Garrett,QB,QB,03,ACT,https://static.www.nfl.com/image/private/{formatInstructions}/league/vrenumxjw58ol2jiy4yq,19,13,0,68.42105263157895,62.738057814146345,5.682994817432601,151,2,127.30263157894737,2.543722222222222,8.088823529411766,8.606153846153846,0.5173303167420809,18.938674116891228,37.85381618806748,37.85381618806748,-0.7935294117647054,15.789473684210526,,PRE,2
2019,PRE,2,week,15,1,Cooper Rush,QB,1200,00-0033662,Cooper Rush,C.Rush,RUS046607,QB,QB,7,1200,2019,45536,32005255-5304-6607-6ca0-6d97a0d0f253,Cooper,Rush,Cooper,QB,QB,07,ACT,https://static.www.nfl.com/image/private/{formatInstructions}/league/vpto9d3x5hbwxbkbjlut,16,10,0,62.5,64.81963442638516,-2.3196344263851643,83,1,96.61458333333334,2.6798749999999996,6.127500000000001,6.164000000000002,0.03650000000000109,18.782619578770753,32.55165279981955,32.55165279981955,-4.809999999999999,31.25,,PRE,2
2019,PRE,2,week,15,1,Kevin Hogan,QB,1400,00-0032784,Kevin Hogan,K.Hogan,HOG022742,QB,QB,9,1400,2019,43451,3200484f-4702-2742-4971-4e8dcf0d2a1f,Kevin,Hogan,Kevin,QB,QB,09,ACT,https://static.www.nfl.com/image/private/{formatInstructions}/league/ilxky9sgzwrvtgllergi,15,5,1,33.33333333333333,61.330672105153404,-27.997338771820075,40,0,14.583333333333332,2.2564,13.237333333333334,2.6779999999999995,-10.559333333333335,26.059829229580878,59.94637687133393,23.29165515801743,2.170666666666666,20.0,,PRE,2
2019,PRE,2,week,15,1,Josh Johnson,QB,1540,00-0026300,Josh Johnson,J.Johnson,JOH000001,QB,QB,4,1540,2019,33241,32004a4f-4800-0001-966a-b4f304503fea,Joshua,Johnson,Josh,QB,QB,04,ACT,https://static.www.nfl.com/image/private/{formatInstructions}/league/joqk6e9qhsg7n6jej2ya,18,9,1,50.0,63.22224843833182,-13.222248438331818,85,0,40.277777777777786,2.8410555555555552,7.074999999999999,3.5033333333333334,-3.571666666666666,21.251479096952536,38.2502405221196,38.2502405221196,-2.980555555555556,16.666666666666664,,PRE,2
2019,PRE,2,week,15,1,David Fales,QB,1540,00-0031076,David Fales,D.Fales,FAL381917,QB,QB,8,1540,2019,41412,32004641-4c38-1917-6f79-81dbbb3bbe00,David,Fales,David,QB,QB,08,ACT,https://static.www.nfl.com/image/private/{formatInstructions}/league/ddgl0o1h4nr116wlorpy,19,12,0,63.1578947368421,55.26510829988279,7.892786436959312,226,1,121.8201754385965,3.103388888888889,16.765,14.145000000000001,-2.619999999999999,27.55848828422724,51.47663547668981,46.35096654871395,7.431666666666666,21.052631578947366,,PRE,2
2019,PRE,2,week,15,1,Tim Boyle,QB,1800,00-0034177,Tim Boyle,T.Boyle,BOY696580,QB,QB,8,1800,2019,46430,3200424f-5969-6580-30ab-073b70dbd48b,Timothy,Boyle,Tim,QB,QB,08,ACT,https://static.www.nfl.com/image/private/{formatInstructions}/league/eheidtamnz64qzau1nwj,21,12,0,57.14285714285714,70.68716692073005,-13.544309777872911,107,1,86.80555555555554,2.4370952380952375,7.3361904761904775,5.213333333333334,-2.1228571428571437,18.935443450185907,44.777160472723146,26.93106199168536,-3.663809523809524,14.285714285714285,,PRE,2
2019,PRE,2,week,15,1,Joe Webb,QB,2120,00-0027796,Joe Webb,J.Webb,WEB212765,QB,QB,5,2120,2019,35638,32005745-4221-2765-4b90-fcd8a61454f0,Joseph,Webb,Joe,QB,QB,05,ACT,https://static.www.nfl.com/image/private/{formatInstructions}/league/hjieero9ugbyu7n1629h,25,14,1,56.00000000000001,56.41680938005448,-0.4168093800544739,186,1,76.41666666666667,3.20216,16.9312,8.454285714285714,-8.476914285714287,30.426964257619417,68.69996360988847,50.40352567033381,7.971200000000001,20.0,,PRE,2
2019,PRE,2,week,15,1,Phillip Walker,QB,2200,00-0033275,Phillip Walker,P.Walker,WAL291489,QB,QB,5,2200,2019,45159,32005741-4c29-1489-568d-26e6f08d55b5,Phillip,Walker,Phillip,QB,QB,05,ACT,https://static.www.nfl.com/image/private/{formatInstructions}/league/ffyv1i6ipgp2c9nsczi2,17,10,0,58.82352941176471,68.19371186635074,-9.370182454586029,109,0,77.8186274509804,2.240235294117647,9.849411764705883,5.954999999999998,-3.8944117647058842,23.81749453124746,41.05853504449471,30.217969819297924,-3.2094117647058837,11.76470588235294,,PRE,2
2019,PRE,2,week,15,1,Chad Kelly,QB,2200,00-0033597,Chad Kelly,C.Kelly,KEL516446,QB,QB,6,2200,2019,45066,32004b45-4c51-6446-3e7e-af1a2c479726,Chad,Kelly,Chad,QB,QB,06,ACT,https://static.www.nfl.com/image/private/{formatInstructions}/league/msrm2dj2ksmjxpym2rqs,17,12,0,70.58823529411765,67.46619115857517,3.122044135542481,115,1,108.70098039215688,2.420117647058824,6.599375,6.5025,-0.09687499999999982,18.49910270106984,28.9161010511445,24.84203896623625,-5.900625,11.76470588235294,,PRE,2
2019,PRE,2,week,15,1,Gardner Minshew,QB,2250,00-0035289,Gardner Minshew,G.Minshew,MIN604610,QB,QB,15,2250,2019,47961,32004d49-4e60-4610-dc98-dcddea9bb1f6,Gardner,Minshew,Gardner,QB,QB,15,ACT,https://static.www.nfl.com/image/private/{formatInstructions}/league/f8uc5gnrll70ueahgisk,29,19,0,65.51724137931035,62.67952203493694,2.8377193443734114,202,0,85.70402298850576,2.8078214285714287,7.415357142857144,5.549473684210527,-1.8658834586466169,20.224987529272486,50.20202884346409,33.56640731445652,-1.5132142857142843,13.793103448275861,,PRE,2
2019,PRE,2,week,15,1,Chase Litton,QB,2310,00-0034291,Chase Litton,C.Litton,LIT808001,QB,QB,8,2310,2019,46516,32004c49-5480-8001-9267-bb4e1f35081d,Chase,Litton,Chase,QB,QB,08,ACT,https://static.www.nfl.com/image/private/{formatInstructions}/league/ntxhtal75arhvsh0sy9y,15,9,0,60.0,61.147796511650085,-1.1477965116500854,87,0,76.25,2.5138666666666665,8.835333333333333,5.957777777777777,-2.8775555555555554,22.89761662469895,47.98209040881817,28.787325335987706,-0.9646666666666663,13.333333333333334,,PRE,2
2019,PRE,2,week,15,1,Brandon Allen,QB,2510,00-0032434,Brandon Allen,B.Allen,ALL063816,QB,QB,8,2510,2019,43490,3200414c-4c06-3816-a995-21614b984798,Brandon,Allen,Brandon,QB,QB,08,ACT,https://static.www.nfl.com/image/private/{formatInstructions}/league/ee95jejz4ud7xjdpx8ye,21,14,1,66.66666666666666,62.66642505569118,4.000241610975479,115,0,60.61507936507936,2.927476190476191,6.585789473684209,4.109285714285714,-2.4765037593984953,19.685839011372057,40.44869589986802,27.004453336440637,-2.8878947368421044,14.285714285714285,,PRE,2
2019,PRE,2,week,15,1,Josh Rosen,QB,2700,00-0034343,Josh Rosen,J.Rosen,ROS357433,QB,QB,3,2700,2019,46079,3200524f-5335-7433-3207-a02a4e884405,Joshua,Rosen,Josh,QB,QB,03,ACT,https://static.www.nfl.com/image/private/{formatInstructions}/league/evc67tf1tcwfwho6pmr9,18,10,0,55.55555555555556,65.64213294121954,-10.086577385663986,102,0,71.99074074074075,2.6049999999999995,8.639444444444445,7.4159999999999995,-1.2234444444444454,20.641373499797616,42.514285834293396,30.759065330403004,-0.13833333333333325,22.22222222222222,,PRE,2
2019,PRE,2,week,15,1,Jarrett Stidham,QB,3200,00-0035264,Jarrett Stidham,J.Stidham,STI129837,QB,QB,4,3200,2019,47916,32005354-4912-9837-7193-9c8d8376b821,Jarrett,Stidham,Jarrett,QB,QB,04,ACT,https://static.www.nfl.com/image/private/{formatInstructions}/league/pwcjgwu2i11h1xrqot1x,19,14,0,73.68421052631578,62.30234911567286,11.38186141064292,193,1,123.35526315789474,2.7931052631578943,6.534705882352942,7.006428571428572,0.4717226890756301,17.712183248555878,35.32045441383788,35.32045441383788,-3.7594117647058822,10.526315789473683,,PRE,2
2019,PRE,2,week,15,1,Taysom Hill,QB,3300,00-0033357,Taysom Hill,T.Hill,HIL609597,QB,QB,7,3300,2019,45244,32004849-4c60-9597-c5a9-4369b9c7cd1e,Taysom,Hill,Taysom,QB,QB,07,ACT,https://static.www.nfl.com/image/private/{formatInstructions}/league/cqzbzxdt8niqee09wewi,15,11,0,73.33333333333333,76.47361358006796,-3.1402802467346334,136,2,140.55555555555557,3.1668666666666665,6.230000000000001,6.476363636363637,0.24636363636363612,20.29117682853389,39.43218102007547,39.43218102007547,-3.503333333333332,6.666666666666667,,PRE,2
2019,PRE,2,week,15,1,Clayton Thorson,QB,3700,00-0035283,Clayton Thorson,C.Thorson,THO828277,QB,QB,8,3700,2019,47950,32005448-4f82-8277-badb-cd047999cb4f,Clayton,Thorson,Clayton,QB,QB,08,ACT,https://static.www.nfl.com/image/private/{formatInstructions}/league/ziizeik5a9wjwnuycwao,26,16,1,61.53846153846154,60.74520466992488,0.793256868536659,175,1,78.2051282051282,2.338076923076923,8.149615384615386,5.480000000000001,-2.6696153846153843,23.004753138173637,47.48964729285742,36.76998912156489,-2.5811538461538457,19.230769230769234,,PRE,2
2019,PRE,2,week,15,1,Brett Hundley,QB,3800,00-0031589,Brett Hundley,B.Hundley,HUN005842,QB,QB,7,3800,2019,42490,32004855-4e00-5842-84a4-69c45c54602d,Brett,Hundley,Brett,QB,QB,07,ACT,https://static.www.nfl.com/image/private/{formatInstructions}/league/ujbo4yjq2jkhjwdaodv3,15,10,0,66.66666666666666,59.571162561575576,7.095504105091081,139,1,118.47222222222223,2.359266666666666,10.422666666666666,8.376000000000001,-2.046666666666665,25.73661954789291,49.4319906538266,48.92135934333796,1.6226666666666676,33.33333333333333,Jr.,PRE,2
2019,PRE,2,week,15,1,Mason Rudolph,QB,3900,00-0034771,Mason Rudolph,M.Rudolph,RUD321216,QB,QB,2,3900,2019,46145,32005255-4432-1216-a9be-28502c0847e4,Mason,Rudolph,Mason,QB,QB,02,ACT,https://static.www.nfl.com/image/private/{formatInstructions}/league/nfrmszsvdyrhtsox7yh9,15,10,0,66.66666666666666,63.98570398489635,2.6809626817703105,77,0,79.02777777777779,3.1840666666666673,8.787333333333333,4.322000000000001,-4.465333333333332,21.111110106870836,40.30622780663058,33.002189321316244,1.1873333333333345,13.333333333333334,,PRE,2
2019,PRE,2,week,15,1,Paxton Lynch,QB,4600,00-0033108,Paxton Lynch,P.Lynch,LYN526034,QB,QB,2,4600,2019,43315,32004c59-4e52-6034-b52a-7cd4920cc667,Paxton,Lynch,Paxton,QB,QB,02,ACT,https://static.www.nfl.com/image/private/{formatInstructions}/league/vtlr44rcvfumnmcowevo,15,6,0,40.0,60.28242866198222,-20.282428661982223,67,0,54.027777777777786,2.7152666666666665,10.467333333333332,5.256666666666665,-5.2106666666666674,23.325645750319435,43.0701195726225,24.65315395644135,0.7339999999999989,26.666666666666668,,PRE,2
2019,PRE,2,week,15,1,Ryan Griffin,QB,4900,00-0029857,Ryan Griffin,R.Griffin,GRI294351,QB,QB,4,4900,2019,40314,32004752-4929-4351-4c0e-39c1aef9403f,Ryan,Griffin,Ryan,QB,QB,04,ACT,https://static.www.nfl.com/image/private/{formatInstructions}/league/afdzyedtv5bbcva9ljcy,21,14,0,66.66666666666666,66.54266885348729,0.12399781317937197,201,1,113.39285714285714,2.513619047619048,9.467142857142857,6.737142857142857,-2.7300000000000004,20.999452365141305,43.668928312932074,31.313947371738355,-1.8661904761904777,19.047619047619047,,PRE,2
2019,PRE,3,week,15,1,Trace McSorley,QB,0325,00-0035146,Trace McSorley,T.McSorley,MCS410965,QB,QB,7,0325,2019,47980,32004d43-5341-0965-ebd1-9af7818f36ae,Trace,McSorley,Trace,QB,QB,07,ACT,https://static.www.nfl.com/image/private/{formatInstructions}/league/mqpfgk1lgr9lfmiizb8z,28,19,0,67.85714285714286,65.1475084147283,2.709634442414554,203,2,112.64880952380952,2.5752142857142855,7.837777777777777,5.536315789473686,-2.3014619883040917,21.966365584677987,44.022168279174984,40.739765585972634,-1.199259259259259,7.142857142857142,,PRE,3
2019,PRE,3,week,15,1,Tyler Bray,QB,0810,00-0030151,Tyler Bray,T.Bray,BRA780271,QB,QB,9,0810,2019,40611,32004252-4178-0271-63c9-91a5359241fc,Tyler,Bray,Tyler,QB,QB,09,ACT,https://static.www.nfl.com/image/private/{formatInstructions}/league/rezvtlijhl9iopp2t8lu,16,11,1,68.75,58.935446944087744,9.814553055912256,136,1,89.58333333333334,2.8503749999999997,12.578125,9.901818181818179,-2.6763068181818213,23.239638739521666,49.27943384415044,34.49698682493878,2.765624999999999,37.5,,PRE,3
2019,PRE,3,week,15,1,Ryan Finley,QB,0920,00-0035652,Ryan Finley,R.Finley,FIN412269,QB,QB,5,0920,2019,47887,32004649-4e41-2269-1f0e-36f6ef3dd338,Ryan,Finley,Ryan,QB,QB,05,ACT,https://static.www.nfl.com/image/private/{formatInstructions}/league/w7ddgzr7d6w86ga2fajh,20,14,0,70.0,62.53585949540138,7.4641405045986176,155,0,92.70833333333334,2.6599500000000003,10.470999999999998,7.844285714285713,-2.626714285714285,23.973710128319013,43.366461695646784,43.366461695646784,1.8209999999999997,30.0,,PRE,3
2019,PRE,3,week,15,1,Baker Mayfield,QB,1050,00-0034855,Baker Mayfield,B.Mayfield,MAY483453,QB,QB,6,1050,2019,46073,32004d41-5948-3453-e6ac-1ecff99fdcf6,Baker,Mayfield,Baker,QB,QB,06,ACT,https://static.www.nfl.com/image/private/{formatInstructions}/league/mrajlbudbl0hcfzmrqz3,26,10,1,38.46153846153847,56.5041507092806,-18.042612247742134,72,0,30.60897435897436,2.717769230769231,9.493846153846153,3.2929999999999984,-6.200846153846155,22.552964082171982,47.574166309037935,20.87537544572552,1.0707692307692303,30.76923076923077,,PRE,3
2019,PRE,3,week,15,1,Cooper Rush,QB,1200,00-0033662,Cooper Rush,C.Rush,RUS046607,QB,QB,7,1200,2019,45536,32005255-5304-6607-6ca0-6d97a0d0f253,Cooper,Rush,Cooper,QB,QB,07,ACT,https://static.www.nfl.com/image/private/{formatInstructions}/league/vpto9d3x5hbwxbkbjlut,25,15,0,60.0,55.43165917694569,4.5683408230543066,173,0,80.91666666666667,2.9810799999999995,11.470833333333337,9.624666666666668,-1.8461666666666687,24.0407723081169,52.41811328157472,31.934390553132527,0.17916666666666745,24.0,,PRE,3
2019,PRE,3,week,15,1,Brett Rypien,QB,1400,00-0034955,Brett Rypien,B.Rypien,RYP415292,QB,QB,4,1400,2019,48090,32005259-5041-5292-b37a-51e22ef129f4,Brett,Rypien,Brett,QB,QB,04,ACT,https://static.www.nfl.com/image/private/{formatInstructions}/league/pitsregexroo6iubfhgl,23,14,1,60.86956521739131,60.957540045289896,-0.08797482789858435,80,0,49.184782608695656,2.390434782608696,8.281739130434783,3.313571428571428,-4.968167701863354,21.528066977535925,49.046475918255325,29.07448537807677,-0.5878260869565216,21.73913043478261,,PRE,3
2019,PRE,3,week,15,1,Matthew Stafford,QB,1540,00-0026498,Matthew Stafford,M.Stafford,STA134157,QB,QB,9,1540,2019,34452,32005354-4113-4157-19b1-37e6835d09b9,John,Stafford,Matthew,QB,QB,09,ACT,https://static.www.nfl.com/image/private/{formatInstructions}/league/iibglgpasx5wsrylvn2z,19,12,0,63.1578947368421,64.91475026858481,-1.7568555317427084,137,1,102.30263157894737,2.6183684210526312,7.300555555555557,6.756666666666668,-0.5438888888888895,20.788354895644602,29.62875630194423,27.870217078451326,-2.6438888888888887,10.526315789473683,,PRE,3
2019,PRE,3,week,15,1,Tim Boyle,QB,1800,00-0034177,Tim Boyle,T.Boyle,BOY696580,QB,QB,8,1800,2019,46430,3200424f-5969-6580-30ab-073b70dbd48b,Timothy,Boyle,Tim,QB,QB,08,ACT,https://static.www.nfl.com/image/private/{formatInstructions}/league/eheidtamnz64qzau1nwj,25,16,0,64.0,62.71271514892578,1.2872848510742188,191,2,113.91666666666669,2.30544,10.4004,7.341874999999998,-3.0585250000000013,24.61895851810803,44.393774338301085,38.883807683919024,1.2803999999999993,28.000000000000004,,PRE,3
2019,PRE,3,week,15,1,Logan Woodside,QB,2100,00-0034438,Logan Woodside,L.Woodside,WOO629467,QB,QB,5,2100,2019,46318,3200574f-4f62-9467-6326-adb124a79e35,Logan,Woodside,Logan,QB,QB,05,ACT,https://static.www.nfl.com/image/private/{formatInstructions}/league/usg0sadyigfvr3dbft0p,15,11,0,73.33333333333333,72.03537344932556,1.297959884007767,117,0,95.69444444444444,2.7786000000000004,7.09,7.516363636363637,0.4263636363636367,19.281978945676155,39.10257408406766,39.10257408406766,0.08999999999999962,13.333333333333334,,PRE,3
2019,PRE,3,week,15,1,Joe Webb,QB,2120,00-0027796,Joe Webb,J.Webb,WEB212765,QB,QB,5,2120,2019,35638,32005745-4221-2765-4b90-fcd8a61454f0,Joseph,Webb,Joe,QB,QB,05,ACT,https://static.www.nfl.com/image/private/{formatInstructions}/league/hjieero9ugbyu7n1629h,21,8,2,38.095238095238095,58.69672392450628,-20.601485829268185,62,0,6.746031746031746,3.0271904761904764,10.517,3.90125,-6.615749999999999,22.5309187094297,56.349297244952396,29.74462136252536,0.016999999999999814,14.285714285714285,,PRE,3
2019,PRE,3,week,15,1,Chad Kelly,QB,2200,00-0033597,Chad Kelly,C.Kelly,KEL516446,QB,QB,6,2200,2019,45066,32004b45-4c51-6446-3e7e-af1a2c479726,Chad,Kelly,Chad,QB,QB,06,ACT,https://static.www.nfl.com/image/private/{formatInstructions}/league/msrm2dj2ksmjxpym2rqs,21,16,1,76.19047619047619,68.15001694929033,8.040459241185857,209,1,103.07539682539681,2.829714285714286,9.395499999999998,6.360625000000001,-3.0348749999999978,21.441892272480974,54.05497664415368,32.99108061279594,-0.5045000000000002,9.523809523809524,,PRE,3
2019,PRE,3,week,15,1,Gardner Minshew,QB,2250,00-0035289,Gardner Minshew,G.Minshew,MIN604610,QB,QB,15,2250,2019,47961,32004d49-4e60-4610-dc98-dcddea9bb1f6,Gardner,Minshew,Gardner,QB,QB,15,ACT,https://static.www.nfl.com/image/private/{formatInstructions}/league/f8uc5gnrll70ueahgisk,27,17,0,62.96296296296296,69.96617813905081,-7.003215176087849,141,0,76.31172839506173,2.926296296296296,5.731481481481482,4.741764705882353,-0.9897167755991285,19.218801972080982,37.98497071211192,32.94217054172358,-3.8611111111111107,14.814814814814813,,PRE,3
2019,PRE,3,week,15,1,Brandon Allen,QB,2510,00-0032434,Brandon Allen,B.Allen,ALL063816,QB,QB,8,2510,2019,43490,3200414c-4c06-3816-a995-21614b984798,Brandon,Allen,Brandon,QB,QB,08,ACT,https://static.www.nfl.com/image/private/{formatInstructions}/league/ee95jejz4ud7xjdpx8ye,19,12,0,63.1578947368421,61.23594075049225,1.9219539863498554,162,0,90.24122807017544,2.5755789473684216,8.654444444444445,8.635833333333334,-0.018611111111111356,21.321836699692458,57.587359724161686,57.587359724161686,1.9877777777777785,21.052631578947366,,PRE,3
2019,PRE,3,week,15,1,Nathan Peterman,QB,2520,00-0033958,Nathan Peterman,N.Peterman,PET071806,QB,QB,3,2520,2019,44984,32005045-5407-1806-8416-0c28f3e38ba0,Nathan,Peterman,Nathan,QB,QB,03,ACT,https://static.www.nfl.com/image/private/{formatInstructions}/league/eixg0gbbzejn3c14lsz4,37,23,0,62.16216216216216,65.77192770468223,-3.6097655425200657,209,2,95.43918918918918,2.4753783783783785,6.612777777777779,3.3899999999999992,-3.22277777777778,20.428078312836064,46.63670335690551,36.55937909757221,-2.4705555555555545,24.324324324324326,,PRE,3
2019,PRE,3,week,15,1,Ryan Fitzpatrick,QB,2700,00-0023682,Ryan Fitzpatrick,R.Fitzpatrick,FIT792915,QB,QB,14,2700,2019,30078,32004649-5479-2915-c998-f50119c2fdd4,Ryan,Fitzpatrick,Ryan,QB,QB,14,ACT,https://static.www.nfl.com/image/private/{formatInstructions}/league/joilglqul2ldsy2pfjey,18,12,0,66.66666666666666,68.65094751119614,-1.9842808445294793,126,1,105.32407407407408,2.521,7.638333333333332,4.166666666666668,-3.471666666666664,22.297320915738222,47.57961958654146,37.35149930056355,-2.361666666666667,16.666666666666664,,PRE,3
2019,PRE,3,week,15,1,Jarrett Stidham,QB,3200,00-0035264,Jarrett Stidham,J.Stidham,STI129837,QB,QB,4,3200,2019,47916,32005354-4912-9837-7193-9c8d8376b821,Jarrett,Stidham,Jarrett,QB,QB,04,ACT,https://static.www.nfl.com/image/private/{formatInstructions}/league/pwcjgwu2i11h1xrqot1x,19,15,0,78.94736842105263,65.12155972029034,13.825808700762295,134,0,96.05263157894738,2.752842105263157,7.739473684210527,6.863333333333334,-0.8761403508771926,19.998648215807968,31.954733608653346,29.32165411432309,-2.313157894736841,21.052631578947366,,PRE,3
2019,PRE,3,week,15,1,Teddy Bridgewater,QB,3300,00-0031237,Teddy Bridgewater,T.Bridgewater,BRI129168,QB,QB,5,3300,2019,41258,32004252-4912-9168-84fe-1a998a0eb85b,Theodore,Bridgewater,Teddy,QB,QB,05,ACT,https://static.www.nfl.com/image/private/{formatInstructions}/league/f0uzw2vaxwyytmx1zron,26,15,0,57.692307692307686,59.991920911348785,-2.299613219041099,143,0,73.07692307692307,2.6324230769230774,8.0252,5.16,-2.8651999999999997,22.445175301886273,43.572152804285444,37.67516954175522,-2.4147999999999996,26.923076923076923,Jr.,PRE,3
2019,PRE,3,week,15,1,Josh McCown,QB,3700,00-0021206,Josh McCown,J.McCown,MCC600777,QB,QB,18,3700,2019,27213,32004d43-4360-0777-1931-84279757cab3,Joshua,McCown,Josh,QB,QB,18,ACT,https://static.www.nfl.com/image/private/{formatInstructions}/league/qcauc37wqjdaxdbq1evu,24,17,0,70.83333333333334,67.60496025284132,3.2283730804920197,192,2,122.22222222222223,2.4219166666666667,6.807916666666666,7.23235294117647,0.42443627450980337,19.95199441618027,38.07548292536812,38.07548292536812,-2.400416666666668,12.5,,PRE,3
2019,PRE,3,week,15,1,Brett Hundley,QB,3800,00-0031589,Brett Hundley,B.Hundley,HUN005842,QB,QB,7,3800,2019,42490,32004855-4e00-5842-84a4-69c45c54602d,Brett,Hundley,Brett,QB,QB,07,ACT,https://static.www.nfl.com/image/private/{formatInstructions}/league/ujbo4yjq2jkhjwdaodv3,25,15,0,60.0,64.91294485330582,-4.912944853305817,165,0,79.58333333333334,3.112833333333333,8.923636363636364,5.952,-2.971636363636364,22.260881568789145,51.48758782463984,51.48758782463984,-3.2581818181818183,8.0,Jr.,PRE,3
2019,PRE,3,week,15,1,Kyler Murray,QB,3800,00-0035228,Kyler Murray,K.Murray,MUR670413,QB,QB,1,3800,2019,47784,32004d55-5267-0413-8d36-a5c3fd781aa0,Kyler,Murray,Kyler,QB,QB,01,ACT,https://static.www.nfl.com/image/private/{formatInstructions}/league/xg9gslvksigyhrkos7xu,21,14,0,66.66666666666666,65.72740104581628,0.939265620850378,137,0,84.82142857142857,2.6311904761904765,8.679999999999998,6.063571428571429,-2.6164285714285693,23.45465341273958,49.78756973382011,46.72528437580664,0.15619047619047693,23.809523809523807,,PRE,3
2019,PRE,3,week,15,1,Easton Stick,QB,4400,00-0035282,Easton Stick,E.Stick,STI420937,QB,QB,2,4400,2019,47949,32005354-4942-0937-5f54-4fc08152f18e,Easton,Stick,Easton,QB,QB,02,ACT,https://static.www.nfl.com/image/private/{formatInstructions}/league/shexnb30zi9kkwp7sldx,16,12,0,75.0,73.27397707849741,1.7260229215025902,82,1,106.77083333333333,2.9798125,7.059375,3.0608333333333335,-3.9985416666666667,20.836302835245064,50.60246041448973,31.053028837780058,-1.5031249999999998,12.5,,PRE,3
2019,PRE,3,week,15,1,Jimmy Garoppolo,QB,4500,00-0031345,Jimmy Garoppolo,J.Garoppolo,GAR363225,QB,QB,10,4500,2019,41291,32004741-5236-3225-90e6-5bfdba41064c,James,Garoppolo,Jimmy,QB,QB,10,ACT,https://static.www.nfl.com/image/private/{formatInstructions}/league/hebg9avbsul4u2olmct8,20,14,0,70.0,71.51662670075893,-1.516626700758934,188,1,116.24999999999999,2.8115999999999994,7.6975,8.227142857142857,0.5296428571428571,21.482321277834018,39.60937262820506,39.60937262820506,0.1475000000000005,15.0,,PRE,3
2019,PRE,3,week,15,1,Geno Smith,QB,4600,00-0030565,Geno Smith,G.Smith,SMI269700,QB,QB,7,4600,2019,39987,3200534d-4926-9700-a278-7821d73d1c6a,Eugene,Smith,Geno,QB,QB,07,ACT,https://static.www.nfl.com/image/private/{formatInstructions}/league/lhbeome9qmto0bwtywzh,18,11,0,61.111111111111114,65.26149039467177,-4.150379283560653,117,0,80.0925925925926,2.6675555555555555,6.72470588235294,2.2663636363636352,-4.458342245989305,22.87423196918279,43.6540696842803,29.01093931605801,-1.8047058823529425,11.11111111111111,III,PRE,3
2019,PRE,3,week,15,1,Ryan Griffin,QB,4900,00-0029857,Ryan Griffin,R.Griffin,GRI294351,QB,QB,4,4900,2019,40314,32004752-4929-4351-4c0e-39c1aef9403f,Ryan,Griffin,Ryan,QB,QB,04,ACT,https://static.www.nfl.com/image/private/{formatInstructions}/league/afdzyedtv5bbcva9ljcy,17,11,0,64.70588235294117,66.10756393741158,-1.4016815844704098,121,1,105.26960784313727,2.354294117647059,6.5070588235294125,4.593636363636363,-1.9134224598930496,19.408421556924825,33.33181663216093,24.493399110780853,-3.904705882352941,23.52941176470588,,PRE,3
2019,PRE,3,week,15,1,Jameis Winston,QB,4900,00-0031503,Jameis Winston,J.Winston,WIN623708,QB,QB,3,4900,2019,42344,32005749-4e62-3708-9650-e59a3f7bea83,Jameis,Winston,Jameis,QB,QB,03,ACT,https://static.www.nfl.com/image/private/{formatInstructions}/league/iurpf1pdjrjfowtksptf,19,9,0,47.368421052631575,61.11181622469112,-13.743395172059543,88,0,60.85526315789473,2.718105263157895,11.666315789473686,4.570000000000001,-7.096315789473684,25.657888130071445,63.02579551263117,31.561042441592456,1.876842105263158,21.052631578947366,,PRE,3
2019,PRE,4,week,15,1,Danny Etling,QB,0200,00-0034423,Danny Etling,D.Etling,ETL296636,QB,QB,1,0200,2019,46288,32004554-4c29-6636-6cb0-77890ce8f841,Daniel,Etling,Danny,QB,QB,01,ACT,https://static.www.nfl.com/image/private/{formatInstructions}/league/mpwvanv7drzyrefqgenh,25,15,0,60.0,66.4106662273407,-6.410666227340698,174,1,94.41666666666667,3.04804,9.047199999999998,6.9913333333333325,-2.055866666666666,22.01495345552502,41.759555792656606,26.876804125490814,-0.47280000000000144,12.0,,PRE,4
2019,PRE,4,week,15,1,Trace McSorley,QB,0325,00-0035146,Trace McSorley,T.McSorley,MCS410965,QB,QB,7,0325,2019,47980,32004d43-5341-0965-ebd1-9af7818f36ae,Trace,McSorley,Trace,QB,QB,07,ACT,https://static.www.nfl.com/image/private/{formatInstructions}/league/mqpfgk1lgr9lfmiizb8z,27,15,0,55.55555555555556,69.01452684843981,-13.458971292884257,171,1,87.1141975308642,2.978296296296296,7.043199999999997,5.5779999999999985,-1.4651999999999985,19.944705177351803,44.12217583030103,40.3202802569625,-4.516800000000001,3.7037037037037033,,PRE,4
2019,PRE,4,week,15,1,Tyree Jackson,QB,0610,00-0035356,Tyree Jackson,T.Jackson,JAC611082,QB,QB,6,0610,2019,48486,32004a41-4361-1082-9c52-07385a4368c9,Tyree,Jackson,Tyree,QB,QB,06,ACT,https://static.www.nfl.com/image/private/{formatInstructions}/league/qe6oezdol5as0mxig8nu,33,22,0,66.66666666666666,65.99344168648575,0.6732249801809047,175,1,89.8358585858586,2.538727272727272,5.593636363636364,2.9922727272727276,-2.601363636363636,17.406601782813528,53.0981600434516,21.758209944754192,-2.73969696969697,21.21212121212121,,PRE,4
2019,PRE,4,week,15,1,Will Grier,QB,0750,00-0035251,Will Grier,W.Grier,GRI022415,QB,QB,3,0750,2019,47883,32004752-4902-2415-512e-3cae73b00f0f,Will,Grier,Will,QB,QB,03,ACT,https://static.www.nfl.com/image/private/{formatInstructions}/league/yaujksnedukalqpumtqz,18,11,1,61.111111111111114,64.21550959348679,-3.1043984823756716,189,1,92.12962962962963,2.5396111111111113,8.969411764705882,7.402727272727273,-1.5666844919786085,21.70549305623414,47.15065322983341,47.15065322983341,-1.7364705882352947,5.555555555555555,,PRE,4
2019,PRE,4,week,15,1,Tyler Bray,QB,0810,00-0030151,Tyler Bray,T.Bray,BRA780271,QB,QB,9,0810,2019,40611,32004252-4178-0271-63c9-91a5359241fc,Tyler,Bray,Tyler,QB,QB,09,ACT,https://static.www.nfl.com/image/private/{formatInstructions}/league/rezvtlijhl9iopp2t8lu,40,28,0,70.0,60.56891791522503,9.431082084774971,334,1,103.54166666666667,2.5983846153846146,9.249736842105264,7.439642857142857,-1.810093984962407,22.58575480295349,50.472220081942105,41.045468690222066,-1.118684210526316,15.0,,PRE,4
2019,PRE,4,week,15,1,Jake Dolegala,QB,0920,00-0035394,Jake Dolegala,J.Dolegala,DOL207644,QB,QB,7,0920,2019,48525,3200444f-4c20-7644-6742-41e27a5bcb5a,Jacob,Dolegala,Jacob,QB,QB,07,ACT,https://static.www.nfl.com/image/private/{formatInstructions}/league/zayi3ebtesy1ktlpkuuo,41,27,0,65.85365853658537,65.99767724188362,-0.1440187052982509,253,0,82.67276422764228,2.6484878048780485,8.24170731707317,5.2011111111111115,-3.040596205962058,21.026503648734536,45.82559219475511,45.82559219475511,-0.4899999999999994,19.51219512195122,,PRE,4
2019,PRE,4,week,15,1,Garrett Gilbert,QB,1050,00-0031395,Garrett Gilbert,G.Gilbert,GIL072219,QB,QB,3,1050,2019,41443,32004749-4c07-2219-21b9-4a27a834f437,Garrett,Gilbert,Garrett,QB,QB,03,ACT,https://static.www.nfl.com/image/private/{formatInstructions}/league/vrenumxjw58ol2jiy4yq,24,13,0,54.166666666666664,63.424826227128506,-9.258159560461841,117,1,81.4236111111111,2.5234583333333327,9.180416666666668,4.436923076923078,-4.74349358974359,21.573958508832437,49.38587652355682,26.24835232924154,-0.11125000000000022,20.833333333333336,,PRE,4
2019,PRE,4,week,15,1,David Blough,QB,1050,00-0035040,David Blough,D.Blough,BLO315389,QB,QB,9,1050,2019,48137,3200424c-4f31-5389-8dc7-e49c9f486370,David,Blough,David,QB,QB,09,ACT,https://static.www.nfl.com/image/private/{formatInstructions}/league/eevnkhj8mhzpolblxpjy,17,11,2,64.70588235294117,57.36440718173981,7.341475171201367,115,0,44.6078431372549,2.541588235294118,12.046249999999999,6.415454545454545,-5.630795454545454,25.83879065385373,48.94480258413553,31.839894786258327,3.0462499999999992,11.76470588235294,,PRE,4
2019,PRE,4,week,15,1,Mike White,QB,1200,00-0034401,Mike White,M.White,WHI367864,QB,QB,3,1200,2019,46240,32005748-4936-7864-3ac7-015862958e61,Michael,White,Mike,QB,QB,03,ACT,https://static.www.nfl.com/image/private/{formatInstructions}/league/kzoeyu9fjpity0vpthg8,26,14,0,53.84615384615385,57.72838810315499,-3.8822342570011443,132,0,68.10897435897436,2.5114230769230774,5.358076923076922,1.5421428571428557,-3.8159340659340666,18.88851387185756,45.55704116818826,25.56330182116543,-5.065000000000001,23.076923076923077,,PRE,4
2019,PRE,4,week,15,1,Taryn Christion,QB,1200,00-0035087,Taryn Christion,T.Christion,CHR519112,QB,QB,5,1200,2019,48191,32004348-5251-9112-15c2-db1553eb99e5,Taryn,Christion,Taryn,QB,QB,05,ACT,https://static.www.nfl.com/image/private/{formatInstructions}/league/sxsfdonyuaehsbx4cnhf,17,11,1,64.70588235294117,77.43144228177911,-12.725559928837939,142,1,85.90686274509805,2.805529411764706,6.16,2.446363636363637,-3.713636363636363,22.743869549456985,61.320959711994064,23.773346419887964,-2.5458823529411765,11.76470588235294,,PRE,4
2019,PRE,4,week,15,1,Kevin Hogan,QB,1400,00-0032784,Kevin Hogan,K.Hogan,HOG022742,QB,QB,9,1400,2019,43451,3200484f-4702-2742-4971-4e8dcf0d2a1f,Kevin,Hogan,Kevin,QB,QB,09,ACT,https://static.www.nfl.com/image/private/{formatInstructions}/league/ilxky9sgzwrvtgllergi,23,12,2,52.17391304347826,62.0514515625394,-9.87753851906114,138,1,48.822463768115945,2.7003043478260866,12.185652173913043,7.738333333333331,-4.447318840579713,24.90466551793794,56.724034588523416,32.210453272191,4.446521739130434,17.391304347826086,,PRE,4
2019,PRE,4,week,15,1,Josh Johnson,QB,1540,00-0026300,Josh Johnson,J.Johnson,JOH000001,QB,QB,4,1540,2019,33241,32004a4f-4800-0001-966a-b4f304503fea,Joshua,Johnson,Josh,QB,QB,04,ACT,https://static.www.nfl.com/image/private/{formatInstructions}/league/joqk6e9qhsg7n6jej2ya,15,9,0,60.0,58.13879748185475,1.861202518145248,157,1,117.91666666666667,2.332923076923077,8.693846153846154,8.11,-0.5838461538461548,21.20832177959941,41.58037998864368,31.347580448895894,-2.229230769230769,6.666666666666667,,PRE,4
2019,PRE,4,week,15,1,DeShone Kizer,QB,1800,00-0033899,DeShone Kizer,D.Kizer,KIZ080286,QB,QB,9,1800,2019,44864,32004b49-5a08-0286-2a4a-4466d3b555e6,DeShone,Kizer,DeShone,QB,QB,09,ACT,https://static.www.nfl.com/image/private/{formatInstructions}/league/pqmmtdcwopaixn3m54ku,15,8,1,53.333333333333336,58.009172181288406,-4.67583884795507,77,1,62.3611111111111,2.6445999999999996,10.626666666666667,7.7700000000000005,-2.8566666666666665,23.708972032574398,53.06114680253339,27.71318278365009,2.626666666666667,20.0,,PRE,4
2019,PRE,4,week,15,1,Logan Woodside,QB,2100,00-0034438,Logan Woodside,L.Woodside,WOO629467,QB,QB,5,2100,2019,46318,3200574f-4f62-9467-6326-adb124a79e35,Logan,Woodside,Logan,QB,QB,05,ACT,https://static.www.nfl.com/image/private/{formatInstructions}/league/usg0sadyigfvr3dbft0p,29,17,0,58.620689655172406,65.89494630180556,-7.274256646633155,212,2,104.38218390804599,2.550620689655172,7.848620689655171,7.834705882352944,-0.013914807302226606,20.814028130863594,52.3127613494069,52.3127613494069,-2.634137931034483,17.24137931034483,,PRE,4
2019,PRE,4,week,15,1,Joe Webb,QB,2120,00-0027796,Joe Webb,J.Webb,WEB212765,QB,QB,5,2120,2019,35638,32005745-4221-2765-4b90-fcd8a61454f0,Joseph,Webb,Joe,QB,QB,05,ACT,https://static.www.nfl.com/image/private/{formatInstructions}/league/hjieero9ugbyu7n1629h,29,19,1,65.51724137931035,62.5083202945775,3.0089210847328474,163,1,77.22701149425288,2.7782068965517235,10.533793103448277,5.957894736842104,-4.5758983666061726,23.44464628103866,56.686792112448906,30.793434365137,1.7751724137931026,24.137931034482758,,PRE,4
2019,PRE,4,week,15,1,Phillip Walker,QB,2200,00-0033275,Phillip Walker,P.Walker,WAL291489,QB,QB,5,2200,2019,45159,32005741-4c29-1489-568d-26e6f08d55b5,Phillip,Walker,Phillip,QB,QB,05,ACT,https://static.www.nfl.com/image/private/{formatInstructions}/league/ffyv1i6ipgp2c9nsczi2,16,8,0,50.0,58.03941544145346,-8.039415441453457,90,0,67.1875,2.7090000000000005,12.72875,9.618750000000002,-3.1099999999999977,26.717532438386208,37.76543393104335,35.87724209021647,2.9162500000000007,12.5,,PRE,4
2019,PRE,4,week,15,1,Chad Kelly,QB,2200,00-0033597,Chad Kelly,C.Kelly,KEL516446,QB,QB,6,2200,2019,45066,32004b45-4c51-6446-3e7e-af1a2c479726,Chad,Kelly,Chad,QB,QB,06,ACT,https://static.www.nfl.com/image/private/{formatInstructions}/league/msrm2dj2ksmjxpym2rqs,16,13,1,81.25,72.48199647292495,8.768003527075052,138,0,76.5625,2.70175,6.35125,4.9653846153846155,-1.3858653846153848,17.931443819079334,43.58804996785243,30.40392737788985,-1.96125,12.5,,PRE,4
2019,PRE,4,week,15,1,Gardner Minshew,QB,2250,00-0035289,Gardner Minshew,G.Minshew,MIN604610,QB,QB,15,2250,2019,47961,32004d49-4e60-4610-dc98-dcddea9bb1f6,Gardner,Minshew,Gardner,QB,QB,15,ACT,https://static.www.nfl.com/image/private/{formatInstructions}/league/f8uc5gnrll70ueahgisk,26,11,0,42.30769230769231,61.69724458685288,-19.389552279160576,79,0,50.0,2.521115384615385,6.7480769230769235,4.263636363636364,-2.48444055944056,21.07595526964031,47.589284508174735,30.076336213042975,-2.290384615384615,34.61538461538461,,PRE,4
2019,PRE,4,week,15,1,Chase Litton,QB,2310,00-0034291,Chase Litton,C.Litton,LIT808001,QB,QB,8,2310,2019,46516,32004c49-5480-8001-9267-bb4e1f35081d,Chase,Litton,Chase,QB,QB,08,ACT,https://static.www.nfl.com/image/private/{formatInstructions}/league/ntxhtal75arhvsh0sy9y,19,11,0,57.89473684210527,61.954735141051444,-4.0599982989461765,62,1,81.46929824561404,3.137105263157895,8.014210526315788,3.628181818181817,-4.386028708133971,20.228787183468775,44.15299876565577,24.675941724683984,-1.5647368421052636,21.052631578947366,,PRE,4
2019,PRE,4,week,15,1,Kyle Shurmur,QB,2310,00-0035163,Kyle Shurmur,K.Shurmur,SHU681869,QB,QB,9,2310,2019,48265,32005348-5568-1869-2375-b28f6a9b8381,Kyle,Shurmur,Kyle,QB,QB,09,ACT,https://static.www.nfl.com/image/private/{formatInstructions}/league/lmynr2poabp7ezici93k,20,14,1,70.0,60.95535699278116,9.044643007218838,143,1,86.04166666666666,2.2264,6.978999999999999,4.892857142857143,-2.086142857142856,20.414928744490002,41.19743924080719,36.199483421728544,-1.3709999999999993,25.0,,PRE,4
2019,PRE,4,week,15,1,Brandon Allen,QB,2510,00-0032434,Brandon Allen,B.Allen,ALL063816,QB,QB,8,2510,2019,43490,3200414c-4c06-3816-a995-21614b984798,Brandon,Allen,Brandon,QB,QB,08,ACT,https://static.www.nfl.com/image/private/{formatInstructions}/league/ee95jejz4ud7xjdpx8ye,17,12,2,70.58823529411765,68.48438943133634,2.103845862781313,120,0,50.735294117647065,2.786294117647058,9.018235294117646,6.265833333333333,-2.7524019607843133,23.39310042285212,43.400442394058615,30.99427205146138,-1.2170588235294117,0.0,,PRE,4
2019,PRE,4,week,15,1,John Wolford,QB,2510,00-0034899,John Wolford,J.Wolford,WOL568644,QB,QB,9,2510,2019,47180,3200574f-4c56-8644-9b76-ac0f15d4d563,John,Wolford,John,QB,QB,09,ACT,https://static.www.nfl.com/image/private/{formatInstructions}/league/q8lthvvymmuduufuqjky,15,8,0,53.333333333333336,63.599099616209664,-10.265766282876328,105,2,115.27777777777779,2.8609333333333336,12.224666666666662,11.426249999999998,-0.7984166666666646,24.30713341429696,43.94959044177773,36.13386500223855,3.0913333333333317,6.666666666666667,,PRE,4
2019,PRE,4,week,15,1,Nathan Peterman,QB,2520,00-0033958,Nathan Peterman,N.Peterman,PET071806,QB,QB,3,2520,2019,44984,32005045-5407-1806-8416-0c28f3e38ba0,Nathan,Peterman,Nathan,QB,QB,03,ACT,https://static.www.nfl.com/image/private/{formatInstructions}/league/eixg0gbbzejn3c14lsz4,27,20,0,74.07407407407408,68.79976684296572,5.274307231108352,158,0,88.19444444444446,2.700555555555556,5.2592592592592595,3.7290000000000005,-1.530259259259259,18.908128994385248,38.52797684799968,35.93180346155757,-3.8518518518518516,7.4074074074074066,,PRE,4
2019,PRE,4,week,15,1,Jake Rudock,QB,2700,00-0032431,Jake Rudock,J.Rudock,RUD297966,QB,QB,5,2700,2019,43480,32005255-4429-7966-d9fd-3c6dbadaa98e,Jake,Rudock,Jake,QB,QB,05,ACT,https://static.www.nfl.com/image/private/{formatInstructions}/league/lb8pxfnrvchcoy8y3c1h,29,22,0,75.86206896551724,69.09965814958359,6.762410815933649,229,1,109.69827586206897,2.6587241379310345,7.39793103448276,6.155000000000001,-1.2429310344827584,19.39119135148654,38.16780842542573,31.58223867935901,-0.8089655172413791,13.793103448275861,,PRE,4
2019,PRE,4,week,15,1,Kyle Sloter,QB,3000,00-0033672,Kyle Sloter,K.Sloter,SLO401791,QB,QB,1,3000,2019,45546,3200534c-4f40-1791-a253-00d7c332d13d,Kyle,Sloter,Kyle,QB,QB,01,ACT,https://static.www.nfl.com/image/private/{formatInstructions}/league/cwovj6np7arfxvsxmoeu,24,16,1,66.66666666666666,65.01706458317736,1.6496020834892988,163,1,82.46527777777777,2.7144166666666667,8.468695652173912,6.3325000000000005,-2.136195652173911,20.916800125132013,41.34640008513438,27.27839621385392,-0.22695652173913022,8.333333333333332,,PRE,4
2019,PRE,4,week,15,1,Jarrett Stidham,QB,3200,00-0035264,Jarrett Stidham,J.Stidham,STI129837,QB,QB,4,3200,2019,47916,32005354-4912-9837-7193-9c8d8376b821,Jarrett,Stidham,Jarrett,QB,QB,04,ACT,https://static.www.nfl.com/image/private/{formatInstructions}/league/pwcjgwu2i11h1xrqot1x,28,18,1,64.28571428571429,54.61846941283771,9.66724487287658,225,2,98.06547619047622,2.632571428571428,8.842916666666666,8.186470588235293,-0.6564460784313724,21.074643113438256,43.80987217511597,43.80987217511597,0.3012499999999996,21.428571428571427,,PRE,4
2019,PRE,4,week,15,1,Taysom Hill,QB,3300,00-0033357,Taysom Hill,T.Hill,HIL609597,QB,QB,7,3300,2019,45244,32004849-4c60-9597-c5a9-4369b9c7cd1e,Taysom,Hill,Taysom,QB,QB,07,ACT,https://static.www.nfl.com/image/private/{formatInstructions}/league/cqzbzxdt8niqee09wewi,17,13,0,76.47058823529412,75.35482548615512,1.1157627491389945,100,0,90.31862745098039,2.9948235294117644,5.410000000000002,3.3200000000000007,-2.090000000000001,17.68426873624385,30.627250937686203,25.188936063279847,-1.8252941176470576,5.88235294117647,,PRE,4
2019,PRE,4,week,15,1,Kyle Lauletta,QB,3410,00-0034369,Kyle Lauletta,K.Lauletta,LAU558215,QB,QB,17,3410,2019,46177,32004c41-5555-8215-a88c-59a5e88347f4,Kyle,Lauletta,Kyle,QB,QB,17,ACT,https://static.www.nfl.com/image/private/{formatInstructions}/league/jlsa0k0xgfyocyej1jts,40,22,0,55.00000000000001,57.59195320308208,-2.5919532030820704,247,2,90.3125,2.6145128205128207,9.04076923076923,6.245454545454544,-2.795314685314686,21.729172663371198,41.11447433690476,38.101135153693264,0.5279487179487177,12.5,,PRE,4
2019,PRE,4,week,15,1,Davis Webb,QB,3430,00-0033550,Davis Webb,D.Webb,WEB107865,QB,QB,5,3430,2019,44899,32005745-4210-7865-aa79-d1694a1e3e3a,Davis,Webb,Davis,QB,QB,05,ACT,https://static.www.nfl.com/image/private/{formatInstructions}/league/tmllvkmykseg4tmthiiy,23,18,2,78.26086956521739,70.05120353854221,8.20966602667518,176,0,62.31884057971014,2.621608695652174,6.310000000000001,4.5055555555555555,-1.8044444444444458,20.595128954214566,50.09241459542553,38.29569296931446,-1.429130434782608,13.043478260869565,,PRE,4
2019,PRE,4,week,15,1,Luke Falk,QB,3430,00-0034412,Luke Falk,L.Falk,FAL452491,QB,QB,8,3430,2019,46268,32004641-4c45-2491-a0a5-d806460a5d8d,Luke,Falk,Luke,QB,QB,08,ACT,https://static.www.nfl.com/image/private/{formatInstructions}/league/caeic48dkstqkisxvs0x,18,13,0,72.22222222222221,66.07823620239893,6.143986019823288,91,0,83.33333333333334,2.8972777777777776,4.884374999999998,3.316153846153845,-1.5682211538461526,18.784349550169274,29.841543190659557,26.58482273779534,-5.115625000000001,0.0,,PRE,4
2019,PRE,4,week,15,1,Clayton Thorson,QB,3700,00-0035283,Clayton Thorson,C.Thorson,THO828277,QB,QB,8,3700,2019,47950,32005448-4f82-8277-badb-cd047999cb4f,Clayton,Thorson,Clayton,QB,QB,08,ACT,https://static.www.nfl.com/image/private/{formatInstructions}/league/ziizeik5a9wjwnuycwao,26,12,1,46.15384615384615,61.37129332010562,-15.217447166259468,84,0,37.98076923076923,2.815230769230769,8.3544,5.374166666666667,-2.9802333333333326,20.61108222130089,49.25019898436959,41.00797239562083,-2.3656,30.76923076923077,,PRE,4
2019,PRE,4,week,15,1,Drew Anderson,QB,3800,00-0035483,Drew Anderson,D.Anderson,AND198148,QB,QB,3,3800,2019,48628,3200414e-4419-8148-911c-616bff485be0,Drew,Anderson,Drew,QB,QB,03,ACT,https://static.www.nfl.com/image/private/{formatInstructions}/league/dyrcn10kc4f4ff5a3b1v,16,9,0,56.25,57.13358521461487,-0.8835852146148682,118,1,100.52083333333333,3.01775,8.681875000000002,9.836666666666666,1.1547916666666644,21.33705501984494,36.40298476773574,36.40298476773574,-2.318124999999999,18.75,,PRE,4
2019,PRE,4,week,15,1,Devlin Hodges,QB,3900,00-0035577,Devlin Hodges,D.Hodges,HOD363523,QB,QB,6,3900,2019,48728,3200484f-4436-3523-9f45-2df444e0e2ab,Devlin,Hodges,Devlin,QB,QB,06,ACT,https://static.www.nfl.com/image/private/{formatInstructions}/league/ehkdoer4nv2qp2ddam83,20,10,1,50.0,70.06535891443491,-20.06535891443491,73,0,38.125,2.7843,5.491,4.409000000000001,-1.081999999999999,20.08154006340263,39.12813821280026,26.09099461500078,-4.709,25.0,,PRE,4
2019,PRE,4,week,15,1,Cardale Jones,QB,4400,00-0033098,Cardale Jones,C.Jones,JON148555,QB,QB,7,4400,2019,43428,32004a4f-4e14-8555-d9b4-033152b27716,Cardale,Jones,Cardale,QB,QB,07,ACT,https://static.www.nfl.com/image/private/{formatInstructions}/league/we5tadbw4htpyierf8qv,16,10,0,62.5,60.44033104553819,2.059668954461813,149,0,92.96875,3.1244375,12.794374999999999,8.971999999999998,-3.822375000000001,25.141956155800226,49.18021655096691,35.9864696795893,4.481874999999999,12.5,,PRE,4
2019,PRE,4,week,15,1,Dwayne Haskins,QB,5110,00-0035232,Dwayne Haskins,D.Haskins,HAS285847,QB,QB,7,5110,2019,47798,32004841-5328-5847-4bf1-f4c48a3a3bc6,Dwayne,Haskins,Dwayne,QB,QB,07,ACT,https://static.www.nfl.com/image/private/{formatInstructions}/league/pt70n1epofri8mmj7kuv,17,10,0,58.82352941176471,73.2036597588483,-14.380130347083593,104,1,96.20098039215686,2.463470588235294,8.344705882352942,5.277,-3.067705882352942,20.185730893071792,53.11842241633312,26.96902853274474,-1.0082352941176467,5.88235294117647,,PRE,4
2019,REG,0,season,128,15,Matt Ryan,QB,0200,00-0026143,Matt Ryan,M.Ryan,RYA238179,QB,QB,2,0200,2019,33084,32005259-4123-8179-1aae-5603693aba86,Matthew,Ryan,Matt,QB,QB,02,ACT,https://static.www.nfl.com/image/private/{formatInstructions}/league/nsup3rrfi8jfj8oduf1t,616,408,14,66.23376623376623,63.62178571428571,2.6119805194805252,4466,26,92.08603896103895,2.77389918699187,8.28391525423729,6.788774509803921,-1.4951407444333684,20.02656674595581,55.55143652508007,52.18394101637016,-1.1872711864406784,16.558441558441558,,,
2019,REG,0,season,128,15,Lamar Jackson,QB,0325,00-0034796,Lamar Jackson,L.Jackson,JAC323395,QB,QB,8,0325,2019,46101,32004a41-4332-3395-efb0-6c7b75de50af,Lamar,Jackson,Lamar,QB,QB,08,ACT,https://static.www.nfl.com/image/private/{formatInstructions}/league/rojvfogdbjpld2ldvdop,401,265,6,66.08478802992519,66.0202,0.06458802992518997,3127,36,113.33645054031587,2.918694235588972,8.786917098445596,6.516515151515151,-2.270401946930445,20.81663554736693,55.851918498830464,51.500300969994335,0.05116580310880844,14.713216957605985,,,
2019,REG,0,season,128,16,Josh Allen,QB,0610,00-0034857,Josh Allen,J.Allen,ALL529264,QB,QB,17,0610,2019,46076,3200414c-4c52-9264-bedc-c4ddaf201fe7,Joshua,Allen,Josh,QB,QB,17,ACT,https://static.www.nfl.com/image/private/{formatInstructions}/league/uyhjaf2okyygjyfzk8hc,461,271,9,58.78524945770065,62.92522776572669,-4.139978308026038,3089,20,85.31724511930587,2.856982532751091,9.397603686635946,6.243653136531366,-3.1539505501045806,22.21853373306313,58.103307995328464,50.14178397304986,0.07963133640553031,15.40130151843818,,,
2019,REG,0,season,128,13,Kyle Allen,QB,0750,00-0034577,Kyle Allen,K.Allen,ALL543234,QB,QB,7,0750,2019,46761,3200414c-4c54-3234-6e5f-74f0c92c233b,Kyle,Allen,Kyle,QB,QB,07,ACT,https://static.www.nfl.com/image/private/{formatInstructions}/league/jecyn8sprawuwe2gs9rz,489,303,16,61.963190184049076,62.65740286298569,-0.6942126789366156,3322,17,79.98040218132242,2.710461065573771,8.283088552915766,5.292574257425742,-2.9905142954900237,21.198514683357363,57.55441338420538,56.375775826147176,-0.47501079913606903,16.56441717791411,,,
2019,REG,0,season,128,15,Mitchell Trubisky,QB,0810,00-0033869,Mitchell Trubisky,M.Trubisky,TRU215336,QB,QB,10,0810,2019,44814,32005452-5521-5336-8519-c8cb45ea9b74,Mitchell,Trubisky,Mitchell,QB,QB,10,ACT,https://static.www.nfl.com/image/private/{formatInstructions}/league/yxl8earcwsagar5mbjfi,516,326,10,63.17829457364341,63.45532038834951,-0.2770258147061,3138,17,82.9780361757106,2.6393138401559453,8.01431411530815,5.119447852760737,-2.8948662625474126,21.273028868315212,59.01006778508224,56.34174739924207,-1.0831013916500996,17.829457364341085,,,
2019,REG,0,season,128,13,Andy Dalton,QB,0920,00-0027973,Andy Dalton,A.Dalton,DAL659900,QB,QB,14,0920,2019,37110,32004441-4c65-9900-551d-a31a0423b3ca,Andrew,Dalton,Andy,QB,QB,14,ACT,https://static.www.nfl.com/image/private/{formatInstructions}/league/fex1enmwhsyid5jyue7t,528,314,14,59.46969696969697,61.27380681818181,-1.804109848484842,3494,16,78.26704545454545,2.510345489443378,8.093611111111112,5.956656050955413,-2.1369550601556995,21.44696892968383,57.288225666361846,52.29328541983186,-0.9143253968253967,20.833333333333336,,,
2019,REG,0,season,128,16,Baker Mayfield,QB,1050,00-0034855,Baker Mayfield,B.Mayfield,MAY483453,QB,QB,6,1050,2019,46073,32004d41-5948-3453-e6ac-1ecff99fdcf6,Baker,Mayfield,Baker,QB,QB,06,ACT,https://static.www.nfl.com/image/private/{formatInstructions}/league/mrajlbudbl0hcfzmrqz3,534,317,21,59.36329588014981,61.50456928838952,-2.141273408239705,3827,22,78.7609238451935,2.784904135338346,8.723696498054476,6.261356466876973,-2.4623400311775034,21.735868004849895,66.64941260056236,58.05954529618709,-0.3910894941634242,18.91385767790262,,,
2019,REG,0,season,128,16,Dak Prescott,QB,1200,00-0033077,Dak Prescott,D.Prescott,PRE285723,QB,QB,4,1200,2019,43424,32005052-4528-5723-d1b2-96e92ebc1241,Rayne,Prescott,Dak,QB,QB,04,ACT,https://static.www.nfl.com/image/private/{formatInstructions}/league/httrtiv5us06hh6asf07,596,388,11,65.1006711409396,62.42942953020134,2.6712416107382566,4902,30,99.69239373601789,2.876715966386555,9.420258620689655,7.58659793814433,-1.8336606825453252,22.348836195906213,67.26060139487308,56.2247712311931,0.5702586206896556,17.953020134228186,,,
2019,REG,0,season,128,8,Joe Flacco,QB,1400,00-0026158,Joe Flacco,J.Flacco,FLA009602,QB,QB,5,1400,2019,33099,3200464c-4100-9602-96e8-665718e215c0,Joe,Flacco,Joe,QB,QB,,RES,https://static.www.nfl.com/image/private/{formatInstructions}/league/puq0loqhg0yeuhpdtykr,262,171,5,65.2671755725191,65.93183206106872,-0.6646564885496247,1822,6,85.13040712468192,2.6245402298850573,6.7566,5.054385964912281,-1.702214035087719,19.82166855208053,51.696345131933654,50.63829578490967,-2.2074000000000003,12.213740458015266,,,
2019,REG,0,season,128,5,Drew Lock,QB,1400,00-0035704,Drew Lock,D.Lock,LOC374482,QB,QB,3,1400,2019,47825,32004c4f-4337-4482-904c-a47f8df1d41b,Drew,Lock,Drew,QB,QB,03,ACT,https://static.www.nfl.com/image/private/{formatInstructions}/league/q4mm4si16iee7dkz1eso,156,100,3,64.1025641025641,65.23993589743591,-1.137371794871811,1020,7,89.69017094017096,2.829083333333333,6.945065789473685,4.640700000000001,-2.3043657894736844,20.81635350474495,58.205983369409715,46.85520888866039,-1.9365131578947365,14.102564102564102,,,
2019,REG,0,season,128,8,Matthew Stafford,QB,1540,00-0026498,Matthew Stafford,M.Stafford,STA134157,QB,QB,9,1540,2019,34452,32005354-4113-4157-19b1-37e6835d09b9,Matthew,Stafford,Matthew,QB,QB,,RES,https://static.www.nfl.com/image/private/{formatInstructions}/league/iibglgpasx5wsrylvn2z,291,187,5,64.26116838487972,60.17347079037801,4.087697594501712,2499,19,106.0209049255441,2.685207612456747,10.896013986013985,8.343582887700535,-2.55243109831345,23.7415573991578,60.75476689116665,58.47010347177436,2.0848251748251747,23.367697594501717,,,
2019,REG,0,season,128,5,David Blough,QB,1540,00-0035040,David Blough,D.Blough,BLO315389,QB,QB,10,1540,2019,48137,3200424c-4f31-5389-8dc7-e49c9f486370,David,Blough,David,QB,QB,10,ACT,https://static.www.nfl.com/image/private/{formatInstructions}/league/eevnkhj8mhzpolblxpjy,174,94,6,54.02298850574713,61.910747126436796,-7.887758620689667,984,4,63.96072796934865,2.8757126436781606,8.528690476190476,6.824574468085106,-1.7041160081053706,21.928876542301207,50.22092193498642,50.22092193498642,-0.19154761904761908,19.54022988505747,,,
2019,REG,0,season,128,16,Aaron Rodgers,QB,1800,00-0023459,Aaron Rodgers,A.Rodgers,ROD339293,QB,QB,12,1800,2019,29851,3200524f-4433-9293-a3cf-ad7758d03003,Aaron,Rodgers,Aaron,QB,QB,12,ACT,https://static.www.nfl.com/image/private/{formatInstructions}/league/ejjiyjumtzwxiffdhkgz,569,353,4,62.038664323374334,64.32687170474517,-2.288207381370839,4002,26,95.39030462800234,2.8821021126760566,8.946493506493507,5.388243626062324,-3.558249880431183,23.205292101991123,60.48820463528406,54.93627581116143,0.13758812615955465,14.235500878734623,,,
2019,REG,0,season,128,11,Ryan Tannehill,QB,2100,00-0029701,Ryan Tannehill,R.Tannehill,TAN298716,QB,QB,17,2100,2019,38538,32005441-4e29-8716-6443-cc1663c47ac9,Ryan,Tannehill,Ryan,QB,QB,17,ACT,https://static.www.nfl.com/image/private/{formatInstructions}/league/e2b84kobkdgravu7u6qy,286,201,6,70.27972027972028,61.59594405594404,8.683776223776242,2742,22,117.49708624708626,2.9031236749116607,9.649892086330935,7.516965174129353,-2.132926912201582,21.93741236367539,60.083632546642846,60.083632546642846,0.5527697841726618,19.58041958041958,,,
2019,REG,0,season,128,7,Marcus Mariota,QB,2100,00-0032268,Marcus Mariota,M.Mariota,MAR186347,QB,QB,8,2100,2019,42345,32004d41-5218-6347-2b09-64276fa61f68,Marcus,Mariota,Marcus,QB,QB,08,ACT,https://static.www.nfl.com/image/private/{formatInstructions}/league/qi4gui9b5gq10obus2xa,160,95,2,59.375,61.6456875,-2.270687500000001,1203,7,92.265625,2.837386075949367,7.4841891891891885,6.245052631578947,-1.2391365576102418,19.771132263634602,48.81942236446474,48.08704815228316,-2.150945945945946,15.0,,,
2019,REG,0,season,128,15,Deshaun Watson,QB,2120,00-0033537,Deshaun Watson,D.Watson,WAT338355,QB,QB,4,2120,2019,44824,32005741-5433-8355-e029-e49022cf4b81,Derrick,Watson,Deshaun,QB,QB,04,ACT,https://static.www.nfl.com/image/private/{formatInstructions}/league/dhtjbkg3d9yrse2vpans,495,333,12,67.27272727272727,66.39727272727272,0.875454545454545,3852,26,97.97558922558922,2.8163874239350912,8.820785123966942,6.464834834834835,-2.3559502891321076,20.807014359041546,63.14766899894248,59.37895671026901,0.21954545454545438,15.757575757575756,,,
2019,REG,0,season,128,15,Jacoby Brissett,QB,2200,00-0033119,Jacoby Brissett,J.Brissett,BRI516391,QB,QB,7,2200,2019,43380,32004252-4951-6391-fb1e-f908d9b96e12,Jacoby,Brissett,Jacoby,QB,QB,07,ACT,https://static.www.nfl.com/image/private/{formatInstructions}/league/qbvf9c5eedjgkw9xqwup,447,272,6,60.85011185682326,63.715883668903814,-2.8657718120805526,2942,18,88.04530201342281,2.9272837837837837,7.889716312056738,5.081029411764706,-2.808686900292032,21.26534229731482,65.18283362972186,57.94138848871332,-1.4838061465721042,17.002237136465325,,,
2019,REG,0,season,128,14,Gardner Minshew,QB,2250,00-0035289,Gardner Minshew,G.Minshew II,MIN604610,QB,QB,15,2250,2019,47961,32004d49-4e60-4610-dc98-dcddea9bb1f6,Gardner,Minshew,Gardner,QB,QB,15,ACT,https://static.www.nfl.com/image/private/{formatInstructions}/league/f8uc5gnrll70ueahgisk,470,285,6,60.63829787234043,64.813,-4.174702127659572,3271,21,91.18794326241137,2.8518208955223883,7.513849557522122,5.90021052631579,-1.6136390312063327,20.04651050408631,53.997290672773566,53.997290672773566,-1.7803982300884962,15.53191489361702,,,
2019,REG,0,season,128,14,Patrick Mahomes,QB,2310,00-0033873,Patrick Mahomes,P.Mahomes,MAH401939,QB,QB,15,2310,2019,44822,32004d41-4840-1939-e4c1-bb89191b4e71,Patrick,Mahomes,Patrick,QB,QB,15,ACT,https://static.www.nfl.com/image/private/{formatInstructions}/league/ugt3pz3jk8v1cbuvj3om,484,319,5,65.9090909090909,65.25526859504131,0.6538223140495916,4031,26,105.3116391184573,2.8167644628099175,8.63768085106383,6.248150470219435,-2.3895303808443957,21.90443180875512,59.2587790964343,55.10829520135785,-0.6750851063829788,12.190082644628099,,,
2019,REG,0,season,128,16,Jared Goff,QB,2510,00-0033106,Jared Goff,J.Goff,GOF219636,QB,QB,16,2510,2019,43290,3200474f-4621-9636-7354-d2eb6365d257,Jared,Goff,Jared,QB,QB,16,ACT,https://static.www.nfl.com/image/private/{formatInstructions}/league/kke5xst7v1ciq1udqqyr,626,394,16,62.939297124600635,65.24771565495207,-2.308418530351439,4638,22,86.46831735889243,2.8004656,7.799390444810543,5.904822335025381,-1.8945681097851619,21.05664474836764,60.46097915184636,60.46097915184636,-1.2022570016474465,12.779552715654951,,,
2019,REG,0,season,128,16,Derek Carr,QB,2520,00-0031280,Derek Carr,D.Carr,CAR358797,QB,QB,4,2520,2019,41265,32004341-5235-8797-3b9a-0d2711c0bc27,Derek,Carr,Derek,QB,QB,04,ACT,https://static.www.nfl.com/image/private/{formatInstructions}/league/chtyn7pw8xqfpnrkd1fq,513,361,8,70.37037037037037,67.9593567251462,2.4110136452241733,4054,21,100.80003248862897,2.8157103718199608,6.487246376811594,4.927700831024931,-1.559545545786663,18.900497935006346,55.69296993337669,47.45761582717783,-2.0986749482401654,11.695906432748536,,,
2019,REG,0,season,128,15,Ryan Fitzpatrick,QB,2700,00-0023682,Ryan Fitzpatrick,R.Fitzpatrick,FIT792915,QB,QB,14,2700,2019,30078,32004649-5479-2915-c998-f50119c2fdd4,Ryan,Fitzpatrick,Ryan,QB,QB,14,ACT,https://static.www.nfl.com/image/private/{formatInstructions}/league/joilglqul2ldsy2pfjey,502,311,13,61.952191235059765,62.028167330677284,-0.07597609561751995,3529,20,85.49136786188579,2.608859719438878,9.02505070993915,7.131479099678456,-1.8935716102606932,20.710044317200506,59.28662665390907,52.393551129886205,-0.0216024340770794,20.916334661354583,,,
2019,REG,0,season,128,15,Kirk Cousins,QB,3000,00-0029604,Kirk Cousins,K.Cousins,COU709400,QB,QB,8,3000,2019,38632,3200434f-5570-9400-e1ae-f835abb5963e,Kirk,Cousins,Kirk,QB,QB,08,ACT,https://static.www.nfl.com/image/private/{formatInstructions}/league/yoi19theqqakt4zpw9r4,444,307,6,69.14414414414415,62.777499999999996,6.3666441441441535,3603,26,107.4042792792793,3.0060225225225223,8.005545023696683,5.998534201954398,-2.007010821742285,20.860700606315696,60.50721114049135,60.50721114049135,-0.9897156398104263,13.063063063063062,,,
2019,REG,0,season,128,16,Tom Brady,QB,3200,00-0019596,Tom Brady,T.Brady,BRA371156,QB,QB,12,3200,2019,25511,32004252-4137-1156-7ed0-8b9e44948f13,Tom,Brady,Tom,QB,QB,12,ACT,https://static.www.nfl.com/image/private/{formatInstructions}/league/apkxya5ptb0zalrskshq,613,373,8,60.848287112561174,63.26518883415435,-2.4169017215931774,4057,24,87.97920065252855,2.7453915171288745,7.577750865051904,5.571967654986523,-2.005783210065381,20.484268982587427,53.187765510500626,50.875046928725276,-1.5935294117647056,15.171288743882544,Jr.,,
2019,REG,0,season,128,11,Drew Brees,QB,3300,00-0020531,Drew Brees,D.Brees,BRE229498,QB,QB,9,3300,2019,26250,32004252-4522-9498-de45-55dc89e02748,Drew,Brees,Drew,QB,QB,09,ACT,https://static.www.nfl.com/image/private/{formatInstructions}/league/i20xlpzdmn7xubotijjd,378,281,4,74.33862433862434,68.02592592592593,6.31269841269841,2979,27,116.26984126984128,2.5701313672922255,6.661424657534248,5.240569395017793,-1.4208552625164543,19.894050169660638,53.064437243788795,42.794799917747014,-2.0125479452054797,13.756613756613756,,,
2019,REG,0,season,128,7,Teddy Bridgewater,QB,3300,00-0031237,Teddy Bridgewater,T.Bridgewater,BRI129168,QB,QB,5,3300,2019,41258,32004252-4912-9168-84fe-1a998a0eb85b,Theodore,Bridgewater,Teddy,QB,QB,05,ACT,https://static.www.nfl.com/image/private/{formatInstructions}/league/f0uzw2vaxwyytmx1zron,196,133,2,67.85714285714286,68.13408163265306,-0.2769387755102031,1384,9,99.10714285714285,2.8167908163265305,6.168609625668448,4.611804511278194,-1.5568051143902535,19.234280490476298,46.24818807261534,45.40443260299594,-3.3126737967914432,13.77551020408163,Jr.,,
2019,REG,0,season,128,4,Eli Manning,QB,3410,00-0022803,Eli Manning,E.Manning,MAN473170,QB,QB,10,3410,2019,28953,32004d41-4e47-3170-d4e5-66f2cfc951d8,Elisha,Manning,Eli,QB,QB,10,ACT,https://static.www.nfl.com/image/private/{formatInstructions}/league/w51tf8uedjftbr4qpaex,147,91,5,61.904761904761905,64.46020408163265,-2.5554421768707485,1042,6,82.63888888888889,2.6575510204081634,8.505985915492957,6.67131868131868,-1.834667234174277,21.241619582213147,55.49851169175621,47.453920807452775,-0.4940140845070424,19.047619047619047,,,
2019,REG,0,season,128,13,Daniel Jones,QB,3410,00-0035710,Daniel Jones,D.Jones,JON165462,QB,QB,8,3410,2019,47789,32004a4f-4e16-5462-39a4-3b4fa743c66f,Daniel,Jones,Daniel,QB,QB,08,ACT,https://static.www.nfl.com/image/private/{formatInstructions}/league/zgxgwbz4fsqrkxewbdz2,459,284,12,61.87363834422658,61.45938997821351,0.41424836601306936,3027,24,87.65885984023237,2.8437298474945534,8.194330357142857,5.6770774647887325,-2.517252892354124,21.31537677458142,53.40647619905287,47.415407833319335,-0.6895982142857143,22.440087145969496,,,
2019,REG,0,season,128,13,Sam Darnold,QB,3430,00-0034869,Sam Darnold,S.Darnold,DAR466141,QB,QB,14,3430,2019,46072,32004441-5246-6141-9e5c-6e7d32a03e33,Sam,Darnold,Sam,QB,QB,14,ACT,https://static.www.nfl.com/image/private/{formatInstructions}/league/eq43mbsq4xhpm9sfh0yl,441,273,13,61.904761904761905,61.63761904761906,0.2671428571428436,3024,19,84.32067271352986,2.9205079726651477,8.585966183574879,5.593186813186813,-2.9927793703880656,21.629626080930038,54.92943928350262,46.187708321587024,0.01833333333333303,17.913832199546487,,,
2019,REG,0,season,128,16,Carson Wentz,QB,3700,00-0032950,Carson Wentz,C.Wentz,WEN615770,QB,QB,11,3700,2019,43291,32005745-4e61-5770-9c68-1652f876bc72,Carson,Wentz,Carson,QB,QB,11,ACT,https://static.www.nfl.com/image/private/{formatInstructions}/league/e0lkzdsozcwd6jwr1mju,607,388,7,63.92092257001647,64.1996705107084,-0.2787479406919289,4039,27,93.09788577704558,2.7099257425742582,8.089266666666667,5.490902061855669,-2.598364604810998,20.858554995507212,64.69578425214428,58.416012359626194,-0.46573333333333333,15.980230642504118,,,
2019,REG,0,season,128,16,Kyler Murray,QB,3800,00-0035228,Kyler Murray,K.Murray,MUR670413,QB,QB,1,3800,2019,47784,32004d55-5267-0413-8d36-a5c3fd781aa0,Kyler,Murray,Kyler,QB,QB,01,ACT,https://static.www.nfl.com/image/private/{formatInstructions}/league/xg9gslvksigyhrkos7xu,542,349,12,64.39114391143912,67.3869003690037,-2.995756457564582,3722,20,87.43081180811808,2.72767657992565,7.116808510638299,5.08106017191977,-2.0357483387185287,20.95449242009165,55.331980806763106,55.123973913352806,-1.8619148936170216,14.022140221402212,,,
2019,REG,0,season,128,10,Mason Rudolph,QB,3900,00-0034771,Mason Rudolph,M.Rudolph,RUD321216,QB,QB,2,3900,2019,46145,32005255-4432-1216-a9be-28502c0847e4,Mason,Rudolph,Mason,QB,QB,,RES,https://static.www.nfl.com/image/private/{formatInstructions}/league/nfrmszsvdyrhtsox7yh9,283,176,9,62.19081272084806,62.17459363957597,0.01621908127209082,1765,13,81.95671378091873,2.7991201413427564,8.027299270072993,4.494147727272727,-3.5331515428002653,20.753311672492018,56.15936253199461,50.07564278169576,-1.20992700729927,18.021201413427562,,,
2019,REG,0,season,128,8,Devlin Hodges,QB,3900,00-0035577,Devlin Hodges,D.Hodges,HOD363523,QB,QB,6,3900,2019,48728,3200484f-4436-3523-9f45-2df444e0e2ab,Devlin,Hodges,Devlin,QB,QB,06,ACT,https://static.www.nfl.com/image/private/{formatInstructions}/league/ehkdoer4nv2qp2ddam83,160,100,8,62.5,62.298187500000004,0.2018124999999955,1063,5,71.43229166666667,2.8417375,7.220694444444444,4.5437,-2.6769944444444436,21.49937843203348,56.027564644556875,46.94606479780814,-1.97375,10.625,,,
2019,REG,0,season,128,16,Philip Rivers,QB,4400,00-0022942,Philip Rivers,P.Rivers,RIV651634,QB,QB,17,4400,2019,28956,32005249-5665-1634-a192-77c9c8e6262e,Philip,Rivers,Philip,QB,QB,17,ACT,https://static.www.nfl.com/image/private/{formatInstructions}/league/adapxtphf15elrdudiix,591,390,20,65.98984771573603,62.00011844331641,3.9897292724196234,4615,23,88.48350253807106,2.6278214285714285,8.59336842105263,5.985846153846154,-2.607522267206477,21.327917119729396,57.69915250677431,56.50273002253962,-0.7031228070175436,17.089678510998308,,,
2019,REG,0,season,128,16,Jimmy Garoppolo,QB,4500,00-0031345,Jimmy Garoppolo,J.Garoppolo,GAR363225,QB,QB,10,4500,2019,41291,32004741-5236-3225-90e6-5bfdba41064c,James,Garoppolo,Jimmy,QB,QB,10,ACT,https://static.www.nfl.com/image/private/{formatInstructions}/league/hebg9avbsul4u2olmct8,476,329,13,69.11764705882352,66.35115546218488,2.7664915966386445,3978,27,102.03081232492997,2.6529662447257376,6.509225806451613,5.375775075987843,-1.1334507304637702,19.31193467359257,57.15890569281396,57.15890569281396,-2.4520645161290324,15.336134453781513,,,
2019,REG,0,season,128,16,Russell Wilson,QB,4600,00-0029263,Russell Wilson,R.Wilson,WIL777781,QB,QB,3,4600,2019,38605,32005749-4c77-7781-795c-94c753706d1d,Russell,Wilson,Russell,QB,QB,03,ACT,https://static.www.nfl.com/image/private/{formatInstructions}/league/rrpzsqysodir9laitnus,516,341,5,66.08527131782945,61.8620542635659,4.22321705426355,4110,31,106.33074935400518,2.8504385964912284,9.439107505070995,6.847947214076247,-2.5911602909947478,22.87906352267657,62.37438977657417,58.08258689142556,0.24438133874239354,18.6046511627907,,,
2019,REG,0,season,128,16,Jameis Winston,QB,4900,00-0031503,Jameis Winston,J.Winston,WIN623708,QB,QB,3,4900,2019,42344,32005749-4e62-3708-9650-e59a3f7bea83,Jameis,Winston,Jameis,QB,QB,03,ACT,https://static.www.nfl.com/image/private/{formatInstructions}/league/iurpf1pdjrjfowtksptf,626,380,30,60.70287539936102,60.07907348242812,0.6238019169328979,5109,33,84.27848775292864,2.7714278846153846,10.534148760330579,8.192394736842106,-2.3417540234884733,22.944933887189187,64.2075268173444,58.19321266264649,1.3804297520661157,16.773162939297126,,,
2019,REG,0,season,128,9,Case Keenum,QB,5110,00-0028986,Case Keenum,C.Keenum,KEE690598,QB,QB,8,5110,2019,38937,32004b45-4569-0598-1a82-7cad5305e148,Casey,Keenum,Case,QB,QB,08,ACT,https://static.www.nfl.com/image/private/{formatInstructions}/league/qnyuz76tdcsqxn1bzse1,247,160,5,64.77732793522267,63.54267206477734,1.23465587044533,1707,11,91.27024291497975,2.7548489795918365,6.914666666666666,5.478375,-1.4362916666666665,19.424552407486544,50.193736661061614,50.193736661061614,-1.9144999999999999,17.408906882591094,,,
2019,REG,0,season,128,9,Dwayne Haskins,QB,5110,00-0035232,Dwayne Haskins,D.Haskins,HAS285847,QB,QB,7,5110,2019,47798,32004841-5328-5847-4bf1-f4c48a3a3bc6,Dwayne,Haskins,Dwayne,QB,QB,07,INA,https://static.www.nfl.com/image/private/{formatInstructions}/league/pt70n1epofri8mmj7kuv,203,119,7,58.620689655172406,62.40211822660099,-3.7814285714285845,1365,7,76.07758620689654,2.8733960396039606,8.731785714285715,6.375798319327731,-2.3559873949579844,21.587642359423704,55.9348201034025,52.82795188155604,-0.7018877551020406,22.660098522167488,,,
2019,REG,1,week,15,1,Matt Ryan,QB,0200,00-0026143,Matt Ryan,M.Ryan,RYA238179,QB,QB,2,0200,2019,33084,32005259-4123-8179-1aae-5603693aba86,Matthew,Ryan,Matt,QB,QB,02,ACT,https://static.www.nfl.com/image/private/{formatInstructions}/league/nsup3rrfi8jfj8oduf1t,46,33,2,71.73913043478261,66.82108695652173,4.918043478260884,304,2,85.77898550724638,2.9406956521739134,7.975333333333333,5.634242424242425,-2.3410909090909087,20.663520393649446,46.422896290515965,36.723425766123725,-1.469111111111111,13.043478260869565,,REG,1
2019,REG,1,week,15,1,Lamar Jackson,QB,0325,00-0034796,Lamar Jackson,L.Jackson,JAC323395,QB,QB,8,0325,2019,46101,32004a41-4332-3395-efb0-6c7b75de50af,Lamar,Jackson,Lamar,QB,QB,08,ACT,https://static.www.nfl.com/image/private/{formatInstructions}/league/rojvfogdbjpld2ldvdop,20,17,0,85.0,56.760999999999996,28.239000000000004,324,5,158.33333333333331,2.8681000000000005,12.121052631578948,11.02294117647059,-1.0981114551083575,24.398490867239186,51.18534360537203,46.86848088001146,4.594736842105264,15.0,,REG,1
2019,REG,1,week,15,1,Josh Allen,QB,0610,00-0034857,Josh Allen,J.Allen,ALL529264,QB,QB,17,0610,2019,46076,3200414c-4c52-9264-bedc-c4ddaf201fe7,Joshua,Allen,Josh,QB,QB,17,ACT,https://static.www.nfl.com/image/private/{formatInstructions}/league/uyhjaf2okyygjyfzk8hc,37,24,2,64.86486486486487,66.3245945945946,-1.4597297297297303,254,1,71.22747747747749,2.720378378378378,7.977714285714287,6.012500000000002,-1.9652142857142847,22.44884887577684,49.91255152764683,42.46364327280456,-1.0508571428571418,10.81081081081081,,REG,1
2019,REG,1,week,15,1,Cam Newton,QB,0750,00-0027939,Cam Newton,C.Newton,NEW693984,QB,QB,1,0750,2019,37074,32004e45-5769-3984-c32b-2c25062be531,Cameron,Newton,Cam,QB,QB,01,ACT,https://static.www.nfl.com/image/private/{formatInstructions}/league/gin1atizg1ga9p0skyu0,38,25,1,65.78947368421053,70.99894736842106,-5.209473684210522,239,0,72.14912280701755,2.2375405405405404,6.326486486486488,4.8984000000000005,-1.428086486486487,18.65180818538924,38.70313811566189,33.67269813959078,-2.43027027027027,13.157894736842104,,REG,1
2019,REG,1,week,15,1,Mitchell Trubisky,QB,0810,00-0033869,Mitchell Trubisky,M.Trubisky,TRU215336,QB,QB,10,0810,2019,44814,32005452-5521-5336-8519-c8cb45ea9b74,Mitchell,Trubisky,Mitchell,QB,QB,10,ACT,https://static.www.nfl.com/image/private/{formatInstructions}/league/yxl8earcwsagar5mbjfi,45,26,1,57.77777777777777,57.20977777777778,0.5679999999999907,228,0,62.08333333333332,2.506422222222222,8.254318181818185,4.677692307692308,-3.5766258741258774,21.887250280888743,42.087311627140075,38.17237744757327,-3.0411363636363635,26.666666666666668,,REG,1
2019,REG,1,week,15,1,Andy Dalton,QB,0920,00-0027973,Andy Dalton,A.Dalton,DAL659900,QB,QB,14,0920,2019,37110,32004441-4c65-9900-551d-a31a0423b3ca,Andrew,Dalton,Andy,QB,QB,14,ACT,https://static.www.nfl.com/image/private/{formatInstructions}/league/fex1enmwhsyid5jyue7t,51,35,0,68.62745098039215,69.3578431372549,-0.7303921568627487,418,2,106.49509803921569,2.6126862745098043,6.940816326530611,6.362857142857142,-0.5779591836734692,19.930603063158156,51.937233272479965,51.937233272479965,-2.079591836734694,13.725490196078432,,REG,1
2019,REG,1,week,15,1,Baker Mayfield,QB,1050,00-0034855,Baker Mayfield,B.Mayfield,MAY483453,QB,QB,6,1050,2019,46073,32004d41-5948-3453-e6ac-1ecff99fdcf6,Baker,Mayfield,Baker,QB,QB,06,ACT,https://static.www.nfl.com/image/private/{formatInstructions}/league/mrajlbudbl0hcfzmrqz3,38,25,3,65.78947368421053,71.96842105263161,-6.178947368421078,285,1,64.03508771929825,2.816421052631579,8.747631578947368,7.3668000000000005,-1.380831578947368,22.345138222428677,47.55172446925559,43.40377172550791,-2.778684210526315,10.526315789473683,,REG,1
2019,REG,1,week,15,1,Dak Prescott,QB,1200,00-0033077,Dak Prescott,D.Prescott,PRE285723,QB,QB,4,1200,2019,43424,32005052-4528-5723-d1b2-96e92ebc1241,Rayne,Prescott,Dak,QB,QB,04,ACT,https://static.www.nfl.com/image/private/{formatInstructions}/league/httrtiv5us06hh6asf07,32,25,0,78.125,71.195,6.930000000000007,405,4,158.33333333333331,2.53115625,8.712187500000002,8.620400000000002,-0.09178750000000058,20.381893939681028,44.18400162954913,44.18400162954913,0.43093750000000075,18.75,,REG,1
2019,REG,1,week,15,1,Joe Flacco,QB,1400,00-0026158,Joe Flacco,J.Flacco,FLA009602,QB,QB,5,1400,2019,33099,3200464c-4100-9602-96e8-665718e215c0,Joseph,Flacco,Joe,QB,QB,05,ACT,https://static.www.nfl.com/image/private/{formatInstructions}/league/puq0loqhg0yeuhpdtykr,31,21,0,67.74193548387096,66.44612903225806,1.2958064516129042,268,1,105.30913978494623,2.6570967741935485,7.595333333333334,7.1647619047619076,-0.43057142857142683,19.45842917901036,45.07223202815676,45.07223202815676,-0.4713333333333324,16.129032258064516,,REG,1
2019,REG,1,week,15,1,Matthew Stafford,QB,1540,00-0026498,Matthew Stafford,M.Stafford,STA134157,QB,QB,9,1540,2019,34452,32005354-4113-4157-19b1-37e6835d09b9,John,Stafford,Matthew,QB,QB,09,ACT,https://static.www.nfl.com/image/private/{formatInstructions}/league/iibglgpasx5wsrylvn2z,45,27,0,60.0,54.777555555555544,5.222444444444456,385,3,109.9537037037037,2.7342558139534883,11.897073170731707,8.787037037037036,-3.1100361336946705,24.918758439579715,50.27079171845218,37.8381500604879,3.1653658536585354,15.555555555555555,,REG,1
2019,REG,1,week,15,1,Aaron Rodgers,QB,1800,00-0023459,Aaron Rodgers,A.Rodgers,ROD339293,QB,QB,12,1800,2019,29851,3200524f-4433-9293-a3cf-ad7758d03003,Aaron,Rodgers,Aaron,QB,QB,12,ACT,https://static.www.nfl.com/image/private/{formatInstructions}/league/ejjiyjumtzwxiffdhkgz,30,18,0,60.0,63.70499999999999,-3.704999999999991,203,1,91.38888888888887,3.0485333333333333,10.531428571428572,6.513888888888889,-4.017539682539683,23.17405903146453,57.37501372548855,53.50774897152747,1.9957142857142844,16.666666666666664,,REG,1
2019,REG,1,week,15,1,Marcus Mariota,QB,2100,00-0032268,Marcus Mariota,M.Mariota,MAR186347,QB,QB,8,2100,2019,42345,32004d41-5218-6347-2b09-64276fa61f68,Marcus,Mariota,Marcus,QB,QB,08,ACT,https://static.www.nfl.com/image/private/{formatInstructions}/league/qi4gui9b5gq10obus2xa,24,14,0,58.333333333333336,61.657499999999985,-3.324166666666649,248,3,133.33333333333331,3.070458333333334,6.295833333333332,5.43285714285714,-0.8629761904761919,18.547229073700795,42.68666302254137,42.68666302254137,-3.287500000000001,16.666666666666664,,REG,1
2019,REG,1,week,15,1,Deshaun Watson,QB,2120,00-0033537,Deshaun Watson,D.Watson,WAT338355,QB,QB,4,2120,2019,44824,32005741-5433-8355-e029-e49022cf4b81,Derrick,Watson,Deshaun,QB,QB,04,ACT,https://static.www.nfl.com/image/private/{formatInstructions}/league/dhtjbkg3d9yrse2vpans,30,20,1,66.66666666666666,61.76933333333332,4.897333333333336,268,3,114.30555555555554,2.7293333333333334,10.318965517241379,8.7715,-1.5474655172413794,21.57224014305407,55.81129007647109,55.81129007647109,0.5258620689655171,16.666666666666664,,REG,1
2019,REG,1,week,15,1,Jacoby Brissett,QB,2200,00-0033119,Jacoby Brissett,J.Brissett,BRI516391,QB,QB,7,2200,2019,43380,32004252-4951-6391-fb1e-f908d9b96e12,Jacoby,Brissett,Jacoby,QB,QB,07,ACT,https://static.www.nfl.com/image/private/{formatInstructions}/league/qbvf9c5eedjgkw9xqwup,27,21,0,77.77777777777779,71.82481481481481,5.952962962962971,190,2,120.67901234567901,2.327074074074073,6.02925925925926,4.406190476190476,-1.623068783068784,18.988703133706636,38.717140906838665,33.467315398758835,-3.6744444444444446,22.22222222222222,,REG,1
2019,REG,1,week,15,1,Gardner Minshew,QB,2250,00-0035289,Gardner Minshew,G.Minshew,MIN604610,QB,QB,15,2250,2019,47961,32004d49-4e60-4610-dc98-dcddea9bb1f6,Gardner,Minshew,Gardner,QB,QB,15,ACT,https://static.www.nfl.com/image/private/{formatInstructions}/league/f8uc5gnrll70ueahgisk,25,22,1,88.0,73.41559999999998,14.584400000000016,275,2,122.49999999999999,2.6578399999999998,5.458799999999999,6.618181818181818,1.159381818181819,18.057091825993542,48.97323861049012,48.97323861049012,-4.021200000000001,16.0,,REG,1
2019,REG,1,week,15,1,Patrick Mahomes,QB,2310,00-0033873,Patrick Mahomes,P.Mahomes,MAH401939,QB,QB,15,2310,2019,44822,32004d41-4840-1939-e4c1-bb89191b4e71,Patrick,Mahomes,Patrick,QB,QB,15,ACT,https://static.www.nfl.com/image/private/{formatInstructions}/league/ugt3pz3jk8v1cbuvj3om,33,25,0,75.75757575757575,73.71060606060607,2.0469696969696827,378,3,143.2449494949495,2.418545454545455,5.874848484848484,4.4908,-1.384048484848484,19.189423895023367,36.33524459804833,34.7376021049237,-1.9130303030303029,3.0303030303030303,,REG,1
2019,REG,1,week,15,1,Jared Goff,QB,2510,00-0033106,Jared Goff,J.Goff,GOF219636,QB,QB,16,2510,2019,43290,3200474f-4621-9636-7354-d2eb6365d257,Jared,Goff,Jared,QB,QB,16,ACT,https://static.www.nfl.com/image/private/{formatInstructions}/league/kke5xst7v1ciq1udqqyr,39,23,1,58.97435897435898,68.38282051282053,-9.408461538461552,186,1,68.96367521367522,2.6897435897435895,6.825526315789474,3.3578260869565217,-3.467700228832952,20.28092395206059,52.557537994087966,24.94272639468268,-1.1218421052631573,7.6923076923076925,,REG,1
2019,REG,1,week,15,1,Derek Carr,QB,2520,00-0031280,Derek Carr,D.Carr,CAR358797,QB,QB,4,2520,2019,41265,32004341-5235-8797-3b9a-0d2711c0bc27,Derek,Carr,Derek,QB,QB,04,ACT,https://static.www.nfl.com/image/private/{formatInstructions}/league/chtyn7pw8xqfpnrkd1fq,26,22,0,84.61538461538461,69.96000000000001,14.655384615384605,259,1,120.99358974358974,2.3310384615384616,7.656538461538464,6.211363636363638,-1.445174825174826,19.138421417715538,55.01122249141533,38.272215770712826,-1.4203846153846151,15.384615384615385,,REG,1
2019,REG,1,week,15,1,Ryan Fitzpatrick,QB,2700,00-0023682,Ryan Fitzpatrick,R.Fitzpatrick,FIT792915,QB,QB,14,2700,2019,30078,32004649-5479-2915-c998-f50119c2fdd4,Ryan,Fitzpatrick,Ryan,QB,QB,14,ACT,https://static.www.nfl.com/image/private/{formatInstructions}/league/joilglqul2ldsy2pfjey,29,14,1,48.275862068965516,51.955862068965516,-3.6799999999999997,185,1,66.02011494252874,2.7876896551724144,15.53758620689655,10.058571428571428,-5.479014778325123,28.01257896909672,51.992034966906225,51.992034966906225,5.537586206896552,24.137931034482758,,REG,1
2019,REG,1,week,15,1,Tom Brady,QB,3200,00-0019596,Tom Brady,T.Brady,BRA371156,QB,QB,12,3200,2019,25511,32004252-4137-1156-7ed0-8b9e44948f13,Tom,Brady,Tom,QB,QB,12,ACT,https://static.www.nfl.com/image/private/{formatInstructions}/league/apkxya5ptb0zalrskshq,36,24,0,66.66666666666666,67.47833333333332,-0.8116666666666674,341,3,124.88425925925925,2.5908888888888884,7.796388888888888,8.004999999999999,0.20861111111111086,19.75985585249151,50.875046928725276,50.875046928725276,-1.6480555555555556,8.333333333333332,Jr.,REG,1
2019,REG,1,week,15,1,Drew Brees,QB,3300,00-0020531,Drew Brees,D.Brees,BRE229498,QB,QB,9,3300,2019,26250,32004252-4522-9498-de45-55dc89e02748,Drew,Brees,Drew,QB,QB,09,ACT,https://static.www.nfl.com/image/private/{formatInstructions}/league/i20xlpzdmn7xubotijjd,43,32,1,74.4186046511628,65.30186046511629,9.116744186046503,370,2,105.76550387596899,2.8532195121951225,7.487179487179489,7.513125,0.025945512820510608,21.570812794642332,42.794799917747014,42.794799917747014,-0.8461538461538461,6.976744186046512,,REG,1
2019,REG,1,week,15,1,Eli Manning,QB,3410,00-0022803,Eli Manning,E.Manning,MAN473170,QB,QB,10,3410,2019,28953,32004d41-4e47-3170-d4e5-66f2cfc951d8,Elisha,Manning,Eli,QB,QB,10,ACT,https://static.www.nfl.com/image/private/{formatInstructions}/league/w51tf8uedjftbr4qpaex,44,30,0,68.18181818181817,67.40113636363637,0.7806818181818045,306,1,95.45454545454545,2.690818181818182,6.57292682926829,4.849999999999999,-1.7229268292682915,19.450848734596875,55.49851169175621,41.221005567550144,-2.768536585365854,13.636363636363635,,REG,1
2019,REG,1,week,15,1,Sam Darnold,QB,3430,00-0034869,Sam Darnold,S.Darnold,DAR466141,QB,QB,14,3430,2019,46072,32004441-5246-6141-9e5c-6e7d32a03e33,Sam,Darnold,Sam,QB,QB,14,ACT,https://static.www.nfl.com/image/private/{formatInstructions}/league/eq43mbsq4xhpm9sfh0yl,41,28,0,68.29268292682927,75.42317073170733,-7.130487804878058,175,1,84.90853658536587,2.4604878048780487,5.588292682926828,2.331428571428571,-3.256864111498257,19.67623245187478,48.00436750963395,27.658317013151756,-2.5580487804878054,14.634146341463413,,REG,1
2019,REG,1,week,15,1,Carson Wentz,QB,3700,00-0032950,Carson Wentz,C.Wentz,WEN615770,QB,QB,11,3700,2019,43291,32005745-4e61-5770-9c68-1652f876bc72,Carson,Wentz,Carson,QB,QB,11,ACT,https://static.www.nfl.com/image/private/{formatInstructions}/league/e0lkzdsozcwd6jwr1mju,39,28,0,71.7948717948718,64.01461538461538,7.780256410256413,313,3,120.99358974358975,2.5650512820512823,8.605128205128207,7.713928571428572,-0.8911996336996344,22.67419556344437,58.416012359626194,58.416012359626194,-0.2153846153846148,12.82051282051282,,REG,1
2019,REG,1,week,15,1,Kyler Murray,QB,3800,00-0035228,Kyler Murray,K.Murray,MUR670413,QB,QB,1,3800,2019,47784,32004d55-5267-0413-8d36-a5c3fd781aa0,Kyler,Murray,Kyler,QB,QB,01,ACT,https://static.www.nfl.com/image/private/{formatInstructions}/league/xg9gslvksigyhrkos7xu,54,29,1,53.70370370370371,56.99425925925925,-3.2905555555555424,308,2,75.2314814814815,2.841537037037037,10.526923076923076,8.463448275862069,-2.063474801061007,24.608382559935812,55.123973913352806,55.123973913352806,1.7384615384615385,22.22222222222222,,REG,1
2019,REG,1,week,15,1,Ben Roethlisberger,QB,3900,00-0022924,Ben Roethlisberger,B.Roethlisberger,ROE750381,QB,QB,7,3900,2019,28963,3200524f-4575-0381-afea-aa103cf4a1e3,Ben,Roethlisberger,Ben,QB,QB,07,ACT,https://static.www.nfl.com/image/private/{formatInstructions}/league/myft4pwoxwrxbeh1exyy,47,27,1,57.446808510638306,63.35531914893618,-5.9085106382978765,276,0,65.55851063829789,2.5418936170212767,9.628510638297874,4.64037037037037,-4.988140267927504,22.613278256162953,53.01528930412433,53.01528930412433,0.0753191489361702,12.76595744680851,,REG,1
2019,REG,1,week,15,1,Philip Rivers,QB,4400,00-0022942,Philip Rivers,P.Rivers,RIV651634,QB,QB,17,4400,2019,28956,32005249-5665-1634-a192-77c9c8e6262e,Philip,Rivers,Philip,QB,QB,17,ACT,https://static.www.nfl.com/image/private/{formatInstructions}/league/adapxtphf15elrdudiix,34,25,1,73.52941176470588,72.13558823529411,1.393823529411776,333,3,121.32352941176472,2.6923529411764706,6.92264705882353,5.985600000000001,-0.9370470588235289,20.982392858310856,53.59355371684174,38.271806855699936,-2.3714705882352938,5.88235294117647,,REG,1
2019,REG,1,week,15,1,Jimmy Garoppolo,QB,4500,00-0031345,Jimmy Garoppolo,J.Garoppolo,GAR363225,QB,QB,10,4500,2019,41291,32004741-5236-3225-90e6-5bfdba41064c,James,Garoppolo,Jimmy,QB,QB,10,ACT,https://static.www.nfl.com/image/private/{formatInstructions}/league/hebg9avbsul4u2olmct8,27,18,1,66.66666666666666,69.19185185185187,-2.525185185185208,166,1,80.16975308641975,2.3071111111111113,5.179259259259258,2.1838888888888874,-2.9953703703703702,17.330093745467952,37.736266375994326,37.736266375994326,-5.709629629629631,14.814814814814813,,REG,1
2019,REG,1,week,15,1,Russell Wilson,QB,4600,00-0029263,Russell Wilson,R.Wilson,WIL777781,QB,QB,3,4600,2019,38605,32005749-4c77-7781-795c-94c753706d1d,Russell,Wilson,Russell,QB,QB,03,ACT,https://static.www.nfl.com/image/private/{formatInstructions}/league/rrpzsqysodir9laitnus,20,14,0,70.0,61.0935,8.906500000000001,195,2,134.375,2.91455,8.761052631578949,6.1292857142857144,-2.631766917293234,21.175532738351375,44.69454105369022,44.69454105369022,-2.765263157894737,25.0,,REG,1
2019,REG,1,week,15,1,Jameis Winston,QB,4900,00-0031503,Jameis Winston,J.Winston,WIN623708,QB,QB,3,4900,2019,42344,32005749-4e62-3708-9650-e59a3f7bea83,Jameis,Winston,Jameis,QB,QB,03,ACT,https://static.www.nfl.com/image/private/{formatInstructions}/league/iurpf1pdjrjfowtksptf,36,20,3,55.55555555555556,60.14277777777779,-4.5872222222222305,194,1,45.37037037037038,3.021361111111111,8.72235294117647,5.081999999999999,-3.640352941176472,21.59873402173875,53.50376622257539,29.583821592214885,-0.6894117647058823,19.444444444444446,,REG,1
2019,REG,1,week,15,1,Case Keenum,QB,5110,00-0028986,Case Keenum,C.Keenum,KEE690598,QB,QB,8,5110,2019,38937,32004b45-4569-0598-1a82-7cad5305e148,Casey,Keenum,Case,QB,QB,08,ACT,https://static.www.nfl.com/image/private/{formatInstructions}/league/qnyuz76tdcsqxn1bzse1,44,30,0,68.18181818181817,64.27204545454545,3.909772727272724,380,3,117.61363636363636,2.8548372093023255,7.362325581395348,5.9383333333333335,-1.4239922480620146,19.912536827465804,50.193736661061614,50.193736661061614,-2.986511627906977,13.636363636363635,,REG,1
2019,REG,2,week,15,1,Matt Ryan,QB,0200,00-0026143,Matt Ryan,M.Ryan,RYA238179,QB,QB,2,0200,2019,33084,32005259-4123-8179-1aae-5603693aba86,Matthew,Ryan,Matt,QB,QB,02,ACT,https://static.www.nfl.com/image/private/{formatInstructions}/league/nsup3rrfi8jfj8oduf1t,43,27,3,62.7906976744186,66.10697674418604,-3.3162790697674396,320,3,79.60271317829456,2.436418604651163,9.315581395348836,5.738888888888888,-3.576692506459948,20.970178201172907,54.09009613598408,42.606188517632035,0.710930232558139,20.930232558139537,,REG,2
2019,REG,2,week,15,1,Lamar Jackson,QB,0325,00-0034796,Lamar Jackson,L.Jackson,JAC323395,QB,QB,8,0325,2019,46101,32004a41-4332-3395-efb0-6c7b75de50af,Lamar,Jackson,Lamar,QB,QB,08,ACT,https://static.www.nfl.com/image/private/{formatInstructions}/league/rojvfogdbjpld2ldvdop,37,24,0,64.86486486486487,69.44567567567567,-4.580810810810803,272,2,104.78603603603605,2.627054054054054,9.016571428571428,6.994583333333334,-2.021988095238094,21.48316956910804,48.40112498692566,48.40112498692566,-0.09771428571428505,10.81081081081081,,REG,2
2019,REG,2,week,15,1,Josh Allen,QB,0610,00-0034857,Josh Allen,J.Allen,ALL529264,QB,QB,17,0610,2019,46076,3200414c-4c52-9264-bedc-c4ddaf201fe7,Joshua,Allen,Josh,QB,QB,17,ACT,https://static.www.nfl.com/image/private/{formatInstructions}/league/uyhjaf2okyygjyfzk8hc,30,19,0,63.33333333333333,67.10533333333333,-3.7720000000000056,253,1,101.11111111111111,2.9549,10.029285714285715,8.207368421052632,-1.8219172932330832,22.090176796831933,53.420453011931684,38.31064865021212,0.35071428571428587,13.333333333333334,,REG,2
2019,REG,2,week,15,1,Cam Newton,QB,0750,00-0027939,Cam Newton,C.Newton,NEW693984,QB,QB,1,0750,2019,37074,32004e45-5769-3984-c32b-2c25062be531,Cameron,Newton,Cam,QB,QB,01,ACT,https://static.www.nfl.com/image/private/{formatInstructions}/league/gin1atizg1ga9p0skyu0,51,25,0,49.01960784313725,58.14098039215687,-9.121372549019618,333,0,70.13888888888889,2.4736666666666665,9.951428571428572,8.775599999999999,-1.175828571428573,23.20540385809869,49.11402345562823,49.11402345562823,0.4616326530612246,19.607843137254903,,REG,2
2019,REG,2,week,15,1,Mitchell Trubisky,QB,0810,00-0033869,Mitchell Trubisky,M.Trubisky,TRU215336,QB,QB,10,0810,2019,44814,32005452-5521-5336-8519-c8cb45ea9b74,Mitchell,Trubisky,Mitchell,QB,QB,10,ACT,https://static.www.nfl.com/image/private/{formatInstructions}/league/yxl8earcwsagar5mbjfi,27,16,0,59.25925925925925,70.46518518518519,-11.20592592592594,120,0,69.98456790123457,2.678185185185185,7.333703703703703,2.8706250000000004,-4.463078703703703,21.165348295821794,50.91701581986125,27.698485518165068,-3.1107407407407415,18.51851851851852,,REG,2
2019,REG,2,week,15,1,Andy Dalton,QB,0920,00-0027973,Andy Dalton,A.Dalton,DAL659900,QB,QB,14,0920,2019,37110,32004441-4c65-9900-551d-a31a0423b3ca,Andrew,Dalton,Andy,QB,QB,14,ACT,https://static.www.nfl.com/image/private/{formatInstructions}/league/fex1enmwhsyid5jyue7t,42,26,1,61.904761904761905,68.98261904761905,-7.077857142857148,311,2,90.47619047619048,2.5238095238095237,7.2183333333333355,4.431153846153847,-2.787179487179489,20.270728155820905,51.56674897644799,37.970337106746896,-1.7578571428571421,14.285714285714285,,REG,2
2019,REG,2,week,15,1,Baker Mayfield,QB,1050,00-0034855,Baker Mayfield,B.Mayfield,MAY483453,QB,QB,6,1050,2019,46073,32004d41-5948-3453-e6ac-1ecff99fdcf6,Baker,Mayfield,Baker,QB,QB,06,ACT,https://static.www.nfl.com/image/private/{formatInstructions}/league/mrajlbudbl0hcfzmrqz3,35,19,1,54.285714285714285,55.44028571428572,-1.1545714285714368,325,1,83.63095238095238,3.3488235294117645,11.218437499999999,8.121578947368421,-3.096858552631577,24.58627245241295,51.80141310813828,45.345910510210295,1.3434374999999987,20.0,,REG,2
2019,REG,2,week,15,1,Dak Prescott,QB,1200,00-0033077,Dak Prescott,D.Prescott,PRE285723,QB,QB,4,1200,2019,43424,32005052-4528-5723-d1b2-96e92ebc1241,Rayne,Prescott,Dak,QB,QB,04,ACT,https://static.www.nfl.com/image/private/{formatInstructions}/league/httrtiv5us06hh6asf07,30,26,1,86.66666666666667,70.54933333333334,16.117333333333335,269,3,123.47222222222223,2.5971666666666664,8.195333333333332,6.554230769230769,-1.641102564102563,19.814866563901273,60.80094489397349,50.75818160651542,-0.20466666666666727,10.0,,REG,2
2019,REG,2,week,15,1,Joe Flacco,QB,1400,00-0026158,Joe Flacco,J.Flacco,FLA009602,QB,QB,5,1400,2019,33099,3200464c-4100-9602-96e8-665718e215c0,Joseph,Flacco,Joe,QB,QB,05,ACT,https://static.www.nfl.com/image/private/{formatInstructions}/league/puq0loqhg0yeuhpdtykr,50,35,1,70.0,73.75420000000001,-3.7542000000000115,292,1,83.08333333333331,2.3787599999999998,5.072199999999998,4.341142857142856,-0.731057142857142,18.17336816694564,37.69613375400719,32.85045509578216,-3.867800000000001,8.0,,REG,2
2019,REG,2,week,15,1,Matthew Stafford,QB,1540,00-0026498,Matthew Stafford,M.Stafford,STA134157,QB,QB,9,1540,2019,34452,32005354-4113-4157-19b1-37e6835d09b9,John,Stafford,Matthew,QB,QB,09,ACT,https://static.www.nfl.com/image/private/{formatInstructions}/league/iibglgpasx5wsrylvn2z,30,22,2,73.33333333333333,65.49833333333333,7.834999999999994,245,2,91.66666666666666,2.4811666666666667,9.641,6.950909090909092,-2.690090909090908,23.312307304871297,53.72426081390046,42.161908163649336,0.6743333333333339,20.0,,REG,2
2019,REG,2,week,15,1,Aaron Rodgers,QB,1800,00-0023459,Aaron Rodgers,A.Rodgers,ROD339293,QB,QB,12,1800,2019,29851,3200524f-4433-9293-a3cf-ad7758d03003,Aaron,Rodgers,Aaron,QB,QB,,ACT,https://static.www.nfl.com/image/private/{formatInstructions}/league/ejjiyjumtzwxiffdhkgz,34,22,0,64.70588235294117,60.09411764705882,4.611764705882351,209,2,101.22549019607845,3.155176470588235,6.699999999999999,4.123181818181817,-2.576818181818182,21.067085615696023,48.1095634983316,38.529922138514635,-2.3967741935483864,14.705882352941178,,REG,2
2019,REG,2,week,15,1,Marcus Mariota,QB,2100,00-0032268,Marcus Mariota,M.Mariota,MAR186347,QB,QB,8,2100,2019,42345,32004d41-5218-6347-2b09-64276fa61f68,Marcus,Mariota,Marcus,QB,QB,08,ACT,https://static.www.nfl.com/image/private/{formatInstructions}/league/qi4gui9b5gq10obus2xa,28,19,0,67.85714285714286,67.9592857142857,-0.10214285714283733,154,1,93.45238095238096,2.8395,6.005769230769231,4.603157894736842,-1.4026113360323889,17.875310872696375,33.281035140151516,30.16175227005222,-3.0326923076923076,3.571428571428571,,REG,2
2019,REG,2,week,15,1,Deshaun Watson,QB,2120,00-0033537,Deshaun Watson,D.Watson,WAT338355,QB,QB,4,2120,2019,44824,32005741-5433-8355-e029-e49022cf4b81,Derrick,Watson,Deshaun,QB,QB,04,ACT,https://static.www.nfl.com/image/private/{formatInstructions}/league/dhtjbkg3d9yrse2vpans,29,16,0,55.172413793103445,57.545517241379315,-2.37310344827587,159,0,70.90517241379311,3.0121724137931034,12.226896551724133,7.642499999999998,-4.584396551724135,25.095211346759385,56.734604960288564,43.527076630529635,3.537241379310344,24.137931034482758,,REG,2
2019,REG,2,week,15,1,Jacoby Brissett,QB,2200,00-0033119,Jacoby Brissett,J.Brissett,BRI516391,QB,QB,7,2200,2019,43380,32004252-4951-6391-fb1e-f908d9b96e12,Jacoby,Brissett,Jacoby,QB,QB,07,ACT,https://static.www.nfl.com/image/private/{formatInstructions}/league/qbvf9c5eedjgkw9xqwup,28,17,1,60.71428571428571,68.07714285714285,-7.362857142857138,146,3,95.23809523809526,3.0140000000000007,4.399230769230768,2.3629411764705885,-2.0362895927601796,17.956321967098834,43.799535385663624,30.131115146970576,-5.677692307692309,17.857142857142858,,REG,2
2019,REG,2,week,15,1,Gardner Minshew,QB,2250,00-0035289,Gardner Minshew,G.Minshew,MIN604610,QB,QB,15,2250,2019,47961,32004d49-4e60-4610-dc98-dcddea9bb1f6,Gardner,Minshew,Gardner,QB,QB,15,ACT,https://static.www.nfl.com/image/private/{formatInstructions}/league/f8uc5gnrll70ueahgisk,33,23,0,69.6969696969697,70.18909090909092,-0.4921212121212193,213,1,97.15909090909092,2.7855151515151513,6.65969696969697,4.6304347826086945,-2.0292621870882757,19.902020237772284,42.4718789318297,42.4718789318297,-3.37060606060606,12.121212121212121,,REG,2
2019,REG,2,week,15,1,Patrick Mahomes,QB,2310,00-0033873,Patrick Mahomes,P.Mahomes,MAH401939,QB,QB,15,2310,2019,44822,32004d41-4840-1939-e4c1-bb89191b4e71,Patrick,Mahomes,Patrick,QB,QB,15,ACT,https://static.www.nfl.com/image/private/{formatInstructions}/league/ugt3pz3jk8v1cbuvj3om,44,30,0,68.18181818181817,61.25772727272726,6.924090909090914,443,4,131.15530303030303,2.593840909090909,12.040000000000003,9.423333333333336,-2.616666666666667,26.69385227564843,51.69640026152691,50.61782492363733,2.5854545454545437,13.636363636363635,,REG,2
2019,REG,2,week,15,1,Jared Goff,QB,2510,00-0033106,Jared Goff,J.Goff,GOF219636,QB,QB,16,2510,2019,43290,3200474f-4621-9636-7354-d2eb6365d257,Jared,Goff,Jared,QB,QB,16,ACT,https://static.www.nfl.com/image/private/{formatInstructions}/league/kke5xst7v1ciq1udqqyr,28,19,0,67.85714285714286,67.66928571428572,0.1878571428571405,283,1,112.64880952380953,2.9512500000000004,7.025714285714287,7.229999999999999,0.20428571428571196,18.94162860038809,60.46097915184636,60.46097915184636,-2.188571428571429,14.285714285714285,,REG,2
2019,REG,2,week,15,1,Derek Carr,QB,2520,00-0031280,Derek Carr,D.Carr,CAR358797,QB,QB,4,2520,2019,41265,32004341-5235-8797-3b9a-0d2711c0bc27,Derek,Carr,Derek,QB,QB,04,ACT,https://static.www.nfl.com/image/private/{formatInstructions}/league/chtyn7pw8xqfpnrkd1fq,38,23,2,60.526315789473685,69.46552631578948,-8.93921052631579,198,1,61.074561403508774,2.4725526315789472,6.053783783783783,3.3813043478260862,-2.6724794359576967,19.488559374505815,48.94000919493171,32.336519602455674,-1.7570270270270263,10.526315789473683,,REG,2
2019,REG,2,week,15,1,Ryan Fitzpatrick,QB,2700,00-0023682,Ryan Fitzpatrick,R.Fitzpatrick,FIT792915,QB,QB,14,2700,2019,30078,32004649-5479-2915-c998-f50119c2fdd4,Ryan,Fitzpatrick,Ryan,QB,QB,14,ACT,https://static.www.nfl.com/image/private/{formatInstructions}/league/joilglqul2ldsy2pfjey,21,11,3,52.38095238095239,65.55523809523808,-13.174285714285695,89,0,23.809523809523814,3.157857142857143,7.522857142857142,5.009090909090909,-2.5137662337662334,20.088203320706455,56.348339815827764,37.26996109469394,-1.9533333333333338,33.33333333333333,,REG,2
2019,REG,2,week,15,1,Josh Rosen,QB,2700,00-0034343,Josh Rosen,J.Rosen,ROS357433,QB,QB,3,2700,2019,46079,3200524f-5335-7433-3207-a02a4e884405,Joshua,Rosen,Josh,QB,QB,03,ACT,https://static.www.nfl.com/image/private/{formatInstructions}/league/evc67tf1tcwfwho6pmr9,18,7,1,38.88888888888889,57.120000000000005,-18.23111111111111,97,0,33.796296296296305,2.7396666666666665,16.288333333333334,8.5,-7.788333333333334,28.6453695520111,48.99310359632261,28.87491645009557,5.788333333333331,11.11111111111111,,REG,2
2019,REG,2,week,15,1,Kirk Cousins,QB,3000,00-0029604,Kirk Cousins,K.Cousins,COU709400,QB,QB,8,3000,2019,38632,3200434f-5570-9400-e1ae-f835abb5963e,Kirk,Cousins,Kirk,QB,QB,,ACT,https://static.www.nfl.com/image/private/{formatInstructions}/league/yoi19theqqakt4zpw9r4,32,14,2,43.75,51.924375,-8.174374999999998,230,1,52.864583333333336,3.33871875,10.71,7.476428571428572,-3.2335714285714285,23.20428029026669,58.82009945588328,52.46260763629654,0.5618518518518533,12.5,,REG,2
2019,REG,2,week,15,1,Tom Brady,QB,3200,00-0019596,Tom Brady,T.Brady,BRA371156,QB,QB,12,3200,2019,25511,32004252-4137-1156-7ed0-8b9e44948f13,Tom,Brady,Tom,QB,QB,12,ACT,https://static.www.nfl.com/image/private/{formatInstructions}/league/apkxya5ptb0zalrskshq,28,20,0,71.42857142857143,61.713571428571434,9.714999999999996,264,2,124.70238095238095,2.4235,9.088928571428573,8.181999999999999,-0.9069285714285744,22.81184000131301,46.870861950683185,42.13225486488944,-0.518214285714285,17.857142857142858,Jr.,REG,2
2019,REG,2,week,15,1,Teddy Bridgewater,QB,3300,00-0031237,Teddy Bridgewater,T.Bridgewater,BRI129168,QB,QB,5,3300,2019,41258,32004252-4912-9168-84fe-1a998a0eb85b,Theodore,Bridgewater,Teddy,QB,QB,05,ACT,https://static.www.nfl.com/image/private/{formatInstructions}/league/f0uzw2vaxwyytmx1zron,30,17,0,56.666666666666664,61.99933333333332,-5.332666666666654,165,0,72.22222222222221,2.890766666666667,6.828888888888891,3.9370588235294113,-2.8918300653594793,18.06292399660419,45.374453164749,28.782772625304887,-4.615555555555554,20.0,Jr.,REG,2
2019,REG,2,week,15,1,Eli Manning,QB,3410,00-0022803,Eli Manning,E.Manning,MAN473170,QB,QB,10,3410,2019,28953,32004d41-4e47-3170-d4e5-66f2cfc951d8,Elisha,Manning,Eli,QB,QB,10,ACT,https://static.www.nfl.com/image/private/{formatInstructions}/league/w51tf8uedjftbr4qpaex,45,26,2,57.77777777777777,64.09133333333334,-6.313555555555567,250,1,62.268518518518526,2.638977777777778,8.511363636363635,6.438461538461538,-2.072902097902097,21.595234524770202,50.27012830697769,45.75246441449903,0.07954545454545503,22.22222222222222,,REG,2
2019,REG,2,week,15,1,Luke Falk,QB,3430,00-0034412,Luke Falk,L.Falk,FAL452491,QB,QB,8,3430,2019,46268,32004641-4c45-2491-a0a5-d806460a5d8d,Luke,Falk,Luke,QB,QB,08,ACT,https://static.www.nfl.com/image/private/{formatInstructions}/league/caeic48dkstqkisxvs0x,25,20,0,80.0,69.07359999999998,10.926400000000015,198,0,99.66666666666667,2.78548,5.2936000000000005,3.9129999999999994,-1.3806000000000012,18.90597778183652,48.532457180736266,48.532457180736266,-3.1464,16.0,,REG,2
2019,REG,2,week,15,1,Carson Wentz,QB,3700,00-0032950,Carson Wentz,C.Wentz,WEN615770,QB,QB,11,3700,2019,43291,32005745-4e61-5770-9c68-1652f876bc72,Carson,Wentz,Carson,QB,QB,11,ACT,https://static.www.nfl.com/image/private/{formatInstructions}/league/e0lkzdsozcwd6jwr1mju,43,25,2,58.139534883720934,59.71302325581396,-1.5734883720930242,231,1,61.28875968992248,2.5540232558139535,9.575952380952382,6.3228,-3.2531523809523817,21.582040822052885,53.18751921268748,48.385912205930346,0.7902380952380959,16.27906976744186,,REG,2
2019,REG,2,week,15,1,Kyler Murray,QB,3800,00-0035228,Kyler Murray,K.Murray,MUR670413,QB,QB,1,3800,2019,47784,32004d55-5267-0413-8d36-a5c3fd781aa0,Kyler,Murray,Kyler,QB,QB,01,ACT,https://static.www.nfl.com/image/private/{formatInstructions}/league/xg9gslvksigyhrkos7xu,40,25,0,62.5,60.7185,1.7815000000000012,349,0,90.52083333333334,2.3569487179487183,7.210000000000001,6.5192000000000005,-0.6908000000000003,22.411018869260186,41.828251218524535,41.828251218524535,-1.9791891891891886,17.5,,REG,2
2019,REG,2,week,15,1,Ben Roethlisberger,QB,3900,00-0022924,Ben Roethlisberger,B.Roethlisberger,ROE750381,QB,QB,7,3900,2019,28963,3200524f-4575-0381-afea-aa103cf4a1e3,Ben,Roethlisberger,Ben,QB,QB,07,ACT,https://static.www.nfl.com/image/private/{formatInstructions}/league/myft4pwoxwrxbeh1exyy,15,8,0,53.333333333333336,70.74733333333333,-17.413999999999994,75,0,67.36111111111111,2.6403999999999996,6.714666666666669,1.7412500000000017,-4.973416666666667,20.014315873025165,48.47514930353489,21.52018819620312,-1.7519999999999987,20.0,,REG,2
2019,REG,2,week,15,1,Mason Rudolph,QB,3900,00-0034771,Mason Rudolph,M.Rudolph,RUD321216,QB,QB,2,3900,2019,46145,32005255-4432-1216-a9be-28502c0847e4,Mason,Rudolph,Mason,QB,QB,02,ACT,https://static.www.nfl.com/image/private/{formatInstructions}/league/nfrmszsvdyrhtsox7yh9,19,12,1,63.1578947368421,62.68315789473684,0.47473684210526557,112,2,92.43421052631578,2.8882105263157896,8.253157894736843,6.284166666666667,-1.968991228070176,21.61500851077188,50.07564278169576,50.07564278169576,-0.2731578947368427,15.789473684210526,,REG,2
2019,REG,2,week,15,1,Philip Rivers,QB,4400,00-0022942,Philip Rivers,P.Rivers,RIV651634,QB,QB,17,4400,2019,28956,32005249-5665-1634-a192-77c9c8e6262e,Philip,Rivers,Philip,QB,QB,17,ACT,https://static.www.nfl.com/image/private/{formatInstructions}/league/adapxtphf15elrdudiix,36,21,1,58.333333333333336,55.70111111111111,2.632222222222225,293,0,73.0324074074074,3.025111111111111,10.28742857142857,8.688571428571429,-1.5988571428571419,24.157463666842496,51.8129867890281,51.8129867890281,1.7731428571428571,22.22222222222222,,REG,2
2019,REG,2,week,15,1,Jimmy Garoppolo,QB,4500,00-0031345,Jimmy Garoppolo,J.Garoppolo,GAR363225,QB,QB,10,4500,2019,41291,32004741-5236-3225-90e6-5bfdba41064c,James,Garoppolo,Jimmy,QB,QB,10,ACT,https://static.www.nfl.com/image/private/{formatInstructions}/league/hebg9avbsul4u2olmct8,25,17,1,68.0,68.87,-0.8700000000000045,296,3,131.0,2.7702,8.052,5.84764705882353,-2.2043529411764693,22.61354301608718,42.90400913667626,37.080005393742866,-1.2679999999999998,4.0,,REG,2
2019,REG,2,week,15,1,Russell Wilson,QB,4600,00-0029263,Russell Wilson,R.Wilson,WIL777781,QB,QB,3,4600,2019,38605,32005749-4c77-7781-795c-94c753706d1d,Russell,Wilson,Russell,QB,QB,03,ACT,https://static.www.nfl.com/image/private/{formatInstructions}/league/rrpzsqysodir9laitnus,35,29,0,82.85714285714286,74.35457142857143,8.502571428571429,300,3,130.95238095238096,1.8932571428571427,6.770285714285713,4.538275862068964,-2.2320098522167484,20.717215547202333,47.89103151948181,41.45245469209272,-3.4582857142857155,17.142857142857142,,REG,2
2019,REG,2,week,15,1,Jameis Winston,QB,4900,00-0031503,Jameis Winston,J.Winston,WIN623708,QB,QB,3,4900,2019,42344,32005749-4e62-3708-9650-e59a3f7bea83,Jameis,Winston,Jameis,QB,QB,03,ACT,https://static.www.nfl.com/image/private/{formatInstructions}/league/iurpf1pdjrjfowtksptf,25,16,0,64.0,58.3408,5.6591999999999985,208,1,103.41666666666667,2.5310799999999998,11.796400000000004,7.71625,-4.080150000000004,25.476233665802468,50.10917081732644,50.10917081732644,1.5963999999999994,16.0,,REG,2
2019,REG,2,week,15,1,Case Keenum,QB,5110,00-0028986,Case Keenum,C.Keenum,KEE690598,QB,QB,8,5110,2019,38937,32004b45-4569-0598-1a82-7cad5305e148,Casey,Keenum,Case,QB,QB,08,ACT,https://static.www.nfl.com/image/private/{formatInstructions}/league/qnyuz76tdcsqxn1bzse1,37,26,0,70.27027027027027,64.62594594594594,5.64432432432433,221,2,103.5472972972973,2.4898648648648645,6.503513513513514,4.563076923076923,-1.9404365904365912,19.027442859669183,49.88689707728874,30.0329901941182,-1.712702702702702,24.324324324324326,,REG,2
2019,REG,3,week,15,1,Matt Ryan,QB,0200,00-0026143,Matt Ryan,M.Ryan,RYA238179,QB,QB,2,0200,2019,33084,32005259-4123-8179-1aae-5603693aba86,Matthew,Ryan,Matt,QB,QB,02,ACT,https://static.www.nfl.com/image/private/{formatInstructions}/league/nsup3rrfi8jfj8oduf1t,34,29,1,85.29411764705883,69.28235294117648,16.011764705882342,304,3,121.078431372549,2.7107941176470587,8.736060606060605,7.421724137931035,-1.3143364681295697,19.82343283280428,41.772465811823935,41.622025419241666,-1.7790909090909095,5.88235294117647,,REG,3
2019,REG,3,week,15,1,Lamar Jackson,QB,0325,00-0034796,Lamar Jackson,L.Jackson,JAC323395,QB,QB,8,0325,2019,46101,32004a41-4332-3395-efb0-6c7b75de50af,Lamar,Jackson,Lamar,QB,QB,08,ACT,https://static.www.nfl.com/image/private/{formatInstructions}/league/rojvfogdbjpld2ldvdop,43,22,0,51.162790697674424,62.912325581395336,-11.749534883720912,267,0,70.59108527131782,2.88693023255814,11.470232558139534,5.774545454545456,-5.695687103594078,23.87521467423545,50.712653253404135,49.74318948358659,1.4469767441860464,23.25581395348837,,REG,3
2019,REG,3,week,15,1,Josh Allen,QB,0610,00-0034857,Josh Allen,J.Allen,ALL529264,QB,QB,17,0610,2019,46076,3200414c-4c52-9264-bedc-c4ddaf201fe7,Joshua,Allen,Josh,QB,QB,17,ACT,https://static.www.nfl.com/image/private/{formatInstructions}/league/uyhjaf2okyygjyfzk8hc,36,23,1,63.888888888888886,61.543611111111105,2.345277777777781,243,1,81.13425925925925,3.1632857142857143,9.596363636363634,5.5086956521739125,-4.087667984189721,22.14184965254059,56.12020046293492,32.937833869275615,0.14181818181818118,11.11111111111111,,REG,3
2019,REG,3,week,15,1,Kyle Allen,QB,0750,00-0034577,Kyle Allen,K.Allen,ALL543234,QB,QB,7,0750,2019,46761,3200414c-4c54-3234-6e5f-74f0c92c233b,Kyle,Allen,Kyle,QB,QB,07,ACT,https://static.www.nfl.com/image/private/{formatInstructions}/league/jecyn8sprawuwe2gs9rz,26,19,0,73.07692307692307,62.511538461538464,10.565384615384602,261,4,144.39102564102564,2.8373846153846154,9.184800000000001,8.323684210526316,-0.8611157894736845,21.88167766745196,40.36902277737226,33.76911162586306,1.704800000000001,7.6923076923076925,,REG,3
2019,REG,3,week,15,1,Mitchell Trubisky,QB,0810,00-0033869,Mitchell Trubisky,M.Trubisky,TRU215336,QB,QB,10,0810,2019,44814,32005452-5521-5336-8519-c8cb45ea9b74,Mitchell,Trubisky,Mitchell,QB,QB,10,ACT,https://static.www.nfl.com/image/private/{formatInstructions}/league/yxl8earcwsagar5mbjfi,31,25,1,80.64516129032258,74.44806451612904,6.19709677419354,231,3,116.53225806451613,2.607225806451612,5.242580645161289,4.3764,-0.8661806451612888,18.093511797048283,48.95418368229625,48.95418368229625,-3.660645161290322,3.225806451612903,,REG,3
2019,REG,3,week,15,1,Andy Dalton,QB,0920,00-0027973,Andy Dalton,A.Dalton,DAL659900,QB,QB,14,0920,2019,37110,32004441-4c65-9900-551d-a31a0423b3ca,Andrew,Dalton,Andy,QB,QB,14,ACT,https://static.www.nfl.com/image/private/{formatInstructions}/league/fex1enmwhsyid5jyue7t,36,20,2,55.55555555555556,63.806388888888875,-8.250833333333318,250,1,63.42592592592593,2.3813142857142857,8.197647058823529,6.836999999999999,-1.3606470588235302,20.81482899415884,39.55451933723882,38.578097412910346,-0.6552941176470588,11.11111111111111,,REG,3
2019,REG,3,week,15,1,Baker Mayfield,QB,1050,00-0034855,Baker Mayfield,B.Mayfield,MAY483453,QB,QB,6,1050,2019,46073,32004d41-5948-3453-e6ac-1ecff99fdcf6,Baker,Mayfield,Baker,QB,QB,06,ACT,https://static.www.nfl.com/image/private/{formatInstructions}/league/mrajlbudbl0hcfzmrqz3,36,18,1,50.0,50.8,-0.7999999999999972,195,1,64.00462962962963,2.955916666666666,8.214411764705883,6.270555555555555,-1.9438562091503275,21.11170301359179,47.94854950882247,30.065170879274913,-0.5208823529411776,22.22222222222222,,REG,3
2019,REG,3,week,15,1,Dak Prescott,QB,1200,00-0033077,Dak Prescott,D.Prescott,PRE285723,QB,QB,4,1200,2019,43424,32005052-4528-5723-d1b2-96e92ebc1241,Rayne,Prescott,Dak,QB,QB,04,ACT,https://static.www.nfl.com/image/private/{formatInstructions}/league/httrtiv5us06hh6asf07,32,19,1,59.375,57.271249999999995,2.103750000000005,246,2,91.40625,3.53625,13.566129032258065,7.211052631578949,-6.355076400679116,26.252721350579364,62.68986839992567,35.36814951336867,3.501612903225807,18.75,,REG,3
2019,REG,3,week,15,1,Joe Flacco,QB,1400,00-0026158,Joe Flacco,J.Flacco,FLA009602,QB,QB,5,1400,2019,33099,3200464c-4100-9602-96e8-665718e215c0,Joseph,Flacco,Joe,QB,QB,05,ACT,https://static.www.nfl.com/image/private/{formatInstructions}/league/puq0loqhg0yeuhpdtykr,29,20,1,68.96551724137932,71.82034482758621,-2.854827586206895,213,0,75.79022988505747,2.4476428571428572,4.903214285714286,3.62,-1.283214285714286,19.227169629901482,44.49906178786246,44.49906178786246,-2.953928571428571,13.793103448275861,,REG,3
2019,REG,3,week,15,1,Matthew Stafford,QB,1540,00-0026498,Matthew Stafford,M.Stafford,STA134157,QB,QB,9,1540,2019,34452,32005354-4113-4157-19b1-37e6835d09b9,John,Stafford,Matthew,QB,QB,09,ACT,https://static.www.nfl.com/image/private/{formatInstructions}/league/iibglgpasx5wsrylvn2z,32,18,0,56.25,60.54406250000001,-4.29406250000001,201,1,85.546875,3.02896875,11.5290625,7.803333333333332,-3.7257291666666683,24.249530713266434,54.53084998420618,35.76125836712126,1.4040625,28.125,,REG,3
2019,REG,3,week,15,1,Aaron Rodgers,QB,1800,00-0023459,Aaron Rodgers,A.Rodgers,ROD339293,QB,QB,12,1800,2019,29851,3200524f-4433-9293-a3cf-ad7758d03003,Aaron,Rodgers,Aaron,QB,QB,12,ACT,https://static.www.nfl.com/image/private/{formatInstructions}/league/ejjiyjumtzwxiffdhkgz,29,17,0,58.620689655172406,66.26620689655172,-7.645517241379316,235,1,96.19252873563218,2.986275862068965,9.486666666666666,9.06529411764706,-0.4213725490196065,24.111601976364827,60.01204295805967,49.68560556136958,-0.6985185185185185,6.896551724137931,,REG,3
2019,REG,3,week,15,1,Marcus Mariota,QB,2100,00-0032268,Marcus Mariota,M.Mariota,MAR186347,QB,QB,8,2100,2019,42345,32004d41-5218-6347-2b09-64276fa61f68,Marcus,Mariota,Marcus,QB,QB,08,ACT,https://static.www.nfl.com/image/private/{formatInstructions}/league/qi4gui9b5gq10obus2xa,40,23,0,57.49999999999999,58.97349999999999,-1.4734999999999943,304,0,81.66666666666666,2.9957749999999996,10.762631578947365,10.01304347826087,-0.7495881006864948,23.30545078154345,48.81942236446474,48.08704815228316,0.5257894736842107,17.5,,REG,3
2019,REG,3,week,15,1,Deshaun Watson,QB,2120,00-0033537,Deshaun Watson,D.Watson,WAT338355,QB,QB,4,2120,2019,44824,32005741-5433-8355-e029-e49022cf4b81,Derrick,Watson,Deshaun,QB,QB,04,ACT,https://static.www.nfl.com/image/private/{formatInstructions}/league/dhtjbkg3d9yrse2vpans,34,25,0,73.52941176470588,74.24647058823528,-0.7170588235293991,351,3,135.78431372549022,3.018882352941176,8.681470588235292,7.760799999999998,-0.9206705882352946,20.185112625147443,42.49085195662708,42.49085195662708,0.3285294117647053,2.941176470588235,,REG,3
2019,REG,3,week,15,1,Jacoby Brissett,QB,2200,00-0033119,Jacoby Brissett,J.Brissett,BRI516391,QB,QB,7,2200,2019,43380,32004252-4951-6391-fb1e-f908d9b96e12,Jacoby,Brissett,Jacoby,QB,QB,07,ACT,https://static.www.nfl.com/image/private/{formatInstructions}/league/qbvf9c5eedjgkw9xqwup,37,28,0,75.67567567567568,70.42081081081079,5.254864864864885,310,2,118.07432432432432,2.613675675675676,6.044166666666667,4.868928571428573,-1.175238095238094,19.476886500820324,39.78544708809994,39.78544708809994,-3.400277777777778,10.81081081081081,,REG,3
2019,REG,3,week,15,1,Gardner Minshew,QB,2250,00-0035289,Gardner Minshew,G.Minshew,MIN604610,QB,QB,15,2250,2019,47961,32004d49-4e60-4610-dc98-dcddea9bb1f6,Gardner,Minshew,Gardner,QB,QB,15,ACT,https://static.www.nfl.com/image/private/{formatInstructions}/league/f8uc5gnrll70ueahgisk,30,20,0,66.66666666666666,71.49333333333333,-4.826666666666668,204,2,108.19444444444444,2.588666666666667,6.646999999999999,5.960500000000001,-0.6864999999999988,20.547311416503398,43.80239833616419,43.80239833616419,-3.2529999999999997,13.333333333333334,,REG,3
2019,REG,3,week,15,1,Patrick Mahomes,QB,2310,00-0033873,Patrick Mahomes,P.Mahomes,MAH401939,QB,QB,15,2310,2019,44822,32004d41-4840-1939-e4c1-bb89191b4e71,Patrick,Mahomes,Patrick,QB,QB,15,ACT,https://static.www.nfl.com/image/private/{formatInstructions}/league/ugt3pz3jk8v1cbuvj3om,37,27,0,72.97297297297297,63.34216216216216,9.630810810810807,374,3,132.0382882882883,2.565162162162162,8.73657142857143,6.196666666666665,-2.539904761904765,21.843838423859207,50.43751976455622,42.15638623032101,-0.7777142857142861,10.81081081081081,,REG,3
2019,REG,3,week,15,1,Jared Goff,QB,2510,00-0033106,Jared Goff,J.Goff,GOF219636,QB,QB,16,2510,2019,43290,3200474f-4621-9636-7354-d2eb6365d257,Jared,Goff,Jared,QB,QB,16,ACT,https://static.www.nfl.com/image/private/{formatInstructions}/league/kke5xst7v1ciq1udqqyr,38,24,2,63.1578947368421,62.192105263157885,0.9657894736842181,268,2,79.71491228070174,2.968631578947368,9.91157894736842,8.485000000000001,-1.4265789473684194,22.784184034649186,38.537728267244816,34.48837775251251,1.8326315789473688,15.789473684210526,,REG,3
2019,REG,3,week,15,1,Derek Carr,QB,2520,00-0031280,Derek Carr,D.Carr,CAR358797,QB,QB,4,2520,2019,41265,32004341-5235-8797-3b9a-0d2711c0bc27,Derek,Carr,Derek,QB,QB,04,ACT,https://static.www.nfl.com/image/private/{formatInstructions}/league/chtyn7pw8xqfpnrkd1fq,34,27,1,79.41176470588235,73.48941176470588,5.92235294117647,242,2,103.6764705882353,2.691117647058823,5.505151515151516,5.034074074074074,-0.47107744107744143,19.657136004750722,38.83346108705738,38.83346108705738,-2.464545454545455,8.823529411764707,,REG,3
2019,REG,3,week,15,1,Josh Rosen,QB,2700,00-0034343,Josh Rosen,J.Rosen,ROS357433,QB,QB,3,2700,2019,46079,3200524f-5335-7433-3207-a02a4e884405,Joshua,Rosen,Josh,QB,QB,03,ACT,https://static.www.nfl.com/image/private/{formatInstructions}/league/evc67tf1tcwfwho6pmr9,39,18,0,46.15384615384615,61.69307692307694,-15.539230769230784,200,0,61.91239316239317,2.7846923076923074,8.807179487179491,6.067222222222222,-2.739957264957269,20.960509787780403,53.2617573874539,43.13324935592031,0.7558974358974367,25.64102564102564,,REG,3
2019,REG,3,week,15,1,Kirk Cousins,QB,3000,00-0029604,Kirk Cousins,K.Cousins,COU709400,QB,QB,8,3000,2019,38632,3200434f-5570-9400-e1ae-f835abb5963e,Kirk,Cousins,Kirk,QB,QB,08,ACT,https://static.www.nfl.com/image/private/{formatInstructions}/league/yoi19theqqakt4zpw9r4,21,15,0,71.42857142857143,67.78714285714284,3.641428571428591,174,1,112.00396825396825,2.658952380952381,5.324999999999998,5.028666666666665,-0.2963333333333331,19.243659639266017,42.5216380211299,36.78091896622486,-4.125000000000001,9.523809523809524,,REG,3
2019,REG,3,week,15,1,Tom Brady,QB,3200,00-0019596,Tom Brady,T.Brady,BRA371156,QB,QB,12,3200,2019,25511,32004252-4137-1156-7ed0-8b9e44948f13,Tom,Brady,Tom,QB,QB,12,ACT,https://static.www.nfl.com/image/private/{formatInstructions}/league/apkxya5ptb0zalrskshq,42,28,0,66.66666666666666,66.14833333333333,0.5183333333333309,306,2,103.8690476190476,2.3589761904761906,7.468250000000002,5.698214285714286,-1.770035714285716,21.543413213841536,43.40850147148598,43.40850147148598,-0.9317499999999992,16.666666666666664,Jr.,REG,3
2019,REG,3,week,15,1,Teddy Bridgewater,QB,3300,00-0031237,Teddy Bridgewater,T.Bridgewater,BRI129168,QB,QB,5,3300,2019,41258,32004252-4912-9168-84fe-1a998a0eb85b,Theodore,Bridgewater,Teddy,QB,QB,05,ACT,https://static.www.nfl.com/image/private/{formatInstructions}/league/f0uzw2vaxwyytmx1zron,27,19,0,70.37037037037037,74.9674074074074,-4.59703703703704,177,2,112.7314814814815,2.435777777777778,3.3129629629629638,1.8457894736842113,-1.4671734892787525,17.22729035909352,38.61216647638409,32.70844080661749,-6.724074074074072,7.4074074074074066,Jr.,REG,3
2019,REG,3,week,15,1,Daniel Jones,QB,3410,00-0035710,Daniel Jones,D.Jones,JON165462,QB,QB,8,3410,2019,47789,32004a4f-4e16-5462-39a4-3b4fa743c66f,Daniel,Jones,Daniel,QB,QB,08,ACT,https://static.www.nfl.com/image/private/{formatInstructions}/league/zgxgwbz4fsqrkxewbdz2,36,23,0,63.888888888888886,58.12777777777778,5.761111111111106,336,2,112.7314814814815,2.7523055555555556,10.135555555555555,8.041739130434781,-2.0938164251207745,22.755152767829884,50.32176864936287,42.46345487592831,1.3299999999999998,27.77777777777778,,REG,3
2019,REG,3,week,15,1,Luke Falk,QB,3430,00-0034412,Luke Falk,L.Falk,FAL452491,QB,QB,8,3430,2019,46268,32004641-4c45-2491-a0a5-d806460a5d8d,Luke,Falk,Luke,QB,QB,08,ACT,https://static.www.nfl.com/image/private/{formatInstructions}/league/caeic48dkstqkisxvs0x,22,12,1,54.54545454545454,61.5659090909091,-7.020454545454562,98,0,47.1590909090909,2.8028181818181817,6.922272727272728,3.3308333333333344,-3.5914393939393934,22.098499211382094,37.85062218775274,32.49636441203847,-4.4413636363636355,13.636363636363635,,REG,3
2019,REG,3,week,15,1,Carson Wentz,QB,3700,00-0032950,Carson Wentz,C.Wentz,WEN615770,QB,QB,11,3700,2019,43291,32005745-4e61-5770-9c68-1652f876bc72,Carson,Wentz,Carson,QB,QB,11,ACT,https://static.www.nfl.com/image/private/{formatInstructions}/league/e0lkzdsozcwd6jwr1mju,36,19,0,52.77777777777778,65.22388888888888,-12.446111111111101,259,2,94.56018518518518,2.7444722222222224,10.95888888888889,8.461578947368421,-2.4973099415204683,23.409605280674015,56.39838650174312,48.70988503373828,2.1255555555555565,19.444444444444446,,REG,3
2019,REG,3,week,15,1,Kyler Murray,QB,3800,00-0035228,Kyler Murray,K.Murray,MUR670413,QB,QB,1,3800,2019,47784,32004d55-5267-0413-8d36-a5c3fd781aa0,Kyler,Murray,Kyler,QB,QB,01,ACT,https://static.www.nfl.com/image/private/{formatInstructions}/league/xg9gslvksigyhrkos7xu,43,30,2,69.76744186046511,75.3288372093023,-5.561395348837195,173,2,73.11046511627907,2.4481395348837216,4.804285714285714,1.8990000000000005,-2.905285714285714,18.30614445285867,48.66831823681604,25.261902145325475,-4.933809523809524,4.651162790697675,,REG,3
2019,REG,3,week,15,1,Mason Rudolph,QB,3900,00-0034771,Mason Rudolph,M.Rudolph,RUD321216,QB,QB,2,3900,2019,46145,32005255-4432-1216-a9be-28502c0847e4,Mason,Rudolph,Mason,QB,QB,02,ACT,https://static.www.nfl.com/image/private/{formatInstructions}/league/nfrmszsvdyrhtsox7yh9,27,14,1,51.85185185185185,55.8862962962963,-4.034444444444453,174,2,81.40432098765432,2.586370370370371,7.076538461538461,2.322857142857142,-4.753681318681319,20.10833778050643,49.07604303527333,49.07604303527333,-2.0003846153846165,33.33333333333333,,REG,3
2019,REG,3,week,15,1,Philip Rivers,QB,4400,00-0022942,Philip Rivers,P.Rivers,RIV651634,QB,QB,17,4400,2019,28956,32005249-5665-1634-a192-77c9c8e6262e,Philip,Rivers,Philip,QB,QB,17,ACT,https://static.www.nfl.com/image/private/{formatInstructions}/league/adapxtphf15elrdudiix,46,31,0,67.3913043478261,60.767608695652164,6.623695652173929,318,2,101.53985507246377,2.6646521739130433,10.110217391304346,5.138064516129031,-4.972152875175315,24.040617571015183,53.78670188810614,34.94004293071204,-0.06369565217391315,19.565217391304348,,REG,3
2019,REG,3,week,15,1,Jimmy Garoppolo,QB,4500,00-0031345,Jimmy Garoppolo,J.Garoppolo,GAR363225,QB,QB,10,4500,2019,41291,32004741-5236-3225-90e6-5bfdba41064c,James,Garoppolo,Jimmy,QB,QB,10,ACT,https://static.www.nfl.com/image/private/{formatInstructions}/league/hebg9avbsul4u2olmct8,32,23,2,71.875,65.05156249999999,6.823437500000011,277,1,82.421875,2.5334374999999993,8.182258064516128,8.05695652173913,-0.1253015427769988,20.712692203347576,55.51579595034192,38.80030541116912,-2.075806451612903,21.875,,REG,3
2019,REG,3,week,15,1,Russell Wilson,QB,4600,00-0029263,Russell Wilson,R.Wilson,WIL777781,QB,QB,3,4600,2019,38605,32005749-4c77-7781-795c-94c753706d1d,Russell,Wilson,Russell,QB,QB,03,ACT,https://static.www.nfl.com/image/private/{formatInstructions}/league/rrpzsqysodir9laitnus,50,32,0,64.0,59.7376,4.2623999999999995,406,2,102.58333333333334,2.9723673469387757,11.953913043478261,9.3165625,-2.637350543478261,26.129130231493342,58.08258689142556,58.08258689142556,3.5408695652173914,12.0,,REG,3
2019,REG,3,week,15,1,Jameis Winston,QB,4900,00-0031503,Jameis Winston,J.Winston,WIN623708,QB,QB,3,4900,2019,42344,32005749-4e62-3708-9650-e59a3f7bea83,Jameis,Winston,Jameis,QB,QB,03,ACT,https://static.www.nfl.com/image/private/{formatInstructions}/league/iurpf1pdjrjfowtksptf,37,23,1,62.16216216216216,52.77675675675676,9.3854054054054,380,3,112.44369369369369,2.491305555555556,12.960277777777778,11.389565217391306,-1.5707125603864718,25.244290026073013,52.486745946000504,48.190734586640204,5.154722222222223,24.324324324324326,,REG,3
2019,REG,3,week,15,1,Case Keenum,QB,5110,00-0028986,Case Keenum,C.Keenum,KEE690598,QB,QB,8,5110,2019,38937,32004b45-4569-0598-1a82-7cad5305e148,Casey,Keenum,Case,QB,QB,08,ACT,https://static.www.nfl.com/image/private/{formatInstructions}/league/qnyuz76tdcsqxn1bzse1,43,30,3,69.76744186046511,68.20162790697675,1.5658139534883588,332,2,78.82751937984497,2.6657142857142864,5.830952380952381,4.772333333333334,-1.0586190476190467,18.46121020552218,32.846663453081504,32.846663453081504,-1.7880952380952373,9.30232558139535,,REG,3
2019,REG,4,week,15,1,Matt Ryan,QB,0200,00-0026143,Matt Ryan,M.Ryan,RYA238179,QB,QB,2,0200,2019,33084,32005259-4123-8179-1aae-5603693aba86,Matthew,Ryan,Matt,QB,QB,02,ACT,https://static.www.nfl.com/image/private/{formatInstructions}/league/nsup3rrfi8jfj8oduf1t,53,35,0,66.0377358490566,64.89849056603774,1.139245283018866,397,0,88.3254716981132,2.9141132075471705,8.153,6.091142857142858,-2.061857142857143,19.46446731051933,55.0694470645929,37.5257698122237,-2.0669999999999997,16.9811320754717,,REG,4
2019,REG,4,week,15,1,Lamar Jackson,QB,0325,00-0034796,Lamar Jackson,L.Jackson,JAC323395,QB,QB,8,0325,2019,46101,32004a41-4332-3395-efb0-6c7b75de50af,Lamar,Jackson,Lamar,QB,QB,08,ACT,https://static.www.nfl.com/image/private/{formatInstructions}/league/rojvfogdbjpld2ldvdop,34,24,2,70.58823529411765,69.35823529411765,1.230000000000004,247,3,96.07843137254902,2.5453823529411768,8.522727272727275,5.786666666666668,-2.736060606060607,21.780283252488832,55.851918498830464,36.292660415020556,-0.20454545454545353,2.941176470588235,,REG,4
2019,REG,4,week,15,1,Matt Barkley,QB,0610,00-0030533,Matt Barkley,M.Barkley,BAR192558,QB,QB,5,0610,2019,40046,32004241-5219-2558-104e-c58640a9e77a,Matthew,Barkley,Matt,QB,QB,05,ACT,https://static.www.nfl.com/image/private/{formatInstructions}/league/lodswmnugxvkpvuurchf,16,9,1,56.25,62.00812499999999,-5.758124999999993,127,0,55.989583333333336,2.5588125,8.76875,7.219999999999999,-1.5487500000000018,21.98929148490472,36.91530847764922,36.91530847764922,-1.2937500000000006,25.0,,REG,4
2019,REG,4,week,15,1,Josh Allen,QB,0610,00-0034857,Josh Allen,J.Allen,ALL529264,QB,QB,17,0610,2019,46076,3200414c-4c52-9264-bedc-c4ddaf201fe7,Joshua,Allen,Josh,QB,QB,17,ACT,https://static.www.nfl.com/image/private/{formatInstructions}/league/uyhjaf2okyygjyfzk8hc,28,13,3,46.42857142857143,55.29892857142858,-8.870357142857152,153,0,23.958333333333336,2.7461481481481482,13.426799999999993,6.590769230769231,-6.836030769230762,26.454651966451024,54.35343319423346,37.896307207958934,3.8668000000000005,25.0,,REG,4
2019,REG,4,week,15,1,Kyle Allen,QB,0750,00-0034577,Kyle Allen,K.Allen,ALL543234,QB,QB,7,0750,2019,46761,3200414c-4c54-3234-6e5f-74f0c92c233b,Kyle,Allen,Kyle,QB,QB,07,ACT,https://static.www.nfl.com/image/private/{formatInstructions}/league/jecyn8sprawuwe2gs9rz,34,24,0,70.58823529411765,61.21205882352944,9.376176470588213,232,0,89.33823529411765,2.6769117647058827,7.625757575757578,3.415833333333334,-4.209924242424243,21.546803872769782,50.5320512150457,33.78783804862336,0.17121212121212226,20.588235294117645,,REG,4
2019,REG,4,week,15,1,Chase Daniel,QB,0810,00-0026544,Chase Daniel,C.Daniel,DAN230354,QB,QB,4,0810,2019,34754,32004441-4e23-0354-f686-46d36ead5645,William,Daniel,Chase,QB,QB,04,ACT,https://static.www.nfl.com/image/private/{formatInstructions}/league/zqu7jyy17dassy385p5e,30,22,0,73.33333333333333,67.15400000000001,6.179333333333318,195,1,101.38888888888889,2.7101333333333333,6.261666666666668,6.643181818181817,0.38151515151514914,19.72060674909965,47.52079650005879,47.52079650005879,-1.6716666666666669,10.0,,REG,4
2019,REG,4,week,15,1,Andy Dalton,QB,0920,00-0027973,Andy Dalton,A.Dalton,DAL659900,QB,QB,14,0920,2019,37110,32004441-4c65-9900-551d-a31a0423b3ca,Andrew,Dalton,Andy,QB,QB,14,ACT,https://static.www.nfl.com/image/private/{formatInstructions}/league/fex1enmwhsyid5jyue7t,37,21,1,56.75675675675676,62.788918918918924,-6.032162162162166,171,0,57.376126126126124,2.4284864864864857,5.973611111111111,3.6409523809523794,-2.332658730158732,18.202125140224553,34.643974945147384,27.424514580936524,-4.9430555555555555,24.324324324324326,,REG,4
2019,REG,4,week,15,1,Baker Mayfield,QB,1050,00-0034855,Baker Mayfield,B.Mayfield,MAY483453,QB,QB,6,1050,2019,46073,32004d41-5948-3453-e6ac-1ecff99fdcf6,Baker,Mayfield,Baker,QB,QB,06,ACT,https://static.www.nfl.com/image/private/{formatInstructions}/league/mrajlbudbl0hcfzmrqz3,30,20,1,66.66666666666666,69.11600000000003,-2.449333333333371,342,1,102.36111111111113,2.4424666666666663,5.656333333333333,4.281000000000001,-1.3753333333333329,18.03262872434546,39.47818891489325,30.91637753683313,-2.9770000000000008,13.333333333333334,,REG,4
2019,REG,4,week,15,1,Dak Prescott,QB,1200,00-0033077,Dak Prescott,D.Prescott,PRE285723,QB,QB,4,1200,2019,43424,32005052-4528-5723-d1b2-96e92ebc1241,Rayne,Prescott,Dak,QB,QB,04,ACT,https://static.www.nfl.com/image/private/{formatInstructions}/league/httrtiv5us06hh6asf07,33,22,1,66.66666666666666,58.88181818181818,7.7848484848484745,223,0,73.16919191919192,2.9193750000000005,9.715161290322579,7.501363636363635,-2.2137976539589435,22.031299226731363,53.48002337321853,33.131195269715214,0.10225806451612864,15.151515151515152,,REG,4
2019,REG,4,week,15,1,Joe Flacco,QB,1400,00-0026158,Joe Flacco,J.Flacco,FLA009602,QB,QB,5,1400,2019,33099,3200464c-4100-9602-96e8-665718e215c0,Joseph,Flacco,Joe,QB,QB,,ACT,https://static.www.nfl.com/image/private/{formatInstructions}/league/puq0loqhg0yeuhpdtykr,38,22,1,57.89473684210527,59.77368421052631,-1.878947368421045,303,3,98.90350877192984,2.6384736842105263,8.474,6.1440909090909095,-2.3299090909090907,21.246127499908905,48.30069668234611,38.425961276199715,-0.4117142857142858,15.789473684210526,,REG,4
2019,REG,4,week,15,1,Matthew Stafford,QB,1540,00-0026498,Matthew Stafford,M.Stafford,STA134157,QB,QB,9,1540,2019,34452,32005354-4113-4157-19b1-37e6835d09b9,John,Stafford,Matthew,QB,QB,09,ACT,https://static.www.nfl.com/image/private/{formatInstructions}/league/iibglgpasx5wsrylvn2z,34,21,0,61.76470588235294,52.335294117647045,9.429411764705897,291,3,118.62745098039215,2.6075882352941173,12.983823529411763,8.857142857142856,-4.126680672268908,25.840541114152796,60.75476689116665,42.227895993051796,4.983823529411764,32.35294117647059,,REG,4
2019,REG,4,week,15,1,Aaron Rodgers,QB,1800,00-0023459,Aaron Rodgers,A.Rodgers,ROD339293,QB,QB,12,1800,2019,29851,3200524f-4433-9293-a3cf-ad7758d03003,Aaron,Rodgers,Aaron,QB,QB,12,ACT,https://static.www.nfl.com/image/private/{formatInstructions}/league/ejjiyjumtzwxiffdhkgz,53,34,1,64.15094339622641,61.9256603773585,2.2252830188679127,422,2,93.43553459119497,2.6621346153846153,7.75326530612245,5.749117647058825,-2.0041476590636247,20.711538778261147,42.294361326304475,34.824337753932944,-0.4508163265306116,11.320754716981133,,REG,4
2019,REG,4,week,15,1,Marcus Mariota,QB,2100,00-0032268,Marcus Mariota,M.Mariota,MAR186347,QB,QB,8,2100,2019,42345,32004d41-5218-6347-2b09-64276fa61f68,Marcus,Mariota,Marcus,QB,QB,08,ACT,https://static.www.nfl.com/image/private/{formatInstructions}/league/qi4gui9b5gq10obus2xa,27,18,0,66.66666666666666,58.26074074074074,8.40592592592592,227,3,129.70679012345678,2.5659629629629626,6.03181818181818,5.892222222222222,-0.13959595959595816,18.62839967126684,32.77197735871304,32.77197735871304,-4.240909090909091,14.814814814814813,,REG,4
2019,REG,4,week,15,1,Deshaun Watson,QB,2120,00-0033537,Deshaun Watson,D.Watson,WAT338355,QB,QB,4,2120,2019,44824,32005741-5433-8355-e029-e49022cf4b81,Derrick,Watson,Deshaun,QB,QB,04,ACT,https://static.www.nfl.com/image/private/{formatInstructions}/league/dhtjbkg3d9yrse2vpans,33,21,0,63.63636363636363,66.07000000000001,-2.4336363636363743,160,0,75.31565656565658,2.9078125,9.719062500000001,2.8033333333333337,-6.915729166666668,21.672628846451275,63.14766899894248,36.2307300506076,-0.18718750000000028,15.151515151515152,,REG,4
2019,REG,4,week,15,1,Jacoby Brissett,QB,2200,00-0033119,Jacoby Brissett,J.Brissett,BRI516391,QB,QB,7,2200,2019,43380,32004252-4951-6391-fb1e-f908d9b96e12,Jacoby,Brissett,Jacoby,QB,QB,07,ACT,https://static.www.nfl.com/image/private/{formatInstructions}/league/qbvf9c5eedjgkw9xqwup,46,24,1,52.17391304347826,62.10456521739132,-9.93065217391306,265,3,82.2463768115942,2.8242826086956527,10.96913043478261,5.829166666666667,-5.139963768115943,22.722593740495764,65.18283362972186,35.38663165660162,1.2734782608695647,21.73913043478261,,REG,4
2019,REG,4,week,15,1,Gardner Minshew,QB,2250,00-0035289,Gardner Minshew,G.Minshew,MIN604610,QB,QB,15,2250,2019,47961,32004d49-4e60-4610-dc98-dcddea9bb1f6,Gardner,Minshew,Gardner,QB,QB,,ACT,https://static.www.nfl.com/image/private/{formatInstructions}/league/f8uc5gnrll70ueahgisk,33,19,0,57.57575757575758,56.93272727272727,0.643030303030308,213,2,97.15909090909092,3.250454545454546,11.3978125,6.742105263157894,-4.655707236842106,24.079236431291747,52.25863469322558,37.654780572989665,0.9915624999999997,27.27272727272727,,REG,4
2019,REG,4,week,15,1,Patrick Mahomes,QB,2310,00-0033873,Patrick Mahomes,P.Mahomes,MAH401939,QB,QB,15,2310,2019,44822,32004d41-4840-1939-e4c1-bb89191b4e71,Patrick,Mahomes,Patrick,QB,QB,15,ACT,https://static.www.nfl.com/image/private/{formatInstructions}/league/ugt3pz3jk8v1cbuvj3om,42,24,0,57.14285714285714,53.83214285714283,3.3107142857143117,315,0,80.95238095238095,3.2444523809523806,12.232051282051284,6.3325000000000005,-5.899551282051283,25.32262109593602,56.592477415289046,29.55194071461297,3.3346153846153848,7.142857142857142,,REG,4
2019,REG,4,week,15,1,Jared Goff,QB,2510,00-0033106,Jared Goff,J.Goff,GOF219636,QB,QB,16,2510,2019,43290,3200474f-4621-9636-7354-d2eb6365d257,Jared,Goff,Jared,QB,QB,16,ACT,https://static.www.nfl.com/image/private/{formatInstructions}/league/kke5xst7v1ciq1udqqyr,68,45,3,66.17647058823529,65.24220588235295,0.9342647058823417,517,2,80.33088235294117,2.6006617647058827,7.672205882352942,6.223555555555555,-1.4486503267973871,20.987145192527926,46.228914112273934,34.45951247478699,-1.9307352941176479,13.23529411764706,,REG,4
2019,REG,4,week,15,1,Derek Carr,QB,2520,00-0031280,Derek Carr,D.Carr,CAR358797,QB,QB,4,2520,2019,41265,32004341-5235-8797-3b9a-0d2711c0bc27,Derek,Carr,Derek,QB,QB,04,ACT,https://static.www.nfl.com/image/private/{formatInstructions}/league/chtyn7pw8xqfpnrkd1fq,31,21,0,67.74193548387096,71.25806451612905,-3.5161290322580925,189,2,105.44354838709677,2.4623225806451616,6.078571428571429,4.058571428571428,-2.0200000000000014,19.034132508899784,50.366754908371846,39.6448294232678,-2.778571428571429,6.451612903225806,,REG,4
2019,REG,4,week,15,1,Josh Rosen,QB,2700,00-0034343,Josh Rosen,J.Rosen,ROS357433,QB,QB,3,2700,2019,46079,3200524f-5335-7433-3207-a02a4e884405,Joshua,Rosen,Josh,QB,QB,03,ACT,https://static.www.nfl.com/image/private/{formatInstructions}/league/evc67tf1tcwfwho6pmr9,24,17,1,70.83333333333334,70.57083333333334,0.26250000000000284,180,1,88.8888888888889,2.5441249999999997,6.269166666666668,4.415294117647058,-1.8538725490196102,21.289469756491744,47.68398578139206,39.84114707184018,-2.3975000000000004,8.333333333333332,,REG,4
2019,REG,4,week,15,1,Kirk Cousins,QB,3000,00-0029604,Kirk Cousins,K.Cousins,COU709400,QB,QB,8,3000,2019,38632,3200434f-5570-9400-e1ae-f835abb5963e,Kirk,Cousins,Kirk,QB,QB,08,ACT,https://static.www.nfl.com/image/private/{formatInstructions}/league/yoi19theqqakt4zpw9r4,36,27,0,75.0,70.6602777777778,4.339722222222207,233,0,91.55092592592592,3.052666666666666,5.24057142857143,4.232592592592592,-1.0079788359788378,18.69412579989687,54.86938126131914,37.994865442583155,-4.845142857142857,2.7777777777777777,,REG,4
2019,REG,4,week,15,1,Tom Brady,QB,3200,00-0019596,Tom Brady,T.Brady,BRA371156,QB,QB,12,3200,2019,25511,32004252-4137-1156-7ed0-8b9e44948f13,Tom,Brady,Tom,QB,QB,12,ACT,https://static.www.nfl.com/image/private/{formatInstructions}/league/apkxya5ptb0zalrskshq,39,18,1,46.15384615384615,54.43948717948719,-8.285641025641034,150,0,45.88675213675214,2.579897435897436,8.06529411764706,2.516666666666666,-5.548627450980394,20.268823062434148,50.659866758608835,37.16400678075496,-1.022941176470588,17.94871794871795,Jr.,REG,4
2019,REG,4,week,15,1,Teddy Bridgewater,QB,3300,00-0031237,Teddy Bridgewater,T.Bridgewater,BRI129168,QB,QB,5,3300,2019,41258,32004252-4912-9168-84fe-1a998a0eb85b,Theodore,Bridgewater,Teddy,QB,QB,05,ACT,https://static.www.nfl.com/image/private/{formatInstructions}/league/f0uzw2vaxwyytmx1zron,30,23,1,76.66666666666667,72.93133333333333,3.735333333333344,193,0,78.88888888888889,2.692566666666666,6.369,4.598695652173913,-1.7703043478260865,19.00656241852239,37.915761893966994,32.42372742298454,-4.597666666666667,16.666666666666664,Jr.,REG,4
2019,REG,4,week,15,1,Daniel Jones,QB,3410,00-0035710,Daniel Jones,D.Jones,JON165462,QB,QB,8,3410,2019,47789,32004a4f-4e16-5462-39a4-3b4fa743c66f,Daniel,Jones,Daniel,QB,QB,08,ACT,https://static.www.nfl.com/image/private/{formatInstructions}/league/zgxgwbz4fsqrkxewbdz2,31,23,2,74.19354838709677,67.17322580645163,7.020322580645143,225,1,78.0241935483871,2.6622903225806454,5.200645161290322,2.6234782608695646,-2.5771669004207576,16.912823982219145,41.0019316618132,20.047007257942518,-3.154193548387097,25.806451612903224,,REG,4
2019,REG,4,week,15,1,Carson Wentz,QB,3700,00-0032950,Carson Wentz,C.Wentz,WEN615770,QB,QB,11,3700,2019,43291,32005745-4e61-5770-9c68-1652f876bc72,Carson,Wentz,Carson,QB,QB,11,ACT,https://static.www.nfl.com/image/private/{formatInstructions}/league/e0lkzdsozcwd6jwr1mju,27,16,0,59.25925925925925,62.255185185185184,-2.995925925925931,160,3,113.19444444444444,2.425888888888889,7.082592592592589,5.186249999999998,-1.8963425925925916,20.823477883365975,39.296581276238264,29.536909113852793,-0.21370370370370553,14.814814814814813,,REG,4
2019,REG,4,week,15,1,Kyler Murray,QB,3800,00-0035228,Kyler Murray,K.Murray,MUR670413,QB,QB,1,3800,2019,47784,32004d55-5267-0413-8d36-a5c3fd781aa0,Kyler,Murray,Kyler,QB,QB,01,ACT,https://static.www.nfl.com/image/private/{formatInstructions}/league/xg9gslvksigyhrkos7xu,32,22,1,68.75,73.65968750000002,-4.909687500000018,241,0,77.734375,2.9826250000000005,4.556333333333333,3.1031818181818185,-1.4531515151515144,18.604740171574967,38.2515306883267,27.939293119189685,-4.910333333333333,3.125,,REG,4
2019,REG,4,week,15,1,Mason Rudolph,QB,3900,00-0034771,Mason Rudolph,M.Rudolph,RUD321216,QB,QB,2,3900,2019,46145,32005255-4432-1216-a9be-28502c0847e4,Mason,Rudolph,Mason,QB,QB,02,ACT,https://static.www.nfl.com/image/private/{formatInstructions}/league/nfrmszsvdyrhtsox7yh9,28,24,0,85.71428571428571,76.75535714285715,8.958928571428558,229,2,124.55357142857142,2.487035714285714,3.245925925925927,2.289583333333334,-0.956342592592593,13.823585922781957,41.37170530688819,41.37170530688819,-5.457777777777778,7.142857142857142,,REG,4
2019,REG,4,week,15,1,Philip Rivers,QB,4400,00-0022942,Philip Rivers,P.Rivers,RIV651634,QB,QB,17,4400,2019,28956,32005249-5665-1634-a192-77c9c8e6262e,Philip,Rivers,Philip,QB,QB,17,ACT,https://static.www.nfl.com/image/private/{formatInstructions}/league/adapxtphf15elrdudiix,30,24,0,80.0,65.42033333333335,14.579666666666654,310,2,131.94444444444443,2.8494666666666664,7.452413793103449,6.502083333333334,-0.9503304597701145,19.594683223339267,46.0666148094257,38.72531600903987,-1.7199999999999995,16.666666666666664,,REG,4
2019,REG,4,week,15,1,Russell Wilson,QB,4600,00-0029263,Russell Wilson,R.Wilson,WIL777781,QB,QB,3,4600,2019,38605,32005749-4c77-7781-795c-94c753706d1d,Russell,Wilson,Russell,QB,QB,03,ACT,https://static.www.nfl.com/image/private/{formatInstructions}/league/rrpzsqysodir9laitnus,28,22,0,78.57142857142857,66.90107142857144,11.670357142857128,240,1,114.28571428571428,2.938607142857143,8.253703703703705,6.517727272727272,-1.7359764309764332,22.237851970868174,36.83153132846909,36.83153132846909,-1.1166666666666663,10.714285714285714,,REG,4
2019,REG,4,week,15,1,Jameis Winston,QB,4900,00-0031503,Jameis Winston,J.Winston,WIN623708,QB,QB,3,4900,2019,42344,32005749-4e62-3708-9650-e59a3f7bea83,Jameis,Winston,Jameis,QB,QB,03,ACT,https://static.www.nfl.com/image/private/{formatInstructions}/league/iurpf1pdjrjfowtksptf,41,28,1,68.29268292682927,63.83487804878049,4.457804878048783,385,4,120.47764227642277,2.463121951219513,9.6585,7.608571428571429,-2.0499285714285707,22.331285235518713,54.444189772647,43.55325590584474,1.5835000000000004,19.51219512195122,,REG,4
2019,REG,4,week,15,1,Dwayne Haskins,QB,5110,00-0035232,Dwayne Haskins,D.Haskins,HAS285847,QB,QB,7,5110,2019,47798,32004841-5328-5847-4bf1-f4c48a3a3bc6,Dwayne,Haskins,Dwayne,QB,QB,07,ACT,https://static.www.nfl.com/image/private/{formatInstructions}/league/pt70n1epofri8mmj7kuv,17,9,3,52.94117647058824,62.001176470588234,-9.059999999999995,107,0,32.84313725490196,3.073235294117647,6.892499999999998,3.8244444444444436,-3.0680555555555546,22.19408950999499,39.61508929688282,31.549104583173197,-1.107500000000001,23.52941176470588,,REG,4
2019,REG,5,week,15,1,Matt Ryan,QB,0200,00-0026143,Matt Ryan,M.Ryan,RYA238179,QB,QB,2,0200,2019,33084,32005259-4123-8179-1aae-5603693aba86,Matthew,Ryan,Matt,QB,QB,02,ACT,https://static.www.nfl.com/image/private/{formatInstructions}/league/nsup3rrfi8jfj8oduf1t,46,32,1,69.56521739130434,67.48782608695652,2.0773913043478274,330,3,102.62681159420288,2.780347826086957,7.958181818181819,5.5240625,-2.4341193181818186,19.552118162069313,54.62319104556233,38.09825455319443,-2.791818181818181,6.521739130434782,,REG,5
2019,REG,5,week,15,1,Lamar Jackson,QB,0325,00-0034796,Lamar Jackson,L.Jackson,JAC323395,QB,QB,8,0325,2019,46101,32004a41-4332-3395-efb0-6c7b75de50af,Lamar,Jackson,Lamar,QB,QB,08,ACT,https://static.www.nfl.com/image/private/{formatInstructions}/league/rojvfogdbjpld2ldvdop,28,19,3,67.85714285714286,71.39678571428571,-3.5396428571428515,161,1,54.91071428571429,2.6722500000000005,7.343571428571428,4.4252631578947375,-2.9183082706766905,19.110163849397342,52.70344201283252,31.041754138579215,-2.9778571428571428,21.428571428571427,,REG,5
2019,REG,5,week,15,1,Josh Allen,QB,0610,00-0034857,Josh Allen,J.Allen,ALL529264,QB,QB,17,0610,2019,46076,3200414c-4c52-9264-bedc-c4ddaf201fe7,Joshua,Allen,Josh,QB,QB,17,ACT,https://static.www.nfl.com/image/private/{formatInstructions}/league/uyhjaf2okyygjyfzk8hc,32,23,1,71.875,67.7071875,4.167812499999997,219,2,98.30729166666666,2.91553125,4.199310344827587,3.984347826086957,-0.21496251874062944,16.193154367589873,32.33512641076264,32.33512641076264,-4.386896551724138,12.5,,REG,5
2019,REG,5,week,15,1,Kyle Allen,QB,0750,00-0034577,Kyle Allen,K.Allen,ALL543234,QB,QB,7,0750,2019,46761,3200414c-4c54-3234-6e5f-74f0c92c233b,Kyle,Allen,Kyle,QB,QB,07,ACT,https://static.www.nfl.com/image/private/{formatInstructions}/league/jecyn8sprawuwe2gs9rz,30,17,0,56.666666666666664,59.04233333333334,-2.3756666666666746,181,1,85.55555555555556,2.3113333333333332,6.509642857142857,3.7164705882352935,-2.793172268907563,20.255541927819817,50.03307006370886,50.03307006370886,-2.9903571428571434,26.666666666666668,,REG,5
2019,REG,5,week,15,1,Chase Daniel,QB,0810,00-0026544,Chase Daniel,C.Daniel,DAN230354,QB,QB,4,0810,2019,34754,32004441-4e23-0354-f686-46d36ead5645,William,Daniel,Chase,QB,QB,04,ACT,https://static.www.nfl.com/image/private/{formatInstructions}/league/zqu7jyy17dassy385p5e,30,22,2,73.33333333333333,67.57833333333333,5.7549999999999955,231,2,89.72222222222221,2.6171,6.777666666666667,5.879999999999999,-0.8976666666666677,21.180904176653033,44.031466021471516,44.031466021471516,-2.5556666666666663,20.0,,REG,5
2019,REG,5,week,15,1,Andy Dalton,QB,0920,00-0027973,Andy Dalton,A.Dalton,DAL659900,QB,QB,14,0920,2019,37110,32004441-4c65-9900-551d-a31a0423b3ca,Andrew,Dalton,Andy,QB,QB,14,ACT,https://static.www.nfl.com/image/private/{formatInstructions}/league/fex1enmwhsyid5jyue7t,38,27,0,71.05263157894737,61.62631578947369,9.426315789473676,262,2,107.5657894736842,2.349736842105263,6.781351351351351,5.791851851851852,-0.989499499499499,20.41007047597331,42.16520484949647,42.16520484949647,-1.8132432432432437,23.684210526315788,,REG,5
2019,REG,5,week,15,1,Baker Mayfield,QB,1050,00-0034855,Baker Mayfield,B.Mayfield,MAY483453,QB,QB,6,1050,2019,46073,32004d41-5948-3453-e6ac-1ecff99fdcf6,Baker,Mayfield,Baker,QB,QB,06,ACT,https://static.www.nfl.com/image/private/{formatInstructions}/league/mrajlbudbl0hcfzmrqz3,22,8,2,36.36363636363637,54.076363636363645,-17.712727272727278,100,0,13.446969696969699,3.352909090909091,12.391500000000002,7.048750000000001,-5.342750000000001,24.586843223479093,49.627352337194054,37.16480055105907,2.2415000000000007,18.181818181818183,,REG,5
2019,REG,5,week,15,1,Dak Prescott,QB,1200,00-0033077,Dak Prescott,D.Prescott,PRE285723,QB,QB,4,1200,2019,43424,32005052-4528-5723-d1b2-96e92ebc1241,Rayne,Prescott,Dak,QB,QB,04,ACT,https://static.www.nfl.com/image/private/{formatInstructions}/league/httrtiv5us06hh6asf07,44,27,3,61.36363636363637,55.12272727272728,6.240909090909085,463,2,83.8068181818182,2.918409090909091,11.45404761904762,11.75148148148148,0.29743386243386105,25.05857894887946,46.10068654586393,46.10068654586393,1.3588095238095244,22.727272727272727,,REG,5
2019,REG,5,week,15,1,Joe Flacco,QB,1400,00-0026158,Joe Flacco,J.Flacco,FLA009602,QB,QB,5,1400,2019,33099,3200464c-4100-9602-96e8-665718e215c0,Joseph,Flacco,Joe,QB,QB,05,ACT,https://static.www.nfl.com/image/private/{formatInstructions}/league/puq0loqhg0yeuhpdtykr,20,14,1,70.0,66.062,3.9380000000000024,182,1,94.16666666666666,2.9186499999999995,5.983684210526314,5.757857142857141,-0.22582706766917315,19.95513671188787,36.05102078998596,36.05102078998596,-2.805789473684211,5.0,,REG,5
2019,REG,5,week,15,1,Aaron Rodgers,QB,1800,00-0023459,Aaron Rodgers,A.Rodgers,ROD339293,QB,QB,12,1800,2019,29851,3200524f-4433-9293-a3cf-ad7758d03003,Aaron,Rodgers,Aaron,QB,QB,12,ACT,https://static.www.nfl.com/image/private/{formatInstructions}/league/ejjiyjumtzwxiffdhkgz,34,22,0,64.70588235294117,64.12058823529412,0.5852941176470523,238,0,85.17156862745098,2.830588235294118,5.99225806451613,2.9077272727272727,-3.084530791788857,18.81570417925232,42.90468738960815,33.16304117538076,-4.459354838709678,11.76470588235294,,REG,5
2019,REG,5,week,15,1,Marcus Mariota,QB,2100,00-0032268,Marcus Mariota,M.Mariota,MAR186347,QB,QB,8,2100,2019,42345,32004d41-5218-6347-2b09-64276fa61f68,Marcus,Mariota,Marcus,QB,QB,08,ACT,https://static.www.nfl.com/image/private/{formatInstructions}/league/qi4gui9b5gq10obus2xa,22,13,0,59.09090909090909,63.91090909090909,-4.819999999999993,183,0,85.98484848484848,2.3735454545454546,4.9104761904761896,3.9507692307692293,-0.9597069597069603,17.426505115525988,34.51935399163779,34.51935399163779,-4.232380952380954,22.727272727272727,,REG,5
2019,REG,5,week,15,1,Deshaun Watson,QB,2120,00-0033537,Deshaun Watson,D.Watson,WAT338355,QB,QB,4,2120,2019,44824,32005741-5433-8355-e029-e49022cf4b81,Derrick,Watson,Deshaun,QB,QB,04,ACT,https://static.www.nfl.com/image/private/{formatInstructions}/league/dhtjbkg3d9yrse2vpans,33,28,0,84.84848484848484,70.28787878787878,14.560606060606062,426,5,158.33333333333331,2.4333030303030303,8.434242424242424,7.4992857142857146,-0.9349567099567091,21.690877298827505,45.59899121691181,45.59899121691181,0.4948484848484847,9.090909090909092,,REG,5
2019,REG,5,week,15,1,Jacoby Brissett,QB,2200,00-0033119,Jacoby Brissett,J.Brissett,BRI516391,QB,QB,7,2200,2019,43380,32004252-4951-6391-fb1e-f908d9b96e12,Jacoby,Brissett,Jacoby,QB,QB,07,ACT,https://static.www.nfl.com/image/private/{formatInstructions}/league/qbvf9c5eedjgkw9xqwup,29,18,1,62.06896551724138,61.06310344827587,1.005862068965513,151,0,61.13505747126437,3.317689655172413,4.764230769230766,2.206111111111109,-2.5581196581196566,19.333926809922048,40.469456383796405,29.6548764961178,-3.6203846153846175,13.793103448275861,,REG,5
2019,REG,5,week,15,1,Gardner Minshew,QB,2250,00-0035289,Gardner Minshew,G.Minshew,MIN604610,QB,QB,15,2250,2019,47961,32004d49-4e60-4610-dc98-dcddea9bb1f6,Gardner,Minshew,Gardner,QB,QB,15,ACT,https://static.www.nfl.com/image/private/{formatInstructions}/league/f8uc5gnrll70ueahgisk,44,26,0,59.09090909090909,58.17977272727273,0.9111363636363663,374,2,101.8939393939394,2.9672045454545453,9.738292682926831,7.326153846153847,-2.412138836772984,21.65300373627184,48.65069989219066,40.09670934129134,0.8602439024390245,13.636363636363635,,REG,5
2019,REG,5,week,15,1,Patrick Mahomes,QB,2310,00-0033873,Patrick Mahomes,P.Mahomes,MAH401939,QB,QB,15,2310,2019,44822,32004d41-4840-1939-e4c1-bb89191b4e71,Patrick,Mahomes,Patrick,QB,QB,15,ACT,https://static.www.nfl.com/image/private/{formatInstructions}/league/ugt3pz3jk8v1cbuvj3om,39,22,0,56.41025641025641,59.057435897435894,-2.6471794871794856,321,1,91.93376068376068,3.0966410256410257,11.284864864864863,9.57090909090909,-1.7139557739557727,23.293970505218947,49.5531441989305,45.97375338168507,0.7983783783783786,15.384615384615385,,REG,5
2019,REG,5,week,15,1,Jared Goff,QB,2510,00-0033106,Jared Goff,J.Goff,GOF219636,QB,QB,16,2510,2019,43290,3200474f-4621-9636-7354-d2eb6365d257,Jared,Goff,Jared,QB,QB,16,ACT,https://static.www.nfl.com/image/private/{formatInstructions}/league/kke5xst7v1ciq1udqqyr,49,29,1,59.183673469387756,66.31122448979592,-7.127551020408163,395,1,83.29081632653063,2.931999999999999,8.272857142857141,6.704137931034483,-1.5687192118226587,22.5875824521982,55.26850187946115,38.549372238727834,-0.4414285714285714,16.3265306122449,,REG,5
2019,REG,5,week,15,1,Derek Carr,QB,2520,00-0031280,Derek Carr,D.Carr,CAR358797,QB,QB,4,2520,2019,41265,32004341-5235-8797-3b9a-0d2711c0bc27,Derek,Carr,Derek,QB,QB,04,ACT,https://static.www.nfl.com/image/private/{formatInstructions}/league/chtyn7pw8xqfpnrkd1fq,32,25,0,78.125,71.541875,6.5831249999999955,229,0,96.484375,2.5939062500000003,3.271333333333333,3.0380000000000007,-0.2333333333333325,15.899107555232515,28.46215733214895,28.46215733214895,-7.095333333333332,18.75,,REG,5
2019,REG,5,week,15,1,Kirk Cousins,QB,3000,00-0029604,Kirk Cousins,K.Cousins,COU709400,QB,QB,8,3000,2019,38632,3200434f-5570-9400-e1ae-f835abb5963e,Kirk,Cousins,Kirk,QB,QB,08,ACT,https://static.www.nfl.com/image/private/{formatInstructions}/league/yoi19theqqakt4zpw9r4,27,22,0,81.48148148148148,61.25148148148148,20.230000000000004,306,2,138.58024691358025,3.100222222222222,8.156,5.553636363636365,-2.602363636363636,21.075867543853736,54.53183473898527,38.09912597422675,-1.3239999999999992,22.22222222222222,,REG,5
2019,REG,5,week,15,1,Tom Brady,QB,3200,00-0019596,Tom Brady,T.Brady,BRA371156,QB,QB,12,3200,2019,25511,32004252-4137-1156-7ed0-8b9e44948f13,Tom,Brady,Tom,QB,QB,12,ACT,https://static.www.nfl.com/image/private/{formatInstructions}/league/apkxya5ptb0zalrskshq,42,28,1,66.66666666666666,66.17357142857144,0.49309523809522204,348,3,106.05158730158732,2.815547619047619,8.103846153846154,7.243571428571428,-0.860274725274726,20.313827639307824,39.361920684844634,34.99269780968594,-1.3833333333333337,9.523809523809524,Jr.,REG,5
2019,REG,5,week,15,1,Teddy Bridgewater,QB,3300,00-0031237,Teddy Bridgewater,T.Bridgewater,BRI129168,QB,QB,5,3300,2019,41258,32004252-4912-9168-84fe-1a998a0eb85b,Theodore,Bridgewater,Teddy,QB,QB,05,ACT,https://static.www.nfl.com/image/private/{formatInstructions}/league/f0uzw2vaxwyytmx1zron,34,26,1,76.47058823529412,66.48970588235295,9.980882352941165,314,4,131.24999999999997,2.77635294117647,7.314687500000001,6.6753846153846155,-0.6393028846153852,20.93922782408054,43.61366414324758,43.61366414324758,-0.6853124999999998,8.823529411764707,Jr.,REG,5
2019,REG,5,week,15,1,Daniel Jones,QB,3410,00-0035710,Daniel Jones,D.Jones,JON165462,QB,QB,8,3410,2019,47789,32004a4f-4e16-5462-39a4-3b4fa743c66f,Daniel,Jones,Daniel,QB,QB,08,ACT,https://static.www.nfl.com/image/private/{formatInstructions}/league/zgxgwbz4fsqrkxewbdz2,38,21,1,55.26315789473685,57.074473684210524,-1.8113157894736744,182,1,65.89912280701755,2.7533157894736844,10.073055555555555,4.636666666666667,-5.436388888888889,23.41437625832975,48.43237863248097,47.415407833319335,1.0730555555555554,28.947368421052634,,REG,5
2019,REG,5,week,15,1,Luke Falk,QB,3430,00-0034412,Luke Falk,L.Falk,FAL452491,QB,QB,8,3430,2019,46268,32004641-4c45-2491-a0a5-d806460a5d8d,Luke,Falk,Luke,QB,QB,08,ACT,https://static.www.nfl.com/image/private/{formatInstructions}/league/caeic48dkstqkisxvs0x,26,15,2,57.692307692307686,61.498076923076916,-3.8057692307692292,120,0,37.339743589743584,2.5205,5.2572,2.0599999999999996,-3.1972000000000005,20.851397792782493,50.7446154779007,35.553770545470975,-3.7828000000000004,15.384615384615385,,REG,5
2019,REG,5,week,15,1,Carson Wentz,QB,3700,00-0032950,Carson Wentz,C.Wentz,WEN615770,QB,QB,11,3700,2019,43291,32005745-4e61-5770-9c68-1652f876bc72,Carson,Wentz,Carson,QB,QB,11,ACT,https://static.www.nfl.com/image/private/{formatInstructions}/league/e0lkzdsozcwd6jwr1mju,29,17,0,58.620689655172406,67.12275862068967,-8.50206896551726,189,1,89.58333333333334,2.5824827586206895,6.952857142857144,5.814117647058824,-1.13873949579832,19.176275501232492,57.96361962472669,27.42907216804827,-2.94,10.344827586206897,,REG,5
2019,REG,5,week,15,1,Kyler Murray,QB,3800,00-0035228,Kyler Murray,K.Murray,MUR670413,QB,QB,1,3800,2019,47784,32004d55-5267-0413-8d36-a5c3fd781aa0,Kyler,Murray,Kyler,QB,QB,01,ACT,https://static.www.nfl.com/image/private/{formatInstructions}/league/xg9gslvksigyhrkos7xu,32,20,0,62.5,61.073125,1.4268750000000026,253,0,87.109375,2.3341290322580646,9.19516129032258,8.553999999999998,-0.6411612903225823,21.886986004121677,41.27110975004185,36.62706376438057,0.9693548387096771,18.75,,REG,5
2019,REG,5,week,15,1,Mason Rudolph,QB,3900,00-0034771,Mason Rudolph,M.Rudolph,RUD321216,QB,QB,2,3900,2019,46145,32005255-4432-1216-a9be-28502c0847e4,Mason,Rudolph,Mason,QB,QB,02,ACT,https://static.www.nfl.com/image/private/{formatInstructions}/league/nfrmszsvdyrhtsox7yh9,20,13,0,65.0,65.51750000000001,-0.5175000000000125,131,1,100.20833333333334,2.8587499999999997,10.835263157894735,5.656153846153846,-5.179109311740889,22.786327044982535,54.054435525680965,25.99423012901132,1.7826315789473686,10.0,,REG,5
2019,REG,5,week,15,1,Philip Rivers,QB,4400,00-0022942,Philip Rivers,P.Rivers,RIV651634,QB,QB,17,4400,2019,28956,32005249-5665-1634-a192-77c9c8e6262e,Philip,Rivers,Philip,QB,QB,17,ACT,https://static.www.nfl.com/image/private/{formatInstructions}/league/adapxtphf15elrdudiix,48,32,2,66.66666666666666,66.525625,0.14104166666665208,211,0,58.59375,2.535489361702128,4.632826086956522,2.7459374999999997,-1.886888586956522,18.00602180090643,33.56698675782501,30.15493989382171,-3.258478260869565,10.416666666666668,,REG,5
2019,REG,5,week,15,1,Jimmy Garoppolo,QB,4500,00-0031345,Jimmy Garoppolo,J.Garoppolo,GAR363225,QB,QB,10,4500,2019,41291,32004741-5236-3225-90e6-5bfdba41064c,James,Garoppolo,Jimmy,QB,QB,10,ACT,https://static.www.nfl.com/image/private/{formatInstructions}/league/hebg9avbsul4u2olmct8,29,20,0,68.96551724137932,68.5737931034483,0.39172413793102123,181,2,108.54885057471265,2.23148275862069,6.7371428571428575,5.708500000000002,-1.0286428571428559,18.272009172400097,34.72896773588296,34.72896773588296,-2.5485714285714276,10.344827586206897,,REG,5
2019,REG,5,week,15,1,Russell Wilson,QB,4600,00-0029263,Russell Wilson,R.Wilson,WIL777781,QB,QB,3,4600,2019,38605,32005749-4c77-7781-795c-94c753706d1d,Russell,Wilson,Russell,QB,QB,03,ACT,https://static.www.nfl.com/image/private/{formatInstructions}/league/rrpzsqysodir9laitnus,23,17,0,73.91304347826086,61.583913043478255,12.329130434782606,268,4,151.81159420289856,3.5911304347826083,11.34772727272727,11.661176470588236,0.31344919786096526,25.354151324511406,53.9516857938656,53.9516857938656,1.6204545454545467,13.043478260869565,,REG,5
2019,REG,5,week,15,1,Jameis Winston,QB,4900,00-0031503,Jameis Winston,J.Winston,WIN623708,QB,QB,3,4900,2019,42344,32005749-4e62-3708-9650-e59a3f7bea83,Jameis,Winston,Jameis,QB,QB,03,ACT,https://static.www.nfl.com/image/private/{formatInstructions}/league/iurpf1pdjrjfowtksptf,27,15,0,55.55555555555556,59.739999999999995,-4.184444444444438,204,2,104.55246913580247,3.1928888888888887,8.81269230769231,7.004666666666668,-1.8080256410256412,21.07853771786136,39.19940050561998,29.803761507568137,-0.571923076923076,22.22222222222222,,REG,5
2019,REG,5,week,15,1,Colt McCoy,QB,5110,00-0027688,Colt McCoy,C.McCoy,MCC603149,QB,QB,12,5110,2019,35524,32004d43-4360-3149-3730-03f6064d0cb7,Daniel,McCoy,Colt,QB,QB,12,ACT,https://static.www.nfl.com/image/private/{formatInstructions}/league/gz4s7wclpyp2afmtandb,27,18,1,66.66666666666666,66.33592592592592,0.3307407407407368,122,0,61.03395061728395,2.435333333333333,6.294444444444444,4.962777777777777,-1.331666666666667,19.798321173357554,46.26006917418088,34.70736665320491,-5.557407407407408,14.814814814814813,,REG,5
2019,REG,6,week,15,1,Matt Ryan,QB,0200,00-0026143,Matt Ryan,M.Ryan,RYA238179,QB,QB,2,0200,2019,33084,32005259-4123-8179-1aae-5603693aba86,Matthew,Ryan,Matt,QB,QB,02,ACT,https://static.www.nfl.com/image/private/{formatInstructions}/league/nsup3rrfi8jfj8oduf1t,36,30,0,83.33333333333334,70.34333333333335,12.989999999999995,356,4,144.90740740740742,2.978916666666667,8.580294117647059,8.319999999999997,-0.2602941176470619,21.363885209330903,43.77497572814861,43.77497572814861,-1.39029411764706,5.555555555555555,,REG,6
2019,REG,6,week,15,1,Lamar Jackson,QB,0325,00-0034796,Lamar Jackson,L.Jackson,JAC323395,QB,QB,8,0325,2019,46101,32004a41-4332-3395-efb0-6c7b75de50af,Lamar,Jackson,Lamar,QB,QB,08,ACT,https://static.www.nfl.com/image/private/{formatInstructions}/league/rojvfogdbjpld2ldvdop,33,21,0,63.63636363636363,63.4460606060606,0.19030303030303486,236,0,84.91161616161617,2.8663125,7.354482758620689,5.025238095238094,-2.329244663382595,18.957777055399603,42.79600098140011,30.19267792031704,-2.024827586206898,9.090909090909092,,REG,6
2019,REG,6,week,15,1,Kyle Allen,QB,0750,00-0034577,Kyle Allen,K.Allen,ALL543234,QB,QB,7,0750,2019,46761,3200414c-4c54-3234-6e5f-74f0c92c233b,Kyle,Allen,Kyle,QB,QB,07,ACT,https://static.www.nfl.com/image/private/{formatInstructions}/league/jecyn8sprawuwe2gs9rz,32,20,0,62.5,61.031562500000014,1.468437499999986,227,2,104.55729166666667,2.7049374999999998,8.907741935483871,6.432999999999998,-2.4747419354838733,23.564786973248086,56.335357458704394,38.2348335945117,-0.8987096774193557,21.875,,REG,6
2019,REG,6,week,15,1,Andy Dalton,QB,0920,00-0027973,Andy Dalton,A.Dalton,DAL659900,QB,QB,14,0920,2019,37110,32004441-4c65-9900-551d-a31a0423b3ca,Andrew,Dalton,Andy,QB,QB,14,ACT,https://static.www.nfl.com/image/private/{formatInstructions}/league/fex1enmwhsyid5jyue7t,39,21,1,53.84615384615385,55.84820512820513,-2.0020512820512835,235,0,61.378205128205124,2.2546923076923076,7.459729729729733,6.312380952380954,-1.1473487773487792,21.873330722636997,39.31320643244455,38.04411781077332,-1.8916216216216204,25.64102564102564,,REG,6
2019,REG,6,week,15,1,Baker Mayfield,QB,1050,00-0034855,Baker Mayfield,B.Mayfield,MAY483453,QB,QB,6,1050,2019,46073,32004d41-5948-3453-e6ac-1ecff99fdcf6,Baker,Mayfield,Baker,QB,QB,06,ACT,https://static.www.nfl.com/image/private/{formatInstructions}/league/mrajlbudbl0hcfzmrqz3,37,22,3,59.45945945945946,65.36513513513515,-5.905675675675688,249,1,54.89864864864865,2.5979459459459457,8.950810810810811,6.630454545454544,-2.320356265356267,21.824586722334153,58.760143805133765,50.56146457530675,-0.18432432432432452,13.513513513513514,,REG,6
2019,REG,6,week,15,1,Dak Prescott,QB,1200,00-0033077,Dak Prescott,D.Prescott,PRE285723,QB,QB,4,1200,2019,43424,32005052-4528-5723-d1b2-96e92ebc1241,Rayne,Prescott,Dak,QB,QB,04,ACT,https://static.www.nfl.com/image/private/{formatInstructions}/league/httrtiv5us06hh6asf07,40,28,0,70.0,65.09624999999998,4.9037500000000165,278,0,89.375,2.5612250000000003,8.00794871794872,6.282142857142856,-1.7258058608058642,20.451964435504,42.207957780494425,33.02321153370762,-0.27410256410256395,15.0,,REG,6
2019,REG,6,week,15,1,Joe Flacco,QB,1400,00-0026158,Joe Flacco,J.Flacco,FLA009602,QB,QB,5,1400,2019,33099,3200464c-4100-9602-96e8-665718e215c0,Joseph,Flacco,Joe,QB,QB,05,ACT,https://static.www.nfl.com/image/private/{formatInstructions}/league/puq0loqhg0yeuhpdtykr,28,18,1,64.28571428571429,64.53178571428572,-0.24607142857142605,177,0,67.11309523809526,2.580071428571429,7.648461538461538,5.273888888888889,-2.3745726495726487,19.998348754260498,51.696345131933654,49.20247961231223,0.07153846153846145,14.285714285714285,,REG,6
2019,REG,6,week,15,1,Matthew Stafford,QB,1540,00-0026498,Matthew Stafford,M.Stafford,STA134157,QB,QB,9,1540,2019,34452,32005354-4113-4157-19b1-37e6835d09b9,John,Stafford,Matthew,QB,QB,09,ACT,https://static.www.nfl.com/image/private/{formatInstructions}/league/iibglgpasx5wsrylvn2z,32,18,0,56.25,59.9946875,-3.7446874999999977,265,0,83.46354166666666,2.55296875,10.0378125,7.921111111111112,-2.1167013888888873,23.344477997983212,55.24471467932475,55.24471467932475,2.3503125,25.0,,REG,6
2019,REG,6,week,15,1,Aaron Rodgers,QB,1800,00-0023459,Aaron Rodgers,A.Rodgers,ROD339293,QB,QB,12,1800,2019,29851,3200524f-4433-9293-a3cf-ad7758d03003,Aaron,Rodgers,Aaron,QB,QB,12,ACT,https://static.www.nfl.com/image/private/{formatInstructions}/league/ejjiyjumtzwxiffdhkgz,39,24,1,61.53846153846154,62.7848717948718,-1.2464102564102575,283,2,90.01068376068376,3.112769230769231,9.645000000000001,7.3525,-2.2925000000000013,25.689435200188854,52.73148585048596,52.034547177812556,1.0397368421052628,17.94871794871795,,REG,6
2019,REG,6,week,15,1,Ryan Tannehill,QB,2100,00-0029701,Ryan Tannehill,R.Tannehill,TAN298716,QB,QB,17,2100,2019,38538,32005441-4e29-8716-6443-cc1663c47ac9,Ryan,Tannehill,Ryan,QB,QB,17,ACT,https://static.www.nfl.com/image/private/{formatInstructions}/league/e2b84kobkdgravu7u6qy,16,13,1,81.25,65.458125,15.791875000000005,144,0,78.125,3.29025,9.714375,8.46923076923077,-1.245144230769231,22.93970260239275,31.009811350603215,28.954282930164236,-2.2231250000000005,12.5,,REG,6
2019,REG,6,week,15,1,Marcus Mariota,QB,2100,00-0032268,Marcus Mariota,M.Mariota,MAR186347,QB,QB,8,2100,2019,42345,32004d41-5218-6347-2b09-64276fa61f68,Marcus,Mariota,Marcus,QB,QB,08,ACT,https://static.www.nfl.com/image/private/{formatInstructions}/league/qi4gui9b5gq10obus2xa,18,7,2,38.88888888888889,58.745000000000005,-19.85611111111111,63,0,9.490740740740742,3.1698333333333344,8.933125,4.194285714285717,-4.738839285714284,20.920759039635954,39.19967474354857,26.25737420230744,-0.06687499999999957,16.666666666666664,,REG,6
2019,REG,6,week,15,1,Deshaun Watson,QB,2120,00-0033537,Deshaun Watson,D.Watson,WAT338355,QB,QB,4,2120,2019,44824,32005741-5433-8355-e029-e49022cf4b81,Derrick,Watson,Deshaun,QB,QB,04,ACT,https://static.www.nfl.com/image/private/{formatInstructions}/league/dhtjbkg3d9yrse2vpans,42,30,2,71.42857142857143,70.17904761904765,1.2495238095237795,280,1,77.48015873015873,2.6100714285714286,8.129761904761907,3.219333333333334,-4.9104285714285725,20.653908707040735,57.81354253114057,34.26018680626245,0.986904761904763,16.666666666666664,,REG,6
2019,REG,6,week,15,1,Gardner Minshew,QB,2250,00-0035289,Gardner Minshew,G.Minshew,MIN604610,QB,QB,15,2250,2019,47961,32004d49-4e60-4610-dc98-dcddea9bb1f6,Gardner,Minshew,Gardner,QB,QB,15,ACT,https://static.www.nfl.com/image/private/{formatInstructions}/league/f8uc5gnrll70ueahgisk,29,14,1,48.275862068965516,55.268620689655165,-6.992758620689649,163,0,51.36494252873563,3.0562068965517235,7.949629629629631,4.534285714285714,-3.415343915343917,19.443206385778527,40.42127781255808,32.0709292038756,-0.23555555555555474,20.689655172413794,,REG,6
2019,REG,6,week,15,1,Patrick Mahomes,QB,2310,00-0033873,Patrick Mahomes,P.Mahomes,MAH401939,QB,QB,15,2310,2019,44822,32004d41-4840-1939-e4c1-bb89191b4e71,Patrick,Mahomes,Patrick,QB,QB,15,ACT,https://static.www.nfl.com/image/private/{formatInstructions}/league/ugt3pz3jk8v1cbuvj3om,35,19,1,54.285714285714285,59.132000000000005,-4.84628571428572,273,3,96.48809523809523,2.766657142857143,9.997714285714286,5.594736842105265,-4.402977443609021,24.693884088566193,55.10829520135785,55.10829520135785,-0.9451428571428561,17.142857142857142,,REG,6
2019,REG,6,week,15,1,Jared Goff,QB,2510,00-0033106,Jared Goff,J.Goff,GOF219636,QB,QB,16,2510,2019,43290,3200474f-4621-9636-7354-d2eb6365d257,Jared,Goff,Jared,QB,QB,16,ACT,https://static.www.nfl.com/image/private/{formatInstructions}/league/kke5xst7v1ciq1udqqyr,24,13,0,54.166666666666664,67.29541666666667,-13.128750000000004,78,0,60.763888888888886,2.581583333333333,6.093333333333334,2.356923076923076,-3.7364102564102577,19.408237106848365,48.21848297074474,23.370034231896195,-4.073333333333334,16.666666666666664,,REG,6
2019,REG,6,week,15,1,Ryan Fitzpatrick,QB,2700,00-0023682,Ryan Fitzpatrick,R.Fitzpatrick,FIT792915,QB,QB,14,2700,2019,30078,32004649-5479-2915-c998-f50119c2fdd4,Ryan,Fitzpatrick,Ryan,QB,QB,14,ACT,https://static.www.nfl.com/image/private/{formatInstructions}/league/joilglqul2ldsy2pfjey,18,12,0,66.66666666666666,58.80111111111109,7.8655555555555665,132,1,106.71296296296295,2.6162941176470587,10.025294117647059,6.935,-3.0902941176470593,21.740080850832666,51.09032197980357,35.33656463212008,1.2017647058823528,27.77777777777778,,REG,6
2019,REG,6,week,15,1,Josh Rosen,QB,2700,00-0034343,Josh Rosen,J.Rosen,ROS357433,QB,QB,3,2700,2019,46079,3200524f-5335-7433-3207-a02a4e884405,Joshua,Rosen,Josh,QB,QB,03,ACT,https://static.www.nfl.com/image/private/{formatInstructions}/league/evc67tf1tcwfwho6pmr9,25,15,2,60.0,72.27359999999999,-12.273599999999988,85,0,32.916666666666664,2.28364,1.9531999999999994,-1.7940000000000014,-3.7472000000000008,15.483475245735468,42.25059762890935,16.43657202703775,-8.886800000000001,24.0,,REG,6
2019,REG,6,week,15,1,Kirk Cousins,QB,3000,00-0029604,Kirk Cousins,K.Cousins,COU709400,QB,QB,8,3000,2019,38632,3200434f-5570-9400-e1ae-f835abb5963e,Kirk,Cousins,Kirk,QB,QB,08,ACT,https://static.www.nfl.com/image/private/{formatInstructions}/league/yoi19theqqakt4zpw9r4,29,22,1,75.86206896551724,60.49689655172412,15.365172413793118,333,4,138.36206896551724,2.5921034482758625,12.905714285714286,9.832272727272727,-3.0734415584415586,25.752870615925435,60.50721114049135,60.50721114049135,2.4057142857142857,6.896551724137931,,REG,6
2019,REG,6,week,15,1,Tom Brady,QB,3200,00-0019596,Tom Brady,T.Brady,BRA371156,QB,QB,12,3200,2019,25511,32004252-4137-1156-7ed0-8b9e44948f13,Tom,Brady,Tom,QB,QB,12,ACT,https://static.www.nfl.com/image/private/{formatInstructions}/league/apkxya5ptb0zalrskshq,41,31,1,75.60975609756098,75.25146341463415,0.35829268292683025,334,0,88.8719512195122,2.5261463414634147,5.935609756097562,4.96,-0.9756097560975618,18.223633764612597,40.649351778349434,40.649351778349434,-3.064390243902438,7.317073170731707,Jr.,REG,6
2019,REG,6,week,15,1,Teddy Bridgewater,QB,3300,00-0031237,Teddy Bridgewater,T.Bridgewater,BRI129168,QB,QB,5,3300,2019,41258,32004252-4912-9168-84fe-1a998a0eb85b,Theodore,Bridgewater,Teddy,QB,QB,05,ACT,https://static.www.nfl.com/image/private/{formatInstructions}/league/f0uzw2vaxwyytmx1zron,36,24,0,66.66666666666666,64.83694444444443,1.8297222222222302,240,1,94.67592592592592,3.0405833333333327,5.737647058823529,3.72875,-2.0088970588235293,18.987150088682796,46.24818807261534,32.26691804309795,-2.8799999999999994,16.666666666666664,Jr.,REG,6
2019,REG,6,week,15,1,Daniel Jones,QB,3410,00-0035710,Daniel Jones,D.Jones,JON165462,QB,QB,8,3410,2019,47789,32004a4f-4e16-5462-39a4-3b4fa743c66f,Daniel,Jones,Daniel,QB,QB,08,ACT,https://static.www.nfl.com/image/private/{formatInstructions}/league/zgxgwbz4fsqrkxewbdz2,31,15,3,48.38709677419355,44.887419354838705,3.499677419354846,161,1,35.21505376344086,3.252935483870968,9.273666666666665,5.2459999999999996,-4.027666666666666,22.63442450387394,49.93950340161584,35.49835207442733,1.307,48.38709677419355,,REG,6
2019,REG,6,week,15,1,Sam Darnold,QB,3430,00-0034869,Sam Darnold,S.Darnold,DAR466141,QB,QB,14,3430,2019,46072,32004441-5246-6141-9e5c-6e7d32a03e33,Sam,Darnold,Sam,QB,QB,14,ACT,https://static.www.nfl.com/image/private/{formatInstructions}/league/eq43mbsq4xhpm9sfh0yl,32,23,1,71.875,60.29031250000001,11.584687499999987,338,2,113.80208333333333,2.38978125,8.589666666666668,6.543913043478261,-2.045753623188407,21.048215017566886,46.187708321587024,46.187708321587024,-0.17700000000000018,28.125,,REG,6
2019,REG,6,week,15,1,Carson Wentz,QB,3700,00-0032950,Carson Wentz,C.Wentz,WEN615770,QB,QB,11,3700,2019,43291,32005745-4e61-5770-9c68-1652f876bc72,Carson,Wentz,Carson,QB,QB,11,ACT,https://static.www.nfl.com/image/private/{formatInstructions}/league/e0lkzdsozcwd6jwr1mju,40,26,1,65.0,65.37950000000002,-0.3795000000000215,306,2,94.37500000000001,2.8152999999999997,9.221249999999998,5.866153846153848,-3.3550961538461497,22.139177725828596,55.664262323325545,38.86055197755173,2.0462499999999997,15.0,,REG,6
2019,REG,6,week,15,1,Kyler Murray,QB,3800,00-0035228,Kyler Murray,K.Murray,MUR670413,QB,QB,1,3800,2019,47784,32004d55-5267-0413-8d36-a5c3fd781aa0,Kyler,Murray,Kyler,QB,QB,01,ACT,https://static.www.nfl.com/image/private/{formatInstructions}/league/xg9gslvksigyhrkos7xu,37,27,0,72.97297297297297,68.81162162162163,4.1613513513513425,340,3,128.20945945945945,2.722027777777778,6.889142857142858,6.366296296296297,-0.5228465608465607,21.60989122684233,52.21035146405356,52.21035146405356,-0.9394285714285717,13.513513513513514,,REG,6
2019,REG,6,week,15,1,Devlin Hodges,QB,3900,00-0035577,Devlin Hodges,D.Hodges,HOD363523,QB,QB,6,3900,2019,48728,3200484f-4436-3523-9f45-2df444e0e2ab,Devlin,Hodges,Devlin,QB,QB,06,ACT,https://static.www.nfl.com/image/private/{formatInstructions}/league/ehkdoer4nv2qp2ddam83,20,15,1,75.0,64.21,10.790000000000006,132,1,87.91666666666667,2.5935999999999995,5.458947368421053,0.7326666666666668,-4.726280701754386,19.599204239857364,40.73900465156212,28.56829361372499,-2.856842105263158,10.0,,REG,6
2019,REG,6,week,15,1,Philip Rivers,QB,4400,00-0022942,Philip Rivers,P.Rivers,RIV651634,QB,QB,17,4400,2019,28956,32005249-5665-1634-a192-77c9c8e6262e,Philip,Rivers,Philip,QB,QB,17,ACT,https://static.www.nfl.com/image/private/{formatInstructions}/league/adapxtphf15elrdudiix,44,26,2,59.09090909090909,56.405681818181804,2.685227272727289,320,2,77.8409090909091,2.587,11.608333333333334,8.250769230769231,-3.357564102564103,23.23961594682899,54.351574034244855,37.212741097640205,2.013095238095238,15.909090909090908,,REG,6
2019,REG,6,week,15,1,Jimmy Garoppolo,QB,4500,00-0031345,Jimmy Garoppolo,J.Garoppolo,GAR363225,QB,QB,10,4500,2019,41291,32004741-5236-3225-90e6-5bfdba41064c,James,Garoppolo,Jimmy,QB,QB,10,ACT,https://static.www.nfl.com/image/private/{formatInstructions}/league/hebg9avbsul4u2olmct8,33,24,1,72.72727272727273,67.67242424242424,5.054848484848492,243,0,80.7449494949495,2.5061515151515152,4.231290322580644,2.4808333333333326,-1.7504569892473119,18.690095751997045,46.360678381576776,29.490766351520943,-3.510645161290323,12.121212121212121,,REG,6
2019,REG,6,week,15,1,Russell Wilson,QB,4600,00-0029263,Russell Wilson,R.Wilson,WIL777781,QB,QB,3,4600,2019,38605,32005749-4c77-7781-795c-94c753706d1d,Russell,Wilson,Russell,QB,QB,03,ACT,https://static.www.nfl.com/image/private/{formatInstructions}/league/rrpzsqysodir9laitnus,33,23,0,69.6969696969697,63.222424242424246,6.474545454545456,295,2,117.61363636363636,2.843666666666667,9.318437499999998,7.372173913043478,-1.94626358695652,22.405206330659016,40.49626772926117,40.49626772926117,0.6309374999999996,6.0606060606060606,,REG,6
2019,REG,6,week,15,1,Jameis Winston,QB,4900,00-0031503,Jameis Winston,J.Winston,WIN623708,QB,QB,3,4900,2019,42344,32005749-4e62-3708-9650-e59a3f7bea83,Jameis,Winston,Jameis,QB,QB,03,ACT,https://static.www.nfl.com/image/private/{formatInstructions}/league/iurpf1pdjrjfowtksptf,54,30,5,55.55555555555556,56.13592592592593,-0.5803703703703746,400,1,46.83641975308642,2.8118888888888893,12.134038461538458,8.552333333333335,-3.5817051282051224,23.668144870055748,56.180076539641696,33.692847905749964,2.7878846153846153,22.22222222222222,,REG,6
2019,REG,6,week,15,1,Case Keenum,QB,5110,00-0028986,Case Keenum,C.Keenum,KEE690598,QB,QB,8,5110,2019,38937,32004b45-4569-0598-1a82-7cad5305e148,Casey,Keenum,Case,QB,QB,08,ACT,https://static.www.nfl.com/image/private/{formatInstructions}/league/qnyuz76tdcsqxn1bzse1,25,13,0,52.0,56.174800000000005,-4.174800000000005,166,2,99.75,2.8708799999999997,8.83,8.496153846153845,-0.3338461538461548,22.284268636095117,41.93169326416476,41.93169326416476,1.9966666666666664,16.0,,REG,6
2019,REG,7,week,15,1,Matt Ryan,QB,0200,00-0026143,Matt Ryan,M.Ryan,RYA238179,QB,QB,2,0200,2019,33084,32005259-4123-8179-1aae-5603693aba86,Matthew,Ryan,Matt,QB,QB,02,ACT,https://static.www.nfl.com/image/private/{formatInstructions}/league/nsup3rrfi8jfj8oduf1t,27,16,1,59.25925925925925,67.51111111111112,-8.251851851851868,159,0,60.570987654320994,2.824629629629629,7.231481481481482,7.221875000000001,-0.009606481481481133,19.68605359509238,41.0440007796511,41.0440007796511,-2.101851851851851,7.4074074074074066,,REG,7
2019,REG,7,week,15,1,Lamar Jackson,QB,0325,00-0034796,Lamar Jackson,L.Jackson,JAC323395,QB,QB,8,0325,2019,46101,32004a41-4332-3395-efb0-6c7b75de50af,Lamar,Jackson,Lamar,QB,QB,08,ACT,https://static.www.nfl.com/image/private/{formatInstructions}/league/rojvfogdbjpld2ldvdop,20,9,0,45.0,65.3715,-20.371499999999997,143,0,69.375,3.06465,10.0815,11.084444444444443,1.0029444444444433,21.206216714904077,51.500300969994335,51.500300969994335,0.9814999999999998,15.0,,REG,7
2019,REG,7,week,15,1,Josh Allen,QB,0610,00-0034857,Josh Allen,J.Allen,ALL529264,QB,QB,17,0610,2019,46076,3200414c-4c52-9264-bedc-c4ddaf201fe7,Joshua,Allen,Josh,QB,QB,17,ACT,https://static.www.nfl.com/image/private/{formatInstructions}/league/uyhjaf2okyygjyfzk8hc,26,16,0,61.53846153846154,63.05307692307692,-1.5146153846153823,202,2,111.37820512820514,2.6705769230769225,10.5908,6.79875,-3.7920499999999997,23.75983484133266,57.42719216538451,35.407168765661005,1.5508000000000004,15.384615384615385,,REG,7
2019,REG,7,week,15,1,Mitchell Trubisky,QB,0810,00-0033869,Mitchell Trubisky,M.Trubisky,TRU215336,QB,QB,10,0810,2019,44814,32005452-5521-5336-8519-c8cb45ea9b74,Mitchell,Trubisky,Mitchell,QB,QB,10,ACT,https://static.www.nfl.com/image/private/{formatInstructions}/league/yxl8earcwsagar5mbjfi,54,34,0,62.96296296296296,65.95666666666666,-2.9937037037037015,251,2,86.26543209876543,2.506111111111111,6.676078431372547,3.3458823529411768,-3.33019607843137,19.86867351657166,59.01006778508224,29.05943736551002,-1.500392156862745,5.555555555555555,,REG,7
2019,REG,7,week,15,1,Andy Dalton,QB,0920,00-0027973,Andy Dalton,A.Dalton,DAL659900,QB,QB,14,0920,2019,37110,32004441-4c65-9900-551d-a31a0423b3ca,Andrew,Dalton,Andy,QB,QB,14,ACT,https://static.www.nfl.com/image/private/{formatInstructions}/league/fex1enmwhsyid5jyue7t,43,22,3,51.162790697674424,57.97651162790699,-6.813720930232563,276,1,50.145348837209305,2.4754186046511624,8.970476190476193,6.479545454545455,-2.4909307359307373,22.012894096993012,42.62719437166842,42.62719437166842,-0.4819047619047619,23.25581395348837,,REG,7
2019,REG,7,week,15,1,Dak Prescott,QB,1200,00-0033077,Dak Prescott,D.Prescott,PRE285723,QB,QB,4,1200,2019,43424,32005052-4528-5723-d1b2-96e92ebc1241,Rayne,Prescott,Dak,QB,QB,04,ACT,https://static.www.nfl.com/image/private/{formatInstructions}/league/httrtiv5us06hh6asf07,27,21,1,77.77777777777779,64.4574074074074,13.320370370370384,239,1,100.46296296296295,2.6244814814814816,8.102,7.0461904761904774,-1.0558095238095229,20.721846487322576,55.21514285048984,39.661922545433924,-0.8179999999999995,18.51851851851852,,REG,7
2019,REG,7,week,15,1,Joe Flacco,QB,1400,00-0026158,Joe Flacco,J.Flacco,FLA009602,QB,QB,5,1400,2019,33099,3200464c-4100-9602-96e8-665718e215c0,Joseph,Flacco,Joe,QB,QB,05,ACT,https://static.www.nfl.com/image/private/{formatInstructions}/league/puq0loqhg0yeuhpdtykr,34,21,0,61.76470588235294,61.9985294117647,-0.2338235294117581,213,0,79.65686274509804,2.7164705882352944,9.286060606060603,5.3857142857142835,-3.90034632034632,23.260403169425583,50.63829578490967,50.63829578490967,-1.7139393939393945,14.705882352941178,,REG,7
2019,REG,7,week,15,1,Matthew Stafford,QB,1540,00-0026498,Matthew Stafford,M.Stafford,STA134157,QB,QB,9,1540,2019,34452,32005354-4113-4157-19b1-37e6835d09b9,John,Stafford,Matthew,QB,QB,09,ACT,https://static.www.nfl.com/image/private/{formatInstructions}/league/iibglgpasx5wsrylvn2z,45,30,1,66.66666666666666,65.11688888888888,1.549777777777777,364,4,111.71296296296296,2.598022222222222,8.879333333333333,7.289000000000001,-1.5903333333333327,21.185920989350347,56.74259863629792,56.74259863629792,0.4348888888888894,24.444444444444443,,REG,7
2019,REG,7,week,15,1,Aaron Rodgers,QB,1800,00-0023459,Aaron Rodgers,A.Rodgers,ROD339293,QB,QB,12,1800,2019,29851,3200524f-4433-9293-a3cf-ad7758d03003,Aaron,Rodgers,Aaron,QB,QB,12,ACT,https://static.www.nfl.com/image/private/{formatInstructions}/league/ejjiyjumtzwxiffdhkgz,31,25,0,80.64516129032258,67.27483870967743,13.370322580645151,429,5,158.33333333333331,2.837838709677419,8.392068965517241,7.8772,-0.5148689655172412,24.00253002151512,54.93627581116143,54.93627581116143,0.3231034482758624,6.451612903225806,,REG,7
2019,REG,7,week,15,1,Ryan Tannehill,QB,2100,00-0029701,Ryan Tannehill,R.Tannehill,TAN298716,QB,QB,17,2100,2019,38538,32005441-4e29-8716-6443-cc1663c47ac9,Ryan,Tannehill,Ryan,QB,QB,17,ACT,https://static.www.nfl.com/image/private/{formatInstructions}/league/e2b84kobkdgravu7u6qy,29,23,1,79.3103448275862,57.66344827586207,21.646896551724133,312,2,120.11494252873564,2.939344827586207,7.336785714285715,7.962608695652176,0.6258229813664613,18.79346761648274,30.191472305934333,30.191472305934333,-1.3775,24.137931034482758,,REG,7
2019,REG,7,week,15,1,Deshaun Watson,QB,2120,00-0033537,Deshaun Watson,D.Watson,WAT338355,QB,QB,4,2120,2019,44824,32005741-5433-8355-e029-e49022cf4b81,Derrick,Watson,Deshaun,QB,QB,04,ACT,https://static.www.nfl.com/image/private/{formatInstructions}/league/dhtjbkg3d9yrse2vpans,34,23,2,67.64705882352942,66.40441176470588,1.242647058823536,308,1,81.49509803921569,2.6707941176470587,8.057575757575759,8.244782608695653,0.18720685111989432,20.049522831377427,47.74106199070146,47.74106199070146,0.4818181818181821,14.705882352941178,,REG,7
2019,REG,7,week,15,1,Jacoby Brissett,QB,2200,00-0033119,Jacoby Brissett,J.Brissett,BRI516391,QB,QB,7,2200,2019,43380,32004252-4951-6391-fb1e-f908d9b96e12,Jacoby,Brissett,Jacoby,QB,QB,07,ACT,https://static.www.nfl.com/image/private/{formatInstructions}/league/qbvf9c5eedjgkw9xqwup,39,26,0,66.66666666666666,58.042820512820505,8.623846153846152,326,4,126.6559829059829,2.9524615384615376,7.8745714285714286,5.7453846153846175,-2.129186813186811,21.869458221005775,49.69708240933264,33.708470745496605,-1.5539999999999996,12.82051282051282,,REG,7
2019,REG,7,week,15,1,Gardner Minshew,QB,2250,00-0035289,Gardner Minshew,G.Minshew II,MIN604610,QB,QB,15,2250,2019,47961,32004d49-4e60-4610-dc98-dcddea9bb1f6,Gardner,Minshew,Gardner,QB,QB,15,ACT,https://static.www.nfl.com/image/private/{formatInstructions}/league/f8uc5gnrll70ueahgisk,32,15,0,46.875,56.839375000000004,-9.964375000000004,255,1,84.765625,3.1231290322580643,10.443214285714285,9.058,-1.3852142857142855,21.357746345700043,51.324025563083026,39.694818301637305,1.6217857142857137,15.625,,REG,7
2019,REG,7,week,15,1,Matt Moore,QB,2310,00-0025708,Matt Moore,M.Moore,MOO551757,QB,QB,8,2310,2019,32853,32004d4f-4f55-1757-fd6d-f3618d4bb006,Matt,Moore,Matt,QB,QB,08,ACT,https://static.www.nfl.com/image/private/{formatInstructions}/league/msbi07sk1mnbk0lcndna,19,10,0,52.63157894736842,60.54421052631579,-7.912631578947369,117,1,89.14473684210526,2.6740000000000004,7.12,5.132000000000001,-1.9879999999999995,20.287638276210814,48.71220380972308,32.85240021672693,-1.7133333333333332,10.526315789473683,,REG,7
2019,REG,7,week,15,1,Jared Goff,QB,2510,00-0033106,Jared Goff,J.Goff,GOF219636,QB,QB,16,2510,2019,43290,3200474f-4621-9636-7354-d2eb6365d257,Jared,Goff,Jared,QB,QB,16,ACT,https://static.www.nfl.com/image/private/{formatInstructions}/league/kke5xst7v1ciq1udqqyr,37,22,0,59.45945945945946,64.12405405405404,-4.664594594594583,268,2,99.83108108108108,2.8907837837837844,9.816756756756757,5.534545454545455,-4.2822113022113015,22.350446389501283,50.40099205372846,35.02161189894035,0.9518918918918918,13.513513513513514,,REG,7
2019,REG,7,week,15,1,Derek Carr,QB,2520,00-0031280,Derek Carr,D.Carr,CAR358797,QB,QB,4,2520,2019,41265,32004341-5235-8797-3b9a-0d2711c0bc27,Derek,Carr,Derek,QB,QB,04,ACT,https://static.www.nfl.com/image/private/{formatInstructions}/league/chtyn7pw8xqfpnrkd1fq,28,22,1,78.57142857142857,67.65071428571429,10.920714285714283,293,2,119.19642857142858,2.6883928571428575,9.459285714285713,7.516363636363635,-1.942922077922078,20.700516937654914,42.94631299657748,42.94631299657748,1.959285714285713,14.285714285714285,,REG,7
2019,REG,7,week,15,1,Ryan Fitzpatrick,QB,2700,00-0023682,Ryan Fitzpatrick,R.Fitzpatrick,FIT792915,QB,QB,14,2700,2019,30078,32004649-5479-2915-c998-f50119c2fdd4,Ryan,Fitzpatrick,Ryan,QB,QB,14,ACT,https://static.www.nfl.com/image/private/{formatInstructions}/league/joilglqul2ldsy2pfjey,35,23,1,65.71428571428571,60.17714285714286,5.537142857142847,282,1,88.03571428571428,2.832323529411765,10.000588235294117,7.859565217391306,-2.1410230179028114,21.812178121517515,45.99939347426224,37.98071352673617,-0.11705882352941156,17.142857142857142,,REG,7
2019,REG,7,week,15,1,Kirk Cousins,QB,3000,00-0029604,Kirk Cousins,K.Cousins,COU709400,QB,QB,8,3000,2019,38632,3200434f-5570-9400-e1ae-f835abb5963e,Kirk,Cousins,Kirk,QB,QB,08,ACT,https://static.www.nfl.com/image/private/{formatInstructions}/league/yoi19theqqakt4zpw9r4,34,24,0,70.58823529411765,67.00735294117648,3.580882352941174,338,4,141.5441176470588,3.378176470588235,11.05878787878788,9.3425,-1.716287878787881,23.620667606947936,47.89536198840134,47.89536198840134,3.3315151515151515,11.76470588235294,,REG,7
2019,REG,7,week,15,1,Tom Brady,QB,3200,00-0019596,Tom Brady,T.Brady,BRA371156,QB,QB,12,3200,2019,25511,32004252-4137-1156-7ed0-8b9e44948f13,Tom,Brady,Tom,QB,QB,12,ACT,https://static.www.nfl.com/image/private/{formatInstructions}/league/apkxya5ptb0zalrskshq,45,31,1,68.88888888888889,64.42644444444444,4.4624444444444435,249,1,80.69444444444444,2.6855555555555566,5.155476190476192,3.793548387096774,-1.3619278033794182,18.655337078004237,45.65350479426525,45.65350479426525,-4.177857142857141,8.88888888888889,Jr.,REG,7
2019,REG,7,week,15,1,Teddy Bridgewater,QB,3300,00-0031237,Teddy Bridgewater,T.Bridgewater,BRI129168,QB,QB,5,3300,2019,41258,32004252-4912-9168-84fe-1a998a0eb85b,Theodore,Bridgewater,Teddy,QB,QB,05,ACT,https://static.www.nfl.com/image/private/{formatInstructions}/league/f0uzw2vaxwyytmx1zron,38,23,0,60.526315789473685,68.76605263157893,-8.239736842105245,281,2,100.87719298245614,2.962236842105263,7.391388888888887,6.4852173913043485,-0.9061714975845385,20.84582958649931,45.40443260299594,45.40443260299594,-1.0808333333333326,13.157894736842104,Jr.,REG,7
2019,REG,7,week,15,1,Daniel Jones,QB,3410,00-0035710,Daniel Jones,D.Jones,JON165462,QB,QB,8,3410,2019,47789,32004a4f-4e16-5462-39a4-3b4fa743c66f,Daniel,Jones,Daniel,QB,QB,08,ACT,https://static.www.nfl.com/image/private/{formatInstructions}/league/zgxgwbz4fsqrkxewbdz2,35,22,1,62.857142857142854,65.88914285714284,-3.0319999999999894,223,1,78.63095238095238,2.7684285714285717,7.587999999999999,6.1063636363636355,-1.4816363636363636,19.36318543842702,42.65081007437021,34.845161787542324,-2.9548571428571435,11.428571428571429,,REG,7
2019,REG,7,week,15,1,Sam Darnold,QB,3430,00-0034869,Sam Darnold,S.Darnold,DAR466141,QB,QB,14,3430,2019,46072,32004441-5246-6141-9e5c-6e7d32a03e33,Sam,Darnold,Sam,QB,QB,14,ACT,https://static.www.nfl.com/image/private/{formatInstructions}/league/eq43mbsq4xhpm9sfh0yl,32,11,4,34.375,51.5434375,-17.168437500000003,86,0,3.6458333333333344,2.5908125000000006,12.316451612903226,5.767272727272728,-6.549178885630497,26.84970382869567,54.92943928350262,31.577213303266646,2.4777419354838712,21.875,,REG,7
2019,REG,7,week,15,1,Carson Wentz,QB,3700,00-0032950,Carson Wentz,C.Wentz,WEN615770,QB,QB,11,3700,2019,43291,32005745-4e61-5770-9c68-1652f876bc72,Carson,Wentz,Carson,QB,QB,11,ACT,https://static.www.nfl.com/image/private/{formatInstructions}/league/e0lkzdsozcwd6jwr1mju,26,16,1,61.53846153846154,62.111923076923084,-0.5734615384615438,191,1,80.76923076923076,3.3059230769230776,12.196,7.343125000000001,-4.852874999999999,24.481683744568954,60.03571020650959,41.238541438804546,3.196,11.538461538461538,,REG,7
2019,REG,7,week,15,1,Kyler Murray,QB,3800,00-0035228,Kyler Murray,K.Murray,MUR670413,QB,QB,1,3800,2019,47784,32004d55-5267-0413-8d36-a5c3fd781aa0,Kyler,Murray,Kyler,QB,QB,01,ACT,https://static.www.nfl.com/image/private/{formatInstructions}/league/xg9gslvksigyhrkos7xu,21,14,0,66.66666666666666,79.07285714285715,-12.406190476190488,104,0,78.27380952380952,2.735,5.156190476190476,2.8457142857142865,-2.3104761904761895,17.940782212377556,55.331980806763106,24.39050839978536,-3.32,23.809523809523807,,REG,7
2019,REG,7,week,15,1,Philip Rivers,QB,4400,00-0022942,Philip Rivers,P.Rivers,RIV651634,QB,QB,17,4400,2019,28956,32005249-5665-1634-a192-77c9c8e6262e,Philip,Rivers,Philip,QB,QB,17,ACT,https://static.www.nfl.com/image/private/{formatInstructions}/league/adapxtphf15elrdudiix,38,24,0,63.1578947368421,59.1892105263158,3.9686842105263054,329,2,108.33333333333333,2.690921052631579,11.263783783783781,8.432083333333333,-2.831700450450448,24.42078995269385,49.29227525687975,49.29227525687975,2.344864864864864,15.789473684210526,,REG,7
2019,REG,7,week,15,1,Jimmy Garoppolo,QB,4500,00-0031345,Jimmy Garoppolo,J.Garoppolo,GAR363225,QB,QB,10,4500,2019,41291,32004741-5236-3225-90e6-5bfdba41064c,James,Garoppolo,Jimmy,QB,QB,10,ACT,https://static.www.nfl.com/image/private/{formatInstructions}/league/hebg9avbsul4u2olmct8,21,12,1,57.14285714285714,56.699047619047626,0.443809523809513,151,0,59.82142857142857,3.0478571428571435,8.023000000000001,6.492500000000002,-1.530499999999999,19.84267594934971,36.786241993440974,32.72237919222867,0.42300000000000076,19.047619047619047,,REG,7
2019,REG,7,week,15,1,Russell Wilson,QB,4600,00-0029263,Russell Wilson,R.Wilson,WIL777781,QB,QB,3,4600,2019,38605,32005749-4c77-7781-795c-94c753706d1d,Russell,Wilson,Russell,QB,QB,03,ACT,https://static.www.nfl.com/image/private/{formatInstructions}/league/rrpzsqysodir9laitnus,41,20,1,48.78048780487805,52.81853658536585,-4.038048780487799,241,1,65.19308943089432,3.163829268292681,11.46657894736842,8.5655,-2.90107894736842,26.15307311633889,46.17294554173471,46.17294554173471,3.3613157894736845,19.51219512195122,,REG,7
2019,REG,8,week,15,1,Matt Schaub,QB,0200,00-0022787,Matt Schaub,M.Schaub,SCH085186,QB,QB,8,0200,2019,29043,32005343-4808-5186-46c6-b9a31e4f91f7,Matt,Schaub,Matt,QB,QB,08,ACT,https://static.www.nfl.com/image/private/{formatInstructions}/league/y0rn0hwjbisuvol6j4r0,52,39,1,75.0,66.54653846153845,8.453461538461553,460,1,99.8397435897436,2.2846999999999995,7.128979591836731,5.6723076923076885,-1.4566718995290424,20.023741645048283,33.211511558494294,32.60541826138717,-2.3404081632653067,15.384615384615385,,REG,8
2019,REG,8,week,15,1,Josh Allen,QB,0610,00-0034857,Josh Allen,J.Allen,ALL529264,QB,QB,17,0610,2019,46076,3200414c-4c52-9264-bedc-c4ddaf201fe7,Joshua,Allen,Josh,QB,QB,17,ACT,https://static.www.nfl.com/image/private/{formatInstructions}/league/uyhjaf2okyygjyfzk8hc,34,16,0,47.05882352941176,61.875588235294096,-14.816764705882335,169,2,81.61764705882354,2.997264705882353,8.879354838709677,5.422500000000001,-3.456854838709676,21.397140813872515,57.65254027360807,32.38547977103319,-0.9270967741935475,11.76470588235294,,REG,8
2019,REG,8,week,15,1,Kyle Allen,QB,0750,00-0034577,Kyle Allen,K.Allen,ALL543234,QB,QB,7,0750,2019,46761,3200414c-4c54-3234-6e5f-74f0c92c233b,Kyle,Allen,Kyle,QB,QB,07,ACT,https://static.www.nfl.com/image/private/{formatInstructions}/league/jecyn8sprawuwe2gs9rz,37,19,3,51.35135135135135,67.4145945945946,-16.063243243243257,158,0,28.88513513513513,2.7135945945945945,9.530540540540539,3.764736842105264,-5.765803698435275,23.309707284583453,57.55441338420538,35.88958762649691,-0.7667567567567561,18.91891891891892,,REG,8
2019,REG,8,week,15,1,Mitchell Trubisky,QB,0810,00-0033869,Mitchell Trubisky,M.Trubisky,TRU215336,QB,QB,10,0810,2019,44814,32005452-5521-5336-8519-c8cb45ea9b74,Mitchell,Trubisky,Mitchell,QB,QB,10,ACT,https://static.www.nfl.com/image/private/{formatInstructions}/league/yxl8earcwsagar5mbjfi,35,23,1,65.71428571428571,59.278857142857134,6.435428571428574,253,0,75.0595238095238,2.656529411764706,8.207575757575757,6.675652173913043,-1.5319235836627136,21.39501014255518,46.207450697912336,39.95137294261613,-0.5196969696969705,22.857142857142858,,REG,8
2019,REG,8,week,15,1,Andy Dalton,QB,0920,00-0027973,Andy Dalton,A.Dalton,DAL659900,QB,QB,14,0920,2019,37110,32004441-4c65-9900-551d-a31a0423b3ca,Andrew,Dalton,Andy,QB,QB,14,ACT,https://static.www.nfl.com/image/private/{formatInstructions}/league/fex1enmwhsyid5jyue7t,52,32,0,61.53846153846154,55.43884615384616,6.099615384615383,329,1,86.13782051282051,2.218755102040816,9.200000000000001,6.134374999999999,-3.0656250000000025,22.28033075810421,56.763623034475174,52.29328541983186,0.8874999999999998,23.076923076923077,,REG,8
2019,REG,8,week,15,1,Baker Mayfield,QB,1050,00-0034855,Baker Mayfield,B.Mayfield,MAY483453,QB,QB,6,1050,2019,46073,32004d41-5948-3453-e6ac-1ecff99fdcf6,Baker,Mayfield,Baker,QB,QB,06,ACT,https://static.www.nfl.com/image/private/{formatInstructions}/league/mrajlbudbl0hcfzmrqz3,31,20,1,64.51612903225806,63.34935483870968,1.1667741935483846,194,1,79.23387096774194,2.4980967741935483,7.811666666666667,5.365500000000002,-2.4461666666666657,20.925908962478886,43.405681655746406,40.947703232293755,-3.1549999999999994,22.58064516129032,,REG,8
2019,REG,8,week,15,1,Joe Flacco,QB,1400,00-0026158,Joe Flacco,J.Flacco,FLA009602,QB,QB,5,1400,2019,33099,3200464c-4100-9602-96e8-665718e215c0,Joseph,Flacco,Joe,QB,QB,05,ACT,https://static.www.nfl.com/image/private/{formatInstructions}/league/puq0loqhg0yeuhpdtykr,32,20,0,62.5,60.5103125,1.9896875000000023,174,0,76.82291666666666,2.872687500000001,5.338275862068963,3.2845000000000013,-2.053775862068962,17.735264566924176,35.97907447392164,35.97907447392164,-4.799655172413793,9.375,,REG,8
2019,REG,8,week,15,1,Matthew Stafford,QB,1540,00-0026498,Matthew Stafford,M.Stafford,STA134157,QB,QB,9,1540,2019,34452,32005354-4113-4157-19b1-37e6835d09b9,John,Stafford,Matthew,QB,QB,09,ACT,https://static.www.nfl.com/image/private/{formatInstructions}/league/iibglgpasx5wsrylvn2z,32,25,1,78.125,64.85125000000001,13.273749999999993,342,3,129.42708333333331,2.7048749999999995,11.702258064516128,9.5144,-2.187858064516128,23.50645185499004,58.47010347177436,58.47010347177436,1.1216129032258062,15.625,,REG,8
2019,REG,8,week,15,1,Aaron Rodgers,QB,1800,00-0023459,Aaron Rodgers,A.Rodgers,ROD339293,QB,QB,12,1800,2019,29851,3200524f-4433-9293-a3cf-ad7758d03003,Aaron,Rodgers,Aaron,QB,QB,12,ACT,https://static.www.nfl.com/image/private/{formatInstructions}/league/ejjiyjumtzwxiffdhkgz,33,23,0,69.6969696969697,63.87151515151513,5.825454545454569,305,3,128.97727272727272,2.62330303030303,7.7377419354838715,5.34521739130435,-2.3925245441795218,22.934648776857244,48.10458813876281,43.19637253288753,-0.06870967741935446,15.151515151515152,,REG,8
2019,REG,8,week,15,1,Ryan Tannehill,QB,2100,00-0029701,Ryan Tannehill,R.Tannehill,TAN298716,QB,QB,17,2100,2019,38538,32005441-4e29-8716-6443-cc1663c47ac9,Ryan,Tannehill,Ryan,QB,QB,17,ACT,https://static.www.nfl.com/image/private/{formatInstructions}/league/e2b84kobkdgravu7u6qy,33,21,0,63.63636363636363,60.35242424242424,3.2839393939393915,193,3,109.78535353535355,2.6353636363636364,10.305151515151517,5.394285714285716,-4.910865800865801,23.464793372657088,53.360661540127104,31.610469784550823,0.6687878787878798,33.33333333333333,,REG,8
2019,REG,8,week,15,1,Deshaun Watson,QB,2120,00-0033537,Deshaun Watson,D.Watson,WAT338355,QB,QB,4,2120,2019,44824,32005741-5433-8355-e029-e49022cf4b81,Derrick,Watson,Deshaun,QB,QB,04,ACT,https://static.www.nfl.com/image/private/{formatInstructions}/league/dhtjbkg3d9yrse2vpans,39,27,0,69.23076923076923,70.8617948717949,-1.6310256410256727,279,3,115.22435897435896,2.882974358974358,7.023684210526318,6.40925925925926,-0.6144249512670585,17.546901767952175,39.43247392695517,38.85404740821734,-1.713157894736842,20.51282051282051,,REG,8
2019,REG,8,week,15,1,Jacoby Brissett,QB,2200,00-0033119,Jacoby Brissett,J.Brissett,BRI516391,QB,QB,7,2200,2019,43380,32004252-4951-6391-fb1e-f908d9b96e12,Jacoby,Brissett,Jacoby,QB,QB,07,ACT,https://static.www.nfl.com/image/private/{formatInstructions}/league/qbvf9c5eedjgkw9xqwup,25,15,0,60.0,64.7792,-4.779200000000003,202,0,85.75,3.0537500000000004,8.547083333333333,7.225333333333334,-1.3217499999999989,22.1599111851135,44.16082087099379,44.16082087099379,0.1720833333333339,12.0,,REG,8
2019,REG,8,week,15,1,Gardner Minshew,QB,2250,00-0035289,Gardner Minshew,G.Minshew II,MIN604610,QB,QB,15,2250,2019,47961,32004d49-4e60-4610-dc98-dcddea9bb1f6,Gardner,Minshew,Gardner,QB,QB,15,ACT,https://static.www.nfl.com/image/private/{formatInstructions}/league/f8uc5gnrll70ueahgisk,34,22,0,64.70588235294117,60.671176470588236,4.034705882352938,279,3,119.6078431372549,2.810705882352942,6.891818181818182,5.953636363636364,-0.9381818181818176,18.685923134525726,41.584228981670435,41.584228981670435,-3.047575757575758,14.705882352941178,,REG,8
2019,REG,8,week,15,1,Matt Moore,QB,2310,00-0025708,Matt Moore,M.Moore,MOO551757,QB,QB,8,2310,2019,32853,32004d4f-4f55-1757-fd6d-f3618d4bb006,Matt,Moore,Matt,QB,QB,08,ACT,https://static.www.nfl.com/image/private/{formatInstructions}/league/msbi07sk1mnbk0lcndna,36,24,0,66.66666666666666,69.84138888888889,-3.174722222222229,267,2,107.06018518518519,2.533166666666667,6.059428571428571,3.982083333333335,-2.0773452380952357,19.03969749119889,51.112554230834526,34.843135622386235,-2.254857142857142,13.88888888888889,,REG,8
2019,REG,8,week,15,1,Jared Goff,QB,2510,00-0033106,Jared Goff,J.Goff,GOF219636,QB,QB,16,2510,2019,43290,3200474f-4621-9636-7354-d2eb6365d257,Jared,Goff,Jared,QB,QB,16,ACT,https://static.www.nfl.com/image/private/{formatInstructions}/league/kke5xst7v1ciq1udqqyr,31,17,0,54.83870967741935,62.5958064516129,-7.757096774193549,372,2,119.28763440860214,2.915483870967743,10.417,9.442352941176473,-0.9746470588235265,23.364397392573856,47.59487577460414,42.17717392144713,1.4836666666666667,12.903225806451612,,REG,8
2019,REG,8,week,15,1,Derek Carr,QB,2520,00-0031280,Derek Carr,D.Carr,CAR358797,QB,QB,4,2520,2019,41265,32004341-5235-8797-3b9a-0d2711c0bc27,Derek,Carr,Derek,QB,QB,04,ACT,https://static.www.nfl.com/image/private/{formatInstructions}/league/chtyn7pw8xqfpnrkd1fq,30,18,0,60.0,63.88666666666667,-3.8866666666666703,285,3,125.0,2.6180999999999996,8.033666666666667,4.492777777777779,-3.5408888888888876,22.212855972887624,50.8046651401227,36.420269081927444,-0.9663333333333332,36.666666666666664,,REG,8
2019,REG,8,week,15,1,Ryan Fitzpatrick,QB,2700,00-0023682,Ryan Fitzpatrick,R.Fitzpatrick,FIT792915,QB,QB,14,2700,2019,30078,32004649-5479-2915-c998-f50119c2fdd4,Ryan,Fitzpatrick,Ryan,QB,QB,14,ACT,https://static.www.nfl.com/image/private/{formatInstructions}/league/joilglqul2ldsy2pfjey,34,21,2,61.76470588235294,65.04264705882355,-3.2779411764706055,190,2,71.93627450980392,2.729323529411765,8.106666666666666,5.576190476190474,-2.5304761904761914,18.51447582026507,53.107631278376566,29.20058218597704,-1.1963636363636374,23.52941176470588,,REG,8
2019,REG,8,week,15,1,Kirk Cousins,QB,3000,00-0029604,Kirk Cousins,K.Cousins,COU709400,QB,QB,8,3000,2019,38632,3200434f-5570-9400-e1ae-f835abb5963e,Kirk,Cousins,Kirk,QB,QB,08,ACT,https://static.www.nfl.com/image/private/{formatInstructions}/league/yoi19theqqakt4zpw9r4,26,23,0,88.46153846153845,72.5469230769231,15.91461538461536,285,0,112.33974358974359,3.0314615384615378,3.8370833333333336,4.0086956521739125,0.17161231884057893,16.094582020699576,44.35868573346149,44.35868573346149,-5.912916666666665,3.8461538461538463,,REG,8
2019,REG,8,week,15,1,Tom Brady,QB,3200,00-0019596,Tom Brady,T.Brady,BRA371156,QB,QB,12,3200,2019,25511,32004252-4137-1156-7ed0-8b9e44948f13,Tom,Brady,Tom,QB,QB,12,ACT,https://static.www.nfl.com/image/private/{formatInstructions}/league/apkxya5ptb0zalrskshq,36,20,0,55.55555555555556,59.69527777777779,-4.1397222222222325,259,2,96.875,2.594888888888889,7.6728125,6.984,-0.6888125,20.122685561929043,45.61344100152936,45.61344100152936,-0.5771874999999997,25.0,Jr.,REG,8
2019,REG,8,week,15,1,Drew Brees,QB,3300,00-0020531,Drew Brees,D.Brees,BRE229498,QB,QB,9,3300,2019,26250,32004252-4522-9498-de45-55dc89e02748,Drew,Brees,Drew,QB,QB,09,ACT,https://static.www.nfl.com/image/private/{formatInstructions}/league/i20xlpzdmn7xubotijjd,43,34,1,79.06976744186046,74.18023255813954,4.889534883720927,373,3,116.37596899224805,2.51493023255814,4.971627906976744,3.409117647058822,-1.5625102599179224,18.623508580206646,37.079958198466194,36.0014513596327,-3.400465116279071,4.651162790697675,,REG,8
2019,REG,8,week,15,1,Daniel Jones,QB,3410,00-0035710,Daniel Jones,D.Jones,JON165462,QB,QB,8,3410,2019,47789,32004a4f-4e16-5462-39a4-3b4fa743c66f,Daniel,Jones,Daniel,QB,QB,08,ACT,https://static.www.nfl.com/image/private/{formatInstructions}/league/zgxgwbz4fsqrkxewbdz2,41,28,0,68.29268292682927,63.25951219512197,5.033170731707301,322,4,124.23780487804879,3.107414634146341,7.468249999999998,6.338214285714285,-1.1300357142857127,22.71187330005956,41.43397277597213,39.69741679253199,-2.5067499999999994,24.390243902439025,,REG,8
2019,REG,8,week,15,1,Sam Darnold,QB,3430,00-0034869,Sam Darnold,S.Darnold,DAR466141,QB,QB,14,3430,2019,46072,32004441-5246-6141-9e5c-6e7d32a03e33,Sam,Darnold,Sam,QB,QB,14,ACT,https://static.www.nfl.com/image/private/{formatInstructions}/league/eq43mbsq4xhpm9sfh0yl,30,21,3,70.0,65.91433333333333,4.085666666666668,218,2,73.33333333333333,2.723900000000001,7.863448275862068,5.448095238095238,-2.41535303776683,21.266248280468275,45.305937800690096,33.77021320631542,-2.653793103448276,10.0,,REG,8
2019,REG,8,week,15,1,Carson Wentz,QB,3700,00-0032950,Carson Wentz,C.Wentz,WEN615770,QB,QB,11,3700,2019,43291,32005745-4e61-5770-9c68-1652f876bc72,Carson,Wentz,Carson,QB,QB,11,ACT,https://static.www.nfl.com/image/private/{formatInstructions}/league/e0lkzdsozcwd6jwr1mju,24,17,0,70.83333333333334,65.37708333333333,5.456250000000011,172,1,104.86111111111111,2.696208333333333,4.755416666666668,3.65764705882353,-1.097769607843138,17.025103869520233,44.8214100626029,44.8214100626029,-3.286249999999999,12.5,,REG,8
2019,REG,8,week,15,1,Kyler Murray,QB,3800,00-0035228,Kyler Murray,K.Murray,MUR670413,QB,QB,1,3800,2019,47784,32004d55-5267-0413-8d36-a5c3fd781aa0,Kyler,Murray,Kyler,QB,QB,01,ACT,https://static.www.nfl.com/image/private/{formatInstructions}/league/xg9gslvksigyhrkos7xu,33,19,0,57.57575757575758,67.32484848484847,-9.749090909090896,220,0,77.8409090909091,2.9188787878787883,7.182903225806452,6.731578947368422,-0.45132427843803047,21.020964671617886,49.22497028947808,43.96662939093694,-1.5912903225806456,15.151515151515152,,REG,8
2019,REG,8,week,15,1,Mason Rudolph,QB,3900,00-0034771,Mason Rudolph,M.Rudolph,RUD321216,QB,QB,2,3900,2019,46145,32005255-4432-1216-a9be-28502c0847e4,Mason,Rudolph,Mason,QB,QB,02,ACT,https://static.www.nfl.com/image/private/{formatInstructions}/league/nfrmszsvdyrhtsox7yh9,36,20,1,55.55555555555556,53.68833333333334,1.8672222222222175,251,2,84.375,3.193722222222222,12.757499999999997,6.962999999999999,-5.7944999999999975,25.704076338540087,50.119163999412436,40.64209640262175,1.2019444444444438,33.33333333333333,,REG,8
2019,REG,8,week,15,1,Philip Rivers,QB,4400,00-0022942,Philip Rivers,P.Rivers,RIV651634,QB,QB,17,4400,2019,28956,32005249-5665-1634-a192-77c9c8e6262e,Philip,Rivers,Philip,QB,QB,17,ACT,https://static.www.nfl.com/image/private/{formatInstructions}/league/adapxtphf15elrdudiix,29,19,1,65.51724137931035,60.31586206896551,5.201379310344841,201,1,82.6867816091954,2.6727586206896556,8.890689655172412,7.454736842105264,-1.4359528130671482,20.61628577151014,52.29034327674661,52.29034327674661,-1.1437931034482753,20.689655172413794,,REG,8
2019,REG,8,week,15,1,Jimmy Garoppolo,QB,4500,00-0031345,Jimmy Garoppolo,J.Garoppolo,GAR363225,QB,QB,10,4500,2019,41291,32004741-5236-3225-90e6-5bfdba41064c,James,Garoppolo,Jimmy,QB,QB,10,ACT,https://static.www.nfl.com/image/private/{formatInstructions}/league/hebg9avbsul4u2olmct8,22,18,1,81.81818181818183,73.25272727272728,8.565454545454543,175,2,111.17424242424241,2.3067272727272727,5.187727272727274,4.393333333333334,-0.7943939393939399,17.578352519128547,38.9658825127829,34.62698658560978,-3.494090909090908,4.545454545454546,,REG,8
2019,REG,8,week,15,1,Russell Wilson,QB,4600,00-0029263,Russell Wilson,R.Wilson,WIL777781,QB,QB,3,4600,2019,38605,32005749-4c77-7781-795c-94c753706d1d,Russell,Wilson,Russell,QB,QB,03,ACT,https://static.www.nfl.com/image/private/{formatInstructions}/league/rrpzsqysodir9laitnus,20,14,0,70.0,58.52299999999999,11.477000000000011,182,2,131.66666666666666,2.42465,10.748000000000001,8.587142857142856,-2.160857142857145,25.105265114849754,42.5805260653271,33.70255925000355,0.9980000000000004,30.0,,REG,8
2019,REG,8,week,15,1,Jameis Winston,QB,4900,00-0031503,Jameis Winston,J.Winston,WIN623708,QB,QB,3,4900,2019,42344,32005749-4e62-3708-9650-e59a3f7bea83,Jameis,Winston,Jameis,QB,QB,03,ACT,https://static.www.nfl.com/image/private/{formatInstructions}/league/iurpf1pdjrjfowtksptf,43,21,2,48.837209302325576,54.27837209302325,-5.441162790697675,301,2,68.07170542635657,2.9707619047619045,11.244634146341461,11.073809523809524,-0.17082462253193675,24.526755936625687,58.19321266264649,58.19321266264649,2.0007317073170734,20.930232558139537,,REG,8
2019,REG,8,week,15,1,Case Keenum,QB,5110,00-0028986,Case Keenum,C.Keenum,KEE690598,QB,QB,8,5110,2019,38937,32004b45-4569-0598-1a82-7cad5305e148,Casey,Keenum,Case,QB,QB,08,ACT,https://static.www.nfl.com/image/private/{formatInstructions}/league/qnyuz76tdcsqxn1bzse1,16,12,0,75.0,66.15124999999999,8.84875000000001,130,0,98.4375,2.67975,7.678749999999999,7.479166666666665,-0.1995833333333339,19.965910944653107,43.726615464725825,26.046946078187368,-0.3212500000000009,25.0,,REG,8
2019,REG,9,week,15,1,Lamar Jackson,QB,0325,00-0034796,Lamar Jackson,L.Jackson,JAC323395,QB,QB,8,0325,2019,46101,32004a41-4332-3395-efb0-6c7b75de50af,Lamar,Jackson,Lamar,QB,QB,08,ACT,https://static.www.nfl.com/image/private/{formatInstructions}/league/rojvfogdbjpld2ldvdop,23,17,0,73.91304347826086,72.96863636363636,0.9444071146244966,163,1,107.69927536231884,3.1022608695652174,5.34909090909091,3.0225000000000004,-2.326590909090909,17.61818624614101,44.799010033704995,30.341445252327716,-1.8327272727272723,21.73913043478261,,REG,9
2019,REG,9,week,15,1,Josh Allen,QB,0610,00-0034857,Josh Allen,Jos.Allen,ALL529264,QB,QB,17,0610,2019,46076,3200414c-4c52-9264-bedc-c4ddaf201fe7,Joshua,Allen,Josh,QB,QB,17,ACT,https://static.www.nfl.com/image/private/{formatInstructions}/league/uyhjaf2okyygjyfzk8hc,20,14,0,70.0,69.1255,0.8744999999999976,160,1,110.41666666666667,2.9861999999999993,9.964500000000001,5.184285714285715,-4.780214285714286,20.192231518800362,54.28899151761801,37.92402536651403,0.7645000000000003,10.0,,REG,9
2019,REG,9,week,15,1,Kyle Allen,QB,0750,00-0034577,Kyle Allen,K.Allen,ALL543234,QB,QB,7,0750,2019,46761,3200414c-4c54-3234-6e5f-74f0c92c233b,Kyle,Allen,Kyle,QB,QB,07,ACT,https://static.www.nfl.com/image/private/{formatInstructions}/league/jecyn8sprawuwe2gs9rz,32,17,1,53.125,54.534375000000004,-1.4093750000000043,232,2,84.375,3.1042187500000002,13.135666666666669,9.995882352941175,-3.139784313725494,24.985351380954203,49.08104522114418,45.603514118979916,4.935666666666666,25.0,,REG,9
2019,REG,9,week,15,1,Mitchell Trubisky,QB,0810,00-0033869,Mitchell Trubisky,M.Trubisky,TRU215336,QB,QB,10,0810,2019,44814,32005452-5521-5336-8519-c8cb45ea9b74,Mitchell,Trubisky,Mitchell,QB,QB,10,ACT,https://static.www.nfl.com/image/private/{formatInstructions}/league/yxl8earcwsagar5mbjfi,21,10,0,47.61904761904761,69.10666666666667,-21.487619047619056,125,0,66.56746031746032,2.719904761904762,10.17,6.938,-3.232,24.817692108313498,56.34174739924207,56.34174739924207,0.2652380952380942,14.285714285714285,,REG,9
2019,REG,9,week,15,1,Baker Mayfield,QB,1050,00-0034855,Baker Mayfield,B.Mayfield,MAY483453,QB,QB,6,1050,2019,46073,32004d41-5948-3453-e6ac-1ecff99fdcf6,Baker,Mayfield,Baker,QB,QB,06,ACT,https://static.www.nfl.com/image/private/{formatInstructions}/league/mrajlbudbl0hcfzmrqz3,42,27,0,64.28571428571429,63.62880952380953,0.6569047619047623,273,1,90.67460317460318,2.6770714285714283,4.637750000000001,2.565925925925927,-2.0718240740740743,18.23691083678238,32.44998151001015,30.811987926779413,-3.912249999999999,19.047619047619047,,REG,9
2019,REG,9,week,15,1,Dak Prescott,QB,1200,00-0033077,Dak Prescott,D.Prescott,PRE285723,QB,QB,4,1200,2019,43424,32005052-4528-5723-d1b2-96e92ebc1241,Rayne,Prescott,Dak,QB,QB,04,ACT,https://static.www.nfl.com/image/private/{formatInstructions}/league/httrtiv5us06hh6asf07,35,22,1,62.857142857142854,60.27542857142858,2.581714285714277,257,3,101.72619047619047,2.753171428571428,9.98294117647059,5.1436363636363645,-4.839304812834225,22.599849510622438,53.3599297225924,36.14313904463751,0.3947058823529415,22.857142857142858,,REG,9
2019,REG,9,week,15,1,Brandon Allen,QB,1400,00-0032434,Brandon Allen,B.Allen,ALL063816,QB,QB,2,1400,2019,43490,3200414c-4c06-3816-a995-21614b984798,Brandon,Allen,Brandon,QB,QB,02,ACT,https://static.www.nfl.com/image/private/{formatInstructions}/league/ee95jejz4ud7xjdpx8ye,20,12,0,60.0,58.10799999999999,1.8920000000000101,193,2,125.62499999999999,2.4112999999999998,10.216111111111111,7.357499999999999,-2.858611111111112,22.485941462197886,52.228913448395616,33.78840777544867,1.1605555555555558,15.0,,REG,9
2019,REG,9,week,15,1,Matthew Stafford,QB,1540,00-0026498,Matthew Stafford,M.Stafford,STA134157,QB,QB,9,1540,2019,34452,32005354-4113-4157-19b1-37e6835d09b9,John,Stafford,Matthew,QB,QB,09,ACT,https://static.www.nfl.com/image/private/{formatInstructions}/league/iibglgpasx5wsrylvn2z,41,26,1,63.41463414634146,59.47317073170731,3.94146341463415,406,3,110.41666666666667,2.7626829268292687,10.861463414634144,9.404230769230768,-1.4572326454033764,24.033999324965393,53.07781645847915,52.622980721354054,2.495609756097561,26.82926829268293,,REG,9
2019,REG,9,week,15,1,Aaron Rodgers,QB,1800,00-0023459,Aaron Rodgers,A.Rodgers,ROD339293,QB,QB,12,1800,2019,29851,3200524f-4433-9293-a3cf-ad7758d03003,Aaron,Rodgers,Aaron,QB,QB,12,ACT,https://static.www.nfl.com/image/private/{formatInstructions}/league/ejjiyjumtzwxiffdhkgz,35,23,0,65.71428571428571,72.19171428571428,-6.477428571428575,161,1,85.53571428571428,2.817628571428571,8.77735294117647,3.0430434782608686,-5.734309462915602,22.483086863149406,60.48820463528406,26.384874454884184,-0.0755882352941187,11.428571428571429,,REG,9
2019,REG,9,week,15,1,Ryan Tannehill,QB,2100,00-0029701,Ryan Tannehill,R.Tannehill,TAN298716,QB,QB,17,2100,2019,38538,32005441-4e29-8716-6443-cc1663c47ac9,Ryan,Tannehill,Ryan,QB,QB,17,ACT,https://static.www.nfl.com/image/private/{formatInstructions}/league/e2b84kobkdgravu7u6qy,39,27,2,69.23076923076923,62.166410256410266,7.06435897435896,331,1,82.31837606837607,2.680783783783783,8.73054054054054,6.623703703703703,-2.1068368368368366,20.890152624240148,56.25050488662302,46.06429636931405,-1.2424324324324325,12.82051282051282,,REG,9
2019,REG,9,week,15,1,Deshaun Watson,QB,2120,00-0033537,Deshaun Watson,D.Watson,WAT338355,QB,QB,4,2120,2019,44824,32005741-5433-8355-e029-e49022cf4b81,Derrick,Watson,Deshaun,QB,QB,04,ACT,https://static.www.nfl.com/image/private/{formatInstructions}/league/dhtjbkg3d9yrse2vpans,28,22,0,78.57142857142857,61.90928571428572,16.662142857142847,201,2,120.38690476190477,2.9076785714285713,6.465357142857143,5.282272727272727,-1.1830844155844158,19.175895227344597,46.434483953200136,30.89218995150717,-3.534642857142857,25.0,,REG,9
2019,REG,9,week,15,1,Brian Hoyer,QB,2200,00-0026625,Brian Hoyer,B.Hoyer,HOY440791,QB,QB,2,2200,2019,34843,3200484f-5944-0791-71d1-a8236e0d6f80,Brian,Hoyer,Brian,QB,QB,02,ACT,https://static.www.nfl.com/image/private/{formatInstructions}/league/hartcqd9yt3gzqjddktl,26,17,1,65.38461538461539,60.089230769230774,5.295384615384613,168,3,105.9294871794872,2.514076923076923,6.606400000000001,6.42294117647059,-0.18345882352941079,19.277974551204583,36.01548694659007,36.01548694659007,-4.073599999999999,11.538461538461538,Jr.,REG,9
2019,REG,9,week,15,1,Gardner Minshew,QB,2250,00-0035289,Gardner Minshew,G.Minshew II,MIN604610,QB,QB,15,2250,2019,47961,32004d49-4e60-4610-dc98-dcddea9bb1f6,Gardner,Minshew,Gardner,QB,QB,15,ACT,https://static.www.nfl.com/image/private/{formatInstructions}/league/f8uc5gnrll70ueahgisk,47,27,2,57.446808510638306,65.19340425531912,-7.746595744680818,309,0,59.618794326241144,3.138702127659575,8.657727272727273,6.24037037037037,-2.417356902356903,21.030029401289223,43.47917662513862,42.747847899046334,-0.9331818181818187,12.76595744680851,,REG,9
2019,REG,9,week,15,1,Matt Moore,QB,2310,00-0025708,Matt Moore,M.Moore,MOO551757,QB,QB,8,2310,2019,32853,32004d4f-4f55-1757-fd6d-f3618d4bb006,Matt,Moore,Matt,QB,QB,08,ACT,https://static.www.nfl.com/image/private/{formatInstructions}/league/msbi07sk1mnbk0lcndna,35,25,0,71.42857142857143,60.49428571428571,10.934285714285721,275,1,103.8690476190476,2.4518235294117647,8.763529411764708,8.7068,-0.05672941176470836,20.359005267877375,48.9299100755356,48.9299100755356,0.587058823529412,22.857142857142858,,REG,9
2019,REG,9,week,15,1,Derek Carr,QB,2520,00-0031280,Derek Carr,D.Carr,CAR358797,QB,QB,4,2520,2019,41265,32004341-5235-8797-3b9a-0d2711c0bc27,Derek,Carr,Derek,QB,QB,04,ACT,https://static.www.nfl.com/image/private/{formatInstructions}/league/chtyn7pw8xqfpnrkd1fq,31,20,0,64.51612903225806,61.751935483870966,2.764193548387098,289,2,116.19623655913978,3.2062258064516134,7.518888888888889,8.133500000000002,0.6146111111111123,20.682824669513714,34.20780028005308,34.20780028005308,-0.221851851851851,6.451612903225806,,REG,9
2019,REG,9,week,15,1,Ryan Fitzpatrick,QB,2700,00-0023682,Ryan Fitzpatrick,R.Fitzpatrick,FIT792915,QB,QB,14,2700,2019,30078,32004649-5479-2915-c998-f50119c2fdd4,Ryan,Fitzpatrick,Ryan,QB,QB,14,ACT,https://static.www.nfl.com/image/private/{formatInstructions}/league/joilglqul2ldsy2pfjey,36,24,0,66.66666666666666,59.36333333333334,7.30333333333332,288,3,118.75,2.2850555555555556,9.509722222222221,7.631249999999999,-1.8784722222222223,21.826753571043255,59.28662665390907,39.58257318568362,-0.12916666666666732,30.555555555555557,,REG,9
2019,REG,9,week,15,1,Kirk Cousins,QB,3000,00-0029604,Kirk Cousins,K.Cousins,COU709400,QB,QB,8,3000,2019,38632,3200434f-5570-9400-e1ae-f835abb5963e,Kirk,Cousins,Kirk,QB,QB,08,ACT,https://static.www.nfl.com/image/private/{formatInstructions}/league/yoi19theqqakt4zpw9r4,38,19,0,50.0,59.67236842105264,-9.672368421052639,220,3,94.18859649122807,3.016921052631579,8.08918918918919,5.79,-2.29918918918919,22.0896296017452,46.890580077452654,32.7342771418585,-0.9108108108108097,10.526315789473683,,REG,9
2019,REG,9,week,15,1,Tom Brady,QB,3200,00-0019596,Tom Brady,T.Brady,BRA371156,QB,QB,12,3200,2019,25511,32004252-4137-1156-7ed0-8b9e44948f13,Tom,Brady,Tom,QB,QB,12,ACT,https://static.www.nfl.com/image/private/{formatInstructions}/league/apkxya5ptb0zalrskshq,46,30,1,65.21739130434783,67.01357142857142,-1.7961801242235964,285,1,80.43478260869566,2.9163043478260877,6.802820512820513,4.135714285714286,-2.6671062271062267,20.989642887965456,53.187765510500626,38.88056712549342,-1.7099999999999993,10.869565217391305,Jr.,REG,9
2019,REG,9,week,15,1,Daniel Jones,QB,3410,00-0035710,Daniel Jones,D.Jones,JON165462,QB,QB,8,3410,2019,47789,32004a4f-4e16-5462-39a4-3b4fa743c66f,Daniel,Jones,Daniel,QB,QB,08,ACT,https://static.www.nfl.com/image/private/{formatInstructions}/league/zgxgwbz4fsqrkxewbdz2,41,26,1,63.41463414634146,68.43146341463414,-5.016829268292675,210,1,74.23780487804878,2.504829268292683,6.6519512195121955,3.115,-3.5369512195121953,19.65061606669002,51.37841180885216,32.08660779826998,-2.7870731707317074,14.634146341463413,,REG,9
2019,REG,9,week,15,1,Sam Darnold,QB,3430,00-0034869,Sam Darnold,S.Darnold,DAR466141,QB,QB,14,3430,2019,46072,32004441-5246-6141-9e5c-6e7d32a03e33,Sam,Darnold,Sam,QB,QB,14,ACT,https://static.www.nfl.com/image/private/{formatInstructions}/league/eq43mbsq4xhpm9sfh0yl,39,27,1,69.23076923076923,63.25820512820511,5.972564102564114,260,1,85.41666666666666,2.956315789473684,6.601111111111111,4.97074074074074,-1.630370370370371,20.128102130318027,44.253941067434894,38.06678473420102,-1.5933333333333335,10.256410256410255,,REG,9
2019,REG,9,week,15,1,Carson Wentz,QB,3700,00-0032950,Carson Wentz,C.Wentz,WEN615770,QB,QB,11,3700,2019,43291,32005745-4e61-5770-9c68-1652f876bc72,Carson,Wentz,Carson,QB,QB,11,ACT,https://static.www.nfl.com/image/private/{formatInstructions}/league/e0lkzdsozcwd6jwr1mju,39,26,0,66.66666666666666,63.29641025641026,3.3702564102563954,239,1,91.72008547008546,2.4441794871794875,7.350769230769231,4.2807692307692315,-3.0699999999999994,20.945360755379873,49.806510618592824,28.855256020350954,-0.418461538461538,23.076923076923077,,REG,9
2019,REG,9,week,15,1,Kyler Murray,QB,3800,00-0035228,Kyler Murray,K.Murray,MUR670413,QB,QB,1,3800,2019,47784,32004d55-5267-0413-8d36-a5c3fd781aa0,Kyler,Murray,Kyler,QB,QB,01,ACT,https://static.www.nfl.com/image/private/{formatInstructions}/league/xg9gslvksigyhrkos7xu,24,17,0,70.83333333333334,74.24916666666665,-3.4158333333333104,241,2,130.72916666666669,2.4879583333333337,3.895652173913043,2.3070588235294114,-1.5885933503836318,18.26303219816084,34.0665304954878,34.0665304954878,-8.191304347826089,4.166666666666666,,REG,9
2019,REG,9,week,15,1,Mason Rudolph,QB,3900,00-0034771,Mason Rudolph,M.Rudolph,RUD321216,QB,QB,2,3900,2019,46145,32005255-4432-1216-a9be-28502c0847e4,Mason,Rudolph,Mason,QB,QB,02,ACT,https://static.www.nfl.com/image/private/{formatInstructions}/league/nfrmszsvdyrhtsox7yh9,35,26,1,74.28571428571429,66.56428571428572,7.721428571428575,191,1,84.3452380952381,2.8457428571428576,5.464705882352941,2.4784615384615396,-2.9862443438914017,17.900601385513937,53.55030252015389,44.8537824491982,-2.9176470588235284,14.285714285714285,,REG,9
2019,REG,9,week,15,1,Philip Rivers,QB,4400,00-0022942,Philip Rivers,P.Rivers,RIV651634,QB,QB,17,4400,2019,28956,32005249-5665-1634-a192-77c9c8e6262e,Philip,Rivers,Philip,QB,QB,17,ACT,https://static.www.nfl.com/image/private/{formatInstructions}/league/adapxtphf15elrdudiix,28,21,0,75.0,64.58428571428573,10.415714285714273,294,0,108.33333333333333,2.575499999999999,8.191153846153846,6.85142857142857,-1.339725274725276,19.956660979572934,48.73116559246249,48.73116559246249,-2.001153846153847,3.571428571428571,,REG,9
2019,REG,9,week,15,1,Jimmy Garoppolo,QB,4500,00-0031345,Jimmy Garoppolo,J.Garoppolo,GAR363225,QB,QB,10,4500,2019,41291,32004741-5236-3225-90e6-5bfdba41064c,James,Garoppolo,Jimmy,QB,QB,10,ACT,https://static.www.nfl.com/image/private/{formatInstructions}/league/hebg9avbsul4u2olmct8,37,28,0,75.67567567567568,65.61837837837837,10.05729729729731,317,4,136.88063063063066,2.7097027027027036,7.252432432432434,6.504285714285715,-0.7481467181467183,20.06891668865346,43.31665961267097,43.31665961267097,-1.315135135135135,10.81081081081081,,REG,9
2019,REG,9,week,15,1,Russell Wilson,QB,4600,00-0029263,Russell Wilson,R.Wilson,WIL777781,QB,QB,3,4600,2019,38605,32005749-4c77-7781-795c-94c753706d1d,Russell,Wilson,Russell,QB,QB,03,ACT,https://static.www.nfl.com/image/private/{formatInstructions}/league/rrpzsqysodir9laitnus,43,29,0,67.44186046511628,63.3753488372093,4.066511627906976,378,5,133.67248062015506,2.8179069767441867,8.391395348837209,6.8789655172413795,-1.5124298315958296,21.851586190797665,42.808229349039884,42.808229349039884,0.20534883720930228,16.27906976744186,,REG,9
2019,REG,9,week,15,1,Jameis Winston,QB,4900,00-0031503,Jameis Winston,J.Winston,WIN623708,QB,QB,3,4900,2019,42344,32005749-4e62-3708-9650-e59a3f7bea83,Jameis,Winston,Jameis,QB,QB,03,ACT,https://static.www.nfl.com/image/private/{formatInstructions}/league/iurpf1pdjrjfowtksptf,44,29,0,65.9090909090909,65.03272727272727,0.8763636363636351,335,2,103.88257575757575,2.8770000000000007,10.544418604651165,7.972413793103447,-2.5720048115477177,22.952195483467662,64.2075268173444,34.24139307913742,1.2420930232558143,9.090909090909092,,REG,9
2019,REG,9,week,15,1,Dwayne Haskins,QB,5110,00-0035232,Dwayne Haskins,D.Haskins,HAS285847,QB,QB,7,5110,2019,47798,32004841-5328-5847-4bf1-f4c48a3a3bc6,Dwayne,Haskins,Dwayne,QB,QB,07,ACT,https://static.www.nfl.com/image/private/{formatInstructions}/league/pt70n1epofri8mmj7kuv,22,15,0,68.18181818181817,64.83545454545455,3.3463636363636198,144,0,86.17424242424242,2.9635000000000002,6.826363636363637,4.412666666666667,-2.4136969696969697,21.819551392321372,39.89541953658339,30.267257887030336,-3.5827272727272725,22.727272727272727,,REG,9
2019,REG,10,week,15,1,Matt Ryan,QB,0200,00-0026143,Matt Ryan,M.Ryan,RYA238179,QB,QB,2,0200,2019,33084,32005259-4123-8179-1aae-5603693aba86,Matthew,Ryan,Matt,QB,QB,02,ACT,https://static.www.nfl.com/image/private/{formatInstructions}/league/nsup3rrfi8jfj8oduf1t,35,20,1,57.14285714285714,56.01428571428573,1.1285714285714121,182,2,78.51190476190476,2.670228571428571,8.378437499999999,5.211499999999999,-3.1669374999999995,21.904243174895928,51.4203549190396,32.094804875555795,-1.871562500000001,22.857142857142858,,REG,10
2019,REG,10,week,15,1,Lamar Jackson,QB,0325,00-0034796,Lamar Jackson,L.Jackson,JAC323395,QB,QB,8,0325,2019,46101,32004a41-4332-3395-efb0-6c7b75de50af,Lamar,Jackson,Lamar,QB,QB,08,ACT,https://static.www.nfl.com/image/private/{formatInstructions}/league/rojvfogdbjpld2ldvdop,17,15,0,88.23529411764706,61.815294117647056,26.42,223,3,158.33333333333331,2.8934374999999997,11.36375,10.596,-0.7677499999999995,21.54699488229389,46.26867839046194,46.26867839046194,3.426249999999999,17.647058823529413,,REG,10
2019,REG,10,week,15,1,Josh Allen,QB,0610,00-0034857,Josh Allen,Jos.Allen,ALL529264,QB,QB,17,0610,2019,46076,3200414c-4c52-9264-bedc-c4ddaf201fe7,Joshua,Allen,Josh,QB,QB,17,ACT,https://static.www.nfl.com/image/private/{formatInstructions}/league/uyhjaf2okyygjyfzk8hc,41,22,0,53.65853658536586,64.87048780487807,-11.211951219512208,266,0,73.83130081300813,2.91919512195122,9.610769230769233,7.373636363636364,-2.2371328671328685,22.296712137434945,55.91601022962923,35.213920542876224,0.9697435897435907,17.073170731707318,,REG,10
2019,REG,10,week,15,1,Kyle Allen,QB,0750,00-0034577,Kyle Allen,K.Allen,ALL543234,QB,QB,7,0750,2019,46761,3200414c-4c54-3234-6e5f-74f0c92c233b,Kyle,Allen,Kyle,QB,QB,07,ACT,https://static.www.nfl.com/image/private/{formatInstructions}/league/jecyn8sprawuwe2gs9rz,43,28,1,65.11627906976744,55.77534883720931,9.340930232558136,307,1,84.15697674418605,2.9459069767441863,8.558947368421054,6.068571428571429,-2.490375939849624,21.469987515493674,46.70611523130563,34.364496213388605,-0.09894736842105183,9.30232558139535,,REG,10
2019,REG,10,week,15,1,Mitchell Trubisky,QB,0810,00-0033869,Mitchell Trubisky,M.Trubisky,TRU215336,QB,QB,10,0810,2019,44814,32005452-5521-5336-8519-c8cb45ea9b74,Mitchell,Trubisky,Mitchell,QB,QB,10,ACT,https://static.www.nfl.com/image/private/{formatInstructions}/league/yxl8earcwsagar5mbjfi,23,16,0,69.56521739130434,70.37045454545455,-0.8052371541502055,173,3,130.97826086956522,2.914434782608696,10.108636363636366,7.730625000000001,-2.3780113636363653,22.785782276002422,57.39530033025352,38.864648461037184,1.3359090909090912,8.695652173913043,,REG,10
2019,REG,10,week,15,1,Ryan Finley,QB,0920,00-0035652,Ryan Finley,R.Finley,FIN412269,QB,QB,5,0920,2019,47887,32004649-4e41-2269-1f0e-36f6ef3dd338,Ryan,Finley,Ryan,QB,QB,05,ACT,https://static.www.nfl.com/image/private/{formatInstructions}/league/w7ddgzr7d6w86ga2fajh,30,16,1,53.333333333333336,57.989999999999995,-4.656666666666659,167,1,66.94444444444444,3.059566666666667,7.342413793103447,4.889375,-2.453038793103447,21.531366945142782,38.86028949969364,29.270478301524214,-1.6231034482758615,16.666666666666664,,REG,10
2019,REG,10,week,15,1,Baker Mayfield,QB,1050,00-0034855,Baker Mayfield,B.Mayfield,MAY483453,QB,QB,6,1050,2019,46073,32004d41-5948-3453-e6ac-1ecff99fdcf6,Baker,Mayfield,Baker,QB,QB,06,ACT,https://static.www.nfl.com/image/private/{formatInstructions}/league/mrajlbudbl0hcfzmrqz3,38,26,0,68.42105263157895,69.76105263157893,-1.3399999999999892,238,2,102.74122807017545,2.207921052631579,6.744736842105262,4.2480769230769235,-2.496659919028338,20.28367546629149,54.6025429810737,35.32715669283335,-0.4657894736842106,21.052631578947366,,REG,10
2019,REG,10,week,15,1,Dak Prescott,QB,1200,00-0033077,Dak Prescott,D.Prescott,PRE285723,QB,QB,4,1200,2019,43424,32005052-4528-5723-d1b2-96e92ebc1241,Rayne,Prescott,Dak,QB,QB,04,ACT,https://static.www.nfl.com/image/private/{formatInstructions}/league/httrtiv5us06hh6asf07,46,28,1,60.86956521739131,54.15608695652174,6.713478260869572,397,3,101.44927536231883,3.2394565217391307,12.836,10.881428571428572,-1.9545714285714286,25.82251641967818,67.26060139487308,39.77919556753253,4.836,23.91304347826087,,REG,10
2019,REG,10,week,15,1,Jeff Driskel,QB,1540,00-0032436,Jeff Driskel,J.Driskel,DRI392790,QB,QB,2,1540,2019,43496,32004452-4939-2790-3aab-117735a7f4ab,Jeffrey,Driskel,Jeff,QB,QB,02,ACT,https://static.www.nfl.com/image/private/{formatInstructions}/league/mrglnsl7z78rbilz3be2,46,27,1,58.69565217391305,64.35152173913045,-5.655869565217401,269,1,73.55072463768117,2.971818181818181,7.055348837209303,5.152962962962963,-1.90238587424634,18.55653402303558,54.13012192855288,54.13012192855288,-2.595813953488372,13.043478260869565,,REG,10
2019,REG,10,week,15,1,Aaron Rodgers,QB,1800,00-0023459,Aaron Rodgers,A.Rodgers,ROD339293,QB,QB,12,1800,2019,29851,3200524f-4433-9293-a3cf-ad7758d03003,Aaron,Rodgers,Aaron,QB,QB,12,ACT,https://static.www.nfl.com/image/private/{formatInstructions}/league/ejjiyjumtzwxiffdhkgz,29,17,0,58.620689655172406,61.74310344827586,-3.122413793103455,233,0,84.41091954022988,3.0801034482758625,11.732222222222221,6.508235294117646,-5.223986928104575,25.583766472461463,53.53653145283134,46.16231471666039,2.5840740740740733,17.24137931034483,,REG,10
2019,REG,10,week,15,1,Ryan Tannehill,QB,2100,00-0029701,Ryan Tannehill,R.Tannehill,TAN298716,QB,QB,17,2100,2019,38538,32005441-4e29-8716-6443-cc1663c47ac9,Ryan,Tannehill,Ryan,QB,QB,17,ACT,https://static.www.nfl.com/image/private/{formatInstructions}/league/e2b84kobkdgravu7u6qy,19,13,0,68.42105263157895,59.06157894736843,9.359473684210514,181,2,133.88157894736844,2.666105263157894,13.055789473684209,9.67230769230769,-3.383481781376519,24.77291736774038,56.9735666778902,56.9735666778902,3.161052631578947,31.57894736842105,,REG,10
2019,REG,10,week,15,1,Brian Hoyer,QB,2200,00-0026625,Brian Hoyer,B.Hoyer,HOY440791,QB,QB,2,2200,2019,34843,3200484f-5944-0791-71d1-a8236e0d6f80,Brian,Hoyer,Brian,QB,QB,02,ACT,https://static.www.nfl.com/image/private/{formatInstructions}/league/hartcqd9yt3gzqjddktl,39,18,3,46.15384615384615,52.628461538461536,-6.474615384615383,204,1,38.835470085470085,2.744794871794871,10.614871794871798,5.742222222222223,-4.872649572649575,23.870806788207137,47.63404034931323,33.232818117036054,1.5635897435897437,33.33333333333333,Jr.,REG,10
2019,REG,10,week,15,1,Patrick Mahomes,QB,2310,00-0033873,Patrick Mahomes,P.Mahomes,MAH401939,QB,QB,15,2310,2019,44822,32004d41-4840-1939-e4c1-bb89191b4e71,Patrick,Mahomes,Patrick,QB,QB,15,ACT,https://static.www.nfl.com/image/private/{formatInstructions}/league/ugt3pz3jk8v1cbuvj3om,50,36,0,72.0,69.5536,2.446399999999997,446,3,119.25000000000001,2.5753,8.178163265306123,5.434722222222222,-2.7434410430839016,21.187265983877694,54.87288674746391,40.22054823097269,-1.0871428571428574,12.0,,REG,10
2019,REG,10,week,15,1,Jared Goff,QB,2510,00-0033106,Jared Goff,J.Goff,GOF219636,QB,QB,16,2510,2019,43290,3200474f-4621-9636-7354-d2eb6365d257,Jared,Goff,Jared,QB,QB,16,ACT,https://static.www.nfl.com/image/private/{formatInstructions}/league/kke5xst7v1ciq1udqqyr,41,22,2,53.65853658536586,64.08243902439027,-10.42390243902441,243,0,51.16869918699187,2.6558536585365853,7.291463414634146,6.545909090909091,-0.745554323725055,20.623009021619325,46.53990223453419,38.511158123328364,-3.025609756097562,9.75609756097561,,REG,10
2019,REG,10,week,15,1,Derek Carr,QB,2520,00-0031280,Derek Carr,D.Carr,CAR358797,QB,QB,4,2520,2019,41265,32004341-5235-8797-3b9a-0d2711c0bc27,Derek,Carr,Derek,QB,QB,04,ACT,https://static.www.nfl.com/image/private/{formatInstructions}/league/chtyn7pw8xqfpnrkd1fq,31,21,0,67.74193548387096,74.22967741935483,-6.487741935483868,218,1,98.58870967741935,2.956774193548387,5.783333333333331,3.9680952380952372,-1.8152380952380942,17.739884995141207,41.27555814280409,34.98242415842561,-3.4166666666666674,12.903225806451612,,REG,10
2019,REG,10,week,15,1,Ryan Fitzpatrick,QB,2700,00-0023682,Ryan Fitzpatrick,R.Fitzpatrick,FIT792915,QB,QB,14,2700,2019,30078,32004649-5479-2915-c998-f50119c2fdd4,Ryan,Fitzpatrick,Ryan,QB,QB,14,ACT,https://static.www.nfl.com/image/private/{formatInstructions}/league/joilglqul2ldsy2pfjey,33,21,1,63.63636363636363,71.11575757575758,-7.479393939393951,169,0,63.82575757575757,2.6575757575757573,5.846363636363637,3.6776190476190487,-2.168744588744588,17.22449732637242,38.38193455259909,26.00846400693436,-2.6990909090909088,9.090909090909092,,REG,10
2019,REG,10,week,15,1,Kirk Cousins,QB,3000,00-0029604,Kirk Cousins,K.Cousins,COU709400,QB,QB,8,3000,2019,38632,3200434f-5570-9400-e1ae-f835abb5963e,Kirk,Cousins,Kirk,QB,QB,08,ACT,https://static.www.nfl.com/image/private/{formatInstructions}/league/yoi19theqqakt4zpw9r4,32,23,0,71.875,61.18968749999999,10.685312500000009,220,2,111.45833333333333,2.83665625,7.045806451612902,3.9400000000000013,-3.105806451612901,19.235770845891484,40.615938989514945,40.615938989514945,0.3361290322580653,6.25,,REG,10
2019,REG,10,week,15,1,Drew Brees,QB,3300,00-0020531,Drew Brees,D.Brees,BRE229498,QB,QB,9,3300,2019,26250,32004252-4522-9498-de45-55dc89e02748,Drew,Brees,Drew,QB,QB,09,ACT,https://static.www.nfl.com/image/private/{formatInstructions}/league/i20xlpzdmn7xubotijjd,45,32,0,71.11111111111111,66.13133333333333,4.979777777777784,287,0,87.91666666666667,2.481348837209303,5.740465116279069,3.9512499999999995,-1.78921511627907,18.296380471001548,36.836036703206815,32.03066655566194,-3.3293023255813945,20.0,,REG,10
2019,REG,10,week,15,1,Daniel Jones,QB,3410,00-0035710,Daniel Jones,D.Jones,JON165462,QB,QB,8,3410,2019,47789,32004a4f-4e16-5462-39a4-3b4fa743c66f,Daniel,Jones,Daniel,QB,QB,08,ACT,https://static.www.nfl.com/image/private/{formatInstructions}/league/zgxgwbz4fsqrkxewbdz2,40,26,0,65.0,64.59424999999999,0.4057500000000118,308,4,121.66666666666669,2.7419749999999996,7.648947368421053,5.076153846153847,-2.5727935222672063,20.923258012860487,47.07627958961923,33.18895147485079,-1.3510526315789468,7.5,,REG,10
2019,REG,10,week,15,1,Sam Darnold,QB,3430,00-0034869,Sam Darnold,S.Darnold,DAR466141,QB,QB,14,3430,2019,46072,32004441-5246-6141-9e5c-6e7d32a03e33,Sam,Darnold,Sam,QB,QB,14,ACT,https://static.www.nfl.com/image/private/{formatInstructions}/league/eq43mbsq4xhpm9sfh0yl,30,19,0,63.33333333333333,59.36166666666668,3.97166666666665,230,1,97.91666666666666,2.9507,7.646666666666668,5.292105263157896,-2.3545614035087725,18.741255826898325,52.61329964942325,26.99102443405956,-1.0570370370370372,13.333333333333334,,REG,10
2019,REG,10,week,15,1,Kyler Murray,QB,3800,00-0035228,Kyler Murray,K.Murray,MUR670413,QB,QB,1,3800,2019,47784,32004d55-5267-0413-8d36-a5c3fd781aa0,Kyler,Murray,Kyler,QB,QB,01,ACT,https://static.www.nfl.com/image/private/{formatInstructions}/league/xg9gslvksigyhrkos7xu,44,27,1,61.36363636363637,64.46,-3.096363636363627,324,3,97.1590909090909,3.08875,10.087619047619048,6.471851851851852,-3.615767195767196,23.924367430132282,50.60585144032258,50.34536125602835,0.587619047619048,15.909090909090908,,REG,10
2019,REG,10,week,15,1,Mason Rudolph,QB,3900,00-0034771,Mason Rudolph,M.Rudolph,RUD321216,QB,QB,2,3900,2019,46145,32005255-4432-1216-a9be-28502c0847e4,Mason,Rudolph,Mason,QB,QB,02,ACT,https://static.www.nfl.com/image/private/{formatInstructions}/league/nfrmszsvdyrhtsox7yh9,38,22,0,57.89473684210527,62.831842105263156,-4.937105263157889,242,1,85.6359649122807,2.6489473684210534,5.891666666666669,5.8618181818181805,-0.029848484848488788,18.965766331799582,35.847702855273724,35.847702855273724,-3.0249999999999995,15.789473684210526,,REG,10
2019,REG,10,week,15,1,Philip Rivers,QB,4400,00-0022942,Philip Rivers,P.Rivers,RIV651634,QB,QB,17,4400,2019,28956,32005249-5665-1634-a192-77c9c8e6262e,Philip,Rivers,Philip,QB,QB,17,ACT,https://static.www.nfl.com/image/private/{formatInstructions}/league/adapxtphf15elrdudiix,31,17,3,54.83870967741935,56.80483870967742,-1.966129032258067,207,2,57.5268817204301,2.737451612903226,12.851935483870967,8.309411764705882,-4.542523719165086,23.399667908094962,52.49024004517411,43.984826929294606,4.529354838709677,22.58064516129032,,REG,10
2019,REG,10,week,15,1,Jimmy Garoppolo,QB,4500,00-0031345,Jimmy Garoppolo,J.Garoppolo,GAR363225,QB,QB,10,4500,2019,41291,32004741-5236-3225-90e6-5bfdba41064c,James,Garoppolo,Jimmy,QB,QB,10,ACT,https://static.www.nfl.com/image/private/{formatInstructions}/league/hebg9avbsul4u2olmct8,46,24,1,52.17391304347826,63.15217391304348,-10.978260869565219,248,1,66.21376811594203,2.745244444444444,7.961363636363635,3.6174999999999997,-4.343863636363635,20.38288445996227,47.47712923082017,26.530454198901303,-0.5840909090909094,17.391304347826086,,REG,10
2019,REG,10,week,15,1,Russell Wilson,QB,4600,00-0029263,Russell Wilson,R.Wilson,WIL777781,QB,QB,3,4600,2019,38605,32005749-4c77-7781-795c-94c753706d1d,Russell,Wilson,Russell,QB,QB,03,ACT,https://static.www.nfl.com/image/private/{formatInstructions}/league/rrpzsqysodir9laitnus,34,24,1,70.58823529411765,64.53588235294117,6.05235294117648,232,1,86.88725490196077,2.7084848484848476,5.6757575757575776,3.4487500000000004,-2.227007575757577,18.458465863561848,38.01586247870749,29.446690815777586,-1.9303030303030297,29.411764705882355,,REG,10
2019,REG,10,week,15,1,Jameis Winston,QB,4900,00-0031503,Jameis Winston,J.Winston,WIN623708,QB,QB,3,4900,2019,42344,32005749-4e62-3708-9650-e59a3f7bea83,Jameis,Winston,Jameis,QB,QB,03,ACT,https://static.www.nfl.com/image/private/{formatInstructions}/league/iurpf1pdjrjfowtksptf,48,30,2,62.5,63.60479166666667,-1.1047916666666708,358,1,74.82638888888889,2.463416666666667,9.254000000000001,4.837666666666666,-4.416333333333335,22.53780586858721,44.19255706564172,32.35758025563717,-1.3682222222222233,12.5,,REG,10
2019,REG,11,week,15,1,Matt Ryan,QB,0200,00-0026143,Matt Ryan,M.Ryan,RYA238179,QB,QB,2,0200,2019,33084,32005259-4123-8179-1aae-5603693aba86,Matthew,Ryan,Matt,QB,QB,02,ACT,https://static.www.nfl.com/image/private/{formatInstructions}/league/nsup3rrfi8jfj8oduf1t,31,21,0,67.74193548387096,59.24096774193548,8.500967741935483,311,1,111.08870967741937,2.735225806451613,10.113666666666669,11.486190476190476,1.3725238095238073,21.289638895301074,52.18394101637016,52.18394101637016,0.6136666666666669,25.806451612903224,,REG,11
2019,REG,11,week,15,1,Lamar Jackson,QB,0325,00-0034796,Lamar Jackson,L.Jackson,JAC323395,QB,QB,8,0325,2019,46101,32004a41-4332-3395-efb0-6c7b75de50af,Lamar,Jackson,Lamar,QB,QB,08,ACT,https://static.www.nfl.com/image/private/{formatInstructions}/league/rojvfogdbjpld2ldvdop,24,17,0,70.83333333333334,64.22833333333332,6.605000000000018,222,4,139.23611111111114,3.1470833333333332,9.1025,5.893529411764706,-3.2089705882352932,21.00362410511271,39.268715283288806,29.03204608703975,-0.18916666666666693,25.0,,REG,11
2019,REG,11,week,15,1,Josh Allen,QB,0610,00-0034857,Josh Allen,Jos.Allen,ALL529264,QB,QB,17,0610,2019,46076,3200414c-4c52-9264-bedc-c4ddaf201fe7,Joshua,Allen,Josh,QB,QB,17,ACT,https://static.www.nfl.com/image/private/{formatInstructions}/league/uyhjaf2okyygjyfzk8hc,33,21,0,63.63636363636363,59.424242424242436,4.212121212121197,256,3,117.73989898989899,2.886909090909091,8.115806451612903,6.868095238095239,-1.2477112135176638,21.676847484026915,41.26270955717765,36.22432884126357,-0.4003225806451612,21.21212121212121,,REG,11
2019,REG,11,week,15,1,Kyle Allen,QB,0750,00-0034577,Kyle Allen,K.Allen,ALL543234,QB,QB,7,0750,2019,46761,3200414c-4c54-3234-6e5f-74f0c92c233b,Kyle,Allen,Kyle,QB,QB,07,ACT,https://static.www.nfl.com/image/private/{formatInstructions}/league/jecyn8sprawuwe2gs9rz,50,31,4,62.0,64.09219999999999,-2.092199999999991,325,0,47.5,2.74342,7.2842553191489365,5.235483870967743,-2.048771448181194,19.3520859784586,48.12088631768954,35.03475417353461,-1.5880851063829782,16.0,,REG,11
2019,REG,11,week,15,1,Mitchell Trubisky,QB,0810,00-0033869,Mitchell Trubisky,M.Trubisky,TRU215336,QB,QB,10,0810,2019,44814,32005452-5521-5336-8519-c8cb45ea9b74,Mitchell,Trubisky,Mitchell,QB,QB,10,ACT,https://static.www.nfl.com/image/private/{formatInstructions}/league/yxl8earcwsagar5mbjfi,43,24,1,55.81395348837209,58.17162790697677,-2.357674418604674,190,1,65.06782945736434,2.466372093023255,7.041951219512193,3.6829166666666673,-3.359034552845526,22.08646867690528,38.67820057862051,33.89721227475793,-0.6897560975609749,20.930232558139537,,REG,11
2019,REG,11,week,15,1,Ryan Finley,QB,0920,00-0035652,Ryan Finley,R.Finley,FIN412269,QB,QB,5,0920,2019,47887,32004649-4e41-2269-1f0e-36f6ef3dd338,Ryan,Finley,Ryan,QB,QB,05,ACT,https://static.www.nfl.com/image/private/{formatInstructions}/league/w7ddgzr7d6w86ga2fajh,31,13,1,41.935483870967744,61.120000000000005,-19.18451612903226,115,0,39.045698924731184,2.983741935483872,5.847333333333331,4.359999999999999,-1.4873333333333312,19.656818024298648,35.19688196417404,28.590802716957768,-3.186000000000001,35.483870967741936,,REG,11
2019,REG,11,week,15,1,Baker Mayfield,QB,1050,00-0034855,Baker Mayfield,B.Mayfield,MAY483453,QB,QB,6,1050,2019,46073,32004d41-5948-3453-e6ac-1ecff99fdcf6,Baker,Mayfield,Baker,QB,QB,06,ACT,https://static.www.nfl.com/image/private/{formatInstructions}/league/mrajlbudbl0hcfzmrqz3,32,17,0,53.125,57.739375,-4.614375000000003,193,2,92.31770833333334,3.15721875,8.842000000000002,7.904117647058824,-0.9378823529411786,23.091147498160595,45.83689561914069,45.83689561914069,0.3086666666666673,18.75,,REG,11
2019,REG,11,week,15,1,Dak Prescott,QB,1200,00-0033077,Dak Prescott,D.Prescott,PRE285723,QB,QB,4,1200,2019,43424,32005052-4528-5723-d1b2-96e92ebc1241,Rayne,Prescott,Dak,QB,QB,04,ACT,https://static.www.nfl.com/image/private/{formatInstructions}/league/httrtiv5us06hh6asf07,46,29,0,63.04347826086957,62.908043478260865,0.135434782608705,444,3,116.57608695652175,3.0700652173913046,10.120444444444447,7.658620689655173,-2.4618237547892736,23.448973838751986,48.514230901870434,48.26741033036681,2.031555555555556,15.217391304347828,,REG,11
2019,REG,11,week,15,1,Brandon Allen,QB,1400,00-0032434,Brandon Allen,B.Allen,ALL063816,QB,QB,2,1400,2019,43490,3200414c-4c06-3816-a995-21614b984798,Brandon,Allen,Brandon,QB,QB,02,ACT,https://static.www.nfl.com/image/private/{formatInstructions}/league/ee95jejz4ud7xjdpx8ye,39,17,1,43.58974358974359,49.969487179487174,-6.379743589743583,240,1,61.912393162393165,2.6820512820512814,8.497428571428571,9.115294117647059,0.6178655462184874,21.850523614749843,56.75042643011592,56.75042643011592,1.1545714285714286,33.33333333333333,,REG,11
2019,REG,11,week,15,1,Jeff Driskel,QB,1540,00-0032436,Jeff Driskel,J.Driskel,DRI392790,QB,QB,2,1540,2019,43496,32004452-4939-2790-3aab-117735a7f4ab,Jeffrey,Driskel,Jeff,QB,QB,02,ACT,https://static.www.nfl.com/image/private/{formatInstructions}/league/mrglnsl7z78rbilz3be2,26,15,0,57.692307692307686,51.14384615384615,6.548461538461538,209,2,109.29487179487178,3.3916153846153843,10.112083333333333,9.520000000000001,-0.5920833333333313,21.766248829128173,49.30489833677786,49.30489833677786,-0.2212499999999998,38.46153846153847,,REG,11
2019,REG,11,week,15,1,Deshaun Watson,QB,2120,00-0033537,Deshaun Watson,D.Watson,WAT338355,QB,QB,4,2120,2019,44824,32005741-5433-8355-e029-e49022cf4b81,Derrick,Watson,Deshaun,QB,QB,04,ACT,https://static.www.nfl.com/image/private/{formatInstructions}/league/dhtjbkg3d9yrse2vpans,29,18,1,62.06896551724138,65.87413793103448,-3.805172413793102,169,0,63.7212643678161,2.780620689655172,8.010000000000002,4.5505555555555555,-3.459444444444446,20.63894052737658,55.71244026247639,37.13558401318067,0.32034482758620725,20.689655172413794,,REG,11
2019,REG,11,week,15,1,Jacoby Brissett,QB,2200,00-0033119,Jacoby Brissett,J.Brissett,BRI516391,QB,QB,7,2200,2019,43380,32004252-4951-6391-fb1e-f908d9b96e12,Jacoby,Brissett,Jacoby,QB,QB,07,ACT,https://static.www.nfl.com/image/private/{formatInstructions}/league/qbvf9c5eedjgkw9xqwup,24,15,1,62.5,58.95291666666667,3.547083333333333,148,1,76.3888888888889,3.0669166666666663,7.94142857142857,4.712666666666666,-3.228761904761904,21.090685281401335,48.61768608233016,30.113292745895453,-1.1061904761904764,20.833333333333336,,REG,11
2019,REG,11,week,15,1,Nick Foles,QB,2250,00-0029567,Nick Foles,N.Foles,FOL058566,QB,QB,7,2250,2019,38618,3200464f-4c05-8566-67a5-109ec305cdd5,Nick,Foles,Nick,QB,QB,07,ACT,https://static.www.nfl.com/image/private/{formatInstructions}/league/urh5iskpc9copfq79exn,47,33,1,70.2127659574468,65.48382978723404,4.728936170212762,296,2,92.15425531914894,2.668191489361702,8.330869565217393,4.641818181818182,-3.689051383399211,21.390224718100097,46.207899757509,36.768308364677324,-1.1691304347826088,21.27659574468085,,REG,11
2019,REG,11,week,15,1,Patrick Mahomes,QB,2310,00-0033873,Patrick Mahomes,P.Mahomes,MAH401939,QB,QB,15,2310,2019,44822,32004d41-4840-1939-e4c1-bb89191b4e71,Patrick,Mahomes,Patrick,QB,QB,15,ACT,https://static.www.nfl.com/image/private/{formatInstructions}/league/ugt3pz3jk8v1cbuvj3om,32,19,1,59.375,69.9340625,-10.559062499999996,182,1,72.65625,2.630406250000001,7.486875000000003,4.126842105263158,-3.360032894736845,21.498966054680913,59.2587790964343,38.59525618518421,-2.044375,15.625,,REG,11
2019,REG,11,week,15,1,Jared Goff,QB,2510,00-0033106,Jared Goff,J.Goff,GOF219636,QB,QB,16,2510,2019,43290,3200474f-4621-9636-7354-d2eb6365d257,Jared,Goff,Jared,QB,QB,16,ACT,https://static.www.nfl.com/image/private/{formatInstructions}/league/kke5xst7v1ciq1udqqyr,18,11,1,61.111111111111114,59.02666666666667,2.0844444444444434,173,0,69.9074074074074,3.0947777777777783,8.49,6.2345454545454535,-2.2554545454545467,24.031812780275274,47.667206756846994,47.667206756846994,-1.9475000000000011,5.555555555555555,,REG,11
2019,REG,11,week,15,1,Derek Carr,QB,2520,00-0031280,Derek Carr,D.Carr,CAR358797,QB,QB,4,2520,2019,41265,32004341-5235-8797-3b9a-0d2711c0bc27,Derek,Carr,Derek,QB,QB,04,ACT,https://static.www.nfl.com/image/private/{formatInstructions}/league/chtyn7pw8xqfpnrkd1fq,29,25,1,86.20689655172413,72.06862068965518,14.138275862068951,292,1,105.74712643678164,2.7795517241379306,6.155357142857141,5.854799999999999,-0.30055714285714163,17.760538879859556,37.867730325436725,37.867730325436725,-2.2017857142857142,10.344827586206897,,REG,11
2019,REG,11,week,15,1,Ryan Fitzpatrick,QB,2700,00-0023682,Ryan Fitzpatrick,R.Fitzpatrick,FIT792915,QB,QB,14,2700,2019,30078,32004649-5479-2915-c998-f50119c2fdd4,Ryan,Fitzpatrick,Ryan,QB,QB,14,ACT,https://static.www.nfl.com/image/private/{formatInstructions}/league/joilglqul2ldsy2pfjey,45,32,0,71.11111111111111,68.03866666666667,3.072444444444443,323,0,91.25000000000001,2.53328888888889,6.900909090909093,5.5409375,-1.359971590909093,19.30704919641393,38.826887590946555,36.46185541082626,-3.235454545454546,13.333333333333334,,REG,11
2019,REG,11,week,15,1,Kirk Cousins,QB,3000,00-0029604,Kirk Cousins,K.Cousins,COU709400,QB,QB,8,3000,2019,38632,3200434f-5570-9400-e1ae-f835abb5963e,Kirk,Cousins,Kirk,QB,QB,08,ACT,https://static.www.nfl.com/image/private/{formatInstructions}/league/yoi19theqqakt4zpw9r4,35,29,0,82.85714285714286,64.05657142857143,18.80057142857143,319,3,133.2142857142857,2.6637142857142857,8.092285714285714,6.7189655172413785,-1.3733201970443352,21.85419993157808,48.57665385758884,47.4322306032512,-1.1648571428571433,20.0,,REG,11
2019,REG,11,week,15,1,Tom Brady,QB,3200,00-0019596,Tom Brady,T.Brady,BRA371156,QB,QB,12,3200,2019,25511,32004252-4137-1156-7ed0-8b9e44948f13,Tom,Brady,Tom,QB,QB,12,ACT,https://static.www.nfl.com/image/private/{formatInstructions}/league/apkxya5ptb0zalrskshq,47,26,0,55.319148936170215,61.538510638297886,-6.219361702127671,216,0,67.33156028368795,2.8539574468085105,6.5622727272727275,2.6276923076923073,-3.93458041958042,18.56427929394161,50.76922296037236,22.693598216237106,-2.3240909090909097,12.76595744680851,Jr.,REG,11
2019,REG,11,week,15,1,Drew Brees,QB,3300,00-0020531,Drew Brees,D.Brees,BRE229498,QB,QB,9,3300,2019,26250,32004252-4522-9498-de45-55dc89e02748,Drew,Brees,Drew,QB,QB,09,ACT,https://static.www.nfl.com/image/private/{formatInstructions}/league/i20xlpzdmn7xubotijjd,35,28,0,80.0,73.17028571428571,6.829714285714289,228,3,122.3809523809524,2.3884285714285713,4.473823529411765,3.1092857142857144,-1.364537815126051,18.606328971342833,38.5773936392805,33.531755098712026,-4.143823529411765,5.714285714285714,,REG,11
2019,REG,11,week,15,1,Sam Darnold,QB,3430,00-0034869,Sam Darnold,S.Darnold,DAR466141,QB,QB,14,3430,2019,46072,32004441-5246-6141-9e5c-6e7d32a03e33,Sam,Darnold,Sam,QB,QB,14,ACT,https://static.www.nfl.com/image/private/{formatInstructions}/league/eq43mbsq4xhpm9sfh0yl,30,19,1,63.33333333333333,55.096999999999994,8.236333333333334,293,4,121.25000000000001,3.4699,11.247407407407408,10.867368421052632,-0.3800389863547764,22.714299615925384,45.30557802302052,38.78264689265032,2.617777777777778,20.0,,REG,11
2019,REG,11,week,15,1,Carson Wentz,QB,3700,00-0032950,Carson Wentz,C.Wentz,WEN615770,QB,QB,11,3700,2019,43291,32005745-4e61-5770-9c68-1652f876bc72,Carson,Wentz,Carson,QB,QB,11,ACT,https://static.www.nfl.com/image/private/{formatInstructions}/league/e0lkzdsozcwd6jwr1mju,40,20,0,50.0,58.58674999999999,-8.586749999999988,214,1,74.375,2.9491025641025637,10.490000000000002,6.714500000000001,-3.775500000000001,23.20515944975092,57.964476190163225,42.44997055358225,1.464358974358975,22.5,,REG,11
2019,REG,11,week,15,1,Kyler Murray,QB,3800,00-0035228,Kyler Murray,K.Murray,MUR670413,QB,QB,1,3800,2019,47784,32004d55-5267-0413-8d36-a5c3fd781aa0,Kyler,Murray,Kyler,QB,QB,01,ACT,https://static.www.nfl.com/image/private/{formatInstructions}/league/xg9gslvksigyhrkos7xu,33,24,0,72.72727272727273,72.12363636363635,0.6036363636363831,150,2,101.83080808080808,2.7188181818181816,4.048787878787878,2.6820833333333325,-1.3667045454545454,18.685490083169345,33.26345893018343,33.258508685748374,-4.7693939393939395,15.151515151515152,,REG,11
2019,REG,11,week,15,1,Mason Rudolph,QB,3900,00-0034771,Mason Rudolph,M.Rudolph,RUD321216,QB,QB,2,3900,2019,46145,32005255-4432-1216-a9be-28502c0847e4,Mason,Rudolph,Mason,QB,QB,02,ACT,https://static.www.nfl.com/image/private/{formatInstructions}/league/nfrmszsvdyrhtsox7yh9,44,23,4,52.27272727272727,58.03886363636362,-5.766136363636349,221,1,36.268939393939384,2.9930000000000003,9.593953488372096,4.135652173913044,-5.458301314459051,22.576446290998536,51.587758237783504,30.660940950988444,0.38465116279069783,20.454545454545457,,REG,11
2019,REG,11,week,15,1,Philip Rivers,QB,4400,00-0022942,Philip Rivers,P.Rivers,RIV651634,QB,QB,17,4400,2019,28956,32005249-5665-1634-a192-77c9c8e6262e,Philip,Rivers,Philip,QB,QB,17,ACT,https://static.www.nfl.com/image/private/{formatInstructions}/league/adapxtphf15elrdudiix,52,28,4,53.84615384615385,60.91788461538463,-7.071730769230783,353,1,49.59935897435897,2.4499800000000014,7.832708333333335,4.760357142857144,-3.0723511904761915,18.99545783724651,56.50273002253962,56.50273002253962,-1.7714583333333314,25.0,,REG,11
2019,REG,11,week,15,1,Jimmy Garoppolo,QB,4500,00-0031345,Jimmy Garoppolo,J.Garoppolo,GAR363225,QB,QB,10,4500,2019,41291,32004741-5236-3225-90e6-5bfdba41064c,James,Garoppolo,Jimmy,QB,QB,10,ACT,https://static.www.nfl.com/image/private/{formatInstructions}/league/hebg9avbsul4u2olmct8,45,34,2,75.55555555555556,64.52111111111111,11.034444444444446,424,4,115.41666666666669,2.746955555555556,5.564318181818181,4.956470588235295,-0.6078475935828864,18.585368819312656,38.089835914584874,38.089835914584874,-3.3447727272727277,20.0,,REG,11
2019,REG,11,week,15,1,Jameis Winston,QB,4900,00-0031503,Jameis Winston,J.Winston,WIN623708,QB,QB,3,4900,2019,42344,32005749-4e62-3708-9650-e59a3f7bea83,Jameis,Winston,Jameis,QB,QB,03,ACT,https://static.www.nfl.com/image/private/{formatInstructions}/league/iurpf1pdjrjfowtksptf,51,30,4,58.82352941176471,60.219215686274495,-1.395686274509785,313,2,57.06699346405229,2.7799803921568627,8.593061224489796,6.659999999999999,-1.933061224489797,20.32274875059718,50.146945071459726,50.146945071459726,0.02163265306122468,15.686274509803921,,REG,11
2019,REG,11,week,15,1,Dwayne Haskins,QB,5110,00-0035232,Dwayne Haskins,D.Haskins,HAS285847,QB,QB,7,5110,2019,47798,32004841-5328-5847-4bf1-f4c48a3a3bc6,Dwayne,Haskins,Dwayne,QB,QB,07,ACT,https://static.www.nfl.com/image/private/{formatInstructions}/league/pt70n1epofri8mmj7kuv,35,19,1,54.285714285714285,63.87599999999999,-9.590285714285706,214,2,79.94047619047619,2.7942857142857154,6.700625000000001,6.608947368421053,-0.09167763157894804,18.58498723903597,52.82795188155604,52.82795188155604,-3.486874999999999,20.0,,REG,11
2019,REG,12,week,15,1,Matt Ryan,QB,0200,00-0026143,Matt Ryan,M.Ryan,RYA238179,QB,QB,2,0200,2019,33084,32005259-4123-8179-1aae-5603693aba86,Matthew,Ryan,Matt,QB,QB,02,ACT,https://static.www.nfl.com/image/private/{formatInstructions}/league/nsup3rrfi8jfj8oduf1t,46,23,1,50.0,55.73108695652175,-5.73108695652175,271,0,59.2391304347826,2.7081521739130436,9.029772727272727,7.846521739130435,-1.1832509881422917,20.967946109852612,46.02306486969333,39.30949630814416,-1.152045454545455,28.26086956521739,,REG,12
2019,REG,12,week,15,1,Lamar Jackson,QB,0325,00-0034796,Lamar Jackson,L.Jackson,JAC323395,QB,QB,8,0325,2019,46101,32004a41-4332-3395-efb0-6c7b75de50af,Lamar,Jackson,Lamar,QB,QB,08,ACT,https://static.www.nfl.com/image/private/{formatInstructions}/league/rojvfogdbjpld2ldvdop,20,15,0,75.0,66.4605,8.539500000000004,169,5,139.375,2.977949999999999,7.15421052631579,7.091333333333334,-0.06287719298245609,18.373873099138276,30.58151729394734,30.58151729394734,-0.21421052631578893,5.0,,REG,12
2019,REG,12,week,15,1,Josh Allen,QB,0610,00-0034857,Josh Allen,J.Allen,ALL529264,QB,QB,17,0610,2019,46076,3200414c-4c52-9264-bedc-c4ddaf201fe7,Joshua,Allen,Josh,QB,QB,17,ACT,https://static.www.nfl.com/image/private/{formatInstructions}/league/uyhjaf2okyygjyfzk8hc,25,15,1,60.0,59.851600000000005,0.1483999999999952,185,2,92.91666666666667,2.6651666666666665,8.238636363636365,7.820000000000001,-0.4186363636363639,18.925098327771774,50.14178397304986,50.14178397304986,-2.5340909090909083,16.0,,REG,12
2019,REG,12,week,15,1,Kyle Allen,QB,0750,00-0034577,Kyle Allen,K.Allen,ALL543234,QB,QB,7,0750,2019,46761,3200414c-4c54-3234-6e5f-74f0c92c233b,Kyle,Allen,Kyle,QB,QB,07,ACT,https://static.www.nfl.com/image/private/{formatInstructions}/league/jecyn8sprawuwe2gs9rz,36,23,0,63.888888888888886,59.33638888888889,4.552499999999995,256,3,112.73148148148147,2.8747499999999997,7.1559374999999985,5.059999999999999,-2.0959375,18.721618062158647,56.375775826147176,56.375775826147176,-0.09406250000000038,19.444444444444446,,REG,12
2019,REG,12,week,15,1,Mitchell Trubisky,QB,0810,00-0033869,Mitchell Trubisky,M.Trubisky,TRU215336,QB,QB,10,0810,2019,44814,32005452-5521-5336-8519-c8cb45ea9b74,Mitchell,Trubisky,Mitchell,QB,QB,10,ACT,https://static.www.nfl.com/image/private/{formatInstructions}/league/yxl8earcwsagar5mbjfi,41,25,2,60.97560975609756,61.68170731707316,-0.7060975609756,278,1,68.95325203252033,2.7126585365853666,10.155853658536586,6.055599999999999,-4.1002536585365865,22.460421996491547,49.479596805147885,39.51174508927693,0.9363414634146339,21.951219512195124,,REG,12
2019,REG,12,week,15,1,Ryan Finley,QB,0920,00-0035652,Ryan Finley,R.Finley,FIN412269,QB,QB,5,0920,2019,47887,32004649-4e41-2269-1f0e-36f6ef3dd338,Ryan,Finley,Ryan,QB,QB,05,ACT,https://static.www.nfl.com/image/private/{formatInstructions}/league/w7ddgzr7d6w86ga2fajh,26,12,0,46.15384615384615,55.058461538461536,-8.904615384615383,192,1,84.13461538461539,2.8042307692307697,11.0464,10.089166666666669,-0.9572333333333312,23.319924944780297,49.7997118465559,49.7997118465559,0.6464,23.076923076923077,,REG,12
2019,REG,12,week,15,1,Baker Mayfield,QB,1050,00-0034855,Baker Mayfield,B.Mayfield,MAY483453,QB,QB,6,1050,2019,46073,32004d41-5948-3453-e6ac-1ecff99fdcf6,Baker,Mayfield,Baker,QB,QB,06,ACT,https://static.www.nfl.com/image/private/{formatInstructions}/league/mrajlbudbl0hcfzmrqz3,34,24,1,70.58823529411765,62.1985294117647,8.38970588235295,327,3,118.13725490196079,2.6276764705882356,9.392727272727273,8.458333333333334,-0.9343939393939387,21.86130489651167,50.377157522035716,50.377157522035716,0.5442424242424243,23.52941176470588,,REG,12
2019,REG,12,week,15,1,Dak Prescott,QB,1200,00-0033077,Dak Prescott,D.Prescott,PRE285723,QB,QB,4,1200,2019,43424,32005052-4528-5723-d1b2-96e92ebc1241,Rayne,Prescott,Dak,QB,QB,04,ACT,https://static.www.nfl.com/image/private/{formatInstructions}/league/httrtiv5us06hh6asf07,33,19,1,57.57575757575758,65.60060606060607,-8.02484848484849,212,0,64.20454545454545,2.9376666666666673,6.112499999999999,3.663157894736842,-2.449342105263157,19.122898134016673,35.15138688586838,28.72647733363769,-2.7312499999999997,15.151515151515152,,REG,12
2019,REG,12,week,15,1,Brandon Allen,QB,1400,00-0032434,Brandon Allen,B.Allen,ALL063816,QB,QB,2,1400,2019,43490,3200414c-4c06-3816-a995-21614b984798,Brandon,Allen,Brandon,QB,QB,02,ACT,https://static.www.nfl.com/image/private/{formatInstructions}/league/ee95jejz4ud7xjdpx8ye,25,10,1,40.0,61.3128,-21.312800000000003,82,0,32.41666666666667,2.5145600000000004,6.34375,2.9250000000000007,-3.4187499999999993,21.294054025083145,36.98947417847407,30.849967585072115,-4.364583333333333,20.0,,REG,12
2019,REG,12,week,15,1,Jeff Driskel,QB,1540,00-0032436,Jeff Driskel,J.Driskel,DRI392790,QB,QB,2,1540,2019,43496,32004452-4939-2790-3aab-117735a7f4ab,Jeffrey,Driskel,Jeff,QB,QB,02,ACT,https://static.www.nfl.com/image/private/{formatInstructions}/league/mrglnsl7z78rbilz3be2,33,20,3,60.60606060606061,53.09606060606061,7.509999999999998,207,1,50.94696969696969,2.8755454545454544,9.676666666666666,5.403499999999999,-4.273166666666667,22.06178920234869,53.45202054179055,28.528613706242375,-0.5233333333333334,33.33333333333333,,REG,12
2019,REG,12,week,15,1,Aaron Rodgers,QB,1800,00-0023459,Aaron Rodgers,A.Rodgers,ROD339293,QB,QB,12,1800,2019,29851,3200524f-4433-9293-a3cf-ad7758d03003,Aaron,Rodgers,Aaron,QB,QB,12,ACT,https://static.www.nfl.com/image/private/{formatInstructions}/league/ejjiyjumtzwxiffdhkgz,33,20,0,60.60606060606061,70.54939393939395,-9.943333333333342,104,1,75.82070707070706,2.4650303030303027,6.428437500000001,-0.6935000000000002,-7.121937500000001,20.79422047019929,55.327563655017386,28.617029894802155,-2.7278124999999998,12.121212121212121,,REG,12
2019,REG,12,week,15,1,Ryan Tannehill,QB,2100,00-0029701,Ryan Tannehill,R.Tannehill,TAN298716,QB,QB,17,2100,2019,38538,32005441-4e29-8716-6443-cc1663c47ac9,Ryan,Tannehill,Ryan,QB,QB,17,ACT,https://static.www.nfl.com/image/private/{formatInstructions}/league/e2b84kobkdgravu7u6qy,18,14,0,77.77777777777779,66.82277777777777,10.955000000000013,259,2,155.787037037037,2.7478888888888884,6.772941176470589,5.412857142857143,-1.3600840336134459,17.2295089901311,51.961759015645335,33.319551317507255,-0.5211764705882357,16.666666666666664,,REG,12
2019,REG,12,week,15,1,Deshaun Watson,QB,2120,00-0033537,Deshaun Watson,D.Watson,WAT338355,QB,QB,4,2120,2019,44824,32005741-5433-8355-e029-e49022cf4b81,Derrick,Watson,Deshaun,QB,QB,04,ACT,https://static.www.nfl.com/image/private/{formatInstructions}/league/dhtjbkg3d9yrse2vpans,30,19,1,63.33333333333333,57.47833333333333,5.854999999999997,298,2,104.58333333333334,2.7883333333333336,13.719999999999999,12.395789473684209,-1.32421052631579,25.374743679582114,59.37895671026901,59.37895671026901,4.184285714285714,13.333333333333334,,REG,12
2019,REG,12,week,15,1,Jacoby Brissett,QB,2200,00-0033119,Jacoby Brissett,J.Brissett,BRI516391,QB,QB,7,2200,2019,43380,32004252-4951-6391-fb1e-f908d9b96e12,Jacoby,Brissett,Jacoby,QB,QB,07,ACT,https://static.www.nfl.com/image/private/{formatInstructions}/league/qbvf9c5eedjgkw9xqwup,25,16,0,64.0,69.24799999999999,-5.2479999999999905,129,0,76.91666666666667,2.9050000000000007,6.529583333333332,2.015624999999999,-4.513958333333333,20.333505970434494,41.488254964507725,24.596459094755893,-2.0954166666666674,12.0,,REG,12
2019,REG,12,week,15,1,Nick Foles,QB,2250,00-0029567,Nick Foles,N.Foles,FOL058566,QB,QB,7,2250,2019,38618,3200464f-4c05-8566-67a5-109ec305cdd5,Nick,Foles,Nick,QB,QB,07,ACT,https://static.www.nfl.com/image/private/{formatInstructions}/league/urh5iskpc9copfq79exn,48,32,0,66.66666666666666,63.83125000000002,2.8354166666666387,272,0,81.25,2.55475,7.672666666666667,4.1743749999999995,-3.4982916666666677,21.058978395255835,57.69783531468057,32.88372393753481,-1.7273333333333334,10.416666666666668,,REG,12
2019,REG,12,week,15,1,Jared Goff,QB,2510,00-0033106,Jared Goff,J.Goff,GOF219636,QB,QB,16,2510,2019,43290,3200474f-4621-9636-7354-d2eb6365d257,Jared,Goff,Jared,QB,QB,16,ACT,https://static.www.nfl.com/image/private/{formatInstructions}/league/kke5xst7v1ciq1udqqyr,37,26,2,70.27027027027027,67.34486486486486,2.9254054054054137,212,0,61.99324324324324,2.4756216216216216,8.633333333333333,4.377307692307692,-4.256025641025641,23.82246263108421,53.994893277049826,41.18291150465202,-0.9499999999999995,10.81081081081081,,REG,12
2019,REG,12,week,15,1,Derek Carr,QB,2520,00-0031280,Derek Carr,D.Carr,CAR358797,QB,QB,4,2520,2019,41265,32004341-5235-8797-3b9a-0d2711c0bc27,Derek,Carr,Derek,QB,QB,04,ACT,https://static.www.nfl.com/image/private/{formatInstructions}/league/chtyn7pw8xqfpnrkd1fq,27,15,1,55.55555555555556,68.47999999999999,-12.924444444444433,127,0,52.54629629629629,3.2421923076923083,5.26346153846154,2.3179999999999996,-2.94546153846154,18.47120627662431,42.17702929320651,26.996675721280948,-3.198076923076923,14.814814814814813,,REG,12
2019,REG,12,week,15,1,Ryan Fitzpatrick,QB,2700,00-0023682,Ryan Fitzpatrick,R.Fitzpatrick,FIT792915,QB,QB,14,2700,2019,30078,32004649-5479-2915-c998-f50119c2fdd4,Ryan,Fitzpatrick,Ryan,QB,QB,14,ACT,https://static.www.nfl.com/image/private/{formatInstructions}/league/joilglqul2ldsy2pfjey,39,21,2,53.84615384615385,65.66000000000003,-11.813846153846178,214,2,65.5448717948718,2.7215526315789473,9.286842105263156,6.867142857142857,-2.419699248120299,20.042608764996896,51.4793133209836,38.865651930721555,0.655263157894737,20.51282051282051,,REG,12
2019,REG,12,week,15,1,Tom Brady,QB,3200,00-0019596,Tom Brady,T.Brady,BRA371156,QB,QB,12,3200,2019,25511,32004252-4137-1156-7ed0-8b9e44948f13,Tom,Brady,Tom,QB,QB,12,ACT,https://static.www.nfl.com/image/private/{formatInstructions}/league/apkxya5ptb0zalrskshq,37,17,0,45.94594594594595,53.6627027027027,-7.716756756756752,190,1,70.77702702702703,2.8622702702702703,9.652857142857144,8.035294117647057,-1.617563025210087,23.641080809843725,40.73228940288037,34.2641299320441,-0.3471428571428572,29.72972972972973,Jr.,REG,12
2019,REG,12,week,15,1,Drew Brees,QB,3300,00-0020531,Drew Brees,D.Brees,BRE229498,QB,QB,9,3300,2019,26250,32004252-4522-9498-de45-55dc89e02748,Drew,Brees,Drew,QB,QB,09,ACT,https://static.www.nfl.com/image/private/{formatInstructions}/league/i20xlpzdmn7xubotijjd,39,30,1,76.92307692307693,65.27692307692308,11.646153846153851,311,3,114.36965811965811,2.689736842105263,9.921315789473686,6.367000000000001,-3.5543157894736854,22.197049180082505,53.064437243788795,41.62063190293967,0.8160526315789477,10.256410256410255,,REG,12
2019,REG,12,week,15,1,Daniel Jones,QB,3410,00-0035710,Daniel Jones,D.Jones,JON165462,QB,QB,8,3410,2019,47789,32004a4f-4e16-5462-39a4-3b4fa743c66f,Daniel,Jones,Daniel,QB,QB,08,ACT,https://static.www.nfl.com/image/private/{formatInstructions}/league/zgxgwbz4fsqrkxewbdz2,36,21,0,58.333333333333336,60.72694444444444,-2.393611111111106,150,2,86.57407407407408,3.265916666666666,6.445588235294117,4.5685714285714285,-1.877016806722689,19.679410106053474,38.03995925339562,38.03995925339562,-1.6132352941176469,25.0,,REG,12
2019,REG,12,week,15,1,Sam Darnold,QB,3430,00-0034869,Sam Darnold,S.Darnold,DAR466141,QB,QB,14,3430,2019,46072,32004441-5246-6141-9e5c-6e7d32a03e33,Sam,Darnold,Sam,QB,QB,14,ACT,https://static.www.nfl.com/image/private/{formatInstructions}/league/eq43mbsq4xhpm9sfh0yl,29,20,0,68.96551724137932,59.94551724137931,9.02000000000001,315,2,127.80172413793105,3.091310344827586,7.887307692307691,6.024999999999999,-1.8623076923076924,21.575210165903208,44.398758991665524,39.96180676596092,0.15653846153846102,17.24137931034483,,REG,12
2019,REG,12,week,15,1,Carson Wentz,QB,3700,00-0032950,Carson Wentz,C.Wentz,WEN615770,QB,QB,11,3700,2019,43291,32005745-4e61-5770-9c68-1652f876bc72,Carson,Wentz,Carson,QB,QB,11,ACT,https://static.www.nfl.com/image/private/{formatInstructions}/league/e0lkzdsozcwd6jwr1mju,45,33,2,73.33333333333333,71.43688888888889,1.896444444444441,256,1,75.78703703703704,2.4411777777777774,5.900222222222222,4.344242424242425,-1.5559797979797976,18.91619130345633,46.4784433904579,41.46519745521539,-1.4553333333333336,8.88888888888889,,REG,12
2019,REG,12,week,15,1,Mason Rudolph,QB,3900,00-0034771,Mason Rudolph,M.Rudolph,RUD321216,QB,QB,2,3900,2019,46145,32005255-4432-1216-a9be-28502c0847e4,Mason,Rudolph,Mason,QB,QB,02,ACT,https://static.www.nfl.com/image/private/{formatInstructions}/league/nfrmszsvdyrhtsox7yh9,16,8,1,50.0,49.4175,0.5825000000000031,85,0,39.84375,2.7758125,11.932142857142859,5.671250000000002,-6.260892857142856,25.63288004508244,56.15936253199461,42.243276388083345,2.8607142857142875,18.75,,REG,12
2019,REG,12,week,15,1,Jimmy Garoppolo,QB,4500,00-0031345,Jimmy Garoppolo,J.Garoppolo,GAR363225,QB,QB,10,4500,2019,41291,32004741-5236-3225-90e6-5bfdba41064c,James,Garoppolo,Jimmy,QB,QB,10,ACT,https://static.www.nfl.com/image/private/{formatInstructions}/league/hebg9avbsul4u2olmct8,20,14,0,70.0,68.17949999999999,1.8205000000000098,253,2,145.83333333333331,2.5956315789473683,5.692105263157896,7.448571428571431,1.756466165413535,17.903071686478786,41.7941012584312,41.7941012584312,-4.044736842105263,10.0,,REG,12
2019,REG,12,week,15,1,Russell Wilson,QB,4600,00-0029263,Russell Wilson,R.Wilson,WIL777781,QB,QB,3,4600,2019,38605,32005749-4c77-7781-795c-94c753706d1d,Russell,Wilson,Russell,QB,QB,03,ACT,https://static.www.nfl.com/image/private/{formatInstructions}/league/rrpzsqysodir9laitnus,25,13,1,52.0,49.39719999999999,2.602800000000009,200,1,75.41666666666667,3.012,14.504782608695653,8.423076923076923,-6.081705685618729,27.39207292827532,51.2571448678133,50.314818890660824,3.8526086956521746,24.0,,REG,12
2019,REG,12,week,15,1,Jameis Winston,QB,4900,00-0031503,Jameis Winston,J.Winston,WIN623708,QB,QB,3,4900,2019,42344,32005749-4e62-3708-9650-e59a3f7bea83,Jameis,Winston,Jameis,QB,QB,03,ACT,https://static.www.nfl.com/image/private/{formatInstructions}/league/iurpf1pdjrjfowtksptf,28,18,2,64.28571428571429,63.634285714285724,0.6514285714285677,313,3,108.18452380952384,2.917178571428572,9.792222222222222,10.415000000000001,0.6227777777777792,22.11674677660905,52.09591346737285,52.09591346737285,1.4959259259259257,7.142857142857142,,REG,12
2019,REG,12,week,15,1,Dwayne Haskins,QB,5110,00-0035232,Dwayne Haskins,D.Haskins,HAS285847,QB,QB,7,5110,2019,47798,32004841-5328-5847-4bf1-f4c48a3a3bc6,Dwayne,Haskins,Dwayne,QB,QB,07,ACT,https://static.www.nfl.com/image/private/{formatInstructions}/league/pt70n1epofri8mmj7kuv,29,13,1,44.827586206896555,60.46,-15.632413793103446,156,0,47.48563218390805,2.931206896551724,12.655517241379311,7.8353846153846165,-4.820132625994694,26.80635046851091,55.9348201034025,38.70382022488219,3.4141379310344835,24.137931034482758,,REG,12
2019,REG,13,week,15,1,Matt Ryan,QB,0200,00-0026143,Matt Ryan,M.Ryan,RYA238179,QB,QB,2,0200,2019,33084,32005259-4123-8179-1aae-5603693aba86,Matthew,Ryan,Matt,QB,QB,02,ACT,https://static.www.nfl.com/image/private/{formatInstructions}/league/nsup3rrfi8jfj8oduf1t,50,35,2,70.0,66.13279999999999,3.867200000000011,312,2,83.08333333333331,2.857959183673469,7.097234042553189,6.2388571428571415,-0.8583768996960472,18.278309672269224,38.16997773119602,34.78938918693457,-1.9665957446808513,14.000000000000002,,REG,13
2019,REG,13,week,15,1,Lamar Jackson,QB,0325,00-0034796,Lamar Jackson,L.Jackson,JAC323395,QB,QB,8,0325,2019,46101,32004a41-4332-3395-efb0-6c7b75de50af,Lamar,Jackson,Lamar,QB,QB,08,ACT,https://static.www.nfl.com/image/private/{formatInstructions}/league/rojvfogdbjpld2ldvdop,23,14,0,60.86956521739131,67.88999999999999,-7.020434782608675,105,1,86.32246376811595,3.0,8.282608695652174,5.16642857142857,-3.116180124223604,19.22795999853206,48.18715596504945,25.020529570734514,0.2826086956521731,21.73913043478261,,REG,13
2019,REG,13,week,15,1,Josh Allen,QB,0610,00-0034857,Josh Allen,J.Allen,ALL529264,QB,QB,17,0610,2019,46076,3200414c-4c52-9264-bedc-c4ddaf201fe7,Joshua,Allen,Josh,QB,QB,17,ACT,https://static.www.nfl.com/image/private/{formatInstructions}/league/uyhjaf2okyygjyfzk8hc,24,19,0,79.16666666666666,67.10791666666665,12.058750000000003,231,1,120.65972222222221,2.813916666666666,8.015416666666669,5.323684210526317,-2.6917324561403513,19.56005308789965,45.903991111884814,26.41824558898641,-2.7345833333333327,12.5,,REG,13
2019,REG,13,week,15,1,Kyle Allen,QB,0750,00-0034577,Kyle Allen,K.Allen,ALL543234,QB,QB,7,0750,2019,46761,3200414c-4c54-3234-6e5f-74f0c92c233b,Kyle,Allen,Kyle,QB,QB,07,ACT,https://static.www.nfl.com/image/private/{formatInstructions}/league/jecyn8sprawuwe2gs9rz,46,27,1,58.69565217391305,62.8371739130435,-4.141521739130454,278,2,81.61231884057972,2.916586956521739,9.878604651162787,7.614444444444444,-2.2641602067183433,22.49266043817067,54.002878626976916,34.88683705926922,0.29720930232558107,13.043478260869565,,REG,13
2019,REG,13,week,15,1,Mitchell Trubisky,QB,0810,00-0033869,Mitchell Trubisky,M.Trubisky,TRU215336,QB,QB,10,0810,2019,44814,32005452-5521-5336-8519-c8cb45ea9b74,Mitchell,Trubisky,Mitchell,QB,QB,10,ACT,https://static.www.nfl.com/image/private/{formatInstructions}/league/yxl8earcwsagar5mbjfi,38,29,1,76.31578947368422,65.88263157894737,10.433157894736851,338,3,118.0921052631579,2.9916315789473686,8.703684210526315,7.967931034482761,-0.7357531760435547,21.52451739856544,44.136923318237756,44.136923318237756,-0.9542105263157902,21.052631578947366,,REG,13
2019,REG,13,week,15,1,Andy Dalton,QB,0920,00-0027973,Andy Dalton,A.Dalton,DAL659900,QB,QB,14,0920,2019,37110,32004441-4c65-9900-551d-a31a0423b3ca,Andrew,Dalton,Andy,QB,QB,14,ACT,https://static.www.nfl.com/image/private/{formatInstructions}/league/fex1enmwhsyid5jyue7t,37,22,0,59.45945945945946,64.55513513513515,-5.095675675675686,243,1,88.00675675675676,2.639567567567567,8.47,5.739545454545455,-2.7304545454545455,22.20450163953935,47.26081675130043,34.05719454094832,-0.8633333333333328,18.91891891891892,,REG,13
2019,REG,13,week,15,1,Baker Mayfield,QB,1050,00-0034855,Baker Mayfield,B.Mayfield,MAY483453,QB,QB,6,1050,2019,46073,32004d41-5948-3453-e6ac-1ecff99fdcf6,Baker,Mayfield,Baker,QB,QB,06,ACT,https://static.www.nfl.com/image/private/{formatInstructions}/league/mrajlbudbl0hcfzmrqz3,32,18,1,56.25,60.0140625,-3.7640625000000014,196,1,71.875,2.78115625,11.071875,5.632222222222223,-5.439652777777777,22.74249280672083,66.64941260056236,34.15436282526729,1.8843749999999997,21.875,,REG,13
2019,REG,13,week,15,1,Dak Prescott,QB,1200,00-0033077,Dak Prescott,D.Prescott,PRE285723,QB,QB,4,1200,2019,43424,32005052-4528-5723-d1b2-96e92ebc1241,Rayne,Prescott,Dak,QB,QB,04,ACT,https://static.www.nfl.com/image/private/{formatInstructions}/league/httrtiv5us06hh6asf07,49,32,1,65.3061224489796,64.84571428571428,0.4604081632653134,355,2,91.79421768707483,2.6078979591836737,8.010612244897962,7.231562500000003,-0.779049744897959,21.943368260381927,51.11669003368665,36.4786677388306,-0.9893877551020404,24.489795918367346,,REG,13
2019,REG,13,week,15,1,Drew Lock,QB,1400,00-0035704,Drew Lock,D.Lock,LOC374482,QB,QB,3,1400,2019,47825,32004c4f-4337-4482-904c-a47f8df1d41b,Drew,Lock,Drew,QB,QB,03,ACT,https://static.www.nfl.com/image/private/{formatInstructions}/league/q4mm4si16iee7dkz1eso,28,18,1,64.28571428571429,61.20714285714285,3.0785714285714434,134,2,84.52380952380952,2.731321428571429,7.229615384615386,4.640555555555555,-2.5890598290598303,20.926795425275046,43.384910971442594,40.69401921658759,-0.962692307692307,10.714285714285714,,REG,13
2019,REG,13,week,15,1,David Blough,QB,1540,00-0035040,David Blough,D.Blough,BLO315389,QB,QB,10,1540,2019,48137,3200424c-4f31-5389-8dc7-e49c9f486370,David,Blough,David,QB,QB,10,ACT,https://static.www.nfl.com/image/private/{formatInstructions}/league/eevnkhj8mhzpolblxpjy,38,22,1,57.89473684210527,57.731842105263176,0.162894736842091,280,2,87.60964912280701,3.0352105263157894,8.919166666666667,7.5668181818181806,-1.3523484848484868,22.043977893762644,49.87244630053753,49.87244630053753,-0.6086111111111109,21.052631578947366,,REG,13
2019,REG,13,week,15,1,Aaron Rodgers,QB,1800,00-0023459,Aaron Rodgers,A.Rodgers,ROD339293,QB,QB,12,1800,2019,29851,3200524f-4433-9293-a3cf-ad7758d03003,Aaron,Rodgers,Aaron,QB,QB,12,ACT,https://static.www.nfl.com/image/private/{formatInstructions}/league/ejjiyjumtzwxiffdhkgz,33,21,0,63.63636363636363,67.66242424242424,-4.026060606060604,243,4,125.37878787878786,2.912848484848485,8.283030303030301,7.519047619047619,-0.7639826839826824,22.852339703309884,52.02707948751304,52.02707948751304,-0.8381818181818187,21.21212121212121,,REG,13
2019,REG,13,week,15,1,Ryan Tannehill,QB,2100,00-0029701,Ryan Tannehill,R.Tannehill,TAN298716,QB,QB,17,2100,2019,38538,32005441-4e29-8716-6443-cc1663c47ac9,Ryan,Tannehill,Ryan,QB,QB,17,ACT,https://static.www.nfl.com/image/private/{formatInstructions}/league/e2b84kobkdgravu7u6qy,22,17,0,77.27272727272727,68.455,8.817727272727268,182,2,131.25,2.948272727272727,7.381904761904761,6.2288235294117635,-1.1530812324929975,19.672778426992107,49.96516886792239,49.96516886792239,-1.4276190476190485,13.636363636363635,,REG,13
2019,REG,13,week,15,1,Deshaun Watson,QB,2120,00-0033537,Deshaun Watson,D.Watson,WAT338355,QB,QB,4,2120,2019,44824,32005741-5433-8355-e029-e49022cf4b81,Derrick,Watson,Deshaun,QB,QB,04,ACT,https://static.www.nfl.com/image/private/{formatInstructions}/league/dhtjbkg3d9yrse2vpans,25,18,0,72.0,70.72959999999999,1.2704000000000093,234,3,140.66666666666666,2.83092,8.230400000000001,6.667222222222222,-1.5631777777777796,19.99437996562255,51.602163714325,51.602163714325,-0.9695999999999995,12.0,,REG,13
2019,REG,13,week,15,1,Jacoby Brissett,QB,2200,00-0033119,Jacoby Brissett,J.Brissett,BRI516391,QB,QB,7,2200,2019,43380,32004252-4951-6391-fb1e-f908d9b96e12,Jacoby,Brissett,Jacoby,QB,QB,07,ACT,https://static.www.nfl.com/image/private/{formatInstructions}/league/qbvf9c5eedjgkw9xqwup,40,25,2,62.5,64.04625000000001,-1.5462500000000148,319,1,74.89583333333334,3.0754250000000005,7.830810810810811,6.506799999999999,-1.3240108108108117,21.453657398316686,39.592170943255944,30.456805479235666,-2.0610810810810816,15.0,,REG,13
2019,REG,13,week,15,1,Gardner Minshew,QB,2250,00-0035289,Gardner Minshew,G.Minshew II,MIN604610,QB,QB,15,2250,2019,47961,32004d49-4e60-4610-dc98-dcddea9bb1f6,Gardner,Minshew,Gardner,QB,QB,15,ACT,https://static.www.nfl.com/image/private/{formatInstructions}/league/f8uc5gnrll70ueahgisk,27,16,1,59.25925925925925,65.1014814814815,-5.842222222222247,147,1,71.06481481481482,2.772,4.105769230769232,3.841875000000001,-0.2638942307692309,16.083541802517786,37.862923817370465,37.862923817370465,-6.163461538461537,18.51851851851852,,REG,13
2019,REG,13,week,15,1,Patrick Mahomes,QB,2310,00-0033873,Patrick Mahomes,P.Mahomes,MAH401939,QB,QB,15,2310,2019,44822,32004d41-4840-1939-e4c1-bb89191b4e71,Patrick,Mahomes,Patrick,QB,QB,15,ACT,https://static.www.nfl.com/image/private/{formatInstructions}/league/ugt3pz3jk8v1cbuvj3om,29,15,0,51.724137931034484,60.549655172413786,-8.825517241379302,175,1,81.82471264367818,2.8798275862068965,8.014444444444443,4.385999999999998,-3.628444444444445,22.60069964175077,51.72697942080129,35.46334022621107,-0.7633333333333335,20.689655172413794,,REG,13
2019,REG,13,week,15,1,Jared Goff,QB,2510,00-0033106,Jared Goff,J.Goff,GOF219636,QB,QB,16,2510,2019,43290,3200474f-4621-9636-7354-d2eb6365d257,Jared,Goff,Jared,QB,QB,16,ACT,https://static.www.nfl.com/image/private/{formatInstructions}/league/kke5xst7v1ciq1udqqyr,43,32,0,74.4186046511628,72.04720930232558,2.3713953488372113,424,2,120.68798449612403,2.6851904761904763,4.571,4.6812499999999995,0.11024999999999974,18.994329043468575,33.99165338726552,33.99165338726552,-3.354,2.3255813953488373,,REG,13
2019,REG,13,week,15,1,Derek Carr,QB,2520,00-0031280,Derek Carr,D.Carr,CAR358797,QB,QB,4,2520,2019,41265,32004341-5235-8797-3b9a-0d2711c0bc27,Derek,Carr,Derek,QB,QB,04,ACT,https://static.www.nfl.com/image/private/{formatInstructions}/league/chtyn7pw8xqfpnrkd1fq,30,20,2,66.66666666666666,59.86833333333333,6.798333333333325,222,1,71.80555555555556,3.3754333333333335,6.43037037037037,4.317499999999999,-2.112870370370371,17.510136338831437,40.025596810041456,31.641152001784008,-2.7177777777777794,10.0,,REG,13
2019,REG,13,week,15,1,Ryan Fitzpatrick,QB,2700,00-0023682,Ryan Fitzpatrick,R.Fitzpatrick,FIT792915,QB,QB,14,2700,2019,30078,32004649-5479-2915-c998-f50119c2fdd4,Ryan,Fitzpatrick,Ryan,QB,QB,14,ACT,https://static.www.nfl.com/image/private/{formatInstructions}/league/joilglqul2ldsy2pfjey,39,27,1,69.23076923076923,60.47512820512819,8.755641025641033,365,3,113.72863247863248,2.4719743589743586,8.838947368421051,8.548148148148147,-0.2907992202729037,20.306743452270997,52.393551129886205,52.393551129886205,0.575789473684209,25.64102564102564,,REG,13
2019,REG,13,week,15,1,Kirk Cousins,QB,3000,00-0029604,Kirk Cousins,K.Cousins,COU709400,QB,QB,8,3000,2019,38632,3200434f-5570-9400-e1ae-f835abb5963e,Kirk,Cousins,Kirk,QB,QB,08,ACT,https://static.www.nfl.com/image/private/{formatInstructions}/league/yoi19theqqakt4zpw9r4,38,22,1,57.89473684210527,61.82394736842105,-3.929210526315785,276,2,87.17105263157895,2.8439210526315795,7.409444444444443,4.602727272727273,-2.80671717171717,18.673548966118837,44.95666024072517,34.95785033436696,-1.5905555555555562,23.684210526315788,,REG,13
2019,REG,13,week,15,1,Tom Brady,QB,3200,00-0019596,Tom Brady,T.Brady,BRA371156,QB,QB,12,3200,2019,25511,32004252-4137-1156-7ed0-8b9e44948f13,Tom,Brady,Tom,QB,QB,12,ACT,https://static.www.nfl.com/image/private/{formatInstructions}/league/apkxya5ptb0zalrskshq,47,24,1,51.06382978723404,55.314680851063834,-4.250851063829792,326,3,85.94858156028367,3.3965744680851078,10.405111111111111,8.21375,-2.191361111111112,23.404524921027313,50.25775363065882,39.380534531669326,0.4495555555555553,27.659574468085108,Jr.,REG,13
2019,REG,13,week,15,1,Drew Brees,QB,3300,00-0020531,Drew Brees,D.Brees,BRE229498,QB,QB,9,3300,2019,26250,32004252-4522-9498-de45-55dc89e02748,Drew,Brees,Drew,QB,QB,09,ACT,https://static.www.nfl.com/image/private/{formatInstructions}/league/i20xlpzdmn7xubotijjd,30,18,0,60.0,65.86999999999999,-5.86999999999999,184,1,88.74999999999999,2.275066666666666,5.818571428571429,3.760555555555557,-2.058015873015872,18.358889270680482,43.74300401207032,33.28063100363333,-2.145714285714285,10.0,,REG,13
2019,REG,13,week,15,1,Daniel Jones,QB,3410,00-0035710,Daniel Jones,D.Jones,JON165462,QB,QB,8,3410,2019,47789,32004a4f-4e16-5462-39a4-3b4fa743c66f,Daniel,Jones,Daniel,QB,QB,08,ACT,https://static.www.nfl.com/image/private/{formatInstructions}/league/zgxgwbz4fsqrkxewbdz2,37,20,3,54.054054054054056,56.86081081081081,-2.806756756756755,240,1,49.38063063063063,3.0300270270270264,7.465277777777776,6.857499999999999,-0.6077777777777769,21.56081142198002,41.59528098234221,41.59528098234221,-0.7291666666666673,16.216216216216218,,REG,13
2019,REG,13,week,15,1,Sam Darnold,QB,3430,00-0034869,Sam Darnold,S.Darnold,DAR466141,QB,QB,14,3430,2019,46072,32004441-5246-6141-9e5c-6e7d32a03e33,Sam,Darnold,Sam,QB,QB,14,ACT,https://static.www.nfl.com/image/private/{formatInstructions}/league/eq43mbsq4xhpm9sfh0yl,48,28,0,58.333333333333336,63.73687499999999,-5.403541666666655,239,0,71.44097222222223,3.1181250000000005,9.417333333333334,4.792142857142858,-4.625190476190475,21.21403789938842,54.01456470249483,32.168786113249595,0.39511111111111114,10.416666666666668,,REG,13
2019,REG,13,week,15,1,Carson Wentz,QB,3700,00-0032950,Carson Wentz,C.Wentz,WEN615770,QB,QB,11,3700,2019,43291,32005745-4e61-5770-9c68-1652f876bc72,Carson,Wentz,Carson,QB,QB,11,ACT,https://static.www.nfl.com/image/private/{formatInstructions}/league/e0lkzdsozcwd6jwr1mju,46,28,1,60.86956521739131,57.55173913043479,3.317826086956522,310,3,93.56884057971016,3.076282608695652,10.899130434782608,7.000357142857142,-3.8987732919254654,22.954997398492118,64.69578425214428,36.9989864726049,2.0295652173913035,26.08695652173913,,REG,13
2019,REG,13,week,15,1,Kyler Murray,QB,3800,00-0035228,Kyler Murray,K.Murray,MUR670413,QB,QB,1,3800,2019,47784,32004d55-5267-0413-8d36-a5c3fd781aa0,Kyler,Murray,Kyler,QB,QB,01,ACT,https://static.www.nfl.com/image/private/{formatInstructions}/league/xg9gslvksigyhrkos7xu,34,19,1,55.88235294117647,73.15529411764706,-17.27294117647059,163,0,56.372549019607845,2.5606764705882354,5.617575757575757,2.8894736842105266,-2.7281020733652306,19.458052756256507,51.404990030151744,30.900511322630248,-2.321818181818182,11.76470588235294,,REG,13
2019,REG,13,week,15,1,Devlin Hodges,QB,3900,00-0035577,Devlin Hodges,D.Hodges,HOD363523,QB,QB,6,3900,2019,48728,3200484f-4436-3523-9f45-2df444e0e2ab,Devlin,Hodges,Devlin,QB,QB,06,ACT,https://static.www.nfl.com/image/private/{formatInstructions}/league/ehkdoer4nv2qp2ddam83,21,14,1,66.66666666666666,56.62857142857144,10.038095238095217,212,1,95.73412698412697,3.0980476190476187,10.618333333333334,7.975714285714285,-2.642619047619049,24.492497252578477,50.527185751830665,46.94606479780814,1.340555555555556,19.047619047619047,,REG,13
2019,REG,13,week,15,1,Philip Rivers,QB,4400,00-0022942,Philip Rivers,P.Rivers,RIV651634,QB,QB,17,4400,2019,28956,32005249-5665-1634-a192-77c9c8e6262e,Philip,Rivers,Philip,QB,QB,17,ACT,https://static.www.nfl.com/image/private/{formatInstructions}/league/adapxtphf15elrdudiix,29,20,1,68.96551724137932,63.462413793103444,5.503103448275873,265,2,106.25000000000003,2.5738275862068964,7.483333333333333,7.4155,-0.06783333333333363,21.747331709913507,51.08041992779621,43.64832757391742,-1.2203703703703699,13.793103448275861,,REG,13
2019,REG,13,week,15,1,Jimmy Garoppolo,QB,4500,00-0031345,Jimmy Garoppolo,J.Garoppolo,GAR363225,QB,QB,10,4500,2019,41291,32004741-5236-3225-90e6-5bfdba41064c,James,Garoppolo,Jimmy,QB,QB,10,ACT,https://static.www.nfl.com/image/private/{formatInstructions}/league/hebg9avbsul4u2olmct8,21,15,0,71.42857142857143,64.80619047619047,6.622380952380965,165,1,110.21825396825398,2.8269523809523815,7.269047619047618,6.356,-0.9130476190476182,19.95344263160941,42.28479632208248,42.28479632208248,-0.3023809523809521,28.57142857142857,,REG,13
2019,REG,13,week,15,1,Russell Wilson,QB,4600,00-0029263,Russell Wilson,R.Wilson,WIL777781,QB,QB,3,4600,2019,38605,32005749-4c77-7781-795c-94c753706d1d,Russell,Wilson,Russell,QB,QB,03,ACT,https://static.www.nfl.com/image/private/{formatInstructions}/league/rrpzsqysodir9laitnus,31,21,1,67.74193548387096,65.85064516129032,1.8912903225806446,240,2,98.85752688172042,2.5616774193548384,8.103225806451615,4.069047619047618,-4.034178187403997,20.045608552003774,44.367091407934325,43.47483985019382,-0.025806451612903823,25.806451612903224,,REG,13
2019,REG,13,week,15,1,Jameis Winston,QB,4900,00-0031503,Jameis Winston,J.Winston,WIN623708,QB,QB,3,4900,2019,42344,32005749-4e62-3708-9650-e59a3f7bea83,Jameis,Winston,Jameis,QB,QB,03,ACT,https://static.www.nfl.com/image/private/{formatInstructions}/league/iurpf1pdjrjfowtksptf,33,21,0,63.63636363636363,60.18818181818181,3.4481818181818227,268,0,88.9520202020202,2.4755757575757578,10.393333333333334,7.14,-3.2533333333333347,23.39789821594311,51.567528542678865,39.579249613907535,0.42363636363636376,21.21212121212121,,REG,13
2019,REG,13,week,15,1,Dwayne Haskins,QB,5110,00-0035232,Dwayne Haskins,D.Haskins,HAS285847,QB,QB,7,5110,2019,47798,32004841-5328-5847-4bf1-f4c48a3a3bc6,Dwayne,Haskins,Dwayne,QB,QB,07,ACT,https://static.www.nfl.com/image/private/{formatInstructions}/league/pt70n1epofri8mmj7kuv,25,13,0,52.0,62.17479999999998,-10.174799999999983,147,0,69.91666666666667,2.9522399999999998,8.844583333333334,7.586153846153848,-1.2584294871794866,21.010331545971685,39.90926709424767,31.504469524180216,-0.9887499999999987,16.0,,REG,13
2019,REG,14,week,15,1,Matt Ryan,QB,0200,00-0026143,Matt Ryan,M.Ryan,RYA238179,QB,QB,2,0200,2019,33084,32005259-4123-8179-1aae-5603693aba86,Matthew,Ryan,Matt,QB,QB,02,ACT,https://static.www.nfl.com/image/private/{formatInstructions}/league/nsup3rrfi8jfj8oduf1t,34,20,0,58.82352941176471,59.05470588235294,-0.2311764705882311,313,2,109.06862745098039,2.767529411764706,9.665806451612902,8.769,-0.8968064516129015,21.2866843673346,49.23344594886691,49.23344594886691,1.6658064516129023,17.647058823529413,,REG,14
2019,REG,14,week,15,1,Lamar Jackson,QB,0325,00-0034796,Lamar Jackson,L.Jackson,JAC323395,QB,QB,8,0325,2019,46101,32004a41-4332-3395-efb0-6c7b75de50af,Lamar,Jackson,Lamar,QB,QB,08,ACT,https://static.www.nfl.com/image/private/{formatInstructions}/league/rojvfogdbjpld2ldvdop,25,16,1,64.0,65.75280000000001,-1.7528000000000077,145,3,102.50000000000001,3.2120800000000003,6.079583333333333,2.0525000000000007,-4.027083333333332,20.144706855916805,50.983755255963636,25.544872283885077,-1.920416666666666,8.0,,REG,14
2019,REG,14,week,15,1,Josh Allen,QB,0610,00-0034857,Josh Allen,J.Allen,ALL529264,QB,QB,17,0610,2019,46076,3200414c-4c52-9264-bedc-c4ddaf201fe7,Joshua,Allen,Josh,QB,QB,17,ACT,https://static.www.nfl.com/image/private/{formatInstructions}/league/uyhjaf2okyygjyfzk8hc,39,17,0,43.58974358974359,57.3771794871795,-13.787435897435905,146,1,62.5534188034188,2.901076923076923,10.513513513513516,3.557058823529411,-6.956454689984104,24.727944646804318,53.242828625083405,34.818915836079675,1.27027027027027,20.51282051282051,,REG,14
2019,REG,14,week,15,1,Kyle Allen,QB,0750,00-0034577,Kyle Allen,K.Allen,ALL543234,QB,QB,7,0750,2019,46761,3200414c-4c54-3234-6e5f-74f0c92c233b,Kyle,Allen,Kyle,QB,QB,07,ACT,https://static.www.nfl.com/image/private/{formatInstructions}/league/jecyn8sprawuwe2gs9rz,41,28,2,68.29268292682927,64.96853658536587,3.324146341463404,293,1,76.57520325203252,2.416560975609756,7.905999999999999,2.9628571428571426,-4.943142857142856,21.356682699312117,49.88942974218085,41.44934257620982,-2.0690000000000004,17.073170731707318,,REG,14
2019,REG,14,week,15,1,Mitchell Trubisky,QB,0810,00-0033869,Mitchell Trubisky,M.Trubisky,TRU215336,QB,QB,10,0810,2019,44814,32005452-5521-5336-8519-c8cb45ea9b74,Mitchell,Trubisky,Mitchell,QB,QB,10,ACT,https://static.www.nfl.com/image/private/{formatInstructions}/league/yxl8earcwsagar5mbjfi,31,23,1,74.19354838709677,66.37419354838708,7.819354838709685,244,3,115.5241935483871,2.51216129032258,6.447741935483871,3.630434782608696,-2.8173071528751756,18.787871461051473,44.711502994196024,25.361839444330535,-2.7780645161290325,25.806451612903224,,REG,14
2019,REG,14,week,15,1,Andy Dalton,QB,0920,00-0027973,Andy Dalton,A.Dalton,DAL659900,QB,QB,14,0920,2019,37110,32004441-4c65-9900-551d-a31a0423b3ca,Andrew,Dalton,Andy,QB,QB,14,ACT,https://static.www.nfl.com/image/private/{formatInstructions}/league/fex1enmwhsyid5jyue7t,38,22,1,57.89473684210527,58.50052631578948,-0.6057894736842115,262,0,68.09210526315789,2.7510833333333333,7.888181818181819,5.145000000000001,-2.7431818181818173,21.443967228411722,46.82804501578087,27.43063433462668,-1.354242424242424,15.789473684210526,,REG,14
2019,REG,14,week,15,1,Baker Mayfield,QB,1050,00-0034855,Baker Mayfield,B.Mayfield,MAY483453,QB,QB,6,1050,2019,46073,32004d41-5948-3453-e6ac-1ecff99fdcf6,Baker,Mayfield,Baker,QB,QB,06,ACT,https://static.www.nfl.com/image/private/{formatInstructions}/league/mrajlbudbl0hcfzmrqz3,24,11,2,45.83333333333333,52.01749999999999,-6.184166666666663,192,0,38.88888888888889,2.8886249999999998,9.736363636363636,5.920000000000001,-3.8163636363636355,21.726391527972634,48.19282622963712,32.09325318505433,-0.0818181818181833,20.833333333333336,,REG,14
2019,REG,14,week,15,1,Dak Prescott,QB,1200,00-0033077,Dak Prescott,D.Prescott,PRE285723,QB,QB,4,1200,2019,43424,32005052-4528-5723-d1b2-96e92ebc1241,Rayne,Prescott,Dak,QB,QB,04,ACT,https://static.www.nfl.com/image/private/{formatInstructions}/league/httrtiv5us06hh6asf07,49,27,0,55.10204081632652,56.08938775510205,-0.9873469387755307,334,1,83.20578231292517,3.036571428571428,10.362826086956522,9.892592592592594,-0.4702334943639279,23.47280281709595,49.48800359683142,38.399565101703956,2.515,20.408163265306122,,REG,14
2019,REG,14,week,15,1,Drew Lock,QB,1400,00-0035704,Drew Lock,D.Lock,LOC374482,QB,QB,3,1400,2019,47825,32004c4f-4337-4482-904c-a47f8df1d41b,Drew,Lock,Drew,QB,QB,03,ACT,https://static.www.nfl.com/image/private/{formatInstructions}/league/q4mm4si16iee7dkz1eso,27,22,1,81.48148148148148,70.77,10.711481481481485,309,3,135.95679012345678,2.6515925925925923,6.651481481481482,5.260909090909092,-1.3905723905723901,20.473934060854734,46.85520888866039,46.85520888866039,-2.57074074074074,11.11111111111111,,REG,14
2019,REG,14,week,15,1,David Blough,QB,1540,00-0035040,David Blough,D.Blough,BLO315389,QB,QB,10,1540,2019,48137,3200424c-4f31-5389-8dc7-e49c9f486370,David,Blough,David,QB,QB,10,ACT,https://static.www.nfl.com/image/private/{formatInstructions}/league/eevnkhj8mhzpolblxpjy,40,24,2,60.0,63.3065,-3.3064999999999998,205,1,60.9375,2.7504,7.233947368421053,6.3829166666666675,-0.8510307017543859,21.722257089562742,35.68184972783782,33.72738056831571,-0.18710526315789452,17.5,,REG,14
2019,REG,14,week,15,1,Aaron Rodgers,QB,1800,00-0023459,Aaron Rodgers,A.Rodgers,ROD339293,QB,QB,12,1800,2019,29851,3200524f-4433-9293-a3cf-ad7758d03003,Aaron,Rodgers,Aaron,QB,QB,12,ACT,https://static.www.nfl.com/image/private/{formatInstructions}/league/ejjiyjumtzwxiffdhkgz,28,18,0,64.28571428571429,70.55571428571429,-6.269999999999996,195,1,96.57738095238096,3.4988214285714285,7.978518518518519,5.994444444444445,-1.9840740740740737,22.10825199594847,50.571961599289374,37.35182592591693,-1.3177777777777768,3.571428571428571,,REG,14
2019,REG,14,week,15,1,Ryan Tannehill,QB,2100,00-0029701,Ryan Tannehill,R.Tannehill,TAN298716,QB,QB,17,2100,2019,38538,32005441-4e29-8716-6443-cc1663c47ac9,Ryan,Tannehill,Ryan,QB,QB,17,ACT,https://static.www.nfl.com/image/private/{formatInstructions}/league/e2b84kobkdgravu7u6qy,27,21,1,77.77777777777779,63.401851851851845,14.37592592592594,391,3,140.35493827160494,2.956333333333333,10.391481481481485,8.550952380952381,-1.8405291005291033,22.203750919898052,49.24949238317081,49.24949238317081,2.132222222222221,14.814814814814813,,REG,14
2019,REG,14,week,15,1,Deshaun Watson,QB,2120,00-0033537,Deshaun Watson,D.Watson,WAT338355,QB,QB,4,2120,2019,44824,32005741-5433-8355-e029-e49022cf4b81,Derrick,Watson,Deshaun,QB,QB,04,ACT,https://static.www.nfl.com/image/private/{formatInstructions}/league/dhtjbkg3d9yrse2vpans,50,28,2,56.00000000000001,66.7602,-10.76019999999999,292,1,63.083333333333336,3.121061224489796,8.466382978723402,4.422857142857142,-4.0435258358662605,20.262284720494762,53.06398873058828,36.07962444372169,0.4451063829787227,18.0,,REG,14
2019,REG,14,week,15,1,Jacoby Brissett,QB,2200,00-0033119,Jacoby Brissett,J.Brissett,BRI516391,QB,QB,7,2200,2019,43380,32004252-4951-6391-fb1e-f908d9b96e12,Jacoby,Brissett,Jacoby,QB,QB,07,ACT,https://static.www.nfl.com/image/private/{formatInstructions}/league/qbvf9c5eedjgkw9xqwup,36,19,0,52.77777777777778,61.76555555555555,-8.987777777777772,251,2,93.63425925925925,2.807527777777777,10.032571428571428,7.91421052631579,-2.1183609022556382,22.827635563826643,57.94138848871332,57.94138848871332,0.2897142857142853,19.444444444444446,,REG,14
2019,REG,14,week,15,1,Gardner Minshew,QB,2250,00-0035289,Gardner Minshew,G.Minshew II,MIN604610,QB,QB,15,2250,2019,47961,32004d49-4e60-4610-dc98-dcddea9bb1f6,Gardner,Minshew,Gardner,QB,QB,15,ACT,https://static.www.nfl.com/image/private/{formatInstructions}/league/f8uc5gnrll70ueahgisk,37,24,0,64.86486486486487,71.76972972972975,-6.9048648648648765,162,1,83.38963963963964,2.4126486486486485,5.513055555555555,4.000416666666666,-1.5126388888888886,20.005189364998216,38.97472001182304,36.20144334139179,-3.2647222222222236,8.108108108108109,,REG,14
2019,REG,14,week,15,1,Patrick Mahomes,QB,2310,00-0033873,Patrick Mahomes,P.Mahomes,MAH401939,QB,QB,15,2310,2019,44822,32004d41-4840-1939-e4c1-bb89191b4e71,Patrick,Mahomes,Patrick,QB,QB,15,ACT,https://static.www.nfl.com/image/private/{formatInstructions}/league/ugt3pz3jk8v1cbuvj3om,40,26,1,65.0,70.99449999999999,-5.994499999999988,283,1,83.64583333333334,3.0964,5.603846153846154,3.8857692307692306,-1.7180769230769237,18.97522094439929,49.239655766465305,44.41387283270848,-3.6012820512820523,12.5,,REG,14
2019,REG,14,week,15,1,Jared Goff,QB,2510,00-0033106,Jared Goff,J.Goff,GOF219636,QB,QB,16,2510,2019,43290,3200474f-4621-9636-7354-d2eb6365d257,Jared,Goff,Jared,QB,QB,16,ACT,https://static.www.nfl.com/image/private/{formatInstructions}/league/kke5xst7v1ciq1udqqyr,31,22,2,70.96774193548387,68.97677419354838,1.990967741935492,293,2,95.22849462365593,2.8818709677419347,9.332758620689654,7.623181818181819,-1.7095768025078355,20.720541178754882,42.85483053285826,36.18127830798685,1.0913793103448277,6.451612903225806,,REG,14
2019,REG,14,week,15,1,Derek Carr,QB,2520,00-0031280,Derek Carr,D.Carr,CAR358797,QB,QB,4,2520,2019,41265,32004341-5235-8797-3b9a-0d2711c0bc27,Derek,Carr,Derek,QB,QB,04,ACT,https://static.www.nfl.com/image/private/{formatInstructions}/league/chtyn7pw8xqfpnrkd1fq,34,25,0,73.52941176470588,64.98117647058825,8.548235294117632,262,2,115.07352941176472,3.3402941176470584,7.599000000000001,5.476000000000002,-2.1229999999999993,18.966920840307516,55.69296993337669,47.45761582717783,-0.8676666666666663,5.88235294117647,,REG,14
2019,REG,14,week,15,1,Ryan Fitzpatrick,QB,2700,00-0023682,Ryan Fitzpatrick,R.Fitzpatrick,FIT792915,QB,QB,14,2700,2019,30078,32004649-5479-2915-c998-f50119c2fdd4,Ryan,Fitzpatrick,Ryan,QB,QB,14,ACT,https://static.www.nfl.com/image/private/{formatInstructions}/league/joilglqul2ldsy2pfjey,37,21,1,56.75675675675676,58.437027027027035,-1.6802702702702774,245,0,65.70945945945947,2.497513513513513,9.190285714285714,8.309999999999999,-0.8802857142857157,20.767526299304283,43.03707355292644,34.20702413247899,1.390285714285714,13.513513513513514,,REG,14
2019,REG,14,week,15,1,Kirk Cousins,QB,3000,00-0029604,Kirk Cousins,K.Cousins,COU709400,QB,QB,8,3000,2019,38632,3200434f-5570-9400-e1ae-f835abb5963e,Kirk,Cousins,Kirk,QB,QB,08,ACT,https://static.www.nfl.com/image/private/{formatInstructions}/league/yoi19theqqakt4zpw9r4,30,24,0,80.0,65.462,14.537999999999997,242,1,111.38888888888889,3.5130000000000003,7.171034482758621,5.244583333333334,-1.9264511494252874,20.706796462579927,48.59644842990072,48.59644842990072,0.27448275862068966,13.333333333333334,,REG,14
2019,REG,14,week,15,1,Tom Brady,QB,3200,00-0019596,Tom Brady,T.Brady,BRA371156,QB,QB,12,3200,2019,25511,32004252-4137-1156-7ed0-8b9e44948f13,Tom,Brady,Tom,QB,QB,12,ACT,https://static.www.nfl.com/image/private/{formatInstructions}/league/apkxya5ptb0zalrskshq,36,19,1,52.77777777777778,61.8775,-9.09972222222222,169,1,63.3101851851852,2.7161111111111107,7.420294117647059,4.429999999999999,-2.9902941176470605,19.062785130303958,44.028546421611516,44.028546421611516,-1.7855882352941184,11.11111111111111,Jr.,REG,14
2019,REG,14,week,15,1,Drew Brees,QB,3300,00-0020531,Drew Brees,D.Brees,BRE229498,QB,QB,9,3300,2019,26250,32004252-4522-9498-de45-55dc89e02748,Drew,Brees,Drew,QB,QB,09,ACT,https://static.www.nfl.com/image/private/{formatInstructions}/league/i20xlpzdmn7xubotijjd,40,29,0,72.5,70.1805,2.319500000000005,349,5,138.4375,2.449525,5.2044999999999995,5.054482758620689,-0.15001724137931038,18.91879581881301,41.07587126282289,36.70853443002049,-3.7455,22.5,,REG,14
2019,REG,14,week,15,1,Eli Manning,QB,3410,00-0022803,Eli Manning,E.Manning,MAN473170,QB,QB,10,3410,2019,28953,32004d41-4e47-3170-d4e5-66f2cfc951d8,Elisha,Manning,Eli,QB,QB,10,ACT,https://static.www.nfl.com/image/private/{formatInstructions}/league/w51tf8uedjftbr4qpaex,30,15,0,50.0,60.315666666666665,-10.315666666666665,203,2,94.16666666666667,2.523333333333333,9.700000000000001,7.671333333333333,-2.028666666666668,22.107188015644518,47.453920807452775,47.453920807452775,-0.4724137931034484,30.0,,REG,14
2019,REG,14,week,15,1,Sam Darnold,QB,3430,00-0034869,Sam Darnold,S.Darnold,DAR466141,QB,QB,14,3430,2019,46072,32004441-5246-6141-9e5c-6e7d32a03e33,Sam,Darnold,Sam,QB,QB,14,ACT,https://static.www.nfl.com/image/private/{formatInstructions}/league/eq43mbsq4xhpm9sfh0yl,36,20,1,55.55555555555556,60.05972222222221,-4.504166666666656,270,2,86.57407407407408,3.041857142857143,11.263714285714284,6.525499999999999,-4.738214285714285,24.178884492800936,47.99976041606875,43.88972203147338,3.6922857142857146,19.444444444444446,,REG,14
2019,REG,14,week,15,1,Carson Wentz,QB,3700,00-0032950,Carson Wentz,C.Wentz,WEN615770,QB,QB,11,3700,2019,43291,32005745-4e61-5770-9c68-1652f876bc72,Carson,Wentz,Carson,QB,QB,11,ACT,https://static.www.nfl.com/image/private/{formatInstructions}/league/e0lkzdsozcwd6jwr1mju,50,33,0,66.0,66.2478,-0.24779999999999802,325,2,97.50000000000001,2.8344600000000004,6.593599999999998,4.465757575757575,-2.1278424242424228,19.70462391043101,55.86212491482937,34.26411825802613,-1.7464000000000002,14.000000000000002,,REG,14
2019,REG,14,week,15,1,Kyler Murray,QB,3800,00-0035228,Kyler Murray,K.Murray,MUR670413,QB,QB,1,3800,2019,47784,32004d55-5267-0413-8d36-a5c3fd781aa0,Kyler,Murray,Kyler,QB,QB,01,ACT,https://static.www.nfl.com/image/private/{formatInstructions}/league/xg9gslvksigyhrkos7xu,30,20,3,66.66666666666666,70.73733333333334,-4.070666666666682,194,2,67.22222222222221,2.990166666666667,5.8292857142857155,4.115,-1.7142857142857153,17.92041873599741,40.561854001019235,40.561854001019235,-2.5278571428571412,10.0,,REG,14
2019,REG,14,week,15,1,Devlin Hodges,QB,3900,00-0035577,Devlin Hodges,D.Hodges,HOD363523,QB,QB,6,3900,2019,48728,3200484f-4436-3523-9f45-2df444e0e2ab,Devlin,Hodges,Devlin,QB,QB,06,ACT,https://static.www.nfl.com/image/private/{formatInstructions}/league/ehkdoer4nv2qp2ddam83,19,16,0,84.21052631578947,70.35315789473685,13.857368421052612,152,1,117.5438596491228,2.599105263157895,4.1677777777777765,4.845624999999998,0.6778472222222218,18.55593438838077,35.46493761449469,35.46493761449469,-4.165555555555557,10.526315789473683,,REG,14
2019,REG,14,week,15,1,Philip Rivers,QB,4400,00-0022942,Philip Rivers,P.Rivers,RIV651634,QB,QB,17,4400,2019,28956,32005249-5665-1634-a192-77c9c8e6262e,Philip,Rivers,Philip,QB,QB,17,ACT,https://static.www.nfl.com/image/private/{formatInstructions}/league/adapxtphf15elrdudiix,22,16,0,72.72727272727273,64.40545454545456,8.321818181818173,314,3,154.35606060606062,2.2750909090909093,10.21,5.86375,-4.346250000000001,23.403976833804023,57.69915250677431,49.24205621214452,0.21000000000000035,13.636363636363635,,REG,14
2019,REG,14,week,15,1,Jimmy Garoppolo,QB,4500,00-0031345,Jimmy Garoppolo,J.Garoppolo,GAR363225,QB,QB,10,4500,2019,41291,32004741-5236-3225-90e6-5bfdba41064c,James,Garoppolo,Jimmy,QB,QB,10,ACT,https://static.www.nfl.com/image/private/{formatInstructions}/league/hebg9avbsul4u2olmct8,35,26,1,74.28571428571429,60.83057142857143,13.45514285714286,349,4,131.72619047619048,3.0147428571428567,6.891176470588236,7.006153846153845,0.11497737556560939,19.355777289224662,57.15890569281396,57.15890569281396,-1.844117647058824,22.857142857142858,,REG,14
2019,REG,14,week,15,1,Russell Wilson,QB,4600,00-0029263,Russell Wilson,R.Wilson,WIL777781,QB,QB,3,4600,2019,38605,32005749-4c77-7781-795c-94c753706d1d,Russell,Wilson,Russell,QB,QB,03,ACT,https://static.www.nfl.com/image/private/{formatInstructions}/league/rrpzsqysodir9laitnus,36,22,1,61.111111111111114,62.770277777777785,-1.6591666666666711,245,0,69.79166666666666,2.8755,10.43242424242424,6.9845454545454535,-3.4478787878787864,22.447372577007325,62.37438977657417,41.07878406184877,-0.7493939393939402,13.88888888888889,,REG,14
2019,REG,14,week,15,1,Jameis Winston,QB,4900,00-0031503,Jameis Winston,J.Winston,WIN623708,QB,QB,3,4900,2019,42344,32005749-4e62-3708-9650-e59a3f7bea83,Jameis,Winston,Jameis,QB,QB,03,ACT,https://static.www.nfl.com/image/private/{formatInstructions}/league/iurpf1pdjrjfowtksptf,45,33,3,73.33333333333333,65.05155555555555,8.281777777777776,456,4,107.2685185185185,2.7961111111111117,8.967906976744187,7.973939393939392,-0.9939675828047951,20.131626421935696,48.39187638436847,48.39187638436847,-0.07860465116279083,6.666666666666667,,REG,14
2019,REG,14,week,15,1,Dwayne Haskins,QB,5110,00-0035232,Dwayne Haskins,D.Haskins,HAS285847,QB,QB,7,5110,2019,47798,32004841-5328-5847-4bf1-f4c48a3a3bc6,Dwayne,Haskins,Dwayne,QB,QB,07,ACT,https://static.www.nfl.com/image/private/{formatInstructions}/league/pt70n1epofri8mmj7kuv,27,16,1,59.25925925925925,62.148888888888884,-2.8896296296296313,170,1,74.6141975308642,2.8873846153846148,9.844615384615384,5.4712499999999995,-4.373365384615385,21.47966269433127,50.65237309346918,26.478946353659914,0.9215384615384613,22.22222222222222,,REG,14
2019,REG,15,week,15,1,Matt Ryan,QB,0200,00-0026143,Matt Ryan,M.Ryan,RYA238179,QB,QB,2,0200,2019,33084,32005259-4123-8179-1aae-5603693aba86,Matthew,Ryan,Matt,QB,QB,02,ACT,https://static.www.nfl.com/image/private/{formatInstructions}/league/nsup3rrfi8jfj8oduf1t,39,25,0,64.1025641025641,67.62461538461538,-3.5220512820512795,210,2,95.03205128205128,2.471692307692307,6.875128205128205,3.9988,-2.876328205128205,18.661288730526977,40.50079505392455,37.691824047132556,-1.2787179487179496,23.076923076923077,,REG,15
2019,REG,15,week,15,1,Lamar Jackson,QB,0325,00-0034796,Lamar Jackson,L.Jackson,JAC323395,QB,QB,8,0325,2019,46101,32004a41-4332-3395-efb0-6c7b75de50af,Lamar,Jackson,Lamar,QB,QB,08,ACT,https://static.www.nfl.com/image/private/{formatInstructions}/league/rojvfogdbjpld2ldvdop,23,15,0,65.21739130434783,60.27956521739131,4.93782608695652,212,5,134.42028985507247,3.2931739130434785,11.39857142857143,10.918,-0.4805714285714302,22.770758086223946,47.501741020724694,47.501741020724694,3.4938095238095235,17.391304347826086,,REG,15
2019,REG,15,week,15,1,Josh Allen,QB,0610,00-0034857,Josh Allen,J.Allen,ALL529264,QB,QB,17,0610,2019,46076,3200414c-4c52-9264-bedc-c4ddaf201fe7,Joshua,Allen,Josh,QB,QB,17,ACT,https://static.www.nfl.com/image/private/{formatInstructions}/league/uyhjaf2okyygjyfzk8hc,25,13,1,52.0,68.05640000000001,-16.05640000000001,139,1,65.25,2.62048,10.267083333333334,8.756153846153847,-1.510929487179487,24.232046085263008,47.57446899335818,47.57446899335818,1.2254166666666666,12.0,,REG,15
2019,REG,15,week,15,1,Kyle Allen,QB,0750,00-0034577,Kyle Allen,K.Allen,ALL543234,QB,QB,7,0750,2019,46761,3200414c-4c54-3234-6e5f-74f0c92c233b,Kyle,Allen,Kyle,QB,QB,07,ACT,https://static.www.nfl.com/image/private/{formatInstructions}/league/jecyn8sprawuwe2gs9rz,41,25,3,60.97560975609756,69.14951219512193,-8.173902439024367,277,1,58.6890243902439,2.527475,6.093684210526317,2.6916,-3.4020842105263167,19.107227362674806,50.27013526936247,34.60868243663719,-2.4063157894736835,9.75609756097561,,REG,15
2019,REG,15,week,15,1,Mitchell Trubisky,QB,0810,00-0033869,Mitchell Trubisky,M.Trubisky,TRU215336,QB,QB,10,0810,2019,44814,32005452-5521-5336-8519-c8cb45ea9b74,Mitchell,Trubisky,Mitchell,QB,QB,10,ACT,https://static.www.nfl.com/image/private/{formatInstructions}/league/yxl8earcwsagar5mbjfi,53,29,2,54.71698113207547,55.63433962264149,-0.9173584905660235,334,1,64.50471698113208,2.9713653846153845,10.60903846153846,7.516551724137932,-3.092486737400529,23.427877800881273,55.731617597195225,47.76402411857694,2.2051923076923083,20.754716981132077,,REG,15
2019,REG,15,week,15,1,Andy Dalton,QB,0920,00-0027973,Andy Dalton,A.Dalton,DAL659900,QB,QB,14,0920,2019,37110,32004441-4c65-9900-551d-a31a0423b3ca,Andrew,Dalton,Andy,QB,QB,14,ACT,https://static.www.nfl.com/image/private/{formatInstructions}/league/fex1enmwhsyid5jyue7t,31,17,4,54.83870967741935,56.78903225806452,-1.950322580645171,151,1,39.247311827956985,2.6789032258064522,7.257241379310346,4.066470588235294,-3.1907707910750522,22.22666160253038,49.20619879649311,37.03976916774725,-0.8462068965517241,22.58064516129032,,REG,15
2019,REG,15,week,15,1,Baker Mayfield,QB,1050,00-0034855,Baker Mayfield,B.Mayfield,MAY483453,QB,QB,6,1050,2019,46073,32004d41-5948-3453-e6ac-1ecff99fdcf6,Baker,Mayfield,Baker,QB,QB,06,ACT,https://static.www.nfl.com/image/private/{formatInstructions}/league/mrajlbudbl0hcfzmrqz3,43,30,1,69.76744186046511,69.88767441860463,-0.12023255813952005,247,2,89.97093023255815,2.3532380952380954,6.373095238095239,3.8106666666666675,-2.5624285714285713,20.139869742065237,39.47375457186711,34.50491559183995,-1.1745238095238095,13.953488372093023,,REG,15
2019,REG,15,week,15,1,Dak Prescott,QB,1200,00-0033077,Dak Prescott,D.Prescott,PRE285723,QB,QB,4,1200,2019,43424,32005052-4528-5723-d1b2-96e92ebc1241,Rayne,Prescott,Dak,QB,QB,04,ACT,https://static.www.nfl.com/image/private/{formatInstructions}/league/httrtiv5us06hh6asf07,23,15,0,65.21739130434783,70.4104347826087,-5.193043478260876,212,2,123.82246376811594,2.6978260869565216,5.843181818181819,4.059333333333334,-1.7838484848484848,19.180115101056227,45.0777605921146,38.175913872492956,-2.2022727272727263,8.695652173913043,,REG,15
2019,REG,15,week,15,1,Drew Lock,QB,1400,00-0035704,Drew Lock,D.Lock,LOC374482,QB,QB,3,1400,2019,47825,32004c4f-4337-4482-904c-a47f8df1d41b,Drew,Lock,Drew,QB,QB,03,ACT,https://static.www.nfl.com/image/private/{formatInstructions}/league/q4mm4si16iee7dkz1eso,40,18,1,45.0,64.523,-19.522999999999996,208,0,50.83333333333334,2.762825,6.90625,2.9094444444444445,-3.9968055555555555,22.559184981247743,40.0347411631448,30.048843571758297,-1.9437500000000003,12.5,,REG,15
2019,REG,15,week,15,1,David Blough,QB,1540,00-0035040,David Blough,D.Blough,BLO315389,QB,QB,10,1540,2019,48137,3200424c-4f31-5389-8dc7-e49c9f486370,David,Blough,David,QB,QB,10,ACT,https://static.www.nfl.com/image/private/{formatInstructions}/league/eevnkhj8mhzpolblxpjy,43,24,2,55.81395348837209,65.70883720930233,-9.894883720930238,260,0,54.40891472868218,2.8552325581395346,7.894651162790697,7.772500000000001,-0.12215116279069616,20.869114803290568,50.22092193498642,50.22092193498642,-0.6402325581395345,16.27906976744186,,REG,15
2019,REG,15,week,15,1,Aaron Rodgers,QB,1800,00-0023459,Aaron Rodgers,A.Rodgers,ROD339293,QB,QB,12,1800,2019,29851,3200524f-4433-9293-a3cf-ad7758d03003,Aaron,Rodgers,Aaron,QB,QB,12,ACT,https://static.www.nfl.com/image/private/{formatInstructions}/league/ejjiyjumtzwxiffdhkgz,33,16,0,48.484848484848484,58.741818181818175,-10.25696969696969,203,1,78.21969696969697,2.832090909090909,10.690999999999999,5.828749999999999,-4.8622499999999995,24.826747862788057,59.332419468617665,35.25690854286575,2.724333333333334,12.121212121212121,,REG,15
2019,REG,15,week,15,1,Ryan Tannehill,QB,2100,00-0029701,Ryan Tannehill,R.Tannehill,TAN298716,QB,QB,17,2100,2019,38538,32005441-4e29-8716-6443-cc1663c47ac9,Ryan,Tannehill,Ryan,QB,QB,17,ACT,https://static.www.nfl.com/image/private/{formatInstructions}/league/e2b84kobkdgravu7u6qy,36,22,1,61.111111111111114,58.49888888888888,2.612222222222236,279,2,92.24537037037037,3.0027428571428567,10.218571428571426,7.341363636363636,-2.8772077922077903,22.496887466014662,59.9679222584875,47.50341566666548,1.8185714285714283,16.666666666666664,,REG,15
2019,REG,15,week,15,1,Deshaun Watson,QB,2120,00-0033537,Deshaun Watson,D.Watson,WAT338355,QB,QB,4,2120,2019,44824,32005741-5433-8355-e029-e49022cf4b81,Derrick,Watson,Deshaun,QB,QB,04,ACT,https://static.www.nfl.com/image/private/{formatInstructions}/league/dhtjbkg3d9yrse2vpans,27,19,2,70.37037037037037,63.26185185185184,7.10851851851853,243,2,92.05246913580248,2.8529259259259265,9.885199999999998,8.059999999999997,-1.8252000000000006,21.677599521490674,62.4742410918292,43.889763043333915,1.8851999999999987,7.4074074074074066,,REG,15
2019,REG,15,week,15,1,Jacoby Brissett,QB,2200,00-0033119,Jacoby Brissett,J.Brissett,BRI516391,QB,QB,7,2200,2019,43380,32004252-4951-6391-fb1e-f908d9b96e12,Jacoby,Brissett,Jacoby,QB,QB,07,ACT,https://static.www.nfl.com/image/private/{formatInstructions}/league/qbvf9c5eedjgkw9xqwup,34,18,0,52.94117647058824,59.23911764705885,-6.297941176470609,165,0,66.42156862745098,2.9214705882352945,10.053939393939395,5.52,-4.533939393939395,25.131977162346764,53.824259400385614,31.84282650770814,0.9327272727272737,23.52941176470588,,REG,15
2019,REG,15,week,15,1,Gardner Minshew,QB,2250,00-0035289,Gardner Minshew,G.Minshew II,MIN604610,QB,QB,15,2250,2019,47961,32004d49-4e60-4610-dc98-dcddea9bb1f6,Gardner,Minshew,Gardner,QB,QB,15,ACT,https://static.www.nfl.com/image/private/{formatInstructions}/league/f8uc5gnrll70ueahgisk,29,17,0,58.620689655172406,66.13896551724137,-7.518275862068968,201,2,102.80172413793103,2.776655172413793,7.672857142857142,5.447058823529411,-2.2257983193277306,19.925081911178303,46.962412629676514,44.62909925149734,-1.3271428571428576,13.793103448275861,,REG,15
2019,REG,15,week,15,1,Patrick Mahomes,QB,2310,00-0033873,Patrick Mahomes,P.Mahomes,MAH401939,QB,QB,15,2310,2019,44822,32004d41-4840-1939-e4c1-bb89191b4e71,Patrick,Mahomes,Patrick,QB,QB,15,ACT,https://static.www.nfl.com/image/private/{formatInstructions}/league/ugt3pz3jk8v1cbuvj3om,34,27,1,79.41176470588235,64.47176470588234,14.940000000000012,340,2,115.68627450980394,3.126411764705882,9.76529411764706,9.62185185185185,-0.14344226579520836,21.857136855106972,45.44651911862998,45.44651911862998,0.9417647058823526,20.588235294117645,,REG,15
2019,REG,15,week,15,1,Jared Goff,QB,2510,00-0033106,Jared Goff,J.Goff,GOF219636,QB,QB,16,2510,2019,43290,3200474f-4621-9636-7354-d2eb6365d257,Jared,Goff,Jared,QB,QB,16,ACT,https://static.www.nfl.com/image/private/{formatInstructions}/league/kke5xst7v1ciq1udqqyr,51,33,1,64.70588235294117,66.84980392156862,-2.143921568627448,284,2,84.109477124183,2.874490196078432,6.479600000000001,3.712121212121213,-2.7674787878787885,19.956667833506387,41.81192413654267,34.628353989180596,-2.280399999999999,17.647058823529413,,REG,15
2019,REG,15,week,15,1,Derek Carr,QB,2520,00-0031280,Derek Carr,D.Carr,CAR358797,QB,QB,4,2520,2019,41265,32004341-5235-8797-3b9a-0d2711c0bc27,Derek,Carr,Derek,QB,QB,04,ACT,https://static.www.nfl.com/image/private/{formatInstructions}/league/chtyn7pw8xqfpnrkd1fq,36,22,0,61.111111111111114,63.594722222222224,-2.4836111111111094,267,1,93.17129629629629,2.9316111111111116,7.283939393939395,3.9068181818181826,-3.3771212121212124,19.85547698701392,54.90876523834788,37.043980617638816,-1.6251515151515143,5.555555555555555,,REG,15
2019,REG,15,week,15,1,Ryan Fitzpatrick,QB,2700,00-0023682,Ryan Fitzpatrick,R.Fitzpatrick,FIT792915,QB,QB,14,2700,2019,30078,32004649-5479-2915-c998-f50119c2fdd4,Ryan,Fitzpatrick,Ryan,QB,QB,14,ACT,https://static.www.nfl.com/image/private/{formatInstructions}/league/joilglqul2ldsy2pfjey,41,23,0,56.09756097560976,64.1609756097561,-8.063414634146334,279,2,93.44512195121952,2.466560975609756,8.099756097560979,6.662608695652175,-1.4371474019088044,20.619307805232022,42.69592252194581,42.69592252194581,-0.8758536585365849,21.951219512195124,,REG,15
2019,REG,15,week,15,1,Kirk Cousins,QB,3000,00-0029604,Kirk Cousins,K.Cousins,COU709400,QB,QB,8,3000,2019,38632,3200434f-5570-9400-e1ae-f835abb5963e,Kirk,Cousins,Kirk,QB,QB,08,ACT,https://static.www.nfl.com/image/private/{formatInstructions}/league/yoi19theqqakt4zpw9r4,25,19,1,76.0,65.4332,10.5668,207,1,96.58333333333333,2.8144799999999996,8.592083333333333,7.704210526315789,-0.8878728070175441,19.96162166965695,53.70326712593937,53.70326712593937,0.5504166666666667,16.0,,REG,15
2019,REG,15,week,15,1,Tom Brady,QB,3200,00-0019596,Tom Brady,T.Brady,BRA371156,QB,QB,12,3200,2019,25511,32004252-4137-1156-7ed0-8b9e44948f13,Tom,Brady,Tom,QB,QB,12,ACT,https://static.www.nfl.com/image/private/{formatInstructions}/league/apkxya5ptb0zalrskshq,29,15,0,51.724137931034484,64.6096551724138,-12.885517241379311,128,2,86.566091954023,2.7600689655172412,5.701428571428571,2.7473333333333323,-2.9540952380952388,19.049780432830314,35.19120344631595,26.10623105697182,-2.6914285714285717,13.793103448275861,Jr.,REG,15
2019,REG,15,week,15,1,Drew Brees,QB,3300,00-0020531,Drew Brees,D.Brees,BRE229498,QB,QB,9,3300,2019,26250,32004252-4522-9498-de45-55dc89e02748,Drew,Brees,Drew,QB,QB,09,ACT,https://static.www.nfl.com/image/private/{formatInstructions}/league/i20xlpzdmn7xubotijjd,30,29,0,96.66666666666667,68.62733333333331,28.03933333333336,307,4,148.88888888888889,2.4641666666666664,6.749999999999999,7.133448275862068,0.38344827586206875,19.29203283116485,34.85191099495119,34.85191099495119,-1.183333333333334,23.333333333333332,,REG,15
2019,REG,15,week,15,1,Eli Manning,QB,3410,00-0022803,Eli Manning,E.Manning,MAN473170,QB,QB,10,3410,2019,28953,32004d41-4e47-3170-d4e5-66f2cfc951d8,Elisha,Manning,Eli,QB,QB,10,ACT,https://static.www.nfl.com/image/private/{formatInstructions}/league/w51tf8uedjftbr4qpaex,28,20,3,71.42857142857143,64.87214285714286,6.556428571428569,283,2,87.94642857142857,2.778928571428572,10.091428571428574,8.956,-1.1354285714285748,22.41165753615054,46.62271227631443,36.877337214066856,1.9128571428571424,10.714285714285714,,REG,15
2019,REG,15,week,15,1,Sam Darnold,QB,3430,00-0034869,Sam Darnold,S.Darnold,DAR466141,QB,QB,14,3430,2019,46072,32004441-5246-6141-9e5c-6e7d32a03e33,Sam,Darnold,Sam,QB,QB,14,ACT,https://static.www.nfl.com/image/private/{formatInstructions}/league/eq43mbsq4xhpm9sfh0yl,32,18,1,56.25,54.00874999999999,2.241250000000008,218,2,85.15625,3.1592812500000007,8.64310344827586,6.159444444444443,-2.483659003831418,22.16153983239707,42.62913557650448,36.75102175450364,1.091379310344827,28.125,,REG,15
2019,REG,15,week,15,1,Carson Wentz,QB,3700,00-0032950,Carson Wentz,C.Wentz,WEN615770,QB,QB,11,3700,2019,43291,32005745-4e61-5770-9c68-1652f876bc72,Carson,Wentz,Carson,QB,QB,11,ACT,https://static.www.nfl.com/image/private/{formatInstructions}/league/e0lkzdsozcwd6jwr1mju,43,30,0,69.76744186046511,65.40790697674417,4.35953488372094,266,3,109.25387596899225,2.895093023255814,6.074499999999999,2.943333333333334,-3.131166666666665,18.251700029275792,37.348954469971446,32.10069936932839,-2.7504999999999997,9.30232558139535,,REG,15
2019,REG,15,week,15,1,Kyler Murray,QB,3800,00-0035228,Kyler Murray,K.Murray,MUR670413,QB,QB,1,3800,2019,47784,32004d55-5267-0413-8d36-a5c3fd781aa0,Kyler,Murray,Kyler,QB,QB,01,ACT,https://static.www.nfl.com/image/private/{formatInstructions}/league/xg9gslvksigyhrkos7xu,25,19,1,76.0,66.26639999999999,9.73360000000001,219,1,98.58333333333333,2.80432,6.733913043478262,4.847368421052631,-1.8865446224256308,20.48284668194442,35.76303818189949,35.76303818189949,-2.1791304347826084,8.0,,REG,15
2019,REG,15,week,15,1,Devlin Hodges,QB,3900,00-0035577,Devlin Hodges,D.Hodges,HOD363523,QB,QB,6,3900,2019,48728,3200484f-4436-3523-9f45-2df444e0e2ab,Devlin,Hodges,Devlin,QB,QB,06,ACT,https://static.www.nfl.com/image/private/{formatInstructions}/league/ehkdoer4nv2qp2ddam83,38,23,4,60.526315789473685,62.963157894736845,-2.4368421052631604,202,1,43.85964912280702,2.850526315789473,8.073055555555555,4.459565217391305,-3.61349033816425,22.74385913931029,44.1168357886193,42.685047733369125,-1.9269444444444435,13.157894736842104,,REG,15
2019,REG,15,week,15,1,Philip Rivers,QB,4400,00-0022942,Philip Rivers,P.Rivers,RIV651634,QB,QB,17,4400,2019,28956,32005249-5665-1634-a192-77c9c8e6262e,Philip,Rivers,Philip,QB,QB,17,ACT,https://static.www.nfl.com/image/private/{formatInstructions}/league/adapxtphf15elrdudiix,39,28,3,71.7948717948718,63.5523076923077,8.242564102564096,307,1,71.20726495726495,2.566717948717949,8.496052631578948,6.064285714285715,-2.431766917293233,21.670775980538608,47.70377343565181,47.70377343565181,-0.6092105263157896,23.076923076923077,,REG,15
2019,REG,15,week,15,1,Jimmy Garoppolo,QB,4500,00-0031345,Jimmy Garoppolo,J.Garoppolo,GAR363225,QB,QB,10,4500,2019,41291,32004741-5236-3225-90e6-5bfdba41064c,James,Garoppolo,Jimmy,QB,QB,10,ACT,https://static.www.nfl.com/image/private/{formatInstructions}/league/hebg9avbsul4u2olmct8,34,22,0,64.70588235294117,70.26823529411766,-5.562352941176485,200,1,90.3186274509804,2.660647058823529,3.7387878787878788,1.908181818181817,-1.8306060606060617,17.989162534135282,31.06848081255342,31.06848081255342,-4.6854545454545455,17.647058823529413,,REG,15
2019,REG,15,week,15,1,Russell Wilson,QB,4600,00-0029263,Russell Wilson,R.Wilson,WIL777781,QB,QB,3,4600,2019,38605,32005749-4c77-7781-795c-94c753706d1d,Russell,Wilson,Russell,QB,QB,03,ACT,https://static.www.nfl.com/image/private/{formatInstructions}/league/rrpzsqysodir9laitnus,26,20,0,76.92307692307693,62.34115384615385,14.581923076923083,286,2,137.6602564102564,3.2789615384615383,10.700833333333335,8.817000000000002,-1.8838333333333335,24.529881695717734,58.05629853857374,58.05629853857374,0.7424999999999994,11.538461538461538,,REG,15
2019,REG,15,week,15,1,Jameis Winston,QB,4900,00-0031503,Jameis Winston,J.Winston,WIN623708,QB,QB,3,4900,2019,42344,32005749-4e62-3708-9650-e59a3f7bea83,Jameis,Winston,Jameis,QB,QB,03,ACT,https://static.www.nfl.com/image/private/{formatInstructions}/league/iurpf1pdjrjfowtksptf,42,28,1,66.66666666666666,63.43904761904763,3.2276190476190294,458,4,124.90079365079364,2.9322142857142857,11.161707317073171,9.227857142857143,-1.933850174216028,23.46625250822994,53.98166355346971,41.93039112624637,1.6739024390243902,2.380952380952381,,REG,15
2019,REG,15,week,15,1,Dwayne Haskins,QB,5110,00-0035232,Dwayne Haskins,D.Haskins,HAS285847,QB,QB,7,5110,2019,47798,32004841-5328-5847-4bf1-f4c48a3a3bc6,Dwayne,Haskins,Dwayne,QB,QB,07,ACT,https://static.www.nfl.com/image/private/{formatInstructions}/league/pt70n1epofri8mmj7kuv,28,19,0,67.85714285714286,61.35964285714285,6.497500000000009,261,2,121.27976190476188,2.715964285714286,7.954444444444444,6.648421052631577,-1.3060233918128672,20.374701892064238,42.758527804404125,35.37124821094105,-0.9714814814814816,17.857142857142858,,REG,15
2019,REG,16,week,15,1,Matt Ryan,QB,0200,00-0026143,Matt Ryan,M.Ryan,RYA238179,QB,QB,2,0200,2019,33084,32005259-4123-8179-1aae-5603693aba86,Matthew,Ryan,Matt,QB,QB,02,ACT,https://static.www.nfl.com/image/private/{formatInstructions}/league/nsup3rrfi8jfj8oduf1t,45,32,2,71.11111111111111,57.189111111111124,13.92199999999999,384,1,85.78703703703704,2.911688888888889,8.912093023255814,7.87375,-1.0383430232558135,19.47435749406547,55.55143652508007,39.55606780255086,0.07488372093023245,24.444444444444443,,REG,16
2019,REG,16,week,15,1,Lamar Jackson,QB,0325,00-0034796,Lamar Jackson,L.Jackson,JAC323395,QB,QB,8,0325,2019,46101,32004a41-4332-3395-efb0-6c7b75de50af,Lamar,Jackson,Lamar,QB,QB,08,ACT,https://static.www.nfl.com/image/private/{formatInstructions}/league/rojvfogdbjpld2ldvdop,31,20,0,64.51612903225806,68.4232258064516,-3.9070967741935334,238,3,120.09408602150538,3.0224516129032257,7.373333333333335,6.350500000000002,-1.0228333333333328,19.197549253939176,45.10891042798529,28.68811774934005,-1.226666666666666,9.67741935483871,,REG,16
2019,REG,16,week,15,1,Josh Allen,QB,0610,00-0034857,Josh Allen,J.Allen,ALL529264,QB,QB,17,0610,2019,46076,3200414c-4c52-9264-bedc-c4ddaf201fe7,Joshua,Allen,Josh,QB,QB,17,ACT,https://static.www.nfl.com/image/private/{formatInstructions}/league/uyhjaf2okyygjyfzk8hc,26,13,0,50.0,57.02,-7.020000000000003,208,2,102.72435897435896,2.8085,12.888846153846153,10.136923076923077,-2.7519230769230756,26.580953042234334,58.103307995328464,42.92025279515489,3.619615384615386,19.230769230769234,,REG,16
2019,REG,16,week,15,1,Will Grier,QB,0750,00-0035251,Will Grier,W.Grier,GRI022415,QB,QB,3,0750,2019,47883,32004752-4902-2415-512e-3cae73b00f0f,Will,Grier,Will,QB,QB,03,ACT,https://static.www.nfl.com/image/private/{formatInstructions}/league/yaujksnedukalqpumtqz,44,27,3,61.36363636363637,64.26431818181818,-2.900681818181816,224,0,46.02272727272727,2.9305681818181823,8.100487804878048,1.5933333333333333,-6.507154471544714,20.073872493135422,52.94901793234696,23.777731178562853,-1.0702439024390236,18.181818181818183,,REG,16
2019,REG,16,week,15,1,Mitchell Trubisky,QB,0810,00-0033869,Mitchell Trubisky,M.Trubisky,TRU215336,QB,QB,10,0810,2019,44814,32005452-5521-5336-8519-c8cb45ea9b74,Mitchell,Trubisky,Mitchell,QB,QB,10,ACT,https://static.www.nfl.com/image/private/{formatInstructions}/league/yxl8earcwsagar5mbjfi,34,18,0,52.94117647058824,62.91176470588237,-9.97058823529413,157,0,65.44117647058823,2.3745151515151512,8.08424242424242,3.0377777777777784,-5.046464646464642,22.022968144325098,49.41133979159035,30.83722588041927,-1.673333333333334,14.705882352941178,,REG,16
2019,REG,16,week,15,1,Andy Dalton,QB,0920,00-0027973,Andy Dalton,A.Dalton,DAL659900,QB,QB,14,0920,2019,37110,32004441-4c65-9900-551d-a31a0423b3ca,Andrew,Dalton,Andy,QB,QB,14,ACT,https://static.www.nfl.com/image/private/{formatInstructions}/league/fex1enmwhsyid5jyue7t,56,33,0,58.92857142857143,58.036250000000024,0.8923214285714067,396,4,104.4642857142857,2.640163636363636,10.891111111111112,8.409999999999998,-2.4811111111111135,24.8867576683059,57.288225666361846,40.49830860665665,2.65037037037037,28.57142857142857,,REG,16
2019,REG,16,week,15,1,Baker Mayfield,QB,1050,00-0034855,Baker Mayfield,B.Mayfield,MAY483453,QB,QB,6,1050,2019,46073,32004d41-5948-3453-e6ac-1ecff99fdcf6,Baker,Mayfield,Baker,QB,QB,06,ACT,https://static.www.nfl.com/image/private/{formatInstructions}/league/mrajlbudbl0hcfzmrqz3,33,20,1,60.60606060606061,58.81363636363638,1.7924242424242323,192,2,84.40656565656566,2.666515151515151,9.078125,6.0685,-3.0096249999999998,22.2004547950502,54.51827308343507,31.53019188016464,1.1406250000000007,27.27272727272727,,REG,16
2019,REG,16,week,15,1,Dak Prescott,QB,1200,00-0033077,Dak Prescott,D.Prescott,PRE285723,QB,QB,4,1200,2019,43424,32005052-4528-5723-d1b2-96e92ebc1241,Rayne,Prescott,Dak,QB,QB,04,ACT,https://static.www.nfl.com/image/private/{formatInstructions}/league/httrtiv5us06hh6asf07,44,25,0,56.81818181818182,63.504772727272716,-6.686590909090896,265,0,74.52651515151516,2.869681818181818,10.192045454545456,6.7976,-3.3944454545454557,23.084193668273084,49.56708585341689,49.56708585341689,1.010227272727273,18.181818181818183,,REG,16
2019,REG,16,week,15,1,Drew Lock,QB,1400,00-0035704,Drew Lock,D.Lock,LOC374482,QB,QB,3,1400,2019,47825,32004c4f-4337-4482-904c-a47f8df1d41b,Drew,Lock,Drew,QB,QB,03,ACT,https://static.www.nfl.com/image/private/{formatInstructions}/league/q4mm4si16iee7dkz1eso,33,25,0,75.75757575757575,68.77242424242425,6.9851515151515,192,1,99.5580808080808,2.8974848484848477,6.885151515151517,4.2532000000000005,-2.631951515151516,19.680816714186317,58.205983369409715,30.722019790371856,-1.9633333333333327,15.151515151515152,,REG,16
2019,REG,16,week,15,1,David Blough,QB,1540,00-0035040,David Blough,D.Blough,BLO315389,QB,QB,10,1540,2019,48137,3200424c-4f31-5389-8dc7-e49c9f486370,David,Blough,David,QB,QB,10,ACT,https://static.www.nfl.com/image/private/{formatInstructions}/league/eevnkhj8mhzpolblxpjy,24,12,0,50.0,61.20791666666666,-11.207916666666662,117,1,77.95138888888889,2.900208333333333,10.759565217391303,4.765,-5.994565217391304,24.130184934760567,49.9202343744498,31.362405838838317,1.4117391304347813,20.833333333333336,,REG,16
2019,REG,16,week,15,1,Aaron Rodgers,QB,1800,00-0023459,Aaron Rodgers,A.Rodgers,ROD339293,QB,QB,12,1800,2019,29851,3200524f-4433-9293-a3cf-ad7758d03003,Aaron,Rodgers,Aaron,QB,QB,12,ACT,https://static.www.nfl.com/image/private/{formatInstructions}/league/ejjiyjumtzwxiffdhkgz,40,26,1,65.0,67.75049999999999,-2.750499999999988,216,0,68.33333333333334,2.49385,6.676578947368419,2.8830769230769233,-3.793502024291496,21.531929562949557,52.44067600632166,27.050086876015754,-1.2444736842105264,20.0,,REG,16
2019,REG,16,week,15,1,Ryan Tannehill,QB,2100,00-0029701,Ryan Tannehill,R.Tannehill,TAN298716,QB,QB,17,2100,2019,38538,32005441-4e29-8716-6443-cc1663c47ac9,Ryan,Tannehill,Ryan,QB,QB,17,ACT,https://static.www.nfl.com/image/private/{formatInstructions}/league/e2b84kobkdgravu7u6qy,27,17,0,62.96296296296296,62.41888888888889,0.544074074074075,272,3,133.5648148148148,3.032555555555556,9.652000000000001,8.421764705882353,-1.230235294117648,21.947812260985884,54.194734061530376,37.55896697194959,0.49200000000000044,7.4074074074074066,,REG,16
2019,REG,16,week,15,1,Deshaun Watson,QB,2120,00-0033537,Deshaun Watson,D.Watson,WAT338355,QB,QB,4,2120,2019,44824,32005741-5433-8355-e029-e49022cf4b81,Derrick,Watson,Deshaun,QB,QB,04,ACT,https://static.www.nfl.com/image/private/{formatInstructions}/league/dhtjbkg3d9yrse2vpans,32,19,1,59.375,67.7875,-8.412499999999994,184,0,62.5,2.6235,6.511874999999999,5.3852631578947365,-1.1266118421052624,18.302101041451753,51.18891481561217,40.39585374763107,-3.019375000000001,18.75,,REG,16
2019,REG,16,week,15,1,Jacoby Brissett,QB,2200,00-0033119,Jacoby Brissett,J.Brissett,BRI516391,QB,QB,7,2200,2019,43380,32004252-4951-6391-fb1e-f908d9b96e12,Jacoby,Brissett,Jacoby,QB,QB,07,ACT,https://static.www.nfl.com/image/private/{formatInstructions}/league/qbvf9c5eedjgkw9xqwup,27,14,0,51.85185185185185,61.54333333333334,-9.691481481481489,119,0,63.657407407407405,2.9436666666666658,9.455416666666666,5.324285714285716,-4.131130952380951,20.707681778586696,61.427957804244144,30.866708603283247,0.4137499999999997,14.814814814814813,,REG,16
2019,REG,16,week,15,1,Gardner Minshew,QB,2250,00-0035289,Gardner Minshew,G.Minshew II,MIN604610,QB,QB,15,2250,2019,47961,32004d49-4e60-4610-dc98-dcddea9bb1f6,Gardner,Minshew,Gardner,QB,QB,15,ACT,https://static.www.nfl.com/image/private/{formatInstructions}/league/f8uc5gnrll70ueahgisk,31,13,0,41.935483870967744,57.0283870967742,-15.09290322580646,181,1,72.11021505376344,2.734870967741936,7.321333333333332,6.596923076923077,-0.7244102564102546,20.197565604101307,45.2885338689607,45.2885338689607,-1.3453333333333335,25.806451612903224,,REG,16
2019,REG,16,week,15,1,Patrick Mahomes,QB,2310,00-0033873,Patrick Mahomes,P.Mahomes,MAH401939,QB,QB,15,2310,2019,44822,32004d41-4840-1939-e4c1-bb89191b4e71,Patrick,Mahomes,Patrick,QB,QB,15,ACT,https://static.www.nfl.com/image/private/{formatInstructions}/league/ugt3pz3jk8v1cbuvj3om,33,23,0,69.6969696969697,69.33666666666667,0.36030303030302946,251,2,112.05808080808082,2.8178181818181818,7.0506666666666655,6.25,-0.8006666666666655,19.010466795512063,57.74332861898421,27.85029263760077,-2.8826666666666663,6.0606060606060606,,REG,16
2019,REG,16,week,15,1,Jared Goff,QB,2510,00-0033106,Jared Goff,J.Goff,GOF219636,QB,QB,16,2510,2019,43290,3200474f-4621-9636-7354-d2eb6365d257,Jared,Goff,Jared,QB,QB,16,ACT,https://static.www.nfl.com/image/private/{formatInstructions}/league/kke5xst7v1ciq1udqqyr,46,27,1,58.69565217391305,54.01326086956521,4.6823913043478385,323,2,85.68840579710145,3.050673913043478,6.625128205128205,6.0422222222222235,-0.5829059829059817,18.843948343482296,40.671460509797285,38.38155025529845,-2.2979487179487172,19.565217391304348,,REG,16
2019,REG,16,week,15,1,Derek Carr,QB,2520,00-0031280,Derek Carr,D.Carr,CAR358797,QB,QB,4,2520,2019,41265,32004341-5235-8797-3b9a-0d2711c0bc27,Derek,Carr,Derek,QB,QB,04,ACT,https://static.www.nfl.com/image/private/{formatInstructions}/league/chtyn7pw8xqfpnrkd1fq,30,26,0,86.66666666666667,77.56266666666664,9.104000000000028,291,1,118.19444444444444,2.4335666666666667,4.214482758620689,4.296923076923077,0.08244031830238807,14.82874421350586,24.526760894989778,24.526760894989778,-4.130344827586207,0.0,,REG,16
2019,REG,16,week,15,1,Ryan Fitzpatrick,QB,2700,00-0023682,Ryan Fitzpatrick,R.Fitzpatrick,FIT792915,QB,QB,14,2700,2019,30078,32004649-5479-2915-c998-f50119c2fdd4,Ryan,Fitzpatrick,Ryan,QB,QB,14,ACT,https://static.www.nfl.com/image/private/{formatInstructions}/league/joilglqul2ldsy2pfjey,52,31,1,59.61538461538461,56.570384615384626,3.0449999999999875,419,4,102.96474358974359,2.5535384615384618,9.870196078431372,9.033870967741937,-0.8363251106894349,21.0628769002436,51.71454824321683,51.71454824321683,1.0466666666666662,19.230769230769234,,REG,16
2019,REG,16,week,15,1,Kirk Cousins,QB,3000,00-0029604,Kirk Cousins,K.Cousins,COU709400,QB,QB,8,3000,2019,38632,3200434f-5570-9400-e1ae-f835abb5963e,Kirk,Cousins,Kirk,QB,QB,08,ACT,https://static.www.nfl.com/image/private/{formatInstructions}/league/yoi19theqqakt4zpw9r4,31,16,1,51.61290322580645,54.96451612903227,-3.3516129032258206,122,1,58.803763440860216,3.1203548387096776,8.214137931034484,4.414375,-3.7997629310344845,20.55391620755847,44.19533120138371,37.55852100389471,-1.5099999999999996,22.58064516129032,,REG,16
2019,REG,16,week,15,1,Tom Brady,QB,3200,00-0019596,Tom Brady,T.Brady,BRA371156,QB,QB,12,3200,2019,25511,32004252-4137-1156-7ed0-8b9e44948f13,Tom,Brady,Tom,QB,QB,12,ACT,https://static.www.nfl.com/image/private/{formatInstructions}/league/apkxya5ptb0zalrskshq,33,26,0,78.78787878787878,70.78060606060606,8.00727272727272,271,1,110.98484848484848,2.692333333333333,5.236562499999998,4.7953846153846165,-0.44117788461538154,18.53457796215511,38.303938439800156,28.299689044228028,-4.3884375,9.090909090909092,Jr.,REG,16
2019,REG,16,week,15,1,Drew Brees,QB,3300,00-0020531,Drew Brees,D.Brees,BRE229498,QB,QB,9,3300,2019,26250,32004252-4522-9498-de45-55dc89e02748,Drew,Brees,Drew,QB,QB,09,ACT,https://static.www.nfl.com/image/private/{formatInstructions}/league/i20xlpzdmn7xubotijjd,38,27,0,71.05263157894737,68.17263157894736,2.8800000000000097,279,3,118.20175438596492,2.52678947368421,7.407297297297297,5.365185185185185,-2.042112112112112,20.936972335923485,43.30124363110141,36.77605334997218,-2.9710810810810813,23.684210526315788,,REG,16
2019,REG,16,week,15,1,Daniel Jones,QB,3410,00-0035710,Daniel Jones,D.Jones,JON165462,QB,QB,8,3410,2019,47789,32004a4f-4e16-5462-39a4-3b4fa743c66f,Daniel,Jones,Daniel,QB,QB,08,ACT,https://static.www.nfl.com/image/private/{formatInstructions}/league/zgxgwbz4fsqrkxewbdz2,42,28,0,66.66666666666666,66.6147619047619,0.05190476190475124,352,5,132.14285714285714,2.7283809523809524,8.8275,7.3575,-1.4700000000000006,21.891106235900583,53.40647619905287,40.61173229499082,0.20249999999999996,14.285714285714285,,REG,16
2019,REG,16,week,15,1,Sam Darnold,QB,3430,00-0034869,Sam Darnold,S.Darnold,DAR466141,QB,QB,14,3430,2019,46072,32004441-5246-6141-9e5c-6e7d32a03e33,Sam,Darnold,Sam,QB,QB,14,ACT,https://static.www.nfl.com/image/private/{formatInstructions}/league/eq43mbsq4xhpm9sfh0yl,26,16,0,61.53846153846154,64.68538461538462,-3.1469230769230805,183,1,95.51282051282051,2.9388846153846155,8.43,5.0025,-3.4274999999999993,21.655648134623817,49.680807159304486,35.429311311398656,0.23,30.76923076923077,,REG,16
2019,REG,16,week,15,1,Carson Wentz,QB,3700,00-0032950,Carson Wentz,C.Wentz,WEN615770,QB,QB,11,3700,2019,43291,32005745-4e61-5770-9c68-1652f876bc72,Carson,Wentz,Carson,QB,QB,11,ACT,https://static.www.nfl.com/image/private/{formatInstructions}/league/e0lkzdsozcwd6jwr1mju,40,31,0,77.5,68.1745,9.325500000000005,319,1,108.22916666666667,2.39625,5.172999999999999,3.5670967741935478,-1.6059032258064514,17.876519967377043,35.75644836948994,34.956558755117754,-4.402000000000001,15.0,,REG,16
2019,REG,16,week,15,1,Kyler Murray,QB,3800,00-0035228,Kyler Murray,K.Murray,MUR670413,QB,QB,1,3800,2019,47784,32004d55-5267-0413-8d36-a5c3fd781aa0,Kyler,Murray,Kyler,QB,QB,01,ACT,https://static.www.nfl.com/image/private/{formatInstructions}/league/xg9gslvksigyhrkos7xu,18,11,0,61.111111111111114,65.97111111111111,-4.859999999999999,118,1,98.8425925925926,3.0809444444444445,7.488333333333334,3.734545454545454,-3.7537878787878802,20.691508369904454,43.74186095721123,24.265568198581292,-0.12277777777777803,16.666666666666664,,REG,16
2019,REG,16,week,15,1,Mason Rudolph,QB,3900,00-0034771,Mason Rudolph,M.Rudolph,RUD321216,QB,QB,2,3900,2019,46145,32005255-4432-1216-a9be-28502c0847e4,Mason,Rudolph,Mason,QB,QB,02,ACT,https://static.www.nfl.com/image/private/{formatInstructions}/league/nfrmszsvdyrhtsox7yh9,20,14,0,70.0,72.07350000000001,-2.07350000000001,129,1,103.95833333333333,2.46455,6.4205,5.8149999999999995,-0.6055000000000001,20.017306305570283,45.05721251919608,45.05721251919608,-2.6295000000000006,0.0,,REG,16
2019,REG,16,week,15,1,Devlin Hodges,QB,3900,00-0035577,Devlin Hodges,D.Hodges,HOD363523,QB,QB,6,3900,2019,48728,3200484f-4436-3523-9f45-2df444e0e2ab,Devlin,Hodges,Devlin,QB,QB,06,ACT,https://static.www.nfl.com/image/private/{formatInstructions}/league/ehkdoer4nv2qp2ddam83,17,11,2,64.70588235294117,64.81588235294116,-0.10999999999998522,84,0,37.00980392156863,2.7112352941176465,9.495625,3.840909090909091,-5.65471590909091,23.735988632020465,56.027564644556875,31.279330235796287,0.9331250000000004,11.76470588235294,,REG,16
2019,REG,16,week,15,1,Philip Rivers,QB,4400,00-0022942,Philip Rivers,P.Rivers,RIV651634,QB,QB,17,4400,2019,28956,32005249-5665-1634-a192-77c9c8e6262e,Philip,Rivers,Philip,QB,QB,17,ACT,https://static.www.nfl.com/image/private/{formatInstructions}/league/adapxtphf15elrdudiix,39,27,0,69.23076923076923,63.75025641025641,5.480512820512814,279,0,89.58333333333334,2.7279230769230765,5.887567567567567,3.9837037037037026,-1.9038638638638643,18.725768030545446,35.67673331458473,33.75982227441371,-4.112432432432433,20.51282051282051,,REG,16
2019,REG,16,week,15,1,Jimmy Garoppolo,QB,4500,00-0031345,Jimmy Garoppolo,J.Garoppolo,GAR363225,QB,QB,10,4500,2019,41291,32004741-5236-3225-90e6-5bfdba41064c,James,Garoppolo,Jimmy,QB,QB,10,ACT,https://static.www.nfl.com/image/private/{formatInstructions}/league/hebg9avbsul4u2olmct8,27,16,2,59.25925925925925,65.99333333333333,-6.734074074074073,248,1,71.21913580246914,2.671740740740741,8.278148148148148,7.878124999999999,-0.4000231481481489,20.39728981295687,50.30665264157415,50.30665264157415,-1.2033333333333343,14.814814814814813,,REG,16
2019,REG,16,week,15,1,Russell Wilson,QB,4600,00-0029263,Russell Wilson,R.Wilson,WIL777781,QB,QB,3,4600,2019,38605,32005749-4c77-7781-795c-94c753706d1d,Russell,Wilson,Russell,QB,QB,03,ACT,https://static.www.nfl.com/image/private/{formatInstructions}/league/rrpzsqysodir9laitnus,31,16,0,51.61290322580645,62.828387096774186,-11.215483870967738,169,1,78.56182795698923,2.720903225806452,9.403793103448276,3.2649999999999997,-6.138793103448276,22.619005089711766,58.932995851220745,29.230867246799225,-0.8375862068965519,22.58064516129032,,REG,16
2019,REG,16,week,15,1,Jameis Winston,QB,4900,00-0031503,Jameis Winston,J.Winston,WIN623708,QB,QB,3,4900,2019,42344,32005749-4e62-3708-9650-e59a3f7bea83,Jameis,Winston,Jameis,QB,QB,03,ACT,https://static.www.nfl.com/image/private/{formatInstructions}/league/iurpf1pdjrjfowtksptf,48,25,4,52.083333333333336,57.99895833333333,-5.9156249999999915,335,1,46.78819444444446,2.876708333333332,12.645744680851061,9.72,-2.9257446808510608,24.675146151388525,49.00600983552936,49.00600983552936,4.113829787234043,22.916666666666664,,REG,16
2019,REG,16,week,15,1,Case Keenum,QB,5110,00-0028986,Case Keenum,C.Keenum,KEE690598,QB,QB,8,5110,2019,38937,32004b45-4569-0598-1a82-7cad5305e148,Casey,Keenum,Case,QB,QB,08,ACT,https://static.www.nfl.com/image/private/{formatInstructions}/league/qnyuz76tdcsqxn1bzse1,22,16,0,72.72727272727273,59.03136363636363,13.695909090909105,158,1,107.76515151515153,2.912681818181818,6.600476190476191,5.5093749999999995,-1.0911011904761914,19.68692040735799,45.12797026235503,31.853169387048446,-3.3995238095238096,13.636363636363635,,REG,16
2019,REG,16,week,15,1,Dwayne Haskins,QB,5110,00-0035232,Dwayne Haskins,D.Haskins,HAS285847,QB,QB,7,5110,2019,47798,32004841-5328-5847-4bf1-f4c48a3a3bc6,Dwayne,Haskins,Dwayne,QB,QB,07,ACT,https://static.www.nfl.com/image/private/{formatInstructions}/league/pt70n1epofri8mmj7kuv,15,12,0,80.0,62.132,17.868000000000002,133,2,143.19444444444446,2.740466666666667,11.203999999999999,9.678333333333331,-1.5256666666666678,22.384390405466267,34.708805799105214,28.674771141196576,1.537333333333332,40.0,,REG,16
2019,REG,17,week,15,1,Matt Ryan,QB,0200,00-0026143,Matt Ryan,M.Ryan,RYA238179,QB,QB,2,0200,2019,33084,32005259-4123-8179-1aae-5603693aba86,Matthew,Ryan,Matt,QB,QB,02,ACT,https://static.www.nfl.com/image/private/{formatInstructions}/league/nsup3rrfi8jfj8oduf1t,51,30,0,58.82352941176471,61.44823529411765,-2.6247058823529414,313,1,83.21078431372548,2.8139215686274515,7.116250000000001,6.234,-0.8822500000000009,18.586310987840772,43.99979659043892,26.49733005417716,-2.0087499999999996,13.725490196078432,,REG,17
2019,REG,17,week,15,1,Robert Griffin III,QB,0325,00-0029665,Robert Griffin III,R.Griffin III,GRI283140,QB,QB,3,0325,2019,38532,32004752-4928-3140-9891-1e10fb560bfb,Robert,Griffin,Robert,QB,QB,03,ACT,https://static.www.nfl.com/image/private/{formatInstructions}/league/f9gitqxxg3f1uybdcfhc,21,11,1,52.38095238095239,61.64142857142858,-9.26047619047619,96,0,44.94047619047619,2.534238095238096,7.069500000000001,3.751818181818182,-3.3176818181818186,20.181904251064516,52.8453214580061,26.322993750711557,-1.7304999999999997,19.047619047619047,III,REG,17
2019,REG,17,week,15,1,Matt Barkley,QB,0610,00-0030533,Matt Barkley,M.Barkley,BAR192558,QB,QB,5,0610,2019,40046,32004241-5219-2558-104e-c58640a9e77a,Matthew,Barkley,Matt,QB,QB,05,ACT,https://static.www.nfl.com/image/private/{formatInstructions}/league/lodswmnugxvkpvuurchf,35,18,2,51.42857142857142,64.33742857142857,-12.908857142857151,232,0,48.75,2.5889411764705885,7.856764705882356,6.923888888888889,-0.9328758169934668,21.14210353298935,43.338538277150064,42.57751519288086,-2.907941176470589,14.285714285714285,,REG,17
2019,REG,17,week,15,1,Kyle Allen,QB,0750,00-0034577,Kyle Allen,K.Allen,ALL543234,QB,QB,7,0750,2019,46761,3200414c-4c54-3234-6e5f-74f0c92c233b,Kyle,Allen,Kyle,QB,QB,07,ACT,https://static.www.nfl.com/image/private/{formatInstructions}/league/jecyn8sprawuwe2gs9rz,41,25,1,60.97560975609756,69.28853658536586,-8.3129268292683,295,0,72.71341463414635,2.4537804878048792,6.817560975609754,5.0312,-1.786360975609754,18.905289186293725,53.22533701161506,53.22533701161506,-0.8165853658536589,14.634146341463413,,REG,17
2019,REG,17,week,15,1,Mitchell Trubisky,QB,0810,00-0033869,Mitchell Trubisky,M.Trubisky,TRU215336,QB,QB,10,0810,2019,44814,32005452-5521-5336-8519-c8cb45ea9b74,Mitchell,Trubisky,Mitchell,QB,QB,10,ACT,https://static.www.nfl.com/image/private/{formatInstructions}/league/yxl8earcwsagar5mbjfi,37,26,0,70.27027027027027,64.31837837837837,5.951891891891904,207,0,83.95270270270271,2.436945945945946,5.800857142857142,3.933846153846152,-1.8670109890109896,18.679992439043655,33.952356324708894,29.518545018343975,-2.484857142857144,16.216216216216218,,REG,17
2019,REG,17,week,15,1,Andy Dalton,QB,0920,00-0027973,Andy Dalton,A.Dalton,DAL659900,QB,QB,14,0920,2019,37110,32004441-4c65-9900-551d-a31a0423b3ca,Andrew,Dalton,Andy,QB,QB,14,ACT,https://static.www.nfl.com/image/private/{formatInstructions}/league/fex1enmwhsyid5jyue7t,28,16,1,57.14285714285714,63.57464285714285,-6.431785714285709,190,1,75.0,2.789285714285714,8.63148148148148,6.5856249999999985,-2.045856481481481,20.902487634731276,54.290885054491426,40.27461979957105,-0.4796296296296301,25.0,,REG,17
2019,REG,17,week,15,1,Baker Mayfield,QB,1050,00-0034855,Baker Mayfield,B.Mayfield,MAY483453,QB,QB,6,1050,2019,46073,32004d41-5948-3453-e6ac-1ecff99fdcf6,Baker,Mayfield,Baker,QB,QB,06,ACT,https://static.www.nfl.com/image/private/{formatInstructions}/league/mrajlbudbl0hcfzmrqz3,27,12,3,44.44444444444444,47.9,-3.4555555555555557,279,3,79.62962962962963,3.7705185185185193,16.105833333333333,18.251666666666665,2.145833333333332,28.08818848090247,59.42192356361412,58.05954529618709,5.2725,18.51851851851852,,REG,17
2019,REG,17,week,15,1,Dak Prescott,QB,1200,00-0033077,Dak Prescott,D.Prescott,PRE285723,QB,QB,4,1200,2019,43424,32005052-4528-5723-d1b2-96e92ebc1241,Rayne,Prescott,Dak,QB,QB,04,ACT,https://static.www.nfl.com/image/private/{formatInstructions}/league/httrtiv5us06hh6asf07,33,23,0,69.6969696969697,68.75636363636363,0.940606060606072,303,4,138.00505050505052,2.9090000000000003,6.278181818181818,7.634782608695653,1.356600790513835,20.01621055969841,56.2247712311931,56.2247712311931,-3.418787878787878,9.090909090909092,,REG,17
2019,REG,17,week,15,1,Drew Lock,QB,1400,00-0035704,Drew Lock,D.Lock,LOC374482,QB,QB,3,1400,2019,47825,32004c4f-4337-4482-904c-a47f8df1d41b,Drew,Lock,Drew,QB,QB,03,ACT,https://static.www.nfl.com/image/private/{formatInstructions}/league/q4mm4si16iee7dkz1eso,28,17,0,60.71428571428571,60.80107142857144,-0.08678571428573179,177,1,90.92261904761904,3.1120357142857142,7.101153846153846,6.241176470588236,-0.8599773755656095,19.821480046267133,39.34854508110814,38.05665513415492,-2.206538461538462,21.428571428571427,,REG,17
2019,REG,17,week,15,1,David Blough,QB,1540,00-0035040,David Blough,D.Blough,BLO315389,QB,QB,10,1540,2019,48137,3200424c-4f31-5389-8dc7-e49c9f486370,David,Blough,David,QB,QB,10,ACT,https://static.www.nfl.com/image/private/{formatInstructions}/league/eevnkhj8mhzpolblxpjy,29,12,1,41.37931034482759,60.411379310344834,-19.032068965517247,122,0,39.72701149425288,2.8496551724137933,8.925,6.510833333333333,-2.4141666666666675,21.880574838813452,49.92346342152155,44.5576749842269,-0.28928571428571487,24.137931034482758,,REG,17
2019,REG,17,week,15,1,Aaron Rodgers,QB,1800,00-0023459,Aaron Rodgers,A.Rodgers,ROD339293,QB,QB,12,1800,2019,29851,3200524f-4433-9293-a3cf-ad7758d03003,Aaron,Rodgers,Aaron,QB,QB,12,ACT,https://static.www.nfl.com/image/private/{formatInstructions}/league/ejjiyjumtzwxiffdhkgz,55,27,1,49.09090909090909,56.71927272727272,-7.628363636363623,323,2,72.00757575757576,2.9908909090909095,14.146481481481478,6.793703703703704,-7.352777777777774,28.492965853944366,55.4015920348865,43.35747801706183,5.072407407407407,21.818181818181817,,REG,17
2019,REG,17,week,15,1,Ryan Tannehill,QB,2100,00-0029701,Ryan Tannehill,R.Tannehill,TAN298716,QB,QB,17,2100,2019,38538,32005441-4e29-8716-6443-cc1663c47ac9,Ryan,Tannehill,Ryan,QB,QB,17,ACT,https://static.www.nfl.com/image/private/{formatInstructions}/league/e2b84kobkdgravu7u6qy,20,13,0,65.0,57.33200000000001,7.667999999999992,198,2,130.83333333333334,3.2883500000000003,13.0485,10.299230769230768,-2.749269230769233,27.28857006744256,60.083632546642846,60.083632546642846,4.848500000000001,35.0,,REG,17
2019,REG,17,week,15,1,AJ McCarron,QB,2120,00-0031288,AJ McCarron,A.McCarron,MCC176481,QB,QB,2,2120,2019,41393,32004d43-4317-6481-14f6-641e3cdc7a9a,Raymond,McCarron,A.J.,QB,QB,02,ACT,https://static.www.nfl.com/image/private/{formatInstructions}/league/dnl57azz8yubimlnonih,36,21,1,58.333333333333336,60.50861111111113,-2.1752777777777936,225,0,65.16203703703704,3.023472222222222,8.10375,4.192857142857143,-3.9108928571428567,20.99277775146595,46.981911412798006,34.452502086205584,0.5724999999999997,16.666666666666664,Jr.,REG,17
2019,REG,17,week,15,1,Jacoby Brissett,QB,2200,00-0033119,Jacoby Brissett,J.Brissett,BRI516391,QB,QB,7,2200,2019,43380,32004252-4951-6391-fb1e-f908d9b96e12,Jacoby,Brissett,Jacoby,QB,QB,07,ACT,https://static.www.nfl.com/image/private/{formatInstructions}/league/qbvf9c5eedjgkw9xqwup,25,12,0,48.0,60.0268,-12.026800000000001,162,0,69.08333333333333,3.249800000000001,7.811666666666668,4.749166666666667,-3.062500000000001,21.97102424621862,61.17629034192903,27.275441334651216,-2.3133333333333326,24.0,,REG,17
2019,REG,17,week,15,1,Gardner Minshew,QB,2250,00-0035289,Gardner Minshew,G.Minshew II,MIN604610,QB,QB,15,2250,2019,47961,32004d49-4e60-4610-dc98-dcddea9bb1f6,Gardner,Minshew,Gardner,QB,QB,15,ACT,https://static.www.nfl.com/image/private/{formatInstructions}/league/f8uc5gnrll70ueahgisk,39,27,1,69.23076923076923,78.95641025641027,-9.725641025641039,295,3,106.25,2.710461538461539,5.679230769230768,5.815185185185186,0.13595441595441748,18.230059744460956,53.997290672773566,53.997290672773566,-2.67974358974359,10.256410256410255,,REG,17
2019,REG,17,week,15,1,Patrick Mahomes,QB,2310,00-0033873,Patrick Mahomes,P.Mahomes,MAH401939,QB,QB,15,2310,2019,44822,32004d41-4840-1939-e4c1-bb89191b4e71,Patrick,Mahomes,Patrick,QB,QB,15,ACT,https://static.www.nfl.com/image/private/{formatInstructions}/league/ugt3pz3jk8v1cbuvj3om,25,16,1,64.0,72.7768,-8.776799999999994,174,1,81.08333333333334,2.98816,5.684000000000001,6.660625,0.9766249999999985,18.16379996369556,47.20145018958634,47.20145018958634,-2.835999999999999,8.0,,REG,17
2019,REG,17,week,15,1,Jared Goff,QB,2510,00-0033106,Jared Goff,J.Goff,GOF219636,QB,QB,16,2510,2019,43290,3200474f-4621-9636-7354-d2eb6365d257,Jared,Goff,Jared,QB,QB,16,ACT,https://static.www.nfl.com/image/private/{formatInstructions}/league/kke5xst7v1ciq1udqqyr,45,29,0,64.44444444444444,66.5411111111111,-2.096666666666664,319,3,107.54629629629629,2.7755111111111113,8.432045454545454,6.59689655172414,-1.835148902821314,20.587564860613448,47.3439774416979,38.62233809597757,-0.6588636363636358,15.555555555555555,,REG,17
2019,REG,17,week,15,1,Derek Carr,QB,2520,00-0031280,Derek Carr,D.Carr,CAR358797,QB,QB,4,2520,2019,41265,32004341-5235-8797-3b9a-0d2711c0bc27,Derek,Carr,Derek,QB,QB,04,ACT,https://static.www.nfl.com/image/private/{formatInstructions}/league/chtyn7pw8xqfpnrkd1fq,46,29,0,63.04347826086957,61.317826086956515,1.7256521739130548,391,1,97.28260869565219,2.8950222222222224,7.427073170731709,5.9686206896551735,-1.4584524810765354,19.76647252455188,38.29133061151049,37.0211209986948,-0.9631707317073157,13.043478260869565,,REG,17
2019,REG,17,week,15,1,Ryan Fitzpatrick,QB,2700,00-0023682,Ryan Fitzpatrick,R.Fitzpatrick,FIT792915,QB,QB,14,2700,2019,30078,32004649-5479-2915-c998-f50119c2fdd4,Ryan,Fitzpatrick,Ryan,QB,QB,14,ACT,https://static.www.nfl.com/image/private/{formatInstructions}/league/joilglqul2ldsy2pfjey,41,28,0,68.29268292682927,62.98048780487804,5.312195121951234,320,1,99.64430894308943,2.5254146341463417,8.63439024390244,7.014642857142857,-1.619747386759582,19.99420182328436,46.01965341025507,36.57383354257522,0.04902439024390222,21.951219512195124,,REG,17
2019,REG,17,week,15,1,Sean Mannion,QB,3000,00-0032245,Sean Mannion,S.Mannion,MAN548238,QB,QB,4,3000,2019,42432,32004d41-4e54-8238-75bc-0c066cdf649e,Sean,Mannion,Sean,QB,QB,04,ACT,https://static.www.nfl.com/image/private/{formatInstructions}/league/qu4kwqrvk5urqxx5go3e,21,12,2,57.14285714285714,62.563809523809525,-5.420952380952386,126,0,35.11904761904761,2.6724761904761904,6.261428571428569,4.731666666666666,-1.5297619047619033,19.60820413905644,68.97234590761721,42.254529934670906,-2.3100000000000023,14.285714285714285,,REG,17
2019,REG,17,week,15,1,Tom Brady,QB,3200,00-0019596,Tom Brady,T.Brady,BRA371156,QB,QB,12,3200,2019,25511,32004252-4137-1156-7ed0-8b9e44948f13,Tom,Brady,Tom,QB,QB,12,ACT,https://static.www.nfl.com/image/private/{formatInstructions}/league/apkxya5ptb0zalrskshq,29,16,1,55.172413793103445,63.03068965517241,-7.858275862068965,221,2,88.43390804597702,2.948724137931035,10.714827586206896,7.801250000000003,-2.913577586206893,23.496048906870012,53.07147067869892,48.6818621254364,1.2320689655172417,17.24137931034483,Jr.,REG,17
2019,REG,17,week,15,1,Drew Brees,QB,3300,00-0020531,Drew Brees,D.Brees,BRE229498,QB,QB,9,3300,2019,26250,32004252-4522-9498-de45-55dc89e02748,Drew,Brees,Drew,QB,QB,09,ACT,https://static.www.nfl.com/image/private/{formatInstructions}/league/i20xlpzdmn7xubotijjd,30,19,0,63.33333333333333,63.99500000000001,-0.6616666666666831,253,3,123.33333333333334,3.0555000000000003,8.633928571428573,5.988947368421052,-2.6449812030075206,22.417850157724217,49.5708513140535,33.807957643134856,1.169642857142857,10.0,,REG,17
2019,REG,17,week,15,1,Daniel Jones,QB,3410,00-0035710,Daniel Jones,D.Jones,JON165462,QB,QB,8,3410,2019,47789,32004a4f-4e16-5462-39a4-3b4fa743c66f,Daniel,Jones,Daniel,QB,QB,08,ACT,https://static.www.nfl.com/image/private/{formatInstructions}/league/zgxgwbz4fsqrkxewbdz2,47,28,1,59.57446808510638,59.964042553191476,-0.3895744680850939,301,1,76.64007092198582,2.6981276595744674,10.891914893617026,8.187500000000002,-2.704414893617024,23.027558743828667,46.70404372214466,43.643393543582285,2.3600000000000008,31.914893617021278,,REG,17
2019,REG,17,week,15,1,Sam Darnold,QB,3430,00-0034869,Sam Darnold,S.Darnold,DAR466141,QB,QB,14,3430,2019,46072,32004441-5246-6141-9e5c-6e7d32a03e33,Sam,Darnold,Sam,QB,QB,14,ACT,https://static.www.nfl.com/image/private/{formatInstructions}/league/eq43mbsq4xhpm9sfh0yl,36,23,1,63.888888888888886,62.857222222222234,1.031666666666652,199,1,76.04166666666666,3.107722222222222,6.838484848484849,5.041739130434783,-1.796745718050066,20.533198134582516,36.599961748613886,36.599961748613886,-1.676666666666667,16.666666666666664,,REG,17
2019,REG,17,week,15,1,Carson Wentz,QB,3700,00-0032950,Carson Wentz,C.Wentz,WEN615770,QB,QB,11,3700,2019,43291,32005745-4e61-5770-9c68-1652f876bc72,Carson,Wentz,Carson,QB,QB,11,ACT,https://static.www.nfl.com/image/private/{formatInstructions}/league/e0lkzdsozcwd6jwr1mju,40,23,0,57.49999999999999,65.1085,-7.608500000000014,289,1,88.43749999999999,2.6531499999999997,7.630499999999998,6.539999999999999,-1.0904999999999987,20.421944523108237,49.34394593057997,43.304809201750324,-1.7695000000000007,20.0,,REG,17
2019,REG,17,week,15,1,Kyler Murray,QB,3800,00-0035228,Kyler Murray,K.Murray,MUR670413,QB,QB,1,3800,2019,47784,32004d55-5267-0413-8d36-a5c3fd781aa0,Kyler,Murray,Kyler,QB,QB,01,ACT,https://static.www.nfl.com/image/private/{formatInstructions}/league/xg9gslvksigyhrkos7xu,42,26,2,61.904761904761905,61.58476190476192,0.3199999999999861,325,2,81.94444444444446,2.6739756097560976,10.117631578947368,6.931153846153847,-3.186477732793521,23.827505055742307,52.799080484417516,45.37146680458986,0.45973684210526333,19.047619047619047,,REG,17
2019,REG,17,week,15,1,Devlin Hodges,QB,3900,00-0035577,Devlin Hodges,D.Hodges,HOD363523,QB,QB,6,3900,2019,48728,3200484f-4436-3523-9f45-2df444e0e2ab,Devlin,Hodges,Devlin,QB,QB,06,ACT,https://static.www.nfl.com/image/private/{formatInstructions}/league/ehkdoer4nv2qp2ddam83,25,9,0,36.0,55.2396,-19.239600000000003,95,0,47.91666666666667,3.10868,6.2665000000000015,2.392222222222223,-3.8742777777777784,20.545335071707456,46.24029519801966,40.625100615260024,-2.783499999999999,8.0,,REG,17
2019,REG,17,week,15,1,Philip Rivers,QB,4400,00-0022942,Philip Rivers,P.Rivers,RIV651634,QB,QB,17,4400,2019,28956,32005249-5665-1634-a192-77c9c8e6262e,Philip,Rivers,Philip,QB,QB,17,ACT,https://static.www.nfl.com/image/private/{formatInstructions}/league/adapxtphf15elrdudiix,46,31,2,67.3913043478261,60.73260869565218,6.658695652173911,281,2,80.07246376811595,2.461695652173913,6.860227272727273,3.313870967741935,-3.5463563049853377,19.705780042552473,48.47666861491206,31.835133107935956,-2.6625,17.391304347826086,,REG,17
2019,REG,17,week,15,1,Jimmy Garoppolo,QB,4500,00-0031345,Jimmy Garoppolo,J.Garoppolo,GAR363225,QB,QB,10,4500,2019,41291,32004741-5236-3225-90e6-5bfdba41064c,James,Garoppolo,Jimmy,QB,QB,10,ACT,https://static.www.nfl.com/image/private/{formatInstructions}/league/hebg9avbsul4u2olmct8,22,18,0,81.81818181818183,73.93818181818183,7.8799999999999955,285,0,118.75,2.6597272727272725,6.006363636363636,7.034999999999998,1.0286363636363625,18.69632833431442,39.82032144521187,39.82032144521187,-3.9481818181818173,9.090909090909092,,REG,17
2019,REG,17,week,15,1,Russell Wilson,QB,4600,00-0029263,Russell Wilson,R.Wilson,WIL777781,QB,QB,3,4600,2019,38605,32005749-4c77-7781-795c-94c753706d1d,Russell,Wilson,Russell,QB,QB,03,ACT,https://static.www.nfl.com/image/private/{formatInstructions}/league/rrpzsqysodir9laitnus,40,25,0,62.5,59.34250000000001,3.1574999999999918,233,2,95.10416666666667,2.9939743589743606,7.1594736842105275,6.2972,-0.8622736842105274,20.87599786036964,39.192491627861585,35.10653642842028,-1.1563157894736835,27.500000000000004,,REG,17
2019,REG,17,week,15,1,Jameis Winston,QB,4900,00-0031503,Jameis Winston,J.Winston,WIN623708,QB,QB,3,4900,2019,42344,32005749-4e62-3708-9650-e59a3f7bea83,Jameis,Winston,Jameis,QB,QB,03,ACT,https://static.www.nfl.com/image/private/{formatInstructions}/league/iurpf1pdjrjfowtksptf,24,13,2,54.166666666666664,54.510416666666664,-0.34375,201,2,75.17361111111111,2.782583333333333,11.816521739130433,10.827692307692306,-0.988829431438127,24.79315325442028,45.73076426214632,45.73076426214632,2.251304347826087,33.33333333333333,,REG,17
2019,REG,17,week,15,1,Case Keenum,QB,5110,00-0028986,Case Keenum,C.Keenum,KEE690598,QB,QB,8,5110,2019,38937,32004b45-4569-0598-1a82-7cad5305e148,Casey,Keenum,Case,QB,QB,08,ACT,https://static.www.nfl.com/image/private/{formatInstructions}/league/qnyuz76tdcsqxn1bzse1,37,18,1,48.64864864864865,58.20945945945947,-9.560810810810814,206,1,63.56981981981983,2.846108108108108,6.469428571428572,5.723333333333333,-0.746095238095239,19.564160817632732,38.46897581168493,37.53671535976476,-2.444857142857143,29.72972972972973,,REG,17
